* Measurement data measured by REW V5.40 beta 133
* Source: EXCL: Behringer UMC22 (USB Audio CODEC ), MICROPHONE (Master Volume), L, Volume: 1.000
* Format: 256k Log Swept Sine, 1 sweep at -20.0 dBFS using a loopback as calibration and timing reference
* Dated: Sep 6, 2026, 6:54:03 PM
* REW Settings:
*  C-weighting compensation: Off
*  Target level: 75.0 dB
* Note: DELAY 3.0067 ms (1.031 m, 3 ft 4.6 in) relative to Loopback as cal ref from  L to MICROPHONE (Master Volume) R with no timing offset
* Measurement: SB26-IW-000deg-tweeter-axis-1m-U22-260906-C2
* Smoothing: None
* Frequency Step: 0.36621097 Hz
* Start Frequency: 500.0 Hz
*
* Freq(Hz)	SPL(dB)	Phase(degrees)
499.877960	73.577	-38.4272
500.244171	73.595	-38.8673
500.610382	73.607	-39.4702
500.976593	73.596	-40.0189
501.342804	73.592	-40.4739
501.709015	73.590	-40.9883
502.075226	73.575	-41.4431
502.441437	73.571	-41.8040
502.807648	73.579	-42.2140
503.173859	73.586	-42.6525
503.540070	73.600	-43.1366
503.906281	73.604	-43.7234
504.272492	73.587	-44.2728
504.638703	73.567	-44.6843
505.004914	73.561	-44.9818
505.371125	73.588	-45.2915
505.737336	73.631	-45.8887
506.103547	73.627	-46.6782
506.469758	73.588	-47.1790
506.835969	73.587	-47.4597
507.202180	73.612	-47.9430
507.568391	73.614	-48.5358
507.934601	73.608	-49.0027
508.300812	73.616	-49.4585
508.667023	73.624	-49.9753
509.033234	73.629	-50.5017
509.399445	73.627	-51.0522
509.765656	73.613	-51.5537
510.131867	73.604	-51.9275
510.498078	73.615	-52.3169
510.864289	73.623	-52.8188
511.230500	73.616	-53.2781
511.596711	73.619	-53.6423
511.962922	73.638	-54.1060
512.329133	73.639	-54.6842
512.695344	73.621	-55.1440
513.061555	73.619	-55.4688
513.427766	73.639	-55.8730
513.793977	73.655	-56.4330
514.160188	73.650	-57.0383
514.526399	73.629	-57.5327
514.892610	73.621	-57.8906
515.258821	73.635	-58.3147
515.625032	73.637	-58.8662
515.991243	73.626	-59.3135
516.357454	73.637	-59.6936
516.723665	73.655	-60.2743
517.089876	73.643	-60.9058
517.456087	73.638	-61.3364
517.822298	73.662	-61.8877
518.188509	73.656	-62.6339
518.554720	73.619	-63.1168
518.920931	73.624	-63.3643
519.287141	73.668	-63.8694
519.653352	73.683	-64.6193
520.019563	73.667	-65.2644
520.385774	73.655	-65.7803
520.751985	73.652	-66.2903
521.118196	73.650	-66.8411
521.484407	73.635	-67.3911
521.850618	73.616	-67.7910
522.216829	73.629	-68.1254
522.583040	73.657	-68.6931
522.949251	73.650	-69.3772
523.315462	73.627	-69.8379
523.681673	73.635	-70.2114
524.047884	73.654	-70.7744
524.414095	73.647	-71.3884
524.780306	73.634	-71.8311
525.146517	73.650	-72.2257
525.512728	73.678	-72.8054
525.878939	73.684	-73.5078
526.245150	73.670	-74.1212
526.611361	73.659	-74.6462
526.977572	73.651	-75.1360
527.343783	73.652	-75.5669
527.709994	73.671	-76.0591
528.076205	73.681	-76.6888
528.442416	73.673	-77.2849
528.808627	73.668	-77.8026
529.174838	73.665	-78.3511
529.541049	73.653	-78.8635
529.907260	73.650	-79.2900
530.273470	73.661	-79.7720
530.639681	73.664	-80.3547
531.005892	73.650	-80.8789
531.372103	73.648	-81.2837
531.738314	73.668	-81.7883
532.104525	73.666	-82.4688
532.470736	73.633	-82.9659
532.836947	73.636	-83.2242
533.203158	73.678	-83.7458
533.569369	73.679	-84.5332
533.935580	73.646	-85.0632
534.301791	73.649	-85.4393
534.668002	73.663	-86.0281
535.034213	73.651	-86.6162
535.400424	73.648	-87.0682
535.766635	73.660	-87.6438
536.132846	73.647	-88.2726
536.499057	73.631	-88.7278
536.865268	73.638	-89.1807
537.231479	73.642	-89.7256
537.597690	73.633	-90.2043
537.963901	73.629	-90.6144
538.330112	73.633	-91.0398
538.696323	73.641	-91.4741
539.062534	73.654	-91.9890
539.428745	73.647	-92.5815
539.794956	73.622	-93.0166
540.161167	73.620	-93.2849
540.527378	73.646	-93.6854
540.893589	73.658	-94.2700
541.259800	73.644	-94.7983
541.626010	73.633	-95.1882
541.992221	73.637	-95.5551
542.358432	73.649	-95.9751
542.724643	73.662	-96.4668
543.090854	73.666	-97.0315
543.457065	73.651	-97.5770
543.823276	73.633	-97.9929
544.189487	73.630	-98.3540
544.555698	73.636	-98.8011
544.921909	73.631	-99.2914
545.288120	73.619	-99.7123
545.654331	73.616	-100.0787
546.020542	73.624	-100.4739
546.386753	73.635	-100.9541
546.752964	73.636	-101.5002
547.119175	73.622	-102.0054
547.485386	73.611	-102.4082
547.851597	73.617	-102.8308
548.217808	73.618	-103.3812
548.584019	73.595	-103.8726
548.950230	73.585	-104.1777
549.316441	73.608	-104.6147
549.682652	73.602	-105.2776
550.048863	73.560	-105.7029
550.415074	73.558	-105.8743
550.781285	73.594	-106.2910
551.147496	73.600	-106.9167
551.513707	73.587	-107.4060
551.879918	73.586	-107.8477
552.246129	73.583	-108.3535
552.612339	73.571	-108.8058
552.978550	73.565	-109.1959
553.344761	73.567	-109.5837
553.710972	73.577	-110.0093
554.077183	73.583	-110.5062
554.443394	73.577	-110.9666
554.809605	73.583	-111.3374
555.175816	73.607	-111.8225
555.542027	73.613	-112.4828
555.908238	73.587	-113.0580
556.274449	73.565	-113.4355
556.640660	73.565	-113.7957
557.006871	73.570	-114.2313
557.373082	73.574	-114.6919
557.739293	73.577	-115.2141
558.105504	73.560	-115.7737
558.471715	73.527	-116.1799
558.837926	73.523	-116.4020
559.204137	73.559	-116.7656
559.570348	73.587	-117.4231
559.936559	73.574	-118.1100
560.302770	73.547	-118.5732
560.668981	73.548	-118.9243
561.035192	73.566	-119.4332
561.401403	73.561	-120.0612
561.767614	73.538	-120.5226
562.133825	73.542	-120.8750
562.500036	73.560	-121.4092
562.866247	73.550	-122.0203
563.232458	73.530	-122.4514
563.598669	73.534	-122.8156
563.964879	73.549	-123.2922
564.331090	73.556	-123.8477
564.697301	73.552	-124.3982
565.063512	73.547	-124.8824
565.429723	73.556	-125.3917
565.795934	73.552	-126.0535
566.162145	73.511	-126.6008
566.528356	73.488	-126.8235
566.894567	73.519	-127.1367
567.260778	73.539	-127.7717
567.626989	73.523	-128.3416
567.993200	73.521	-128.7646
568.359411	73.531	-129.3179
568.725622	73.519	-129.9187
569.091833	73.500	-130.3979
569.458044	73.491	-130.8407
569.824255	73.484	-131.2852
570.190466	73.483	-131.7229
570.556677	73.484	-132.2014
570.922888	73.481	-132.6938
571.289099	73.476	-133.1677
571.655310	73.473	-133.6456
572.021521	73.467	-134.1144
572.387732	73.461	-134.5531
572.753943	73.462	-134.9639
573.120154	73.474	-135.4073
573.486365	73.483	-135.9771
573.852576	73.468	-136.5518
574.218787	73.449	-136.9269
574.584998	73.464	-137.2678
574.951209	73.487	-137.8459
575.317419	73.476	-138.5031
575.683630	73.450	-138.9702
576.049841	73.445	-139.3423
576.416052	73.450	-139.7954
576.782263	73.448	-140.2764
577.148474	73.450	-140.7349
577.514685	73.456	-141.2712
577.880896	73.442	-141.8462
578.247107	73.418	-142.2515
578.613318	73.424	-142.5574
578.979529	73.448	-143.0676
579.345740	73.443	-143.7095
579.711951	73.420	-144.1599
580.078162	73.426	-144.5225
580.444373	73.442	-145.0537
580.810584	73.430	-145.6199
581.176795	73.415	-146.0266
581.543006	73.419	-146.4172
581.909217	73.425	-146.9203
582.275428	73.416	-147.4358
582.641639	73.404	-147.8730
583.007850	73.400	-148.2754
583.374061	73.401	-148.7329
583.740272	73.390	-149.2064
584.106483	73.375	-149.5557
584.472694	73.384	-149.8525
584.838905	73.407	-150.3110
585.205116	73.410	-150.8872
585.571327	73.394	-151.3787
585.937538	73.385	-151.7751
586.303748	73.385	-152.1932
586.669959	73.381	-152.6526
587.036170	73.369	-153.0559
587.402381	73.370	-153.3979
587.768592	73.385	-153.8383
588.134803	73.385	-154.3845
588.501014	73.371	-154.8525
588.867225	73.368	-155.2759
589.233436	73.363	-155.7828
589.599647	73.341	-156.2339
589.965858	73.330	-156.5548
590.332069	73.339	-156.9490
590.698280	73.339	-157.4465
591.064491	73.329	-157.8788
591.430702	73.330	-158.2920
591.796913	73.329	-158.7837
592.163124	73.315	-159.2202
592.529335	73.316	-159.5737
592.895546	73.330	-160.0469
593.261757	73.324	-160.6127
593.627968	73.305	-161.0464
593.994179	73.302	-161.4011
594.360390	73.306	-161.8376
594.726601	73.301	-162.2844
595.092812	73.297	-162.6677
595.459023	73.303	-163.0469
595.825234	73.316	-163.4824
596.191445	73.325	-164.0259
596.557656	73.310	-164.5918
596.923867	73.284	-164.9873
597.290078	73.280	-165.2855
597.656288	73.290	-165.6949
598.022499	73.290	-166.1738
598.388710	73.285	-166.6364
598.754921	73.274	-167.1077
599.121132	73.256	-167.5200
599.487343	73.247	-167.8447
599.853554	73.252	-168.2271
600.219765	73.250	-168.6887
600.585976	73.241	-169.0812
600.952187	73.248	-169.4512
601.318398	73.257	-169.9756
601.684609	73.238	-170.5060
602.050820	73.222	-170.8254
602.417031	73.241	-171.2083
602.783242	73.242	-171.8352
603.149453	73.207	-172.3011
603.515664	73.203	-172.5847
603.881875	73.218	-173.0977
604.248086	73.194	-173.6335
604.614297	73.181	-173.8918
604.980508	73.209	-174.3000
605.346719	73.206	-174.9379
605.712930	73.179	-175.3402
606.079141	73.188	-175.6650
606.445352	73.198	-176.2239
606.811563	73.176	-176.7228
607.177774	73.168	-177.0570
607.543985	73.178	-177.5059
607.910196	73.170	-178.0365
608.276407	73.150	-178.4595
608.642617	73.142	-178.8035
609.008828	73.147	-179.1583
609.375039	73.160	-179.5840
609.741250	73.170	179.8885
610.107461	73.164	179.3162
610.473672	73.144	178.8212
610.839883	73.130	178.4595
611.206094	73.141	178.0720
611.572305	73.148	177.5038
611.938516	73.124	176.9531
612.304727	73.100	176.6249
612.670938	73.108	176.3218
613.037149	73.122	175.8427
613.403360	73.115	175.3254
613.769571	73.101	174.9421
614.135782	73.106	174.6199
614.501993	73.126	174.1812
614.868204	73.132	173.6355
615.234415	73.124	173.1377
615.600626	73.120	172.6860
615.966837	73.113	172.2136
616.333048	73.101	171.8008
616.699259	73.102	171.4258
617.065470	73.109	170.9363
617.431681	73.097	170.3986
617.797892	73.076	169.9675
618.164103	73.064	169.5990
618.530314	73.058	169.2253
618.896525	73.058	168.8363
619.262736	73.060	168.3778
619.628947	73.048	167.9054
619.995157	73.035	167.5508
620.361368	73.046	167.1946
620.727579	73.058	166.6467
621.093790	73.037	166.0795
621.460001	73.011	165.7291
621.826212	73.015	165.4324
622.192423	73.027	164.9880
622.558634	73.025	164.5171
622.924845	73.025	164.0918
623.291056	73.027	163.6150
623.657267	73.018	163.1599
624.023478	73.017	162.7993
624.389689	73.033	162.3514
624.755900	73.032	161.7808
625.122111	73.011	161.3168
625.488322	73.002	160.9814
625.854533	73.009	160.5981
626.220744	73.014	160.1445
626.586955	73.013	159.6831
626.953166	73.008	159.2361
627.319377	73.002	158.8385
627.685588	73.002	158.4410
628.051799	72.999	157.9888
628.418010	72.986	157.5620
628.784221	72.977	157.2097
629.150432	72.976	156.8259
629.516643	72.966	156.4231
629.882854	72.959	156.1147
630.249065	72.971	155.7922
630.615276	72.985	155.3206
630.981486	72.979	154.8193
631.347697	72.966	154.3973
631.713908	72.956	154.0249
632.080119	72.953	153.6976
632.446330	72.966	153.3236
632.812541	72.971	152.7993
633.178752	72.949	152.3220
633.544963	72.934	152.0397
633.911174	72.947	151.7076
634.277385	72.952	151.2156
634.643596	72.937	150.7825
635.009807	72.929	150.4368
635.376018	72.927	150.0660
635.742229	72.925	149.7161
636.108440	72.935	149.3431
636.474651	72.940	148.8469
636.840862	72.924	148.3767
637.207073	72.909	148.0408
637.573284	72.910	147.6948
637.939495	72.909	147.2925
638.305706	72.904	146.9314
638.671917	72.910	146.5835
639.038128	72.921	146.1528
639.404339	72.921	145.6538
639.770550	72.908	145.1881
640.136761	72.894	144.8138
640.502972	72.890	144.4856
640.869183	72.898	144.1211
641.235394	72.907	143.6650
641.601605	72.901	143.1504
641.967816	72.879	142.7314
642.334026	72.869	142.4476
642.700237	72.880	142.1068
643.066448	72.884	141.6477
643.432659	72.874	141.2328
643.798870	72.872	140.8728
644.165081	72.874	140.4673
644.531292	72.870	140.0679
644.897503	72.871	139.6921
645.263714	72.874	139.2427
645.629925	72.861	138.7954
645.996136	72.849	138.4795
646.362347	72.861	138.1455
646.728558	72.868	137.6530
647.094769	72.852	137.1871
647.460980	72.841	136.8606
647.827191	72.848	136.4844
648.193402	72.845	136.0122
648.559613	72.829	135.6245
648.925824	72.827	135.3163
649.292035	72.836	134.9277
649.658246	72.835	134.4653
650.024457	72.823	134.0525
650.390668	72.815	133.7249
650.756879	72.820	133.4083
651.123090	72.833	133.0122
651.489301	72.836	132.5511
651.855512	72.829	132.1165
652.221723	72.828	131.7339
652.587934	72.833	131.2991
652.954145	72.826	130.8306
653.320356	72.814	130.4729
653.686566	72.822	130.1602
654.052777	72.837	129.6995
654.418988	72.828	129.1936
654.785199	72.813	128.8367
655.151410	72.818	128.4973
655.517621	72.820	128.0531
655.883832	72.809	127.6642
656.250043	72.811	127.3409
656.616254	72.819	126.9159
656.982465	72.812	126.4756
657.348676	72.808	126.1409
657.714887	72.820	125.7471
658.081098	72.821	125.2393
658.447309	72.805	124.8147
658.813520	72.802	124.4790
659.179731	72.810	124.0637
659.545942	72.807	123.5950
659.912153	72.797	123.1976
660.278364	72.799	122.8330
660.644575	72.807	122.3884
661.010786	72.800	121.9041
661.376997	72.786	121.5288
661.743208	72.792	121.2166
662.109419	72.811	120.7600
662.475630	72.807	120.2126
662.841841	72.790	119.7930
663.208052	72.790	119.4365
663.574263	72.793	118.9883
663.940474	72.782	118.5344
664.306685	72.768	118.1809
664.672895	72.767	117.8818
665.039106	72.779	117.5419
665.405317	72.793	117.0990
665.771528	72.792	116.6223
666.137739	72.786	116.2166
666.503950	72.789	115.8196
666.870161	72.790	115.3678
667.236372	72.781	114.9459
667.602583	72.776	114.5835
667.968794	72.780	114.2089
668.335005	72.785	113.7903
668.701216	72.786	113.3440
669.067427	72.782	112.9097
669.433638	72.778	112.5088
669.799849	72.779	112.0967
670.166060	72.777	111.6550
670.532271	72.769	111.2378
670.898482	72.765	110.8621
671.264693	72.768	110.4666
671.630904	72.767	110.0178
671.997115	72.755	109.6050
672.363326	72.750	109.2979
672.729537	72.765	108.9501
673.095748	72.776	108.4445
673.461959	72.762	107.9763
673.828170	72.756	107.6609
674.194381	72.772	107.2712
674.560592	72.775	106.7435
674.926803	72.758	106.3114
675.293014	72.753	105.9844
675.659225	72.759	105.5929
676.025435	72.757	105.1750
676.391646	72.755	104.8105
676.757857	72.760	104.4545
677.124068	72.771	104.0728
677.490279	72.785	103.6228
677.856490	72.780	103.1089
678.222701	72.756	102.7322
678.588912	72.751	102.5079
678.955123	72.768	102.1685
679.321334	72.767	101.7192
679.687545	72.752	101.3877
680.053756	72.754	101.1337
680.419967	72.768	100.8030
680.786178	72.777	100.3950
681.152389	72.775	99.9722
681.518600	72.766	99.6112
681.884811	72.765	99.3059
682.251022	72.772	98.9255
682.617233	72.764	98.5079
682.983444	72.752	98.2180
683.349655	72.762	97.9368
683.715866	72.771	97.4927
684.082077	72.754	97.0861
684.448288	72.747	96.8600
684.814499	72.769	96.5461
685.180710	72.778	96.0322
685.546921	72.759	95.5972
685.913132	72.750	95.3145
686.279343	72.758	94.9711
686.645554	72.758	94.5535
687.011764	72.749	94.1877
687.377975	72.746	93.8667
687.744186	72.749	93.5533
688.110397	72.758	93.2224
688.476608	72.770	92.8218
688.842819	72.770	92.3967
689.209030	72.767	92.0308
689.575241	72.770	91.6846
689.941452	72.775	91.2987
690.307663	72.773	90.9050
690.673874	72.769	90.5571
691.040085	72.771	90.2454
691.406296	72.780	89.8936
691.772507	72.782	89.4902
692.138718	72.777	89.1368
692.504929	72.780	88.8369
692.871140	72.791	88.4741
693.237351	72.792	88.0634
693.603562	72.788	87.7107
693.969773	72.792	87.3781
694.335984	72.797	86.9865
694.702195	72.791	86.6113
695.068406	72.791	86.3135
695.434617	72.805	85.9587
695.800828	72.806	85.4977
696.167039	72.789	85.1404
696.533250	72.791	84.9180
696.899461	72.813	84.5668
697.265672	72.817	84.0928
697.631883	72.806	83.7393
697.998094	72.811	83.4421
698.364304	72.819	83.0627
698.730515	72.819	82.7117
699.096726	72.829	82.3835
699.462937	72.839	81.9596
699.829148	72.832	81.5544
700.195359	72.830	81.2483
700.561570	72.839	80.9114
700.927781	72.843	80.5364
701.293992	72.847	80.1990
701.660203	72.857	79.8329
702.026414	72.861	79.4163
702.392625	72.857	79.0331
702.758836	72.854	78.6873
703.125047	72.853	78.3627
703.491258	72.858	78.0670
703.857469	72.871	77.7239
704.223680	72.877	77.2996
704.589891	72.876	76.9249
704.956102	72.887	76.5747
705.322313	72.899	76.1218
705.688524	72.895	75.6792
706.054735	72.895	75.3455
706.420946	72.909	74.9583
706.787157	72.913	74.4875
707.153368	72.907	74.0952
707.519579	72.911	73.7493
707.885790	72.919	73.3469
708.252001	72.921	72.9358
708.618212	72.920	72.5559
708.984423	72.921	72.2163
709.350634	72.935	71.8887
709.716844	72.954	71.4454
710.083055	72.954	70.9307
710.449266	72.941	70.5459
710.815477	72.945	70.2180
711.181688	72.950	69.7974
711.547899	72.942	69.4105
711.914110	72.942	69.1211
712.280321	72.958	68.7823
712.646532	72.970	68.3562
713.012743	72.974	67.9103
713.378954	72.969	67.4943
713.745165	72.966	67.1510
714.111376	72.976	66.8191
714.477587	72.989	66.3976
714.843798	72.992	65.9324
715.210009	72.985	65.5200
715.576220	72.982	65.1724
715.942431	72.987	64.8379
716.308642	72.997	64.4604
716.674853	73.004	64.0637
717.041064	73.011	63.6776
717.407275	73.020	63.2568
717.773486	73.020	62.8357
718.139697	73.022	62.4692
718.505908	73.029	62.0811
718.872119	73.027	61.6908
719.238330	73.030	61.3931
719.604541	73.051	61.0642
719.970752	73.068	60.6052
720.336963	73.068	60.1533
720.703173	73.065	59.7883
721.069384	73.070	59.4741
721.435595	73.089	59.1396
721.801806	73.110	58.6729
722.168017	73.105	58.1744
722.534228	73.094	57.8542
722.900439	73.110	57.5710
723.266650	73.130	57.1313
723.632861	73.133	56.6772
723.999072	73.136	56.2780
724.365283	73.138	55.8409
724.731494	73.130	55.4591
725.097705	73.133	55.1809
725.463916	73.156	54.8199
725.830127	73.168	54.3306
726.196338	73.163	53.8804
726.562549	73.160	53.5247
726.928760	73.168	53.1633
727.294971	73.175	52.7527
727.661182	73.176	52.3719
728.027393	73.185	52.0275
728.393604	73.200	51.6044
728.759815	73.199	51.1509
729.126026	73.195	50.8230
729.492237	73.213	50.5162
729.858448	73.235	50.0632
730.224659	73.237	49.5728
730.590870	73.233	49.1787
730.957081	73.237	48.8335
731.323292	73.248	48.4685
731.689503	73.260	48.0603
732.055713	73.267	47.6494
732.421924	73.272	47.2573
732.788135	73.277	46.8530
733.154346	73.274	46.4551
733.520557	73.270	46.1448
733.886768	73.281	45.8618
734.252979	73.299	45.4910
734.619190	73.307	45.0708
734.985401	73.306	44.6993
735.351612	73.311	44.3958
735.717823	73.330	44.0708
736.084034	73.349	43.6290
736.450245	73.347	43.1819
736.816456	73.344	42.8738
737.182667	73.363	42.5609
737.548878	73.378	42.1183
737.915089	73.376	41.7158
738.281300	73.383	41.4060
738.647511	73.401	41.0098
739.013722	73.403	40.5491
739.379933	73.394	40.2021
739.746144	73.401	39.9263
740.112355	73.419	39.5754
740.478566	73.431	39.1552
740.844777	73.435	38.7290
741.210988	73.433	38.3232
741.577199	73.427	37.9818
741.943410	73.432	37.6959
742.309621	73.448	37.3562
742.675832	73.459	36.9336
743.042042	73.458	36.5411
743.408253	73.462	36.2147
743.774464	73.476	35.8542
744.140675	73.486	35.4324
744.506886	73.486	35.0481
744.873097	73.494	34.7241
745.239308	73.512	34.3469
745.605519	73.522	33.8989
745.971730	73.521	33.5164
746.337941	73.531	33.2040
746.704152	73.552	32.8206
747.070363	73.564	32.3804
747.436574	73.571	31.9794
747.802785	73.580	31.5768
748.168996	73.582	31.1794
748.535207	73.587	30.8616
748.901418	73.605	30.5210
749.267629	73.617	30.0859
749.633840	73.615	29.7258
750.000051	73.627	29.4663
750.366262	73.657	29.0941
750.732473	73.669	28.6104
751.098684	73.666	28.2195
751.464895	73.676	27.9001
751.831106	73.693	27.4962
752.197317	73.695	27.0579
752.563528	73.693	26.7080
752.929739	73.702	26.3885
753.295950	73.715	26.0088
753.662161	73.720	25.6265
754.028372	73.728	25.2903
754.394582	73.746	24.9117
754.760793	73.755	24.4553
755.127004	73.750	24.0605
755.493215	73.755	23.7778
755.859426	73.779	23.4221
756.225637	73.792	22.9456
756.591848	73.789	22.5637
756.958059	73.804	22.2639
757.324270	73.830	21.8115
757.690481	73.830	21.3029
758.056692	73.824	20.9551
758.422903	73.840	20.6174
758.789114	73.850	20.1599
759.155325	73.843	19.7695
759.521536	73.849	19.4910
759.887747	73.870	19.1401
760.253958	73.881	18.7131
760.620169	73.885	18.3435
760.986380	73.898	17.9984
761.352591	73.913	17.5939
761.718802	73.920	17.1929
762.085013	73.930	16.8577
762.451224	73.953	16.4905
762.817435	73.974	16.0244
763.183646	73.981	15.5432
763.549857	73.983	15.1123
763.916068	73.986	14.7222
764.282279	73.994	14.3594
764.648490	74.008	13.9846
765.014701	74.025	13.5560
765.380911	74.034	13.0918
765.747122	74.033	12.6536
766.113333	74.031	12.3011
766.479544	74.042	11.9965
766.845755	74.063	11.6262
767.211966	74.079	11.1931
767.578177	74.090	10.7748
767.944388	74.102	10.3546
768.310599	74.109	9.9187
768.676810	74.112	9.5222
769.043021	74.119	9.1689
769.409232	74.133	8.8010
769.775443	74.147	8.3892
770.141654	74.153	7.9860
770.507865	74.163	7.6399
770.874076	74.184	7.2496
771.240287	74.196	6.7645
771.606498	74.190	6.3691
771.972709	74.202	6.0840
772.338920	74.230	5.6624
772.705131	74.233	5.1456
773.071342	74.223	4.8079
773.437553	74.242	4.5596
773.803764	74.276	4.1313
774.169975	74.288	3.5830
774.536186	74.281	3.1274
774.902397	74.280	2.7802
775.268608	74.289	2.4479
775.634819	74.306	2.0813
776.001030	74.323	1.6577
776.367241	74.333	1.1912
776.733451	74.334	0.7462
777.099662	74.333	0.3704
777.465873	74.341	0.0378
777.832084	74.359	-0.3345
778.198295	74.374	-0.7917
778.564506	74.376	-1.2422
778.930717	74.379	-1.6038
779.296928	74.395	-1.9817
779.663139	74.407	-2.4446
780.029350	74.407	-2.8658
780.395561	74.414	-3.2184
780.761772	74.428	-3.6152
781.127983	74.437	-4.0331
781.494194	74.448	-4.4209
781.860405	74.462	-4.8433
782.226616	74.469	-5.2751
782.592827	74.477	-5.6532
782.959038	74.493	-6.0596
783.325249	74.502	-6.5193
783.691460	74.502	-6.9202
784.057671	74.510	-7.2651
784.423882	74.526	-7.6532
784.790093	74.535	-8.0742
785.156304	74.540	-8.4453
785.522515	74.556	-8.7795
785.888726	74.581	-9.2026
786.254937	74.589	-9.7097
786.621148	74.584	-10.1013
786.987359	74.597	-10.4039
787.353570	74.621	-10.8542
787.719781	74.619	-11.3342
788.085991	74.620	-11.6326
788.452202	74.648	-11.9863
788.818413	74.664	-12.5184
789.184624	74.657	-12.9426
789.550835	74.668	-13.2678
789.917046	74.686	-13.7174
790.283257	74.685	-14.1533
790.649468	74.692	-14.4655
791.015679	74.718	-14.8579
791.381890	74.736	-15.3638
791.748101	74.740	-15.8441
792.114312	74.744	-16.2737
792.480523	74.752	-16.6841
792.846734	74.763	-17.0979
793.212945	74.775	-17.5398
793.579156	74.783	-17.9919
793.945367	74.788	-18.4392
794.311578	74.789	-18.8687
794.677789	74.788	-19.2336
795.044000	74.800	-19.5562
795.410211	74.823	-19.9414
795.776422	74.843	-20.4362
796.142633	74.844	-20.9519
796.508844	74.834	-21.3534
796.875055	74.836	-21.6472
797.241266	74.856	-21.9786
797.607477	74.878	-22.4023
797.973688	74.892	-22.8652
798.339899	74.899	-23.3357
798.706110	74.897	-23.7437
799.072320	74.907	-24.0641
799.438531	74.936	-24.4709
799.804742	74.952	-25.0413
800.170953	74.939	-25.5400
800.537164	74.933	-25.8398
800.903375	74.954	-26.1379
801.269586	74.982	-26.5837
801.635797	74.995	-27.0991
802.002008	74.996	-27.5601
802.368219	75.002	-27.9258
802.734430	75.026	-28.3104
803.100641	75.048	-28.8467
803.466852	75.043	-29.3760
803.833063	75.040	-29.7100
804.199274	75.067	-30.0651
804.565485	75.088	-30.6179
804.931696	75.080	-31.1118
805.297907	75.084	-31.4346
805.664118	75.110	-31.8411
806.030329	75.122	-32.3749
806.396540	75.117	-32.8169
806.762751	75.125	-33.1611
807.128962	75.145	-33.5802
807.495173	75.155	-34.0645
807.861384	75.157	-34.4808
808.227595	75.170	-34.8713
808.593806	75.181	-35.3311
808.960017	75.181	-35.7483
809.326228	75.193	-36.0703
809.692439	75.224	-36.4912
810.058650	75.241	-37.0525
810.424860	75.237	-37.5553
810.791071	75.236	-37.9473
811.157282	75.246	-38.3333
811.523493	75.260	-38.7563
811.889704	75.273	-39.2031
812.255915	75.284	-39.6599
812.622126	75.293	-40.1289
812.988337	75.297	-40.5996
813.354548	75.297	-41.0278
813.720759	75.302	-41.4169
814.086970	75.313	-41.8073
814.453181	75.327	-42.2144
814.819392	75.342	-42.6659
815.185603	75.349	-43.1346
815.551814	75.353	-43.5374
815.918025	75.368	-43.9294
816.284236	75.384	-44.3948
816.650447	75.390	-44.8519
817.016658	75.398	-45.2612
817.382869	75.412	-45.7017
817.749080	75.421	-46.1716
818.115291	75.426	-46.6233
818.481502	75.430	-47.0588
818.847713	75.434	-47.4840
819.213924	75.438	-47.9021
819.580135	75.441	-48.2931
819.946346	75.452	-48.6525
820.312557	75.472	-49.0677
820.678768	75.483	-49.5522
821.044979	75.487	-49.9915
821.411189	75.497	-50.4006
821.777400	75.509	-50.8621
822.143611	75.512	-51.2959
822.509822	75.519	-51.6824
822.876033	75.531	-52.0994
823.242244	75.540	-52.5291
823.608455	75.550	-52.9475
823.974666	75.558	-53.4028
824.340877	75.557	-53.8137
824.707088	75.566	-54.1304
825.073299	75.591	-54.5300
825.439510	75.603	-55.0300
825.805721	75.604	-55.4282
826.171932	75.622	-55.7871
826.538143	75.641	-56.2675
826.904354	75.643	-56.7327
827.270565	75.648	-57.1045
827.636776	75.662	-57.5095
828.002987	75.669	-57.9109
828.369198	75.685	-58.2646
828.735409	75.708	-58.7034
829.101620	75.717	-59.1780
829.467831	75.728	-59.5730
829.834042	75.750	-60.0476
830.200253	75.751	-60.6201
830.566464	75.732	-61.0118
830.932675	75.740	-61.2643
831.298886	75.767	-61.6757
831.665097	75.773	-62.1802
832.031308	75.770	-62.5520
832.397519	75.786	-62.8850
832.763729	75.809	-63.3350
833.129940	75.819	-63.8354
833.496151	75.821	-64.2866
833.862362	75.826	-64.6853
834.228573	75.840	-65.0923
834.594784	75.854	-65.5710
834.960995	75.855	-66.0552
835.327206	75.854	-66.4470
835.693417	75.866	-66.8281
836.059628	75.879	-67.2738
836.425839	75.885	-67.7074
836.792050	75.896	-68.1267
837.158261	75.906	-68.5830
837.524472	75.908	-69.0112
837.890683	75.916	-69.3916
838.256894	75.929	-69.7861
838.623105	75.945	-70.1982
838.989316	75.962	-70.6555
839.355527	75.968	-71.1489
839.721738	75.968	-71.5491
840.087949	75.985	-71.9170
840.454160	76.002	-72.4170
840.820371	75.997	-72.8835
841.186582	76.003	-73.1985
841.552793	76.031	-73.6323
841.919004	76.036	-74.2095
842.285215	76.020	-74.6143
842.651426	76.029	-74.8948
843.017637	76.053	-75.2988
843.383848	76.066	-75.7705
843.750059	76.077	-76.2307
844.116269	76.083	-76.7197
844.482480	76.079	-77.1511
844.848691	76.086	-77.5032
845.214902	76.106	-77.9341
845.581113	76.115	-78.4468
845.947324	76.111	-78.8975
846.313535	76.113	-79.2754
846.679746	76.124	-79.6646
847.045957	76.135	-80.0962
847.412168	76.142	-80.5171
847.778379	76.154	-80.9011
848.144590	76.174	-81.3555
848.510801	76.178	-81.8840
848.877012	76.169	-82.2849
849.243223	76.181	-82.5847
849.609434	76.208	-83.0308
849.975645	76.213	-83.5635
850.341856	76.207	-83.9707
850.708067	76.216	-84.3198
851.074278	76.229	-84.7180
851.440489	76.242	-85.1304
851.806700	76.256	-85.5640
852.172911	76.265	-86.0186
852.539122	76.272	-86.4292
852.905333	76.288	-86.8284
853.271544	76.308	-87.3184
853.637755	76.313	-87.8813
854.003966	76.299	-88.3601
854.370177	76.291	-88.6736
854.736388	76.309	-88.9824
855.102598	76.332	-89.4360
855.468809	76.341	-89.9141
855.835020	76.352	-90.3359
856.201231	76.368	-90.8252
856.567442	76.370	-91.3577
856.933653	76.362	-91.7844
857.299864	76.364	-92.1436
857.666075	76.373	-92.5046
858.032286	76.391	-92.8538
858.398497	76.421	-93.2827
858.764708	76.441	-93.8472
859.130919	76.438	-94.3765
859.497130	76.437	-94.7815
859.863341	76.449	-95.1978
860.229552	76.455	-95.6685
860.595763	76.455	-96.0874
860.961974	76.465	-96.4604
861.328185	76.483	-96.9033
861.694396	76.490	-97.4187
862.060607	76.484	-97.8784
862.426818	76.483	-98.2444
862.793029	76.495	-98.6355
863.159240	76.502	-99.0833
863.525451	76.503	-99.4775
863.891662	76.516	-99.8555
864.257873	76.528	-100.3101
864.624084	76.531	-100.7197
864.990295	76.550	-101.0762
865.356506	76.579	-101.6055
865.722717	76.575	-102.2065
866.088928	76.560	-102.5903
866.455138	76.576	-102.9165
866.821349	76.595	-103.4111
867.187560	76.596	-103.9011
867.553771	76.601	-104.3005
867.919982	76.615	-104.7644
868.286193	76.617	-105.2527
868.652404	76.617	-105.6633
869.018615	76.624	-106.0757
869.384826	76.628	-106.4849
869.751037	76.640	-106.8428
870.117248	76.665	-107.2905
870.483459	76.675	-107.8477
870.849670	76.669	-108.3069
871.215881	76.676	-108.6821
871.582092	76.690	-109.1426
871.948303	76.693	-109.6245
872.314514	76.695	-110.0432
872.680725	76.702	-110.4629
873.046936	76.709	-110.8696
873.413147	76.726	-111.2698
873.779358	76.746	-111.7812
874.145569	76.748	-112.3447
874.511780	76.738	-112.7971
874.877991	76.737	-113.1733
875.244202	76.743	-113.5518
875.610413	76.756	-113.9287
875.976624	76.776	-114.3657
876.342835	76.786	-114.8789
876.709046	76.781	-115.3101
877.075257	76.792	-115.6396
877.441467	76.819	-116.0869
877.807678	76.826	-116.6494
878.173889	76.815	-117.0610
878.540100	76.829	-117.3679
878.906311	76.856	-117.8433
879.272522	76.858	-118.3994
879.638733	76.849	-118.8076
880.004944	76.858	-119.1511
880.371155	76.875	-119.5681
880.737366	76.890	-120.0461
881.103577	76.896	-120.5527
881.469788	76.892	-121.0266
881.835999	76.890	-121.4202
882.202210	76.901	-121.8105
882.568421	76.914	-122.2805
882.934632	76.916	-122.7905
883.300843	76.908	-123.2300
883.667054	76.909	-123.5813
884.033265	76.924	-123.9727
884.399476	76.936	-124.4412
884.765687	76.943	-124.8821
885.131898	76.956	-125.3315
885.498109	76.963	-125.8557
885.864320	76.955	-126.3098
886.230531	76.960	-126.6516
886.596742	76.981	-127.0696
886.962953	76.994	-127.5891
887.329164	76.995	-128.0671
887.695375	76.999	-128.5105
888.061586	77.001	-128.9629
888.427797	77.003	-129.3628
888.794007	77.017	-129.7666
889.160218	77.030	-130.2603
889.526429	77.029	-130.7207
889.892640	77.037	-131.1030
890.258851	77.056	-131.5613
890.625062	77.063	-132.0786
890.991273	77.064	-132.5469
891.357484	77.066	-133.0042
891.723695	77.065	-133.4224
892.089906	77.076	-133.8022
892.456117	77.093	-134.3008
892.822328	77.089	-134.8247
893.188539	77.083	-135.1890
893.554750	77.102	-135.5762
893.920961	77.114	-136.0964
894.287172	77.111	-136.5618
894.653383	77.116	-136.9692
895.019594	77.125	-137.4170
895.385805	77.130	-137.8530
895.752016	77.140	-138.2925
896.118227	77.146	-138.7573
896.484438	77.152	-139.1770
896.850649	77.168	-139.6140
897.216860	77.181	-140.1458
897.583071	77.177	-140.6655
897.949282	77.172	-141.0957
898.315493	77.176	-141.4968
898.681704	77.183	-141.9270
899.047915	77.188	-142.3745
899.414126	77.189	-142.7844
899.780336	77.199	-143.1604
900.146547	77.218	-143.5808
900.512758	77.236	-144.0757
900.878969	77.246	-144.6055
901.245180	77.247	-145.1284
901.611391	77.242	-145.6035
901.977602	77.240	-146.0129
902.343813	77.249	-146.4028
902.710024	77.265	-146.8591
903.076235	77.273	-147.3843
903.442446	77.270	-147.8687
903.808657	77.271	-148.3003
904.174868	77.274	-148.7603
904.541079	77.271	-149.1826
904.907290	77.279	-149.5376
905.273501	77.299	-149.9885
905.639712	77.303	-150.5078
906.005923	77.302	-150.9233
906.372134	77.316	-151.3447
906.738345	77.322	-151.8503
907.104556	77.318	-152.2520
907.470767	77.336	-152.6084
907.836978	77.359	-153.1375
908.203189	77.358	-153.6885
908.569400	77.357	-154.1133
908.935611	77.368	-154.5913
909.301822	77.361	-155.1099
909.668033	77.351	-155.4626
910.034244	77.370	-155.7788
910.400455	77.398	-156.2791
910.766666	77.404	-156.8547
911.132876	77.400	-157.3564
911.499087	77.397	-157.8091
911.865298	77.397	-158.2334
912.231509	77.405	-158.6494
912.597720	77.415	-159.1089
912.963931	77.421	-159.5938
913.330142	77.423	-160.0654
913.696353	77.425	-160.5208
914.062564	77.427	-160.9463
914.428775	77.435	-161.3647
914.794986	77.446	-161.8262
915.161197	77.451	-162.2949
915.527408	77.458	-162.7324
915.893619	77.469	-163.1919
916.259830	77.476	-163.6899
916.626041	77.476	-164.1606
916.992252	77.477	-164.5752
917.358463	77.489	-164.9727
917.724674	77.510	-165.4414
918.090885	77.521	-166.0371
918.457096	77.505	-166.6006
918.823307	77.487	-166.9468
919.189518	77.503	-167.2549
919.555729	77.524	-167.7690
919.921940	77.516	-168.3098
920.288151	77.507	-168.6675
920.654362	77.524	-169.0293
921.020573	77.539	-169.5369
921.386784	77.537	-170.0374
921.752995	77.536	-170.4680
922.119206	77.539	-170.9082
922.485416	77.540	-171.3369
922.851627	77.547	-171.7461
923.217838	77.556	-172.2068
923.584049	77.554	-172.6719
923.950260	77.555	-173.0432
924.316471	77.573	-173.4380
924.682682	77.589	-173.9631
925.048893	77.587	-174.4673
925.415104	77.593	-174.9014
925.781315	77.603	-175.4421
926.147526	77.586	-175.9902
926.513737	77.567	-176.3003
926.879948	77.589	-176.5925
927.246159	77.612	-177.1333
927.612370	77.603	-177.6416
927.978581	77.611	-177.9880
928.344792	77.639	-178.5264
928.711003	77.627	-179.1677
929.077214	77.605	-179.5081
929.443425	77.629	-179.8257
929.809636	77.648	179.5635
930.175847	77.628	179.0623
930.542058	77.634	178.7700
930.908269	77.663	178.2505
931.274480	77.653	177.6492
931.640691	77.640	177.3230
932.006902	77.668	176.9624
932.373113	77.685	176.3630
932.739324	77.673	175.8503
933.105535	77.673	175.4827
933.471745	77.687	175.0479
933.837956	77.695	174.5588
934.204167	77.699	174.0781
934.570378	77.697	173.6086
934.936589	77.695	173.1958
935.302800	77.701	172.7917
935.669011	77.705	172.3459
936.035222	77.705	171.9417
936.401433	77.714	171.5725
936.767644	77.729	171.1479
937.133855	77.743	170.6733
937.500066	77.751	170.1392
937.866277	77.740	169.5999
938.232488	77.721	169.2373
938.598699	77.733	168.9453
938.964910	77.754	168.4595
939.331121	77.749	167.9272
939.697332	77.743	167.5422
940.063543	77.753	167.1348
940.429754	77.756	166.6704
940.795965	77.760	166.2744
941.162176	77.777	165.8267
941.528387	77.784	165.2676
941.894598	77.773	164.7759
942.260809	77.767	164.3984
942.627020	77.776	164.0356
942.993231	77.795	163.5942
943.359442	77.805	163.0574
943.725653	77.799	162.5803
944.091864	77.803	162.1992
944.458075	77.817	161.7356
944.824285	77.815	161.2524
945.190496	77.819	160.8850
945.556707	77.841	160.4385
945.922918	77.846	159.8713
946.289129	77.836	159.4180
946.655340	77.841	159.0239
947.021551	77.847	158.5513
947.387762	77.845	158.1006
947.753973	77.848	157.6699
948.120184	77.847	157.2080
948.486395	77.840	156.8164
948.852606	77.847	156.4539
949.218817	77.856	156.0332
949.585028	77.865	155.6211
949.951239	77.882	155.1489
950.317450	77.882	154.6030
950.683661	77.872	154.2148
951.049872	77.895	153.8572
951.416083	77.917	153.2368
951.782294	77.897	152.6318
952.148505	77.882	152.2783
952.514716	77.895	151.8708
952.880927	77.894	151.3433
953.247138	77.881	150.9553
953.613349	77.892	150.6362
953.979560	77.917	150.1636
954.345771	77.925	149.5791
954.711982	77.912	149.0596
955.078193	77.901	148.6704
955.444404	77.905	148.3181
955.810614	77.919	147.9050
956.176825	77.931	147.4277
956.543036	77.933	146.9277
956.909247	77.930	146.4946
957.275458	77.940	146.0952
957.641669	77.952	145.5688
958.007880	77.939	145.0518
958.374091	77.929	144.7363
958.740302	77.950	144.3789
959.106513	77.963	143.8652
959.472724	77.964	143.4189
959.838935	77.976	142.9688
960.205146	77.976	142.4407
960.571357	77.966	142.0615
960.937568	77.986	141.7029
961.303779	78.004	141.1167
961.669990	77.987	140.5671
962.036201	77.977	140.2114
962.402412	77.987	139.7969
962.768623	77.985	139.3110
963.134834	77.978	138.9204
963.501045	77.986	138.5469
963.867256	77.996	138.0923
964.233467	77.997	137.6104
964.599678	77.993	137.1626
964.965889	77.988	136.7717
965.332100	77.994	136.4043
965.698311	78.007	135.9780
966.064522	78.013	135.4966
966.430733	78.011	135.0410
966.796944	78.010	134.6401
967.163154	78.017	134.2622
967.529365	78.034	133.8538
967.895576	78.051	133.3521
968.261787	78.054	132.7993
968.627998	78.046	132.3315
968.994209	78.048	131.9407
969.360420	78.060	131.4897
969.726631	78.065	130.9868
970.092842	78.063	130.5239
970.459053	78.066	130.0762
970.825264	78.069	129.6050
971.191475	78.067	129.1401
971.557686	78.065	128.6917
971.923897	78.062	128.2598
972.290108	78.061	127.8501
972.656319	78.063	127.4409
973.022530	78.065	127.0259
973.388741	78.070	126.6143
973.754952	78.077	126.1865
974.121163	78.082	125.7397
974.487374	78.087	125.2852
974.853585	78.090	124.8022
975.219796	78.084	124.3267
975.586007	78.075	123.9382
975.952218	78.082	123.5854
976.318429	78.096	123.1362
976.684640	78.096	122.6326
977.050851	78.090	122.2295
977.417062	78.102	121.8662
977.783273	78.121	121.3521
978.149484	78.114	120.7812
978.515694	78.098	120.3794
978.881905	78.106	120.0298
979.248116	78.118	119.5410
979.614327	78.111	119.0581
979.980538	78.109	118.6812
980.346749	78.119	118.2515
980.712960	78.118	117.7725
981.079171	78.114	117.3857
981.445382	78.125	117.0146
981.811593	78.140	116.5481
982.177804	78.145	116.0483
982.544015	78.145	115.5667
982.910226	78.142	115.0986
983.276437	78.137	114.6746
983.642648	78.139	114.2815
984.008859	78.148	113.8438
984.375070	78.150	113.3643
984.741281	78.147	112.9346
985.107492	78.154	112.5342
985.473703	78.165	112.0518
985.839914	78.163	111.5562
986.206125	78.162	111.1523
986.572336	78.176	110.7019
986.938547	78.179	110.1460
987.304758	78.167	109.6814
987.670969	78.169	109.3000
988.037180	78.178	108.8296
988.403391	78.175	108.3423
988.769602	78.174	107.9233
989.135813	78.180	107.4775
989.502023	78.181	107.0107
989.868234	78.183	106.5703
990.234445	78.186	106.0894
990.600656	78.175	105.6226
990.966867	78.167	105.2778
991.333078	78.178	104.9189
991.699289	78.184	104.4448
992.065500	78.172	104.0605
992.431711	78.183	103.8115
992.797922	78.220	103.3865
993.164133	78.231	102.7566
993.530344	78.212	102.2688
993.896555	78.211	101.9126
994.262766	78.216	101.4575
994.628977	78.207	101.0420
994.995188	78.214	100.7065
995.361399	78.228	100.2158
995.727610	78.217	99.7168
996.093821	78.212	99.3652
996.460032	78.221	98.9170
996.826243	78.210	98.4648
997.192454	78.216	98.1338
997.558665	78.233	97.5972
997.924876	78.211	97.0662
998.291087	78.214	96.7891
998.657298	78.246	96.1101
999.023509	78.171	95.3096
999.389720	78.084	95.4807
999.755931	78.166	95.7793
1000.122142	78.275	94.9722
1000.488353	78.241	94.0498
1000.854563	78.209	93.8130
1001.220774	78.245	93.4370
1001.586985	78.248	92.8186
1001.953196	78.241	92.4229
1002.319407	78.259	91.9663
1002.685618	78.254	91.4233
1003.051829	78.249	91.0815
1003.418040	78.273	90.6611
1003.784251	78.276	90.0820
1004.150462	78.262	89.6848
1004.516673	78.276	89.3499
1004.882884	78.294	88.8438
1005.249095	78.290	88.3413
1005.615306	78.289	87.9192
1005.981517	78.290	87.4587
1006.347728	78.280	87.0256
1006.713939	78.275	86.6938
1007.080150	78.287	86.3394
1007.446361	78.298	85.8896
1007.812572	78.299	85.4258
1008.178783	78.297	84.9973
1008.544994	78.299	84.5864
1008.911205	78.305	84.1633
1009.277416	78.313	83.6836
1009.643627	78.311	83.1643
1010.009838	78.300	82.6909
1010.376049	78.291	82.2881
1010.742260	78.291	81.9114
1011.108471	78.300	81.4985
1011.474682	78.307	81.0100
1011.840892	78.303	80.5225
1012.207103	78.296	80.1152
1012.573314	78.300	79.7373
1012.939525	78.309	79.3486
1013.305736	78.327	78.9341
1013.671947	78.348	78.4165
1014.038158	78.352	77.8369
1014.404369	78.343	77.3247
1014.770580	78.334	76.8779
1015.136791	78.327	76.4814
1015.503002	78.328	76.1348
1015.869213	78.342	75.7349
1016.235424	78.349	75.2605
1016.601635	78.349	74.8101
1016.967846	78.350	74.3784
1017.334057	78.350	73.9297
1017.700268	78.345	73.4927
1018.066479	78.338	73.0884
1018.432690	78.334	72.7441
1018.798901	78.347	72.4011
1019.165112	78.365	71.9170
1019.531323	78.362	71.3687
1019.897534	78.348	70.9507
1020.263745	78.353	70.5781
1020.629956	78.362	70.0750
1020.996167	78.349	69.5361
1021.362378	78.326	69.1655
1021.728589	78.328	68.9141
1022.094800	78.355	68.5239
1022.461011	78.367	67.9697
1022.827222	78.361	67.4878
1023.193432	78.366	67.0610
1023.559643	78.370	66.5400
1023.925854	78.356	66.0828
1024.292065	78.357	65.7419
1024.658276	78.371	65.2925
1025.024487	78.368	64.7888
1025.390698	78.362	64.3948
1025.756909	78.367	64.0054
1026.123120	78.372	63.5940
1026.489331	78.381	63.1917
1026.855542	78.391	62.7043
1027.221753	78.384	62.2429
1027.587964	78.386	61.9055
1027.954175	78.408	61.4563
1028.320386	78.410	60.8899
1028.686597	78.398	60.4434
1029.052808	78.399	60.0298
1029.419019	78.397	59.5618
1029.785230	78.390	59.1614
1030.151441	78.397	58.7612
1030.517652	78.401	58.2932
1030.883863	78.404	57.8364
1031.250074	78.407	57.3176
1031.616285	78.389	56.7952
1031.982496	78.370	56.4846
1032.348707	78.387	56.1670
1032.714918	78.400	55.6218
1033.081129	78.383	55.1672
1033.447340	78.389	54.8704
1033.813551	78.414	54.3796
1034.179761	78.407	53.8035
1034.545972	78.393	53.4238
1034.912183	78.403	53.0481
1035.278394	78.407	52.5657
1035.644605	78.400	52.1721
1036.010816	78.411	51.8274
1036.377027	78.431	51.3650
1036.743238	78.437	50.8186
1037.109449	78.425	50.3049
1037.475660	78.409	49.9292
1037.841871	78.414	49.6260
1038.208082	78.430	49.1912
1038.574293	78.429	48.7109
1038.940504	78.430	48.3359
1039.306715	78.445	47.8640
1039.672926	78.436	47.3035
1040.039137	78.416	46.9429
1040.405348	78.428	46.6145
1040.771559	78.437	46.0789
1041.137770	78.418	45.6096
1041.503981	78.415	45.3120
1041.870192	78.437	44.8767
1042.236403	78.437	44.2859
1042.602614	78.416	43.8049
1042.968825	78.404	43.4490
1043.335036	78.405	43.0710
1043.701247	78.405	42.6697
1044.067458	78.408	42.2957
1044.433669	78.420	41.8828
1044.799880	78.428	41.3982
1045.166091	78.427	40.9314
1045.532301	78.427	40.4993
1045.898512	78.427	40.0603
1046.264723	78.428	39.6492
1046.630934	78.436	39.2351
1046.997145	78.444	38.7485
1047.363356	78.439	38.2664
1047.729567	78.432	37.8547
1048.095778	78.432	37.4749
1048.461989	78.440	37.0828
1048.828200	78.449	36.6155
1049.194411	78.442	36.1482
1049.560622	78.439	35.8420
1049.926833	78.475	35.4719
1050.293044	78.500	34.7571
1050.659255	78.463	34.0803
1051.025466	78.427	33.8054
1051.391677	78.444	33.5449
1051.757888	78.460	33.0037
1052.124099	78.442	32.4978
1052.490310	78.432	32.1831
1052.856521	78.447	31.8267
1053.222732	78.461	31.3489
1053.588943	78.463	30.8521
1053.955154	78.460	30.3828
1054.321365	78.455	29.9705
1054.687576	78.462	29.5850
1055.053787	78.475	29.1111
1055.419998	78.473	28.5740
1055.786209	78.458	28.1443
1056.152420	78.460	27.7944
1056.518631	78.470	27.3271
1056.884841	78.458	26.8237
1057.251052	78.440	26.5259
1057.617263	78.460	26.2693
1057.983474	78.490	25.7561
1058.349685	78.485	25.1702
1058.715896	78.473	24.7610
1059.082107	78.481	24.3503
1059.448318	78.483	23.8206
1059.814529	78.468	23.3391
1060.180740	78.458	22.9514
1060.546951	78.457	22.5632
1060.913162	78.460	22.1448
1061.279373	78.464	21.6853
1061.645584	78.460	21.1985
1062.011795	78.447	20.7585
1062.378006	78.439	20.4148
1062.744217	78.450	20.0793
1063.110428	78.469	19.5891
1063.476639	78.460	19.0393
1063.842850	78.443	18.6926
1064.209061	78.460	18.3997
1064.575272	78.483	17.8728
1064.941483	78.472	17.3245
1065.307694	78.460	16.9712
1065.673905	78.471	16.6040
1066.040116	78.477	16.1487
1066.406327	78.479	15.7209
1066.772538	78.483	15.2703
1067.138749	78.478	14.8083
1067.504960	78.472	14.4187
1067.871170	78.474	14.0198
1068.237381	78.470	13.5969
1068.603592	78.466	13.2361
1068.969803	78.474	12.8674
1069.336014	78.481	12.4387
1069.702225	78.487	11.9963
1070.068436	78.490	11.5129
1070.434647	78.481	11.0352
1070.800858	78.473	10.6829
1071.167069	78.491	10.3147
1071.533280	78.510	9.7258
1071.899491	78.491	9.0815
1072.265702	78.454	8.6660
1072.631913	78.443	8.4224
1072.998124	78.458	8.0874
1073.364335	78.465	7.6152
1073.730546	78.458	7.2080
1074.096757	78.468	6.8823
1074.462968	78.493	6.3984
1074.829179	78.489	5.7991
1075.195390	78.466	5.3953
1075.561601	78.472	5.1079
1075.927812	78.491	4.6506
1076.294023	78.487	4.1367
1076.660234	78.478	3.7505
1077.026445	78.484	3.3833
1077.392656	78.493	2.9600
1077.758867	78.503	2.4854
1078.125078	78.503	1.9463
1078.491289	78.486	1.4746
1078.857500	78.477	1.1196
1079.223710	78.481	0.7251
1079.589921	78.483	0.2832
1079.956132	78.486	-0.1714
1080.322343	78.479	-0.6707
1080.688554	78.460	-1.0601
1081.054765	78.464	-1.3347
1081.420976	78.487	-1.7703
1081.787187	78.490	-2.3049
1082.153398	78.489	-2.7458
1082.519609	78.496	-3.2302
1082.885820	78.487	-3.7358
1083.252031	78.481	-4.1089
1083.618242	78.496	-4.5376
1083.984453	78.498	-5.1018
1084.350664	78.479	-5.5715
1084.716875	78.470	-5.9163
1085.083086	78.475	-6.2590
1085.449297	78.489	-6.6577
1085.815508	78.501	-7.1548
1086.181719	78.495	-7.6536
1086.547930	78.489	-8.0396
1086.914141	78.499	-8.4321
1087.280352	78.506	-8.9248
1087.646563	78.499	-9.4119
1088.012774	78.491	-9.8220
1088.378985	78.491	-10.2078
1088.745196	78.495	-10.6299
1089.111407	78.497	-11.0793
1089.477618	78.496	-11.5244
1089.843829	78.493	-11.9756
1090.210039	78.485	-12.3992
1090.576250	78.484	-12.7642
1090.942461	78.494	-13.1758
1091.308672	78.496	-13.6597
1091.674883	78.490	-14.0818
1092.041094	78.495	-14.4609
1092.407305	78.507	-14.9233
1092.773516	78.508	-15.4292
1093.139727	78.502	-15.8936
1093.505938	78.497	-16.3359
1093.872149	78.490	-16.7573
1094.238360	78.484	-17.1128
1094.604571	78.493	-17.4492
1094.970782	78.511	-17.8818
1095.336993	78.518	-18.3848
1095.703204	78.518	-18.8613
1096.069415	78.517	-19.3564
1096.435626	78.500	-19.8350
1096.801837	78.483	-20.1375
1097.168048	78.499	-20.4146
1097.534259	78.521	-20.9175
1097.900470	78.512	-21.4619
1098.266681	78.499	-21.8308
1098.632892	78.507	-22.1831
1098.999103	78.518	-22.6426
1099.365314	78.520	-23.1472
1099.731525	78.513	-23.6523
1100.097736	78.496	-24.0894
1100.463947	78.488	-24.4380
1100.830158	78.491	-24.8208
1101.196369	78.489	-25.2439
1101.562579	78.489	-25.5972
1101.928790	78.506	-25.9814
1102.295001	78.520	-26.5286
1102.661212	78.506	-27.0791
1103.027423	78.487	-27.4700
1103.393634	78.485	-27.7905
1103.759845	78.496	-28.1475
1104.126056	78.516	-28.6086
1104.492267	78.521	-29.2109
1104.858478	78.493	-29.7397
1105.224689	78.472	-30.0256
1105.590900	78.485	-30.3291
1105.957111	78.495	-30.7998
1106.323322	78.490	-31.2109
1106.689533	78.504	-31.5884
1107.055744	78.519	-32.1489
1107.421955	78.500	-32.7209
1107.788166	78.477	-33.0747
1108.154377	78.483	-33.3604
1108.520588	78.504	-33.8091
1108.886799	78.507	-34.3926
1109.253010	78.486	-34.8818
1109.619221	78.476	-35.2251
1109.985432	78.483	-35.6318
1110.351643	78.476	-36.0874
1110.717854	78.473	-36.4126
1111.084065	78.497	-36.8052
1111.450276	78.507	-37.4187
1111.816487	78.482	-37.9297
1112.182698	78.471	-38.2290
1112.548909	78.485	-38.5918
1112.915119	78.494	-39.0623
1113.281330	78.496	-39.5269
1113.647541	78.496	-39.9958
1114.013752	78.492	-40.4539
1114.379963	78.488	-40.9009
1114.746174	78.477	-41.3438
1115.112385	78.462	-41.6724
1115.478596	78.470	-41.9258
1115.844807	78.497	-42.3098
1116.211018	78.514	-42.8369
1116.577229	78.515	-43.3926
1116.943440	78.500	-43.9006
1117.309651	78.483	-44.2754
1117.675862	78.486	-44.5964
1118.042073	78.498	-45.0471
1118.408284	78.493	-45.5447
1118.774495	78.483	-45.9404
1119.140706	78.483	-46.3364
1119.506917	78.478	-46.7637
1119.873128	78.472	-47.0957
1120.239339	78.487	-47.4331
1120.605550	78.503	-47.9307
1120.971761	78.495	-48.4202
1121.337972	78.494	-48.7849
1121.704183	78.508	-49.2271
1122.070394	78.507	-49.7681
1122.436605	78.492	-50.1946
1122.802816	78.493	-50.5566
1123.169027	78.500	-51.0117
1123.535238	78.495	-51.4873
1123.901448	78.488	-51.9258
1124.267659	78.477	-52.3459
1124.633870	78.467	-52.6877
1125.000081	78.473	-52.9937
1125.366292	78.490	-53.4009
1125.732503	78.499	-53.8936
1126.098714	78.497	-54.3882
1126.464925	78.488	-54.8479
1126.831136	78.478	-55.2212
1127.197347	78.486	-55.5562
1127.563558	78.508	-56.0361
1127.929769	78.505	-56.6646
1128.295980	78.471	-57.1475
1128.662191	78.452	-57.3723
1129.028402	78.473	-57.6533
1129.394613	78.489	-58.1519
1129.760824	78.482	-58.6006
1130.127035	78.490	-58.9451
1130.493246	78.510	-59.4297
1130.859457	78.507	-59.9868
1131.225668	78.496	-60.4146
1131.591879	78.499	-60.8276
1131.958090	78.496	-61.3032
1132.324301	78.485	-61.6892
1132.690512	78.492	-62.0225
1133.056723	78.508	-62.5020
1133.422934	78.500	-63.0410
1133.789145	78.482	-63.4197
1134.155356	78.486	-63.7483
1134.521567	78.492	-64.1997
1134.887778	78.482	-64.6082
1135.253988	78.489	-64.9219
1135.620199	78.511	-65.3984
1135.986410	78.505	-65.9834
1136.352621	78.483	-66.4102
1136.718832	78.478	-66.7683
1137.085043	78.475	-67.1650
1137.451254	78.477	-67.5354
1137.817465	78.488	-67.9890
1138.183676	78.481	-68.5220
1138.549887	78.463	-68.9136
1138.916098	78.465	-69.2700
1139.282309	78.466	-69.7373
1139.648520	78.457	-70.1348
1140.014731	78.465	-70.5125
1140.380942	78.467	-71.0369
1140.747153	78.446	-71.4629
1141.113364	78.445	-71.7219
1141.479575	78.470	-72.1335
1141.845786	78.474	-72.6724
1142.211997	78.469	-73.1289
1142.578208	78.469	-73.5811
1142.944419	78.461	-74.0435
1143.310630	78.453	-74.4390
1143.676841	78.452	-74.8301
1144.043052	78.451	-75.2056
1144.409263	78.462	-75.5840
1144.775474	78.471	-76.1001
1145.141685	78.454	-76.5928
1145.507896	78.442	-76.8828
1145.874107	78.462	-77.2339
1146.240317	78.470	-77.7725
1146.606528	78.456	-78.2266
1146.972739	78.456	-78.5720
1147.338950	78.467	-79.0269
1147.705161	78.460	-79.5369
1148.071372	78.445	-79.9165
1148.437583	78.453	-80.2437
1148.803794	78.472	-80.7397
1149.170005	78.464	-81.3486
1149.536216	78.433	-81.7786
1149.902427	78.424	-82.0454
1150.268638	78.437	-82.4116
1150.634849	78.442	-82.8706
1151.001060	78.441	-83.3096
1151.367271	78.437	-83.7527
1151.733482	78.430	-84.1094
1152.099693	78.449	-84.4114
1152.465904	78.482	-84.9785
1152.832115	78.466	-85.6885
1153.198326	78.423	-86.0645
1153.564537	78.424	-86.2637
1153.930748	78.443	-86.6821
1154.296959	78.439	-87.1411
1154.663170	78.441	-87.4712
1155.029381	78.462	-87.9067
1155.395592	78.463	-88.4600
1155.761803	78.448	-88.9106
1156.128014	78.442	-89.2729
1156.494225	78.444	-89.6667
1156.860436	78.442	-90.0874
1157.226647	78.438	-90.4648
1157.592857	78.444	-90.8091
1157.959068	78.460	-91.2578
1158.325279	78.458	-91.7947
1158.691490	78.441	-92.2051
1159.057701	78.446	-92.5532
1159.423912	78.454	-93.0620
1159.790123	78.433	-93.5598
1160.156334	78.416	-93.8386
1160.522545	78.432	-94.1274
1160.888756	78.452	-94.6108
1161.254967	78.453	-95.1416
1161.621178	78.446	-95.6343
1161.987389	78.432	-96.0913
1162.353600	78.418	-96.4351
1162.719811	78.429	-96.7515
1163.086022	78.447	-97.2544
1163.452233	78.433	-97.8181
1163.818444	78.409	-98.1587
1164.184655	78.419	-98.4282
1164.550866	78.437	-98.9062
1164.917077	78.425	-99.4126
1165.283288	78.414	-99.7412
1165.649499	78.426	-100.1018
1166.015710	78.427	-100.5679
1166.381921	78.420	-100.9163
1166.748132	78.440	-101.2573
1167.114343	78.456	-101.8408
1167.480554	78.430	-102.3877
1167.846765	78.412	-102.6423
1168.212976	78.436	-102.9729
1168.579186	78.444	-103.5698
1168.945397	78.417	-104.0562
1169.311608	78.404	-104.3589
1169.677819	78.405	-104.7319
1170.044030	78.397	-105.0811
1170.410241	78.411	-105.3594
1170.776452	78.441	-105.8416
1171.142663	78.439	-106.4648
1171.508874	78.416	-106.9360
1171.875085	78.403	-107.2988
1172.241296	78.398	-107.6353
1172.607507	78.406	-107.9365
1172.973718	78.431	-108.3530
1173.339929	78.442	-108.9102
1173.706140	78.435	-109.4365
1174.072351	78.425	-109.9009
1174.438562	78.412	-110.3098
1174.804773	78.409	-110.6577
1175.170984	78.415	-111.0581
1175.537195	78.412	-111.4873
1175.903406	78.412	-111.8357
1176.269617	78.429	-112.2363
1176.635828	78.435	-112.7605
1177.002039	78.423	-113.2241
1177.368250	78.418	-113.5879
1177.734461	78.424	-113.9736
1178.100672	78.431	-114.4128
1178.466883	78.434	-114.9009
1178.833094	78.424	-115.3877
1179.199305	78.410	-115.7871
1179.565516	78.405	-116.1509
1179.931726	78.400	-116.5281
1180.297937	78.398	-116.8491
1180.664148	78.415	-117.1885
1181.030359	78.433	-117.6936
1181.396570	78.426	-118.2361
1181.762781	78.411	-118.6416
1182.128992	78.410	-119.0200
1182.495203	78.406	-119.4565
1182.861414	78.395	-119.8188
1183.227625	78.403	-120.1318
1183.593836	78.419	-120.5977
1183.960047	78.409	-121.1226
1184.326258	78.392	-121.4644
1184.692469	78.404	-121.7759
1185.058680	78.419	-122.2910
1185.424891	78.405	-122.8135
1185.791102	78.392	-123.1821
1186.157313	78.395	-123.5942
1186.523524	78.384	-124.0710
1186.889735	78.365	-124.4180
1187.255946	78.367	-124.7048
1187.622157	78.379	-125.0884
1187.988368	78.386	-125.5208
1188.354579	78.392	-125.9727
1188.720790	78.392	-126.4756
1189.087001	78.377	-126.9341
1189.453212	78.365	-127.2612
1189.819423	78.376	-127.5771
1190.185634	78.393	-128.0322
1190.551845	78.394	-128.5308
1190.918056	78.393	-128.9497
1191.284266	78.403	-129.4336
1191.650477	78.390	-129.9868
1192.016688	78.364	-130.3296
1192.382899	78.374	-130.5803
1192.749110	78.396	-131.0896
1193.115321	78.376	-131.6316
1193.481532	78.357	-131.9023
1193.847743	78.376	-132.1843
1194.213954	78.393	-132.6704
1194.580165	78.391	-133.1606
1194.946376	78.388	-133.6128
1195.312587	78.377	-134.0615
1195.678798	78.365	-134.3972
1196.045009	78.376	-134.7161
1196.411220	78.391	-135.2085
1196.777431	78.377	-135.7278
1197.143642	78.357	-136.0532
1197.509853	78.367	-136.2969
1197.876064	78.399	-136.7156
1198.242275	78.412	-137.3262
1198.608486	78.393	-137.8740
1198.974697	78.380	-138.2446
1199.340908	78.386	-138.6538
1199.707119	78.381	-139.1724
1200.073330	78.360	-139.5645
1200.439541	78.362	-139.8577
1200.805752	78.376	-140.3101
1201.171963	78.366	-140.8015
1201.538174	78.356	-141.1230
1201.904385	78.372	-141.4885
1202.270595	78.377	-142.0273
1202.636806	78.356	-142.4751
1203.003017	78.347	-142.7593
1203.369228	78.360	-143.1018
1203.735439	78.370	-143.5503
1204.101650	78.369	-144.0125
1204.467861	78.361	-144.4490
1204.834072	78.352	-144.8018
1205.200283	78.359	-145.1211
1205.566494	78.372	-145.5615
1205.932705	78.366	-146.0264
1206.298916	78.362	-146.3569
1206.665127	78.381	-146.7500
1207.031338	78.385	-147.3127
1207.397549	78.363	-147.7610
1207.763760	78.359	-148.0645
1208.129971	78.368	-148.4771
1208.496182	78.363	-148.8999
1208.862393	78.371	-149.2380
1209.228604	78.392	-149.7734
1209.594815	78.369	-150.3992
1209.961026	78.331	-150.6816
1210.327237	78.346	-150.8691
1210.693448	78.372	-151.3809
1211.059659	78.357	-151.9185
1211.425870	78.345	-152.2466
1211.792081	78.354	-152.6401
1212.158292	78.349	-153.0786
1212.524503	78.352	-153.4077
1212.890714	78.376	-153.8843
1213.256925	78.368	-154.5222
1213.623135	78.332	-154.9238
1213.989346	78.331	-155.1543
1214.355557	78.352	-155.5776
1214.721768	78.348	-156.1003
1215.087979	78.336	-156.4937
1215.454190	78.339	-156.8706
1215.820401	78.340	-157.3154
1216.186612	78.334	-157.7080
1216.552823	78.340	-158.0781
1216.919034	78.348	-158.5522
1217.285245	78.337	-159.0259
1217.651456	78.327	-159.3726
1218.017667	78.334	-159.7280
1218.383878	78.335	-160.1655
1218.750089	78.328	-160.5225
1219.116300	78.342	-160.8311
1219.482511	78.365	-161.3245
1219.848722	78.356	-161.9019
1220.214933	78.332	-162.2722
1220.581144	78.336	-162.5364
1220.947355	78.355	-162.9575
1221.313566	78.356	-163.4697
1221.679777	78.344	-163.8999
1222.045988	78.338	-164.2627
1222.412199	78.340	-164.6165
1222.778410	78.351	-165.0122
1223.144621	78.357	-165.5010
1223.510832	78.344	-165.9775
1223.877043	78.331	-166.3257
1224.243254	78.334	-166.6553
1224.609464	78.339	-167.0420
1224.975675	78.345	-167.4114
1225.341886	78.362	-167.8403
1225.708097	78.366	-168.3972
1226.074308	78.346	-168.8699
1226.440519	78.337	-169.1963
1226.806730	78.343	-169.5957
1227.172941	78.337	-170.0532
1227.539152	78.325	-170.4099
1227.905363	78.326	-170.7471
1228.271574	78.329	-171.1165
1228.637785	78.337	-171.4697
1229.003996	78.354	-171.9194
1229.370207	78.352	-172.4639
1229.736418	78.333	-172.8938
1230.102629	78.328	-173.2388
1230.468840	78.328	-173.6326
1230.835051	78.324	-173.9995
1231.201262	78.334	-174.3611
1231.567473	78.344	-174.8491
1231.933684	78.332	-175.3442
1232.299895	78.319	-175.6943
1232.666106	78.327	-176.0166
1233.032317	78.344	-176.4736
1233.398528	78.343	-177.0386
1233.764739	78.318	-177.5166
1234.130950	78.299	-177.7988
1234.497161	78.309	-178.0825
1234.863372	78.320	-178.5212
1235.229583	78.316	-178.9346
1235.595794	78.323	-179.2766
1235.962004	78.339	-179.7407
1236.328215	78.333	179.7480
1236.694426	78.323	179.3701
1237.060637	78.330	179.0024
1237.426848	78.336	178.5325
1237.793059	78.328	178.0610
1238.159270	78.316	177.6587
1238.525481	78.307	177.3257
1238.891692	78.313	177.0103
1239.257903	78.326	176.6108
1239.624114	78.331	176.1421
1239.990325	78.327	175.6968
1240.356536	78.323	175.2830
1240.722747	78.321	174.8684
1241.088958	78.317	174.4480
1241.455169	78.310	174.0588
1241.821380	78.309	173.7058
1242.187591	78.316	173.2937
1242.553802	78.313	172.8499
1242.920013	78.310	172.4856
1243.286224	78.321	172.0671
1243.652435	78.316	171.5459
1244.018646	78.297	171.1648
1244.384857	78.302	170.8564
1244.751068	78.311	170.3916
1245.117279	78.298	169.9561
1245.483490	78.297	169.6479
1245.849701	78.312	169.2271
1246.215912	78.309	168.7266
1246.582123	78.298	168.3350
1246.948334	78.300	167.9756
1247.314544	78.304	167.5728
1247.680755	78.308	167.1558
1248.046966	78.309	166.7151
1248.413177	78.306	166.2861
1248.779388	78.305	165.8936
1249.145599	78.310	165.4556
1249.511810	78.303	164.9634
1249.878021	78.280	164.5620
1250.244232	78.268	164.3179
1250.610443	78.284	164.0640
1250.976654	78.307	163.6465
1251.342865	78.315	163.1548
1251.709076	78.315	162.6821
1252.075287	78.309	162.2214
1252.441498	78.299	161.8364
1252.807709	78.302	161.4907
1253.173920	78.311	161.0500
1253.540131	78.307	160.5952
1253.906342	78.305	160.1882
1254.272553	78.302	159.7300
1254.638764	78.285	159.3247
1255.004975	78.281	159.0454
1255.371186	78.297	158.6809
1255.737397	78.301	158.2151
1256.103608	78.298	157.8157
1256.469819	78.305	157.4248
1256.836030	78.312	156.9712
1257.202241	78.313	156.4929
1257.568452	78.305	156.0020
1257.934663	78.284	155.5962
1258.300873	78.273	155.3359
1258.667084	78.288	155.0679
1259.033295	78.315	154.6685
1259.399506	78.333	154.1267
1259.765717	78.324	153.5486
1260.131928	78.300	153.1562
1260.498139	78.302	152.8882
1260.864350	78.321	152.4604
1261.230561	78.318	151.9614
1261.596772	78.313	151.5796
1261.962983	78.320	151.1592
1262.329194	78.315	150.6782
1262.695405	78.304	150.3118
1263.061616	78.312	149.9470
1263.427827	78.314	149.4568
1263.794038	78.295	149.0281
1264.160249	78.286	148.7490
1264.526460	78.299	148.4421
1264.892671	78.317	148.0000
1265.258882	78.320	147.4878
1265.625093	78.309	147.0164
1265.991304	78.298	146.6499
1266.357515	78.304	146.3047
1266.723726	78.317	145.8276
1267.089937	78.306	145.2861
1267.456148	78.281	144.9043
1267.822359	78.279	144.6416
1268.188570	78.296	144.2683
1268.554781	78.304	143.7788
1268.920992	78.298	143.2988
1269.287203	78.287	142.8604
1269.653413	78.273	142.5151
1270.019624	78.279	142.2263
1270.385835	78.297	141.8013
1270.752046	78.293	141.3035
1271.118257	78.281	140.9727
1271.484468	78.300	140.6733
1271.850679	78.324	140.1577
1272.216890	78.317	139.5840
1272.583101	78.301	139.1643
1272.949312	78.299	138.7812
1273.315523	78.295	138.3218
1273.681734	78.275	137.9219
1274.047945	78.264	137.6758
1274.414156	78.283	137.4011
1274.780367	78.304	136.9331
1275.146578	78.301	136.4214
1275.512789	78.292	136.0098
1275.879000	78.288	135.6157
1276.245211	78.282	135.2400
1276.611422	78.284	134.9175
1276.977633	78.298	134.5151
1277.343844	78.299	134.0583
1277.710055	78.300	133.6851
1278.076266	78.316	133.2437
1278.442477	78.313	132.6736
1278.808688	78.286	132.2561
1279.174899	78.281	132.0073
1279.541110	78.300	131.6497
1279.907321	78.308	131.1750
1280.273532	78.305	130.7341
1280.639742	78.305	130.3130
1281.005953	78.301	129.8906
1281.372164	78.297	129.5059
1281.738375	78.298	129.1272
1282.104586	78.298	128.7383
1282.470797	78.301	128.3816
1282.837008	78.315	127.9856
1283.203219	78.322	127.4731
1283.569430	78.307	127.0078
1283.935641	78.298	126.6978
1284.301852	78.314	126.3330
1284.668063	78.320	125.8123
1285.034274	78.303	125.3501
1285.400485	78.292	125.0281
1285.766696	78.301	124.6870
1286.132907	78.311	124.2437
1286.499118	78.310	123.7512
1286.865329	78.295	123.2993
1287.231540	78.280	122.9602
1287.597751	78.283	122.6777
1287.963962	78.300	122.3088
1288.330173	78.311	121.8345
1288.696384	78.308	121.3638
1289.062595	78.302	120.9419
1289.428806	78.297	120.5566
1289.795017	78.296	120.2161
1290.161228	78.308	119.8691
1290.527439	78.324	119.4341
1290.893650	78.330	118.9312
1291.259861	78.323	118.4468
1291.626072	78.312	118.0452
1291.992282	78.310	117.6924
1292.358493	78.313	117.2883
1292.724704	78.308	116.8828
1293.090915	78.309	116.5459
1293.457126	78.321	116.1206
1293.823337	78.313	115.6279
1294.189548	78.297	115.3091
1294.555759	78.313	115.0117
1294.921970	78.329	114.5042
1295.288181	78.317	114.0059
1295.654392	78.309	113.6292
1296.020603	78.310	113.2090
1296.386814	78.302	112.7883
1296.753025	78.300	112.4170
1297.119236	78.302	111.9907
1297.485447	78.295	111.5571
1297.851658	78.287	111.1919
1298.217869	78.287	110.8552
1298.584080	78.297	110.5166
1298.950291	78.316	110.0859
1299.316502	78.321	109.5486
1299.682713	78.305	109.1118
1300.048924	78.306	108.8027
1300.415135	78.324	108.3855
1300.781346	78.324	107.8564
1301.147557	78.306	107.4470
1301.513768	78.304	107.1689
1301.879979	78.323	106.7969
1302.246190	78.328	106.2910
1302.612401	78.313	105.8818
1302.978611	78.316	105.5933
1303.344822	78.337	105.1626
1303.711033	78.333	104.6167
1304.077244	78.314	104.2207
1304.443455	78.314	103.8923
1304.809666	78.317	103.4443
1305.175877	78.301	103.0173
1305.542088	78.292	102.7158
1305.908299	78.302	102.3813
1306.274510	78.312	101.9216
1306.640721	78.304	101.4409
1307.006932	78.289	101.0698
1307.373143	78.293	100.7603
1307.739354	78.308	100.3254
1308.105565	78.304	99.8223
1308.471776	78.294	99.4453
1308.837987	78.302	99.0701
1309.204198	78.304	98.5923
1309.570409	78.294	98.2073
1309.936620	78.302	97.8862
1310.302831	78.317	97.4507
1310.669042	78.320	97.0063
1311.035253	78.329	96.5859
1311.401464	78.333	96.1006
1311.767675	78.325	95.6768
1312.133886	78.331	95.3062
1312.500097	78.336	94.8252
1312.866308	78.321	94.3989
1313.232519	78.320	94.1211
1313.598730	78.341	93.7051
1313.964941	78.335	93.1577
1314.331151	78.310	92.8013
1314.697362	78.314	92.5527
1315.063573	78.331	92.1260
1315.429784	78.322	91.6445
1315.795995	78.311	91.3147
1316.162206	78.322	90.9492
1316.528417	78.319	90.4424
1316.894628	78.295	90.0767
1317.260839	78.298	89.8606
1317.627050	78.324	89.4473
1317.993261	78.323	88.9033
1318.359472	78.310	88.5234
1318.725683	78.320	88.1565
1319.091894	78.323	87.6392
1319.458105	78.304	87.2119
1319.824316	78.301	86.9363
1320.190527	78.320	86.5564
1320.556738	78.324	86.0737
1320.922949	78.320	85.6858
1321.289160	78.334	85.3169
1321.655371	78.349	84.8179
1322.021582	78.344	84.2930
1322.387793	78.332	83.8604
1322.754004	78.324	83.4893
1323.120215	78.323	83.1450
1323.486426	78.331	82.7671
1323.852637	78.334	82.3164
1324.218848	78.325	81.9062
1324.585059	78.322	81.5896
1324.951270	78.336	81.2217
1325.317481	78.343	80.7261
1325.683691	78.327	80.2471
1326.049902	78.307	79.9502
1326.416113	78.320	79.7173
1326.782324	78.348	79.2505
1327.148535	78.339	78.6592
1327.514746	78.312	78.3088
1327.880957	78.320	78.0447
1328.247168	78.333	77.5776
1328.613379	78.321	77.1426
1328.979590	78.325	76.8518
1329.345801	78.350	76.4031
1329.712012	78.347	75.8286
1330.078223	78.328	75.4121
1330.444434	78.326	75.0879
1330.810645	78.333	74.7007
1331.176856	78.338	74.2891
1331.543067	78.341	73.8777
1331.909278	78.344	73.4617
1332.275489	78.347	73.0549
1332.641700	78.351	72.6201
1333.007911	78.344	72.1902
1333.374122	78.337	71.8716
1333.740333	78.351	71.5730
1334.106544	78.372	71.1213
1334.472755	78.372	70.6162
1334.838966	78.365	70.2163
1335.205177	78.370	69.8203
1335.571388	78.369	69.3582
1335.937599	78.358	68.9521
1336.303810	78.356	68.6025
1336.670020	78.359	68.2014
1337.036231	78.355	67.7854
1337.402442	78.351	67.4209
1337.768653	78.355	67.0544
1338.134864	78.360	66.6338
1338.501075	78.358	66.2102
1338.867286	78.357	65.8386
1339.233497	78.368	65.4419
1339.599708	78.375	64.9595
1339.965919	78.370	64.4878
1340.332130	78.365	64.0610
1340.698341	78.359	63.6345
1341.064552	78.353	63.2637
1341.430763	78.360	62.8989
1341.796974	78.364	62.4434
1342.163185	78.356	62.0547
1342.529396	78.368	61.7429
1342.895607	78.392	61.2446
1343.261818	78.386	60.6499
1343.628029	78.365	60.2148
1343.994240	78.356	59.8467
1344.360451	78.346	59.4744
1344.726662	78.340	59.1689
1345.092873	78.349	58.8589
1345.459084	78.365	58.4692
1345.825295	78.377	57.9756
1346.191506	78.364	57.4321
1346.557717	78.332	57.1006
1346.923928	78.336	56.9531
1347.290139	78.373	56.5764
1347.656350	78.382	55.9822
1348.022560	78.365	55.5237
1348.388771	78.361	55.1675
1348.754982	78.363	54.7549
1349.121193	78.358	54.3418
1349.487404	78.354	53.9766
1349.853615	78.360	53.6328
1350.219826	78.376	53.2136
1350.586037	78.380	52.6848
1350.952248	78.364	52.2505
1351.318459	78.365	51.9370
1351.684670	78.381	51.4941
1352.050881	78.375	50.9888
1352.417092	78.365	50.6138
1352.783303	78.368	50.2224
1353.149514	78.359	49.7993
1353.515725	78.352	49.5320
1353.881936	78.377	49.2454
1354.248147	78.401	48.7197
1354.614358	78.393	48.1714
1354.980569	78.378	47.7896
1355.346780	78.380	47.4370
1355.712991	78.385	47.0161
1356.079202	78.382	46.5859
1356.445413	78.377	46.1821
1356.811624	78.372	45.7979
1357.177835	78.371	45.4331
1357.544046	78.375	45.0532
1357.910257	78.378	44.6182
1358.276468	78.370	44.1965
1358.642679	78.367	43.8579
1359.008889	78.379	43.4822
1359.375100	78.387	42.9814
1359.741311	78.375	42.5112
1360.107522	78.367	42.1621
1360.473733	78.376	41.7944
1360.839944	78.383	41.3408
1361.206155	78.380	40.8774
1361.572366	78.370	40.4749
1361.938577	78.368	40.1680
1362.304788	78.390	39.8318
1362.670999	78.412	39.2871
1363.037210	78.398	38.7026
1363.403421	78.371	38.3628
1363.769632	78.377	38.1206
1364.135843	78.396	37.7192
1364.502054	78.396	37.2666
1364.868265	78.393	36.9248
1365.234476	78.407	36.5869
1365.600687	78.421	36.1350
1365.966898	78.419	35.6807
1366.333109	78.420	35.3352
1366.699320	78.439	34.9487
1367.065531	78.451	34.3901
1367.431742	78.431	33.8809
1367.797953	78.416	33.5833
1368.164164	78.430	33.2646
1368.530375	78.443	32.7852
1368.896586	78.438	32.3105
1369.262797	78.435	31.8950
1369.629008	78.433	31.4592
1369.995219	78.427	31.0391
1370.361429	78.424	30.6616
1370.727640	78.428	30.2500
1371.093851	78.426	29.7769
1371.460062	78.408	29.3638
1371.826273	78.400	29.1055
1372.192484	78.423	28.8030
1372.558695	78.442	28.2627
1372.924906	78.425	27.7488
1373.291117	78.415	27.4463
1373.657328	78.432	27.0488
1374.023539	78.426	26.5090
1374.389750	78.400	26.1528
1374.755961	78.401	25.9102
1375.122172	78.415	25.5547
1375.488383	78.425	25.1670
1375.854594	78.442	24.7192
1376.220805	78.442	24.1528
1376.587016	78.419	23.7173
1376.953227	78.416	23.4268
1377.319438	78.428	22.9985
1377.685649	78.420	22.5256
1378.051860	78.415	22.1848
1378.418071	78.429	21.7666
1378.784282	78.423	21.2319
1379.150493	78.401	20.8535
1379.516704	78.403	20.5925
1379.882915	78.423	20.2012
1380.249126	78.430	19.7097
1380.615337	78.426	19.2700
1380.981548	78.427	18.8784
1381.347759	78.434	18.4658
1381.713969	78.438	18.0093
1382.080180	78.433	17.5569
1382.446391	78.423	17.1958
1382.812602	78.429	16.9023
1383.178813	78.450	16.5327
1383.545024	78.464	16.0493
1383.911235	78.464	15.5740
1384.277446	78.462	15.1621
1384.643657	78.465	14.7612
1385.009868	78.471	14.3447
1385.376079	78.476	13.8779
1385.742290	78.466	13.3750
1386.108501	78.442	13.0034
1386.474712	78.437	12.7678
1386.840923	78.453	12.4331
1387.207134	78.460	11.9946
1387.573345	78.460	11.6035
1387.939556	78.467	11.1819
1388.305767	78.461	10.7261
1388.671978	78.453	10.3809
1389.038189	78.463	10.0295
1389.404400	78.469	9.5647
1389.770611	78.463	9.1543
1390.136822	78.471	8.7903
1390.503033	78.482	8.3096
1390.869244	78.476	7.7930
1391.235455	78.460	7.3716
1391.601666	78.451	7.0322
1391.967877	78.454	6.7332
1392.334088	78.473	6.3706
1392.700298	78.488	5.8726
1393.066509	78.483	5.3828
1393.432720	78.480	5.0017
1393.798931	78.492	4.5869
1394.165142	78.496	4.0662
1394.531353	78.482	3.5864
1394.897564	78.467	3.2310
1395.263775	78.466	2.9209
1395.629986	78.476	2.5801
1395.996197	78.490	2.1667
1396.362408	78.496	1.6750
1396.728619	78.487	1.2041
1397.094830	78.476	0.8342
1397.461041	78.475	0.5010
1397.827252	78.482	0.1323
1398.193463	78.488	-0.2676
1398.559674	78.491	-0.6812
1398.925885	78.494	-1.0825
1399.292096	78.502	-1.4946
1399.658307	78.508	-1.9868
1400.024518	78.495	-2.4707
1400.390729	78.483	-2.7993
1400.756940	78.499	-3.1333
1401.123151	78.513	-3.6865
1401.489362	78.488	-4.2256
1401.855573	78.465	-4.4878
1402.221784	78.483	-4.7407
1402.587995	78.505	-5.2466
1402.954206	78.494	-5.7661
1403.320417	78.485	-6.1252
1403.686628	78.492	-6.5083
1404.052838	78.491	-6.9546
1404.419049	78.487	-7.3293
1404.785260	78.494	-7.6917
1405.151471	78.502	-8.1187
1405.517682	78.506	-8.5339
1405.883893	78.516	-8.9600
1406.250104	78.520	-9.4602
1406.616315	78.509	-9.9043
1406.982526	78.508	-10.2651
1407.348737	78.513	-10.7253
1407.714948	78.494	-11.1733
1408.081159	78.482	-11.3813
1408.447370	78.516	-11.6531
1408.813581	78.539	-12.2686
1409.179792	78.509	-12.8003
1409.546003	78.493	-12.9927
1409.912214	78.526	-13.2793
1410.278425	78.548	-13.8542
1410.644636	78.535	-14.3977
1411.010847	78.522	-14.7920
1411.377058	78.520	-15.1819
1411.743269	78.516	-15.5972
1412.109480	78.510	-15.9819
1412.475691	78.509	-16.3445
1412.841902	78.515	-16.7349
1413.208113	78.520	-17.1724
1413.574324	78.519	-17.6255
1413.940535	78.513	-18.0681
1414.306746	78.502	-18.4688
1414.672957	78.495	-18.7905
1415.039167	78.504	-19.0957
1415.405378	78.522	-19.4888
1415.771589	78.534	-19.9705
1416.137800	78.533	-20.4565
1416.504011	78.526	-20.8740
1416.870222	78.527	-21.2256
1417.236433	78.541	-21.6196
1417.602644	78.552	-22.1318
1417.968855	78.541	-22.6479
1418.335066	78.524	-23.0327
1418.701277	78.521	-23.3506
1419.067488	78.528	-23.7017
1419.433699	78.538	-24.0825
1419.799910	78.551	-24.5413
1420.166121	78.547	-25.0640
1420.532332	78.528	-25.4578
1420.898543	78.529	-25.7527
1421.264754	78.542	-26.1719
1421.630965	78.536	-26.6211
1421.997176	78.535	-26.9707
1422.363387	78.544	-27.3857
1422.729598	78.539	-27.8345
1423.095809	78.536	-28.1624
1423.462020	78.555	-28.5652
1423.828231	78.557	-29.1279
1424.194442	78.532	-29.5576
1424.560653	78.525	-29.8013
1424.926864	78.545	-30.1118
1425.293075	78.565	-30.5693
1425.659286	78.571	-31.0676
1426.025497	78.570	-31.5452
1426.391707	78.566	-32.0024
1426.757918	78.558	-32.4136
1427.124129	78.557	-32.7700
1427.490340	78.566	-33.1687
1427.856551	78.568	-33.6372
1428.222762	78.561	-34.0425
1428.588973	78.566	-34.3887
1428.955184	78.581	-34.8479
1429.321395	78.576	-35.3848
1429.687606	78.555	-35.7839
1430.053817	78.554	-36.0591
1430.420028	78.573	-36.4531
1430.786239	78.576	-36.9839
1431.152450	78.560	-37.4119
1431.518661	78.561	-37.7622
1431.884872	78.565	-38.2261
1432.251083	78.550	-38.6775
1432.617294	78.539	-38.9976
1432.983505	78.545	-39.3467
1433.349716	78.546	-39.7446
1433.715927	78.550	-40.1177
1434.082138	78.557	-40.5317
1434.448349	78.559	-40.9478
1434.814560	78.568	-41.3435
1435.180771	78.578	-41.8347
1435.546982	78.570	-42.3179
1435.913193	78.566	-42.6924
1436.279404	78.574	-43.1201
1436.645615	78.569	-43.5601
1437.011826	78.571	-43.8999
1437.378036	78.588	-44.3235
1437.744247	78.589	-44.8191
1438.110458	78.588	-45.1968
1438.476669	78.605	-45.6389
1438.842880	78.600	-46.2080
1439.209091	78.575	-46.5737
1439.575302	78.585	-46.8181
1439.941513	78.607	-47.3010
1440.307724	78.590	-47.8240
1440.673935	78.573	-48.0747
1441.040146	78.598	-48.3213
1441.406357	78.626	-48.8501
1441.772568	78.615	-49.4319
1442.138779	78.593	-49.8093
1442.504990	78.594	-50.1108
1442.871201	78.604	-50.5312
1443.237412	78.599	-50.9966
1443.603623	78.590	-51.3669
1443.969834	78.595	-51.7256
1444.336045	78.600	-52.1763
1444.702256	78.593	-52.6128
1445.068467	78.591	-52.9780
1445.434678	78.600	-53.3911
1445.800889	78.604	-53.8667
1446.167100	78.602	-54.3230
1446.533311	78.602	-54.7993
1446.899522	78.589	-55.2957
1447.265733	78.568	-55.6685
1447.631944	78.565	-55.9297
1447.998155	78.581	-56.2798
1448.364366	78.589	-56.7256
1448.730576	78.591	-57.1077
1449.096787	78.608	-57.4949
1449.462998	78.620	-58.0154
1449.829209	78.609	-58.4961
1450.195420	78.605	-58.8271
1450.561631	78.622	-59.2217
1450.927842	78.627	-59.7549
1451.294053	78.608	-60.2244
1451.660264	78.591	-60.5234
1452.026475	78.598	-60.7627
1452.392686	78.624	-61.1440
1452.758897	78.634	-61.6946
1453.125108	78.615	-62.1567
1453.491319	78.609	-62.4512
1453.857530	78.625	-62.8291
1454.223741	78.628	-63.3313
1454.589952	78.616	-63.7642
1454.956163	78.612	-64.1235
1455.322374	78.617	-64.5205
1455.688585	78.618	-64.9683
1456.054796	78.610	-65.3965
1456.421007	78.604	-65.7446
1456.787218	78.614	-66.0957
1457.153429	78.626	-66.5518
1457.519640	78.625	-67.0220
1457.885851	78.623	-67.4443
1458.252062	78.622	-67.8857
1458.618273	78.614	-68.2949
1458.984484	78.615	-68.6260
1459.350695	78.630	-69.0225
1459.716906	78.636	-69.5356
1460.083116	78.621	-69.9956
1460.449327	78.610	-70.3093
1460.815538	78.620	-70.6074
1461.181749	78.639	-71.0291
1461.547960	78.644	-71.5273
1461.914171	78.638	-71.9902
1462.280382	78.629	-72.3975
1462.646593	78.623	-72.7495
1463.012804	78.629	-73.0679
1463.379015	78.648	-73.4714
1463.745226	78.658	-74.0093
1464.111437	78.643	-74.5151
1464.477648	78.629	-74.8503
1464.843859	78.642	-75.1709
1465.210070	78.660	-75.6819
1465.576281	78.646	-76.2285
1465.942492	78.627	-76.5679
1466.308703	78.639	-76.8687
1466.674914	78.654	-77.3374
1467.041125	78.651	-77.8027
1467.407336	78.656	-78.1963
1467.773547	78.666	-78.6936
1468.139758	78.654	-79.2097
1468.505969	78.640	-79.5916
1468.872180	78.638	-79.9653
1469.238391	78.632	-80.3521
1469.604602	78.631	-80.6555
1469.970813	78.648	-81.0325
1470.337024	78.650	-81.5210
1470.703235	78.639	-81.8760
1471.069445	78.655	-82.1895
1471.435656	78.672	-82.7107
1471.801867	78.656	-83.2114
1472.168078	78.648	-83.5049
1472.534289	78.668	-83.8848
1472.900500	78.673	-84.4292
1473.266711	78.658	-84.8721
1473.632922	78.656	-85.2334
1473.999133	78.658	-85.6680
1474.365344	78.649	-86.0784
1474.731555	78.650	-86.3970
1475.097766	78.669	-86.7876
1475.463977	78.679	-87.3396
1475.830188	78.660	-87.8491
1476.196399	78.644	-88.1411
1476.562610	78.661	-88.4355
1476.928821	78.679	-88.9414
1477.295032	78.670	-89.4351
1477.661243	78.667	-89.7998
1478.027454	78.674	-90.2466
1478.393665	78.662	-90.7104
1478.759876	78.651	-91.0085
1479.126087	78.665	-91.3352
1479.492298	78.672	-91.8000
1479.858509	78.663	-92.1821
1480.224720	78.672	-92.4849
1480.590931	78.693	-92.9355
1480.957142	78.692	-93.4824
1481.323353	78.676	-93.8979
1481.689564	78.677	-94.2354
1482.055775	78.686	-94.7007
1482.421985	78.672	-95.1885
1482.788196	78.657	-95.5022
1483.154407	78.671	-95.8364
1483.520618	78.678	-96.3535
1483.886829	78.661	-96.8081
1484.253040	78.656	-97.1426
1484.619251	78.660	-97.5547
1484.985462	78.653	-97.9629
1485.351673	78.655	-98.3130
1485.717884	78.661	-98.7661
1486.084095	78.647	-99.1748
1486.450306	78.651	-99.4177
1486.816517	78.683	-99.8247
1487.182728	78.689	-100.4233
1487.548939	78.671	-100.8547
1487.915150	78.675	-101.1958
1488.281361	78.682	-101.6567
1488.647572	78.674	-102.0806
1489.013783	78.676	-102.4316
1489.379994	78.683	-102.8479
1489.746205	78.683	-103.2583
1490.112416	78.691	-103.6484
1490.478627	78.698	-104.1313
1490.844838	78.686	-104.5811
1491.211049	78.684	-104.9082
1491.577260	78.699	-105.3354
1491.943471	78.692	-105.8804
1492.309682	78.667	-106.2451
1492.675893	78.671	-106.4851
1493.042104	78.692	-106.9272
1493.408314	78.684	-107.4526
1493.774525	78.669	-107.7900
1494.140736	78.679	-108.1350
1494.506947	78.681	-108.6140
1494.873158	78.669	-108.9707
1495.239369	78.687	-109.2932
1495.605580	78.704	-109.8696
1495.971791	78.676	-110.4214
1496.338002	78.652	-110.6719
1496.704213	78.669	-110.9336
1497.070424	78.687	-111.3909
1497.436635	78.689	-111.8418
1497.802846	78.698	-112.2808
1498.169057	78.702	-112.8140
1498.535268	78.686	-113.3208
1498.901479	78.666	-113.6951
1499.267690	78.660	-113.9868
1499.633901	78.671	-114.2861
1500.000112	78.694	-114.7109
1500.366323	78.700	-115.2695
1500.732534	78.680	-115.7529
1501.098745	78.665	-116.0400
1501.464956	78.680	-116.3179
1501.831167	78.701	-116.7637
1502.197378	78.704	-117.2771
1502.563589	78.696	-117.7163
1502.929800	78.692	-118.0879
1503.296011	78.699	-118.4490
1503.662222	78.715	-118.9180
1504.028433	78.706	-119.5000
1504.394644	78.671	-119.8694
1504.760854	78.674	-120.0083
1505.127065	78.716	-120.4414
1505.493276	78.708	-121.1245
1505.859487	78.666	-121.4553
1506.225698	78.677	-121.6123
1506.591909	78.707	-122.0869
1506.958120	78.695	-122.6118
1507.324331	78.686	-122.9253
1507.690542	78.702	-123.2898
1508.056753	78.709	-123.7729
1508.422964	78.707	-124.2332
1508.789175	78.702	-124.6675
1509.155386	78.697	-125.0601
1509.521597	78.702	-125.4343
1509.887808	78.711	-125.8936
1510.254019	78.707	-126.4075
1510.620230	78.689	-126.8501
1510.986441	78.675	-127.1597
1511.352652	78.685	-127.4534
1511.718863	78.702	-127.9060
1512.085074	78.694	-128.3855
1512.451285	78.688	-128.7158
1512.817496	78.704	-129.0864
1513.183707	78.710	-129.5662
1513.549918	78.708	-129.9790
1513.916129	78.717	-130.4167
1514.282340	78.710	-130.9185
1514.648551	78.696	-131.2627
1515.014762	78.709	-131.5747
1515.380973	78.723	-132.0854
1515.747184	78.708	-132.5640
1516.113394	78.700	-132.8630
1516.479605	78.716	-133.2288
1516.845816	78.721	-133.7251
1517.212027	78.708	-134.1340
1517.578238	78.710	-134.4209
1517.944449	78.734	-134.8208
1518.310660	78.739	-135.3997
1518.676871	78.713	-135.8477
1519.043082	78.709	-136.0894
1519.409293	78.734	-136.4951
1519.775504	78.729	-137.0618
1520.141715	78.704	-137.4082
1520.507926	78.715	-137.6602
1520.874137	78.734	-138.1279
1521.240348	78.728	-138.6228
1521.606559	78.723	-139.0039
1521.972770	78.725	-139.4514
1522.338981	78.709	-139.8835
1522.705192	78.700	-140.1250
1523.071403	78.730	-140.4219
1523.437614	78.758	-141.0166
1523.803825	78.740	-141.6626
1524.170036	78.704	-142.0430
1524.536247	78.698	-142.2627
1524.902458	78.718	-142.6011
1525.268669	78.728	-143.0681
1525.634880	78.728	-143.4956
1526.001091	78.738	-143.9116
1526.367302	78.744	-144.4370
1526.733513	78.726	-144.9368
1527.099723	78.709	-145.2566
1527.465934	78.716	-145.5659
1527.832145	78.723	-145.9863
1528.198356	78.719	-146.3455
1528.564567	78.736	-146.6523
1528.930778	78.763	-147.1377
1529.296989	78.765	-147.7324
1529.663200	78.747	-148.2095
1530.029411	78.735	-148.5825
1530.395622	78.732	-148.9316
1530.761833	78.737	-149.2900
1531.128044	78.744	-149.7188
1531.494255	78.740	-150.1719
1531.860466	78.732	-150.5540
1532.226677	78.732	-150.9033
1532.592888	78.738	-151.2776
1532.959099	78.746	-151.6880
1533.325310	78.749	-152.1460
1533.691521	78.741	-152.5806
1534.057732	78.737	-152.9321
1534.423943	78.748	-153.3188
1534.790154	78.751	-153.8147
1535.156365	78.734	-154.2510
1535.522576	78.728	-154.5337
1535.888787	78.748	-154.8796
1536.254998	78.759	-155.4143
1536.621209	78.741	-155.8911
1536.987420	78.732	-156.1809
1537.353631	78.750	-156.5356
1537.719842	78.759	-157.0581
1538.086053	78.745	-157.5366
1538.452263	78.732	-157.8967
1538.818474	78.729	-158.2244
1539.184685	78.736	-158.5522
1539.550896	78.751	-158.9573
1539.917107	78.754	-159.4604
1540.283318	78.738	-159.8765
1540.649529	78.736	-160.1650
1541.015740	78.753	-160.5273
1541.381951	78.763	-160.9878
1541.748162	78.767	-161.4487
1542.114373	78.766	-161.9512
1542.480584	78.745	-162.4053
1542.846795	78.731	-162.6606
1543.213006	78.753	-162.9517
1543.579217	78.771	-163.4817
1543.945428	78.756	-163.9800
1544.311639	78.747	-164.3074
1544.677850	78.755	-164.6787
1545.044061	78.757	-165.1074
1545.410272	78.758	-165.4858
1545.776483	78.766	-165.8962
1546.142694	78.767	-166.3467
1546.508905	78.765	-166.7532
1546.875116	78.767	-167.1555
1547.241327	78.766	-167.5581
1547.607538	78.769	-167.9189
1547.973749	78.782	-168.3198
1548.339960	78.788	-168.7959
1548.706171	78.785	-169.2458
1549.072382	78.783	-169.6462
1549.438592	78.786	-170.0596
1549.804803	78.786	-170.4956
1550.171014	78.780	-170.9121
1550.537225	78.776	-171.2700
1550.903436	78.783	-171.6108
1551.269647	78.797	-172.0327
1551.635858	78.801	-172.5146
1552.002069	78.798	-172.9590
1552.368280	78.797	-173.4043
1552.734491	78.786	-173.8701
1553.100702	78.765	-174.1973
1553.466913	78.772	-174.4185
1553.833124	78.802	-174.8274
1554.199335	78.804	-175.3975
1554.565546	78.784	-175.8140
1554.931757	78.783	-176.1094
1555.297968	78.796	-176.4934
1555.664179	78.803	-176.9360
1556.030390	78.805	-177.4041
1556.396601	78.792	-177.8740
1556.762812	78.774	-178.1704
1557.129023	78.790	-178.4014
1557.495234	78.821	-178.8887
1557.861445	78.813	-179.4763
1558.227656	78.792	-179.8481
1558.593867	78.795	179.8413
1558.960078	78.803	179.4277
1559.326289	78.805	179.0220
1559.692500	78.815	178.5803
1560.058711	78.811	178.0420
1560.424922	78.784	177.6306
1560.791132	78.778	177.3953
1561.157343	78.799	177.0425
1561.523554	78.804	176.5215
1561.889765	78.788	176.1162
1562.255976	78.793	175.8364
1562.622187	78.818	175.3872
1562.988398	78.813	174.7969
1563.354609	78.786	174.4053
1563.720820	78.789	174.1699
1564.087031	78.815	173.7480
1564.453242	78.815	173.2061
1564.819453	78.804	172.8223
1565.185664	78.817	172.4521
1565.551875	78.826	171.9160
1565.918086	78.809	171.4333
1566.284297	78.800	171.0908
1566.650508	78.803	170.7021
1567.016719	78.796	170.3105
1567.382930	78.797	170.0127
1567.749141	78.816	169.6587
1568.115352	78.830	169.2031
1568.481563	78.836	168.7493
1568.847774	78.841	168.2786
1569.213985	78.836	167.8081
1569.580196	78.828	167.4182
1569.946407	78.828	167.0557
1570.312618	78.833	166.6733
1570.678829	78.842	166.2673
1571.045040	78.847	165.7798
1571.411251	78.830	165.3198
1571.777461	78.816	165.0474
1572.143672	78.833	164.7900
1572.509883	78.858	164.3369
1572.876094	78.861	163.8037
1573.242305	78.850	163.3457
1573.608516	78.840	162.9749
1573.974727	78.842	162.6406
1574.340938	78.852	162.2173
1574.707149	78.846	161.7256
1575.073360	78.828	161.3792
1575.439571	78.836	161.1069
1575.805782	78.854	160.6465
1576.171993	78.842	160.1514
1576.538204	78.832	159.8560
1576.904415	78.854	159.5063
1577.270626	78.863	158.9380
1577.636837	78.841	158.4729
1578.003048	78.837	158.1731
1578.369259	78.850	157.7354
1578.735470	78.838	157.2490
1579.101681	78.828	156.9536
1579.467892	78.849	156.6233
1579.834103	78.866	156.0859
1580.200314	78.857	155.5771
1580.566525	78.851	155.1697
1580.932736	78.850	154.7505
1581.298947	78.850	154.3613
1581.665158	78.861	153.9551
1582.031369	78.867	153.4277
1582.397580	78.851	152.9556
1582.763791	78.843	152.6416
1583.130001	78.856	152.2747
1583.496212	78.861	151.8071
1583.862423	78.855	151.4043
1584.228634	78.860	151.0393
1584.594845	78.865	150.6284
1584.961056	78.867	150.2422
1585.327267	78.876	149.8706
1585.693478	78.888	149.4294
1586.059689	78.889	148.9824
1586.425900	78.892	148.5881
1586.792111	78.902	148.1650
1587.158322	78.909	147.6821
1587.524533	78.907	147.1865
1587.890744	78.896	146.7134
1588.256955	78.880	146.3198
1588.623166	78.873	146.0005
1588.989377	78.879	145.6533
1589.355588	78.887	145.2485
1589.721799	78.891	144.8008
1590.088010	78.885	144.3384
1590.454221	78.871	143.9866
1590.820432	78.879	143.7129
1591.186643	78.902	143.2866
1591.552854	78.904	142.7639
1591.919065	78.898	142.3630
1592.285276	78.910	141.9658
1592.651487	78.917	141.4551
1593.017698	78.909	140.9810
1593.383909	78.906	140.5513
1593.750120	78.899	140.0986
1594.116331	78.886	139.7485
1594.482541	78.896	139.4526
1594.848752	78.917	138.9880
1595.214963	78.913	138.4553
1595.581174	78.901	138.0674
1595.947385	78.908	137.7012
1596.313596	78.913	137.2290
1596.679807	78.904	136.7937
1597.046018	78.901	136.4429
1597.412229	78.906	136.0510
1597.778440	78.906	135.6438
1598.144651	78.909	135.2886
1598.510862	78.921	134.8862
1598.877073	78.925	134.4365
1599.243284	78.927	134.0527
1599.609495	78.945	133.6240
1599.975706	78.950	133.0574
1600.341917	78.930	132.5698
1600.708128	78.920	132.2419
1601.074339	78.927	131.8604
1601.440550	78.925	131.4014
1601.806761	78.914	131.0354
1602.172972	78.920	130.7258
1602.539183	78.938	130.3113
1602.905394	78.942	129.8149
1603.271605	78.936	129.3892
1603.637816	78.942	129.0115
1604.004027	78.954	128.5161
1604.370238	78.943	127.9795
1604.736449	78.925	127.6157
1605.102660	78.934	127.2861
1605.468870	78.944	126.7773
1605.835081	78.926	126.2930
1606.201292	78.916	125.9983
1606.567503	78.934	125.6455
1606.933714	78.944	125.1069
1607.299925	78.926	124.6204
1607.666136	78.912	124.3167
1608.032347	78.926	124.0288
1608.398558	78.952	123.5725
1608.764769	78.958	122.9861
1609.130980	78.939	122.4810
1609.497191	78.927	122.1245
1609.863402	78.933	121.7397
1610.229613	78.929	121.2729
1610.595824	78.916	120.9131
1610.962035	78.925	120.6316
1611.328246	78.949	120.1643
1611.694457	78.943	119.5881
1612.060668	78.919	119.2104
1612.426879	78.923	118.9458
1612.793090	78.942	118.5408
1613.159301	78.949	118.0435
1613.525512	78.944	117.5767
1613.891723	78.935	117.1697
1614.257934	78.935	116.8425
1614.624145	78.955	116.4624
1614.990356	78.969	115.9036
1615.356567	78.954	115.3613
1615.722778	78.936	115.0015
1616.088989	78.942	114.6709
1616.455200	78.952	114.2361
1616.821410	78.953	113.7568
1617.187621	78.947	113.3096
1617.553832	78.940	112.9062
1617.920043	78.935	112.5356
1618.286254	78.938	112.1860
1618.652465	78.950	111.7871
1619.018676	78.953	111.3074
1619.384887	78.942	110.9092
1619.751098	78.949	110.6099
1620.117309	78.973	110.1465
1620.483520	78.968	109.5645
1620.849731	78.945	109.1724
1621.215942	78.946	108.8804
1621.582153	78.957	108.4775
1621.948364	78.961	108.0532
1622.314575	78.971	107.6216
1622.680786	78.976	107.0884
1623.046997	78.959	106.5732
1623.413208	78.939	106.1914
1623.779419	78.933	105.8586
1624.145630	78.934	105.4937
1624.511841	78.936	105.1025
1624.878052	78.938	104.7080
1625.244263	78.943	104.3022
1625.610474	78.947	103.8613
1625.976685	78.945	103.4253
1626.342896	78.945	103.0420
1626.709107	78.956	102.6431
1627.075318	78.968	102.1479
1627.441529	78.966	101.6030
1627.807739	78.949	101.1318
1628.173950	78.937	100.7820
1628.540161	78.943	100.4385
1628.906372	78.952	99.9937
1629.272583	78.950	99.5293
1629.638794	78.946	99.1235
1630.005005	78.947	98.7090
1630.371216	78.944	98.2842
1630.737427	78.941	97.9038
1631.103638	78.946	97.5063
1631.469849	78.946	97.0747
1631.836060	78.943	96.6863
1632.202271	78.948	96.2920
1632.568482	78.947	95.8555
1632.934693	78.944	95.4888
1633.300904	78.959	95.1104
1633.667115	78.968	94.5620
1634.033326	78.946	94.0654
1634.399537	78.933	93.7856
1634.765748	78.952	93.4285
1635.131959	78.956	92.9019
1635.498170	78.944	92.4714
1635.864381	78.948	92.0815
1636.230592	78.947	91.5635
1636.596803	78.922	91.1287
1636.963014	78.913	90.8682
1637.329225	78.929	90.5171
1637.695436	78.933	90.0269
1638.061647	78.921	89.6147
1638.427858	78.921	89.3052
1638.794069	78.938	88.9331
1639.160279	78.951	88.4404
1639.526490	78.947	87.9551
1639.892701	78.945	87.5630
1640.258912	78.956	87.1411
1640.625123	78.961	86.6172
1640.991334	78.948	86.1460
1641.357545	78.942	85.7817
1641.723756	78.950	85.3774
1642.089967	78.952	84.9141
1642.456178	78.950	84.4807
1642.822389	78.950	84.0586
1643.188600	78.949	83.6255
1643.554811	78.949	83.2095
1643.921022	78.953	82.7769
1644.287233	78.954	82.3025
1644.653444	78.946	81.8340
1645.019655	78.933	81.4170
1645.385866	78.925	81.0647
1645.752077	78.928	80.7112
1646.118288	78.931	80.2832
1646.484499	78.923	79.8889
1646.850710	78.928	79.5864
1647.216921	78.953	79.1653
1647.583132	78.958	78.5977
1647.949343	78.944	78.1411
1648.315554	78.947	77.7632
1648.681765	78.954	77.2729
1649.047976	78.946	76.7771
1649.414187	78.940	76.3413
1649.780398	78.934	75.8777
1650.146609	78.919	75.4858
1650.512819	78.922	75.1650
1650.879030	78.936	74.7070
1651.245241	78.929	74.1973
1651.611452	78.918	73.8164
1651.977663	78.921	73.4373
1652.343874	78.919	73.0171
1652.710085	78.918	72.6716
1653.076296	78.933	72.3008
1653.442507	78.943	71.8152
1653.808718	78.937	71.3579
1654.174929	78.935	70.9966
1654.541140	78.947	70.6138
1654.907351	78.958	70.1160
1655.273562	78.947	69.6194
1655.639773	78.936	69.2949
1656.005984	78.957	68.9551
1656.372195	78.974	68.3408
1656.738406	78.942	67.7524
1657.104617	78.910	67.4966
1657.470828	78.924	67.2483
1657.837039	78.938	66.7737
1658.203250	78.929	66.3179
1658.569461	78.929	65.9395
1658.935672	78.934	65.4683
1659.301883	78.922	64.9883
1659.668094	78.910	64.6284
1660.034305	78.914	64.2734
1660.400516	78.921	63.8264
1660.766727	78.918	63.3726
1661.132938	78.915	62.9795
1661.499148	78.925	62.5710
1661.865359	78.936	62.0547
1662.231570	78.927	61.4971
1662.597781	78.905	61.0603
1662.963992	78.898	60.7283
1663.330203	78.905	60.3247
1663.696414	78.900	59.8621
1664.062625	78.890	59.4917
1664.428836	78.896	59.1411
1664.795047	78.901	58.6978
1665.161258	78.895	58.2949
1665.527469	78.902	57.9529
1665.893680	78.918	57.4763
1666.259891	78.908	56.9487
1666.626102	78.891	56.6094
1666.992313	78.906	56.2979
1667.358524	78.923	55.7563
1667.724735	78.902	55.1968
1668.090946	78.877	54.8970
1668.457157	78.891	54.6309
1668.823368	78.910	54.1304
1669.189579	78.898	53.6069
1669.555790	78.887	53.2441
1669.922001	78.894	52.8479
1670.288212	78.892	52.3735
1670.654423	78.883	51.9922
1671.020634	78.893	51.6213
1671.386845	78.902	51.1147
1671.753056	78.889	50.6064
1672.119267	78.872	50.2417
1672.485478	78.872	49.9639
1672.851688	78.895	49.6177
1673.217899	78.918	49.0977
1673.584110	78.917	48.5039
1673.950321	78.900	48.0127
1674.316532	78.888	47.6123
1674.682743	78.882	47.2163
1675.048954	78.877	46.8188
1675.415165	78.871	46.4312
1675.781376	78.866	46.0874
1676.147587	78.874	45.7676
1676.513798	78.892	45.3411
1676.880009	78.896	44.8152
1677.246220	78.885	44.3496
1677.612431	78.879	43.9360
1677.978642	78.872	43.5112
1678.344853	78.865	43.1472
1678.711064	78.875	42.7788
1679.077275	78.884	42.2524
1679.443486	78.865	41.7290
1679.809697	78.845	41.4031
1680.175908	78.854	41.0708
1680.542119	78.857	40.5967
1680.908330	78.847	40.1992
1681.274541	78.856	39.8633
1681.640752	78.872	39.3481
1682.006963	78.858	38.8108
1682.373174	78.845	38.4531
1682.739385	78.852	38.0547
1683.105596	78.845	37.5815
1683.471807	78.834	37.2676
1683.838017	78.855	36.9409
1684.204228	78.872	36.3848
1684.570439	78.856	35.8525
1684.936650	78.843	35.4802
1685.302861	78.843	35.1099
1685.669072	78.848	34.7119
1686.035283	78.855	34.2520
1686.401494	78.846	33.7407
1686.767705	78.828	33.3828
1687.133916	78.840	33.0518
1687.500127	78.848	32.5029
1687.866338	78.823	32.0317
1688.232549	78.819	31.7585
1688.598760	78.836	31.3057
1688.964971	78.823	30.7747
1689.331182	78.810	30.4639
1689.697393	78.829	30.0796
1690.063604	78.829	29.5190
1690.429815	78.811	29.1187
1690.796026	78.819	28.7812
1691.162237	78.829	28.2773
1691.528448	78.817	27.8145
1691.894659	78.818	27.4631
1692.260870	78.831	26.9980
1692.627081	78.823	26.4712
1692.993292	78.806	26.1055
1693.359503	78.814	25.7998
1693.725714	78.831	25.3335
1694.091925	78.824	24.8198
1694.458136	78.811	24.4512
1694.824347	78.817	24.0947
1695.190557	78.817	23.6477
1695.556768	78.808	23.2764
1695.922979	78.816	22.9580
1696.289190	78.831	22.4941
1696.655401	78.822	21.9937
1697.021612	78.811	21.6377
1697.387823	78.822	21.2637
1697.754034	78.826	20.7310
1698.120245	78.804	20.2441
1698.486456	78.788	19.9180
1698.852667	78.793	19.5415
1699.218878	78.785	19.0752
1699.585089	78.768	18.7417
1699.951300	78.780	18.4580
1700.317511	78.802	17.9756
1700.683722	78.798	17.4282
1701.049933	78.790	16.9844
1701.416144	78.788	16.5293
1701.782355	78.777	16.0906
1702.148566	78.777	15.7393
1702.514777	78.792	15.2847
1702.880988	78.787	14.7305
1703.247199	78.769	14.3269
1703.613410	78.773	13.9941
1703.979621	78.784	13.5359
1704.345832	78.780	13.0691
1704.712043	78.780	12.6567
1705.078254	78.782	12.1816
1705.444465	78.768	11.7185
1705.810676	78.755	11.3730
1706.176886	78.756	11.0337
1706.543097	78.758	10.6426
1706.909308	78.758	10.2585
1707.275519	78.760	9.8652
1707.641730	78.760	9.4502
1708.007941	78.758	9.0393
1708.374152	78.755	8.6211
1708.740363	78.749	8.2227
1709.106574	78.749	7.8472
1709.472785	78.752	7.4045
1709.838996	78.740	6.9404
1710.205207	78.726	6.5923
1710.571418	78.731	6.2720
1710.937629	78.743	5.8154
1711.303840	78.736	5.3057
1711.670051	78.720	4.9092
1712.036262	78.720	4.5840
1712.402473	78.733	4.1738
1712.768684	78.738	3.6560
1713.134895	78.725	3.1592
1713.501106	78.710	2.7744
1713.867317	78.709	2.4409
1714.233528	78.717	2.0339
1714.599739	78.716	1.5691
1714.965950	78.708	1.1643
1715.332161	78.710	0.7988
1715.698372	78.716	0.3691
1716.064583	78.712	-0.0659
1716.430794	78.711	-0.4363
1716.797005	78.722	-0.8550
1717.163216	78.723	-1.3652
1717.529426	78.710	-1.8130
1717.895637	78.706	-2.1746
1718.261848	78.714	-2.6250
1718.628059	78.702	-3.1462
1718.994270	78.678	-3.5171
1719.360481	78.677	-3.7825
1719.726692	78.692	-4.1826
1720.092903	78.692	-4.6765
1720.459114	78.683	-5.0952
1720.825325	78.683	-5.4878
1721.191536	78.683	-5.9170
1721.557747	78.682	-6.3508
1721.923958	78.680	-6.7981
1722.290169	78.673	-7.2393
1722.656380	78.668	-7.6553
1723.022591	78.662	-8.0869
1723.388802	78.650	-8.4805
1723.755013	78.648	-8.8062
1724.121224	78.659	-9.2039
1724.487435	78.660	-9.6963
1724.853646	78.648	-10.1313
1725.219857	78.642	-10.4985
1725.586068	78.642	-10.8911
1725.952279	78.640	-11.2935
1726.318490	78.639	-11.6631
1726.684701	78.648	-12.0647
1727.050912	78.653	-12.5527
1727.417123	78.641	-13.0273
1727.783334	78.629	-13.3901
1728.149545	78.632	-13.7407
1728.515756	78.636	-14.1621
1728.881966	78.634	-14.5598
1729.248177	78.643	-14.9451
1729.614388	78.652	-15.4443
1729.980599	78.639	-15.9346
1730.346810	78.629	-16.2524
1730.713021	78.647	-16.6018
1731.079232	78.661	-17.1455
1731.445443	78.649	-17.6726
1731.811654	78.637	-18.0908
1732.177865	78.628	-18.5083
1732.544076	78.616	-18.8589
1732.910287	78.621	-19.1643
1733.276498	78.633	-19.6062
1733.642709	78.625	-20.0559
1734.008920	78.624	-20.3867
1734.375131	78.640	-20.8210
1734.741342	78.634	-21.3494
1735.107553	78.617	-21.7368
1735.473764	78.619	-22.0957
1735.839975	78.617	-22.5586
1736.206186	78.601	-22.9756
1736.572397	78.590	-23.2893
1736.938608	78.595	-23.5928
1737.304819	78.612	-23.9839
1737.671030	78.619	-24.5251
1738.037241	78.595	-25.0234
1738.403452	78.578	-25.2781
1738.769663	78.602	-25.5684
1739.135874	78.621	-26.1509
1739.502085	78.599	-26.7002
1739.868295	78.584	-27.0093
1740.234506	78.600	-27.4053
1740.600717	78.597	-27.9614
1740.966928	78.575	-28.3608
1741.333139	78.581	-28.6794
1741.699350	78.593	-29.1953
1742.065561	78.573	-29.7256
1742.431772	78.553	-30.0640
1742.797983	78.555	-30.3906
1743.164194	78.557	-30.8059
1743.530405	78.551	-31.2051
1743.896616	78.549	-31.5474
1744.262827	78.560	-31.8782
1744.629038	78.583	-32.3345
1744.995249	78.585	-32.9429
1745.361460	78.557	-33.4253
1745.727671	78.544	-33.7217
1746.093882	78.551	-34.1128
1746.460093	78.540	-34.5532
1746.826304	78.530	-34.8276
1747.192515	78.553	-35.1414
1747.558726	78.571	-35.6902
1747.924937	78.554	-36.2407
1748.291148	78.532	-36.5918
1748.657359	78.536	-36.8789
1749.023570	78.554	-37.3257
1749.389781	78.548	-37.8923
1749.755992	78.518	-38.2939
1750.122203	78.514	-38.5220
1750.488414	78.539	-38.9084
1750.854625	78.544	-39.4895
1751.220835	78.522	-39.9751
1751.587046	78.507	-40.3328
1751.953257	78.503	-40.7090
1752.319468	78.497	-41.0833
1752.685679	78.499	-41.4343
1753.051890	78.509	-41.8584
1753.418101	78.510	-42.3613
1753.784312	78.495	-42.8237
1754.150523	78.483	-43.1860
1754.516734	78.484	-43.5225
1754.882945	78.494	-43.9324
1755.249156	78.497	-44.4192
1755.615367	78.486	-44.8879
1755.981578	78.475	-45.2595
1756.347789	78.480	-45.6040
1756.714000	78.493	-46.0718
1757.080211	78.484	-46.6082
1757.446422	78.461	-46.9897
1757.812633	78.463	-47.2676
1758.178844	78.480	-47.6907
1758.545055	78.478	-48.2061
1758.911266	78.467	-48.6348
1759.277477	78.463	-49.0559
1759.643688	78.449	-49.4746
1760.009899	78.440	-49.7617
1760.376110	78.460	-50.1099
1760.742321	78.468	-50.6768
1761.108532	78.443	-51.1509
1761.474743	78.435	-51.4414
1761.840954	78.447	-51.8672
1762.207164	78.435	-52.3743
1762.573375	78.418	-52.7148
1762.939586	78.425	-53.0542
1763.305797	78.430	-53.5303
1763.672008	78.420	-53.9863
1764.038219	78.415	-54.4082
1764.404430	78.404	-54.8621
1764.770641	78.384	-55.2307
1765.136852	78.381	-55.4863
1765.503063	78.403	-55.8354
1765.869274	78.417	-56.3931
1766.235485	78.398	-56.9561
1766.601696	78.370	-57.2959
1766.967907	78.371	-57.5381
1767.334118	78.391	-57.9287
1767.700329	78.397	-58.4270
1768.066540	78.392	-58.8940
1768.432751	78.385	-59.3457
1768.798962	78.372	-59.7644
1769.165173	78.364	-60.0947
1769.531384	78.373	-60.4429
1769.897595	78.381	-60.9211
1770.263806	78.370	-61.4082
1770.630017	78.357	-61.7788
1770.996228	78.358	-62.1565
1771.362439	78.352	-62.6108
1771.728650	78.333	-62.9526
1772.094861	78.340	-63.1877
1772.461072	78.369	-63.6191
1772.827283	78.369	-64.2266
1773.193494	78.342	-64.6580
1773.559704	78.338	-64.9326
1773.925915	78.354	-65.3445
1774.292126	78.353	-65.8618
1774.658337	78.341	-66.3052
1775.024548	78.330	-66.7070
1775.390759	78.318	-67.0669
1775.756970	78.318	-67.3464
1776.123181	78.340	-67.7170
1776.489392	78.350	-68.2480
1776.855603	78.338	-68.7417
1777.221814	78.327	-69.1455
1777.588025	78.320	-69.5249
1777.954236	78.319	-69.8640
1778.320447	78.333	-70.2791
1778.686658	78.331	-70.8281
1779.052869	78.305	-71.2656
1779.419080	78.295	-71.5479
1779.785291	78.304	-71.9131
1780.151502	78.304	-72.3462
1780.517713	78.303	-72.7468
1780.883924	78.306	-73.2129
1781.250135	78.291	-73.6875
1781.616346	78.276	-74.0188
1781.982557	78.285	-74.3657
1782.348768	78.293	-74.8655
1782.714979	78.281	-75.3555
1783.081190	78.271	-75.7856
1783.447401	78.257	-76.2261
1783.813612	78.237	-76.5505
1784.179823	78.246	-76.7852
1784.546034	78.278	-77.2490
1784.912244	78.274	-77.8945
1785.278455	78.242	-78.3354
1785.644666	78.235	-78.6138
1786.010877	78.246	-79.0164
1786.377088	78.241	-79.4805
1786.743299	78.235	-79.8596
1787.109510	78.239	-80.2517
1787.475721	78.240	-80.7188
1787.841932	78.228	-81.1602
1788.208143	78.216	-81.5015
1788.574354	78.223	-81.8103
1788.940565	78.242	-82.2642
1789.306776	78.234	-82.8486
1789.672987	78.200	-83.2405
1790.039198	78.198	-83.4243
1790.405409	78.229	-83.8350
1790.771620	78.222	-84.4585
1791.137831	78.188	-84.8203
1791.504042	78.193	-85.0273
1791.870253	78.216	-85.4907
1792.236464	78.205	-86.0234
1792.602675	78.191	-86.3679
1792.968886	78.200	-86.7378
1793.335097	78.203	-87.2195
1793.701308	78.196	-87.6650
1794.067519	78.192	-88.1089
1794.433730	78.178	-88.5647
1794.799941	78.162	-88.9216
1795.166152	78.160	-89.2373
1795.532363	78.166	-89.6208
1795.898573	78.168	-90.0352
1796.264784	78.171	-90.4604
1796.630995	78.170	-90.9221
1796.997206	78.158	-91.3667
1797.363417	78.145	-91.7249
1797.729628	78.147	-92.0271
1798.095839	78.168	-92.4214
1798.462050	78.179	-93.0059
1798.828261	78.153	-93.5964
1799.194472	78.115	-93.9309
1799.560683	78.111	-94.1006
1799.926894	78.140	-94.4412
1800.293105	78.152	-95.0151
1800.659316	78.133	-95.5239
1801.025527	78.122	-95.8503
1801.391738	78.136	-96.2583
1801.757949	78.134	-96.8105
1802.124160	78.113	-97.2378
1802.490371	78.115	-97.5918
1802.856582	78.119	-98.1113
1803.222793	78.095	-98.6145
1803.589004	78.073	-98.9209
1803.955215	78.076	-99.2280
1804.321426	78.081	-99.6274
1804.687637	78.081	-100.0508
1805.053848	78.075	-100.4861
1805.420059	78.064	-100.8398
1805.786270	78.071	-101.1421
1806.152481	78.087	-101.5879
1806.518692	78.083	-102.0742
1806.884903	78.080	-102.4702
1807.251113	78.083	-102.9521
1807.617324	78.061	-103.4385
1807.983535	78.041	-103.7026
1808.349746	78.057	-104.0005
1808.715957	78.063	-104.5198
1809.082168	78.042	-104.9392
1809.448379	78.042	-105.2034
1809.814590	78.064	-105.6514
1810.180801	78.056	-106.2390
1810.547012	78.029	-106.6501
1810.913223	78.024	-106.9648
1811.279434	78.027	-107.4038
1811.645645	78.012	-107.8364
1812.011856	78.004	-108.1433
1812.378067	78.018	-108.5244
1812.744278	78.019	-109.0378
1813.110489	78.004	-109.4700
1813.476700	78.002	-109.8247
1813.842911	78.006	-110.2693
1814.209122	77.996	-110.7305
1814.575333	77.986	-111.0862
1814.941544	77.992	-111.4324
1815.307755	78.001	-111.8784
1815.673966	77.999	-112.3760
1816.040177	77.984	-112.8171
1816.406388	77.972	-113.1738
1816.772599	77.971	-113.5137
1817.138810	77.974	-113.8826
1817.505021	77.981	-114.2844
1817.871232	77.986	-114.7617
1818.237442	77.972	-115.2693
1818.603653	77.945	-115.6260
1818.969864	77.942	-115.8499
1819.336075	77.965	-116.2041
1819.702286	77.975	-116.7412
1820.068497	77.962	-117.2473
1820.434708	77.949	-117.6665
1820.800919	77.939	-118.0757
1821.167130	77.930	-118.4502
1821.533341	77.934	-118.8403
1821.899552	77.934	-119.3462
1822.265763	77.912	-119.8047
1822.631974	77.901	-120.1006
1822.998185	77.917	-120.4805
1823.364396	77.921	-121.0259
1823.730607	77.905	-121.5034
1824.096818	77.896	-121.9106
1824.463029	77.887	-122.3462
1824.829240	77.874	-122.6978
1825.195451	77.884	-123.0276
1825.561662	77.897	-123.5369
1825.927873	77.880	-124.0718
1826.294084	77.856	-124.4067
1826.660295	77.859	-124.6716
1827.026506	77.876	-125.0640
1827.392717	77.881	-125.5552
1827.758928	77.872	-126.0020
1828.125139	77.869	-126.3813
1828.491350	77.874	-126.8435
1828.857561	77.856	-127.3523
1829.223772	77.827	-127.6470
1829.589982	77.835	-127.8430
1829.956193	77.862	-128.2864
1830.322404	77.856	-128.8345
1830.688615	77.843	-129.2314
1831.054826	77.845	-129.6604
1831.421037	77.830	-130.1616
1831.787248	77.805	-130.5078
1832.153459	77.803	-130.7952
1832.519670	77.807	-131.1826
1832.885881	77.807	-131.5647
1833.252092	77.817	-131.9834
1833.618303	77.816	-132.5247
1833.984514	77.792	-132.9736
1834.350725	77.782	-133.2668
1834.716936	77.793	-133.6499
1835.083147	77.791	-134.1323
1835.449358	77.780	-134.5244
1835.815569	77.783	-134.8896
1836.181780	77.787	-135.3530
1836.547991	77.778	-135.7979
1836.914202	77.775	-136.1846
1837.280413	77.774	-136.6465
1837.646624	77.753	-137.0757
1838.012835	77.744	-137.3384
1838.379046	77.761	-137.7000
1838.745257	77.759	-138.2344
1839.111468	77.735	-138.5996
1839.477679	77.740	-138.8687
1839.843890	77.752	-139.3350
1840.210101	77.738	-139.7842
1840.576311	77.737	-140.1228
1840.942522	77.741	-140.6138
1841.308733	77.715	-141.0728
1841.674944	77.702	-141.2969
1842.041155	77.725	-141.6577
1842.407366	77.723	-142.2129
1842.773577	77.702	-142.5908
1843.139788	77.708	-142.9158
1843.505999	77.714	-143.4194
1843.872210	77.696	-143.8679
1844.238421	77.690	-144.1914
1844.604632	77.699	-144.5994
1844.970843	77.698	-145.0637
1845.337054	77.695	-145.5044
1845.703265	77.689	-145.9739
1846.069476	77.673	-146.4148
1846.435687	77.658	-146.7661
1846.801898	77.654	-147.0898
1847.168109	77.659	-147.4412
1847.534320	77.667	-147.8699
1847.900531	77.660	-148.3413
1848.266742	77.645	-148.7180
1848.632953	77.644	-149.0396
1848.999164	77.649	-149.4302
1849.365375	77.649	-149.8411
1849.731586	77.651	-150.2627
1850.097797	77.645	-150.7288
1850.464008	77.630	-151.1230
1850.830219	77.628	-151.4492
1851.196430	77.637	-151.8652
1851.562641	77.637	-152.3489
1851.928851	77.626	-152.8232
1852.295062	77.607	-153.2505
1852.661273	77.592	-153.5771
1853.027484	77.596	-153.9033
1853.393695	77.601	-154.3447
1853.759906	77.593	-154.7832
1854.126117	77.590	-155.1763
1854.492328	77.588	-155.6194
1854.858539	77.576	-156.0308
1855.224750	77.574	-156.3728
1855.590961	77.579	-156.7820
1855.957172	77.575	-157.2266
1856.323383	77.569	-157.6060
1856.689594	77.570	-157.9973
1857.055805	77.565	-158.4189
1857.422016	77.557	-158.7771
1857.788227	77.561	-159.1086
1858.154438	77.570	-159.5227
1858.520649	77.565	-159.9951
1858.886860	77.547	-160.3796
1859.253071	77.540	-160.6455
1859.619282	77.555	-160.9712
1859.985493	77.565	-161.4475
1860.351704	77.555	-161.9189
1860.717915	77.544	-162.3096
1861.084126	77.537	-162.7122
1861.450337	77.525	-163.1162
1861.816548	77.513	-163.4585
1862.182759	77.510	-163.7917
1862.548970	77.512	-164.1536
1862.915181	77.519	-164.5432
1863.281391	77.528	-165.0349
1863.647602	77.517	-165.6104
1864.013813	77.484	-166.0667
1864.380024	77.462	-166.3469
1864.746235	77.464	-166.6387
1865.112446	77.469	-167.0374
1865.478657	77.466	-167.4590
1865.844868	77.461	-167.8474
1866.211079	77.461	-168.2290
1866.577290	77.463	-168.6536
1866.943501	77.455	-169.1021
1867.309712	77.442	-169.4626
1867.675923	77.445	-169.7734
1868.042134	77.456	-170.1997
1868.408345	77.449	-170.6665
1868.774556	77.439	-171.0303
1869.140767	77.442	-171.4053
1869.506978	77.439	-171.8423
1869.873189	77.432	-172.2468
1870.239400	77.428	-172.6685
1870.605611	77.413	-173.0955
1870.971822	77.399	-173.4146
1871.338033	77.403	-173.7554
1871.704244	77.400	-174.2141
1872.070455	77.382	-174.6006
1872.436666	77.380	-174.9033
1872.802877	77.388	-175.3169
1873.169088	77.380	-175.7981
1873.535299	77.361	-176.1846
1873.901510	77.354	-176.4954
1874.267720	77.361	-176.8423
1874.633931	77.368	-177.2805
1875.000142	77.363	-177.7532
1875.366353	77.351	-178.1602
1875.732564	77.349	-178.5217
1876.098775	77.354	-178.9563
1876.464986	77.344	-179.4475
1876.831197	77.320	-179.8140
1877.197408	77.318	179.9448
1877.563619	77.338	179.5610
1877.929830	77.338	179.0186
1878.296041	77.316	178.6150
1878.662252	77.314	178.3025
1879.028463	77.316	177.8530
1879.394674	77.295	177.4553
1879.760885	77.292	177.2114
1880.127096	77.312	176.8032
1880.493307	77.303	176.2544
1880.859518	77.275	175.9021
1881.225729	77.274	175.6411
1881.591940	77.282	175.2500
1881.958151	77.279	174.8398
1882.324362	77.278	174.4448
1882.690573	77.271	174.0190
1883.056784	77.261	173.6802
1883.422995	77.270	173.3525
1883.789206	77.278	172.8721
1884.155417	77.264	172.4375
1884.521628	77.266	172.1235
1884.887839	77.282	171.6296
1885.254050	77.262	171.0469
1885.620260	77.228	170.7322
1885.986471	77.233	170.4937
1886.352682	77.243	170.0540
1886.718893	77.232	169.6130
1887.085104	77.225	169.2578
1887.451315	77.222	168.8457
1887.817526	77.207	168.4963
1888.183737	77.213	168.2253
1888.549948	77.233	167.7568
1888.916159	77.219	167.1938
1889.282370	77.192	166.8433
1889.648581	77.192	166.5439
1890.014792	77.193	166.1162
1890.381003	77.180	165.7344
1890.747214	77.180	165.4082
1891.113425	77.186	164.9890
1891.479636	77.181	164.5398
1891.845847	77.174	164.1187
1892.212058	77.165	163.7000
1892.578269	77.153	163.3308
1892.944480	77.151	162.9749
1893.310691	77.148	162.5786
1893.676902	77.144	162.2234
1894.043113	77.153	161.8589
1894.409324	77.160	161.3669
1894.775535	77.146	160.8682
1895.141746	77.126	160.4863
1895.507957	77.116	160.1602
1895.874168	77.112	159.8374
1896.240379	77.113	159.5029
1896.606589	77.117	159.1545
1896.972800	77.126	158.7935
1897.339011	77.139	158.3467
1897.705222	77.136	157.8352
1898.071433	77.122	157.4033
1898.437644	77.116	157.0259
1898.803855	77.113	156.6084
1899.170066	77.105	156.1809
1899.536277	77.093	155.7556
1899.902488	77.075	155.3706
1900.268699	77.063	155.0750
1900.634910	77.068	154.7317
1901.001121	77.063	154.3049
1901.367332	77.051	153.9651
1901.733543	77.058	153.6343
1902.099754	77.064	153.1570
1902.465965	77.047	152.6865
1902.832176	77.027	152.3435
1903.198387	77.020	152.0669
1903.564598	77.031	151.7825
1903.930809	77.053	151.3257
1904.297020	77.043	150.7324
1904.663231	77.009	150.3621
1905.029442	77.008	150.1558
1905.395653	77.027	149.7388
1905.761864	77.017	149.2563
1906.128075	77.008	148.9336
1906.494286	77.018	148.5356
1906.860497	77.008	148.0574
1907.226708	76.993	147.7402
1907.592919	77.005	147.4185
1907.959129	77.011	146.9380
1908.325340	76.998	146.5149
1908.691551	76.995	146.1733
1909.057762	77.000	145.7576
1909.423973	76.995	145.3228
1909.790184	76.990	144.9241
1910.156395	76.986	144.5212
1910.522606	76.983	144.1238
1910.888817	76.982	143.6968
1911.255028	76.971	143.2488
1911.621239	76.955	142.8894
1911.987450	76.955	142.5583
1912.353661	76.956	142.1392
1912.719872	76.947	141.7126
1913.086083	76.937	141.3369
1913.452294	76.929	140.9844
1913.818505	76.929	140.6555
1914.184716	76.941	140.2478
1914.550927	76.939	139.7146
1914.917138	76.914	139.2449
1915.283349	76.891	138.9141
1915.649560	76.878	138.6338
1916.015771	76.880	138.3704
1916.381982	76.897	138.0054
1916.748193	76.900	137.4922
1917.114404	76.881	137.0615
1917.480615	76.874	136.7412
1917.846826	76.874	136.3408
1918.213037	76.862	135.9509
1918.579248	76.857	135.6536
1918.945459	76.866	135.2959
1919.311669	76.871	134.8787
1919.677880	76.876	134.4255
1920.044091	76.865	133.8967
1920.410302	76.830	133.5261
1920.776513	76.824	133.3750
1921.142724	76.857	133.0276
1921.508935	76.862	132.4211
1921.875146	76.832	131.9602
1922.241357	76.816	131.6782
1922.607568	76.816	131.3501
1922.973779	76.815	130.9792
1923.339990	76.816	130.5972
1923.706201	76.812	130.1702
1924.072412	76.797	129.7844
1924.438623	76.790	129.4917
1924.804834	76.800	129.1543
1925.171045	76.805	128.6948
1925.537256	76.792	128.2681
1925.903467	76.787	127.9407
1926.269678	76.795	127.5366
1926.635889	76.788	127.0618
1927.002100	76.773	126.7090
1927.368311	76.778	126.3738
1927.734522	76.783	125.9014
1928.100733	76.768	125.4570
1928.466944	76.759	125.1067
1928.833155	76.756	124.7351
1929.199366	76.754	124.3765
1929.565577	76.763	123.9983
1929.931788	76.767	123.4971
1930.297998	76.750	123.0205
1930.664209	76.734	122.6665
1931.030420	76.727	122.3186
1931.396631	76.721	121.9910
1931.762842	76.727	121.6833
1932.129053	76.738	121.2583
1932.495264	76.730	120.8125
1932.861475	76.723	120.4988
1933.227686	76.738	120.1479
1933.593897	76.745	119.6445
1933.960108	76.730	119.1777
1934.326319	76.717	118.8352
1934.692530	76.718	118.4758
1935.058741	76.714	118.0637
1935.424952	76.705	117.7012
1935.791163	76.706	117.3491
1936.157374	76.705	116.9067
1936.523585	76.686	116.5042
1936.889796	76.676	116.2490
1937.256007	76.692	115.9226
1937.622218	76.697	115.4143
1937.988429	76.675	114.9736
1938.354640	76.664	114.6750
1938.720851	76.668	114.3037
1939.087062	76.659	113.8601
1939.453273	76.643	113.5188
1939.819484	76.644	113.2205
1940.185695	76.653	112.8054
1940.551906	76.646	112.3333
1940.918117	76.631	111.9497
1941.284328	76.630	111.6008
1941.650538	76.631	111.1443
1942.016749	76.611	110.6636
1942.382960	76.582	110.3638
1942.749171	76.580	110.1738
1943.115382	76.601	109.8425
1943.481593	76.610	109.3662
1943.847804	76.602	108.9338
1944.214015	76.600	108.5559
1944.580226	76.600	108.1301
1944.946437	76.589	107.7173
1945.312648	76.583	107.3928
1945.678859	76.593	107.0171
1946.045070	76.591	106.5264
1946.411281	76.569	106.1287
1946.777492	76.563	105.8608
1947.143703	76.574	105.4893
1947.509914	76.568	105.0310
1947.876125	76.554	104.6799
1948.242336	76.553	104.3552
1948.608547	76.552	103.9634
1948.974758	76.547	103.5999
1949.340969	76.549	103.2271
1949.707180	76.544	102.7903
1950.073391	76.530	102.4219
1950.439602	76.528	102.1052
1950.805813	76.532	101.7051
1951.172024	76.527	101.2905
1951.538235	76.525	100.8977
1951.904446	76.521	100.4463
1952.270657	76.503	100.0449
1952.636867	76.496	99.7568
1953.003078	76.508	99.3835
1953.369289	76.506	98.9033
1953.735500	76.492	98.5166
1954.101711	76.494	98.1829
1954.467922	76.502	97.7397
1954.834133	76.492	97.2678
1955.200344	76.477	96.9041
1955.566555	76.475	96.5874
1955.932766	76.480	96.2141
1956.298977	76.481	95.8093
1956.665188	76.481	95.4150
1957.031399	76.481	94.9932
1957.397610	76.470	94.5740
1957.763821	76.459	94.2461
1958.130032	76.463	93.9282
1958.496243	76.467	93.5105
1958.862454	76.457	93.1035
1959.228665	76.451	92.7678
1959.594876	76.452	92.3809
1959.961087	76.439	91.9941
1960.327298	76.433	91.7314
1960.693509	76.453	91.3970
1961.059720	76.461	90.8357
1961.425931	76.429	90.3613
1961.792142	76.411	90.1646
1962.158353	76.438	89.8638
1962.524564	76.447	89.2617
1962.890775	76.412	88.7778
1963.256986	76.396	88.5591
1963.623197	76.414	88.2053
1963.989407	76.409	87.6741
1964.355618	76.383	87.3040
1964.721829	76.380	87.0410
1965.088040	76.387	86.6699
1965.454251	76.384	86.2737
1965.820462	76.384	85.9209
1966.186673	76.390	85.5413
1966.552884	76.397	85.1135
1966.919095	76.397	84.6162
1967.285306	76.376	84.1274
1967.651517	76.348	83.8230
1968.017728	76.346	83.6023
1968.383939	76.357	83.2493
1968.750150	76.354	82.8528
1969.116361	76.352	82.5220
1969.482572	76.359	82.1580
1969.848783	76.361	81.7417
1970.214994	76.359	81.3252
1970.581205	76.352	80.9001
1970.947416	76.338	80.5217
1971.313627	76.332	80.2161
1971.679838	76.337	79.8784
1972.046049	76.343	79.4648
1972.412260	76.342	79.0098
1972.778471	76.330	78.5527
1973.144682	76.311	78.1785
1973.510893	76.302	77.8728
1973.877104	76.302	77.5239
1974.243315	76.298	77.1641
1974.609526	76.301	76.8269
1974.975736	76.311	76.3867
1975.341947	76.301	75.8662
1975.708158	76.272	75.4771
1976.074369	76.257	75.2520
1976.440580	76.268	75.0146
1976.806791	76.289	74.6235
1977.173002	76.293	74.1243
1977.539213	76.279	73.6975
1977.905424	76.275	73.3901
1978.271635	76.291	73.0276
1978.637846	76.302	72.5007
1979.004057	76.283	71.9592
1979.370268	76.254	71.6133
1979.736479	76.251	71.3943
1980.102690	76.272	71.0278
1980.468901	76.276	70.4995
1980.835112	76.258	70.0415
1981.201323	76.243	69.6917
1981.567534	76.237	69.3508
1981.933745	76.235	68.9902
1982.299956	76.231	68.5874
1982.666167	76.216	68.2249
1983.032378	76.211	67.9658
1983.398589	76.224	67.6255
1983.764800	76.224	67.1887
1984.131011	76.217	66.8557
1984.497222	76.231	66.4951
1984.863433	76.233	65.9829
1985.229644	76.213	65.5657
1985.595855	76.210	65.2473
1985.962066	76.213	64.8125
1986.328276	76.197	64.3718
1986.694487	76.183	64.0469
1987.060698	76.181	63.7195
1987.426909	76.180	63.3425
1987.793120	76.175	62.9678
1988.159331	76.170	62.6379
1988.525542	76.178	62.3152
1988.891753	76.192	61.8528
1989.257964	76.179	61.3237
1989.624175	76.153	60.9856
1989.990386	76.152	60.7383
1990.356597	76.161	60.3479
1990.722808	76.151	59.9583
1991.089019	76.150	59.6924
1991.455230	76.170	59.3352
1991.821441	76.177	58.8284
1992.187652	76.163	58.3872
1992.553863	76.156	58.0393
1992.920074	76.156	57.6589
1993.286285	76.152	57.2664
1993.652496	76.152	56.8711
1994.018707	76.146	56.4128
1994.384918	76.124	56.0190
1994.751129	76.114	55.7844
1995.117340	76.134	55.4543
1995.483551	76.138	54.8994
1995.849762	76.105	54.4602
1996.215973	76.091	54.2759
1996.582184	76.115	53.9690
1996.948395	76.122	53.4363
1997.314606	76.102	53.0327
1997.680816	76.103	52.7356
1998.047027	76.107	52.3000
1998.413238	76.093	51.9639
1998.779449	76.116	51.7610
1999.145660	76.166	51.1602
1999.511871	76.141	50.2961
1999.878082	76.064	49.9270
2000.244293	76.045	49.9407
2000.610504	76.079	49.7019
2000.976715	76.089	49.2197
2001.342926	76.076	48.8433
2001.709137	76.076	48.5710
2002.075348	76.092	48.2031
2002.441559	76.092	47.7175
2002.807770	76.071	47.3206
2003.173981	76.061	47.0725
2003.540192	76.072	46.7539
2003.906403	76.073	46.3198
2004.272614	76.060	45.9478
2004.638825	76.057	45.6199
2005.005036	76.056	45.2285
2005.371247	76.043	44.8408
2005.737458	76.031	44.5403
2006.103669	76.036	44.2617
2006.469880	76.051	43.8589
2006.836091	76.048	43.3372
2007.202302	76.023	42.9202
2007.568513	76.010	42.6550
2007.934724	76.016	42.3362
2008.300935	76.019	41.9453
2008.667145	76.022	41.5703
2009.033356	76.028	41.1204
2009.399567	76.015	40.6416
2009.765778	75.997	40.3044
2010.131989	75.997	39.9934
2010.498200	75.994	39.6069
2010.864411	75.987	39.3032
2011.230622	76.002	39.0039
2011.596833	76.015	38.5027
2011.963044	75.992	38.0315
2012.329255	75.975	37.8137
2012.695466	75.995	37.5725
2013.061677	76.015	37.1106
2013.427888	76.009	36.6255
2013.794099	75.998	36.2378
2014.160310	75.992	35.8821
2014.526521	75.989	35.5320
2014.892732	75.990	35.1675
2015.258943	75.988	34.7815
2015.625154	75.985	34.4124
2015.991365	75.984	34.0337
2016.357576	75.978	33.6394
2016.723787	75.970	33.3059
2017.089998	75.973	32.9910
2017.456209	75.979	32.6072
2017.822420	75.978	32.2202
2018.188631	75.982	31.8567
2018.554842	75.988	31.4321
2018.921053	75.984	30.9639
2019.287264	75.968	30.5435
2019.653475	75.950	30.2207
2020.019685	75.945	29.9744
2020.385896	75.957	29.6697
2020.752107	75.963	29.2561
2021.118318	75.955	28.8894
2021.484529	75.958	28.5977
2021.850740	75.974	28.2246
2022.216951	75.980	27.7556
2022.583162	75.971	27.2969
2022.949373	75.956	26.9155
2023.315584	75.949	26.6113
2023.681795	75.956	26.2632
2024.048006	75.955	25.8228
2024.414217	75.940	25.4565
2024.780428	75.940	25.1741
2025.146639	75.952	24.7822
2025.512850	75.947	24.3215
2025.879061	75.935	23.9626
2026.245272	75.937	23.6294
2026.611483	75.941	23.1995
2026.977694	75.931	22.7542
2027.343905	75.914	22.3967
2027.710116	75.906	22.1125
2028.076327	75.912	21.8198
2028.442538	75.924	21.4265
2028.808749	75.922	20.9705
2029.174960	75.908	20.6143
2029.541171	75.910	20.3438
2029.907382	75.928	19.9619
2030.273593	75.930	19.4685
2030.639804	75.915	19.0547
2031.006014	75.908	18.7485
2031.372225	75.917	18.4106
2031.738436	75.924	17.9766
2032.104647	75.916	17.5295
2032.470858	75.903	17.1689
2032.837069	75.900	16.8645
2033.203280	75.906	16.5237
2033.569491	75.912	16.1255
2033.935702	75.912	15.6946
2034.301913	75.903	15.2861
2034.668124	75.894	14.9441
2035.034335	75.894	14.6099
2035.400546	75.895	14.2385
2035.766757	75.892	13.8682
2036.132968	75.890	13.5039
2036.499179	75.887	13.1565
2036.865390	75.891	12.8279
2037.231601	75.899	12.4263
2037.597812	75.894	11.9966
2037.964023	75.889	11.6560
2038.330234	75.898	11.2605
2038.696445	75.889	10.7673
2039.062656	75.866	10.4216
2039.428867	75.867	10.1558
2039.795078	75.873	9.7268
2040.161289	75.855	9.3081
2040.527500	75.842	9.0483
2040.893711	75.847	8.7471
2041.259922	75.846	8.4053
2041.626133	75.855	8.1287
2041.992344	75.882	7.7029
2042.358554	75.879	7.1096
2042.724765	75.848	6.7209
2043.090976	75.847	6.5010
2043.457187	75.866	6.0759
2043.823398	75.853	5.5618
2044.189609	75.832	5.2637
2044.555820	75.842	4.9939
2044.922031	75.852	4.5471
2045.288242	75.839	4.1206
2045.654453	75.832	3.8086
2046.020664	75.837	3.4597
2046.386875	75.836	3.0781
2046.753086	75.837	2.7263
2047.119297	75.842	2.3235
2047.485508	75.834	1.9067
2047.851719	75.826	1.6018
2048.217930	75.838	1.2715
2048.584141	75.841	0.7930
2048.950352	75.819	0.4031
2049.316563	75.814	0.1921
2049.682774	75.836	-0.1379
2050.048985	75.840	-0.6221
2050.415196	75.829	-0.9924
2050.781407	75.836	-1.3213
2051.147618	75.842	-1.7971
2051.513829	75.822	-2.2363
2051.880040	75.808	-2.5120
2052.246251	75.813	-2.8108
2052.612462	75.815	-3.1797
2052.978673	75.814	-3.5049
2053.344884	75.825	-3.8477
2053.711094	75.832	-4.2817
2054.077305	75.826	-4.7024
2054.443516	75.822	-5.0640
2054.809727	75.822	-5.4333
2055.175938	75.820	-5.8108
2055.542149	75.820	-6.1902
2055.908360	75.816	-6.5991
2056.274571	75.802	-6.9631
2056.640782	75.796	-7.2197
2057.006993	75.811	-7.5054
2057.373204	75.828	-7.9570
2057.739415	75.820	-8.4619
2058.105626	75.798	-8.8130
2058.471837	75.796	-9.0435
2058.838048	75.817	-9.3958
2059.204259	75.823	-9.9141
2059.570470	75.803	-10.3752
2059.936681	75.783	-10.6902
2060.302892	75.777	-10.9526
2060.669103	75.786	-11.2292
2061.035314	75.804	-11.6147
2061.401525	75.808	-12.1267
2061.767736	75.788	-12.5598
2062.133947	75.777	-12.8474
2062.500158	75.784	-13.1851
2062.866369	75.785	-13.6113
2063.232580	75.775	-13.9951
2063.598791	75.770	-14.3271
2063.965002	75.772	-14.6619
2064.331213	75.778	-15.0405
2064.697423	75.778	-15.4812
2065.063634	75.764	-15.8813
2065.429845	75.755	-16.1611
2065.796056	75.765	-16.4478
2066.162267	75.778	-16.8528
2066.528478	75.778	-17.2910
2066.894689	75.772	-17.6675
2067.260900	75.774	-18.0212
2067.627111	75.779	-18.4250
2067.993322	75.774	-18.8516
2068.359533	75.762	-19.1985
2068.725744	75.765	-19.4832
2069.091955	75.781	-19.8716
2069.458166	75.780	-20.3782
2069.824377	75.757	-20.7795
2070.190588	75.746	-21.0186
2070.556799	75.758	-21.3210
2070.923010	75.760	-21.7388
2071.289221	75.750	-22.0857
2071.655432	75.752	-22.3708
2072.021643	75.759	-22.7156
2072.387854	75.762	-23.0647
2072.754065	75.773	-23.4138
2073.120276	75.783	-23.8535
2073.486487	75.778	-24.2991
2073.852698	75.773	-24.6804
2074.218909	75.770	-25.0789
2074.585120	75.761	-25.4641
2074.951331	75.756	-25.7913
2075.317542	75.759	-26.1580
2075.683753	75.756	-26.5652
2076.049963	75.747	-26.9272
2076.416174	75.744	-27.2566
2076.782385	75.745	-27.5872
2077.148596	75.750	-27.9463
2077.514807	75.753	-28.3381
2077.881018	75.755	-28.7153
2078.247229	75.760	-29.1326
2078.613440	75.751	-29.6113
2078.979651	75.726	-29.9509
2079.345862	75.723	-30.1348
2079.712073	75.746	-30.4351
2080.078284	75.760	-30.8938
2080.444495	75.756	-31.3381
2080.810706	75.748	-31.7141
2081.176917	75.746	-32.0291
2081.543128	75.759	-32.3699
2081.909339	75.767	-32.8433
2082.275550	75.752	-33.2920
2082.641761	75.741	-33.5862
2083.007972	75.749	-33.9087
2083.374183	75.752	-34.3220
2083.740394	75.749	-34.7009
2084.106605	75.749	-35.0801
2084.472816	75.743	-35.4675
2084.839027	75.739	-35.7810
2085.205238	75.749	-36.1289
2085.571449	75.752	-36.5796
2085.937660	75.741	-36.9775
2086.303871	75.736	-37.2974
2086.670082	75.738	-37.6470
2087.036292	75.737	-38.0137
2087.402503	75.737	-38.3711
2087.768714	75.736	-38.7334
2088.134925	75.733	-39.0684
2088.501136	75.736	-39.3755
2088.867347	75.747	-39.7114
2089.233558	75.760	-40.1238
2089.599769	75.761	-40.6001
2089.965980	75.745	-41.0073
2090.332191	75.736	-41.2732
2090.698402	75.749	-41.5715
2091.064613	75.758	-42.0015
2091.430824	75.753	-42.3955
2091.797035	75.759	-42.7378
2092.163246	75.769	-43.2134
2092.529457	75.749	-43.7212
2092.895668	75.720	-44.0076
2093.261879	75.722	-44.1958
2093.628090	75.740	-44.5515
2093.994301	75.739	-44.9937
2094.360512	75.728	-45.3235
2094.726723	75.735	-45.6030
2095.092934	75.752	-45.9871
2095.459145	75.756	-46.4629
2095.825356	75.744	-46.8879
2096.191567	75.735	-47.2036
2096.557778	75.742	-47.5325
2096.923989	75.745	-47.9495
2097.290200	75.735	-48.3269
2097.656411	75.735	-48.6177
2098.022622	75.748	-48.9790
2098.388832	75.751	-49.4521
2098.755043	75.733	-49.8716
2099.121254	75.716	-50.1431
2099.487465	75.718	-50.3555
2099.853676	75.737	-50.6450
2100.219887	75.755	-51.0527
2100.586098	75.760	-51.5073
2100.952309	75.755	-51.9329
2101.318520	75.748	-52.3064
2101.684731	75.746	-52.6416
2102.050942	75.752	-52.9939
2102.417153	75.757	-53.4060
2102.783364	75.752	-53.8267
2103.149575	75.746	-54.1875
2103.515786	75.748	-54.5342
2103.881997	75.751	-54.9404
2104.248208	75.745	-55.3379
2104.614419	75.742	-55.6575
2104.980630	75.754	-56.0239
2105.346841	75.755	-56.4941
2105.713052	75.739	-56.8855
2106.079263	75.733	-57.1548
2106.445474	75.744	-57.4707
2106.811685	75.750	-57.8516
2107.177896	75.754	-58.2256
2107.544107	75.755	-58.6052
2107.910318	75.754	-58.9451
2108.276529	75.764	-59.2549
2108.642740	75.780	-59.6716
2109.008951	75.780	-60.1497
2109.375161	75.769	-60.5505
2109.741372	75.760	-60.9060
2110.107583	75.752	-61.2134
2110.473794	75.759	-61.4814
2110.840005	75.776	-61.8909
2111.206216	75.768	-62.3853
2111.572427	75.748	-62.7012
2111.938638	75.753	-62.9438
2112.304849	75.769	-63.3276
2112.671060	75.773	-63.7607
2113.037271	75.775	-64.2031
2113.403482	75.764	-64.6851
2113.769693	75.740	-65.0320
2114.135904	75.740	-65.2554
2114.502115	75.760	-65.6357
2114.868326	75.759	-66.1326
2115.234537	75.745	-66.4971
2115.600748	75.749	-66.8169
2115.966959	75.756	-67.2563
2116.333170	75.743	-67.6868
2116.699381	75.731	-67.9922
2117.065592	75.734	-68.2729
2117.431803	75.744	-68.5986
2117.798014	75.755	-68.9614
2118.164225	75.765	-69.3860
2118.530436	75.761	-69.8237
2118.896647	75.753	-70.1782
2119.262858	75.754	-70.4995
2119.629069	75.757	-70.8601
2119.995280	75.756	-71.2168
2120.361491	75.757	-71.5601
2120.727701	75.759	-71.9092
2121.093912	75.764	-72.2512
2121.460123	75.773	-72.6472
2121.826334	75.771	-73.1023
2122.192545	75.756	-73.4785
2122.558756	75.752	-73.7747
2122.924967	75.758	-74.1211
2123.291178	75.760	-74.5283
2123.657389	75.752	-74.9270
2124.023600	75.742	-75.2422
2124.389811	75.750	-75.4893
2124.756022	75.778	-75.8821
2125.122233	75.784	-76.4592
2125.488444	75.761	-76.9150
2125.854655	75.752	-77.2065
2126.220866	75.757	-77.5820
2126.587077	75.748	-77.9827
2126.953288	75.743	-78.2507
2127.319499	75.761	-78.5569
2127.685710	75.773	-79.0171
2128.051921	75.765	-79.4548
2128.418132	75.758	-79.7720
2128.784343	75.765	-80.0818
2129.150554	75.775	-80.4719
2129.516765	75.774	-80.8735
2129.882976	75.772	-81.2109
2130.249187	75.778	-81.5569
2130.615398	75.780	-81.9448
2130.981609	75.779	-82.2710
2131.347820	75.793	-82.6042
2131.714031	75.803	-83.0769
2132.080241	75.790	-83.5193
2132.446452	75.783	-83.8281
2132.812663	75.790	-84.2043
2133.178874	75.782	-84.6384
2133.545085	75.769	-84.9446
2133.911296	75.776	-85.2258
2134.277507	75.786	-85.6160
2134.643718	75.786	-86.0188
2135.009929	75.786	-86.3796
2135.376140	75.791	-86.7439
2135.742351	75.799	-87.1418
2136.108562	75.803	-87.5876
2136.474773	75.796	-88.0242
2136.840984	75.786	-88.3892
2137.207195	75.782	-88.7109
2137.573406	75.783	-89.0046
2137.939617	75.796	-89.3013
2138.305828	75.816	-89.7051
2138.672039	75.819	-90.1794
2139.038250	75.810	-90.5515
2139.404461	75.815	-90.8467
2139.770672	75.830	-91.2468
2140.136883	75.827	-91.7065
2140.503094	75.815	-92.0303
2140.869305	75.824	-92.2969
2141.235516	75.840	-92.7021
2141.601727	75.837	-93.1401
2141.967938	75.834	-93.4819
2142.334149	75.842	-93.8691
2142.700360	75.837	-94.3296
2143.066570	75.818	-94.6833
2143.432781	75.812	-94.9304
2143.798992	75.825	-95.2295
2144.165203	75.836	-95.6379
2144.531414	75.832	-96.0750
2144.897625	75.820	-96.4192
2145.263836	75.824	-96.6843
2145.630047	75.845	-97.0413
2145.996258	75.856	-97.5544
2146.362469	75.840	-98.0530
2146.728680	75.818	-98.3696
2147.094891	75.821	-98.5942
2147.461102	75.841	-98.9453
2147.827313	75.846	-99.4089
2148.193524	75.837	-99.7900
2148.559735	75.840	-100.0916
2148.925946	75.854	-100.4680
2149.292157	75.857	-100.9192
2149.658368	75.847	-101.3027
2150.024579	75.846	-101.5898
2150.390790	75.862	-101.9348
2150.757001	75.867	-102.3923
2151.123212	75.856	-102.7830
2151.489423	75.855	-103.0669
2151.855634	75.869	-103.4199
2152.221845	75.874	-103.8535
2152.588056	75.871	-104.2666
2152.954267	75.864	-104.6655
2153.320478	75.851	-105.0085
2153.686689	75.848	-105.2581
2154.052900	75.865	-105.5571
2154.419110	75.879	-105.9995
2154.785321	75.875	-106.4612
2155.151532	75.866	-106.8274
2155.517743	75.867	-107.1614
2155.883954	75.870	-107.5510
2156.250165	75.867	-107.9346
2156.616376	75.870	-108.2847
2156.982587	75.875	-108.7107
2157.348798	75.861	-109.1235
2157.715009	75.854	-109.3770
2158.081220	75.874	-109.7073
2158.447431	75.876	-110.2102
2158.813642	75.853	-110.5266
2159.179853	75.867	-110.6970
2159.546064	75.900	-111.1233
2159.912275	75.899	-111.6575
2160.278486	75.888	-112.0056
2160.644697	75.895	-112.3479
2161.010908	75.896	-112.7502
2161.377119	75.896	-113.0625
2161.743330	75.916	-113.4165
2162.109541	75.927	-113.9133
2162.475752	75.918	-114.3665
2162.841963	75.913	-114.7378
2163.208174	75.911	-115.1245
2163.574385	75.905	-115.4912
2163.940596	75.905	-115.8386
2164.306807	75.905	-116.2231
2164.673018	75.898	-116.5813
2165.039229	75.896	-116.8677
2165.405439	75.907	-117.1775
2165.771650	75.919	-117.5637
2166.137861	75.926	-117.9722
2166.504072	75.929	-118.3933
2166.870283	75.924	-118.8191
2167.236494	75.913	-119.1436
2167.602705	75.923	-119.4082
2167.968916	75.944	-119.8350
2168.335127	75.939	-120.3464
2168.701338	75.921	-120.6616
2169.067549	75.936	-120.9155
2169.433760	75.958	-121.3835
2169.799971	75.950	-121.8982
2170.166182	75.935	-122.2419
2170.532393	75.939	-122.5464
2170.898604	75.949	-122.9282
2171.264815	75.954	-123.3435
2171.631026	75.955	-123.7800
2171.997237	75.946	-124.1934
2172.363448	75.940	-124.5193
2172.729659	75.947	-124.8569
2173.095870	75.950	-125.2820
2173.462081	75.940	-125.6455
2173.828292	75.945	-125.9116
2174.194503	75.965	-126.2947
2174.560714	75.967	-126.7896
2174.926925	75.955	-127.1658
2175.293136	75.959	-127.4871
2175.659347	75.964	-127.9248
2176.025558	75.947	-128.3120
2176.391769	75.942	-128.5317
2176.757979	75.964	-128.8264
2177.124190	75.978	-129.2932
2177.490401	75.970	-129.7151
2177.856612	75.969	-130.0400
2178.222823	75.978	-130.4150
2178.589034	75.979	-130.8369
2178.955245	75.976	-131.2280
2179.321456	75.973	-131.6165
2179.687667	75.964	-131.9812
2180.053878	75.961	-132.2686
2180.420089	75.973	-132.5874
2180.786300	75.979	-132.9927
2181.152511	75.977	-133.3386
2181.518722	75.992	-133.6550
2181.884933	76.010	-134.1233
2182.251144	76.003	-134.6228
2182.617355	75.990	-134.9590
2182.983566	75.999	-135.2734
2183.349777	76.009	-135.7009
2183.715988	76.005	-136.1274
2184.082199	75.999	-136.4773
2184.448410	76.002	-136.7854
2184.814621	76.018	-137.1262
2185.180832	76.033	-137.5974
2185.547043	76.022	-138.0850
2185.913254	76.008	-138.3875
2186.279465	76.021	-138.6628
2186.645676	76.036	-139.1160
2187.011887	76.026	-139.5500
2187.378098	76.025	-139.8643
2187.744309	76.033	-140.2595
2188.110519	76.024	-140.6667
2188.476730	76.023	-140.9229
2188.842941	76.048	-141.2817
2189.209152	76.052	-141.8457
2189.575363	76.023	-142.2322
2189.941574	76.023	-142.4077
2190.307785	76.053	-142.7761
2190.673996	76.057	-143.3105
2191.040207	76.041	-143.6951
2191.406418	76.043	-144.0093
2191.772629	76.047	-144.3965
2192.138840	76.046	-144.7507
2192.505051	76.053	-145.0901
2192.871262	76.060	-145.4983
2193.237473	76.058	-145.8708
2193.603684	76.066	-146.2046
2193.969895	76.078	-146.6274
2194.336106	76.074	-147.0728
2194.702317	76.065	-147.4111
2195.068528	76.069	-147.6919
2195.434739	76.087	-148.0366
2195.800950	76.101	-148.4993
2196.167161	76.096	-148.9841
2196.533372	76.080	-149.3459
2196.899583	76.080	-149.6331
2197.265794	76.090	-149.9873
2197.632005	76.093	-150.3918
2197.998216	76.093	-150.7727
2198.364427	76.095	-151.1584
2198.730638	76.093	-151.5720
2199.096848	76.082	-151.9255
2199.463059	76.083	-152.1912
2199.829270	76.103	-152.5352
2200.195481	76.112	-153.0205
2200.561692	76.102	-153.4392
2200.927903	76.103	-153.7529
2201.294114	76.116	-154.1577
2201.660325	76.113	-154.6106
2202.026536	76.106	-154.9568
2202.392747	76.113	-155.2788
2202.758958	76.123	-155.6479
2203.125169	76.134	-156.0291
2203.491380	76.147	-156.4749
2203.857591	76.145	-156.9622
2204.223802	76.133	-157.3477
2204.590013	76.134	-157.6611
2204.956224	76.142	-158.0354
2205.322435	76.140	-158.4382
2205.688646	76.135	-158.7720
2206.054857	76.141	-159.0657
2206.421068	76.156	-159.4111
2206.787279	76.168	-159.8303
2207.153490	76.171	-160.2654
2207.519701	76.169	-160.6519
2207.885912	76.173	-161.0159
2208.252123	76.180	-161.4426
2208.618334	76.174	-161.8831
2208.984545	76.165	-162.2258
2209.350756	76.172	-162.5601
2209.716967	76.177	-162.9763
2210.083178	76.174	-163.3660
2210.449388	76.179	-163.7280
2210.815599	76.184	-164.1594
2211.181810	76.177	-164.5649
2211.548021	76.176	-164.9021
2211.914232	76.182	-165.2869
2212.280443	76.178	-165.6680
2212.646654	76.181	-165.9724
2213.012865	76.197	-166.3296
2213.379076	76.205	-166.7698
2213.745287	76.203	-167.1699
2214.111498	76.204	-167.5232
2214.477709	76.208	-167.8723
2214.843920	76.215	-168.2097
2215.210131	76.230	-168.5864
2215.576342	76.238	-169.0405
2215.942553	76.231	-169.4795
2216.308764	76.222	-169.8171
2216.674975	76.224	-170.0996
2217.041186	76.239	-170.4360
2217.407397	76.251	-170.8691
2217.773608	76.250	-171.3208
2218.139819	76.242	-171.7109
2218.506030	76.239	-172.0735
2218.872241	76.234	-172.4270
2219.238452	76.233	-172.7354
2219.604663	76.242	-173.0652
2219.970874	76.249	-173.4565
2220.337085	76.251	-173.8123
2220.703296	76.264	-174.1655
2221.069507	76.277	-174.6252
2221.435717	76.272	-175.0845
2221.801928	76.267	-175.4507
2222.168139	76.272	-175.8191
2222.534350	76.276	-176.2312
2222.900561	76.274	-176.6409
2223.266772	76.269	-177.0027
2223.632983	76.272	-177.3184
2223.999194	76.284	-177.6960
2224.365405	76.284	-178.1172
2224.731616	76.283	-178.4431
2225.097827	76.301	-178.8035
2225.464038	76.307	-179.3022
2225.830249	76.294	-179.7122
2226.196460	76.296	179.9690
2226.562671	76.303	179.5417
2226.928882	76.293	179.1409
2227.295093	76.293	178.8511
2227.661304	76.308	178.4644
2228.027515	76.309	178.0063
2228.393726	76.304	177.6296
2228.759937	76.309	177.2434
2229.126148	76.308	176.8096
2229.492359	76.301	176.4324
2229.858570	76.302	176.0759
2230.224781	76.303	175.6829
2230.590992	76.300	175.3203
2230.957203	76.303	174.9929
2231.323414	76.313	174.6189
2231.689625	76.318	174.2068
2232.055836	76.317	173.8315
2232.422047	76.322	173.4873
2232.788257	76.333	173.1077
2233.154468	76.341	172.6829
2233.520679	76.343	172.2595
2233.886890	76.343	171.8406
2234.253101	76.336	171.4219
2234.619312	76.323	171.1033
2234.985523	76.330	170.8801
2235.351734	76.358	170.5000
2235.717945	76.361	169.9534
2236.084156	76.338	169.5906
2236.450367	76.345	169.3755
2236.816578	76.369	168.9678
2237.182789	76.366	168.5093
2237.549000	76.368	168.2109
2237.915211	76.394	167.7881
2238.281422	76.391	167.1997
2238.647633	76.363	166.8228
2239.013844	76.365	166.6035
2239.380055	76.384	166.2373
2239.746266	76.390	165.8088
2240.112477	76.398	165.4282
2240.478688	76.409	164.9707
2240.844899	76.401	164.4961
2241.211110	76.389	164.1624
2241.577321	76.396	163.8579
2241.943532	76.407	163.4624
2242.309743	76.408	163.0669
2242.675954	76.412	162.7078
2243.042165	76.418	162.3269
2243.408376	76.422	161.9487
2243.774586	76.430	161.5715
2244.140797	76.438	161.1304
2244.507008	76.430	160.6750
2244.873219	76.414	160.3254
2245.239430	76.410	160.0920
2245.605641	76.432	159.8328
2245.971852	76.461	159.3757
2246.338063	76.462	158.7986
2246.704274	76.438	158.3762
2247.070485	76.431	158.1130
2247.436696	76.445	157.7859
2247.802907	76.454	157.3650
2248.169118	76.456	156.9409
2248.535329	76.455	156.5293
2248.901540	76.452	156.1521
2249.267751	76.455	155.7898
2249.633962	76.457	155.4001
2250.000173	76.457	155.0479
2250.366384	76.470	154.7117
2250.732595	76.485	154.2581
2251.098806	76.480	153.7754
2251.465017	76.471	153.4268
2251.831228	76.479	153.0989
2252.197439	76.486	152.6770
2252.563650	76.481	152.2881
2252.929861	76.485	151.9795
2253.296072	76.502	151.6030
2253.662283	76.508	151.1292
2254.028494	76.498	150.7146
2254.394705	76.495	150.4082
2254.760916	76.508	150.0693
2255.127126	76.516	149.6494
2255.493337	76.517	149.2683
2255.859548	76.529	148.9116
2256.225759	76.544	148.4373
2256.591970	76.537	147.9265
2256.958181	76.523	147.5554
2257.324392	76.526	147.2280
2257.690603	76.532	146.8113
2258.056814	76.526	146.4148
2258.423025	76.526	146.0828
2258.789236	76.534	145.7024
2259.155447	76.533	145.3186
2259.521658	76.537	144.9976
2259.887869	76.552	144.6218
2260.254080	76.557	144.2029
2260.620291	76.563	143.8518
2260.986502	76.582	143.4443
2261.352713	76.587	142.9236
2261.718924	76.573	142.5056
2262.085135	76.573	142.2063
2262.451346	76.587	141.8232
2262.817557	76.591	141.3638
2263.183768	76.584	140.9631
2263.549979	76.583	140.6243
2263.916190	76.590	140.2529
2264.282401	76.590	139.8252
2264.648612	76.580	139.4758
2265.014823	76.588	139.2151
2265.381034	76.612	138.8057
2265.747245	76.612	138.2864
2266.113456	76.599	137.9360
2266.479666	76.611	137.6133
2266.845877	76.619	137.1177
2267.212088	76.601	136.7070
2267.578299	76.600	136.4568
2267.944510	76.620	136.0886
2268.310721	76.624	135.6309
2268.676932	76.624	135.2554
2269.043143	76.634	134.8616
2269.409354	76.636	134.4084
2269.775565	76.632	134.0056
2270.141776	76.633	133.6306
2270.507987	76.633	133.2363
2270.874198	76.631	132.8779
2271.240409	76.638	132.5547
2271.606620	76.655	132.1667
2271.972831	76.665	131.6626
2272.339042	76.650	131.1760
2272.705253	76.630	130.8806
2273.071464	76.638	130.6736
2273.437675	76.666	130.3101
2273.803886	76.678	129.8176
2274.170097	76.676	129.3755
2274.536308	76.677	128.9636
2274.902519	76.673	128.5288
2275.268730	76.663	128.1760
2275.634941	76.669	127.8813
2276.001152	76.685	127.4539
2276.367363	76.678	126.9683
2276.733574	76.662	126.6589
2277.099785	76.674	126.4121
2277.465995	76.696	126.0010
2277.832206	76.700	125.5281
2278.198417	76.698	125.1401
2278.564628	76.706	124.7607
2278.930839	76.714	124.3230
2279.297050	76.713	123.8677
2279.663261	76.705	123.4597
2280.029472	76.701	123.1240
2280.395683	76.708	122.7986
2280.761894	76.722	122.4299
2281.128105	76.739	121.9939
2281.494316	76.744	121.4739
2281.860527	76.728	121.0212
2282.226738	76.721	120.7341
2282.592949	76.740	120.3713
2282.959160	76.742	119.8699
2283.325371	76.728	119.5012
2283.691582	76.737	119.1956
2284.057793	76.747	118.7456
2284.424004	76.737	118.3501
2284.790215	76.743	118.0588
2285.156426	76.760	117.6152
2285.522637	76.749	117.1440
2285.888848	76.739	116.8730
2286.255059	76.758	116.5679
2286.621270	76.769	116.1030
2286.987481	76.762	115.7268
2287.353692	76.773	115.4158
2287.719903	76.789	114.9622
2288.086114	76.783	114.5254
2288.452325	76.787	114.2039
2288.818535	76.802	113.7434
2289.184746	76.784	113.2507
2289.550957	76.765	113.0701
2289.917168	76.804	112.8762
2290.283379	76.841	112.2642
2290.649590	76.816	111.6707
2291.015801	76.796	111.4346
2291.382012	76.818	111.1436
2291.748223	76.829	110.6501
2292.114434	76.820	110.2571
2292.480645	76.827	109.9194
2292.846856	76.835	109.4907
2293.213067	76.834	109.0923
2293.579278	76.841	108.6921
2293.945489	76.837	108.2288
2294.311700	76.822	107.9006
2294.677911	76.834	107.6592
2295.044122	76.862	107.2131
2295.410333	76.861	106.6570
2295.776544	76.843	106.2502
2296.142755	76.839	105.9392
2296.508966	76.846	105.5947
2296.875177	76.855	105.1936
2297.241388	76.856	104.7578
2297.607599	76.850	104.3765
2297.973810	76.853	104.0447
2298.340021	76.862	103.6592
2298.706232	76.865	103.2607
2299.072443	76.873	102.8821
2299.438654	76.882	102.4299
2299.804864	76.875	101.9844
2300.171075	76.871	101.6726
2300.537286	76.890	101.3318
2300.903497	76.905	100.8167
2301.269708	76.892	100.3076
2301.635919	76.876	99.9827
2302.002130	76.886	99.7068
2302.368341	76.905	99.2722
2302.734552	76.900	98.7742
2303.100763	76.887	98.4358
2303.466974	76.899	98.1516
2303.833185	76.920	97.6865
2304.199396	76.912	97.1633
2304.565607	76.892	96.8271
2304.931818	76.899	96.5872
2305.298029	76.923	96.2080
2305.664240	76.932	95.6958
2306.030451	76.921	95.2480
2306.396662	76.915	94.9353
2306.762873	76.928	94.6094
2307.129084	76.941	94.1672
2307.495295	76.940	93.7183
2307.861506	76.939	93.3457
2308.227717	76.947	92.9548
2308.593928	76.948	92.5220
2308.960139	76.945	92.1467
2309.326350	76.951	91.7896
2309.692561	76.956	91.3750
2310.058772	76.954	90.9983
2310.424983	76.962	90.6665
2310.791194	76.977	90.2466
2311.157404	76.978	89.7954
2311.523615	76.979	89.4050
2311.889826	76.983	88.9790
2312.256037	76.973	88.5579
2312.622248	76.966	88.2778
2312.988459	76.985	87.9758
2313.354670	77.001	87.4915
2313.720881	76.990	87.0352
2314.087092	76.985	86.7451
2314.453303	77.004	86.4106
2314.819514	77.018	85.9263
2315.185725	77.013	85.4575
2315.551936	77.008	85.0642
2315.918147	77.007	84.6855
2316.284358	77.010	84.3359
2316.650569	77.026	83.9250
2317.016780	77.029	83.3694
2317.382991	77.001	82.9343
2317.749202	76.993	82.7324
2318.115413	77.022	82.3977
2318.481624	77.031	81.8481
2318.847835	77.015	81.4175
2319.214046	77.013	81.1125
2319.580257	77.023	80.7429
2319.946468	77.028	80.3416
2320.312679	77.033	79.9585
2320.678890	77.040	79.5955
2321.045101	77.056	79.2146
2321.411312	77.071	78.7070
2321.777523	77.057	78.2168
2322.143734	77.047	77.9409
2322.509944	77.069	77.6323
2322.876155	77.081	77.1433
2323.242366	77.074	76.7454
2323.608577	77.084	76.4314
2323.974788	77.099	75.9888
2324.340999	77.097	75.5383
2324.707210	77.097	75.1721
2325.073421	77.103	74.7759
2325.439632	77.104	74.3687
2325.805843	77.106	73.9778
2326.172054	77.105	73.5664
2326.538265	77.100	73.2048
2326.904476	77.107	72.8616
2327.270687	77.114	72.4214
2327.636898	77.104	71.9993
2328.003109	77.099	71.6965
2328.369320	77.112	71.3511
2328.735531	77.120	70.8911
2329.101742	77.113	70.4609
2329.467953	77.110	70.0999
2329.834164	77.113	69.7271
2330.200375	77.117	69.3472
2330.566586	77.125	68.9517
2330.932797	77.131	68.4875
2331.299008	77.123	68.0615
2331.665219	77.124	67.7290
2332.031430	77.140	67.2959
2332.397641	77.135	66.7827
2332.763852	77.121	66.4282
2333.130063	77.130	66.1079
2333.496273	77.139	65.6548
2333.862484	77.132	65.2498
2334.228695	77.137	64.8938
2334.594906	77.139	64.4641
2334.961117	77.131	64.1399
2335.327328	77.154	63.8701
2335.693539	77.186	63.3296
2336.059750	77.172	62.7170
2336.425961	77.146	62.3813
2336.792172	77.152	62.1064
2337.158383	77.160	61.7007
2337.524594	77.158	61.3381
2337.890805	77.171	60.9910
2338.257016	77.181	60.5195
2338.623227	77.172	60.0879
2338.989438	77.172	59.7722
2339.355649	77.186	59.3821
2339.721860	77.188	58.9390
2340.088071	77.191	58.5659
2340.454282	77.205	58.1167
2340.820493	77.197	57.5859
2341.186704	77.174	57.2432
2341.552915	77.182	57.0166
2341.919126	77.207	56.6042
2342.285337	77.209	56.1003
2342.651548	77.203	55.7231
2343.017759	77.213	55.3594
2343.383970	77.221	54.9097
2343.750181	77.220	54.4941
2344.116392	77.226	54.1094
2344.482603	77.232	53.6580
2344.848813	77.226	53.2173
2345.215024	77.221	52.8611
2345.581235	77.226	52.5164
2345.947446	77.235	52.1409
2346.313657	77.246	51.7192
2346.679868	77.249	51.2417
2347.046079	77.238	50.8093
2347.412290	77.230	50.4727
2347.778501	77.234	50.1416
2348.144712	77.242	49.7793
2348.510923	77.252	49.3816
2348.877134	77.259	48.9377
2349.243345	77.259	48.5044
2349.609556	77.260	48.0813
2349.975767	77.256	47.6602
2350.341978	77.253	47.3101
2350.708189	77.266	46.9385
2351.074400	77.272	46.4648
2351.440611	77.266	46.0618
2351.806822	77.277	45.7002
2352.173033	77.287	45.2026
2352.539244	77.274	44.7578
2352.905455	77.273	44.4771
2353.271666	77.296	44.1013
2353.637877	77.306	43.6072
2354.004088	77.307	43.1707
2354.370299	77.312	42.7388
2354.736510	77.309	42.2937
2355.102721	77.304	41.9290
2355.468932	77.311	41.5649
2355.835142	77.313	41.1521
2356.201353	77.310	40.8037
2356.567564	77.320	40.4841
2356.933775	77.335	40.0664
2357.299986	77.335	39.6223
2357.666197	77.333	39.2583
2358.032408	77.340	38.9080
2358.398619	77.352	38.4929
2358.764830	77.355	38.0293
2359.131041	77.347	37.5825
2359.497252	77.336	37.2300
2359.863463	77.339	36.9307
2360.229674	77.352	36.5537
2360.595885	77.358	36.1216
2360.962096	77.362	35.7190
2361.328307	77.371	35.2778
2361.694518	77.370	34.7764
2362.060729	77.354	34.3589
2362.426940	77.350	34.0630
2362.793151	77.367	33.7219
2363.159362	77.383	33.2329
2363.525573	77.379	32.7234
2363.891784	77.368	32.3162
2364.257995	77.364	31.9534
2364.624206	77.363	31.6125
2364.990417	77.375	31.2954
2365.356628	77.397	30.8491
2365.722839	77.394	30.3179
2366.089050	77.380	29.9753
2366.455261	77.397	29.6868
2366.821472	77.417	29.1660
2367.187682	77.400	28.6531
2367.553893	77.388	28.3740
2367.920104	77.405	28.0645
2368.286315	77.418	27.6123
2368.652526	77.421	27.1819
2369.018737	77.427	26.7290
2369.384948	77.416	26.2463
2369.751159	77.398	25.9390
2370.117370	77.411	25.7104
2370.483581	77.441	25.2698
2370.849792	77.443	24.7102
2371.216003	77.427	24.2778
2371.582214	77.420	23.9473
2371.948425	77.424	23.6216
2372.314636	77.437	23.2563
2372.680847	77.448	22.8088
2373.047058	77.445	22.3606
2373.413269	77.443	22.0002
2373.779480	77.454	21.6228
2374.145691	77.461	21.1562
2374.511902	77.453	20.7183
2374.878113	77.448	20.3813
2375.244324	77.458	20.0532
2375.610535	77.474	19.6333
2375.976746	77.480	19.1589
2376.342957	77.478	18.7297
2376.709168	77.481	18.3254
2377.075379	77.484	17.8823
2377.441590	77.481	17.4531
2377.807801	77.482	17.0662
2378.174011	77.488	16.6379
2378.540222	77.485	16.1782
2378.906433	77.477	15.7883
2379.272644	77.479	15.4424
2379.638855	77.488	15.0461
2380.005066	77.494	14.6104
2380.371277	77.496	14.1697
2380.737488	77.494	13.7219
2381.103699	77.484	13.3293
2381.469910	77.484	13.0178
2381.836121	77.499	12.6575
2382.202332	77.508	12.2041
2382.568543	77.508	11.7866
2382.934754	77.515	11.3972
2383.300965	77.520	10.9294
2383.667176	77.508	10.4900
2384.033387	77.501	10.1965
2384.399598	77.517	9.8862
2384.765809	77.531	9.4329
2385.132020	77.527	8.9985
2385.498231	77.530	8.6675
2385.864442	77.547	8.2749
2386.230653	77.554	7.7812
2386.596864	77.547	7.3433
2386.963075	77.546	6.9915
2387.329286	77.557	6.6160
2387.695497	77.568	6.1611
2388.061708	77.567	5.6741
2388.427919	77.558	5.2529
2388.794130	77.557	4.8894
2389.160341	77.562	4.4646
2389.526551	77.552	4.0229
2389.892762	77.541	3.7109
2390.258973	77.553	3.4265
2390.625184	77.571	2.9963
2390.991395	77.572	2.5173
2391.357606	77.567	2.1152
2391.723817	77.567	1.7256
2392.090028	77.563	1.3379
2392.456239	77.564	1.0046
2392.822450	77.577	0.6306
2393.188661	77.583	0.1672
2393.554872	77.578	-0.2620
2393.921083	77.576	-0.6433
2394.287294	77.576	-1.0405
2394.653505	77.575	-1.4080
2395.019716	77.583	-1.7705
2395.385927	77.592	-2.2068
2395.752138	77.592	-2.6631
2396.118349	77.587	-3.0964
2396.484560	77.577	-3.4648
2396.850771	77.582	-3.7285
2397.216982	77.613	-4.1174
2397.583193	77.623	-4.7351
2397.949404	77.595	-5.1934
2398.315615	77.591	-5.4148
2398.681826	77.615	-5.7822
2399.048037	77.620	-6.2556
2399.414248	77.623	-6.6069
2399.780459	77.644	-7.0303
2400.146670	77.646	-7.5710
2400.512881	77.632	-7.9656
2400.879091	77.641	-8.2966
2401.245302	77.653	-8.7778
2401.611513	77.641	-9.2551
2401.977724	77.630	-9.5854
2402.343935	77.635	-9.9033
2402.710146	77.644	-10.2891
2403.076357	77.649	-10.6943
2403.442568	77.652	-11.1018
2403.808779	77.656	-11.5093
2404.174990	77.661	-11.9431
2404.541201	77.659	-12.4221
2404.907412	77.644	-12.8367
2405.273623	77.640	-13.1421
2405.639834	77.654	-13.5098
2406.006045	77.661	-14.0010
2406.372256	77.650	-14.4541
2406.738467	77.642	-14.7998
2407.104678	77.649	-15.1309
2407.470889	77.664	-15.5481
2407.837100	77.668	-16.0500
2408.203311	77.657	-16.4993
2408.569522	77.651	-16.8376
2408.935733	77.661	-17.1941
2409.301944	77.668	-17.6226
2409.668155	77.668	-18.0381
2410.034366	77.671	-18.4089
2410.400577	77.682	-18.7905
2410.766788	77.693	-19.2471
2411.132999	77.691	-19.7344
2411.499210	77.681	-20.1257
2411.865420	77.685	-20.4658
2412.231631	77.694	-20.8855
2412.597842	77.692	-21.3193
2412.964053	77.690	-21.6860
2413.330264	77.697	-22.0571
2413.696475	77.706	-22.4724
2414.062686	77.712	-22.9214
2414.428897	77.710	-23.3787
2414.795108	77.705	-23.7725
2415.161319	77.712	-24.1558
2415.527530	77.717	-24.6306
2415.893741	77.706	-25.0701
2416.259952	77.704	-25.3867
2416.626163	77.722	-25.7810
2416.992374	77.725	-26.2969
2417.358585	77.711	-26.6990
2417.724796	77.716	-27.0100
2418.091007	77.730	-27.4473
2418.457218	77.725	-27.9065
2418.823429	77.722	-28.2363
2419.189640	77.737	-28.6096
2419.555851	77.741	-29.0740
2419.922062	77.736	-29.4324
2420.288273	77.751	-29.7651
2420.654484	77.768	-30.2605
2421.020695	77.759	-30.7603
2421.386906	77.749	-31.1228
2421.753117	77.752	-31.4739
2422.119328	77.755	-31.8640
2422.485539	77.759	-32.2598
2422.851750	77.761	-32.6846
2423.217960	77.756	-33.0767
2423.584171	77.760	-33.4185
2423.950382	77.773	-33.8572
2424.316593	77.767	-34.3535
2424.682804	77.755	-34.7173
2425.049015	77.762	-35.0566
2425.415226	77.768	-35.5264
2425.781437	77.755	-35.9446
2426.147648	77.755	-36.2332
2426.513859	77.774	-36.6189
2426.880070	77.780	-37.1216
2427.246281	77.773	-37.5581
2427.612492	77.773	-37.9500
2427.978703	77.772	-38.3582
2428.344914	77.771	-38.7139
2428.711125	77.785	-39.0662
2429.077336	77.802	-39.5381
2429.443547	77.800	-40.0667
2429.809758	77.785	-40.4900
2430.175969	77.780	-40.7920
2430.542180	77.797	-41.1426
2430.908391	77.808	-41.6377
2431.274602	77.796	-42.1038
2431.640813	77.789	-42.4351
2432.007024	77.798	-42.8013
2432.373235	77.798	-43.2290
2432.739446	77.797	-43.5620
2433.105657	77.817	-43.9275
2433.471868	77.830	-44.4836
2433.838079	77.810	-44.9744
2434.204289	77.802	-45.2629
2434.570500	77.822	-45.6594
2434.936711	77.820	-46.2173
2435.302922	77.796	-46.6016
2435.669133	77.801	-46.8486
2436.035344	77.825	-47.2830
2436.401555	77.823	-47.8281
2436.767766	77.808	-48.2241
2437.133977	77.812	-48.5508
2437.500188	77.824	-48.9731
2437.866399	77.827	-49.4333
2438.232610	77.827	-49.8604
2438.598821	77.829	-50.2930
2438.965032	77.828	-50.7310
2439.331243	77.826	-51.1462
2439.697454	77.825	-51.5671
2440.063665	77.818	-51.9778
2440.429876	77.812	-52.3176
2440.796087	77.818	-52.6379
2441.162298	77.829	-53.0115
2441.528509	77.840	-53.4126
2441.894720	77.852	-53.8589
2442.260931	77.854	-54.3577
2442.627142	77.843	-54.7886
2442.993353	77.840	-55.1531
2443.359564	77.840	-55.5530
2443.725775	77.834	-55.9072
2444.091986	77.843	-56.2078
2444.458197	77.864	-56.6428
2444.824408	77.865	-57.1582
2445.190619	77.856	-57.5581
2445.556829	77.862	-57.9399
2445.923040	77.866	-58.4136
2446.289251	77.856	-58.8477
2446.655462	77.853	-59.2097
2447.021673	77.857	-59.6221
2447.387884	77.852	-60.0664
2447.754095	77.842	-60.4319
2448.120306	77.844	-60.7417
2448.486517	77.860	-61.1194
2448.852728	77.871	-61.6035
2449.218939	77.866	-62.0964
2449.585150	77.855	-62.4978
2449.951361	77.853	-62.8401
2450.317572	77.862	-63.2222
2450.683783	77.869	-63.6577
2451.049994	77.871	-64.1033
2451.416205	77.869	-64.5610
2451.782416	77.858	-64.9846
2452.148627	77.851	-65.2920
2452.514838	77.867	-65.6111
2452.881049	77.883	-66.0981
2453.247260	77.875	-66.5786
2453.613471	77.870	-66.9194
2453.979682	77.882	-67.3086
2454.345893	77.884	-67.7622
2454.712104	77.884	-68.1252
2455.078315	77.901	-68.5271
2455.444526	77.908	-69.0574
2455.810737	77.896	-69.5171
2456.176948	77.893	-69.8918
2456.543159	77.893	-70.3044
2456.909369	77.890	-70.6826
2457.275580	77.898	-71.0325
2457.641791	77.910	-71.4768
2458.008002	77.909	-71.9426
2458.374213	77.907	-72.3423
2458.740424	77.912	-72.7527
2459.106635	77.913	-73.1880
2459.472846	77.913	-73.6042
2459.839057	77.915	-74.0269
2460.205268	77.913	-74.4575
2460.571479	77.911	-74.8665
2460.937690	77.910	-75.2756
2461.303901	77.907	-75.6975
2461.670112	77.900	-76.0815
2462.036323	77.899	-76.4121
2462.402534	77.910	-76.7771
2462.768745	77.919	-77.2371
2463.134956	77.912	-77.6907
2463.501167	77.906	-78.0447
2463.867378	77.917	-78.4023
2464.233589	77.928	-78.8701
2464.599800	77.924	-79.3657
2464.966011	77.914	-79.7874
2465.332222	77.909	-80.1482
2465.698433	77.916	-80.5151
2466.064644	77.929	-80.9717
2466.430855	77.926	-81.5007
2466.797066	77.907	-81.9338
2467.163277	77.899	-82.2383
2467.529488	77.909	-82.5767
2467.895698	77.921	-83.0024
2468.261909	77.927	-83.4636
2468.628120	77.925	-83.9226
2468.994331	77.920	-84.3105
2469.360542	77.929	-84.6904
2469.726753	77.936	-85.1792
2470.092964	77.924	-85.6165
2470.459175	77.925	-85.9380
2470.825386	77.939	-86.3889
2471.191597	77.926	-86.8813
2471.557808	77.911	-87.1458
2471.924019	77.935	-87.4236
2472.290230	77.954	-87.9534
2472.656441	77.939	-88.4539
2473.022652	77.929	-88.7644
2473.388863	77.940	-89.1001
2473.755074	77.949	-89.5481
2474.121285	77.946	-89.9861
2474.487496	77.944	-90.3708
2474.853707	77.946	-90.7646
2475.219918	77.948	-91.1816
2475.586129	77.946	-91.5894
2475.952340	77.945	-91.9844
2476.318551	77.946	-92.3538
2476.684762	77.956	-92.7258
2477.050973	77.970	-93.2053
2477.417184	77.965	-93.7261
2477.783395	77.952	-94.1174
2478.149606	77.957	-94.4673
2478.515817	77.968	-94.9155
2478.882028	77.968	-95.3899
2479.248238	77.964	-95.8423
2479.614449	77.957	-96.2656
2479.980660	77.954	-96.6252
2480.346871	77.965	-97.0310
2480.713082	77.965	-97.5305
2481.079293	77.949	-97.9456
2481.445504	77.946	-98.2581
2481.811715	77.954	-98.6143
2482.177926	77.963	-99.0168
2482.544137	77.970	-99.4421
2482.910348	77.972	-99.8870
2483.276559	77.971	-100.2886
2483.642770	77.980	-100.7119
2484.008981	77.979	-101.2195
2484.375192	77.960	-101.6331
2484.741403	77.957	-101.9126
2485.107614	77.976	-102.2939
2485.473825	77.981	-102.8064
2485.840036	77.970	-103.2603
2486.206247	77.963	-103.6343
2486.572458	77.962	-104.0046
2486.938669	77.964	-104.3826
2487.304880	77.968	-104.7827
2487.671091	77.969	-105.2000
2488.037302	77.967	-105.5850
2488.403513	77.972	-105.9463
2488.769724	77.984	-106.3438
2489.135935	77.994	-106.8103
2489.502146	77.994	-107.3186
2489.868357	77.982	-107.7834
2490.234567	77.970	-108.1663
2490.600778	77.964	-108.5110
2490.966989	77.965	-108.8433
2491.333200	77.976	-109.2056
2491.699411	77.985	-109.6699
2492.065622	77.973	-110.1326
2492.431833	77.960	-110.4192
2492.798044	77.980	-110.6738
2493.164255	78.011	-111.1663
2493.530466	78.009	-111.7742
2493.896677	77.987	-112.2056
2494.262888	77.986	-112.5388
2494.629099	77.992	-112.9790
2494.995310	77.981	-113.4255
2495.361521	77.973	-113.7539
2495.727732	77.982	-114.0930
2496.093943	77.992	-114.5122
2496.460154	77.997	-114.9277
2496.826365	78.007	-115.3750
2497.192576	78.007	-115.8806
2497.558787	77.995	-116.2859
2497.924998	78.004	-116.6169
2498.291209	78.024	-117.1304
2498.657420	78.010	-117.7324
2499.023631	77.978	-118.0845
2499.389842	77.983	-118.3125
2499.756053	78.005	-118.7505
2500.122264	77.999	-119.2678
2500.488475	77.986	-119.6230
2500.854686	77.994	-119.9578
2501.220897	78.002	-120.4099
2501.587107	77.996	-120.8508
2501.953318	77.992	-121.2058
2502.319529	78.000	-121.5662
2502.685740	78.010	-121.9988
2503.051951	78.011	-122.4636
2503.418162	78.006	-122.8877
2503.784373	78.004	-123.2759
2504.150584	78.006	-123.6772
2504.516795	78.007	-124.0857
2504.883006	78.008	-124.4939
2505.249217	78.009	-124.9258
2505.615428	78.004	-125.3499
2505.981639	77.998	-125.7166
2506.347850	78.001	-126.0596
2506.714061	78.011	-126.4470
2507.080272	78.018	-126.8774
2507.446483	78.021	-127.3018
2507.812694	78.027	-127.7383
2508.178905	78.029	-128.2322
2508.545116	78.015	-128.7034
2508.911327	77.998	-129.0417
2509.277538	78.000	-129.3152
2509.643749	78.017	-129.6655
2510.009960	78.031	-130.1167
2510.376171	78.034	-130.5996
2510.742382	78.030	-131.0364
2511.108593	78.031	-131.4314
2511.474804	78.036	-131.8806
2511.841015	78.027	-132.3477
2512.207226	78.015	-132.6863
2512.573436	78.026	-133.0015
2512.939647	78.041	-133.4824
2513.305858	78.030	-133.9717
2513.672069	78.022	-134.3091
2514.038280	78.034	-134.6865
2514.404491	78.036	-135.1697
2514.770702	78.027	-135.5745
2515.136913	78.033	-135.9524
2515.503124	78.036	-136.4346
2515.869335	78.024	-136.8896
2516.235546	78.014	-137.2561
2516.601757	78.011	-137.6313
2516.967968	78.007	-137.9883
2517.334179	78.014	-138.3433
2517.700390	78.020	-138.7876
2518.066601	78.012	-139.1912
2518.432812	78.018	-139.5044
2518.799023	78.038	-139.9561
2519.165234	78.034	-140.5005
2519.531445	78.020	-140.8896
2519.897656	78.026	-141.2439
2520.263867	78.031	-141.7019
2520.630078	78.026	-142.1218
2520.996289	78.031	-142.5203
2521.362500	78.032	-142.9880
2521.728711	78.024	-143.4072
2522.094922	78.024	-143.7739
2522.461133	78.028	-144.1943
2522.827344	78.025	-144.6208
2523.193555	78.023	-145.0300
2523.559766	78.018	-145.4355
2523.925976	78.016	-145.7805
2524.292187	78.027	-146.1553
2524.658398	78.031	-146.6365
2525.024609	78.019	-147.0552
2525.390820	78.017	-147.3652
2525.757031	78.031	-147.7363
2526.123242	78.039	-148.2056
2526.489453	78.034	-148.6709
2526.855664	78.025	-149.0603
2527.221875	78.027	-149.4084
2527.588086	78.036	-149.8254
2527.954297	78.036	-150.2878
2528.320508	78.032	-150.7009
2528.686719	78.033	-151.1177
2529.052930	78.028	-151.5410
2529.419141	78.028	-151.8953
2529.785352	78.043	-152.3025
2530.151563	78.049	-152.8530
2530.517774	78.031	-153.3630
2530.883985	78.014	-153.7214
2531.250196	78.013	-154.0525
2531.616407	78.019	-154.4478
2531.982618	78.020	-154.8638
2532.348829	78.021	-155.2612
2532.715040	78.027	-155.6814
2533.081251	78.029	-156.1362
2533.447462	78.028	-156.5723
2533.813673	78.027	-157.0117
2534.179884	78.019	-157.4509
2534.546095	78.011	-157.7957
2534.912306	78.023	-158.1401
2535.278516	78.034	-158.6221
2535.644727	78.028	-159.0852
2536.010938	78.029	-159.4746
2536.377149	78.034	-159.9617
2536.743360	78.017	-160.4265
2537.109571	78.009	-160.7354
2537.475782	78.021	-161.1182
2537.841993	78.018	-161.5928
2538.208204	78.010	-161.9570
2538.574415	78.016	-162.3433
2538.940626	78.009	-162.7891
2539.306837	78.001	-163.0613
2539.673048	78.031	-163.3652
2540.039259	78.054	-163.9810
2540.405470	78.028	-164.5396
2540.771681	78.013	-164.8208
2541.137892	78.028	-165.1924
2541.504103	78.026	-165.6929
2541.870314	78.015	-166.0540
2542.236525	78.025	-166.4197
2542.602736	78.026	-166.8977
2542.968947	78.016	-167.2598
2543.335158	78.032	-167.6060
2543.701369	78.045	-168.1592
2544.067580	78.024	-168.6597
2544.433791	78.015	-168.9634
2544.800002	78.030	-169.3687
2545.166213	78.026	-169.8879
2545.532424	78.010	-170.2698
2545.898635	78.013	-170.6035
2546.264845	78.020	-171.0410
2546.631056	78.015	-171.4626
2546.997267	78.018	-171.8237
2547.363478	78.031	-172.2566
2547.729689	78.034	-172.7683
2548.095900	78.023	-173.2397
2548.462111	78.014	-173.6326
2548.828322	78.013	-174.0115
2549.194533	78.014	-174.4343
2549.560744	78.007	-174.8684
2549.926955	77.997	-175.2219
2550.293166	78.002	-175.5166
2550.659377	78.022	-175.9233
2551.025588	78.027	-176.4583
2551.391799	78.010	-176.9077
2551.758010	78.003	-177.2339
2552.124221	78.009	-177.6040
2552.490432	78.010	-178.0188
2552.856643	78.011	-178.4102
2553.222854	78.015	-178.8335
2553.589065	78.010	-179.2612
2553.955276	78.009	-179.6277
2554.321487	78.017	179.9648
2554.687698	78.018	179.4790
2555.053909	78.008	179.0344
2555.420120	78.000	178.6477
2555.786331	77.998	178.2620
2556.152542	77.998	177.8735
2556.518753	78.000	177.4529
2556.884964	77.996	177.0137
2557.251175	77.989	176.6406
2557.617385	77.995	176.2805
2557.983596	78.004	175.8416
2558.349807	78.006	175.3889
2558.716018	78.008	174.9285
2559.082229	78.000	174.4336
2559.448440	77.981	174.0679
2559.814651	77.987	173.8005
2560.180862	78.008	173.3533
2560.547073	78.002	172.8413
2560.913284	77.995	172.5032
2561.279495	78.013	172.1045
2561.645706	78.013	171.5503
2562.011917	77.991	171.1355
2562.378128	77.987	170.8342
2562.744339	77.993	170.4590
2563.110550	77.995	170.0886
2563.476761	78.007	169.7019
2563.842972	78.013	169.2109
2564.209183	78.004	168.7620
2564.575394	78.001	168.3923
2564.941605	78.006	167.9595
2565.307816	78.000	167.4927
2565.674027	77.988	167.0952
2566.040238	77.984	166.7454
2566.406449	77.988	166.3748
2566.772660	77.995	165.9443
2567.138871	77.994	165.4827
2567.505082	77.989	165.0457
2567.871293	77.986	164.6338
2568.237504	77.986	164.2117
2568.603714	77.983	163.7615
2568.969925	77.972	163.3403
2569.336136	77.966	163.0088
2569.702347	77.979	162.6499
2570.068558	77.988	162.1665
2570.434769	77.981	161.7021
2570.800980	77.977	161.3110
2571.167191	77.977	160.8804
2571.533402	77.966	160.4802
2571.899613	77.965	160.1821
2572.265824	77.983	159.8091
2572.632035	77.989	159.3167
2572.998246	77.979	158.8962
2573.364457	77.982	158.5452
2573.730668	77.991	158.1040
2574.096879	77.984	157.6350
2574.463090	77.974	157.2759
2574.829301	77.982	156.9211
2575.195512	77.991	156.4392
2575.561723	77.981	155.9368
2575.927934	77.965	155.5288
2576.294145	77.955	155.1714
2576.660356	77.952	154.8242
2577.026567	77.958	154.4631
2577.392778	77.967	154.0195
2577.758989	77.962	153.5256
2578.125200	77.948	153.1145
2578.491411	77.946	152.7834
2578.857622	77.959	152.3835
2579.223833	77.964	151.8809
2579.590044	77.954	151.4075
2579.956254	77.946	151.0098
2580.322465	77.944	150.6157
2580.688676	77.941	150.2339
2581.054887	77.946	149.8787
2581.421098	77.958	149.4585
2581.787309	77.961	148.9783
2582.153520	77.955	148.5444
2582.519731	77.953	148.1423
2582.885942	77.951	147.7373
2583.252153	77.949	147.3691
2583.618364	77.957	146.9856
2583.984575	77.962	146.5242
2584.350786	77.954	146.0764
2584.716997	77.948	145.6836
2585.083208	77.942	145.2788
2585.449419	77.930	144.9150
2585.815630	77.931	144.6260
2586.181841	77.947	144.2378
2586.548052	77.948	143.7205
2586.914263	77.928	143.3130
2587.280474	77.925	143.0398
2587.646685	77.945	142.6565
2588.012896	77.952	142.1143
2588.379107	77.935	141.6143
2588.745318	77.919	141.2588
2589.111529	77.924	140.9180
2589.477740	77.930	140.4539
2589.843951	77.919	139.9846
2590.210162	77.910	139.6494
2590.576373	77.922	139.2734
2590.942584	77.925	138.7566
2591.308794	77.909	138.3337
2591.675005	77.912	138.0088
2592.041216	77.924	137.5352
2592.407427	77.910	137.0330
2592.773638	77.894	136.7273
2593.139849	77.907	136.4333
2593.506060	77.925	135.9753
2593.872271	77.927	135.4731
2594.238482	77.920	134.9998
2594.604693	77.905	134.5781
2594.970904	77.895	134.2749
2595.337115	77.908	133.9536
2595.703326	77.918	133.4775
2596.069537	77.907	133.0449
2596.435748	77.909	132.7297
2596.801959	77.928	132.2786
2597.168170	77.921	131.7253
2597.534381	77.899	131.3435
2597.900592	77.900	131.0388
2598.266803	77.909	130.6167
2598.633014	77.906	130.1787
2598.999225	77.905	129.7935
2599.365436	77.910	129.3728
2599.731647	77.911	128.9050
2600.097858	77.903	128.4404
2600.464069	77.888	128.0420
2600.830280	77.882	127.7368
2601.196491	77.894	127.3943
2601.562702	77.904	126.9417
2601.928913	77.903	126.5015
2602.295123	77.909	126.0693
2602.661334	77.907	125.5532
2603.027545	77.885	125.1030
2603.393756	77.871	124.8252
2603.759967	77.882	124.5254
2604.126178	77.895	124.0977
2604.492389	77.897	123.6541
2604.858600	77.899	123.2097
2605.224811	77.892	122.7356
2605.591022	77.875	122.3320
2605.957233	77.865	122.0396
2606.323444	77.875	121.7380
2606.689655	77.891	121.3232
2607.055866	77.894	120.8240
2607.422077	77.881	120.3779
2607.788288	77.873	120.0530
2608.154499	77.885	119.7029
2608.520710	77.894	119.2129
2608.886921	77.883	118.7349
2609.253132	77.875	118.3733
2609.619343	77.880	117.9817
2609.985554	77.878	117.5176
2610.351765	77.868	117.1296
2610.717976	77.874	116.7810
2611.084187	77.886	116.3071
2611.450398	77.877	115.7908
2611.816609	77.862	115.3943
2612.182820	77.860	115.0334
2612.549031	77.860	114.6106
2612.915242	77.854	114.2097
2613.281453	77.854	113.8452
2613.647663	77.858	113.4375
2614.013874	77.856	113.0178
2614.380085	77.856	112.6292
2614.746296	77.859	112.2358
2615.112507	77.863	111.8325
2615.478718	77.870	111.3987
2615.844929	77.871	110.9094
2616.211140	77.858	110.4714
2616.577351	77.854	110.1301
2616.943562	77.863	109.7346
2617.309773	77.863	109.2590
2617.675984	77.853	108.8501
2618.042195	77.854	108.4805
2618.408406	77.857	108.0337
2618.774617	77.847	107.5854
2619.140828	77.837	107.2280
2619.507039	77.839	106.8748
2619.873250	77.842	106.4509
2620.239461	77.835	106.0291
2620.605672	77.828	105.6772
2620.971883	77.834	105.3281
2621.338094	77.843	104.8887
2621.704305	77.838	104.4143
2622.070516	77.827	104.0212
2622.436727	77.825	103.6755
2622.802938	77.832	103.2673
2623.169149	77.831	102.8066
2623.535360	77.824	102.3687
2623.901571	77.816	101.9712
2624.267782	77.813	101.5959
2624.633992	77.817	101.2063
2625.000203	77.823	100.7500
2625.366414	77.817	100.2563
2625.732625	77.802	99.8296
2626.098836	77.795	99.4622
2626.465047	77.794	99.0615
2626.831258	77.788	98.6582
2627.197469	77.788	98.2883
2627.563680	77.794	97.8491
2627.929891	77.784	97.3718
2628.296102	77.770	97.0088
2628.662313	77.773	96.6731
2629.028524	77.778	96.2449
2629.394735	77.775	95.8086
2629.760946	77.772	95.3755
2630.127157	77.760	94.9438
2630.493368	77.748	94.6367
2630.859579	77.764	94.3254
2631.225790	77.779	93.8032
2631.592001	77.763	93.2793
2631.958212	77.747	92.9316
2632.324423	77.751	92.5757
2632.690634	77.753	92.1372
2633.056845	77.747	91.7009
2633.423056	77.737	91.2881
2633.789267	77.727	90.9587
2634.155478	77.738	90.6633
2634.521689	77.759	90.2039
2634.887900	77.757	89.6526
2635.254111	77.743	89.2185
2635.620322	77.740	88.8252
2635.986532	77.737	88.3792
2636.352743	77.728	87.9624
2636.718954	77.722	87.5688
2637.085165	77.715	87.1675
2637.451376	77.708	86.8281
2637.817587	77.718	86.4856
2638.183798	77.729	86.0044
2638.550009	77.718	85.5010
2638.916220	77.703	85.1389
2639.282431	77.707	84.7944
2639.648642	77.713	84.3271
2640.014853	77.701	83.8630
2640.381064	77.692	83.4944
2640.747275	77.693	83.0972
2641.113486	77.687	82.6448
2641.479697	77.675	82.2629
2641.845908	77.675	81.9231
2642.212119	77.681	81.4976
2642.578330	77.675	81.0327
2642.944541	77.662	80.6523
2643.310752	77.663	80.3259
2643.676963	77.675	79.9185
2644.043174	77.677	79.4231
2644.409385	77.665	78.9827
2644.775596	77.661	78.6106
2645.141807	77.662	78.1821
2645.508018	77.650	77.7556
2645.874229	77.643	77.4497
2646.240440	77.657	77.1221
2646.606651	77.673	76.6387
2646.972861	77.669	76.1208
2647.339072	77.656	75.6733
2647.705283	77.644	75.2812
2648.071494	77.638	74.9319
2648.437705	77.641	74.5686
2648.803916	77.643	74.1362
2649.170127	77.635	73.7009
2649.536338	77.625	73.3394
2649.902549	77.626	73.0063
2650.268760	77.634	72.6165
2650.634971	77.637	72.1799
2651.001182	77.638	71.7451
2651.367393	77.636	71.2854
2651.733604	77.624	70.8269
2652.099815	77.610	70.4670
2652.466026	77.611	70.1367
2652.832237	77.616	69.7212
2653.198448	77.612	69.2961
2653.564659	77.611	68.9041
2653.930870	77.612	68.4702
2654.297081	77.605	68.0300
2654.663292	77.598	67.6404
2655.029503	77.597	67.2473
2655.395714	77.595	66.8184
2655.761925	77.587	66.3884
2656.128136	77.578	65.9973
2656.494347	77.573	65.6230
2656.860558	77.569	65.2251
2657.226769	77.561	64.8616
2657.592980	77.565	64.5251
2657.959191	77.576	64.0720
2658.325401	77.565	63.5891
2658.691612	77.555	63.2490
2659.057823	77.570	62.8611
2659.424034	77.572	62.2920
2659.790245	77.545	61.7964
2660.156456	77.525	61.4658
2660.522667	77.519	61.1394
2660.888878	77.517	60.8020
2661.255089	77.523	60.4575
2661.621300	77.532	60.0352
2661.987511	77.534	59.5808
2662.353722	77.532	59.1343
2662.719933	77.525	58.6836
2663.086144	77.513	58.3064
2663.452355	77.516	57.9580
2663.818566	77.521	57.4919
2664.184777	77.505	57.0444
2664.550988	77.496	56.7502
2664.917199	77.509	56.3911
2665.283410	77.511	55.9036
2665.649621	77.500	55.4958
2666.015832	77.502	55.1052
2666.382043	77.494	54.6265
2666.748254	77.472	54.2615
2667.114465	77.472	54.0002
2667.480676	77.485	53.5999
2667.846887	77.480	53.1558
2668.213098	77.479	52.8115
2668.579309	77.495	52.3748
2668.945520	77.491	51.8125
2669.311731	77.468	51.3647
2669.677941	77.457	51.0327
2670.044152	77.457	50.6584
2670.410363	77.454	50.2588
2670.776574	77.452	49.8809
2671.142785	77.455	49.4902
2671.508996	77.457	49.0786
2671.875207	77.459	48.6562
2672.241418	77.458	48.2405
2672.607629	77.461	47.8269
2672.973840	77.463	47.3572
2673.340051	77.449	46.8970
2673.706262	77.437	46.5745
2674.072473	77.448	46.2437
2674.438684	77.454	45.7444
2674.804895	77.434	45.2957
2675.171106	77.424	45.0298
2675.537317	77.442	44.6829
2675.903528	77.448	44.1587
2676.269739	77.430	43.7100
2676.635950	77.423	43.3867
2677.002161	77.432	42.9648
2677.368372	77.421	42.4434
2677.734583	77.393	42.0713
2678.100794	77.390	41.8291
2678.467005	77.407	41.4390
2678.833216	77.406	40.9150
2679.199427	77.389	40.4922
2679.565638	77.384	40.1328
2679.931849	77.384	39.7139
2680.298060	77.378	39.2881
2680.664270	77.371	38.8701
2681.030481	77.359	38.4775
2681.396692	77.354	38.1836
2681.762903	77.373	37.8301
2682.129114	77.382	37.3008
2682.495325	77.366	36.8530
2682.861536	77.367	36.5273
2683.227747	77.378	36.0586
2683.593958	77.363	35.5791
2683.960169	77.356	35.2695
2684.326380	77.370	34.8657
2684.692591	77.363	34.3579
2685.058802	77.348	34.0215
2685.425013	77.362	33.6660
2685.791224	77.364	33.1226
2686.157435	77.339	32.6885
2686.523646	77.331	32.3794
2686.889857	77.330	31.9810
2687.256068	77.319	31.6201
2687.622279	77.326	31.3066
2687.988490	77.337	30.8281
2688.354701	77.320	30.3379
2688.720912	77.306	30.0264
2689.087123	77.317	29.6816
2689.453334	77.321	29.1807
2689.819545	77.304	28.7139
2690.185756	77.288	28.3911
2690.551967	77.295	28.0840
2690.918178	77.309	27.6338
2691.284389	77.302	27.1089
2691.650600	77.282	26.7070
2692.016810	77.278	26.3926
2692.383021	77.285	25.9941
2692.749232	77.282	25.5371
2693.115443	77.272	25.1245
2693.481654	77.263	24.7549
2693.847865	77.260	24.4102
2694.214076	77.264	24.0557
2694.580287	77.272	23.6279
2694.946498	77.269	23.1436
2695.312709	77.253	22.7124
2695.678920	77.241	22.3828
2696.045131	77.244	22.0586
2696.411342	77.251	21.6445
2696.777553	77.249	21.1904
2697.143764	77.241	20.7783
2697.509975	77.236	20.3857
2697.876186	77.232	19.9839
2698.242397	77.226	19.5908
2698.608608	77.223	19.2095
2698.974819	77.222	18.8164
2699.341030	77.219	18.4141
2699.707241	77.215	18.0479
2700.073452	77.221	17.6992
2700.439663	77.235	17.2559
2700.805874	77.234	16.7129
2701.172085	77.212	16.2529
2701.538296	77.197	15.9346
2701.904507	77.199	15.5967
2702.270718	77.196	15.1997
2702.636929	77.192	14.8691
2703.003139	77.207	14.5259
2703.369350	77.220	13.9990
2703.735561	77.199	13.4736
2704.101772	77.176	13.1719
2704.467983	77.184	12.8799
2704.834194	77.192	12.4185
2705.200405	77.179	11.9834
2705.566616	77.174	11.6406
2705.932827	77.180	11.2285
2706.299038	77.175	10.7549
2706.665249	77.160	10.3330
2707.031460	77.148	9.9697
2707.397671	77.144	9.6230
2707.763882	77.146	9.2432
2708.130093	77.144	8.8374
2708.496304	77.144	8.4463
2708.862515	77.148	8.0137
2709.228726	77.142	7.5371
2709.594937	77.129	7.1484
2709.961148	77.132	6.7852
2710.327359	77.132	6.3145
2710.693570	77.115	5.9014
2711.059781	77.114	5.6182
2711.425992	77.134	5.1914
2711.792203	77.127	4.6216
2712.158414	77.100	4.2285
2712.524625	77.094	3.9629
2712.890836	77.103	3.6055
2713.257047	77.106	3.2256
2713.623258	77.117	2.8359
2713.989469	77.125	2.3223
2714.355679	77.110	1.8218
2714.721890	77.094	1.4629
2715.088101	77.092	1.1250
2715.454312	77.095	0.7314
2715.820523	77.095	0.3076
2716.186734	77.089	-0.1035
2716.552945	77.087	-0.4692
2716.919156	77.096	-0.9043
2717.285367	77.088	-1.4385
2717.651578	77.060	-1.8418
2718.017789	77.050	-2.0957
2718.384000	77.061	-2.4375
2718.750211	77.065	-2.8779
2719.116422	77.060	-3.2988
2719.482633	77.055	-3.6855
2719.848844	77.055	-4.0522
2720.215055	77.062	-4.4795
2720.581266	77.057	-4.9697
2720.947477	77.040	-5.3721
2721.313688	77.034	-5.7114
2721.679899	77.032	-6.0947
2722.046110	77.028	-6.4609
2722.412321	77.032	-6.8418
2722.778532	77.028	-7.2837
2723.144743	77.018	-7.6382
2723.510954	77.027	-7.9766
2723.877165	77.033	-8.4707
2724.243376	77.014	-8.9019
2724.609587	77.012	-9.1763
2724.975798	77.034	-9.6279
2725.342009	77.021	-10.2222
2725.708219	76.986	-10.5645
2726.074430	76.987	-10.7754
2726.440641	77.004	-11.1963
2726.806852	76.994	-11.6807
2727.173063	76.982	-12.0146
2727.539274	76.989	-12.3755
2727.905485	76.987	-12.8320
2728.271696	76.976	-13.2158
2728.637907	76.977	-13.5859
2729.004118	76.972	-14.0190
2729.370329	76.961	-14.3613
2729.736540	76.971	-14.6855
2730.102751	76.981	-15.1934
2730.468962	76.961	-15.6880
2730.835173	76.943	-16.0088
2731.201384	76.944	-16.3545
2731.567595	76.937	-16.7578
2731.933806	76.930	-17.1030
2732.300017	76.929	-17.4746
2732.666228	76.920	-17.8594
2733.032439	76.916	-18.1479
2733.398650	76.933	-18.4951
2733.764861	76.941	-19.0024
2734.131072	76.927	-19.4761
2734.497283	76.917	-19.8560
2734.863494	76.912	-20.2563
2735.229705	76.902	-20.6470
2735.595916	76.899	-21.0020
2735.962127	76.902	-21.4238
2736.328338	76.894	-21.8892
2736.694548	76.877	-22.2861
2737.060759	76.867	-22.6299
2737.426970	76.862	-22.9697
2737.793181	76.863	-23.3105
2738.159392	76.870	-23.7075
2738.525603	76.868	-24.1602
2738.891814	76.858	-24.5625
2739.258025	76.855	-24.9331
2739.624236	76.852	-25.3525
2739.990447	76.840	-25.7422
2740.356658	76.835	-26.0596
2740.722869	76.842	-26.4277
2741.089080	76.842	-26.8535
2741.455291	76.839	-27.2432
2741.821502	76.843	-27.6548
2742.187713	76.840	-28.1543
2742.553924	76.817	-28.6084
2742.920135	76.796	-28.9072
2743.286346	76.797	-29.1782
2743.652557	76.806	-29.5747
2744.018768	76.798	-30.0078
2744.384979	76.789	-30.3384
2744.751190	76.797	-30.6777
2745.117401	76.802	-31.1396
2745.483612	76.790	-31.5703
2745.849823	76.785	-31.9131
2746.216034	76.789	-32.3301
2746.582245	76.778	-32.7725
2746.948456	76.767	-33.1030
2747.314667	76.773	-33.4561
2747.680878	76.771	-33.8926
2748.047088	76.760	-34.2529
2748.413299	76.765	-34.5894
2748.779510	76.770	-35.0239
2749.145721	76.763	-35.4463
2749.511932	76.761	-35.8428
2749.878143	76.754	-36.2910
2750.244354	76.735	-36.6509
2750.610565	76.736	-36.9248
2750.976776	76.750	-37.3604
2751.342987	76.734	-37.8599
2751.709198	76.712	-38.1533
2752.075409	76.722	-38.4092
2752.441620	76.737	-38.8740
2752.807831	76.725	-39.3755
2753.174042	76.708	-39.7236
2753.540253	76.711	-40.0654
2753.906464	76.710	-40.5342
2754.272675	76.688	-40.9526
2754.638886	76.676	-41.1953
2755.005097	76.696	-41.5020
2755.371308	76.709	-42.0376
2755.737519	76.689	-42.5557
2756.103730	76.670	-42.8926
2756.469941	76.670	-43.2373
2756.836152	76.666	-43.6733
2757.202363	76.650	-44.0483
2757.568574	76.645	-44.3457
2757.934785	76.651	-44.6943
2758.300996	76.653	-45.0986
2758.667207	76.651	-45.4756
2759.033417	76.657	-45.8564
2759.399628	76.660	-46.3101
2759.765839	76.649	-46.7559
2760.132050	76.638	-47.0820
2760.498261	76.650	-47.4141
2760.864472	76.660	-47.9170
2761.230683	76.641	-48.4214
2761.596894	76.621	-48.7422
2761.963105	76.624	-49.0586
2762.329316	76.624	-49.4878
2762.695527	76.612	-49.8608
2763.061738	76.611	-50.1797
2763.427949	76.615	-50.5762
2763.794160	76.610	-50.9736
2764.160371	76.610	-51.3398
2764.526582	76.612	-51.7676
2764.892793	76.602	-52.2070
2765.259004	76.589	-52.5840
2765.625215	76.580	-52.9297
2765.991426	76.575	-53.2500
2766.357637	76.579	-53.5957
2766.723848	76.580	-54.0151
2767.090059	76.569	-54.3955
2767.456270	76.569	-54.7017
2767.822481	76.581	-55.0908
2768.188692	76.582	-55.5869
2768.554903	76.567	-56.0332
2768.921114	76.554	-56.3857
2769.287325	76.552	-56.7456
2769.653536	76.548	-57.1572
2770.019747	76.537	-57.5488
2770.385957	76.529	-57.8916
2770.752168	76.528	-58.2485
2771.118379	76.525	-58.6162
2771.484590	76.526	-58.9600
2771.850801	76.536	-59.3623
2772.217012	76.537	-59.8589
2772.583223	76.521	-60.3262
2772.949434	76.504	-60.6973
2773.315645	76.495	-61.0410
2773.681856	76.488	-61.3887
2774.048067	76.484	-61.7334
2774.414278	76.483	-62.0811
2774.780489	76.486	-62.4390
2775.146700	76.492	-62.8643
2775.512911	76.483	-63.3496
2775.879122	76.457	-63.7051
2776.245333	76.453	-63.9233
2776.611544	76.473	-64.2847
2776.977755	76.471	-64.7900
2777.343966	76.451	-65.1553
2777.710177	76.453	-65.4326
2778.076388	76.466	-65.8408
2778.442599	76.463	-66.3105
2778.808810	76.454	-66.7256
2779.175021	76.446	-67.1172
2779.541232	76.441	-67.4951
2779.907443	76.439	-67.8872
2780.273654	76.433	-68.3174
2780.639865	76.420	-68.6929
2781.006076	76.417	-69.0078
2781.372286	76.425	-69.4023
2781.738497	76.422	-69.8647
2782.104708	76.410	-70.2559
2782.470919	76.408	-70.6152
2782.837130	76.406	-71.0459
2783.203341	76.391	-71.4443
2783.569552	76.383	-71.7271
2783.935763	76.397	-72.0674
2784.301974	76.401	-72.5522
2784.668185	76.385	-72.9805
2785.034396	76.377	-73.2910
2785.400607	76.383	-73.6660
2785.766818	76.378	-74.0952
2786.133029	76.369	-74.4346
2786.499240	76.377	-74.7891
2786.865451	76.379	-75.2744
2787.231662	76.358	-75.7129
2787.597873	76.341	-75.9961
2787.964084	76.346	-76.2832
2788.330295	76.354	-76.6650
2788.696506	76.356	-77.0879
2789.062717	76.351	-77.5273
2789.428928	76.339	-77.9258
2789.795139	76.334	-78.2671
2790.161350	76.335	-78.6611
2790.527561	76.327	-79.0830
2790.893772	76.319	-79.4326
2791.259983	76.320	-79.8252
2791.626194	76.308	-80.2764
2791.992405	76.286	-80.5757
2792.358616	76.292	-80.8135
2792.724826	76.308	-81.2354
2793.091037	76.299	-81.6934
2793.457248	76.292	-82.0234
2793.823459	76.301	-82.4014
2794.189670	76.298	-82.8770
2794.555881	76.283	-83.2725
2794.922092	76.280	-83.6123
2795.288303	76.280	-84.0171
2795.654514	76.271	-84.4082
2796.020725	76.269	-84.7480
2796.386936	76.275	-85.1621
2796.753147	76.266	-85.6113
2797.119358	76.255	-85.9580
2797.485569	76.261	-86.3071
2797.851780	76.262	-86.7544
2798.217991	76.253	-87.1553
2798.584202	76.256	-87.5166
2798.950413	76.261	-88.0020
2799.316624	76.242	-88.4980
2799.682835	76.218	-88.8213
2800.049046	76.216	-89.0942
2800.415257	76.221	-89.4658
2800.781468	76.215	-89.8574
2801.147679	76.211	-90.1865
2801.513890	76.217	-90.5264
2801.880101	76.222	-90.9424
2802.246312	76.216	-91.3633
2802.612523	76.210	-91.7168
2802.978734	76.214	-92.0791
2803.344945	76.216	-92.5229
2803.711156	76.202	-92.9624
2804.077366	76.184	-93.2881
2804.443577	76.183	-93.5596
2804.809788	76.194	-93.9253
2805.175999	76.194	-94.3779
2805.542210	76.182	-94.7773
2805.908421	76.175	-95.1299
2806.274632	76.169	-95.5049
2806.640843	76.161	-95.8369
2807.007054	76.167	-96.1514
2807.373265	76.178	-96.5820
2807.739476	76.171	-97.0547
2808.105687	76.160	-97.4395
2808.471898	76.157	-97.8188
2808.838109	76.149	-98.2261
2809.204320	76.140	-98.5850
2809.570531	76.138	-98.9272
2809.936742	76.139	-99.2959
2810.302953	76.140	-99.6836
2810.669164	76.138	-100.0972
2811.035375	76.129	-100.4717
2811.401586	76.131	-100.7969
2811.767797	76.141	-101.2158
2812.134008	76.134	-101.6963
2812.500219	76.120	-102.0830
2812.866430	76.114	-102.4390
2813.232641	76.106	-102.8120
2813.598852	76.101	-103.1250
2813.965063	76.111	-103.4883
2814.331274	76.110	-103.9795
2814.697485	76.089	-104.3945
2815.063695	76.079	-104.6885
2815.429906	76.082	-105.0591
2815.796117	76.072	-105.4766
2816.162328	76.059	-105.7861
2816.528539	76.065	-106.0918
2816.894750	76.070	-106.5117
2817.260961	76.062	-106.9141
2817.627172	76.061	-107.2539
2817.993383	76.067	-107.6660
2818.359594	76.059	-108.0957
2818.725805	76.053	-108.4336
2819.092016	76.061	-108.8169
2819.458227	76.058	-109.2827
2819.824438	76.046	-109.6611
2820.190649	76.047	-110.0117
2820.556860	76.046	-110.4482
2820.923071	76.031	-110.8237
2821.289282	76.029	-111.1152
2821.655493	76.039	-111.4971
2822.021704	76.035	-111.9312
2822.387915	76.027	-112.2949
2822.754126	76.028	-112.6470
2823.120337	76.030	-113.0420
2823.486548	76.027	-113.4634
2823.852759	76.015	-113.8706
2824.218970	76.004	-114.1904
2824.585181	76.011	-114.5137
2824.951392	76.014	-114.9834
2825.317603	75.993	-115.4004
2825.683814	75.986	-115.6406
2826.050025	76.007	-116.0381
2826.416235	75.996	-116.6035
2826.782446	75.965	-116.9268
2827.148657	75.973	-117.1670
2827.514868	75.983	-117.6689
2827.881079	75.957	-118.1177
2828.247290	75.947	-118.3496
2828.613501	75.963	-118.7373
2828.979712	75.950	-119.2373
2829.345923	75.928	-119.5283
2829.712134	75.937	-119.7749
2830.078345	75.953	-120.1963
2830.444556	75.951	-120.6611
2830.810767	75.943	-121.0645
2831.176978	75.938	-121.4492
2831.543189	75.933	-121.8301
2831.909400	75.928	-122.1934
2832.275611	75.928	-122.5439
2832.641822	75.932	-122.9375
2833.008033	75.929	-123.3647
2833.374244	75.918	-123.7217
2833.740455	75.919	-124.0420
2834.106666	75.922	-124.4360
2834.472877	75.914	-124.8203
2834.839088	75.912	-125.1270
2835.205299	75.921	-125.4961
2835.571510	75.918	-125.9336
2835.937721	75.907	-126.2705
2836.303932	75.914	-126.5635
2836.670143	75.927	-127.0039
2837.036354	75.916	-127.4902
2837.402564	75.897	-127.8242
2837.768775	75.898	-128.1265
2838.134986	75.898	-128.5303
2838.501197	75.884	-128.8809
2838.867408	75.884	-129.1401
2839.233619	75.897	-129.5049
2839.599830	75.896	-129.9517
2839.966041	75.886	-130.3115
2840.332252	75.886	-130.6616
2840.698463	75.881	-131.0576
2841.064674	75.872	-131.3682
2841.430885	75.884	-131.6772
2841.797096	75.893	-132.1572
2842.163307	75.875	-132.6211
2842.529518	75.860	-132.9004
2842.895729	75.871	-133.2056
2843.261940	75.879	-133.6719
2843.628151	75.866	-134.1426
2843.994362	75.848	-134.5088
2844.360573	75.840	-134.8120
2844.726784	75.843	-135.1406
2845.092995	75.846	-135.5381
2845.459206	75.840	-135.9380
2845.825417	75.835	-136.3008
2846.191628	75.833	-136.6787
2846.557839	75.827	-137.0537
2846.924050	75.823	-137.3828
2847.290261	75.827	-137.7148
2847.656472	75.834	-138.0986
2848.022683	75.836	-138.5347
2848.388894	75.825	-138.9590
2848.755104	75.813	-139.2827
2849.121315	75.816	-139.5752
2849.487526	75.824	-139.9575
2849.853737	75.821	-140.3691
2850.219948	75.815	-140.7319
2850.586159	75.813	-141.0747
2850.952370	75.814	-141.4238
2851.318581	75.818	-141.8105
2851.684792	75.813	-142.2227
2852.051003	75.804	-142.5820
2852.417214	75.803	-142.9219
2852.783425	75.802	-143.3120
2853.149636	75.794	-143.6841
2853.515847	75.790	-144.0024
2853.882058	75.796	-144.3579
2854.248269	75.797	-144.7852
2854.614480	75.785	-145.1909
2854.980691	75.775	-145.4961
2855.346902	75.784	-145.8008
2855.713113	75.795	-146.2437
2856.079324	75.786	-146.7236
2856.445535	75.770	-147.0908
2856.811746	75.764	-147.4121
2857.177957	75.763	-147.7490
2857.544168	75.767	-148.0908
2857.910379	75.771	-148.4961
2858.276590	75.763	-148.9072
2858.642801	75.755	-149.2041
2859.009012	75.767	-149.5137
2859.375223	75.776	-149.9595
2859.741434	75.766	-150.3853
2860.107644	75.761	-150.6987
2860.473855	75.771	-151.0518
2860.840066	75.774	-151.5078
2861.206277	75.760	-151.9292
2861.572488	75.748	-152.2437
2861.938699	75.750	-152.5566
2862.304910	75.751	-152.9492
2862.671121	75.739	-153.3262
2863.037332	75.729	-153.5913
2863.403543	75.739	-153.8486
2863.769754	75.757	-154.2324
2864.135965	75.762	-154.6924
2864.502176	75.756	-155.1387
2864.868387	75.742	-155.5488
2865.234598	75.728	-155.8696
2865.600809	75.730	-156.1494
2865.967020	75.741	-156.5488
2866.333231	75.734	-157.0044
2866.699442	75.721	-157.3423
2867.065653	75.725	-157.6758
2867.431864	75.724	-158.1030
2867.798075	75.711	-158.4712
2868.164286	75.710	-158.7871
2868.530497	75.711	-159.1729
2868.896708	75.702	-159.5293
2869.262919	75.704	-159.8286
2869.629130	75.715	-160.2285
2869.995341	75.707	-160.6680
2870.361552	75.694	-160.9829
2870.727763	75.700	-161.2686
2871.093973	75.709	-161.6533
2871.460184	75.707	-162.0454
2871.826395	75.709	-162.3892
2872.192606	75.716	-162.7910
2872.558817	75.710	-163.2324
2872.925028	75.697	-163.5596
2873.291239	75.706	-163.8486
2873.657450	75.720	-164.2993
2874.023661	75.707	-164.7959
2874.389872	75.686	-165.1309
2874.756083	75.683	-165.4033
2875.122294	75.690	-165.7642
2875.488505	75.687	-166.1631
2875.854716	75.682	-166.5269
2876.220927	75.680	-166.8838
2876.587138	75.678	-167.2700
2876.953349	75.669	-167.6353
2877.319560	75.666	-167.9355
2877.685771	75.677	-168.2812
2878.051982	75.680	-168.7354
2878.418193	75.666	-169.1377
2878.784404	75.659	-169.4307
2879.150615	75.667	-169.7627
2879.516826	75.672	-170.1621
2879.883037	75.672	-170.5566
2880.249248	75.671	-170.9590
2880.615459	75.664	-171.3477
2880.981670	75.660	-171.6758
2881.347881	75.666	-172.0283
2881.714092	75.666	-172.4492
2882.080303	75.657	-172.8252
2882.446513	75.657	-173.1465
2882.812724	75.663	-173.5405
2883.178935	75.655	-173.9722
2883.545146	75.643	-174.3066
2883.911357	75.644	-174.6143
2884.277568	75.648	-175.0186
2884.643779	75.636	-175.4248
2885.009990	75.623	-175.7212
2885.376201	75.628	-176.0049
2885.742412	75.638	-176.4126
2886.108623	75.627	-176.8535
2886.474834	75.610	-177.1455
2886.841045	75.620	-177.4028
2887.207256	75.635	-177.8418
2887.573467	75.625	-178.3008
2887.939678	75.618	-178.6338
2888.305889	75.622	-179.0498
2888.672100	75.602	-179.4810
2889.038311	75.586	-179.6807
2889.404522	75.613	-179.9341
2889.770733	75.631	179.5259
2890.136944	75.610	179.0576
2890.503155	75.602	178.7773
2890.869366	75.611	178.4087
2891.235577	75.606	177.9932
2891.601788	75.602	177.6631
2891.967999	75.607	177.3037
2892.334210	75.605	176.9141
2892.700421	75.603	176.5806
2893.066632	75.609	176.2354
2893.432842	75.614	175.8467
2893.799053	75.618	175.4438
2894.165264	75.616	175.0034
2894.531475	75.601	174.5996
2894.897686	75.588	174.3208
2895.263897	75.596	174.0342
2895.630108	75.602	173.6338
2895.996319	75.594	173.2534
2896.362530	75.593	172.9531
2896.728741	75.602	172.5918
2897.094952	75.602	172.1611
2897.461163	75.593	171.7891
2897.827374	75.592	171.4453
2898.193585	75.590	171.0557
2898.559796	75.582	170.6978
2898.926007	75.582	170.3774
2899.292218	75.587	169.9849
2899.658429	75.579	169.5752
2900.024640	75.570	169.2500
2900.390851	75.573	168.9160
2900.757062	75.573	168.5342
2901.123273	75.571	168.1807
2901.489484	75.575	167.7998
2901.855695	75.570	167.3730
2902.221906	75.558	167.0371
2902.588117	75.561	166.7432
2902.954328	75.570	166.3564
2903.320539	75.569	165.9468
2903.686750	75.565	165.5625
2904.052961	75.559	165.1865
2904.419172	75.555	164.8770
2904.785382	75.566	164.5386
2905.151593	75.570	164.0762
2905.517804	75.554	163.6836
2905.884015	75.551	163.3936
2906.250226	75.555	163.0166
2906.616437	75.546	162.6606
2906.982648	75.550	162.3916
2907.348859	75.566	161.9819
2907.715070	75.555	161.5259
2908.081281	75.543	161.2573
2908.447492	75.559	160.9590
2908.813703	75.566	160.4980
2909.179914	75.555	160.1152
2909.546125	75.558	159.7886
2909.912336	75.560	159.3574
2910.278547	75.547	158.9878
2910.644758	75.548	158.7109
2911.010969	75.560	158.2959
2911.377180	75.547	157.8623
2911.743391	75.539	157.6152
2912.109602	75.564	157.2705
2912.475813	75.568	156.6953
2912.842024	75.537	156.2842
2913.208235	75.534	156.0552
2913.574446	75.548	155.6338
2913.940657	75.530	155.1626
2914.306868	75.513	154.9189
2914.673079	75.529	154.6416
2915.039290	75.537	154.1787
2915.405501	75.525	153.7812
2915.771711	75.525	153.4629
2916.137922	75.531	153.0654
2916.504133	75.525	152.6621
2916.870344	75.522	152.3135
2917.236555	75.523	151.9326
2917.602766	75.515	151.5430
2917.968977	75.506	151.2393
2918.335188	75.512	150.9736
2918.701399	75.530	150.6182
2919.067610	75.539	150.1665
2919.433821	75.533	149.7324
2919.800032	75.524	149.3735
2920.166243	75.524	149.0605
2920.532454	75.533	148.7080
2920.898665	75.536	148.2559
2921.264876	75.518	147.8516
2921.631087	75.507	147.6250
2921.997298	75.526	147.3628
2922.363509	75.542	146.9067
2922.729720	75.534	146.4390
2923.095931	75.519	146.0635
2923.462142	75.505	145.7607
2923.828353	75.506	145.5352
2924.194564	75.528	145.1953
2924.560775	75.531	144.6729
2924.926986	75.505	144.2891
2925.293197	75.501	144.0771
2925.659408	75.518	143.7256
2926.025619	75.518	143.2715
2926.391830	75.508	142.8970
2926.758041	75.504	142.5605
2927.124251	75.506	142.2368
2927.490462	75.521	141.8447
2927.856673	75.521	141.3037
2928.222884	75.490	140.8745
2928.589095	75.476	140.6714
2928.955306	75.493	140.3682
2929.321517	75.497	139.9077
2929.687728	75.485	139.5425
2930.053939	75.486	139.2363
2930.420150	75.493	138.8706
2930.786361	75.496	138.5029
2931.152572	75.504	138.1123
2931.518783	75.505	137.6660
2931.884994	75.493	137.2695
2932.251205	75.487	136.9736
2932.617416	75.497	136.6748
2932.983627	75.512	136.2451
2933.349838	75.504	135.7563
2933.716049	75.484	135.4414
2934.082260	75.492	135.2241
2934.448471	75.516	134.7920
2934.814682	75.505	134.2676
2935.180893	75.484	133.9600
2935.547104	75.490	133.6855
2935.913315	75.494	133.2578
2936.279526	75.479	132.9102
2936.645737	75.484	132.6602
2937.011948	75.500	132.2510
2937.378159	75.492	131.7920
2937.744370	75.481	131.4780
2938.110581	75.489	131.1328
2938.476791	75.485	130.6963
2938.843002	75.470	130.3770
2939.209213	75.477	130.1245
2939.575424	75.494	129.7251
2939.941635	75.493	129.2480
2940.307846	75.480	128.8521
2940.674057	75.470	128.5244
2941.040268	75.467	128.2217
2941.406479	75.472	127.9209
2941.772690	75.484	127.5566
2942.138901	75.488	127.1216
2942.505112	75.479	126.7231
2942.871323	75.473	126.4082
2943.237534	75.479	126.0820
2943.603745	75.484	125.6865
2943.969956	75.481	125.2891
2944.336167	75.478	124.9287
2944.702378	75.477	124.5752
2945.068589	75.477	124.2207
2945.434800	75.478	123.8706
2945.801011	75.481	123.5234
2946.167222	75.488	123.1670
2946.533433	75.496	122.7480
2946.899644	75.492	122.2949
2947.265855	75.479	121.9346
2947.632066	75.481	121.6333
2947.998277	75.490	121.2393
2948.364488	75.485	120.8052
2948.730699	75.475	120.4639
2949.096910	75.476	120.1582
2949.463120	75.483	119.7944
2949.829331	75.482	119.4072
2950.195542	75.477	119.0625
2950.561753	75.480	118.7588
2950.927964	75.494	118.4028
2951.294175	75.500	117.9414
2951.660386	75.484	117.5068
2952.026597	75.468	117.2363
2952.392808	75.478	116.9951
2952.759019	75.494	116.5908
2953.125230	75.485	116.1367
2953.491441	75.469	115.8574
2953.857652	75.482	115.6318
2954.223863	75.505	115.2056
2954.590074	75.497	114.7119
2954.956285	75.482	114.3965
2955.322496	75.490	114.1250
2955.688707	75.503	113.7197
2956.054918	75.503	113.2866
2956.421129	75.499	112.9033
2956.787340	75.498	112.5278
2957.153551	75.498	112.1528
2957.519762	75.497	111.7578
2957.885973	75.487	111.3838
2958.252184	75.481	111.1211
2958.618395	75.500	110.8379
2958.984606	75.519	110.3706
2959.350817	75.511	109.8770
2959.717028	75.496	109.5186
2960.083239	75.493	109.2051
2960.449450	75.493	108.8765
2960.815660	75.496	108.5566
2961.181871	75.503	108.1978
2961.548082	75.504	107.8047
2961.914293	75.500	107.4717
2962.280504	75.508	107.1680
2962.646715	75.524	106.7607
2963.012926	75.523	106.2607
2963.379137	75.501	105.8447
2963.745348	75.486	105.6016
2964.111559	75.498	105.3608
2964.477770	75.516	104.9395
2964.843981	75.508	104.4785
2965.210192	75.496	104.1865
2965.576403	75.511	103.8955
2965.942614	75.524	103.4204
2966.308825	75.510	102.9668
2966.675036	75.498	102.6812
2967.041247	75.506	102.3906
2967.407458	75.516	102.0195
2967.773669	75.524	101.6299
2968.139880	75.529	101.2017
2968.506091	75.522	100.7812
2968.872302	75.515	100.4453
2969.238513	75.520	100.1113
2969.604724	75.522	99.7188
2969.970935	75.517	99.3467
2970.337146	75.514	99.0225
2970.703357	75.518	98.6934
2971.069568	75.522	98.3330
2971.435779	75.522	97.9648
2971.801989	75.521	97.6230
2972.168200	75.524	97.2778
2972.534411	75.525	96.9121
2972.900622	75.525	96.5840
2973.266833	75.534	96.2671
2973.633044	75.548	95.8672
2973.999255	75.552	95.4097
2974.365466	75.546	94.9756
2974.731677	75.536	94.6001
2975.097888	75.531	94.2832
2975.464099	75.538	93.9575
2975.830310	75.545	93.5596
2976.196521	75.543	93.1479
2976.562732	75.537	92.7988
2976.928943	75.540	92.4893
2977.295154	75.552	92.1328
2977.661365	75.558	91.7090
2978.027576	75.555	91.3203
2978.393787	75.559	90.9717
2978.759998	75.565	90.5508
2979.126209	75.555	90.1528
2979.492420	75.553	89.8672
2979.858631	75.567	89.5010
2980.224842	75.565	89.0454
2980.591053	75.552	88.7148
2980.957264	75.557	88.4258
2981.323475	75.564	88.0508
2981.689686	75.566	87.6934
2982.055897	75.576	87.3047
2982.422108	75.574	86.8242
2982.788319	75.554	86.4570
2983.154529	75.553	86.1973
2983.520740	75.564	85.8174
2983.886951	75.557	85.3960
2984.253162	75.549	85.0962
2984.619373	75.558	84.7959
2984.985584	75.568	84.3970
2985.351795	75.567	83.9893
2985.718006	75.565	83.6230
2986.084217	75.566	83.2705
2986.450428	75.569	82.9141
2986.816639	75.574	82.5488
2987.182850	75.578	82.1709
2987.549061	75.582	81.7695
2987.915272	75.578	81.3564
2988.281483	75.569	80.9951
2988.647694	75.566	80.6929
2989.013905	75.571	80.3594
2989.380116	75.573	79.9854
2989.746327	75.571	79.6309
2990.112538	75.569	79.2832
2990.478749	75.565	78.9561
2990.844960	75.569	78.6738
2991.211171	75.584	78.3120
2991.577382	75.585	77.8462
2991.943593	75.568	77.5000
2992.309804	75.574	77.2705
2992.676015	75.600	76.8574
2993.042226	75.594	76.2959
2993.408437	75.564	75.9502
2993.774648	75.567	75.7637
2994.140859	75.593	75.3745
2994.507069	75.589	74.8623
2994.873280	75.574	74.5303
2995.239491	75.584	74.2402
2995.605702	75.595	73.7930
2995.971913	75.584	73.3760
2996.338124	75.581	73.0947
2996.704335	75.597	72.7500
2997.070546	75.604	72.2891
2997.436757	75.594	71.8916
2997.802968	75.594	71.5869
2998.169179	75.603	71.1973
2998.535390	75.589	70.7788
2998.901601	75.572	70.6318
2999.267812	75.616	70.5420
2999.634023	75.681	69.9355
3000.000234	75.662	69.0913
3000.366445	75.598	68.7598
3000.732656	75.595	68.7070
3001.098867	75.623	68.3604
3001.465078	75.619	67.9180
3001.831289	75.614	67.6382
3002.197500	75.630	67.3013
3002.563711	75.635	66.8457
3002.929922	75.626	66.4414
3003.296133	75.620	66.0996
3003.662344	75.619	65.7729
3004.028555	75.624	65.4521
3004.394766	75.635	65.0728
3004.760977	75.639	64.6221
3005.127188	75.628	64.2168
3005.493398	75.625	63.9092
3005.859609	75.637	63.5547
3006.225820	75.640	63.0859
3006.592031	75.625	62.6914
3006.958242	75.622	62.4248
3007.324453	75.636	62.0786
3007.690664	75.640	61.6484
3008.056875	75.638	61.2725
3008.423086	75.641	60.8896
3008.789297	75.636	60.5020
3009.155508	75.635	60.1953
3009.521719	75.648	59.8286
3009.887930	75.647	59.3701
3010.254141	75.634	59.0317
3010.620352	75.640	58.7490
3010.986563	75.650	58.3369
3011.352774	75.641	57.9443
3011.718985	75.642	57.6562
3012.085196	75.655	57.2812
3012.451407	75.653	56.8281
3012.817618	75.641	56.4814
3013.183829	75.643	56.1978
3013.550040	75.653	55.8457
3013.916251	75.658	55.4463
3014.282462	75.659	55.0537
3014.648673	75.657	54.6777
3015.014884	75.656	54.3159
3015.381095	75.656	53.9644
3015.747306	75.658	53.6309
3016.113517	75.668	53.2910
3016.479728	75.678	52.8691
3016.845938	75.673	52.4209
3017.212149	75.662	52.0928
3017.578360	75.669	51.7998
3017.944571	75.679	51.4033
3018.310782	75.676	51.0234
3018.676993	75.681	50.7021
3019.043204	75.691	50.2842
3019.409415	75.680	49.8779
3019.775626	75.678	49.6250
3020.141837	75.699	49.2871
3020.508048	75.704	48.7939
3020.874259	75.688	48.4399
3021.240470	75.696	48.1929
3021.606681	75.718	47.7832
3021.972892	75.719	47.2871
3022.339103	75.709	46.8711
3022.705314	75.700	46.5068
3023.071525	75.694	46.1777
3023.437736	75.696	45.8672
3023.803947	75.703	45.5039
3024.170158	75.705	45.1191
3024.536369	75.706	44.7485
3024.902580	75.706	44.3721
3025.268791	75.706	44.0215
3025.635002	75.712	43.6714
3026.001213	75.716	43.2529
3026.367424	75.708	42.8750
3026.733635	75.709	42.5957
3027.099846	75.727	42.2314
3027.466057	75.730	41.7617
3027.832267	75.719	41.3901
3028.198478	75.722	41.0869
3028.564689	75.730	40.6953
3028.930900	75.724	40.3193
3029.297111	75.726	40.0454
3029.663322	75.746	39.6919
3030.029533	75.753	39.2021
3030.395744	75.739	38.7896
3030.761955	75.734	38.5059
3031.128166	75.744	38.1851
3031.494377	75.751	37.7983
3031.860588	75.755	37.4062
3032.226799	75.757	36.9858
3032.593010	75.748	36.5781
3032.959221	75.738	36.2568
3033.325432	75.738	35.9629
3033.691643	75.744	35.6401
3034.057854	75.753	35.2900
3034.424065	75.759	34.8848
3034.790276	75.755	34.4883
3035.156487	75.755	34.1675
3035.522698	75.766	33.7998
3035.888909	75.768	33.3701
3036.255120	75.767	32.9922
3036.621331	75.771	32.5684
3036.987542	75.755	32.1069
3037.353753	75.731	31.8633
3037.719964	75.746	31.7070
3038.086175	75.776	31.3066
3038.452386	75.777	30.8242
3038.818597	75.774	30.4683
3039.184807	75.782	30.0869
3039.551018	75.780	29.6826
3039.917229	75.781	29.3574
3040.283440	75.795	28.9658
3040.649651	75.795	28.4932
3041.015862	75.784	28.1250
3041.382073	75.788	27.7983
3041.748284	75.793	27.3809
3042.114495	75.783	26.9775
3042.480706	75.774	26.6787
3042.846917	75.781	26.4092
3043.213128	75.799	26.0703
3043.579339	75.814	25.6250
3043.945550	75.812	25.1543
3044.311761	75.803	24.7617
3044.677972	75.799	24.4219
3045.044183	75.800	24.0859
3045.410394	75.805	23.7490
3045.776605	75.815	23.3662
3046.142816	75.818	22.9385
3046.509027	75.812	22.5547
3046.875238	75.810	22.2285
3047.241449	75.818	21.8906
3047.607660	75.826	21.5000
3047.973871	75.826	21.0938
3048.340082	75.823	20.7515
3048.706293	75.834	20.4131
3049.072504	75.842	19.9639
3049.438715	75.830	19.5410
3049.804926	75.823	19.2715
3050.171136	75.839	18.9551
3050.537347	75.847	18.5020
3050.903558	75.837	18.1152
3051.269769	75.836	17.8154
3051.635980	75.844	17.4727
3052.002191	75.849	17.1001
3052.368402	75.852	16.7227
3052.734613	75.853	16.3369
3053.100824	75.851	15.9854
3053.467035	75.855	15.6445
3053.833246	75.859	15.2764
3054.199457	75.863	14.9150
3054.565668	75.870	14.5293
3054.931879	75.871	14.1060
3055.298090	75.866	13.7373
3055.664301	75.869	13.3877
3056.030512	75.870	12.9829
3056.396723	75.863	12.6309
3056.762934	75.870	12.3232
3057.129145	75.881	11.9131
3057.495356	75.876	11.4995
3057.861567	75.878	11.1709
3058.227778	75.888	10.7559
3058.593989	75.878	10.3057
3058.960200	75.866	10.0293
3059.326411	75.883	9.7578
3059.692622	75.899	9.3066
3060.058833	75.894	8.8584
3060.425044	75.889	8.5146
3060.791255	75.892	8.1602
3061.157466	75.894	7.7930
3061.523676	75.898	7.4580
3061.889887	75.908	7.1060
3062.256098	75.918	6.7041
3062.622309	75.922	6.2808
3062.988520	75.922	5.8760
3063.354731	75.920	5.4814
3063.720942	75.913	5.0947
3064.087153	75.904	4.7969
3064.453364	75.914	4.5474
3064.819575	75.936	4.1646
3065.185786	75.939	3.7036
3065.551997	75.934	3.3521
3065.918208	75.947	3.0117
3066.284419	75.957	2.5547
3066.650630	75.951	2.1182
3067.016841	75.949	1.7656
3067.383052	75.955	1.3730
3067.749263	75.952	0.9453
3068.115474	75.944	0.5972
3068.481685	75.948	0.2876
3068.847896	75.958	-0.0938
3069.214107	75.958	-0.5005
3069.580318	75.956	-0.8267
3069.946529	75.968	-1.1436
3070.312740	75.981	-1.5635
3070.678951	75.980	-1.9980
3071.045162	75.974	-2.3325
3071.411373	75.982	-2.6265
3071.777584	75.999	-2.9829
3072.143795	76.012	-3.4326
3072.510006	76.007	-3.8872
3072.876216	75.996	-4.2080
3073.242427	76.007	-4.4814
3073.608638	76.024	-4.8887
3073.974849	76.023	-5.3232
3074.341060	76.022	-5.6670
3074.707271	76.030	-6.0518
3075.073482	76.024	-6.4473
3075.439693	76.023	-6.7188
3075.805904	76.044	-7.0469
3076.172115	76.056	-7.5352
3076.538326	76.046	-7.9517
3076.904537	76.047	-8.2617
3077.270748	76.059	-8.6514
3077.636959	76.059	-9.0723
3078.003170	76.059	-9.4160
3078.369381	76.070	-9.7842
3078.735592	76.076	-10.2183
3079.101803	76.073	-10.6240
3079.468014	76.071	-10.9863
3079.834225	76.073	-11.3354
3080.200436	76.080	-11.6812
3080.566647	76.089	-12.0605
3080.932858	76.093	-12.4517
3081.299069	76.099	-12.8115
3081.665280	76.110	-13.2241
3082.031491	76.107	-13.6797
3082.397702	76.095	-14.0127
3082.763913	76.104	-14.2900
3083.130124	76.120	-14.6914
3083.496335	76.120	-15.1250
3083.862545	76.119	-15.4932
3084.228756	76.123	-15.8843
3084.594967	76.119	-16.2812
3084.961178	76.115	-16.6152
3085.327389	76.120	-16.9482
3085.693600	76.126	-17.3135
3086.059811	76.132	-17.6875
3086.426022	76.138	-18.0840
3086.792233	76.140	-18.4941
3087.158444	76.138	-18.8809
3087.524655	76.139	-19.2334
3087.890866	76.147	-19.5957
3088.257077	76.152	-20.0107
3088.623288	76.147	-20.3940
3088.989499	76.151	-20.6895
3089.355710	76.171	-21.0513
3089.721921	76.181	-21.5278
3090.088132	76.176	-21.9541
3090.454343	76.175	-22.3076
3090.820554	76.178	-22.6631
3091.186765	76.185	-23.0015
3091.552976	76.199	-23.3828
3091.919187	76.203	-23.8369
3092.285398	76.195	-24.2100
3092.651609	76.200	-24.5039
3093.017820	76.216	-24.8970
3093.384031	76.215	-25.3398
3093.750242	76.208	-25.6802
3094.116453	76.215	-25.9800
3094.482664	76.230	-26.3560
3094.848875	76.235	-26.7935
3095.215085	76.229	-27.1963
3095.581296	76.224	-27.5010
3095.947507	76.237	-27.7993
3096.313718	76.254	-28.2109
3096.679929	76.256	-28.6582
3097.046140	76.255	-29.0405
3097.412351	76.259	-29.4219
3097.778562	76.259	-29.8237
3098.144773	76.257	-30.1836
3098.510984	76.261	-30.5254
3098.877195	76.268	-30.8877
3099.243406	76.276	-31.2715
3099.609617	76.281	-31.6904
3099.975828	76.277	-32.0713
3100.342039	76.282	-32.3857
3100.708250	76.299	-32.7817
3101.074461	76.300	-33.2568
3101.440672	76.290	-33.6201
3101.806883	76.297	-33.9404
3102.173094	76.305	-34.3706
3102.539305	76.297	-34.7705
3102.905516	76.297	-35.0693
3103.271727	76.310	-35.4502
3103.637938	76.306	-35.8945
3104.004149	76.296	-36.2124
3104.370360	76.307	-36.4995
3104.736571	76.321	-36.9316
3105.102782	76.313	-37.3789
3105.468993	76.302	-37.6748
3105.835204	76.313	-37.9399
3106.201414	76.333	-38.3271
3106.567625	76.339	-38.7827
3106.933836	76.335	-39.1895
3107.300047	76.336	-39.5249
3107.666258	76.351	-39.8877
3108.032469	76.362	-40.3779
3108.398680	76.347	-40.8667
3108.764891	76.326	-41.1426
3109.131102	76.339	-41.3428
3109.497313	76.366	-41.7510
3109.863524	76.365	-42.2520
3110.229735	76.352	-42.5684
3110.595946	76.365	-42.8096
3110.962157	76.391	-43.2197
3111.328368	76.395	-43.7012
3111.694579	76.391	-44.0693
3112.060790	76.401	-44.4302
3112.427001	76.406	-44.8779
3112.793212	76.397	-45.2544
3113.159423	76.401	-45.5386
3113.525634	76.419	-45.9243
3113.891845	76.422	-46.3877
3114.258056	76.413	-46.7559
3114.624267	76.417	-47.0605
3114.990478	76.431	-47.4146
3115.356689	76.442	-47.8369
3115.722900	76.444	-48.2695
3116.089111	76.445	-48.6484
3116.455322	76.453	-49.0459
3116.821533	76.453	-49.5078
3117.187744	76.440	-49.8730
3117.553954	76.445	-50.1489
3117.920165	76.461	-50.5464
3118.286376	76.460	-50.9854
3118.652587	76.457	-51.3140
3119.018798	76.469	-51.6646
3119.385009	76.475	-52.0762
3119.751220	76.479	-52.4409
3120.117431	76.489	-52.8311
3120.483642	76.490	-53.2612
3120.849853	76.487	-53.6016
3121.216064	76.501	-53.9429
3121.582275	76.511	-54.4277
3121.948486	76.493	-54.8618
3122.314697	76.483	-55.0796
3122.680908	76.508	-55.3447
3123.047119	76.528	-55.8438
3123.413330	76.515	-56.2949
3123.779541	76.513	-56.5664
3124.145752	76.533	-56.9463
3124.511963	76.531	-57.4521
3124.878174	76.511	-57.7734
3125.244385	76.522	-57.9775
3125.610596	76.552	-58.3857
3125.976807	76.555	-58.9189
3126.343018	76.540	-59.2900
3126.709229	76.547	-59.5713
3127.075440	76.565	-59.9956
3127.441651	76.560	-60.4551
3127.807862	76.554	-60.7695
3128.174073	76.569	-61.0996
3128.540284	76.577	-61.5444
3128.906494	76.572	-61.9209
3129.272705	76.579	-62.2324
3129.638916	76.592	-62.6216
3130.005127	76.597	-63.0195
3130.371338	76.604	-63.4058
3130.737549	76.607	-63.8418
3131.103760	76.599	-64.2109
3131.469971	76.604	-64.5029
3131.836182	76.620	-64.8896
3132.202393	76.622	-65.3330
3132.568604	76.618	-65.7168
3132.934815	76.617	-66.0811
3133.301026	76.616	-66.4355
3133.667237	76.620	-66.7847
3134.033448	76.622	-67.1758
3134.399659	76.617	-67.5171
3134.765870	76.627	-67.8008
3135.132081	76.648	-68.2280
3135.498292	76.643	-68.7314
3135.864503	76.630	-69.0576
3136.230714	76.644	-69.3477
3136.596925	76.659	-69.8193
3136.963136	76.648	-70.2725
3137.329347	76.642	-70.5605
3137.695558	76.659	-70.8779
3138.061769	76.674	-71.3154
3138.427980	76.678	-71.7705
3138.794191	76.674	-72.1846
3139.160402	76.672	-72.5352
3139.526613	76.680	-72.8652
3139.892823	76.693	-73.2588
3140.259034	76.698	-73.6768
3140.625245	76.702	-74.0679
3140.991456	76.705	-74.4668
3141.357667	76.706	-74.8442
3141.723878	76.712	-75.2046
3142.090089	76.717	-75.6211
3142.456300	76.709	-75.9971
3142.822511	76.713	-76.2676
3143.188722	76.736	-76.6270
3143.554933	76.747	-77.1357
3143.921144	76.735	-77.5933
3144.287355	76.726	-77.9331
3144.653566	76.727	-78.2549
3145.019777	76.733	-78.6001
3145.385988	76.741	-78.9697
3145.752199	76.749	-79.3740
3146.118410	76.751	-79.7920
3146.484621	76.749	-80.1797
3146.850832	76.751	-80.5342
3147.217043	76.758	-80.9160
3147.583254	76.760	-81.3184
3147.949465	76.759	-81.6572
3148.315676	76.772	-81.9790
3148.681887	76.790	-82.3975
3149.048098	76.796	-82.8535
3149.414309	76.799	-83.2612
3149.780520	76.805	-83.6787
3150.146731	76.805	-84.1260
3150.512942	76.798	-84.5127
3150.879153	76.798	-84.8457
3151.245363	76.805	-85.2197
3151.611574	76.805	-85.6089
3151.977785	76.805	-85.9473
3152.343996	76.813	-86.2959
3152.710207	76.818	-86.6758
3153.076418	76.823	-87.0137
3153.442629	76.840	-87.3926
3153.808840	76.847	-87.8838
3154.175051	76.834	-88.3081
3154.541262	76.830	-88.5977
3154.907473	76.845	-88.9453
3155.273684	76.852	-89.3936
3155.639895	76.846	-89.8037
3156.006106	76.844	-90.1475
3156.372317	76.850	-90.4912
3156.738528	76.860	-90.8833
3157.104739	76.863	-91.3164
3157.470950	76.858	-91.7090
3157.837161	76.859	-92.0391
3158.203372	76.868	-92.3979
3158.569583	76.874	-92.8110
3158.935794	76.872	-93.1992
3159.302005	76.873	-93.5200
3159.668216	76.886	-93.8418
3160.034427	76.904	-94.2437
3160.400638	76.913	-94.6987
3160.766849	76.916	-95.1455
3161.133060	76.914	-95.5811
3161.499271	76.908	-95.9785
3161.865482	76.905	-96.3188
3162.231692	76.910	-96.6826
3162.597903	76.910	-97.0806
3162.964114	76.907	-97.4180
3163.330325	76.914	-97.7363
3163.696536	76.924	-98.1182
3164.062747	76.927	-98.4951
3164.428958	76.936	-98.8457
3164.795169	76.950	-99.2588
3165.161380	76.954	-99.7158
3165.527591	76.951	-100.1460
3165.893802	76.943	-100.5381
3166.260013	76.937	-100.8496
3166.626224	76.948	-101.1348
3166.992435	76.966	-101.5557
3167.358646	76.961	-102.0117
3167.724857	76.955	-102.3027
3168.091068	76.977	-102.6108
3168.457279	76.993	-103.1094
3168.823490	76.983	-103.5449
3169.189701	76.988	-103.8335
3169.555912	77.012	-104.2715
3169.922123	77.008	-104.8320
3170.288334	76.984	-105.2002
3170.654545	76.986	-105.4512
3171.020756	77.001	-105.8247
3171.386967	77.003	-106.2451
3171.753178	77.004	-106.6074
3172.119389	77.009	-106.9751
3172.485600	77.013	-107.3403
3172.851811	77.025	-107.6953
3173.218022	77.040	-108.1396
3173.584232	77.037	-108.6250
3173.950443	77.025	-108.9971
3174.316654	77.026	-109.2827
3174.682865	77.041	-109.6113
3175.049076	77.057	-110.0259
3175.415287	77.062	-110.4844
3175.781498	77.057	-110.8940
3176.147709	77.056	-111.2246
3176.513920	77.067	-111.5684
3176.880131	77.078	-111.9717
3177.246342	77.082	-112.3867
3177.612553	77.082	-112.7812
3177.978764	77.083	-113.1416
3178.344975	77.088	-113.4922
3178.711186	77.094	-113.8652
3179.077397	77.100	-114.2305
3179.443608	77.111	-114.6133
3179.809819	77.115	-115.0454
3180.176030	77.112	-115.4248
3180.542241	77.119	-115.7598
3180.908452	77.131	-116.1904
3181.274663	77.128	-116.6382
3181.640874	77.124	-117.0005
3182.007085	77.131	-117.3794
3182.373296	77.133	-117.8037
3182.739507	77.132	-118.2021
3183.105718	77.132	-118.5977
3183.471929	77.128	-118.9619
3183.838140	77.135	-119.2803
3184.204351	77.153	-119.6890
3184.570561	77.156	-120.1816
3184.936772	77.146	-120.5908
3185.302983	77.145	-120.9229
3185.669194	77.154	-121.2773
3186.035405	77.163	-121.6709
3186.401616	77.171	-122.1016
3186.767827	77.168	-122.5322
3187.134038	77.163	-122.8711
3187.500249	77.174	-123.1719
3187.866460	77.194	-123.5928
3188.232671	77.197	-124.0742
3188.598882	77.191	-124.4434
3188.965093	77.203	-124.7910
3189.331304	77.213	-125.2510
3189.697515	77.206	-125.6729
3190.063726	77.210	-125.9902
3190.429937	77.228	-126.4067
3190.796148	77.227	-126.9106
3191.162359	77.213	-127.2871
3191.528570	77.217	-127.5713
3191.894781	77.235	-127.9443
3192.260992	77.246	-128.4238
3192.627203	77.241	-128.8906
3192.993414	77.232	-129.2593
3193.359625	77.235	-129.5864
3193.725836	77.244	-129.9678
3194.092047	77.247	-130.3701
3194.458258	77.250	-130.7344
3194.824469	77.259	-131.0977
3195.190680	77.271	-131.5034
3195.556891	77.278	-131.9443
3195.923101	77.278	-132.3838
3196.289312	77.274	-132.7725
3196.655523	77.275	-133.1284
3197.021734	77.279	-133.5034
3197.387945	77.280	-133.8691
3197.754156	77.286	-134.1914
3198.120367	77.304	-134.5557
3198.486578	77.318	-135.0332
3198.852789	77.313	-135.5034
3199.219000	77.307	-135.8618
3199.585211	77.314	-136.2241
3199.951422	77.316	-136.6396
3200.317633	77.314	-136.9834
3200.683844	77.332	-137.3276
3201.050055	77.349	-137.8447
3201.416266	77.336	-138.3872
3201.782477	77.312	-138.7344
3202.148688	77.312	-138.9736
3202.514899	77.331	-139.3027
3202.881110	77.346	-139.7485
3203.247321	77.349	-140.2012
3203.613532	77.350	-140.6196
3203.979743	77.349	-141.0503
3204.345954	77.341	-141.4326
3204.712165	77.344	-141.7334
3205.078376	77.360	-142.1108
3205.444587	77.363	-142.5664
3205.810798	77.358	-142.9175
3206.177009	77.371	-143.2319
3206.543220	77.388	-143.6689
3206.909431	77.390	-144.1294
3207.275641	77.388	-144.5146
3207.641852	77.394	-144.8975
3208.008063	77.397	-145.3105
3208.374274	77.395	-145.7007
3208.740485	77.395	-146.0342
3209.106696	77.408	-146.3794
3209.472907	77.419	-146.8105
3209.839118	77.419	-147.2334
3210.205329	77.423	-147.5938
3210.571540	77.433	-148.0122
3210.937751	77.430	-148.4424
3211.303962	77.432	-148.7744
3211.670173	77.450	-149.1865
3212.036384	77.449	-149.7163
3212.402595	77.428	-150.0742
3212.768806	77.437	-150.3037
3213.135017	77.466	-150.7188
3213.501228	77.472	-151.2607
3213.867439	77.460	-151.7002
3214.233650	77.456	-152.0576
3214.599861	77.459	-152.4111
3214.966072	77.466	-152.7871
3215.332283	77.471	-153.2061
3215.698494	77.467	-153.5874
3216.064705	77.473	-153.8911
3216.430916	77.495	-154.2744
3216.797127	77.505	-154.7812
3217.163338	77.496	-155.2246
3217.529549	77.495	-155.5605
3217.895760	77.506	-155.9336
3218.261970	77.513	-156.3779
3218.628181	77.511	-156.8135
3218.994392	77.506	-157.2002
3219.360603	77.506	-157.5371
3219.726814	77.516	-157.8740
3220.093025	77.531	-158.2798
3220.459236	77.539	-158.7471
3220.825447	77.537	-159.2119
3221.191658	77.530	-159.6143
3221.557869	77.528	-159.9600
3221.924080	77.535	-160.3281
3222.290291	77.539	-160.7295
3222.656502	77.542	-161.1084
3223.022713	77.549	-161.4941
3223.388924	77.554	-161.9019
3223.755135	77.558	-162.2852
3224.121346	77.565	-162.6963
3224.487557	77.562	-163.1167
3224.853768	77.561	-163.4268
3225.219979	77.582	-163.7607
3225.586190	77.598	-164.2627
3225.952401	77.590	-164.7227
3226.318612	77.590	-165.0625
3226.684823	77.601	-165.4932
3227.051034	77.592	-165.9482
3227.417245	77.582	-166.2393
3227.783456	77.599	-166.5371
3228.149667	77.614	-166.9941
3228.515878	77.608	-167.4141
3228.882089	77.613	-167.7241
3229.248300	77.633	-168.1338
3229.614510	77.635	-168.6367
3229.980721	77.627	-169.0112
3230.346932	77.640	-169.3486
3230.713143	77.655	-169.8594
3231.079354	77.641	-170.3638
3231.445565	77.627	-170.6768
3231.811776	77.638	-170.9971
3232.177987	77.647	-171.4282
3232.544198	77.647	-171.8369
3232.910409	77.651	-172.2305
3233.276620	77.650	-172.6333
3233.642831	77.652	-172.9751
3234.009042	77.666	-173.3496
3234.375253	77.672	-173.8164
3234.741464	77.664	-174.2021
3235.107675	77.671	-174.5054
3235.473886	77.690	-174.9141
3235.840097	77.694	-175.3984
3236.206308	77.687	-175.7998
3236.572519	77.688	-176.1123
3236.938730	77.705	-176.4512
3237.304941	77.724	-176.9219
3237.671152	77.721	-177.4414
3238.037363	77.707	-177.8237
3238.403574	77.711	-178.1396
3238.769785	77.721	-178.5537
3239.135996	77.718	-178.9824
3239.502207	77.716	-179.3403
3239.868418	77.720	-179.7051
3240.234629	77.723	179.9141
3240.600839	77.727	179.5444
3240.967050	77.732	179.1626
3241.333261	77.737	178.7871
3241.699472	77.747	178.3955
3242.065683	77.752	177.9541
3242.431894	77.748	177.5635
3242.798105	77.757	177.2363
3243.164316	77.778	176.8086
3243.530527	77.784	176.2793
3243.896738	77.773	175.8184
3244.262949	77.767	175.4434
3244.629160	77.768	175.0576
3244.995371	77.766	174.6660
3245.361582	77.765	174.3291
3245.727793	77.775	174.0049
3246.094004	77.792	173.6055
3246.460215	77.802	173.1494
3246.826426	77.804	172.7202
3247.192637	77.810	172.3154
3247.558848	77.817	171.8716
3247.925059	77.816	171.4160
3248.291270	77.811	171.0332
3248.657481	77.818	170.6689
3249.023692	77.826	170.2266
3249.389903	77.821	169.7778
3249.756114	77.813	169.4077
3250.122325	77.812	169.0674
3250.488536	77.815	168.7417
3250.854747	77.827	168.4165
3251.220958	77.844	168.0112
3251.587169	77.851	167.5674
3251.953379	77.854	167.1592
3252.319590	77.859	166.7407
3252.685801	77.858	166.3418
3253.052012	77.866	165.9907
3253.418223	77.881	165.5352
3253.784434	77.875	165.0205
3254.150645	77.858	164.6772
3254.516856	77.867	164.3984
3254.883067	77.883	163.9819
3255.249278	77.887	163.5303
3255.615489	77.889	163.1064
3255.981700	77.886	162.6582
3256.347911	77.874	162.2944
3256.714122	77.878	162.0127
3257.080333	77.895	161.6289
3257.446544	77.898	161.1909
3257.812755	77.898	160.8379
3258.178966	77.911	160.4785
3258.545177	77.923	160.0449
3258.911388	77.927	159.6143
3259.277599	77.932	159.2100
3259.643810	77.939	158.7939
3260.010021	77.943	158.3467
3260.376232	77.938	157.9136
3260.742443	77.933	157.5703
3261.108654	77.945	157.2358
3261.474865	77.958	156.7915
3261.841076	77.956	156.3340
3262.207287	77.953	155.9463
3262.573498	77.953	155.5713
3262.939709	77.955	155.2188
3263.305919	77.966	154.8521
3263.672130	77.973	154.4019
3264.038341	77.968	153.9932
3264.404552	77.971	153.6587
3264.770763	77.982	153.2490
3265.136974	77.981	152.8306
3265.503185	77.987	152.4888
3265.869396	78.004	152.0518
3266.235607	78.002	151.5332
3266.601818	77.988	151.1455
3266.968029	77.991	150.8252
3267.334240	78.001	150.4175
3267.700451	78.002	149.9834
3268.066662	78.000	149.5977
3268.432873	78.003	149.2280
3268.799084	78.010	148.8311
3269.165295	78.013	148.3994
3269.531506	78.009	147.9961
3269.897717	78.009	147.6602
3270.263928	78.021	147.2988
3270.630139	78.030	146.8613
3270.996350	78.031	146.4453
3271.362561	78.036	146.0640
3271.728772	78.043	145.6274
3272.094983	78.037	145.2012
3272.461194	78.034	144.8770
3272.827405	78.048	144.5303
3273.193616	78.058	144.0874
3273.559827	78.058	143.6743
3273.926038	78.063	143.2930
3274.292248	78.069	142.8760
3274.658459	78.070	142.4873
3275.024670	78.081	142.0908
3275.390881	78.085	141.6113
3275.757092	78.073	141.1978
3276.123303	78.073	140.8901
3276.489514	78.086	140.5073
3276.855725	78.087	140.0713
3277.221936	78.086	139.7100
3277.588147	78.095	139.3506
3277.954358	78.104	138.9346
3278.320569	78.109	138.5146
3278.686780	78.114	138.0918
3279.052991	78.115	137.6543
3279.419202	78.109	137.2417
3279.785413	78.104	136.9053
3280.151624	78.114	136.6069
3280.517835	78.137	136.1904
3280.884046	78.142	135.6626
3281.250257	78.130	135.2412
3281.616468	78.131	134.9043
3281.982679	78.139	134.4834
3282.348890	78.133	134.0781
3282.715101	78.136	133.7617
3283.081312	78.153	133.3691
3283.447523	78.159	132.8989
3283.813734	78.157	132.4795
3284.179945	78.158	132.0737
3284.546156	78.155	131.6797
3284.912367	78.159	131.3467
3285.278578	78.175	130.9512
3285.644788	78.181	130.4697
3286.010999	78.178	130.0498
3286.377210	78.182	129.6396
3286.743421	78.177	129.1865
3287.109632	78.166	128.8564
3287.475843	78.180	128.5762
3287.842054	78.200	128.1035
3288.208265	78.191	127.6152
3288.574476	78.184	127.3120
3288.940687	78.201	126.9766
3289.306898	78.213	126.5205
3289.673109	78.217	126.0986
3290.039320	78.225	125.6523
3290.405531	78.219	125.1621
3290.771742	78.203	124.8213
3291.137953	78.213	124.5479
3291.504164	78.233	124.1089
3291.870375	78.229	123.6182
3292.236586	78.217	123.2720
3292.602797	78.225	122.9873
3292.969008	78.246	122.5972
3293.335219	78.257	122.1006
3293.701430	78.251	121.6299
3294.067641	78.246	121.2402
3294.433852	78.246	120.8525
3294.800063	78.242	120.4668
3295.166274	78.243	120.1416
3295.532485	78.258	119.7769
3295.898696	78.265	119.3164
3296.264907	78.260	118.9102
3296.631117	78.266	118.5713
3296.997328	78.280	118.1421
3297.363539	78.278	117.6797
3297.729750	78.276	117.3154
3298.095961	78.288	116.9238
3298.462172	78.290	116.4292
3298.828383	78.275	116.0303
3299.194594	78.277	115.7485
3299.560805	78.296	115.3457
3299.927016	78.295	114.8467
3300.293227	78.281	114.4868
3300.659438	78.288	114.2036
3301.025649	78.305	113.8066
3301.391860	78.309	113.3633
3301.758071	78.310	112.9780
3302.124282	78.318	112.5898
3302.490493	78.326	112.1611
3302.856704	78.329	111.7212
3303.222915	78.328	111.2783
3303.589126	78.322	110.8730
3303.955337	78.320	110.5317
3304.321548	78.331	110.1694
3304.687759	78.340	109.7188
3305.053970	78.334	109.2715
3305.420181	78.327	108.9375
3305.786392	78.340	108.6211
3306.152603	78.357	108.1646
3306.518814	78.351	107.6807
3306.885025	78.342	107.3584
3307.251236	78.360	107.0469
3307.617447	78.381	106.5381
3307.983657	78.372	106.0049
3308.349868	78.357	105.6533
3308.716079	78.364	105.3477
3309.082290	78.378	104.9375
3309.448501	78.383	104.4873
3309.814712	78.385	104.0503
3310.180923	78.383	103.6143
3310.547134	78.378	103.2100
3310.913345	78.377	102.8472
3311.279556	78.381	102.4648
3311.645767	78.381	102.0625
3312.011978	78.382	101.7002
3312.378189	78.393	101.3203
3312.744400	78.399	100.8545
3313.110611	78.388	100.4385
3313.476822	78.389	100.1504
3313.843033	78.412	99.7832
3314.209244	78.425	99.2554
3314.575455	78.417	98.7803
3314.941666	78.414	98.4092
3315.307877	78.422	97.9932
3315.674088	78.422	97.5332
3316.040299	78.415	97.1279
3316.406510	78.413	96.7793
3316.772721	78.419	96.4385
3317.138932	78.431	96.0562
3317.505143	78.442	95.6357
3317.871354	78.450	95.2046
3318.237565	78.456	94.7402
3318.603776	78.449	94.2930
3318.969986	78.443	93.9561
3319.336197	78.455	93.6201
3319.702408	78.467	93.1709
3320.068619	78.462	92.7427
3320.434830	78.464	92.3955
3320.801041	78.475	91.9961
3321.167252	78.478	91.5498
3321.533463	78.475	91.1504
3321.899674	78.477	90.7666
3322.265885	78.479	90.3760
3322.632096	78.484	89.9844
3322.998307	78.488	89.5488
3323.364518	78.482	89.1196
3323.730729	78.479	88.7803
3324.096940	78.492	88.4199
3324.463151	78.502	87.9385
3324.829362	78.495	87.4702
3325.195573	78.490	87.0947
3325.561784	78.496	86.7002
3325.927995	78.498	86.2607
3326.294206	78.495	85.8506
3326.660417	78.495	85.4697
3327.026628	78.501	85.0879
3327.392839	78.511	84.6743
3327.759050	78.515	84.2168
3328.125261	78.512	83.8105
3328.491472	78.523	83.4521
3328.857683	78.540	82.9609
3329.223894	78.532	82.4185
3329.590105	78.515	82.0693
3329.956316	78.526	81.7593
3330.322526	78.536	81.2822
3330.688737	78.523	80.8794
3331.054948	78.529	80.6357
3331.421159	78.560	80.2231
3331.787370	78.564	79.6484
3332.153581	78.545	79.2471
3332.519792	78.550	78.9531
3332.886003	78.564	78.5283
3333.252214	78.561	78.0820
3333.618425	78.558	77.7295
3333.984636	78.566	77.3584
3334.350847	78.570	76.9453
3334.717058	78.572	76.5527
3335.083269	78.575	76.1582
3335.449480	78.576	75.7666
3335.815691	78.581	75.4004
3336.181902	78.591	74.9771
3336.548113	78.590	74.5107
3336.914324	78.582	74.1367
3337.280535	78.589	73.8125
3337.646746	78.604	73.3809
3338.012957	78.604	72.8965
3338.379168	78.597	72.4980
3338.745379	78.600	72.1328
3339.111590	78.607	71.7109
3339.477801	78.606	71.2847
3339.844012	78.606	70.8994
3340.210223	78.612	70.5190
3340.576434	78.620	70.1064
3340.942645	78.625	69.6621
3341.308856	78.624	69.2412
3341.675066	78.628	68.8628
3342.041277	78.639	68.4370
3342.407488	78.641	67.9526
3342.773699	78.634	67.5283
3343.139910	78.633	67.1548
3343.506121	78.636	66.7388
3343.872332	78.631	66.3350
3344.238543	78.630	66.0059
3344.604754	78.645	65.6514
3344.970965	78.658	65.1836
3345.337176	78.654	64.6875
3345.703387	78.640	64.2949
3346.069598	78.637	63.9839
3346.435809	78.647	63.6431
3346.802020	78.657	63.2578
3347.168231	78.669	62.8521
3347.534442	78.680	62.3818
3347.900653	78.679	61.8799
3348.266864	78.667	61.4580
3348.633075	78.665	61.1074
3348.999286	78.672	60.7227
3349.365497	78.677	60.2788
3349.731708	78.672	59.8364
3350.097919	78.663	59.4648
3350.464130	78.665	59.1587
3350.830341	78.681	58.8115
3351.196552	78.696	58.3643
3351.562763	78.701	57.8936
3351.928974	78.702	57.4473
3352.295185	78.701	57.0005
3352.661395	78.693	56.5947
3353.027606	78.692	56.2607
3353.393817	78.705	55.8784
3353.760028	78.709	55.3960
3354.126239	78.695	54.9927
3354.492450	78.695	54.7256
3354.858661	78.717	54.3730
3355.224872	78.729	53.8750
3355.591083	78.723	53.4316
3355.957294	78.725	53.0659
3356.323505	78.732	52.6460
3356.689716	78.731	52.2227
3357.055927	78.733	51.8535
3357.422138	78.744	51.4336
3357.788349	78.744	50.9629
3358.154560	78.737	50.5576
3358.520771	78.739	50.2041
3358.886982	78.749	49.8081
3359.253193	78.755	49.3545
3359.619404	78.753	48.9072
3359.985615	78.749	48.5049
3360.351826	78.749	48.1143
3360.718037	78.749	47.7246
3361.084248	78.752	47.3662
3361.450459	78.763	46.9756
3361.816670	78.769	46.5073
3362.182881	78.760	46.0806
3362.549092	78.756	45.7627
3362.915303	78.770	45.4365
3363.281514	78.787	45.0029
3363.647725	78.791	44.5146
3364.013935	78.784	44.0879
3364.380146	78.784	43.7373
3364.746357	78.795	43.3477
3365.112568	78.801	42.8804
3365.478779	78.795	42.4434
3365.844990	78.791	42.0723
3366.211201	78.793	41.7051
3366.577412	78.798	41.3286
3366.943623	78.807	40.9360
3367.309834	78.816	40.4922
3367.676045	78.817	40.0352
3368.042256	78.817	39.6025
3368.408467	78.818	39.1504
3368.774678	78.810	38.6943
3369.140889	78.798	38.3228
3369.507100	78.798	38.0098
3369.873311	78.810	37.6338
3370.239522	78.814	37.1865
3370.605733	78.808	36.7979
3370.971944	78.816	36.4863
3371.338155	78.840	36.0625
3371.704366	78.844	35.5020
3372.070577	78.826	35.0684
3372.436788	78.827	34.7764
3372.802999	78.846	34.3496
3373.169210	78.843	33.8311
3373.535421	78.829	33.4541
3373.901632	78.834	33.1270
3374.267843	78.842	32.7148
3374.634054	78.844	32.3096
3375.000264	78.851	31.9102
3375.366475	78.856	31.4346
3375.732686	78.844	30.9922
3376.098897	78.837	30.6787
3376.465108	78.850	30.3511
3376.831319	78.864	29.8887
3377.197530	78.858	29.4170
3377.563741	78.851	29.0635
3377.929952	78.860	28.7217
3378.296163	78.870	28.2979
3378.662374	78.872	27.8896
3379.028585	78.882	27.5107
3379.394796	78.895	27.0391
3379.761007	78.889	26.5430
3380.127218	78.879	26.1816
3380.493429	78.889	25.8652
3380.859640	78.908	25.4165
3381.225851	78.909	24.8843
3381.592062	78.893	24.4448
3381.958273	78.884	24.1328
3382.324484	78.893	23.8242
3382.690695	78.908	23.4136
3383.056906	78.911	22.9482
3383.423117	78.905	22.5459
3383.789328	78.908	22.1938
3384.155539	78.916	21.7861
3384.521750	78.917	21.3442
3384.887961	78.913	20.9580
3385.254172	78.917	20.5840
3385.620383	78.920	20.1694
3385.986594	78.921	19.7817
3386.352804	78.931	19.3828
3386.719015	78.936	18.8765
3387.085226	78.919	18.4165
3387.451437	78.910	18.1270
3387.817648	78.928	17.7769
3388.183859	78.935	17.2559
3388.550070	78.916	16.8271
3388.916281	78.911	16.5635
3389.282492	78.931	16.2344
3389.648703	78.948	15.7705
3390.014914	78.951	15.2822
3390.381125	78.947	14.8467
3390.747336	78.947	14.4741
3391.113547	78.960	14.0605
3391.479758	78.963	13.5547
3391.845969	78.950	13.1162
3392.212180	78.946	12.7930
3392.578391	78.957	12.4116
3392.944602	78.961	11.9683
3393.310813	78.961	11.5762
3393.677024	78.968	11.1729
3394.043235	78.970	10.7227
3394.409446	78.965	10.3301
3394.775657	78.970	9.9727
3395.141868	78.980	9.5518
3395.508079	78.982	9.1211
3395.874290	78.986	8.7109
3396.240501	78.989	8.2642
3396.606712	78.984	7.8516
3396.972923	78.987	7.5054
3397.339134	79.000	7.0664
3397.705344	78.994	6.5776
3398.071555	78.982	6.2495
3398.437766	78.997	5.9419
3398.803977	79.012	5.4580
3399.170188	79.003	4.9951
3399.536399	79.001	4.6567
3399.902610	79.013	4.2471
3400.268821	79.011	3.7681
3400.635032	78.998	3.3853
3401.001243	78.995	3.0879
3401.367454	79.008	2.7651
3401.733665	79.026	2.3359
3402.099876	79.029	1.8384
3402.466087	79.021	1.4180
3402.832298	79.023	1.0430
3403.198509	79.026	0.6035
3403.564720	79.019	0.2070
3403.930931	79.027	-0.1514
3404.297142	79.035	-0.6431
3404.663353	79.018	-1.1074
3405.029564	79.010	-1.3701
3405.395775	79.035	-1.7236
3405.761986	79.043	-2.2881
3406.128197	79.022	-2.7285
3406.494408	79.020	-3.0146
3406.860619	79.035	-3.4058
3407.226830	79.036	-3.8506
3407.593041	79.038	-4.2275
3407.959252	79.047	-4.6309
3408.325463	79.051	-5.0615
3408.691673	79.057	-5.4668
3409.057884	79.064	-5.9209
3409.424095	79.059	-6.3779
3409.790306	79.056	-6.7422
3410.156517	79.065	-7.1294
3410.522728	79.068	-7.5918
3410.888939	79.062	-7.9971
3411.255150	79.064	-8.3633
3411.621361	79.068	-8.7861
3411.987572	79.063	-9.1807
3412.353783	79.066	-9.5020
3412.719994	79.084	-9.8872
3413.086205	79.096	-10.3872
3413.452416	79.090	-10.8779
3413.818627	79.081	-11.2690
3414.184838	79.084	-11.6348
3414.551049	79.089	-12.0605
3414.917260	79.086	-12.4883
3415.283471	79.084	-12.8643
3415.649682	79.089	-13.2432
3416.015893	79.094	-13.6357
3416.382104	79.102	-14.0381
3416.748315	79.108	-14.4873
3417.114526	79.105	-14.9043
3417.480737	79.111	-15.2607
3417.846948	79.126	-15.7207
3418.213159	79.118	-16.2227
3418.579370	79.107	-16.5557
3418.945581	79.122	-16.8804
3419.311792	79.135	-17.3809
3419.678003	79.123	-17.8477
3420.044213	79.118	-18.1880
3420.410424	79.124	-18.5664
3420.776635	79.125	-18.9756
3421.142846	79.128	-19.3613
3421.509057	79.131	-19.7847
3421.875268	79.125	-20.1860
3422.241479	79.126	-20.5166
3422.607690	79.139	-20.9062
3422.973901	79.143	-21.3623
3423.340112	79.142	-21.7715
3423.706323	79.147	-22.1851
3424.072534	79.145	-22.6318
3424.438745	79.139	-23.0127
3424.804956	79.146	-23.3740
3425.171167	79.153	-23.8086
3425.537378	79.152	-24.2324
3425.903589	79.156	-24.6230
3426.269800	79.162	-25.0659
3426.636011	79.158	-25.5117
3427.002222	79.153	-25.8867
3427.368433	79.157	-26.2461
3427.734644	79.166	-26.6445
3428.100855	79.171	-27.0811
3428.467066	79.168	-27.5029
3428.833277	79.168	-27.8516
3429.199488	79.182	-28.2119
3429.565699	79.195	-28.6875
3429.931910	79.190	-29.1699
3430.298121	79.182	-29.5352
3430.664332	79.190	-29.8701
3431.030542	79.203	-30.2925
3431.396753	79.208	-30.7588
3431.762964	79.208	-31.1938
3432.129175	79.210	-31.6406
3432.495386	79.202	-32.1113
3432.861597	79.187	-32.4927
3433.227808	79.185	-32.7954
3433.594019	79.194	-33.1553
3433.960230	79.199	-33.5596
3434.326441	79.205	-33.9619
3434.692652	79.209	-34.4209
3435.058863	79.198	-34.8545
3435.425074	79.192	-35.1611
3435.791285	79.208	-35.5024
3436.157496	79.219	-35.9775
3436.523707	79.213	-36.4170
3436.889918	79.215	-36.7852
3437.256129	79.223	-37.2178
3437.622340	79.219	-37.6655
3437.988551	79.216	-38.0366
3438.354762	79.224	-38.4272
3438.720973	79.229	-38.8779
3439.087184	79.229	-39.3115
3439.453395	79.232	-39.7441
3439.819606	79.229	-40.1934
3440.185817	79.224	-40.6001
3440.552028	79.224	-40.9829
3440.918239	79.226	-41.3770
3441.284450	79.230	-41.7690
3441.650661	79.236	-42.1909
3442.016872	79.236	-42.6187
3442.383082	79.240	-43.0024
3442.749293	79.251	-43.4482
3443.115504	79.246	-43.9463
3443.481715	79.234	-44.3071
3443.847926	79.245	-44.6230
3444.214137	79.262	-45.1025
3444.580348	79.257	-45.6108
3444.946559	79.250	-46.0186
3445.312770	79.248	-46.4463
3445.678981	79.236	-46.8618
3446.045192	79.229	-47.1606
3446.411403	79.243	-47.4863
3446.777614	79.257	-47.9468
3447.143825	79.256	-48.4336
3447.510036	79.248	-48.8730
3447.876247	79.238	-49.2500
3448.242458	79.238	-49.5850
3448.608669	79.245	-49.9741
3448.974880	79.245	-50.3877
3449.341091	79.250	-50.7529
3449.707302	79.262	-51.2021
3450.073513	79.254	-51.7104
3450.439724	79.239	-52.0410
3450.805935	79.253	-52.3364
3451.172146	79.270	-52.8311
3451.538357	79.260	-53.2983
3451.904568	79.261	-53.6450
3452.270779	79.273	-54.1064
3452.636990	79.262	-54.5771
3453.003201	79.258	-54.8955
3453.369411	79.274	-55.2983
3453.735622	79.272	-55.8135
3454.101833	79.258	-56.1885
3454.468044	79.264	-56.5039
3454.834255	79.276	-56.9307
3455.200466	79.278	-57.3672
3455.566677	79.283	-57.7891
3455.932888	79.283	-58.2656
3456.299099	79.271	-58.6777
3456.665310	79.271	-59.0020
3457.031521	79.284	-59.4180
3457.397732	79.281	-59.8877
3457.763943	79.277	-60.2549
3458.130154	79.289	-60.6489
3458.496365	79.292	-61.1680
3458.862576	79.275	-61.6064
3459.228787	79.270	-61.9131
3459.594998	79.283	-62.3018
3459.961209	79.285	-62.7793
3460.327420	79.277	-63.1875
3460.693631	79.278	-63.5522
3461.059842	79.283	-63.9609
3461.426053	79.284	-64.3877
3461.792264	79.283	-64.8115
3462.158475	79.277	-65.2134
3462.524686	79.274	-65.5342
3462.890897	79.291	-65.8555
3463.257108	79.313	-66.3291
3463.623319	79.313	-66.8652
3463.989530	79.304	-67.2949
3464.355741	79.306	-67.6987
3464.721951	79.303	-68.1494
3465.088162	79.294	-68.5322
3465.454373	79.298	-68.8691
3465.820584	79.309	-69.2959
3466.186795	79.307	-69.7505
3466.553006	79.304	-70.1538
3466.919217	79.305	-70.5615
3467.285428	79.302	-70.9688
3467.651639	79.300	-71.3418
3468.017850	79.303	-71.7153
3468.384061	79.308	-72.0996
3468.750272	79.317	-72.5088
3469.116483	79.322	-72.9639
3469.482694	79.320	-73.3975
3469.848905	79.322	-73.7910
3470.215116	79.328	-74.2266
3470.581327	79.327	-74.6836
3470.947538	79.324	-75.1064
3471.313749	79.324	-75.5381
3471.679960	79.318	-75.9639
3472.046171	79.314	-76.3374
3472.412382	79.318	-76.7368
3472.778593	79.316	-77.1777
3473.144804	79.309	-77.5508
3473.511015	79.315	-77.9033
3473.877226	79.321	-78.3496
3474.243437	79.313	-78.7734
3474.609648	79.313	-79.1079
3474.975859	79.325	-79.5186
3475.342070	79.322	-79.9810
3475.708281	79.318	-80.3325
3476.074491	79.331	-80.7070
3476.440702	79.336	-81.2002
3476.806913	79.325	-81.6133
3477.173124	79.330	-81.9434
3477.539335	79.344	-82.3760
3477.905546	79.347	-82.8550
3478.271757	79.346	-83.2993
3478.637968	79.345	-83.7563
3479.004179	79.338	-84.1855
3479.370390	79.337	-84.5781
3479.736601	79.337	-85.0088
3480.102812	79.329	-85.4160
3480.469023	79.329	-85.7666
3480.835234	79.338	-86.1748
3481.201445	79.337	-86.6338
3481.567656	79.330	-87.0322
3481.933867	79.329	-87.3770
3482.300078	79.339	-87.7441
3482.666289	79.350	-88.1904
3483.032500	79.349	-88.6821
3483.398711	79.336	-89.0820
3483.764922	79.337	-89.3945
3484.131133	79.352	-89.8037
3484.497344	79.352	-90.2944
3484.863555	79.341	-90.6816
3485.229766	79.347	-91.0171
3485.595977	79.358	-91.4658
3485.962188	79.350	-91.9326
3486.328399	79.342	-92.2715
3486.694610	79.354	-92.6118
3487.060820	79.366	-93.0913
3487.427031	79.356	-93.5693
3487.793242	79.346	-93.9150
3488.159453	79.354	-94.2568
3488.525664	79.362	-94.6963
3488.891875	79.359	-95.1265
3489.258086	79.359	-95.5010
3489.624297	79.365	-95.8955
3489.990508	79.369	-96.3145
3490.356719	79.374	-96.7412
3490.722930	79.375	-97.1953
3491.089141	79.369	-97.6172
3491.455352	79.368	-97.9771
3491.821563	79.377	-98.3730
3492.187774	79.381	-98.8232
3492.553985	79.381	-99.2446
3492.920196	79.384	-99.6626
3493.286407	79.385	-100.1162
3493.652618	79.380	-100.5352
3494.018829	79.381	-100.9229
3494.385040	79.384	-101.3545
3494.751251	79.380	-101.7881
3495.117462	79.378	-102.1870
3495.483673	79.375	-102.6045
3495.849884	79.368	-102.9785
3496.216095	79.373	-103.2881
3496.582306	79.392	-103.7207
3496.948517	79.388	-104.2480
3497.314728	79.372	-104.6094
3497.680939	79.384	-104.9146
3498.047150	79.400	-105.4165
3498.413360	79.386	-105.9126
3498.779571	79.377	-106.2305
3499.145782	79.389	-106.6055
3499.511993	79.391	-107.0791
3499.878204	79.386	-107.4678
3500.244415	79.395	-107.8647
3500.610626	79.395	-108.3516
3500.976837	79.384	-108.7563
3501.343048	79.387	-109.1006
3501.709259	79.395	-109.5459
3502.075470	79.387	-109.9863
3502.441681	79.385	-110.3335
3502.807892	79.395	-110.7373
3503.174103	79.393	-111.1934
3503.540314	79.387	-111.5420
3503.906525	79.403	-111.8750
3504.272736	79.423	-112.3916
3504.638947	79.411	-112.9570
3505.005158	79.388	-113.3115
3505.371369	79.395	-113.5820
3505.737580	79.413	-114.0293
3506.103791	79.407	-114.5186
3506.470002	79.401	-114.8672
3506.836213	79.414	-115.2588
3507.202424	79.415	-115.7651
3507.568635	79.400	-116.1592
3507.934846	79.404	-116.4727
3508.301057	79.416	-116.9121
3508.667268	79.409	-117.3848
3509.033479	79.400	-117.7388
3509.399689	79.406	-118.0723
3509.765900	79.416	-118.4946
3510.132111	79.415	-118.9414
3510.498322	79.412	-119.3203
3510.864533	79.421	-119.6885
3511.230744	79.431	-120.1582
3511.596955	79.425	-120.6484
3511.963166	79.414	-121.0273
3512.329377	79.418	-121.3755
3512.695588	79.426	-121.8047
3513.061799	79.425	-122.2563
3513.428010	79.422	-122.6611
3513.794221	79.425	-123.0444
3514.160432	79.435	-123.4805
3514.526643	79.436	-123.9863
3514.892854	79.422	-124.4497
3515.259065	79.412	-124.8057
3515.625276	79.416	-125.1650
3515.991487	79.421	-125.6030
3516.357698	79.415	-126.0361
3516.723909	79.410	-126.3965
3517.090120	79.418	-126.7471
3517.456331	79.430	-127.1851
3517.822542	79.429	-127.6582
3518.188753	79.424	-128.0420
3518.554964	79.434	-128.4185
3518.921175	79.443	-128.9121
3519.287386	79.432	-129.3799
3519.653597	79.428	-129.7153
3520.019808	79.442	-130.1045
3520.386019	79.446	-130.6011
3520.752229	79.436	-131.0293
3521.118440	79.435	-131.3984
3521.484651	79.437	-131.8086
3521.850862	79.435	-132.1953
3522.217073	79.440	-132.5557
3522.583284	79.448	-132.9873
3522.949495	79.445	-133.4102
3523.315706	79.448	-133.7651
3523.681917	79.461	-134.1997
3524.048128	79.457	-134.7046
3524.414339	79.443	-135.0947
3524.780550	79.444	-135.4277
3525.146761	79.449	-135.8442
3525.512972	79.443	-136.2480
3525.879183	79.445	-136.5859
3526.245394	79.458	-136.9937
3526.611605	79.460	-137.4878
3526.977816	79.447	-137.9194
3527.344027	79.442	-138.2480
3527.710238	79.453	-138.5986
3528.076449	79.464	-139.0542
3528.442660	79.464	-139.5361
3528.808871	79.459	-139.9717
3529.175082	79.457	-140.4028
3529.541293	79.450	-140.8247
3529.907504	79.445	-141.1875
3530.273715	79.453	-141.5654
3530.639926	79.457	-142.0205
3531.006137	79.451	-142.4453
3531.372348	79.453	-142.8096
3531.738559	79.463	-143.2407
3532.104769	79.459	-143.7168
3532.470980	79.451	-144.0967
3532.837191	79.458	-144.4570
3533.203402	79.466	-144.9121
3533.569613	79.461	-145.3545
3533.935824	79.461	-145.7461
3534.302035	79.462	-146.1797
3534.668246	79.456	-146.5835
3535.034457	79.459	-146.9395
3535.400668	79.468	-147.3887
3535.766879	79.459	-147.8555
3536.133090	79.450	-148.2041
3536.499301	79.457	-148.5688
3536.865512	79.457	-149.0054
3537.231723	79.450	-149.3745
3537.597934	79.457	-149.7017
3537.964145	79.471	-150.1128
3538.330356	79.477	-150.5869
3538.696567	79.474	-151.0371
3539.062778	79.471	-151.4424
3539.428989	79.474	-151.8457
3539.795200	79.478	-152.2827
3540.161411	79.477	-152.7314
3540.527622	79.472	-153.1562
3540.893833	79.470	-153.5469
3541.260044	79.476	-153.9600
3541.626255	79.475	-154.4287
3541.992466	79.465	-154.8452
3542.358677	79.465	-155.1943
3542.724888	79.473	-155.6309
3543.091098	79.464	-156.0918
3543.457309	79.455	-156.4170
3543.823520	79.466	-156.7480
3544.189731	79.476	-157.1934
3544.555942	79.475	-157.6162
3544.922153	79.481	-158.0063
3545.288364	79.488	-158.4580
3545.654575	79.485	-158.9258
3546.020786	79.477	-159.3389
3546.386997	79.473	-159.6934
3546.753208	79.482	-160.0576
3547.119419	79.491	-160.5244
3547.485630	79.481	-161.0039
3547.851841	79.468	-161.3560
3548.218052	79.472	-161.6758
3548.584263	79.480	-162.0654
3548.950474	79.487	-162.4795
3549.316685	79.493	-162.9380
3549.682896	79.485	-163.4014
3550.049107	79.476	-163.7441
3550.415318	79.489	-164.0923
3550.781529	79.498	-164.5811
3551.147740	79.490	-165.0312
3551.513951	79.492	-165.4082
3551.880162	79.497	-165.8779
3552.246373	79.485	-166.3262
3552.612584	79.481	-166.6553
3552.978795	79.492	-167.0625
3553.345006	79.489	-167.5288
3553.711217	79.483	-167.8774
3554.077428	79.498	-168.2402
3554.443638	79.509	-168.7466
3554.809849	79.500	-169.2520
3555.176060	79.484	-169.6387
3555.542271	79.480	-169.9326
3555.908482	79.497	-170.2651
3556.274693	79.514	-170.7632
3556.640904	79.504	-171.2925
3557.007115	79.486	-171.6582
3557.373326	79.485	-171.9414
3557.739537	79.500	-172.2832
3558.105748	79.518	-172.7266
3558.471959	79.522	-173.2607
3558.838170	79.507	-173.7383
3559.204381	79.498	-174.0830
3559.570592	79.507	-174.4727
3559.936803	79.505	-174.9639
3560.303014	79.490	-175.3760
3560.669225	79.486	-175.6890
3561.035436	79.497	-176.0566
3561.401647	79.506	-176.5186
3561.767858	79.503	-176.9961
3562.134069	79.495	-177.4326
3562.500280	79.488	-177.8223
3562.866491	79.485	-178.1699
3563.232702	79.493	-178.5112
3563.598913	79.508	-178.9268
3563.965124	79.516	-179.4126
3564.331335	79.514	-179.8789
3564.697546	79.510	179.6875
3565.063757	79.504	179.2866
3565.429967	79.504	178.9482
3565.796178	79.519	178.5688
3566.162389	79.527	178.0723
3566.528600	79.518	177.6113
3566.894811	79.513	177.2598
3567.261022	79.520	176.8652
3567.627233	79.518	176.4150
3567.993444	79.511	176.0459
3568.359655	79.517	175.6904
3568.725866	79.523	175.2212
3569.092077	79.508	174.7710
3569.458288	79.496	174.4785
3569.824499	79.509	174.1699
3570.190710	79.520	173.7119
3570.556921	79.513	173.2803
3570.923132	79.516	172.9268
3571.289343	79.527	172.4673
3571.655554	79.518	171.9668
3572.021765	79.504	171.6143
3572.387976	79.511	171.2959
3572.754187	79.524	170.8643
3573.120398	79.527	170.3828
3573.486609	79.522	169.9082
3573.852820	79.510	169.4893
3574.219031	79.507	169.1509
3574.585242	79.518	168.7539
3574.951453	79.519	168.2676
3575.317664	79.510	167.8652
3575.683875	79.516	167.5049
3576.050086	79.525	167.0283
3576.416297	79.515	166.5410
3576.782507	79.502	166.1689
3577.148718	79.502	165.8374
3577.514929	79.510	165.4673
3577.881140	79.519	165.0366
3578.247351	79.521	164.5635
3578.613562	79.514	164.1201
3578.979773	79.508	163.7148
3579.345984	79.503	163.3242
3579.712195	79.501	162.9707
3580.078406	79.509	162.5908
3580.444617	79.514	162.1304
3580.810828	79.507	161.6860
3581.177039	79.501	161.2983
3581.543250	79.499	160.9111
3581.909461	79.496	160.5391
3582.275672	79.499	160.1816
3582.641883	79.507	159.7891
3583.008094	79.513	159.3701
3583.374305	79.519	158.9316
3583.740516	79.520	158.4600
3584.106727	79.512	158.0039
3584.472938	79.502	157.6064
3584.839149	79.496	157.2412
3585.205360	79.493	156.8955
3585.571571	79.498	156.5586
3585.937782	79.509	156.1816
3586.303993	79.519	155.7227
3586.670204	79.515	155.2500
3587.036415	79.506	154.8711
3587.402626	79.511	154.5215
3587.768836	79.521	154.0674
3588.135047	79.513	153.5928
3588.501258	79.504	153.2246
3588.867469	79.509	152.8647
3589.233680	79.515	152.4229
3589.599891	79.511	151.9663
3589.966102	79.504	151.5449
3590.332313	79.498	151.1592
3590.698524	79.498	150.7910
3591.064735	79.502	150.3789
3591.430946	79.500	149.9434
3591.797157	79.496	149.5586
3592.163368	79.501	149.1655
3592.529579	79.502	148.7202
3592.895790	79.498	148.3042
3593.262001	79.499	147.9141
3593.628212	79.501	147.4727
3593.994423	79.494	147.0303
3594.360634	79.485	146.6592
3594.726845	79.485	146.3208
3595.093056	79.494	145.9561
3595.459267	79.505	145.5283
3595.825478	79.509	145.0361
3596.191689	79.499	144.5728
3596.557900	79.490	144.2021
3596.924111	79.493	143.8359
3597.290322	79.496	143.4082
3597.656533	79.492	142.9902
3598.022744	79.491	142.6084
3598.388955	79.493	142.2080
3598.755166	79.492	141.8037
3599.121376	79.494	141.4150
3599.487587	79.498	140.9980
3599.853798	79.496	140.5703
3600.220009	79.494	140.1865
3600.586220	79.500	139.7998
3600.952431	79.508	139.3467
3601.318642	79.505	138.8584
3601.684853	79.492	138.4175
3602.051064	79.483	138.0713
3602.417275	79.490	137.7095
3602.783486	79.493	137.2334
3603.149697	79.476	136.8037
3603.515908	79.469	136.5137
3603.882119	79.484	136.1533
3604.248330	79.487	135.6831
3604.614541	79.482	135.2759
3604.980752	79.486	134.8789
3605.346963	79.486	134.4150
3605.713174	79.478	134.0059
3606.079385	79.481	133.6250
3606.445596	79.483	133.1553
3606.811807	79.469	132.7012
3607.178018	79.457	132.3643
3607.544229	79.460	132.0444
3607.910440	79.471	131.6489
3608.276651	79.475	131.2065
3608.642862	79.475	130.7793
3609.009073	79.477	130.3506
3609.375284	79.474	129.8926
3609.741495	79.463	129.4854
3610.107706	79.462	129.1523
3610.473916	79.473	128.7510
3610.840127	79.472	128.2803
3611.206338	79.464	127.8833
3611.572549	79.466	127.5156
3611.938760	79.468	127.0938
3612.304971	79.464	126.7051
3612.671182	79.469	126.3496
3613.037393	79.479	125.9160
3613.403604	79.479	125.4521
3613.769815	79.476	125.0361
3614.136026	79.478	124.5918
3614.502237	79.469	124.1250
3614.868448	79.454	123.7559
3615.234659	79.454	123.4375
3615.600870	79.461	123.0493
3615.967081	79.461	122.6450
3616.333292	79.465	122.2651
3616.699503	79.473	121.8354
3617.065714	79.473	121.3682
3617.431925	79.466	120.9355
3617.798136	79.460	120.5371
3618.164347	79.457	120.1719
3618.530558	79.464	119.8066
3618.896769	79.475	119.3486
3619.262980	79.470	118.8472
3619.629191	79.454	118.4312
3619.995402	79.445	118.1021
3620.361613	79.450	117.7861
3620.727824	79.464	117.4062
3621.094035	79.473	116.9316
3621.460245	79.468	116.4668
3621.826456	79.463	116.0850
3622.192667	79.467	115.7041
3622.558878	79.475	115.2710
3622.925089	79.478	114.7798
3623.291300	79.463	114.2798
3623.657511	79.438	113.9409
3624.023722	79.440	113.7334
3624.389933	79.467	113.3604
3624.756144	79.473	112.8281
3625.122355	79.462	112.4087
3625.488566	79.466	112.0405
3625.854777	79.468	111.5791
3626.220988	79.458	111.1689
3626.587199	79.461	110.8213
3626.953410	79.468	110.3613
3627.319621	79.454	109.9033
3627.685832	79.445	109.6006
3628.052043	79.459	109.2397
3628.418254	79.461	108.7334
3628.784465	79.445	108.3345
3629.150676	79.449	108.0303
3629.516887	79.463	107.5771
3629.883098	79.455	107.0703
3630.249309	79.441	106.7100
3630.615520	79.447	106.3613
3630.981731	79.452	105.9028
3631.347942	79.444	105.4697
3631.714153	79.443	105.0991
3632.080364	79.449	104.6597
3632.446575	79.441	104.1885
3632.812785	79.429	103.8330
3633.178996	79.436	103.5068
3633.545207	79.448	103.0508
3633.911418	79.440	102.5869
3634.277629	79.437	102.2363
3634.643840	79.450	101.8257
3635.010051	79.448	101.3130
3635.376262	79.433	100.9155
3635.742473	79.436	100.5967
3636.108684	79.448	100.1543
3636.474895	79.442	99.6768
3636.841106	79.435	99.2881
3637.207317	79.436	98.8809
3637.573528	79.429	98.4531
3637.939739	79.421	98.1099
3638.305950	79.429	97.7588
3638.672161	79.434	97.3086
3639.038372	79.425	96.8838
3639.404583	79.421	96.5391
3639.770794	79.428	96.1709
3640.137005	79.434	95.7471
3640.503216	79.436	95.3057
3640.869427	79.434	94.8608
3641.235638	79.428	94.4375
3641.601849	79.423	94.0439
3641.968060	79.421	93.6680
3642.334271	79.425	93.2969
3642.700482	79.435	92.8672
3643.066693	79.434	92.3813
3643.432904	79.424	91.9692
3643.799114	79.425	91.6113
3644.165325	79.434	91.1709
3644.531536	79.430	90.6982
3644.897747	79.423	90.2852
3645.263958	79.421	89.8809
3645.630169	79.418	89.4648
3645.996380	79.414	89.0630
3646.362591	79.410	88.6694
3646.728802	79.407	88.3081
3647.095013	79.414	87.9404
3647.461224	79.421	87.4893
3647.827435	79.414	87.0332
3648.193646	79.405	86.6650
3648.559857	79.408	86.3184
3648.926068	79.416	85.9238
3649.292279	79.423	85.4751
3649.658490	79.420	85.0024
3650.024701	79.411	84.5708
3650.390912	79.404	84.1880
3650.757123	79.402	83.8223
3651.123334	79.405	83.4580
3651.489545	79.414	83.0361
3651.855756	79.412	82.5703
3652.221967	79.402	82.1860
3652.588178	79.407	81.8462
3652.954389	79.419	81.4023
3653.320600	79.415	80.9189
3653.686811	79.404	80.5273
3654.053022	79.403	80.1855
3654.419233	79.411	79.8027
3654.785444	79.418	79.3574
3655.151654	79.414	78.8975
3655.517865	79.405	78.5078
3655.884076	79.408	78.1543
3656.250287	79.417	77.7104
3656.616498	79.409	77.2168
3656.982709	79.391	76.8457
3657.348920	79.392	76.5576
3657.715131	79.409	76.1523
3658.081342	79.409	75.6353
3658.447553	79.393	75.1978
3658.813764	79.386	74.8589
3659.179975	79.390	74.4868
3659.546186	79.392	74.0654
3659.912397	79.391	73.6445
3660.278608	79.389	73.2148
3660.644819	79.382	72.7988
3661.011030	79.380	72.4365
3661.377241	79.388	72.0430
3661.743452	79.392	71.5566
3662.109663	79.380	71.0942
3662.475874	79.369	70.7344
3662.842085	79.370	70.3818
3663.208296	79.374	69.9893
3663.574507	79.377	69.5879
3663.940718	79.381	69.1602
3664.306929	79.378	68.7266
3664.673140	79.374	68.3506
3665.039351	79.381	67.9595
3665.405562	79.382	67.5049
3665.771773	79.374	67.1128
3666.137984	79.379	66.7803
3666.504194	79.395	66.3428
3666.870405	79.395	65.8262
3667.236616	79.383	65.3809
3667.602827	79.375	65.0068
3667.969038	79.375	64.6387
3668.335249	79.379	64.2451
3668.701460	79.383	63.8145
3669.067671	79.380	63.3779
3669.433882	79.377	62.9668
3669.800093	79.375	62.5605
3670.166304	79.373	62.1616
3670.532515	79.374	61.7729
3670.898726	79.377	61.3555
3671.264937	79.375	60.9189
3671.631148	79.370	60.5151
3671.997359	79.368	60.1455
3672.363570	79.373	59.7676
3672.729781	79.378	59.3389
3673.095992	79.376	58.8931
3673.462203	79.370	58.4995
3673.828414	79.371	58.1167
3674.194625	79.371	57.7129
3674.560836	79.372	57.3418
3674.927047	79.383	56.9248
3675.293258	79.383	56.3945
3675.659469	79.360	55.9590
3676.025680	79.352	55.6709
3676.391891	79.362	55.2822
3676.758102	79.355	54.8169
3677.124313	79.341	54.4849
3677.490523	79.349	54.1909
3677.856734	79.365	53.7734
3678.222945	79.371	53.2676
3678.589156	79.360	52.7617
3678.955367	79.340	52.3760
3679.321578	79.338	52.0908
3679.687789	79.354	51.6729
3680.054000	79.347	51.1558
3680.420211	79.329	50.8081
3680.786422	79.340	50.5029
3681.152633	79.351	50.0176
3681.518844	79.338	49.5596
3681.885055	79.336	49.2363
3682.251266	79.350	48.7969
3682.617477	79.339	48.2910
3682.983688	79.324	47.9722
3683.349899	79.338	47.6558
3683.716110	79.348	47.1455
3684.082321	79.331	46.7041
3684.448532	79.329	46.4053
3684.814743	79.342	45.9834
3685.180954	79.334	45.5029
3685.547165	79.323	45.1768
3685.913376	79.334	44.8486
3686.279587	79.344	44.3936
3686.645798	79.343	43.9390
3687.012009	79.341	43.4873
3687.378220	79.328	43.0430
3687.744431	79.314	42.7363
3688.110642	79.328	42.4365
3688.476853	79.344	41.9409
3688.843063	79.332	41.4409
3689.209274	79.324	41.0942
3689.575485	79.333	40.6865
3689.941696	79.328	40.1855
3690.307907	79.311	39.8105
3690.674118	79.315	39.4961
3691.040329	79.326	39.0645
3691.406540	79.323	38.6099
3691.772751	79.323	38.2012
3692.138962	79.323	37.7466
3692.505173	79.309	37.3228
3692.871384	79.305	37.0283
3693.237595	79.326	36.6611
3693.603806	79.337	36.0938
3693.970017	79.314	35.5820
3694.336228	79.297	35.2852
3694.702439	79.308	34.9600
3695.068650	79.311	34.4932
3695.434861	79.299	34.1123
3695.801072	79.306	33.8213
3696.167283	79.326	33.3652
3696.533494	79.319	32.8320
3696.899705	79.304	32.4824
3697.265916	79.316	32.1475
3697.632127	79.325	31.6172
3697.998338	79.303	31.1548
3698.364549	79.295	30.8867
3698.730760	79.314	30.4961
3699.096971	79.310	29.9561
3699.463182	79.287	29.5957
3699.829392	79.293	29.3408
3700.195603	79.312	28.9067
3700.561814	79.309	28.4097
3700.928025	79.301	28.0151
3701.294236	79.302	27.6152
3701.660447	79.297	27.2109
3702.026658	79.299	26.8613
3702.392869	79.311	26.4248
3702.759080	79.304	25.9131
3703.125291	79.285	25.5479
3703.491502	79.289	25.2783
3703.857713	79.309	24.8599
3704.223924	79.310	24.3306
3704.590135	79.294	23.8965
3704.956346	79.287	23.5693
3705.322557	79.295	23.2090
3705.688768	79.301	22.7617
3706.054979	79.296	22.2979
3706.421190	79.284	21.8975
3706.787401	79.280	21.5542
3707.153612	79.284	21.1851
3707.519823	79.285	20.7646
3707.886034	79.281	20.3770
3708.252245	79.285	20.0186
3708.618456	79.295	19.5830
3708.984667	79.291	19.1084
3709.350878	79.282	18.7178
3709.717089	79.285	18.3521
3710.083300	79.291	17.9170
3710.449511	79.290	17.4609
3710.815722	79.286	17.0166
3711.181932	79.277	16.5879
3711.548143	79.267	16.2344
3711.914354	79.274	15.9102
3712.280565	79.289	15.4683
3712.646776	79.288	14.9517
3713.012987	79.275	14.5269
3713.379198	79.274	14.1572
3713.745409	79.278	13.7168
3714.111620	79.269	13.2627
3714.477831	79.258	12.8877
3714.844042	79.256	12.5498
3715.210253	79.262	12.1797
3715.576464	79.268	11.7476
3715.942675	79.263	11.2866
3716.308886	79.253	10.9038
3716.675097	79.255	10.5576
3717.041308	79.260	10.1201
3717.407519	79.250	9.7002
3717.773730	79.250	9.3779
3718.139941	79.264	8.9551
3718.506152	79.258	8.4385
3718.872363	79.239	8.0674
3719.238574	79.241	7.7617
3719.604785	79.248	7.3540
3719.970996	79.246	6.9453
3720.337207	79.249	6.5762
3720.703418	79.257	6.1455
3721.069629	79.256	5.6855
3721.435840	79.251	5.2646
3721.802051	79.249	4.8516
3722.168261	79.243	4.4336
3722.534472	79.235	4.0596
3722.900683	79.235	3.7256
3723.266894	79.245	3.3457
3723.633105	79.251	2.8926
3723.999316	79.248	2.4355
3724.365527	79.239	2.0078
3724.731738	79.228	1.6279
3725.097949	79.225	1.3086
3725.464160	79.234	0.9463
3725.830371	79.238	0.5020
3726.196582	79.234	0.0938
3726.562793	79.237	-0.3076
3726.929004	79.235	-0.7749
3727.295215	79.222	-1.1851
3727.661426	79.218	-1.5210
3728.027637	79.225	-1.9229
3728.393848	79.224	-2.3779
3728.760059	79.217	-2.8213
3729.126270	79.204	-3.2246
3729.492481	79.197	-3.5381
3729.858692	79.210	-3.8848
3730.224903	79.219	-4.3838
3730.591114	79.207	-4.8467
3730.957325	79.202	-5.2075
3731.323536	79.206	-5.6396
3731.689747	79.196	-6.0615
3732.055958	79.197	-6.3955
3732.422169	79.209	-6.8408
3732.788380	79.200	-7.3408
3733.154591	79.187	-7.6914
3733.520801	79.195	-8.0493
3733.887012	79.196	-8.5269
3734.253223	79.181	-8.9282
3734.619434	79.178	-9.2358
3734.985645	79.186	-9.6069
3735.351856	79.188	-10.0283
3735.718067	79.185	-10.4268
3736.084278	79.185	-10.8125
3736.450489	79.185	-11.2153
3736.816700	79.180	-11.6128
3737.182911	79.177	-11.9570
3737.549122	79.186	-12.3125
3737.915333	79.195	-12.7793
3738.281544	79.187	-13.2539
3738.647755	79.177	-13.6299
3739.013966	79.178	-14.0068
3739.380177	79.177	-14.4292
3739.746388	79.174	-14.8408
3740.112599	79.170	-15.2534
3740.478810	79.165	-15.6494
3740.845021	79.165	-16.0225
3741.211232	79.168	-16.4482
3741.577443	79.160	-16.8682
3741.943654	79.159	-17.2100
3742.309865	79.171	-17.6138
3742.676076	79.171	-18.0942
3743.042287	79.163	-18.4941
3743.408498	79.167	-18.8799
3743.774709	79.166	-19.3291
3744.140920	79.160	-19.7148
3744.507131	79.168	-20.0889
3744.873341	79.172	-20.5986
3745.239552	79.150	-21.0449
3745.605763	79.141	-21.3071
3745.971974	79.161	-21.6772
3746.338185	79.160	-22.2173
3746.704396	79.136	-22.6084
3747.070607	79.135	-22.8701
3747.436818	79.150	-23.2852
3747.803029	79.145	-23.7666
3748.169240	79.135	-24.1475
3748.535451	79.135	-24.5479
3748.901662	79.125	-24.9609
3749.267873	79.119	-25.2788
3749.634084	79.131	-25.6694
3750.000295	79.127	-26.1729
3750.366506	79.106	-26.5283
3750.732717	79.113	-26.7900
3751.098928	79.133	-27.2305
3751.465139	79.130	-27.7607
3751.831350	79.115	-28.1719
3752.197561	79.112	-28.5288
3752.563772	79.113	-28.9209
3752.929983	79.113	-29.3213
3753.296194	79.112	-29.7236
3753.662405	79.111	-30.1152
3754.028616	79.114	-30.4941
3754.394827	79.121	-30.9321
3754.761038	79.117	-31.4111
3755.127249	79.104	-31.8096
3755.493460	79.101	-32.1475
3755.859670	79.106	-32.5439
3756.225881	79.103	-32.9727
3756.592092	79.098	-33.3496
3756.958303	79.101	-33.7139
3757.324514	79.109	-34.1362
3757.690725	79.109	-34.6201
3758.056936	79.096	-35.0933
3758.423147	79.079	-35.4673
3758.789358	79.074	-35.7822
3759.155569	79.078	-36.1436
3759.521780	79.080	-36.5537
3759.887991	79.078	-36.9639
3760.254202	79.075	-37.3477
3760.620413	79.077	-37.7100
3760.986624	79.086	-38.1245
3761.352835	79.087	-38.5898
3761.719046	79.081	-39.0044
3762.085257	79.082	-39.4111
3762.451468	79.077	-39.8594
3762.817679	79.064	-40.2090
3763.183890	79.074	-40.5078
3763.550101	79.091	-40.9922
3763.916312	79.075	-41.5200
3764.282523	79.052	-41.7910
3764.648734	79.070	-42.0146
3765.014945	79.096	-42.5088
3765.381156	79.086	-43.0430
3765.747367	79.075	-43.3789
3766.113578	79.088	-43.7715
3766.479789	79.084	-44.3125
3766.846000	79.059	-44.7031
3767.212210	79.057	-44.9746
3767.578421	79.067	-45.3843
3767.944632	79.059	-45.8232
3768.310843	79.054	-46.1709
3768.677054	79.060	-46.5762
3769.043265	79.054	-47.0229
3769.409476	79.046	-47.4019
3769.775687	79.046	-47.7871
3770.141898	79.043	-48.1968
3770.508109	79.039	-48.5762
3770.874320	79.040	-48.9629
3771.240531	79.041	-49.3555
3771.606742	79.047	-49.7520
3771.972953	79.053	-50.2314
3772.339164	79.041	-50.7129
3772.705375	79.029	-51.0669
3773.071586	79.036	-51.4287
3773.437797	79.038	-51.9028
3773.804008	79.024	-52.3232
3774.170219	79.020	-52.6367
3774.536430	79.031	-53.0156
3774.902641	79.033	-53.4805
3775.268852	79.027	-53.8877
3775.635063	79.028	-54.2578
3776.001274	79.033	-54.6914
3776.367485	79.029	-55.1382
3776.733696	79.023	-55.5317
3777.099907	79.023	-55.9258
3777.466118	79.022	-56.3467
3777.832329	79.017	-56.7627
3778.198539	79.010	-57.1592
3778.564750	79.004	-57.5186
3778.930961	79.007	-57.8477
3779.297172	79.020	-58.2524
3779.663383	79.023	-58.7646
3780.029594	79.005	-59.2158
3780.395805	78.994	-59.5264
3780.762016	79.004	-59.8721
3781.128227	79.009	-60.3477
3781.494438	78.995	-60.7832
3781.860649	78.987	-61.0981
3782.226860	78.995	-61.4458
3782.593071	79.000	-61.8765
3782.959282	78.998	-62.2852
3783.325493	78.999	-62.6846
3783.691704	78.999	-63.1162
3784.057915	78.993	-63.5107
3784.424126	78.996	-63.8882
3784.790337	78.999	-64.3389
3785.156548	78.990	-64.7837
3785.522759	78.983	-65.1538
3785.888970	78.983	-65.5459
3786.255181	78.976	-65.9551
3786.621392	78.972	-66.2920
3786.987603	78.984	-66.6689
3787.353814	78.989	-67.1875
3787.720025	78.968	-67.6592
3788.086236	78.953	-67.9604
3788.452447	78.962	-68.2866
3788.818658	78.965	-68.7446
3789.184869	78.952	-69.1416
3789.551079	78.952	-69.4253
3789.917290	78.972	-69.8174
3790.283501	78.977	-70.3418
3790.649712	78.966	-70.7954
3791.015923	78.962	-71.1875
3791.382134	78.958	-71.6230
3791.748345	78.947	-72.0215
3792.114556	78.943	-72.3560
3792.480767	78.947	-72.7251
3792.846978	78.951	-73.1274
3793.213189	78.954	-73.5425
3793.579400	78.952	-73.9858
3793.945611	78.943	-74.3848
3794.311822	78.943	-74.7393
3794.678033	78.948	-75.1562
3795.044244	78.942	-75.5894
3795.410455	78.937	-75.9585
3795.776666	78.940	-76.3481
3796.142877	78.936	-76.7769
3796.509088	78.929	-77.1421
3796.875299	78.934	-77.4839
3797.241510	78.945	-77.9219
3797.607721	78.941	-78.4141
3797.973932	78.928	-78.8379
3798.340143	78.921	-79.1890
3798.706354	78.923	-79.5591
3799.072565	78.926	-79.9800
3799.438776	78.925	-80.4092
3799.804987	78.922	-80.8438
3800.171198	78.914	-81.2793
3800.537409	78.903	-81.6548
3800.903619	78.902	-81.9932
3801.269830	78.908	-82.3887
3801.636041	78.907	-82.8135
3802.002252	78.907	-83.2056
3802.368463	78.912	-83.6265
3802.734674	78.911	-84.0986
3803.100885	78.899	-84.5366
3803.467096	78.887	-84.9023
3803.833307	78.884	-85.2295
3804.199518	78.891	-85.5762
3804.565729	78.900	-86.0039
3804.931940	78.897	-86.4731
3805.298151	78.886	-86.8667
3805.664362	78.884	-87.1973
3806.030573	78.893	-87.5830
3806.396784	78.895	-88.0376
3806.762995	78.889	-88.4673
3807.129206	78.885	-88.8569
3807.495417	78.883	-89.2671
3807.861628	78.875	-89.6685
3808.227839	78.872	-90.0186
3808.594050	78.878	-90.4165
3808.960261	78.873	-90.8706
3809.326472	78.862	-91.2305
3809.692683	78.868	-91.5562
3810.058894	78.876	-91.9976
3810.425105	78.870	-92.4331
3810.791316	78.870	-92.7979
3811.157527	78.877	-93.2466
3811.523738	78.867	-93.7036
3811.889948	78.860	-94.0425
3812.256159	78.871	-94.4438
3812.622370	78.866	-94.9453
3812.988581	78.848	-95.3296
3813.354792	78.845	-95.6284
3813.721003	78.853	-95.9951
3814.087214	78.858	-96.3965
3814.453425	78.863	-96.8184
3814.819636	78.861	-97.2671
3815.185847	78.856	-97.6724
3815.552058	78.856	-98.0713
3815.918269	78.852	-98.5000
3816.284480	78.845	-98.8857
3816.650691	78.845	-99.2739
3817.016902	78.839	-99.6948
3817.383113	78.830	-100.0303
3817.749324	78.841	-100.3574
3818.115535	78.853	-100.8296
3818.481746	78.845	-101.3008
3818.847957	78.841	-101.6831
3819.214168	78.846	-102.1343
3819.580379	78.834	-102.6216
3819.946590	78.817	-102.9917
3820.312801	78.815	-103.3110
3820.679012	78.822	-103.6885
3821.045223	78.827	-104.1230
3821.411434	78.825	-104.5918
3821.777645	78.813	-105.0156
3822.143856	78.805	-105.3550
3822.510067	78.811	-105.7212
3822.876278	78.813	-106.1606
3823.242488	78.806	-106.5728
3823.608699	78.803	-106.9370
3823.974910	78.805	-107.3164
3824.341121	78.805	-107.7100
3824.707332	78.807	-108.0986
3825.073543	78.810	-108.5117
3825.439754	78.810	-108.9565
3825.805965	78.802	-109.3867
3826.172176	78.794	-109.7588
3826.538387	78.796	-110.1274
3826.904598	78.797	-110.5654
3827.270809	78.786	-110.9966
3827.637020	78.775	-111.3350
3828.003231	78.778	-111.6567
3828.369442	78.788	-112.0498
3828.735653	78.794	-112.5088
3829.101864	78.790	-112.9946
3829.468075	78.776	-113.4238
3829.834286	78.768	-113.7715
3830.200497	78.772	-114.1479
3830.566708	78.771	-114.5874
3830.932919	78.762	-114.9985
3831.299130	78.756	-115.3579
3831.665341	78.756	-115.6929
3832.031552	78.766	-116.0571
3832.397763	78.775	-116.5078
3832.763974	78.770	-116.9521
3833.130185	78.771	-117.3286
3833.496396	78.780	-117.7837
3833.862607	78.769	-118.2891
3834.228817	78.752	-118.6528
3834.595028	78.753	-118.9858
3834.961239	78.753	-119.4121
3835.327450	78.744	-119.7729
3835.693661	78.752	-120.1147
3836.059872	78.758	-120.6045
3836.426083	78.740	-121.0488
3836.792294	78.731	-121.3398
3837.158505	78.743	-121.7075
3837.524716	78.743	-122.1587
3837.890927	78.739	-122.5454
3838.257138	78.746	-122.9595
3838.623349	78.743	-123.4517
3838.989560	78.728	-123.8784
3839.355771	78.720	-124.2104
3839.721982	78.727	-124.5713
3840.088193	78.733	-125.0415
3840.454404	78.721	-125.5083
3840.820615	78.710	-125.8398
3841.186826	78.721	-126.1899
3841.553037	78.726	-126.6919
3841.919248	78.708	-127.1270
3842.285459	78.703	-127.4253
3842.651670	78.714	-127.8105
3843.017881	78.712	-128.2578
3843.384092	78.708	-128.6260
3843.750303	78.716	-129.0259
3844.116514	78.713	-129.4971
3844.482725	78.700	-129.8833
3844.848936	78.700	-130.1899
3845.215147	78.715	-130.5815
3845.581357	78.720	-131.0913
3845.947568	78.705	-131.5532
3846.313779	78.696	-131.8887
3846.679990	78.704	-132.2788
3847.046201	78.699	-132.7681
3847.412412	78.681	-133.1382
3847.778623	78.684	-133.4463
3848.144834	78.691	-133.9116
3848.511045	78.672	-134.3418
3848.877256	78.666	-134.5894
3849.243467	78.689	-134.9590
3849.609678	78.692	-135.5083
3849.975889	78.672	-135.9116
3850.342100	78.676	-136.2104
3850.708311	78.690	-136.6748
3851.074522	78.678	-137.1875
3851.440733	78.660	-137.5391
3851.806944	78.662	-137.8535
3852.173155	78.667	-138.2539
3852.539366	78.667	-138.6567
3852.905577	78.670	-139.0596
3853.271788	78.669	-139.5186
3853.637999	78.655	-139.9185
3854.004210	78.652	-140.2231
3854.370421	78.665	-140.6040
3854.736632	78.668	-141.0791
3855.102843	78.660	-141.5166
3855.469054	78.653	-141.9229
3855.835265	78.643	-142.3086
3856.201476	78.637	-142.6279
3856.567686	78.646	-142.9595
3856.933897	78.658	-143.3823
3857.300108	78.663	-143.8745
3857.666319	78.653	-144.3779
3858.032530	78.633	-144.7769
3858.398741	78.628	-145.0752
3858.764952	78.639	-145.4668
3859.131163	78.636	-145.9502
3859.497374	78.622	-146.3398
3859.863585	78.622	-146.6816
3860.229796	78.627	-147.0991
3860.596007	78.621	-147.5337
3860.962218	78.612	-147.9106
3861.328429	78.611	-148.2500
3861.694640	78.619	-148.6250
3862.060851	78.624	-149.0991
3862.427062	78.609	-149.5552
3862.793273	78.596	-149.8574
3863.159484	78.606	-150.1729
3863.525695	78.613	-150.6318
3863.891906	78.601	-151.0381
3864.258117	78.601	-151.3350
3864.624328	78.616	-151.7231
3864.990539	78.619	-152.1904
3865.356750	78.617	-152.6157
3865.722961	78.615	-153.0542
3866.089172	78.604	-153.4746
3866.455383	78.599	-153.8105
3866.821594	78.606	-154.2129
3867.187805	78.598	-154.6743
3867.554016	78.583	-154.9932
3867.920226	78.595	-155.2979
3868.286437	78.606	-155.7842
3868.652648	78.590	-156.2397
3869.018859	78.584	-156.5400
3869.385070	78.598	-156.9268
3869.751281	78.597	-157.4355
3870.117492	78.579	-157.8438
3870.483703	78.575	-158.1699
3870.849914	78.577	-158.5654
3871.216125	78.571	-158.9644
3871.582336	78.569	-159.3013
3871.948547	78.577	-159.6895
3872.314758	78.576	-160.1392
3872.680969	78.569	-160.5298
3873.047180	78.570	-160.9009
3873.413391	78.571	-161.3271
3873.779602	78.563	-161.7339
3874.145813	78.559	-162.0913
3874.512024	78.559	-162.4473
3874.878235	78.566	-162.8213
3875.244446	78.572	-163.2695
3875.610657	78.562	-163.7363
3875.976868	78.550	-164.0684
3876.343079	78.562	-164.4116
3876.709290	78.565	-164.9292
3877.075501	78.540	-165.3442
3877.441712	78.536	-165.5796
3877.807923	78.556	-165.9868
3878.174134	78.547	-166.5088
3878.540345	78.528	-166.8301
3878.906556	78.539	-167.1240
3879.272766	78.550	-167.5962
3879.638977	78.540	-168.0620
3880.005188	78.530	-168.4380
3880.371399	78.526	-168.8071
3880.737610	78.524	-169.1489
3881.103821	78.533	-169.5122
3881.470032	78.539	-169.9736
3881.836243	78.531	-170.4067
3882.202454	78.530	-170.7588
3882.568665	78.539	-171.1807
3882.934876	78.536	-171.6758
3883.301087	78.521	-172.0913
3883.667298	78.513	-172.4375
3884.033509	78.510	-172.8013
3884.399720	78.508	-173.1489
3884.765931	78.514	-173.4966
3885.132142	78.521	-173.9253
3885.498353	78.515	-174.3525
3885.864564	78.513	-174.6992
3886.230775	78.522	-175.1016
3886.596986	78.518	-175.5854
3886.963197	78.502	-175.9658
3887.329408	78.501	-176.2529
3887.695619	78.516	-176.6440
3888.061830	78.517	-177.1392
3888.428041	78.502	-177.5728
3888.794252	78.492	-177.9087
3889.160463	78.494	-178.2529
3889.526674	78.495	-178.6343
3889.892885	78.498	-179.0029
3890.259095	78.508	-179.4141
3890.625306	78.507	-179.9067
3890.991517	78.491	179.6719
3891.357728	78.486	179.3589
3891.723939	78.494	178.9741
3892.090150	78.491	178.5234
3892.456361	78.481	178.1572
3892.822572	78.484	177.8218
3893.188783	78.491	177.4175
3893.554994	78.493	176.9761
3893.921205	78.488	176.5327
3894.287416	78.478	176.1157
3894.653627	78.469	175.7500
3895.019838	78.466	175.3848
3895.386049	78.463	174.9937
3895.752260	78.458	174.6143
3896.118471	78.454	174.2397
3896.484682	78.450	173.8589
3896.850893	78.445	173.5073
3897.217104	78.448	173.1685
3897.583315	78.457	172.7769
3897.949526	78.461	172.3247
3898.315737	78.457	171.8579
3898.681948	78.445	171.4282
3899.048159	78.434	171.0674
3899.414370	78.432	170.7344
3899.780581	78.436	170.3613
3900.146792	78.440	169.9565
3900.513003	78.443	169.5308
3900.879214	78.440	169.0649
3901.245425	78.425	168.6514
3901.611635	78.416	168.3579
3901.977846	78.429	168.0293
3902.344057	78.438	167.5654
3902.710268	78.430	167.1094
3903.076479	78.421	166.7388
3903.442690	78.419	166.3799
3903.808901	78.421	166.0098
3904.175112	78.426	165.6138
3904.541323	78.426	165.1602
3904.907534	78.414	164.7241
3905.273745	78.401	164.3867
3905.639956	78.403	164.0801
3906.006167	78.413	163.6987
3906.372378	78.417	163.2559
3906.738589	78.415	162.8096
3907.104800	78.409	162.3608
3907.471011	78.395	161.9380
3907.837222	78.382	161.6094
3908.203433	78.386	161.2988
3908.569644	78.394	160.8813
3908.935855	78.389	160.4458
3909.302066	78.386	160.0791
3909.668277	78.391	159.6650
3910.034488	78.383	159.2153
3910.400699	78.373	158.8765
3910.766910	78.381	158.5410
3911.133121	78.388	158.0791
3911.499332	78.376	157.6543
3911.865543	78.373	157.3218
3912.231754	78.379	156.9229
3912.597964	78.374	156.5005
3912.964175	78.370	156.1558
3913.330386	78.377	155.7744
3913.696597	78.376	155.3330
3914.062808	78.369	154.9380
3914.429019	78.367	154.5669
3914.795230	78.366	154.1880
3915.161441	78.368	153.8208
3915.527652	78.375	153.4004
3915.893863	78.372	152.9297
3916.260074	78.361	152.5078
3916.626285	78.353	152.1250
3916.992496	78.346	151.7588
3917.358707	78.345	151.4175
3917.724918	78.351	151.0264
3918.091129	78.349	150.5903
3918.457340	78.344	150.2075
3918.823551	78.347	149.8247
3919.189762	78.347	149.3887
3919.555973	78.340	148.9888
3919.922184	78.341	148.6084
3920.288395	78.342	148.1670
3920.654606	78.331	147.7451
3921.020817	78.323	147.4023
3921.387028	78.326	147.0527
3921.753239	78.329	146.6514
3922.119450	78.328	146.2329
3922.485661	78.322	145.8223
3922.851872	78.314	145.4526
3923.218083	78.314	145.1255
3923.584294	78.324	144.7427
3923.950504	78.327	144.2656
3924.316715	78.312	143.8325
3924.682926	78.303	143.5171
3925.049137	78.312	143.1714
3925.415348	78.318	142.7168
3925.781559	78.311	142.2642
3926.147770	78.302	141.8677
3926.513981	78.295	141.5049
3926.880192	78.296	141.1665
3927.246403	78.307	140.7559
3927.612614	78.305	140.2476
3927.978825	78.283	139.8359
3928.345036	78.276	139.5601
3928.711247	78.288	139.2095
3929.077458	78.292	138.7603
3929.443669	78.286	138.3486
3929.809880	78.284	137.9526
3930.176091	78.278	137.5479
3930.542302	78.271	137.2114
3930.908513	78.279	136.8799
3931.274724	78.290	136.4277
3931.640935	78.282	135.9531
3932.007146	78.271	135.5820
3932.373357	78.272	135.2212
3932.739568	78.273	134.7881
3933.105779	78.264	134.3711
3933.471990	78.258	134.0024
3933.838201	78.256	133.6060
3934.204412	78.246	133.1948
3934.570623	78.234	132.8608
3934.936834	78.235	132.5815
3935.303044	78.250	132.2275
3935.669255	78.259	131.7666
3936.035466	78.255	131.3257
3936.401677	78.254	130.9424
3936.767888	78.260	130.5020
3937.134099	78.252	130.0239
3937.500310	78.238	129.6421
3937.866521	78.236	129.3125
3938.232732	78.240	128.9155
3938.598943	78.235	128.5010
3938.965154	78.229	128.1470
3939.331365	78.232	127.8081
3939.697576	78.242	127.4053
3940.063787	78.243	126.9395
3940.429998	78.231	126.5015
3940.796209	78.219	126.1631
3941.162420	78.222	125.8555
3941.528631	78.234	125.4526
3941.894842	78.232	124.9692
3942.261053	78.214	124.5713
3942.627264	78.209	124.2988
3942.993475	78.225	123.9609
3943.359686	78.234	123.4756
3943.725897	78.223	123.0303
3944.092108	78.221	122.6777
3944.458319	78.230	122.2397
3944.824530	78.221	121.7290
3945.190741	78.199	121.3394
3945.556952	78.192	121.0513
3945.923163	78.200	120.6934
3946.289373	78.200	120.2568
3946.655584	78.191	119.8584
3947.021795	78.187	119.5137
3947.388006	78.189	119.1465
3947.754217	78.189	118.7554
3948.120428	78.189	118.3794
3948.486639	78.192	117.9712
3948.852850	78.187	117.5342
3949.219061	78.178	117.1611
3949.585272	78.179	116.8037
3949.951483	78.178	116.3760
3950.317694	78.168	115.9795
3950.683905	78.164	115.6465
3951.050116	78.168	115.2573
3951.416327	78.164	114.8398
3951.782538	78.160	114.4702
3952.148749	78.162	114.0806
3952.514960	78.160	113.6611
3952.881171	78.156	113.2671
3953.247382	78.155	112.8706
3953.613593	78.153	112.4712
3953.979804	78.153	112.0732
3954.346015	78.152	111.6396
3954.712226	78.145	111.2417
3955.078437	78.148	110.8887
3955.444648	78.157	110.4253
3955.810859	78.143	109.9287
3956.177070	78.125	109.6079
3956.543281	78.134	109.3110
3956.909492	78.145	108.8477
3957.275703	78.133	108.3877
3957.641913	78.125	108.0381
3958.008124	78.126	107.6606
3958.374335	78.120	107.2646
3958.740546	78.117	106.9360
3959.106757	78.126	106.5669
3959.472968	78.127	106.1157
3959.839179	78.119	105.7202
3960.205390	78.121	105.3540
3960.571601	78.121	104.9131
3960.937812	78.109	104.5078
3961.304023	78.105	104.1934
3961.670234	78.113	103.8193
3962.036445	78.115	103.3828
3962.402656	78.113	102.9707
3962.768867	78.113	102.5352
3963.135078	78.103	102.1069
3963.501289	78.095	101.7471
3963.867500	78.096	101.3647
3964.233711	78.091	100.9741
3964.599922	78.093	100.6279
3964.966133	78.103	100.1753
3965.332344	78.088	99.6792
3965.698555	78.069	99.3779
3966.064766	78.081	99.0869
3966.430977	78.089	98.6104
3966.797188	78.076	98.1890
3967.163399	78.077	97.8511
3967.529610	78.079	97.3975
3967.895821	78.063	96.9858
3968.262032	78.060	96.6948
3968.628242	78.073	96.2729
3968.994453	78.063	95.7754
3969.360664	78.046	95.4136
3969.726875	78.043	95.0649
3970.093086	78.034	94.6763
3970.459297	78.026	94.3799
3970.825508	78.038	94.0635
3971.191719	78.048	93.5942
3971.557930	78.036	93.1357
3971.924141	78.024	92.7925
3972.290352	78.025	92.4624
3972.656563	78.030	92.0972
3973.022774	78.036	91.6943
3973.388985	78.037	91.2476
3973.755196	78.029	90.8276
3974.121407	78.024	90.4722
3974.487618	78.028	90.0938
3974.853829	78.027	89.6670
3975.220040	78.020	89.2832
3975.586251	78.021	88.9331
3975.952462	78.027	88.5225
3976.318673	78.024	88.0801
3976.684884	78.015	87.6841
3977.051095	78.012	87.3125
3977.417306	78.010	86.9302
3977.783517	78.008	86.5366
3978.149728	78.005	86.1421
3978.515939	78.002	85.7695
3978.882150	78.005	85.3911
3979.248361	78.007	84.9595
3979.614572	78.001	84.5259
3979.980782	77.993	84.1333
3980.346993	77.987	83.7588
3980.713204	77.983	83.4204
3981.079415	77.992	83.0752
3981.445626	78.003	82.6191
3981.811837	77.997	82.1318
3982.178048	77.985	81.7451
3982.544259	77.985	81.3916
3982.910470	77.988	80.9829
3983.276681	77.985	80.5454
3983.642892	77.976	80.1377
3984.009103	77.969	79.7905
3984.375314	77.973	79.4287
3984.741525	77.973	78.9854
3985.107736	77.959	78.5947
3985.473947	77.957	78.2959
3985.840158	77.967	77.8892
3986.206369	77.957	77.4263
3986.572580	77.942	77.1338
3986.938791	77.958	76.8325
3987.305002	77.969	76.3076
3987.671213	77.945	75.8398
3988.037424	77.931	75.5977
3988.403635	77.950	75.2793
3988.769846	77.958	74.7891
3989.136057	77.948	74.3521
3989.502268	77.946	73.9800
3989.868479	77.949	73.5562
3990.234690	77.945	73.1113
3990.600901	77.936	72.6963
3990.967111	77.929	72.3149
3991.333322	77.928	71.9346
3991.699533	77.925	71.5127
3992.065744	77.913	71.1245
3992.431955	77.909	70.8237
3992.798166	77.920	70.4668
3993.164377	77.924	70.0005
3993.530588	77.911	69.5781
3993.896799	77.902	69.2583
3994.263010	77.907	68.9404
3994.629221	77.917	68.5444
3994.995432	77.919	68.1011
3995.361643	77.914	67.6919
3995.727854	77.913	67.3003
3996.094065	77.911	66.8579
3996.460276	77.898	66.4331
3996.826487	77.886	66.0952
3997.192698	77.885	65.7617
3997.558909	77.886	65.3892
3997.925120	77.888	65.0127
3998.291331	77.893	64.5781
3998.657542	77.882	64.0869
3999.023753	77.856	63.7246
3999.389964	77.850	63.5112
3999.756175	77.871	63.1904
4000.122386	77.880	62.7124
4000.488597	77.873	62.2881
4000.854808	77.876	61.9023
4001.221019	77.878	61.4209
4001.587230	77.858	60.9785
4001.953441	77.844	60.7056
4002.319651	77.859	60.4111
4002.685862	77.874	59.9248
4003.052073	77.861	59.4253
4003.418284	77.846	59.0952
4003.784495	77.854	58.7642
4004.150706	77.858	58.2900
4004.516917	77.842	57.8877
4004.883128	77.844	57.5859
4005.249339	77.856	57.1191
4005.615550	77.836	56.6255
4005.981761	77.819	56.3770
4006.347972	77.842	56.0684
4006.714183	77.851	55.4897
4007.080394	77.822	55.0220
4007.446605	77.811	54.7583
4007.812816	77.821	54.3716
4008.179027	77.811	53.9116
4008.545238	77.796	53.6016
4008.911449	77.805	53.3008
4009.277660	77.816	52.8516
4009.643871	77.807	52.3711
4010.010082	77.789	52.0010
4010.376293	77.784	51.7231
4010.742504	77.796	51.3862
4011.108715	77.803	50.9346
4011.474926	77.796	50.5137
4011.841137	77.795	50.1455
4012.207348	77.794	49.7222
4012.573559	77.785	49.3408
4012.939770	77.788	49.0264
4013.305981	77.799	48.5957
4013.672191	77.789	48.1382
4014.038402	77.782	47.8125
4014.404613	77.792	47.4277
4014.770824	77.787	46.9531
4015.137035	77.773	46.6123
4015.503246	77.780	46.2930
4015.869457	77.785	45.8472
4016.235668	77.777	45.4487
4016.601879	77.781	45.0884
4016.968090	77.783	44.6182
4017.334301	77.765	44.2085
4017.700512	77.761	43.9390
4018.066723	77.777	43.5664
4018.432934	77.777	43.0791
4018.799145	77.764	42.6963
4019.165356	77.767	42.3569
4019.531567	77.771	41.9204
4019.897778	77.761	41.5098
4020.263989	77.758	41.1836
4020.630200	77.768	40.7817
4020.996411	77.763	40.3052
4021.362622	77.746	39.9253
4021.728833	77.742	39.6270
4022.095044	77.751	39.2588
4022.461255	77.751	38.8193
4022.827466	77.742	38.4131
4023.193677	77.736	38.0635
4023.559888	77.736	37.7212
4023.926099	77.741	37.3516
4024.292310	77.746	36.9380
4024.658520	77.745	36.4951
4025.024731	77.738	36.0879
4025.390942	77.735	35.7188
4025.757153	77.737	35.3184
4026.123364	77.734	34.9053
4026.489575	77.732	34.5103
4026.855786	77.730	34.0928
4027.221997	77.722	33.6885
4027.588208	77.718	33.3340
4027.954419	77.718	32.9556
4028.320630	77.713	32.5811
4028.686841	77.714	32.2588
4029.053052	77.725	31.8687
4029.419263	77.723	31.4272
4029.785474	77.717	31.0835
4030.151685	77.728	30.7422
4030.517896	77.739	30.2827
4030.884107	77.734	29.8086
4031.250318	77.723	29.3882
4031.616529	77.710	29.0239
4031.982740	77.705	28.7285
4032.348951	77.716	28.3833
4032.715162	77.720	27.9282
4033.081373	77.710	27.5244
4033.447584	77.709	27.1948
4033.813795	77.719	26.7754
4034.180006	77.713	26.2920
4034.546217	77.699	25.8940
4034.912428	77.693	25.5415
4035.278639	77.690	25.1436
4035.644850	77.681	24.7622
4036.011060	77.676	24.4414
4036.377271	77.681	24.1011
4036.743482	77.688	23.6968
4037.109693	77.688	23.2749
4037.475904	77.684	22.9043
4037.842115	77.693	22.5610
4038.208326	77.711	22.0933
4038.574537	77.705	21.5176
4038.940748	77.675	21.1069
4039.306959	77.666	20.8696
4039.673170	77.678	20.5410
4040.039381	77.682	20.1333
4040.405592	77.686	19.7686
4040.771803	77.697	19.3335
4041.138014	77.689	18.8501
4041.504225	77.673	18.5005
4041.870436	77.675	18.2056
4042.236647	77.683	17.8198
4042.602858	77.684	17.4062
4042.969069	77.683	17.0142
4043.335280	77.683	16.6064
4043.701491	77.679	16.1870
4044.067702	77.670	15.7812
4044.433913	77.659	15.4199
4044.800124	77.656	15.0928
4045.166335	77.659	14.7188
4045.532546	77.656	14.3047
4045.898757	77.649	13.9365
4046.264968	77.650	13.5723
4046.631179	77.649	13.1543
4046.997389	77.640	12.7705
4047.363600	77.640	12.4277
4047.729811	77.645	12.0166
4048.096022	77.638	11.5928
4048.462233	77.634	11.2417
4048.828444	77.641	10.8433
4049.194655	77.636	10.3813
4049.560866	77.622	10.0205
4049.927077	77.626	9.7080
4050.293288	77.634	9.2832
4050.659499	77.627	8.8452
4051.025710	77.621	8.4995
4051.391921	77.625	8.1392
4051.758132	77.626	7.7407
4052.124343	77.627	7.3765
4052.490554	77.636	6.9712
4052.856765	77.633	6.4971
4053.222976	77.619	6.1074
4053.589187	77.617	5.7979
4053.955398	77.624	5.4082
4054.321609	77.619	4.9946
4054.687820	77.618	4.6470
4055.054031	77.625	4.2412
4055.420242	77.619	3.7871
4055.786453	77.609	3.4346
4056.152664	77.615	3.0654
4056.518875	77.611	2.5771
4056.885086	77.587	2.1982
4057.251297	77.583	1.9692
4057.617508	77.604	1.6001
4057.983719	77.604	1.0723
4058.349929	77.581	0.6626
4058.716140	77.574	0.3989
4059.082351	77.587	0.0708
4059.448562	77.596	-0.3740
4059.814773	77.594	-0.8320
4060.180984	77.586	-1.2573
4060.547195	77.577	-1.6353
4060.913406	77.575	-1.9771
4061.279617	77.580	-2.3735
4061.645828	77.575	-2.8105
4062.012039	77.564	-3.1597
4062.378250	77.569	-3.4839
4062.744461	77.574	-3.8970
4063.110672	77.568	-4.2915
4063.476883	77.570	-4.6401
4063.843094	77.575	-5.0610
4064.209305	77.566	-5.4707
4064.575516	77.563	-5.7915
4064.941727	77.572	-6.1753
4065.307938	77.570	-6.6299
4065.674149	77.559	-7.0122
4066.040360	77.556	-7.3555
4066.406571	77.555	-7.7139
4066.772782	77.559	-8.0684
4067.138993	77.566	-8.4907
4067.505204	77.559	-8.9502
4067.871415	77.548	-9.2920
4068.237626	77.558	-9.6328
4068.603837	77.565	-10.1401
4068.970048	77.543	-10.6143
4069.336259	77.528	-10.9150
4069.702469	77.532	-11.2520
4070.068680	77.528	-11.6660
4070.434891	77.521	-11.9971
4070.801102	77.529	-12.3423
4071.167313	77.531	-12.7920
4071.533524	77.519	-13.1626
4071.899735	77.523	-13.4536
4072.265946	77.537	-13.8687
4072.632157	77.534	-14.3408
4072.998368	77.526	-14.7153
4073.364579	77.529	-15.0850
4073.730790	77.529	-15.5132
4074.097001	77.521	-15.9053
4074.463212	77.519	-16.2603
4074.829423	77.522	-16.6626
4075.195634	77.516	-17.0845
4075.561845	77.507	-17.4390
4075.928056	77.511	-17.7852
4076.294267	77.514	-18.2256
4076.660478	77.501	-18.6543
4077.026689	77.490	-18.9551
4077.392900	77.500	-19.2842
4077.759111	77.505	-19.7383
4078.125322	77.493	-20.1504
4078.491533	77.490	-20.4751
4078.857744	77.498	-20.8599
4079.223955	77.497	-21.3052
4079.590166	77.489	-21.7061
4079.956377	77.485	-22.0688
4080.322588	77.483	-22.4497
4080.688798	77.477	-22.8218
4081.055009	77.475	-23.1367
4081.421220	77.487	-23.4775
4081.787431	77.496	-23.9287
4082.153642	77.488	-24.3545
4082.519853	77.487	-24.6743
4082.886064	77.503	-25.0913
4083.252275	77.497	-25.6274
4083.618486	77.470	-25.9946
4083.984697	77.470	-26.2251
4084.350908	77.487	-26.6226
4084.717119	77.480	-27.1021
4085.083330	77.468	-27.4380
4085.449541	77.475	-27.7783
4085.815752	77.476	-28.2393
4086.181963	77.459	-28.6318
4086.548174	77.455	-28.9209
4086.914385	77.466	-29.2837
4087.280596	77.468	-29.7368
4087.646807	77.457	-30.1592
4088.013018	77.448	-30.4946
4088.379229	77.454	-30.8306
4088.745440	77.461	-31.2793
4089.111651	77.448	-31.7334
4089.477862	77.435	-32.0459
4089.844073	77.444	-32.3677
4090.210284	77.450	-32.8125
4090.576495	77.443	-33.2266
4090.942706	77.442	-33.6060
4091.308917	77.436	-34.0229
4091.675128	77.426	-34.3452
4092.041338	77.439	-34.6436
4092.407549	77.454	-35.1519
4092.773760	77.434	-35.6528
4093.139971	77.417	-35.9194
4093.506182	77.432	-36.2437
4093.872393	77.433	-36.7222
4094.238604	77.420	-37.0757
4094.604815	77.430	-37.4058
4094.971026	77.435	-37.8960
4095.337237	77.418	-38.3149
4095.703448	77.415	-38.6304
4096.069659	77.419	-39.0591
4096.435870	77.404	-39.4604
4096.802081	77.400	-39.7275
4097.168292	77.417	-40.0972
4097.534503	77.419	-40.5771
4097.900714	77.409	-40.9990
4098.266925	77.401	-41.3853
4098.633136	77.391	-41.7153
4098.999347	77.397	-41.9946
4099.365558	77.416	-42.4185
4099.731769	77.410	-42.9414
4100.097980	77.389	-43.3037
4100.464191	77.389	-43.5649
4100.830402	77.404	-43.9419
4101.196613	77.406	-44.4058
4101.562824	77.397	-44.8159
4101.929035	77.392	-45.1743
4102.295246	77.391	-45.5571
4102.661457	77.384	-45.9370
4103.027667	77.381	-46.2646
4103.393878	77.389	-46.6338
4103.760089	77.388	-47.0757
4104.126300	77.378	-47.4609
4104.492511	77.377	-47.8120
4104.858722	77.376	-48.2241
4105.224933	77.366	-48.5991
4105.591144	77.367	-48.9268
4105.957355	77.372	-49.3438
4106.323566	77.362	-49.7642
4106.689777	77.355	-50.0864
4107.055988	77.362	-50.4521
4107.422199	77.361	-50.8784
4107.788410	77.357	-51.2485
4108.154621	77.361	-51.6333
4108.520832	77.360	-52.0703
4108.887043	77.354	-52.4541
4109.253254	77.356	-52.8340
4109.619465	77.355	-53.2686
4109.985676	77.347	-53.6606
4110.351887	77.346	-54.0327
4110.718098	77.344	-54.4609
4111.084309	77.331	-54.8428
4111.450520	77.328	-55.1523
4111.816731	77.334	-55.5127
4112.182942	77.334	-55.9111
4112.549153	77.332	-56.2710
4112.915364	77.337	-56.6353
4113.281575	77.341	-57.0425
4113.647786	77.341	-57.4512
4114.013997	77.342	-57.8506
4114.380207	77.343	-58.2861
4114.746418	77.333	-58.7368
4115.112629	77.316	-59.0933
4115.478840	77.314	-59.3867
4115.845051	77.321	-59.7671
4116.211262	77.315	-60.1763
4116.577473	77.310	-60.4937
4116.943684	77.322	-60.8525
4117.309895	77.324	-61.3188
4117.676106	77.312	-61.7305
4118.042317	77.307	-62.0757
4118.408528	77.306	-62.4551
4118.774739	77.301	-62.8218
4119.140950	77.302	-63.1582
4119.507161	77.309	-63.5439
4119.873372	77.311	-63.9888
4120.239583	77.303	-64.4312
4120.605794	77.291	-64.8154
4120.972005	77.284	-65.1470
4121.338216	77.286	-65.5088
4121.704427	77.283	-65.9092
4122.070638	77.277	-66.2793
4122.436849	77.275	-66.6348
4122.803060	77.274	-67.0044
4123.169271	77.273	-67.3545
4123.535482	77.282	-67.7290
4123.901693	77.287	-68.2065
4124.267904	77.271	-68.6763
4124.634115	77.252	-68.9888
4125.000326	77.257	-69.2612
4125.366536	77.268	-69.6670
4125.732747	77.264	-70.1055
4126.098958	77.259	-70.4629
4126.465169	77.263	-70.8442
4126.831380	77.260	-71.2627
4127.197591	77.255	-71.6152
4127.563802	77.263	-71.9824
4127.930013	77.265	-72.4360
4128.296224	77.254	-72.8350
4128.662435	77.255	-73.1699
4129.028646	77.263	-73.6035
4129.394857	77.250	-74.0752
4129.761068	77.230	-74.3960
4130.127279	77.233	-74.6353
4130.493490	77.251	-74.9927
4130.859701	77.257	-75.4531
4131.225912	77.250	-75.8672
4131.592123	77.248	-76.2158
4131.958334	77.257	-76.6030
4132.324545	77.260	-77.0771
4132.690756	77.246	-77.5493
4133.056967	77.224	-77.8901
4133.423178	77.222	-78.1460
4133.789389	77.236	-78.5142
4134.155600	77.234	-78.9858
4134.521811	77.217	-79.3540
4134.888022	77.217	-79.6436
4135.254233	77.226	-80.0454
4135.620444	77.217	-80.4805
4135.986655	77.207	-80.7881
4136.352866	77.219	-81.1147
4136.719076	77.227	-81.5996
4137.085287	77.210	-82.0459
4137.451498	77.201	-82.3394
4137.817709	77.213	-82.6992
4138.183920	77.212	-83.1929
4138.550131	77.192	-83.5747
4138.916342	77.193	-83.8428
4139.282553	77.210	-84.2637
4139.648764	77.201	-84.7900
4140.014975	77.175	-85.1416
4140.381186	77.175	-85.3804
4140.747397	77.190	-85.7549
4141.113608	77.188	-86.2036
4141.479819	77.182	-86.5503
4141.846030	77.192	-86.9053
4142.212241	77.198	-87.3926
4142.578452	77.181	-87.8462
4142.944663	77.167	-88.1484
4143.310874	77.172	-88.4546
4143.677085	77.178	-88.8481
4144.043296	77.177	-89.2378
4144.409507	77.179	-89.6138
4144.775718	77.181	-90.0269
4145.141929	77.174	-90.4390
4145.508140	77.167	-90.7837
4145.874351	77.171	-91.1045
4146.240562	77.183	-91.5273
4146.606773	77.178	-92.0308
4146.972984	77.155	-92.4180
4147.339195	77.148	-92.6831
4147.705406	77.157	-93.0161
4148.071616	77.160	-93.4272
4148.437827	77.156	-93.8169
4148.804038	77.154	-94.1909
4149.170249	77.153	-94.5576
4149.536460	77.156	-94.9478
4149.902671	77.151	-95.3804
4150.268882	77.137	-95.7153
4150.635093	77.146	-95.9844
4151.001304	77.167	-96.4551
4151.367515	77.152	-97.0122
4151.733726	77.122	-97.3105
4152.099937	77.129	-97.5176
4152.466148	77.149	-97.9351
4152.832359	77.144	-98.3926
4153.198570	77.142	-98.7388
4153.564781	77.153	-99.1748
4153.930992	77.140	-99.6890
4154.297203	77.115	-100.0205
4154.663414	77.117	-100.2510
4155.029625	77.133	-100.6431
4155.395836	77.130	-101.1128
4155.762047	77.120	-101.4858
4156.128258	77.120	-101.8472
4156.494469	77.116	-102.2515
4156.860680	77.107	-102.6084
4157.226891	77.107	-102.9302
4157.593102	77.112	-103.2939
4157.959313	77.113	-103.6968
4158.325524	77.109	-104.0928
4158.691735	77.104	-104.4390
4159.057945	77.110	-104.7856
4159.424156	77.115	-105.2271
4159.790367	77.102	-105.6631
4160.156578	77.091	-105.9688
4160.522789	77.098	-106.2812
4160.889000	77.104	-106.7046
4161.255211	77.097	-107.1118
4161.621422	77.094	-107.4653
4161.987633	77.094	-107.8398
4162.353844	77.094	-108.2217
4162.720055	77.095	-108.6191
4163.086266	77.091	-109.0522
4163.452477	77.079	-109.4341
4163.818688	77.074	-109.7559
4164.184899	77.078	-110.1123
4164.551110	77.081	-110.5088
4164.917321	77.082	-110.9355
4165.283532	77.073	-111.3745
4165.649743	77.059	-111.7246
4166.015954	77.062	-112.0381
4166.382165	77.068	-112.4683
4166.748376	77.055	-112.8989
4167.114587	77.046	-113.1973
4167.480798	77.057	-113.5278
4167.847009	77.063	-113.9766
4168.213220	77.055	-114.4009
4168.579431	77.049	-114.7646
4168.945642	77.048	-115.1328
4169.311853	77.047	-115.5195
4169.678064	77.044	-115.9185
4170.044275	77.035	-116.2856
4170.410485	77.032	-116.5977
4170.776696	77.040	-116.9453
4171.142907	77.044	-117.3516
4171.509118	77.042	-117.7280
4171.875329	77.047	-118.0952
4172.241540	77.051	-118.5288
4172.607751	77.042	-118.9521
4172.973962	77.034	-119.2944
4173.340173	77.037	-119.6353
4173.706384	77.040	-120.0215
4174.072595	77.040	-120.4165
4174.438806	77.040	-120.8213
4174.805017	77.035	-121.2324
4175.171228	77.027	-121.6074
4175.537439	77.025	-121.9590
4175.903650	77.027	-122.3481
4176.269861	77.022	-122.7705
4176.636072	77.009	-123.1284
4177.002283	77.009	-123.3965
4177.368494	77.028	-123.7515
4177.734705	77.036	-124.2612
4178.100916	77.021	-124.7085
4178.467127	77.015	-125.0352
4178.833338	77.021	-125.4248
4179.199549	77.015	-125.8521
4179.565760	77.008	-126.2007
4179.931971	77.010	-126.5435
4180.298182	77.013	-126.9136
4180.664393	77.020	-127.2925
4181.030604	77.024	-127.7358
4181.396814	77.015	-128.1655
4181.763025	77.009	-128.4888
4182.129236	77.019	-128.8530
4182.495447	77.021	-129.3149
4182.861658	77.010	-129.7261
4183.227869	77.005	-130.0850
4183.594080	77.002	-130.4702
4183.960291	76.995	-130.8418
4184.326502	76.992	-131.1865
4184.692713	76.992	-131.5464
4185.058924	76.992	-131.9229
4185.425135	76.991	-132.3184
4185.791346	76.985	-132.6982
4186.157557	76.982	-133.0269
4186.523768	76.990	-133.3916
4186.889979	76.992	-133.8296
4187.256190	76.983	-134.2173
4187.622401	76.984	-134.5444
4187.988612	76.994	-134.9380
4188.354823	76.995	-135.3848
4188.721034	76.989	-135.7866
4189.087245	76.988	-136.1616
4189.453456	76.989	-136.5630
4189.819667	76.985	-136.9585
4190.185878	76.985	-137.3203
4190.552089	76.989	-137.7129
4190.918300	76.987	-138.1450
4191.284511	76.978	-138.5171
4191.650722	76.978	-138.8472
4192.016933	76.981	-139.2344
4192.383144	76.977	-139.6099
4192.749354	76.980	-139.9370
4193.115565	76.990	-140.3506
4193.481776	76.984	-140.8076
4193.847987	76.971	-141.1475
4194.214198	76.974	-141.4512
4194.580409	76.981	-141.8374
4194.946620	76.981	-142.2397
4195.312831	76.981	-142.6323
4195.679042	76.978	-143.0615
4196.045253	76.964	-143.4663
4196.411464	76.950	-143.7627
4196.777675	76.954	-144.0117
4197.143886	76.972	-144.3477
4197.510097	76.986	-144.7944
4197.876308	76.988	-145.2764
4198.242519	76.979	-145.7363
4198.608730	76.965	-146.1206
4198.974941	76.960	-146.4321
4199.341152	76.968	-146.8027
4199.707363	76.967	-147.2480
4200.073574	76.956	-147.6128
4200.439785	76.960	-147.9248
4200.805996	76.970	-148.3438
4201.172207	76.965	-148.7983
4201.538418	76.957	-149.1567
4201.904629	76.960	-149.5161
4202.270840	76.960	-149.9536
4202.637051	76.946	-150.3369
4203.003262	76.942	-150.6177
4203.369473	76.955	-150.9521
4203.735684	76.961	-151.3940
4204.101894	76.955	-151.8125
4204.468105	76.950	-152.1646
4204.834316	76.952	-152.5190
4205.200527	76.956	-152.8955
4205.566738	76.962	-153.3174
4205.932949	76.956	-153.7773
4206.299160	76.940	-154.1543
4206.665371	76.936	-154.4385
4207.031582	76.945	-154.7871
4207.397793	76.948	-155.2021
4207.764004	76.947	-155.5811
4208.130215	76.953	-155.9888
4208.496426	76.947	-156.4463
4208.862637	76.932	-156.8042
4209.228848	76.933	-157.0830
4209.595059	76.947	-157.4658
4209.961270	76.948	-157.9268
4210.327481	76.939	-158.3330
4210.693692	76.934	-158.6870
4211.059903	76.933	-159.0259
4211.426114	76.939	-159.3848
4211.792325	76.943	-159.8145
4212.158536	76.932	-160.2275
4212.524747	76.923	-160.5171
4212.890958	76.936	-160.8145
4213.257169	76.950	-161.2593
4213.623380	76.942	-161.7241
4213.989591	76.930	-162.0693
4214.355802	76.933	-162.3931
4214.722013	76.935	-162.8066
4215.088223	76.923	-163.1973
4215.454434	76.917	-163.4688
4215.820645	76.933	-163.7896
4216.186856	76.940	-164.2642
4216.553067	76.925	-164.6870
4216.919278	76.920	-164.9824
4217.285489	76.930	-165.3545
4217.651700	76.927	-165.8110
4218.017911	76.915	-166.1792
4218.384122	76.915	-166.5068
4218.750333	76.919	-166.9038
4219.116544	76.914	-167.3057
4219.482755	76.910	-167.6650
4219.848966	76.912	-168.0361
4220.215177	76.914	-168.4390
4220.581388	76.912	-168.8413
4220.947599	76.910	-169.2344
4221.313810	76.907	-169.6343
4221.680021	76.902	-170.0210
4222.046232	76.899	-170.3638
4222.412443	76.905	-170.7207
4222.778654	76.910	-171.1499
4223.144865	76.904	-171.5640
4223.511076	76.902	-171.9072
4223.877287	76.910	-172.2866
4224.243498	76.911	-172.7427
4224.609709	76.898	-173.1519
4224.975920	76.890	-173.4653
4225.342131	76.896	-173.7900
4225.708342	76.901	-174.1875
4226.074553	76.896	-174.5703
4226.440763	76.895	-174.8853
4226.806974	76.907	-175.2480
4227.173185	76.910	-175.7095
4227.539396	76.896	-176.1006
4227.905607	76.894	-176.3750
4228.271818	76.911	-176.7344
4228.638029	76.915	-177.2197
4229.004240	76.901	-177.6357
4229.370451	76.896	-177.9580
4229.736662	76.900	-178.3301
4230.102873	76.898	-178.7456
4230.469084	76.891	-179.1108
4230.835295	76.892	-179.4668
4231.201506	76.891	-179.8691
4231.567717	76.883	179.7500
4231.933928	76.880	179.4243
4232.300139	76.886	179.0684
4232.666350	76.890	178.6626
4233.032561	76.890	178.2617
4233.398772	76.890	177.8442
4233.764983	76.882	177.4097
4234.131194	76.869	177.0483
4234.497405	76.865	176.7417
4234.863616	76.869	176.3960
4235.229827	76.871	176.0225
4235.596038	76.873	175.6475
4235.962249	76.875	175.2563
4236.328460	76.874	174.8696
4236.694671	76.874	174.4800
4237.060882	76.870	174.0869
4237.427092	76.865	173.7534
4237.793303	76.873	173.4253
4238.159514	76.885	172.9814
4238.525725	76.877	172.5015
4238.891936	76.861	172.1240
4239.258147	76.853	171.8267
4239.624358	76.859	171.5278
4239.990569	76.872	171.1382
4240.356780	76.873	170.6445
4240.722991	76.852	170.2349
4241.089202	76.841	169.9854
4241.455413	76.853	169.6865
4241.821624	76.858	169.2905
4242.187835	76.859	168.9453
4242.554046	76.871	168.5776
4242.920257	76.875	168.1216
4243.286468	76.868	167.7383
4243.652679	76.876	167.3799
4244.018890	76.879	166.9023
4244.385101	76.862	166.4971
4244.751312	76.862	166.2266
4245.117523	76.879	165.8115
4245.483734	76.871	165.2900
4245.849945	76.847	164.9482
4246.216156	76.847	164.7007
4246.582367	76.860	164.3403
4246.948578	76.862	163.9209
4247.314789	76.859	163.5312
4247.681000	76.858	163.1621
4248.047211	76.859	162.7847
4248.413422	76.859	162.3867
4248.779632	76.854	162.0088
4249.145843	76.854	161.6455
4249.512054	76.851	161.2500
4249.878265	76.842	160.9097
4250.244476	76.848	160.6348
4250.610687	76.868	160.2144
4250.976898	76.863	159.6826
4251.343109	76.840	159.3154
4251.709320	76.838	159.0425
4252.075531	76.843	158.6641
4252.441742	76.837	158.3081
4252.807953	76.844	158.0215
4253.174164	76.865	157.5879
4253.540375	76.860	157.0518
4253.906586	76.837	156.6621
4254.272797	76.830	156.3848
4254.639008	76.836	156.0630
4255.005219	76.843	155.6885
4255.371430	76.848	155.2710
4255.737641	76.841	154.8516
4256.103852	76.833	154.5234
4256.470063	76.841	154.2109
4256.836274	76.850	153.7944
4257.202485	76.845	153.3677
4257.568696	76.840	153.0239
4257.934907	76.843	152.6831
4258.301118	76.848	152.3032
4258.667329	76.850	151.9165
4259.033540	76.852	151.5132
4259.399751	76.848	151.0977
4259.765961	76.838	150.7300
4260.132172	76.836	150.4160
4260.498383	76.843	150.0562
4260.864594	76.841	149.6177
4261.230805	76.825	149.2554
4261.597016	76.822	149.0098
4261.963227	76.838	148.6797
4262.329438	76.845	148.2344
4262.695649	76.841	147.8423
4263.061860	76.845	147.4546
4263.428071	76.841	147.0010
4263.794282	76.827	146.6348
4264.160493	76.829	146.3340
4264.526704	76.838	145.9243
4264.892915	76.832	145.4990
4265.259126	76.829	145.1597
4265.625337	76.837	144.7700
4265.991548	76.836	144.3291
4266.357759	76.831	143.9473
4266.723970	76.832	143.5508
4267.090181	76.823	143.1377
4267.456392	76.814	142.8291
4267.822603	76.824	142.5142
4268.188814	76.829	142.0923
4268.555025	76.822	141.7310
4268.921236	76.830	141.4307
4269.287447	76.845	141.0054
4269.653658	76.842	140.5298
4270.019869	76.831	140.1372
4270.386080	76.823	139.7778
4270.752291	76.814	139.4634
4271.118501	76.817	139.1924
4271.484712	76.831	138.8257
4271.850923	76.831	138.3945
4272.217134	76.827	138.0239
4272.583345	76.827	137.6372
4272.949556	76.817	137.2393
4273.315767	76.809	136.9619
4273.681978	76.826	136.6533
4274.048189	76.836	136.1602
4274.414400	76.821	135.7124
4274.780611	76.815	135.3936
4275.146822	76.819	134.9878
4275.513033	76.806	134.5737
4275.879244	76.801	134.2915
4276.245455	76.815	133.9028
4276.611666	76.805	133.4121
4276.977877	76.784	133.1436
4277.344088	76.804	132.9170
4277.710299	76.828	132.4155
4278.076510	76.815	131.9062
4278.442721	76.805	131.5703
4278.808932	76.807	131.1826
4279.175143	76.796	130.7930
4279.541354	76.794	130.5239
4279.907565	76.810	130.1606
4280.273776	76.809	129.7002
4280.639987	76.799	129.3682
4281.006198	76.810	129.0474
4281.372409	76.818	128.5952
4281.738620	76.808	128.1821
4282.104831	76.804	127.8501
4282.471041	76.806	127.4751
4282.837252	76.801	127.1069
4283.203463	76.801	126.7954
4283.569674	76.811	126.4341
4283.935885	76.813	126.0083
4284.302096	76.807	125.6230
4284.668307	76.806	125.2822
4285.034518	76.810	124.9028
4285.400729	76.806	124.5010
4285.766940	76.800	124.1562
4286.133151	76.803	123.8271
4286.499362	76.808	123.4272
4286.865573	76.802	123.0244
4287.231784	76.796	122.6973
4287.597995	76.800	122.3657
4287.964206	76.802	121.9780
4288.330417	76.798	121.6108
4288.696628	76.799	121.2920
4289.062839	76.810	120.9390
4289.429050	76.819	120.4961
4289.795261	76.812	120.0332
4290.161472	76.798	119.6621
4290.527683	76.796	119.3599
4290.893894	76.806	118.9897
4291.260105	76.806	118.5342
4291.626316	76.791	118.1460
4291.992527	76.786	117.8853
4292.358738	76.805	117.5688
4292.724949	76.820	117.0757
4293.091160	76.807	116.5991
4293.457370	76.797	116.2808
4293.823581	76.808	115.9395
4294.189792	76.813	115.4741
4294.556003	76.802	115.0464
4294.922214	76.794	114.7139
4295.288425	76.795	114.3818
4295.654636	76.800	114.0239
4296.020847	76.806	113.6318
4296.387058	76.806	113.2007
4296.753269	76.795	112.8218
4297.119480	76.792	112.5161
4297.485691	76.800	112.1641
4297.851902	76.800	111.7559
4298.218113	76.794	111.3911
4298.584324	76.792	111.0605
4298.950535	76.793	110.7148
4299.316746	76.795	110.3657
4299.682957	76.799	109.9971
4300.049168	76.798	109.6172
4300.415379	76.798	109.2637
4300.781590	76.802	108.8818
4301.147801	76.798	108.4854
4301.514012	76.795	108.1660
4301.880223	76.808	107.8032
4302.246434	76.811	107.3037
4302.612645	76.791	106.8828
4302.978856	76.780	106.6055
4303.345067	76.784	106.2915
4303.711278	76.786	105.9536
4304.077489	76.796	105.6309
4304.443700	76.810	105.2119
4304.809910	76.809	104.7612
4305.176121	76.806	104.3770
4305.542332	76.806	103.9604
4305.908543	76.793	103.5654
4306.274754	76.786	103.3193
4306.640965	76.808	103.0151
4307.007176	76.821	102.5049
4307.373387	76.804	102.0479
4307.739598	76.793	101.7622
4308.105809	76.802	101.4380
4308.472020	76.803	101.0342
4308.838231	76.799	100.6875
4309.204442	76.805	100.3491
4309.570653	76.810	99.9219
4309.936864	76.798	99.5220
4310.303075	76.791	99.2476
4310.669286	76.805	98.9512
4311.035497	76.820	98.5039
4311.401708	76.815	98.0322
4311.767919	76.806	97.6533
4312.134130	76.804	97.2866
4312.500341	76.798	96.9028
4312.866552	76.794	96.5718
4313.232763	76.800	96.2310
4313.598974	76.803	95.8159
4313.965185	76.797	95.4287
4314.331396	76.796	95.1084
4314.697607	76.806	94.7500
4315.063818	76.814	94.3071
4315.430029	76.809	93.8408
4315.796239	76.792	93.4629
4316.162450	76.787	93.1953
4316.528661	76.802	92.8584
4316.894872	76.805	92.3906
4317.261083	76.789	92.0322
4317.627294	76.796	91.7974
4317.993505	76.822	91.3755
4318.359716	76.818	90.8130
4318.725927	76.792	90.4492
4319.092138	76.792	90.2085
4319.458349	76.807	89.8203
4319.824560	76.802	89.3672
4320.190771	76.790	89.0103
4320.556982	76.785	88.7124
4320.923193	76.790	88.4155
4321.289404	76.803	88.0591
4321.655615	76.809	87.6255
4322.021826	76.804	87.2324
4322.388037	76.806	86.8853
4322.754248	76.811	86.4702
4323.120459	76.803	86.0596
4323.486670	76.797	85.7339
4323.852881	76.800	85.4067
4324.219092	76.805	85.0576
4324.585303	76.814	84.6821
4324.951514	76.818	84.2241
4325.317725	76.803	83.8022
4325.683936	76.792	83.5293
4326.050147	76.802	83.2524
4326.416358	76.815	82.8594
4326.782569	76.816	82.4502
4327.148779	76.817	82.0713
4327.514990	76.818	81.6758
4327.881201	76.812	81.2900
4328.247412	76.809	80.9639
4328.613623	76.817	80.6294
4328.979834	76.825	80.1978
4329.346045	76.814	79.7666
4329.712256	76.804	79.4648
4330.078467	76.813	79.1626
4330.444678	76.821	78.7285
4330.810889	76.809	78.3208
4331.177100	76.804	78.0439
4331.543311	76.817	77.7241
4331.909522	76.823	77.2993
4332.275733	76.819	76.9170
4332.641944	76.824	76.5728
4333.008155	76.830	76.1558
4333.374366	76.824	75.7344
4333.740577	76.818	75.3804
4334.106788	76.819	75.0215
4334.472999	76.817	74.6528
4334.839210	76.817	74.3086
4335.205421	76.822	73.9155
4335.571632	76.818	73.4946
4335.937843	76.811	73.1479
4336.304054	76.817	72.7983
4336.670265	76.819	72.3472
4337.036476	76.802	71.9448
4337.402687	76.792	71.7041
4337.768898	76.811	71.4336
4338.135109	76.831	70.9751
4338.501319	76.828	70.4717
4338.867530	76.817	70.0684
4339.233741	76.812	69.7002
4339.599952	76.805	69.3394
4339.966163	76.804	69.0415
4340.332374	76.818	68.7070
4340.698585	76.827	68.2485
4341.064796	76.818	67.8291
4341.431007	76.816	67.5273
4341.797218	76.830	67.1631
4342.163429	76.833	66.7051
4342.529640	76.823	66.3315
4342.895851	76.828	66.0264
4343.262062	76.843	65.6143
4343.628273	76.840	65.1284
4343.994484	76.822	64.7583
4344.360695	76.820	64.4917
4344.726906	76.833	64.1499
4345.093117	76.838	63.7251
4345.459328	76.836	63.3301
4345.825539	76.837	62.9277
4346.191750	76.829	62.4946
4346.557961	76.812	62.1660
4346.924172	76.815	61.9097
4347.290383	76.829	61.5283
4347.656594	76.827	61.0747
4348.022805	76.817	60.7241
4348.389016	76.822	60.4092
4348.755227	76.832	60.0010
4349.121438	76.831	59.5591
4349.487648	76.827	59.1636
4349.853859	76.828	58.7749
4350.220070	76.828	58.3423
4350.586281	76.819	57.9170
4350.952492	76.807	57.5654
4351.318703	76.804	57.2554
4351.684914	76.809	56.9316
4352.051125	76.818	56.5728
4352.417336	76.825	56.1592
4352.783547	76.821	55.7544
4353.149758	76.819	55.4404
4353.515969	76.833	55.1167
4353.882180	76.848	54.6763
4354.248391	76.847	54.2168
4354.614602	76.843	53.8096
4354.980813	76.840	53.4185
4355.347024	76.836	53.0522
4355.713235	76.837	52.6899
4356.079446	76.836	52.2939
4356.445657	76.829	51.9263
4356.811868	76.826	51.6035
4357.178079	76.829	51.2734
4357.544290	76.836	50.9365
4357.910501	76.849	50.5483
4358.276712	76.853	50.0825
4358.642923	76.844	49.6626
4359.009134	76.841	49.3091
4359.375345	76.841	48.9233
4359.741556	76.836	48.5532
4360.107767	76.838	48.2295
4360.473978	76.847	47.8496
4360.840188	76.849	47.4238
4361.206399	76.846	47.0347
4361.572610	76.845	46.6641
4361.938821	76.844	46.2891
4362.305032	76.842	45.9341
4362.671243	76.844	45.6079
4363.037454	76.854	45.2593
4363.403665	76.861	44.8296
4363.769876	76.853	44.4272
4364.136087	76.852	44.1382
4364.502298	76.868	43.7749
4364.868509	76.870	43.2949
4365.234720	76.856	42.9316
4365.600931	76.862	42.6245
4365.967142	76.867	42.1909
4366.333353	76.854	41.8086
4366.699564	76.854	41.5366
4367.065775	76.867	41.1558
4367.431986	76.864	40.7266
4367.798197	76.862	40.3931
4368.164408	76.872	40.0039
4368.530619	76.867	39.5400
4368.896830	76.853	39.1934
4369.263041	76.856	38.9150
4369.629252	76.872	38.5288
4369.995463	76.875	38.0615
4370.361674	76.867	37.6348
4370.727885	76.860	37.2695
4371.094096	76.858	36.9072
4371.460307	76.854	36.5391
4371.826517	76.851	36.2153
4372.192728	76.859	35.8926
4372.558939	76.868	35.5005
4372.925150	76.869	35.1147
4373.291361	76.876	34.7612
4373.657572	76.885	34.3457
4374.023783	76.884	33.9165
4374.389994	76.883	33.5562
4374.756205	76.892	33.1538
4375.122416	76.888	32.6929
4375.488627	76.874	32.3403
4375.854838	76.877	32.0596
4376.221049	76.891	31.6665
4376.587260	76.889	31.2153
4376.953471	76.880	30.8613
4377.319682	76.885	30.5273
4377.685893	76.888	30.1069
4378.052104	76.876	29.7329
4378.418315	76.875	29.4868
4378.784526	76.900	29.1611
4379.150737	76.915	28.6411
4379.516948	76.902	28.1416
4379.883159	76.886	27.8057
4380.249370	76.888	27.5010
4380.615581	76.894	27.1235
4380.981792	76.893	26.7349
4381.348003	76.894	26.3799
4381.714214	76.901	26.0029
4382.080425	76.904	25.5684
4382.446636	76.894	25.1621
4382.812847	76.888	24.8564
4383.179057	76.900	24.5303
4383.545268	76.909	24.0786
4383.911479	76.898	23.6460
4384.277690	76.889	23.3447
4384.643901	76.897	23.0391
4385.010112	76.907	22.6533
4385.376323	76.911	22.2573
4385.742534	76.915	21.8364
4386.108745	76.908	21.4028
4386.474956	76.896	21.0752
4386.841167	76.901	20.8037
4387.207378	76.916	20.4268
4387.573589	76.920	19.9746
4387.939800	76.913	19.5654
4388.306011	76.907	19.2158
4388.672222	76.908	18.8911
4389.038433	76.916	18.5278
4389.404644	76.918	18.1084
4389.770855	76.911	17.7378
4390.137066	76.913	17.4316
4390.503277	76.926	17.0537
4390.869488	76.928	16.6108
4391.235699	76.921	16.2520
4391.601910	76.929	15.9385
4391.968121	76.944	15.5132
4392.334332	76.943	15.0347
4392.700543	76.934	14.6538
4393.066754	76.937	14.3003
4393.432965	76.941	13.8677
4393.799176	76.931	13.4517
4394.165386	76.923	13.1274
4394.531597	76.927	12.8120
4394.897808	76.934	12.4473
4395.264019	76.937	12.0605
4395.630230	76.939	11.6768
4395.996441	76.941	11.2881
4396.362652	76.939	10.8857
4396.728863	76.931	10.5234
4397.095074	76.930	10.2324
4397.461285	76.941	9.9048
4397.827496	76.949	9.4951
4398.193707	76.947	9.1099
4398.559918	76.950	8.7559
4398.926129	76.953	8.3696
4399.292340	76.953	7.9922
4399.658551	76.956	7.6406
4400.024762	76.963	7.2524
4400.390973	76.966	6.8296
4400.757184	76.963	6.4146
4401.123395	76.957	6.0269
4401.489606	76.952	5.6797
4401.855817	76.953	5.3511
4402.222028	76.961	4.9922
4402.588239	76.967	4.5835
4402.954450	76.966	4.1758
4403.320661	76.965	3.8218
4403.686872	76.974	3.4482
4404.053083	76.979	2.9951
4404.419294	76.969	2.5830
4404.785505	76.967	2.2642
4405.151716	76.978	1.8916
4405.517926	76.981	1.4346
4405.884137	76.971	1.0312
4406.250348	76.967	0.7114
4406.616559	76.975	0.3833
4406.982770	76.986	-0.0254
4407.348981	76.985	-0.4902
4407.715192	76.971	-0.8730
4408.081403	76.968	-1.1348
4408.447614	76.986	-1.4595
4408.813825	76.997	-1.9238
4409.180036	76.991	-2.3638
4409.546247	76.987	-2.7295
4409.912458	76.985	-3.1094
4410.278669	76.979	-3.4600
4410.644880	76.982	-3.7544
4411.011091	76.998	-4.1299
4411.377302	77.000	-4.5942
4411.743513	76.988	-4.9756
4412.109724	76.988	-5.2681
4412.475935	77.000	-5.6143
4412.842146	77.009	-6.0342
4413.208357	77.009	-6.4561
4413.574568	77.007	-6.8574
4413.940779	77.002	-7.2251
4414.306990	77.003	-7.5522
4414.673201	77.014	-7.9146
4415.039412	77.020	-8.3506
4415.405623	77.015	-8.7681
4415.771834	77.012	-9.1284
4416.138045	77.014	-9.4976
4416.504256	77.014	-9.8711
4416.870466	77.016	-10.2241
4417.236677	77.020	-10.5962
4417.602888	77.022	-10.9619
4417.969099	77.030	-11.3096
4418.335310	77.042	-11.7261
4418.701521	77.042	-12.1812
4419.067732	77.035	-12.5645
4419.433943	77.037	-12.9219
4419.800154	77.038	-13.3057
4420.166365	77.037	-13.6621
4420.532576	77.044	-14.0171
4420.898787	77.049	-14.4175
4421.264998	77.049	-14.8105
4421.631209	77.051	-15.1904
4421.997420	77.051	-15.5854
4422.363631	77.047	-15.9521
4422.729842	77.047	-16.2891
4423.096053	77.051	-16.6484
4423.462264	77.052	-17.0068
4423.828475	77.056	-17.3564
4424.194686	77.061	-17.7432
4424.560897	77.058	-18.1201
4424.927108	77.059	-18.4287
4425.293319	77.074	-18.7812
4425.659530	77.082	-19.2490
4426.025741	77.072	-19.6895
4426.391952	77.062	-20.0181
4426.758163	77.066	-20.3452
4427.124374	77.069	-20.7158
4427.490585	77.072	-21.0825
4427.856795	77.077	-21.4780
4428.223006	77.075	-21.9009
4428.589217	77.069	-22.2651
4428.955428	77.072	-22.6035
4429.321639	77.079	-22.9985
4429.687850	77.080	-23.4150
4430.054061	77.079	-23.8218
4430.420272	77.074	-24.2241
4430.786483	77.069	-24.5825
4431.152694	77.071	-24.9170
4431.518905	77.077	-25.2861
4431.885116	77.081	-25.6646
4432.251327	77.086	-26.0444
4432.617538	77.091	-26.4478
4432.983749	77.091	-26.8296
4433.349960	77.097	-27.1978
4433.716171	77.102	-27.6030
4434.082382	77.102	-27.9922
4434.448593	77.106	-28.3516
4434.814804	77.111	-28.7456
4435.181015	77.110	-29.1230
4435.547226	77.115	-29.4614
4435.913437	77.125	-29.8672
4436.279648	77.121	-30.2925
4436.645859	77.116	-30.6167
4437.012070	77.128	-30.9536
4437.378281	77.135	-31.4072
4437.744492	77.123	-31.8276
4438.110703	77.113	-32.1196
4438.476914	77.121	-32.3999
4438.843125	77.136	-32.7754
4439.209335	77.142	-33.2246
4439.575546	77.135	-33.6465
4439.941757	77.129	-33.9927
4440.307968	77.130	-34.3384
4440.674179	77.130	-34.6958
4441.040390	77.134	-35.0161
4441.406601	77.149	-35.4048
4441.772812	77.150	-35.8809
4442.139023	77.139	-36.2471
4442.505234	77.146	-36.5654
4442.871445	77.153	-37.0151
4443.237656	77.140	-37.4072
4443.603867	77.143	-37.6641
4443.970078	77.165	-38.0742
4444.336289	77.160	-38.5869
4444.702500	77.143	-38.9141
4445.068711	77.153	-39.1948
4445.434922	77.166	-39.6245
4445.801133	77.160	-40.0381
4446.167344	77.162	-40.3730
4446.533555	77.171	-40.7856
4446.899766	77.164	-41.2246
4447.265977	77.153	-41.5166
4447.632188	77.170	-41.7847
4447.998399	77.194	-42.2559
4448.364610	77.186	-42.7915
4448.730821	77.167	-43.1353
4449.097032	77.172	-43.4160
4449.463243	77.182	-43.8232
4449.829454	77.177	-44.2183
4450.195664	77.180	-44.5200
4450.561875	77.196	-44.8911
4450.928086	77.203	-45.3521
4451.294297	77.197	-45.7676
4451.660508	77.194	-46.1104
4452.026719	77.198	-46.4365
4452.392930	77.209	-46.7959
4452.759141	77.217	-47.1938
4453.125352	77.221	-47.5879
4453.491563	77.224	-47.9775
4453.857774	77.223	-48.3652
4454.223985	77.222	-48.6880
4454.590196	77.235	-49.0015
4454.956407	77.252	-49.4541
4455.322618	77.242	-49.9434
4455.688829	77.223	-50.2471
4456.055040	77.230	-50.4575
4456.421251	77.254	-50.8076
4456.787462	77.265	-51.2744
4457.153673	77.263	-51.7158
4457.519884	77.260	-52.1284
4457.886095	77.252	-52.5322
4458.252306	77.243	-52.8867
4458.618517	77.239	-53.2007
4458.984728	77.242	-53.5288
4459.350939	77.247	-53.8765
4459.717150	77.255	-54.2393
4460.083361	77.265	-54.6582
4460.449572	77.264	-55.1250
4460.815783	77.250	-55.5146
4461.181994	77.247	-55.7822
4461.548204	77.267	-56.0972
4461.914415	77.286	-56.5806
4462.280626	77.281	-57.0986
4462.646837	77.265	-57.4941
4463.013048	77.260	-57.7925
4463.379259	77.269	-58.1050
4463.745470	77.283	-58.4995
4464.111681	77.287	-58.9326
4464.477892	77.286	-59.3193
4464.844103	77.291	-59.6875
4465.210314	77.297	-60.0972
4465.576525	77.296	-60.5078
4465.942736	77.293	-60.8804
4466.308947	77.291	-61.2163
4466.675158	77.297	-61.5278
4467.041369	77.313	-61.8965
4467.407580	77.319	-62.3423
4467.773791	77.315	-62.7349
4468.140002	77.320	-63.0781
4468.506213	77.328	-63.4951
4468.872424	77.322	-63.9194
4469.238635	77.316	-64.2520
4469.604846	77.322	-64.5752
4469.971057	77.329	-64.9463
4470.337268	77.334	-65.3213
4470.703479	77.340	-65.6958
4471.069690	77.348	-66.0889
4471.435901	77.353	-66.5112
4471.802112	77.350	-66.9443
4472.168323	77.340	-67.3110
4472.534534	77.339	-67.5864
4472.900744	77.357	-67.8872
4473.266955	77.379	-68.3306
4473.633166	77.380	-68.8560
4473.999377	77.364	-69.2676
4474.365588	77.361	-69.5474
4474.731799	77.378	-69.9185
4475.098010	77.378	-70.4175
4475.464221	77.358	-70.7974
4475.830432	77.356	-71.0366
4476.196643	77.374	-71.3745
4476.562854	77.379	-71.8276
4476.929065	77.370	-72.1948
4477.295276	77.375	-72.4756
4477.661487	77.395	-72.8550
4478.027698	77.402	-73.3408
4478.393909	77.395	-73.7563
4478.760120	77.398	-74.1064
4479.126331	77.407	-74.5396
4479.492542	77.400	-75.0000
4479.858753	77.387	-75.3521
4480.224964	77.387	-75.6362
4480.591175	77.402	-75.9551
4480.957386	77.421	-76.3896
4481.323597	77.422	-76.9033
4481.689808	77.405	-77.2886
4482.056019	77.408	-77.5591
4482.422230	77.426	-77.9658
4482.788441	77.421	-78.4307
4483.154652	77.412	-78.7476
4483.520863	77.423	-79.0547
4483.887073	77.433	-79.4507
4484.253284	77.437	-79.8413
4484.619495	77.441	-80.2510
4484.985706	77.434	-80.6401
4485.351917	77.434	-80.9248
4485.718128	77.452	-81.2637
4486.084339	77.461	-81.7222
4486.450550	77.457	-82.1392
4486.816761	77.455	-82.5210
4487.182972	77.449	-82.9023
4487.549183	77.445	-83.1963
4487.915394	77.460	-83.5093
4488.281605	77.473	-83.9663
4488.647816	77.465	-84.4067
4489.014027	77.459	-84.7222
4489.380238	77.470	-85.0522
4489.746449	77.481	-85.4648
4490.112660	77.485	-85.8857
4490.478871	77.489	-86.2964
4490.845082	77.493	-86.7388
4491.211293	77.487	-87.1851
4491.577504	77.475	-87.5542
4491.943715	77.472	-87.8340
4492.309926	77.489	-88.1348
4492.676137	77.510	-88.5815
4493.042348	77.509	-89.0928
4493.408559	77.495	-89.4731
4493.774770	77.497	-89.7754
4494.140981	77.507	-90.1689
4494.507192	77.503	-90.5601
4494.873403	77.505	-90.8506
4495.239613	77.523	-91.1948
4495.605824	77.534	-91.6440
4495.972035	77.534	-92.0610
4496.338246	77.537	-92.4365
4496.704457	77.542	-92.8491
4497.070668	77.540	-93.2690
4497.436879	77.535	-93.6406
4497.803090	77.535	-93.9800
4498.169301	77.541	-94.3350
4498.535512	77.547	-94.7271
4498.901723	77.547	-95.1421
4499.267934	77.539	-95.5190
4499.634145	77.537	-95.8042
4500.000356	77.555	-96.1089
4500.366567	77.574	-96.5835
4500.732778	77.566	-97.0825
4501.098989	77.553	-97.4072
4501.465200	77.562	-97.7061
4501.831411	77.574	-98.1255
4502.197622	77.572	-98.5312
4502.563833	77.576	-98.8833
4502.930044	77.585	-99.2979
4503.296255	77.582	-99.7314
4503.662466	77.576	-100.0732
4504.028677	77.584	-100.3867
4504.394888	77.599	-100.7930
4504.761099	77.602	-101.2607
4505.127310	77.593	-101.6558
4505.493521	77.594	-101.9800
4505.859732	77.604	-102.3623
4506.225942	77.603	-102.7944
4506.592153	77.597	-103.1548
4506.958364	77.603	-103.4829
4507.324575	77.614	-103.8975
4507.690786	77.612	-104.3423
4508.056997	77.603	-104.6987
4508.423208	77.608	-105.0039
4508.789419	77.624	-105.3726
4509.155630	77.636	-105.8384
4509.521841	77.631	-106.3223
4509.888052	77.617	-106.7036
4510.254263	77.617	-106.9878
4510.620474	77.634	-107.3501
4510.986685	77.641	-107.8418
4511.352896	77.627	-108.2749
4511.719107	77.617	-108.5688
4512.085318	77.626	-108.8613
4512.451529	77.638	-109.2207
4512.817740	77.650	-109.6079
4513.183951	77.660	-110.0459
4513.550162	77.658	-110.5044
4513.916373	77.652	-110.8818
4514.282584	77.657	-111.2549
4514.648795	77.653	-111.7021
4515.015006	77.634	-112.0273
4515.381217	77.642	-112.2085
4515.747428	77.679	-112.5850
4516.113639	77.688	-113.1694
4516.479850	77.668	-113.6104
4516.846061	77.665	-113.9126
4517.212272	77.676	-114.2915
4517.578482	77.680	-114.7202
4517.944693	77.680	-115.1504
4518.310904	77.672	-115.5762
4518.677115	77.662	-115.9067
4519.043326	77.668	-116.1997
4519.409537	77.680	-116.5806
4519.775748	77.686	-116.9834
4520.141959	77.694	-117.3765
4520.508170	77.700	-117.8203
4520.874381	77.695	-118.2539
4521.240592	77.688	-118.6240
4521.606803	77.685	-118.9482
4521.973014	77.693	-119.2412
4522.339225	77.712	-119.6089
4522.705436	77.721	-120.0845
4523.071647	77.714	-120.4888
4523.437858	77.720	-120.8218
4523.804069	77.730	-121.2544
4524.170280	77.722	-121.6948
4524.536491	77.714	-122.0063
4524.902702	77.724	-122.3223
4525.268913	77.734	-122.7251
4525.635124	77.736	-123.1343
4526.001335	77.737	-123.5342
4526.367546	77.735	-123.9194
4526.733757	77.738	-124.2759
4527.099968	77.745	-124.6870
4527.466179	77.739	-125.1235
4527.832390	77.730	-125.4443
4528.198601	77.742	-125.7568
4528.564811	77.752	-126.2026
4528.931022	77.745	-126.6094
4529.297233	77.750	-126.9307
4529.663444	77.763	-127.3696
4530.029655	77.753	-127.8228
4530.395866	77.746	-128.0972
4530.762077	77.769	-128.4199
4531.128288	77.782	-128.9351
4531.494499	77.768	-129.3760
4531.860710	77.767	-129.6685
4532.226921	77.784	-130.0396
4532.593132	77.789	-130.5122
4532.959343	77.783	-130.9209
4533.325554	77.784	-131.2637
4533.691765	77.793	-131.6543
4534.057976	77.795	-132.0928
4534.424187	77.790	-132.4800
4534.790398	77.792	-132.8188
4535.156609	77.801	-133.2075
4535.522820	77.803	-133.6328
4535.889031	77.801	-134.0054
4536.255242	77.809	-134.3691
4536.621453	77.817	-134.8125
4536.987664	77.811	-135.2588
4537.353875	77.803	-135.6133
4537.720086	77.807	-135.9502
4538.086297	77.813	-136.3394
4538.452508	77.815	-136.7290
4538.818719	77.820	-137.1182
4539.184930	77.822	-137.5415
4539.551141	77.816	-137.9243
4539.917351	77.817	-138.2422
4540.283562	77.829	-138.6030
4540.649773	77.837	-139.0283
4541.015984	77.838	-139.4531
4541.382195	77.835	-139.8555
4541.748406	77.832	-140.2056
4542.114617	77.838	-140.5186
4542.480828	77.854	-140.8950
4542.847039	77.864	-141.3438
4543.213250	77.866	-141.7993
4543.579461	77.862	-142.2471
4543.945672	77.851	-142.6445
4544.311883	77.845	-142.9590
4544.678094	77.851	-143.2759
4545.044305	77.861	-143.6470
4545.410516	77.868	-144.0376
4545.776727	77.875	-144.4473
4546.142938	77.876	-144.8525
4546.509149	77.880	-145.2290
4546.875360	77.887	-145.6396
4547.241571	77.887	-146.0654
4547.607782	77.886	-146.4312
4547.973993	77.894	-146.8057
4548.340204	77.899	-147.2305
4548.706415	77.899	-147.6387
4549.072626	77.899	-148.0410
4549.438837	77.892	-148.4058
4549.805048	77.895	-148.6646
4550.171259	77.925	-149.0103
4550.537470	77.943	-149.5664
4550.903681	77.930	-150.0781
4551.269891	77.919	-150.4399
4551.636102	77.917	-150.8052
4552.002313	77.913	-151.1494
4552.368524	77.922	-151.4697
4552.734735	77.933	-151.9053
4553.100946	77.923	-152.3301
4553.467157	77.920	-152.6001
4553.833368	77.942	-152.9448
4554.199579	77.951	-153.4561
4554.565790	77.936	-153.8813
4554.932001	77.934	-154.1738
4555.298212	77.949	-154.5269
4555.664423	77.959	-154.9839
4556.030634	77.955	-155.4507
4556.396845	77.945	-155.8438
4556.763056	77.943	-156.1704
4557.129267	77.951	-156.5405
4557.495478	77.953	-156.9746
4557.861689	77.945	-157.3555
4558.227900	77.947	-157.6699
4558.594111	77.960	-158.0264
4558.960322	77.970	-158.4600
4559.326533	77.972	-158.9023
4559.692744	77.973	-159.3198
4560.058955	77.971	-159.7466
4560.425166	77.962	-160.1348
4560.791377	77.961	-160.4209
4561.157588	77.982	-160.7651
4561.523799	77.993	-161.2651
4561.890010	77.983	-161.6978
4562.256220	77.984	-162.0225
4562.622431	77.995	-162.4443
4562.988642	77.989	-162.8740
4563.354853	77.987	-163.1880
4563.721064	77.999	-163.5532
4564.087275	78.002	-163.9771
4564.453486	78.002	-164.3213
4564.819697	78.015	-164.6768
4565.185908	78.025	-165.1240
4565.552119	78.023	-165.5601
4565.918330	78.020	-165.9341
4566.284541	78.023	-166.2935
4566.650752	78.029	-166.6890
4567.016963	78.028	-167.1006
4567.383174	78.025	-167.4648
4567.749385	78.030	-167.8135
4568.115596	78.036	-168.1987
4568.481807	78.040	-168.5874
4568.848018	78.046	-168.9849
4569.214229	78.050	-169.4150
4569.580440	78.048	-169.8354
4569.946651	78.045	-170.2271
4570.312862	78.044	-170.5928
4570.679073	78.050	-170.9604
4571.045284	78.056	-171.3784
4571.411495	78.054	-171.7866
4571.777706	78.057	-172.1489
4572.143917	78.065	-172.5664
4572.510128	78.061	-172.9878
4572.876339	78.061	-173.2983
4573.242550	78.082	-173.6611
4573.608760	78.093	-174.1772
4573.974971	78.082	-174.6387
4574.341182	78.075	-174.9673
4574.707393	78.081	-175.2993
4575.073604	78.089	-175.6616
4575.439815	78.100	-176.0332
4575.806026	78.111	-176.4614
4576.172237	78.112	-176.9062
4576.538448	78.110	-177.2944
4576.904659	78.113	-177.6904
4577.270870	78.107	-178.1060
4577.637081	78.097	-178.4043
4578.003292	78.112	-178.6562
4578.369503	78.138	-179.1011
4578.735714	78.135	-179.6431
4579.101925	78.115	179.9922
4579.468136	78.116	179.7432
4579.834347	78.136	179.4009
4580.200558	78.151	178.9399
4580.566769	78.151	178.4448
4580.932980	78.140	178.0308
4581.299191	78.140	177.6992
4581.665402	78.152	177.2842
4582.031613	78.147	176.8164
4582.397824	78.137	176.4814
4582.764035	78.148	176.1641
4583.130246	78.160	175.7192
4583.496457	78.157	175.3018
4583.862668	78.163	174.9404
4584.228879	78.171	174.5054
4584.595089	78.167	174.0923
4584.961300	78.172	173.7529
4585.327511	78.187	173.3257
4585.693722	78.186	172.8359
4586.059933	78.174	172.4497
4586.426144	78.174	172.1362
4586.792355	78.183	171.7935
4587.158566	78.194	171.3940
4587.524777	78.198	170.9546
4587.890988	78.194	170.5454
4588.257199	78.192	170.1914
4588.623410	78.196	169.8335
4588.989621	78.201	169.4590
4589.355832	78.206	169.0796
4589.722043	78.210	168.6875
4590.088254	78.212	168.3096
4590.454465	78.218	167.9404
4590.820676	78.227	167.5342
4591.186887	78.231	167.1138
4591.553098	78.233	166.7041
4591.919309	78.235	166.2856
4592.285520	78.233	165.8862
4592.651731	78.235	165.5142
4593.017942	78.241	165.1162
4593.384153	78.241	164.7134
4593.750364	78.244	164.3530
4594.116575	78.255	163.9604
4594.482786	78.259	163.5010
4594.848997	78.252	163.1006
4595.215208	78.256	162.7705
4595.581419	78.270	162.3555
4595.947629	78.268	161.8872
4596.313840	78.259	161.5352
4596.680051	78.270	161.2163
4597.046262	78.285	160.7588
4597.412473	78.277	160.2744
4597.778684	78.263	159.9414
4598.144895	78.270	159.6646
4598.511106	78.289	159.2632
4598.877317	78.290	158.7861
4599.243528	78.280	158.4092
4599.609739	78.284	158.1245
4599.975950	78.305	157.7607
4600.342161	78.320	157.2700
4600.708372	78.316	156.7720
4601.074583	78.306	156.3584
4601.440794	78.303	156.0059
4601.807005	78.307	155.6377
4602.173216	78.312	155.2305
4602.539427	78.312	154.8276
4602.905638	78.313	154.4380
4603.271849	78.314	154.0405
4603.638060	78.313	153.6602
4604.004271	78.317	153.2974
4604.370482	78.323	152.9087
4604.736693	78.327	152.5034
4605.102904	78.330	152.1104
4605.469115	78.334	151.7021
4605.835326	78.334	151.2798
4606.201537	78.329	150.9102
4606.567748	78.334	150.5864
4606.933959	78.349	150.1934
4607.300169	78.354	149.7212
4607.666380	78.347	149.3071
4608.032591	78.348	148.9556
4608.398802	78.354	148.5454
4608.765013	78.348	148.1328
4609.131224	78.346	147.8228
4609.497435	78.363	147.4839
4609.863646	78.375	147.0098
4610.229857	78.368	146.5571
4610.596068	78.365	146.2183
4610.962279	78.376	145.8525
4611.328490	78.383	145.4028
4611.694701	78.379	144.9878
4612.060912	78.380	144.6357
4612.427123	78.389	144.2524
4612.793334	78.394	143.8252
4613.159545	78.394	143.4219
4613.525756	78.398	143.0420
4613.891967	78.405	142.6328
4614.258178	78.406	142.2119
4614.624389	78.406	141.8369
4614.990600	78.415	141.4683
4615.356811	78.424	141.0312
4615.723022	78.421	140.5918
4616.089233	78.419	140.2290
4616.455444	78.427	139.8486
4616.821655	78.428	139.4224
4617.187866	78.424	139.0767
4617.554077	78.438	138.7500
4617.920288	78.453	138.2979
4618.286498	78.451	137.8345
4618.652709	78.449	137.4526
4619.018920	78.453	137.0571
4619.385131	78.454	136.6577
4619.751342	78.459	136.2729
4620.117553	78.464	135.8174
4620.483764	78.453	135.3872
4620.849975	78.448	135.0781
4621.216186	78.462	134.7129
4621.582397	78.464	134.2480
4621.948608	78.456	133.8657
4622.314819	78.461	133.5249
4622.681030	78.467	133.1113
4623.047241	78.465	132.7256
4623.413452	78.472	132.3950
4623.779663	78.490	131.9863
4624.145874	78.499	131.4912
4624.512085	78.495	131.0073
4624.878296	78.485	130.5889
4625.244507	78.479	130.2495
4625.610718	78.487	129.9150
4625.976929	78.497	129.5088
4626.343140	78.501	129.0830
4626.709351	78.504	128.6699
4627.075562	78.502	128.2485
4627.441773	78.496	127.9009
4627.807984	78.507	127.6069
4628.174195	78.530	127.1807
4628.540406	78.532	126.6748
4628.906617	78.524	126.2754
4629.272828	78.528	125.9102
4629.639038	78.530	125.5078
4630.005249	78.531	125.1470
4630.371460	78.543	124.7656
4630.737671	78.550	124.2969
4631.103882	78.543	123.8618
4631.470093	78.540	123.5063
4631.836304	78.546	123.1309
4632.202515	78.550	122.6992
4632.568726	78.545	122.2808
4632.934937	78.541	121.9331
4633.301148	78.549	121.5723
4633.667359	78.554	121.1201
4634.033570	78.544	120.7114
4634.399781	78.542	120.4072
4634.765992	78.555	120.0459
4635.132203	78.561	119.6128
4635.498414	78.561	119.2197
4635.864625	78.566	118.8306
4636.230836	78.568	118.4370
4636.597047	78.574	118.0903
4636.963258	78.593	117.6812
4637.329469	78.602	117.1533
4637.695680	78.591	116.6738
4638.061891	78.583	116.3115
4638.428102	78.586	115.9487
4638.794313	78.588	115.5547
4639.160524	78.591	115.1895
4639.526735	78.603	114.8105
4639.892946	78.613	114.3540
4640.259157	78.612	113.8896
4640.625367	78.607	113.4912
4640.991578	78.608	113.1113
4641.357789	78.610	112.7080
4641.724000	78.608	112.3164
4642.090211	78.608	111.9722
4642.456422	78.618	111.6392
4642.822633	78.636	111.2202
4643.188844	78.639	110.7212
4643.555055	78.627	110.3198
4643.921266	78.630	110.0298
4644.287477	78.650	109.6230
4644.653688	78.651	109.1099
4645.019899	78.637	108.7280
4645.386110	78.640	108.4233
4645.752321	78.650	108.0278
4646.118532	78.649	107.6372
4646.484743	78.656	107.3062
4646.850954	78.672	106.9014
4647.217165	78.678	106.4336
4647.583376	78.676	106.0000
4647.949587	78.675	105.5933
4648.315798	78.674	105.2163
4648.682009	78.681	104.8315
4649.048220	78.684	104.3687
4649.414431	78.670	103.9521
4649.780642	78.665	103.6870
4650.146853	78.685	103.3828
4650.513064	78.706	102.9067
4650.879275	78.705	102.3931
4651.245486	78.694	101.9697
4651.611697	78.689	101.6323
4651.977907	78.699	101.2739
4652.344118	78.705	100.8081
4652.710329	78.692	100.3770
4653.076540	78.685	100.1064
4653.442751	78.705	99.7905
4653.808962	78.718	99.3110
4654.175173	78.712	98.8828
4654.541384	78.717	98.5425
4654.907595	78.730	98.1133
4655.273806	78.729	97.6538
4655.640017	78.728	97.2568
4656.006228	78.731	96.8276
4656.372439	78.723	96.4150
4656.738650	78.722	96.1099
4657.104861	78.740	95.7305
4657.471072	78.745	95.2246
4657.837283	78.731	94.8296
4658.203494	78.736	94.5376
4658.569705	78.755	94.1328
4658.935916	78.759	93.6523
4659.302127	78.754	93.2388
4659.668338	78.756	92.8789
4660.034549	78.765	92.5054
4660.400760	78.776	92.0684
4660.766971	78.776	91.6006
4661.133182	78.770	91.2183
4661.499393	78.777	90.8760
4661.865604	78.789	90.4321
4662.231815	78.784	89.9746
4662.598026	78.779	89.6167
4662.964236	78.785	89.2544
4663.330447	78.789	88.8657
4663.696658	78.797	88.5132
4664.062869	78.817	88.0645
4664.429080	78.816	87.5054
4664.795291	78.794	87.1016
4665.161502	78.795	86.8257
4665.527713	78.812	86.4004
4665.893924	78.807	85.9106
4666.260135	78.797	85.5581
4666.626346	78.805	85.2012
4666.992557	78.807	84.7495
4667.358768	78.795	84.3770
4667.724979	78.798	84.1050
4668.091190	78.819	83.7549
4668.457401	78.835	83.2876
4668.823612	78.836	82.8213
4669.189823	78.834	82.4146
4669.556034	78.837	82.0234
4669.922245	78.840	81.6265
4670.288456	78.845	81.2397
4670.654667	78.852	80.8281
4671.020878	78.853	80.3999
4671.387089	78.852	80.0352
4671.753300	78.864	79.6729
4672.119511	78.875	79.1948
4672.485722	78.865	78.7173
4672.851933	78.853	78.3892
4673.218144	78.863	78.0767
4673.584355	78.874	77.6392
4673.950566	78.869	77.2036
4674.316776	78.867	76.8726
4674.682987	78.883	76.4922
4675.049198	78.889	75.9780
4675.415409	78.871	75.5312
4675.781620	78.864	75.2476
4676.147831	78.880	74.9062
4676.514042	78.888	74.4229
4676.880253	78.880	74.0015
4677.246464	78.881	73.6602
4677.612675	78.890	73.2500
4677.978886	78.890	72.8398
4678.345097	78.898	72.4741
4678.711308	78.911	71.9995
4679.077519	78.900	71.5020
4679.443730	78.885	71.1992
4679.809941	78.901	70.9248
4680.176152	78.923	70.4629
4680.542363	78.923	69.9678
4680.908574	78.919	69.5625
4681.274785	78.919	69.1587
4681.640996	78.916	68.7686
4682.007207	78.919	68.4165
4682.373418	78.926	68.0190
4682.739629	78.927	67.6001
4683.105840	78.927	67.2280
4683.472051	78.932	66.8472
4683.838262	78.936	66.4478
4684.204473	78.940	66.0605
4684.570684	78.946	65.6357
4684.936895	78.943	65.1978
4685.303106	78.939	64.8374
4685.669316	78.950	64.4717
4686.035527	78.960	63.9971
4686.401738	78.954	63.5112
4686.767949	78.945	63.1133
4687.134160	78.943	62.7505
4687.500371	78.947	62.3608
4687.866582	78.949	61.9536
4688.232793	78.949	61.5522
4688.599004	78.950	61.1621
4688.965215	78.952	60.7856
4689.331426	78.959	60.4038
4689.697637	78.966	59.9839
4690.063848	78.967	59.5547
4690.430059	78.966	59.1660
4690.796270	78.971	58.7695
4691.162481	78.969	58.3530
4691.528692	78.965	58.0088
4691.894903	78.976	57.6772
4692.261114	78.989	57.2349
4692.627325	78.985	56.7886
4692.993536	78.982	56.4282
4693.359747	78.989	56.0361
4693.725958	78.987	55.6133
4694.092169	78.985	55.2544
4694.458380	78.994	54.8770
4694.824591	78.998	54.4282
4695.190802	78.993	54.0176
4695.557013	78.995	53.6460
4695.923224	79.001	53.2129
4696.289435	78.995	52.7617
4696.655645	78.988	52.3862
4697.021856	78.993	52.0181
4697.388067	78.996	51.5713
4697.754278	78.985	51.1543
4698.120489	78.982	50.8457
4698.486700	78.996	50.4897
4698.852911	79.004	50.0190
4699.219122	78.999	49.6006
4699.585333	79.003	49.2456
4699.951544	79.014	48.8164
4700.317755	79.015	48.3560
4700.683966	79.013	47.9316
4701.050177	79.008	47.5151
4701.416388	79.001	47.1680
4701.782599	79.011	46.8613
4702.148810	79.029	46.4238
4702.515021	79.026	45.9419
4702.881232	79.021	45.5869
4703.247443	79.033	45.2104
4703.613654	79.036	44.7324
4703.979865	79.026	44.3350
4704.346076	79.029	43.9971
4704.712287	79.034	43.5830
4705.078498	79.029	43.1978
4705.444709	79.033	42.8936
4705.810920	79.052	42.5083
4706.177131	79.061	42.0215
4706.543342	79.056	41.5698
4706.909553	79.052	41.1812
4707.275764	79.054	40.7920
4707.641975	79.055	40.3843
4708.008185	79.053	39.9868
4708.374396	79.054	39.6025
4708.740607	79.056	39.1987
4709.106818	79.053	38.7847
4709.473029	79.046	38.4180
4709.839240	79.048	38.0977
4710.205451	79.061	37.7349
4710.571662	79.071	37.2783
4710.937873	79.065	36.8145
4711.304084	79.056	36.4541
4711.670295	79.062	36.1289
4712.036506	79.074	35.7144
4712.402717	79.076	35.2554
4712.768928	79.072	34.8423
4713.135139	79.072	34.4600
4713.501350	79.077	34.0708
4713.867561	79.082	33.6431
4714.233772	79.080	33.1968
4714.599983	79.073	32.8228
4714.966194	79.079	32.4834
4715.332405	79.090	32.0571
4715.698616	79.089	31.6050
4716.064827	79.085	31.2256
4716.431038	79.092	30.8584
4716.797249	79.101	30.4307
4717.163460	79.103	29.9473
4717.529671	79.089	29.5098
4717.895882	79.079	29.2065
4718.262093	79.091	28.8794
4718.628304	79.096	28.4180
4718.994514	79.083	28.0547
4719.360725	79.093	27.8081
4719.726936	79.121	27.3633
4720.093147	79.117	26.8101
4720.459358	79.101	26.4536
4720.825569	79.110	26.1343
4721.191780	79.118	25.6826
4721.557991	79.112	25.2817
4721.924202	79.119	24.9321
4722.290413	79.130	24.4736
4722.656624	79.125	24.0127
4723.022835	79.123	23.6235
4723.389046	79.125	23.1982
4723.755257	79.119	22.7886
4724.121468	79.122	22.4331
4724.487679	79.131	21.9917
4724.853890	79.123	21.5337
4725.220101	79.117	21.1992
4725.586312	79.130	20.8218
4725.952523	79.131	20.3438
4726.318734	79.121	19.9727
4726.684945	79.130	19.6528
4727.051156	79.144	19.1875
4727.417367	79.135	18.7046
4727.783578	79.123	18.3750
4728.149789	79.131	18.0879
4728.516000	79.149	17.6963
4728.882211	79.156	17.2393
4729.248422	79.156	16.8145
4729.614633	79.159	16.4072
4729.980844	79.159	15.9858
4730.347054	79.156	15.6045
4730.713265	79.162	15.2231
4731.079476	79.164	14.7734
4731.445687	79.152	14.3926
4731.811898	79.157	14.1079
4732.178109	79.177	13.6851
4732.544320	79.172	13.1733
4732.910531	79.156	12.8481
4733.276742	79.173	12.5679
4733.642953	79.195	12.0625
4734.009164	79.184	11.5283
4734.375375	79.170	11.1768
4734.741586	79.177	10.8213
4735.107797	79.180	10.3604
4735.474008	79.171	9.9468
4735.840219	79.168	9.5977
4736.206430	79.172	9.2310
4736.572641	79.180	8.8491
4736.938852	79.191	8.4033
4737.305063	79.187	7.9175
4737.671274	79.176	7.5518
4738.037485	79.187	7.2256
4738.403696	79.201	6.7461
4738.769907	79.193	6.2622
4739.136118	79.189	5.9111
4739.502329	79.201	5.4888
4739.868540	79.195	4.9751
4740.234751	79.174	4.6270
4740.600962	79.181	4.3838
4740.967173	79.206	3.9785
4741.333384	79.211	3.4648
4741.699594	79.203	3.0259
4742.065805	79.199	2.6406
4742.432016	79.197	2.2695
4742.798227	79.199	1.9233
4743.164438	79.209	1.5396
4743.530649	79.215	1.1030
4743.896860	79.214	0.6777
4744.263071	79.211	0.2793
4744.629282	79.211	-0.1025
4744.995493	79.212	-0.4888
4745.361704	79.211	-0.8872
4745.727915	79.210	-1.2344
4746.094126	79.223	-1.5791
4746.460337	79.239	-2.0640
4746.826548	79.230	-2.5835
4747.192759	79.215	-2.9624
4747.558970	79.214	-3.2871
4747.925181	79.222	-3.6572
4748.291392	79.231	-4.0649
4748.657603	79.238	-4.5400
4749.023814	79.230	-5.0146
4749.390025	79.221	-5.3833
4749.756236	79.227	-5.7383
4750.122447	79.235	-6.1743
4750.488658	79.235	-6.6274
4750.854869	79.229	-7.0425
4751.221080	79.226	-7.4092
4751.587291	79.233	-7.7598
4751.953502	79.246	-8.1753
4752.319713	79.251	-8.6470
4752.685923	79.247	-9.0825
4753.052134	79.246	-9.4795
4753.418345	79.246	-9.8726
4753.784556	79.247	-10.2495
4754.150767	79.254	-10.6274
4754.516978	79.262	-11.0430
4754.883189	79.265	-11.4878
4755.249400	79.262	-11.9292
4755.615611	79.254	-12.3237
4755.981822	79.251	-12.6533
4756.348033	79.261	-12.9956
4756.714244	79.271	-13.4199
4757.080455	79.271	-13.8652
4757.446666	79.266	-14.2476
4757.812877	79.271	-14.5952
4758.179088	79.284	-14.9985
4758.545299	79.290	-15.4839
4758.911510	79.282	-15.9482
4759.277721	79.274	-16.3140
4759.643932	79.280	-16.6772
4760.010143	79.285	-17.1055
4760.376354	79.285	-17.5127
4760.742565	79.292	-17.9180
4761.108776	79.296	-18.4009
4761.474987	79.284	-18.8408
4761.841198	79.280	-19.1777
4762.207409	79.290	-19.5669
4762.573620	79.291	-20.0225
4762.939831	79.285	-20.4180
4763.306042	79.287	-20.7788
4763.672253	79.294	-21.1699
4764.038463	79.302	-21.6050
4764.404674	79.299	-22.0894
4764.770885	79.280	-22.4878
4765.137096	79.274	-22.7192
4765.503307	79.299	-23.0264
4765.869518	79.316	-23.5283
4766.235729	79.310	-23.9819
4766.601940	79.316	-24.3628
4766.968151	79.322	-24.8584
4767.334362	79.304	-25.3223
4767.700573	79.294	-25.6040
4768.066784	79.312	-25.9492
4768.432995	79.320	-26.4663
4768.799206	79.303	-26.9106
4769.165417	79.297	-27.2231
4769.531628	79.306	-27.5742
4769.897839	79.314	-27.9971
4770.264050	79.317	-28.4341
4770.630261	79.316	-28.8813
4770.996472	79.307	-29.2910
4771.362683	79.304	-29.6250
4771.728894	79.316	-29.9800
4772.095105	79.327	-30.4238
4772.461316	79.329	-30.8799
4772.827527	79.330	-31.3232
4773.193738	79.325	-31.7812
4773.559949	79.314	-32.1646
4773.926160	79.319	-32.4854
4774.292371	79.333	-32.9351
4774.658582	79.323	-33.4380
4775.024792	79.306	-33.7495
4775.391003	79.320	-34.0181
4775.757214	79.341	-34.4829
4776.123425	79.337	-34.9844
4776.489636	79.330	-35.3677
4776.855847	79.333	-35.7480
4777.222058	79.333	-36.1509
4777.588269	79.335	-36.5127
4777.954480	79.347	-36.9038
4778.320691	79.355	-37.3677
4778.686902	79.352	-37.8252
4779.053113	79.347	-38.2271
4779.419324	79.348	-38.5942
4779.785535	79.356	-38.9858
4780.151746	79.361	-39.4375
4780.517957	79.354	-39.8711
4780.884168	79.351	-40.2197
4781.250379	79.360	-40.5791
4781.616590	79.369	-41.0166
4781.982801	79.370	-41.4448
4782.349012	79.374	-41.8516
4782.715223	79.379	-42.3188
4783.081434	79.371	-42.7900
4783.447645	79.359	-43.1665
4783.813856	79.358	-43.5166
4784.180067	79.359	-43.8984
4784.546278	79.360	-44.2637
4784.912489	79.368	-44.6455
4785.278700	79.374	-45.0913
4785.644911	79.372	-45.5210
4786.011122	79.373	-45.9165
4786.377332	79.376	-46.3604
4786.743543	79.368	-46.7993
4787.109754	79.363	-47.1597
4787.475965	79.368	-47.5415
4787.842176	79.368	-47.9688
4788.208387	79.364	-48.3252
4788.574598	79.375	-48.6665
4788.940809	79.390	-49.1284
4789.307020	79.388	-49.6226
4789.673231	79.380	-50.0273
4790.039442	79.380	-50.3975
4790.405653	79.383	-50.7852
4790.771864	79.387	-51.1748
4791.138075	79.393	-51.5928
4791.504286	79.393	-52.0337
4791.870497	79.387	-52.4243
4792.236708	79.388	-52.7651
4792.602919	79.397	-53.1367
4792.969130	79.406	-53.5679
4793.335341	79.406	-54.0176
4793.701552	79.401	-54.4268
4794.067763	79.400	-54.7852
4794.433974	79.408	-55.1772
4794.800185	79.411	-55.6411
4795.166396	79.402	-56.0708
4795.532607	79.397	-56.4292
4795.898818	79.400	-56.8135
4796.265029	79.398	-57.2222
4796.631240	79.396	-57.5840
4796.997451	79.405	-57.9604
4797.363661	79.411	-58.4097
4797.729872	79.406	-58.8491
4798.096083	79.403	-59.2202
4798.462294	79.411	-59.5903
4798.828505	79.421	-60.0361
4799.194716	79.420	-60.5205
4799.560927	79.411	-60.9370
4799.927138	79.409	-61.2886
4800.293349	79.417	-61.6704
4800.659560	79.423	-62.0947
4801.025771	79.427	-62.5146
4801.391982	79.432	-62.9458
4801.758193	79.434	-63.4062
4802.124404	79.428	-63.8481
4802.490615	79.422	-64.2334
4802.856826	79.424	-64.6035
4803.223037	79.429	-65.0298
4803.589248	79.423	-65.4702
4803.955459	79.414	-65.8213
4804.321670	79.421	-66.1470
4804.687881	79.432	-66.5737
4805.054092	79.431	-67.0264
4805.420303	79.427	-67.4116
4805.786514	79.430	-67.8047
4806.152725	79.431	-68.2129
4806.518936	79.435	-68.5942
4806.885147	79.444	-69.0498
4807.251358	79.436	-69.5537
4807.617569	79.417	-69.9043
4807.983780	79.423	-70.1782
4808.349991	79.440	-70.5972
4808.716201	79.439	-71.0610
4809.082412	79.437	-71.4302
4809.448623	79.447	-71.8242
4809.814834	79.451	-72.2769
4810.181045	79.450	-72.6865
4810.547256	79.457	-73.1079
4810.913467	79.456	-73.5918
4811.279678	79.442	-74.0112
4811.645889	79.436	-74.3184
4812.012100	79.448	-74.6562
4812.378311	79.458	-75.0991
4812.744522	79.454	-75.5283
4813.110733	79.455	-75.8833
4813.476944	79.467	-76.2876
4813.843155	79.470	-76.7671
4814.209366	79.464	-77.1968
4814.575577	79.462	-77.5879
4814.941788	79.461	-78.0034
4815.307999	79.457	-78.3848
4815.674210	79.462	-78.7642
4816.040421	79.464	-79.2129
4816.406632	79.455	-79.6230
4816.772843	79.455	-79.9629
4817.139054	79.465	-80.3687
4817.505265	79.465	-80.8203
4817.871476	79.461	-81.2207
4818.237687	79.464	-81.6211
4818.603898	79.464	-82.0483
4818.970109	79.463	-82.4521
4819.336320	79.466	-82.8682
4819.702531	79.465	-83.3242
4820.068741	79.456	-83.7368
4820.434952	79.454	-84.0825
4820.801163	79.463	-84.4707
4821.167374	79.467	-84.9399
4821.533585	79.459	-85.3799
4821.899796	79.455	-85.7446
4822.266007	79.461	-86.1230
4822.632218	79.467	-86.5635
4822.998429	79.465	-87.0142
4823.364640	79.460	-87.4209
4823.730851	79.459	-87.7935
4824.097062	79.462	-88.1885
4824.463273	79.462	-88.5918
4824.829484	79.463	-88.9463
4825.195695	79.476	-89.3164
4825.561906	79.488	-89.7739
4825.928117	79.490	-90.2534
4826.294328	79.485	-90.7007
4826.660539	79.478	-91.0991
4827.026750	79.478	-91.4570
4827.392961	79.484	-91.8677
4827.759172	79.478	-92.2959
4828.125383	79.474	-92.6138
4828.491594	79.492	-92.9722
4828.857805	79.499	-93.4849
4829.224016	79.486	-93.9175
4829.590227	79.488	-94.2583
4829.956438	79.495	-94.7227
4830.322649	79.480	-95.1743
4830.688860	79.472	-95.4756
4831.055070	79.483	-95.8359
4831.421281	79.485	-96.2827
4831.787492	79.483	-96.6562
4832.153703	79.495	-97.0576
4832.519914	79.498	-97.5674
4832.886125	79.484	-98.0132
4833.252336	79.478	-98.3398
4833.618547	79.490	-98.7056
4833.984758	79.500	-99.1787
4834.350969	79.495	-99.6528
4834.717180	79.490	-100.0449
4835.083391	79.496	-100.4482
4835.449602	79.495	-100.9243
4835.815813	79.480	-101.3101
4836.182024	79.485	-101.5913
4836.548235	79.506	-102.0176
4836.914446	79.503	-102.5547
4837.280657	79.483	-102.9175
4837.646868	79.489	-103.1816
4838.013079	79.508	-103.5889
4838.379290	79.511	-104.0708
4838.745501	79.505	-104.4805
4839.111712	79.505	-104.8413
4839.477923	79.514	-105.2373
4839.844134	79.517	-105.7095
4840.210345	79.505	-106.1519
4840.576556	79.498	-106.4707
4840.942767	79.512	-106.8364
4841.308978	79.518	-107.3438
4841.675189	79.505	-107.8008
4842.041400	79.498	-108.1836
4842.407610	79.493	-108.5981
4842.773821	79.483	-108.9580
4843.140032	79.489	-109.2905
4843.506243	79.497	-109.7373
4843.872454	79.489	-110.1680
4844.238665	79.490	-110.5010
4844.604876	79.504	-110.9194
4844.971087	79.505	-111.4092
4845.337298	79.499	-111.8198
4845.703509	79.502	-112.2202
4846.069720	79.502	-112.6543
4846.435931	79.499	-113.0371
4846.802142	79.506	-113.4116
4847.168353	79.513	-113.8491
4847.534564	79.512	-114.2827
4847.900775	79.513	-114.6763
4848.266986	79.518	-115.0894
4848.633197	79.517	-115.5269
4848.999408	79.511	-115.9214
4849.365619	79.511	-116.2603
4849.731830	79.522	-116.6230
4850.098041	79.534	-117.0566
4850.464252	79.538	-117.5342
4850.830463	79.533	-118.0156
4851.196674	79.517	-118.4351
4851.562885	79.505	-118.7437
4851.929096	79.513	-119.0327
4852.295307	79.530	-119.4346
4852.661518	79.536	-119.9224
4853.027729	79.528	-120.3735
4853.393939	79.520	-120.7520
4853.760150	79.520	-121.1084
4854.126361	79.525	-121.4834
4854.492572	79.533	-121.8955
4854.858783	79.536	-122.3496
4855.224994	79.531	-122.7827
4855.591205	79.529	-123.1470
4855.957416	79.540	-123.5415
4856.323627	79.545	-124.0371
4856.689838	79.532	-124.4961
4857.056049	79.525	-124.8311
4857.422260	79.535	-125.1836
4857.788471	79.546	-125.6484
4858.154682	79.543	-126.1294
4858.520893	79.537	-126.5571
4858.887104	79.534	-126.9707
4859.253315	79.529	-127.3853
4859.619526	79.525	-127.7817
4859.985737	79.522	-128.1724
4860.351948	79.519	-128.5605
4860.718159	79.517	-128.9233
4861.084370	79.522	-129.2842
4861.450581	79.531	-129.6870
4861.816792	79.536	-130.1313
4862.183003	79.536	-130.5864
4862.549214	79.532	-131.0176
4862.915425	79.528	-131.4199
4863.281636	79.525	-131.8169
4863.647847	79.524	-132.1943
4864.014058	79.529	-132.5581
4864.380269	79.539	-132.9814
4864.746479	79.541	-133.4517
4865.112690	79.536	-133.8828
4865.478901	79.534	-134.2891
4865.845112	79.532	-134.7041
4866.211323	79.527	-135.0869
4866.577534	79.528	-135.4438
4866.943745	79.534	-135.8208
4867.309956	79.542	-136.2197
4867.676167	79.550	-136.6553
4868.042378	79.550	-137.1221
4868.408589	79.543	-137.5371
4868.774800	79.541	-137.8838
4869.141011	79.551	-138.2544
4869.507222	79.560	-138.6997
4869.873433	79.559	-139.1680
4870.239644	79.552	-139.6035
4870.605855	79.544	-139.9902
4870.972066	79.542	-140.3418
4871.338277	79.548	-140.7231
4871.704488	79.551	-141.1689
4872.070699	79.543	-141.5991
4872.436910	79.537	-141.9619
4872.803121	79.538	-142.3213
4873.169332	79.542	-142.7021
4873.535543	79.550	-143.1030
4873.901754	79.555	-143.5674
4874.267965	79.548	-144.0347
4874.634176	79.539	-144.4028
4875.000387	79.545	-144.7612
4875.366598	79.552	-145.2119
4875.732809	79.547	-145.6704
4876.099019	79.541	-146.0693
4876.465230	79.541	-146.4517
4876.831441	79.546	-146.8569
4877.197652	79.548	-147.3037
4877.563863	79.542	-147.7505
4877.930074	79.533	-148.1294
4878.296285	79.531	-148.4741
4878.662496	79.534	-148.8242
4879.028707	79.544	-149.1719
4879.394918	79.561	-149.5962
4879.761129	79.565	-150.0962
4880.127340	79.557	-150.5093
4880.493551	79.564	-150.8799
4880.859762	79.571	-151.3696
4881.225973	79.556	-151.8296
4881.592184	79.547	-152.1201
4881.958395	79.564	-152.4678
4882.324606	79.570	-152.9824
4882.690817	79.552	-153.4136
4883.057028	79.547	-153.6826
4883.423239	79.566	-154.0352
4883.789450	79.574	-154.5493
4884.155661	79.560	-154.9971
4884.521872	79.556	-155.3223
4884.888083	79.566	-155.7290
4885.254294	79.561	-156.2021
4885.620505	79.549	-156.5557
4885.986716	79.556	-156.8818
4886.352927	79.564	-157.3149
4886.719138	79.562	-157.7402
4887.085348	79.565	-158.1289
4887.451559	79.570	-158.5742
4887.817770	79.567	-159.0181
4888.183981	79.565	-159.4336
4888.550192	79.562	-159.8804
4888.916403	79.549	-160.2671
4889.282614	79.550	-160.5713
4889.648825	79.564	-160.9658
4890.015036	79.565	-161.4336
4890.381247	79.560	-161.8188
4890.747458	79.567	-162.1914
4891.113669	79.574	-162.6421
4891.479880	79.571	-163.0850
4891.846091	79.568	-163.4902
4892.212302	79.566	-163.8936
4892.578513	79.565	-164.2710
4892.944724	79.569	-164.6597
4893.310935	79.569	-165.0889
4893.677146	79.564	-165.4614
4894.043357	79.571	-165.8052
4894.409568	79.582	-166.2515
4894.775779	79.576	-166.7046
4895.141990	79.573	-167.0620
4895.508201	79.583	-167.4688
4895.874412	79.581	-167.9463
4896.240623	79.570	-168.3271
4896.606834	79.575	-168.6772
4896.973045	79.581	-169.1401
4897.339256	79.568	-169.5708
4897.705467	79.565	-169.8765
4898.071678	79.580	-170.2632
4898.437888	79.581	-170.7671
4898.804099	79.566	-171.1519
4899.170310	79.572	-171.4561
4899.536521	79.588	-171.9189
4899.902732	79.579	-172.4302
4900.268943	79.563	-172.7690
4900.635154	79.572	-173.0820
4901.001365	79.582	-173.5244
4901.367576	79.578	-173.9556
4901.733787	79.580	-174.3145
4902.099998	79.591	-174.7285
4902.466209	79.593	-175.2017
4902.832420	79.588	-175.6372
4903.198631	79.585	-176.0273
4903.564842	79.587	-176.4224
4903.931053	79.590	-176.8540
4904.297264	79.587	-177.2944
4904.663475	79.581	-177.6919
4905.029686	79.580	-178.0742
4905.395897	79.579	-178.4722
4905.762108	79.579	-178.8413
4906.128319	79.587	-179.2310
4906.494530	79.591	-179.7090
4906.860741	79.579	179.8599
4907.226952	79.575	179.5396
4907.593163	79.588	179.1436
4907.959374	79.586	178.6558
4908.325585	79.573	178.2749
4908.691796	79.576	177.9595
4909.058007	79.587	177.5342
4909.424217	79.583	177.0811
4909.790428	79.576	176.7295
4910.156639	79.584	176.3804
4910.522850	79.593	175.9546
4910.889061	79.596	175.5259
4911.255272	79.600	175.0889
4911.621483	79.596	174.6167
4911.987694	79.583	174.2227
4912.353905	79.584	173.8984
4912.720116	79.594	173.4839
4913.086327	79.591	173.0288
4913.452538	79.587	172.6445
4913.818749	79.591	172.2363
4914.184960	79.586	171.7969
4914.551171	79.578	171.4385
4914.917382	79.585	171.0811
4915.283593	79.590	170.6416
4915.649804	79.585	170.2256
4916.016015	79.586	169.8589
4916.382226	79.593	169.4507
4916.748437	79.595	169.0107
4917.114648	79.595	168.5864
4917.480859	79.597	168.1484
4917.847070	79.591	167.6987
4918.213281	79.582	167.3271
4918.579492	79.588	167.0039
4918.945703	79.604	166.5562
4919.311914	79.599	166.0308
4919.678125	79.580	165.6675
4920.044336	79.587	165.3945
4920.410547	79.608	164.9624
4920.776757	79.609	164.4526
4921.142968	79.602	164.0396
4921.509179	79.605	163.6387
4921.875390	79.605	163.1968
4922.241601	79.600	162.7900
4922.607812	79.600	162.3906
4922.974023	79.596	161.9785
4923.340234	79.593	161.6104
4923.706445	79.597	161.2378
4924.072656	79.599	160.8193
4924.438867	79.598	160.4341
4924.805078	79.605	160.0498
4925.171289	79.610	159.5806
4925.537500	79.600	159.1343
4925.903711	79.595	158.7798
4926.269922	79.600	158.3931
4926.636133	79.599	157.9585
4927.002344	79.594	157.5723
4927.368555	79.597	157.1890
4927.734766	79.596	156.7729
4928.100977	79.593	156.4121
4928.467188	79.604	156.0444
4928.833399	79.612	155.5449
4929.199610	79.596	155.0728
4929.565821	79.584	154.7690
4929.932032	79.594	154.4385
4930.298243	79.599	154.0015
4930.664454	79.597	153.6196
4931.030665	79.607	153.2241
4931.396876	79.607	152.7222
4931.763086	79.588	152.3389
4932.129297	79.594	152.0693
4932.495508	79.616	151.6069
4932.861719	79.605	151.0532
4933.227930	79.584	150.7002
4933.594141	79.588	150.4004
4933.960352	79.596	149.9810
4934.326563	79.595	149.5684
4934.692774	79.601	149.1558
4935.058985	79.601	148.6553
4935.425196	79.582	148.2246
4935.791407	79.575	147.9395
4936.157618	79.591	147.5864
4936.523829	79.599	147.0923
4936.890040	79.589	146.6440
4937.256251	79.587	146.3013
4937.622462	79.599	145.9155
4937.988673	79.608	145.4258
4938.354884	79.601	144.9409
4938.721095	79.590	144.5449
4939.087306	79.589	144.1958
4939.453517	79.595	143.8169
4939.819728	79.600	143.3916
4940.185939	79.598	142.9790
4940.552150	79.599	142.6079
4940.918361	79.606	142.2114
4941.284572	79.608	141.7734
4941.650783	79.604	141.3799
4942.016994	79.606	141.0127
4942.383205	79.610	140.5957
4942.749416	79.605	140.1968
4943.115626	79.606	139.8643
4943.481837	79.619	139.4844
4943.848048	79.626	139.0259
4944.214259	79.624	138.5854
4944.580470	79.623	138.1699
4944.946681	79.622	137.7344
4945.312892	79.615	137.3169
4945.679103	79.613	136.9414
4946.045314	79.618	136.5317
4946.411525	79.617	136.0518
4946.777736	79.602	135.6104
4947.143947	79.591	135.2676
4947.510158	79.592	134.9263
4947.876369	79.594	134.5386
4948.242580	79.597	134.1587
4948.608791	79.604	133.7534
4948.975002	79.607	133.2896
4949.341213	79.600	132.8608
4949.707424	79.598	132.4819
4950.073635	79.600	132.0757
4950.439846	79.600	131.6616
4950.806057	79.602	131.2412
4951.172268	79.598	130.7827
4951.538479	79.584	130.4023
4951.904690	79.585	130.1157
4952.270901	79.603	129.7144
4952.637112	79.603	129.2148
4953.003323	79.594	128.8286
4953.369534	79.603	128.4556
4953.735745	79.607	127.9463
4954.101956	79.588	127.4946
4954.468166	79.578	127.1885
4954.834377	79.587	126.8257
4955.200588	79.588	126.3936
4955.566799	79.587	126.0171
4955.933010	79.595	125.6011
4956.299221	79.591	125.1177
4956.665432	79.578	124.7446
4957.031643	79.586	124.4214
4957.397854	79.598	123.9600
4957.764065	79.592	123.4834
4958.130276	79.588	123.0918
4958.496487	79.588	122.6523
4958.862698	79.576	122.2397
4959.228909	79.575	121.9443
4959.595120	79.593	121.5396
4959.961331	79.590	121.0269
4960.327542	79.577	120.6694
4960.693753	79.589	120.3423
4961.059964	79.601	119.8462
4961.426175	79.590	119.3638
4961.792386	79.581	118.9888
4962.158597	79.579	118.6094
4962.524808	79.576	118.2432
4962.891019	79.582	117.8911
4963.257230	79.591	117.4736
4963.623441	79.592	117.0254
4963.989652	79.589	116.5938
4964.355863	79.583	116.1895
4964.722074	79.582	115.8311
4965.088285	79.590	115.4399
4965.454495	79.593	114.9683
4965.820706	79.582	114.5381
4966.186917	79.578	114.1943
4966.553128	79.586	113.8169
4966.919339	79.592	113.3555
4967.285550	79.585	112.8857
4967.651761	79.571	112.4897
4968.017972	79.566	112.1655
4968.384183	79.574	111.8115
4968.750394	79.580	111.3789
4969.116605	79.576	110.9517
4969.482816	79.573	110.5771
4969.849027	79.577	110.1982
4970.215238	79.582	109.7827
4970.581449	79.583	109.3462
4970.947660	79.578	108.9248
4971.313871	79.576	108.5596
4971.680082	79.587	108.1699
4972.046293	79.592	107.6528
4972.412504	79.573	107.1660
4972.778715	79.556	106.8672
4973.144926	79.566	106.5635
4973.511137	79.574	106.1196
4973.877348	79.569	105.7153
4974.243559	79.578	105.3525
4974.609770	79.589	104.8481
4974.975981	79.572	104.3398
4975.342192	79.555	104.0249
4975.708403	79.566	103.7188
4976.074614	79.578	103.2573
4976.440825	79.573	102.7939
4976.807035	79.569	102.3950
4977.173246	79.568	101.9668
4977.539457	79.560	101.5654
4977.905668	79.559	101.2310
4978.271879	79.570	100.8311
4978.638090	79.570	100.3657
4979.004301	79.562	99.9692
4979.370512	79.563	99.6113
4979.736723	79.568	99.2109
4980.102934	79.569	98.7861
4980.469145	79.567	98.3760
4980.835356	79.566	98.0024
4981.201567	79.574	97.6050
4981.567778	79.577	97.1245
4981.933989	79.564	96.7007
4982.300200	79.562	96.3789
4982.666411	79.575	95.9541
4983.032622	79.570	95.4517
4983.398833	79.555	95.0620
4983.765044	79.554	94.6992
4984.131255	79.551	94.2856
4984.497466	79.545	93.9238
4984.863677	79.550	93.5674
4985.229888	79.555	93.1436
4985.596099	79.554	92.7080
4985.962310	79.550	92.2759
4986.328521	79.539	91.8931
4986.694732	79.540	91.5894
4987.060943	79.556	91.2075
4987.427154	79.562	90.7183
4987.793364	79.556	90.2979
4988.159575	79.561	89.9087
4988.525786	79.566	89.4331
4988.891997	79.556	88.9771
4989.258208	79.549	88.6123
4989.624419	79.553	88.2378
4989.990630	79.557	87.8135
4990.356841	79.556	87.3853
4990.723052	79.554	86.9624
4991.089263	79.549	86.5449
4991.455474	79.542	86.1597
4991.821685	79.541	85.7959
4992.187896	79.542	85.4102
4992.554107	79.540	85.0229
4992.920318	79.541	84.6709
4993.286529	79.552	84.2866
4993.652740	79.560	83.8066
4994.018951	79.550	83.3203
4994.385162	79.535	82.9448
4994.751373	79.534	82.6372
4995.117584	79.547	82.2544
4995.483795	79.553	81.7686
4995.850006	79.543	81.3018
4996.216217	79.532	80.9160
4996.582428	79.529	80.5635
4996.948639	79.534	80.1958
4997.314850	79.542	79.7617
4997.681061	79.537	79.2891
4998.047272	79.525	78.9141
4998.413483	79.530	78.5918
4998.779694	79.541	78.1602
4999.145904	79.539	77.7051
4999.512115	79.539	77.3174
4999.878326	79.545	76.8701
5000.244537	79.537	76.3999
5000.610748	79.529	76.0283
5000.976959	79.532	75.6255
5001.343170	79.523	75.1792
5001.709381	79.511	74.8701
5002.075592	79.526	74.5669
5002.441803	79.541	74.0835
5002.808014	79.533	73.5903
5003.174225	79.524	73.1841
5003.540436	79.516	72.7847
5003.906647	79.506	72.4551
5004.272858	79.517	72.1499
5004.639069	79.534	71.6816
5005.005280	79.528	71.1528
5005.371491	79.513	70.7378
5005.737702	79.507	70.3643
5006.103913	79.502	69.9814
5006.470124	79.501	69.6069
5006.836335	79.501	69.2080
5007.202546	79.499	68.8247
5007.568757	79.504	68.4531
5007.934968	79.512	67.9917
5008.301179	79.502	67.5239
5008.667390	79.494	67.1758
5009.033601	79.502	66.8149
5009.399812	79.506	66.3579
5009.766023	79.500	65.9478
5010.132234	79.504	65.6030
5010.498444	79.519	65.1665
5010.864655	79.519	64.6445
5011.230866	79.506	64.1982
5011.597077	79.500	63.8364
5011.963288	79.502	63.4331
5012.329499	79.497	62.9966
5012.695710	79.486	62.6313
5013.061921	79.487	62.3198
5013.428132	79.498	61.9507
5013.794343	79.504	61.5103
5014.160554	79.501	61.0913
5014.526765	79.503	60.7188
5014.892976	79.513	60.2920
5015.259187	79.511	59.7876
5015.625398	79.494	59.3457
5015.991609	79.481	59.0293
5016.357820	79.487	58.7085
5016.724031	79.494	58.3018
5017.090242	79.495	57.8862
5017.456453	79.499	57.4756
5017.822664	79.501	56.9917
5018.188875	79.485	56.5220
5018.555086	79.470	56.2026
5018.921297	79.478	55.8955
5019.287508	79.490	55.4395
5019.653719	79.483	54.9673
5020.019930	79.475	54.5879
5020.386141	79.477	54.1987
5020.752352	79.477	53.7676
5021.118563	79.472	53.3638
5021.484773	79.471	52.9858
5021.850984	79.476	52.5771
5022.217195	79.476	52.1294
5022.583406	79.468	51.7207
5022.949617	79.470	51.3623
5023.315828	79.479	50.9219
5023.682039	79.471	50.4272
5024.048250	79.455	50.0542
5024.414461	79.455	49.7285
5024.780672	79.456	49.3301
5025.146883	79.450	48.9922
5025.513094	79.465	48.6958
5025.879305	79.488	48.2231
5026.245516	79.484	47.6729
5026.611727	79.469	47.2690
5026.977938	79.470	46.9131
5027.344149	79.474	46.4746
5027.710360	79.467	46.0420
5028.076571	79.463	45.6602
5028.442782	79.464	45.2554
5028.808993	79.461	44.8159
5029.175204	79.451	44.4121
5029.541415	79.446	44.0718
5029.907626	79.453	43.7104
5030.273837	79.458	43.2549
5030.640048	79.448	42.8105
5031.006259	79.441	42.4712
5031.372470	79.450	42.1025
5031.738681	79.453	41.6348
5032.104892	79.443	41.2183
5032.471103	79.443	40.8716
5032.837313	79.452	40.4531
5033.203524	79.451	39.9766
5033.569735	79.441	39.5488
5033.935946	79.434	39.1777
5034.302157	79.434	38.8179
5034.668368	79.439	38.4277
5035.034579	79.443	38.0083
5035.400790	79.446	37.5762
5035.767001	79.445	37.1104
5036.133212	79.433	36.6636
5036.499423	79.423	36.3208
5036.865634	79.429	35.9766
5037.231845	79.434	35.5293
5037.598056	79.425	35.1079
5037.964267	79.423	34.7705
5038.330478	79.434	34.3779
5038.696689	79.438	33.8906
5039.062900	79.428	33.4272
5039.429111	79.417	33.0532
5039.795322	79.418	32.6909
5040.161533	79.421	32.2612
5040.527744	79.413	31.8394
5040.893955	79.409	31.4844
5041.260166	79.415	31.0840
5041.626377	79.411	30.6284
5041.992588	79.399	30.2524
5042.358799	79.400	29.9194
5042.725010	79.406	29.5312
5043.091221	79.410	29.1201
5043.457432	79.413	28.6846
5043.823642	79.407	28.2329
5044.189853	79.399	27.8677
5044.556064	79.406	27.5063
5044.922275	79.411	27.0205
5045.288486	79.395	26.5874
5045.654697	79.391	26.2788
5046.020908	79.404	25.8501
5046.387119	79.391	25.3472
5046.753330	79.371	25.0430
5047.119541	79.384	24.7725
5047.485752	79.398	24.2939
5047.851963	79.385	23.8369
5048.218174	79.382	23.5356
5048.584385	79.398	23.1367
5048.950596	79.398	22.6265
5049.316807	79.387	22.2251
5049.683018	79.391	21.8403
5050.049229	79.389	21.3447
5050.415440	79.368	20.9380
5050.781651	79.364	20.6724
5051.147862	79.380	20.2822
5051.514073	79.377	19.7656
5051.880284	79.355	19.4033
5052.246495	79.360	19.1538
5052.612706	79.382	18.7363
5052.978917	79.382	18.1973
5053.345128	79.364	17.7812
5053.711339	79.362	17.4624
5054.077550	79.371	17.0688
5054.443761	79.372	16.6138
5054.809972	79.367	16.2017
5055.176182	79.368	15.8208
5055.542393	79.374	15.3975
5055.908604	79.375	14.9331
5056.274815	79.369	14.4810
5056.641026	79.361	14.0630
5057.007237	79.357	13.6636
5057.373448	79.354	13.2505
5057.739659	79.347	12.8335
5058.105870	79.338	12.4854
5058.472081	79.345	12.1714
5058.838292	79.362	11.7383
5059.204503	79.362	11.2129
5059.570714	79.347	10.7720
5059.936925	79.340	10.4131
5060.303136	79.341	10.0342
5060.669347	79.341	9.6294
5061.035558	79.339	9.2158
5061.401769	79.333	8.8296
5061.767980	79.333	8.4878
5062.134191	79.343	8.0962
5062.500402	79.346	7.6245
5062.866613	79.336	7.1914
5063.232824	79.330	6.8257
5063.599035	79.331	6.4565
5063.965246	79.334	6.0566
5064.331457	79.335	5.6309
5064.697668	79.331	5.2163
5065.063879	79.329	4.8369
5065.430090	79.333	4.4409
5065.796301	79.335	4.0132
5066.162511	79.336	3.5825
5066.528722	79.334	3.1235
5066.894933	79.323	2.6831
5067.261144	79.312	2.3442
5067.627355	79.320	2.0083
5067.993566	79.330	1.5591
5068.359777	79.324	1.0923
5068.725988	79.317	0.7046
5069.092199	79.318	0.3345
5069.458410	79.322	-0.0776
5069.824621	79.323	-0.5186
5070.190832	79.318	-0.9634
5070.557043	79.306	-1.3701
5070.923254	79.297	-1.7109
5071.289465	79.298	-2.0308
5071.655676	79.305	-2.3892
5072.021887	79.312	-2.7896
5072.388098	79.315	-3.1958
5072.754309	79.318	-3.5938
5073.120520	79.324	-4.0171
5073.486731	79.325	-4.4751
5073.852942	79.320	-4.9160
5074.219153	79.315	-5.3296
5074.585364	79.309	-5.7490
5074.951575	79.300	-6.1372
5075.317786	79.298	-6.4937
5075.683997	79.300	-6.8921
5076.050208	79.295	-7.3003
5076.416419	79.293	-7.6675
5076.782630	79.297	-8.0757
5077.148841	79.292	-8.5215
5077.515051	79.283	-8.8965
5077.881262	79.283	-9.2432
5078.247473	79.287	-9.6450
5078.613684	79.286	-10.0649
5078.979895	79.284	-10.4712
5079.346106	79.282	-10.8774
5079.712317	79.279	-11.2754
5080.078528	79.278	-11.6738
5080.444739	79.277	-12.0952
5080.810950	79.272	-12.5298
5081.177161	79.260	-12.9302
5081.543372	79.253	-13.2612
5081.909583	79.260	-13.6060
5082.275794	79.268	-14.0586
5082.642005	79.259	-14.5176
5083.008216	79.250	-14.8784
5083.374427	79.253	-15.2490
5083.740638	79.254	-15.6772
5084.106849	79.250	-16.0620
5084.473060	79.255	-16.4482
5084.839271	79.257	-16.9058
5085.205482	79.249	-17.3032
5085.571693	79.256	-17.6479
5085.937904	79.270	-18.1353
5086.304115	79.259	-18.6621
5086.670326	79.242	-19.0122
5087.036537	79.249	-19.3350
5087.402748	79.258	-19.7891
5087.768959	79.252	-20.2344
5088.135170	79.249	-20.6172
5088.501381	79.250	-21.0269
5088.867591	79.247	-21.4463
5089.233802	79.242	-21.8398
5089.600013	79.237	-22.2119
5089.966224	79.236	-22.5664
5090.332435	79.240	-22.9521
5090.698646	79.239	-23.3613
5091.064857	79.238	-23.7432
5091.431068	79.239	-24.1509
5091.797279	79.232	-24.5684
5092.163490	79.227	-24.9111
5092.529701	79.236	-25.2988
5092.895912	79.234	-25.7856
5093.262123	79.217	-26.1792
5093.628334	79.217	-26.4937
5093.994545	79.227	-26.9194
5094.360756	79.222	-27.3955
5094.726967	79.214	-27.8086
5095.093178	79.209	-28.2173
5095.459389	79.201	-28.6211
5095.825600	79.198	-28.9888
5096.191811	79.201	-29.3926
5096.558022	79.198	-29.8228
5096.924233	79.194	-30.1992
5097.290444	79.201	-30.5913
5097.656655	79.204	-31.0654
5098.022866	79.193	-31.4951
5098.389077	79.190	-31.8315
5098.755288	79.200	-32.2251
5099.121499	79.201	-32.6899
5099.487710	79.194	-33.0889
5099.853920	79.196	-33.4482
5100.220131	79.202	-33.8452
5100.586342	79.207	-34.2583
5100.952553	79.211	-34.7129
5101.318764	79.202	-35.1729
5101.684975	79.191	-35.5142
5102.051186	79.200	-35.8599
5102.417397	79.204	-36.3438
5102.783608	79.187	-36.7524
5103.149819	79.188	-37.0400
5103.516030	79.203	-37.4741
5103.882241	79.192	-37.9780
5104.248452	79.175	-38.2954
5104.614663	79.187	-38.6045
5104.980874	79.197	-39.1006
5105.347085	79.182	-39.5684
5105.713296	79.174	-39.8931
5106.079507	79.184	-40.2798
5106.445718	79.183	-40.7710
5106.811929	79.169	-41.2031
5107.178140	79.159	-41.5586
5107.544351	79.158	-41.9131
5107.910562	79.162	-42.2886
5108.276773	79.167	-42.7256
5108.642984	79.160	-43.1831
5109.009195	79.149	-43.5449
5109.375406	79.154	-43.8872
5109.741617	79.160	-44.3301
5110.107828	79.152	-44.7563
5110.474039	79.150	-45.1001
5110.840250	79.159	-45.5049
5111.206460	79.158	-45.9795
5111.572671	79.147	-46.3804
5111.938882	79.147	-46.7329
5112.305093	79.151	-47.1553
5112.671304	79.143	-47.5928
5113.037515	79.135	-47.9399
5113.403726	79.141	-48.2881
5113.769937	79.147	-48.7358
5114.136148	79.140	-49.1719
5114.502359	79.136	-49.5376
5114.868570	79.139	-49.9375
5115.234781	79.138	-50.3774
5115.600992	79.132	-50.7954
5115.967203	79.125	-51.1987
5116.333414	79.118	-51.5640
5116.699625	79.120	-51.9199
5117.065836	79.123	-52.3633
5117.432047	79.109	-52.7847
5117.798258	79.101	-53.0659
5118.164469	79.119	-53.4004
5118.530680	79.128	-53.9072
5118.896891	79.114	-54.3652
5119.263102	79.106	-54.6904
5119.629313	79.114	-55.0576
5119.995524	79.118	-55.4922
5120.361735	79.119	-55.9233
5120.727946	79.117	-56.3916
5121.094157	79.101	-56.8325
5121.460368	79.091	-57.1528
5121.826579	79.099	-57.5176
5122.192789	79.096	-57.9883
5122.559000	79.081	-58.3408
5122.925211	79.091	-58.6294
5123.291422	79.110	-59.1123
5123.657633	79.100	-59.6538
5124.023844	79.082	-60.0234
5124.390055	79.085	-60.3564
5124.756266	79.091	-60.8105
5125.122477	79.080	-61.2705
5125.488688	79.067	-61.6084
5125.854899	79.072	-61.9131
5126.221110	79.086	-62.3286
5126.587321	79.087	-62.7998
5126.953532	79.083	-63.2168
5127.319743	79.082	-63.6436
5127.685954	79.071	-64.0801
5128.052165	79.059	-64.3975
5128.418376	79.070	-64.6914
5128.784587	79.086	-65.1494
5129.150798	79.077	-65.6489
5129.517009	79.063	-66.0063
5129.883220	79.067	-66.3379
5130.249431	79.071	-66.7734
5130.615642	79.059	-67.1831
5130.981853	79.056	-67.4907
5131.348064	79.069	-67.8579
5131.714275	79.074	-68.3379
5132.080486	79.063	-68.7837
5132.446697	79.056	-69.1558
5132.812908	79.055	-69.5322
5133.179119	79.057	-69.9365
5133.545329	79.057	-70.3765
5133.911540	79.048	-70.8291
5134.277751	79.034	-71.2212
5134.643962	79.028	-71.5522
5135.010173	79.032	-71.9038
5135.376384	79.038	-72.3320
5135.742595	79.033	-72.7930
5136.108806	79.020	-73.1763
5136.475017	79.020	-73.5049
5136.841228	79.028	-73.9087
5137.207439	79.026	-74.3516
5137.573650	79.021	-74.7363
5137.939861	79.024	-75.1167
5138.306072	79.028	-75.5298
5138.672283	79.033	-75.9717
5139.038494	79.030	-76.4707
5139.404705	79.010	-76.9082
5139.770916	79.000	-77.1899
5140.137127	79.016	-77.5278
5140.503338	79.023	-78.0308
5140.869549	79.010	-78.4780
5141.235760	79.007	-78.8232
5141.601971	79.014	-79.2456
5141.968182	79.008	-79.7212
5142.334393	78.996	-80.1147
5142.700604	78.993	-80.4692
5143.066815	78.995	-80.8765
5143.433026	78.990	-81.3091
5143.799237	78.978	-81.6865
5144.165448	78.974	-81.9946
5144.531659	78.985	-82.3213
5144.897869	79.000	-82.7617
5145.264080	78.999	-83.2778
5145.630291	78.983	-83.7246
5145.996502	78.970	-84.0474
5146.362713	78.977	-84.3662
5146.728924	78.986	-84.8042
5147.095135	78.979	-85.2739
5147.461346	78.966	-85.6309
5147.827557	78.970	-85.9595
5148.193768	78.976	-86.3882
5148.559979	78.969	-86.8022
5148.926190	78.970	-87.1313
5149.292401	78.987	-87.5581
5149.658612	78.985	-88.1123
5150.024823	78.961	-88.5566
5150.391034	78.950	-88.8564
5150.757245	78.957	-89.2168
5151.123456	78.956	-89.6606
5151.489667	78.947	-90.0371
5151.855878	78.951	-90.3779
5152.222089	78.961	-90.8320
5152.588300	78.951	-91.3203
5152.954511	78.937	-91.6885
5153.320722	78.940	-92.0420
5153.686933	78.941	-92.4990
5154.053144	78.925	-92.9287
5154.419355	78.912	-93.2324
5154.785566	78.918	-93.5190
5155.151777	78.935	-93.9219
5155.517988	78.938	-94.4404
5155.884198	78.918	-94.8887
5156.250409	78.907	-95.1724
5156.616620	78.921	-95.5078
5156.982831	78.927	-95.9829
5157.349042	78.918	-96.3984
5157.715253	78.921	-96.7803
5158.081464	78.919	-97.2422
5158.447675	78.905	-97.6240
5158.813886	78.910	-97.9277
5159.180097	78.927	-98.3789
5159.546308	78.923	-98.9097
5159.912519	78.909	-99.3530
5160.278730	78.897	-99.7490
5160.644941	78.886	-100.1021
5161.011152	78.886	-100.4199
5161.377363	78.894	-100.8086
5161.743574	78.895	-101.2319
5162.109785	78.896	-101.6274
5162.475996	78.899	-102.0776
5162.842207	78.887	-102.5337
5163.208418	78.873	-102.8682
5163.574629	78.877	-103.1729
5163.940840	78.887	-103.5723
5164.307051	78.889	-104.0239
5164.673262	78.883	-104.4697
5165.039473	78.870	-104.8579
5165.405684	78.864	-105.1777
5165.771895	78.871	-105.5430
5166.138106	78.870	-105.9717
5166.504317	78.864	-106.3501
5166.870528	78.868	-106.7295
5167.236738	78.867	-107.1909
5167.602949	78.852	-107.6006
5167.969160	78.847	-107.9219
5168.335371	78.853	-108.3105
5168.701582	78.850	-108.7588
5169.067793	78.842	-109.1494
5169.434004	78.843	-109.5303
5169.800215	78.843	-109.9692
5170.166426	78.836	-110.3979
5170.532637	78.831	-110.7803
5170.898848	78.831	-111.1802
5171.265059	78.830	-111.6157
5171.631270	78.824	-112.0420
5171.997481	78.817	-112.4531
5172.363692	78.807	-112.8345
5172.729903	78.802	-113.1426
5173.096114	78.818	-113.4717
5173.462325	78.835	-113.9653
5173.828536	78.826	-114.5156
5174.194747	78.802	-114.9150
5174.560958	78.794	-115.1978
5174.927169	78.802	-115.5264
5175.293380	78.810	-115.9395
5175.659591	78.809	-116.3613
5176.025802	78.808	-116.7490
5176.392013	78.810	-117.1587
5176.758224	78.805	-117.5938
5177.124435	78.795	-117.9570
5177.490646	78.798	-118.2827
5177.856857	78.809	-118.7114
5178.223067	78.804	-119.1978
5178.589278	78.790	-119.6064
5178.955489	78.782	-119.9517
5179.321700	78.782	-120.3047
5179.687911	78.787	-120.7021
5180.054122	78.786	-121.1494
5180.420333	78.776	-121.5752
5180.786544	78.768	-121.9409
5181.152755	78.767	-122.3086
5181.518966	78.767	-122.7021
5181.885177	78.766	-123.0991
5182.251388	78.765	-123.5005
5182.617599	78.765	-123.8975
5182.983810	78.767	-124.3130
5183.350021	78.765	-124.7695
5183.716232	78.754	-125.1772
5184.082443	78.753	-125.5283
5184.448654	78.758	-125.9575
5184.814865	78.749	-126.4194
5185.181076	78.736	-126.7764
5185.547287	78.738	-127.1162
5185.913498	78.739	-127.5215
5186.279709	78.736	-127.9058
5186.645920	78.739	-128.2881
5187.012131	78.737	-128.7246
5187.378342	78.727	-129.1113
5187.744553	78.726	-129.4253
5188.110764	78.739	-129.8159
5188.476975	78.740	-130.2993
5188.843186	78.727	-130.7314
5189.209397	78.718	-131.0752
5189.575607	78.720	-131.4282
5189.941818	78.721	-131.8169
5190.308029	78.723	-132.1943
5190.674240	78.730	-132.6084
5191.040451	78.729	-133.0874
5191.406662	78.717	-133.5186
5191.772873	78.711	-133.8970
5192.139084	78.707	-134.3276
5192.505295	78.690	-134.7246
5192.871506	78.681	-134.9995
5193.237717	78.693	-135.3247
5193.603928	78.701	-135.7910
5193.970139	78.691	-136.2368
5194.336350	78.682	-136.5889
5194.702561	78.685	-136.9517
5195.068772	78.686	-137.3701
5195.434983	78.680	-137.7764
5195.801194	78.678	-138.1455
5196.167405	78.682	-138.5464
5196.533616	78.680	-138.9829
5196.899827	78.674	-139.3857
5197.266038	78.674	-139.7861
5197.632249	78.669	-140.2168
5197.998460	78.660	-140.5952
5198.364671	78.662	-140.9336
5198.730882	78.671	-141.3491
5199.097093	78.672	-141.8291
5199.463304	78.661	-142.2861
5199.829515	78.647	-142.6777
5200.195726	78.640	-143.0020
5200.561936	78.645	-143.3408
5200.928147	78.651	-143.7529
5201.294358	78.649	-144.1646
5201.660569	78.651	-144.5581
5202.026780	78.652	-144.9961
5202.392991	78.645	-145.4316
5202.759202	78.636	-145.8052
5203.125413	78.634	-146.1675
5203.491624	78.632	-146.5537
5203.857835	78.629	-146.9365
5204.224046	78.626	-147.2988
5204.590257	78.628	-147.6592
5204.956468	78.633	-148.0620
5205.322679	78.631	-148.5015
5205.688890	78.622	-148.9009
5206.055101	78.619	-149.2534
5206.421312	78.623	-149.6396
5206.787523	78.623	-150.0703
5207.153734	78.618	-150.4912
5207.519945	78.612	-150.8970
5207.886156	78.606	-151.2944
5208.252367	78.601	-151.6758
5208.618578	78.599	-152.0776
5208.984789	78.592	-152.4810
5209.351000	78.588	-152.8257
5209.717211	78.596	-153.2114
5210.083422	78.596	-153.7031
5210.449633	78.580	-154.1240
5210.815844	78.575	-154.4604
5211.182055	78.576	-154.8721
5211.548266	78.565	-155.2622
5211.914476	78.566	-155.5718
5212.280687	78.577	-155.9922
5212.646898	78.570	-156.4512
5213.013109	78.565	-156.7905
5213.379320	78.575	-157.1948
5213.745531	78.570	-157.6831
5214.111742	78.557	-158.0483
5214.477953	78.562	-158.4043
5214.844164	78.561	-158.8569
5215.210375	78.551	-159.2441
5215.576586	78.552	-159.6055
5215.942797	78.549	-160.0347
5216.309008	78.540	-160.3984
5216.675219	78.546	-160.7451
5217.041430	78.550	-161.2090
5217.407641	78.535	-161.6274
5217.773852	78.531	-161.9380
5218.140063	78.539	-162.3237
5218.506274	78.538	-162.7617
5218.872485	78.535	-163.1538
5219.238696	78.536	-163.5898
5219.604907	78.522	-164.0308
5219.971118	78.509	-164.3394
5220.337329	78.519	-164.6401
5220.703540	78.532	-165.0913
5221.069751	78.526	-165.5913
5221.435962	78.509	-165.9990
5221.802173	78.500	-166.3120
5222.168384	78.508	-166.6348
5222.534595	78.521	-167.0767
5222.900806	78.517	-167.5820
5223.267016	78.502	-168.0054
5223.633227	78.495	-168.3711
5223.999438	78.491	-168.7656
5224.365649	78.484	-169.1489
5224.731860	78.481	-169.5054
5225.098071	78.481	-169.8843
5225.464282	78.481	-170.2695
5225.830493	78.485	-170.6636
5226.196704	78.489	-171.1211
5226.562915	78.479	-171.5884
5226.929126	78.464	-171.9673
5227.295337	78.460	-172.3013
5227.661548	78.464	-172.6860
5228.027759	78.464	-173.1187
5228.393970	78.456	-173.5444
5228.760181	78.445	-173.9219
5229.126392	78.441	-174.2651
5229.492603	78.443	-174.6396
5229.858814	78.441	-175.0474
5230.225025	78.436	-175.4326
5230.591236	78.433	-175.8052
5230.957447	78.430	-176.1865
5231.323658	78.427	-176.5439
5231.689869	78.431	-176.8989
5232.056080	78.438	-177.3008
5232.422291	78.441	-177.7344
5232.788502	78.439	-178.1870
5233.154713	78.429	-178.6274
5233.520924	78.418	-178.9878
5233.887135	78.421	-179.3379
5234.253345	78.423	-179.7891
5234.619556	78.409	179.7856
5234.985767	78.402	179.4814
5235.351978	78.416	179.0996
5235.718189	78.414	178.5879
5236.084400	78.395	178.1748
5236.450611	78.389	177.8608
5236.816822	78.392	177.4727
5237.183033	78.385	177.0728
5237.549244	78.381	176.7368
5237.915455	78.388	176.3604
5238.281666	78.388	175.9307
5238.647877	78.383	175.5278
5239.014088	78.378	175.1499
5239.380299	78.375	174.7998
5239.746510	78.383	174.4541
5240.112721	78.395	174.0093
5240.478932	78.390	173.4980
5240.845143	78.372	173.0923
5241.211354	78.368	172.7764
5241.577565	78.377	172.3687
5241.943776	78.369	171.8794
5242.309987	78.349	171.4990
5242.676198	78.343	171.2148
5243.042409	78.350	170.8574
5243.408620	78.350	170.4448
5243.774831	78.350	170.0542
5244.141042	78.351	169.6240
5244.507253	78.341	169.1807
5244.873464	78.329	168.8164
5245.239675	78.327	168.4653
5245.605885	78.324	168.0825
5245.972096	78.320	167.7305
5246.338307	78.324	167.3838
5246.704518	78.332	166.9834
5247.070729	78.337	166.5264
5247.436940	78.330	166.0449
5247.803151	78.312	165.6523
5248.169362	78.309	165.3545
5248.535573	78.321	164.9619
5248.901784	78.319	164.4731
5249.267995	78.304	164.0698
5249.634206	78.298	163.7324
5250.000417	78.299	163.3730
5250.366628	78.302	162.9941
5250.732839	78.306	162.5562
5251.099050	78.296	162.1128
5251.465261	78.286	161.7759
5251.831472	78.293	161.4189
5252.197683	78.293	160.9565
5252.563894	78.277	160.5752
5252.930105	78.279	160.2808
5253.296316	78.293	159.8687
5253.662527	78.291	159.3696
5254.028738	78.276	158.9360
5254.394949	78.264	158.5752
5254.761160	78.260	158.2412
5255.127371	78.265	157.8799
5255.493582	78.268	157.4453
5255.859793	78.261	156.9941
5256.226004	78.249	156.5962
5256.592214	78.240	156.2437
5256.958425	78.238	155.9072
5257.324636	78.243	155.5386
5257.690847	78.246	155.1123
5258.057058	78.240	154.6885
5258.423269	78.235	154.3086
5258.789480	78.235	153.9282
5259.155691	78.235	153.5146
5259.521902	78.229	153.0967
5259.888113	78.223	152.7134
5260.254324	78.222	152.3394
5260.620535	78.222	151.9331
5260.986746	78.216	151.5376
5261.352957	78.213	151.1860
5261.719168	78.219	150.8052
5262.085379	78.220	150.3691
5262.451590	78.214	149.9517
5262.817801	78.208	149.5786
5263.184012	78.208	149.2061
5263.550223	78.208	148.8066
5263.916434	78.204	148.4023
5264.282645	78.200	148.0254
5264.648856	78.200	147.6455
5265.015067	78.198	147.2427
5265.381278	78.193	146.8730
5265.747489	78.198	146.5044
5266.113700	78.201	146.0508
5266.479911	78.188	145.6152
5266.846122	78.179	145.2900
5267.212333	78.186	144.9346
5267.578544	78.187	144.4795
5267.944754	78.175	144.0566
5268.310965	78.166	143.7163
5268.677176	78.167	143.3853
5269.043387	78.174	143.0039
5269.409598	78.177	142.5654
5269.775809	78.171	142.1411
5270.142020	78.168	141.7710
5270.508231	78.172	141.3623
5270.874442	78.168	140.8975
5271.240653	78.154	140.5024
5271.606864	78.151	140.1655
5271.973075	78.152	139.7661
5272.339286	78.144	139.3701
5272.705497	78.141	139.0464
5273.071708	78.149	138.6650
5273.437919	78.147	138.2246
5273.804130	78.139	137.8716
5274.170341	78.147	137.5078
5274.536552	78.147	137.0425
5274.902763	78.133	136.6709
5275.268974	78.138	136.3579
5275.635185	78.146	135.8833
5276.001396	78.126	135.4346
5276.367607	78.115	135.1772
5276.733818	78.130	134.8330
5277.100029	78.128	134.3608
5277.466240	78.115	134.0215
5277.832451	78.126	133.7085
5278.198662	78.139	133.2354
5278.564873	78.132	132.7397
5278.931084	78.120	132.3037
5279.297294	78.106	131.8955
5279.663505	78.093	131.5732
5280.029716	78.099	131.2578
5280.395927	78.107	130.8086
5280.762138	78.097	130.3403
5281.128349	78.086	129.9819
5281.494560	78.089	129.6265
5281.860771	78.091	129.1851
5282.226982	78.081	128.7495
5282.593193	78.071	128.4185
5282.959404	78.079	128.0938
5283.325615	78.091	127.6235
5283.691826	78.077	127.1348
5284.058037	78.061	126.8140
5284.424248	78.068	126.5093
5284.790459	78.074	126.0801
5285.156670	78.066	125.6816
5285.522881	78.066	125.3530
5285.889092	78.072	124.9795
5286.255303	78.076	124.5952
5286.621514	78.085	124.1802
5286.987725	78.083	123.6685
5287.353936	78.058	123.2622
5287.720147	78.050	123.0356
5288.086358	78.070	122.6841
5288.452569	78.070	122.1641
5288.818780	78.047	121.7886
5289.184991	78.048	121.5317
5289.551202	78.063	121.1255
5289.917413	78.058	120.6313
5290.283623	78.042	120.2505
5290.649834	78.040	119.9204
5291.016045	78.042	119.5210
5291.382256	78.034	119.1152
5291.748467	78.029	118.7725
5292.114678	78.034	118.4067
5292.480889	78.035	117.9629
5292.847100	78.025	117.5508
5293.213311	78.020	117.2197
5293.579522	78.026	116.8486
5293.945733	78.028	116.4146
5294.311944	78.025	116.0098
5294.678155	78.026	115.5928
5295.044366	78.019	115.1313
5295.410577	78.002	114.7534
5295.776788	78.000	114.4399
5296.142999	78.004	114.0356
5296.509210	77.994	113.6152
5296.875421	77.986	113.3042
5297.241632	77.997	112.9536
5297.607843	78.001	112.4653
5297.974054	77.982	112.0312
5298.340265	77.970	111.7427
5298.706476	77.980	111.4243
5299.072687	77.988	110.9917
5299.438898	77.986	110.5430
5299.805109	77.981	110.1162
5300.171320	77.972	109.6992
5300.537531	77.962	109.3354
5300.903742	77.961	109.0010
5301.269953	77.965	108.6147
5301.636163	77.965	108.2070
5302.002374	77.965	107.8208
5302.368585	77.967	107.4072
5302.734796	77.963	106.9878
5303.101007	77.960	106.6128
5303.467218	77.963	106.2080
5303.833429	77.957	105.7734
5304.199640	77.947	105.4194
5304.565851	77.950	105.0723
5304.932062	77.949	104.6445
5305.298273	77.935	104.2876
5305.664484	77.938	104.0181
5306.030695	77.954	103.6221
5306.396906	77.952	103.1338
5306.763117	77.938	102.7520
5307.129328	77.937	102.4175
5307.495539	77.938	102.0195
5307.861750	77.934	101.6108
5308.227961	77.929	101.2100
5308.594172	77.921	100.8086
5308.960383	77.911	100.4531
5309.326594	77.911	100.1099
5309.692805	77.912	99.7139
5310.059016	77.908	99.3086
5310.425227	77.906	98.9277
5310.791438	77.907	98.5283
5311.157649	77.905	98.1030
5311.523860	77.901	97.6870
5311.890071	77.899	97.2764
5312.256282	77.895	96.8428
5312.622492	77.884	96.4160
5312.988703	77.871	96.0640
5313.354914	77.871	95.7637
5313.721125	77.882	95.4067
5314.087336	77.891	94.9536
5314.453547	77.885	94.4839
5314.819758	77.871	94.1021
5315.185969	77.867	93.7964
5315.552180	77.876	93.4351
5315.918391	77.877	93.0146
5316.284602	77.873	92.6523
5316.650813	77.881	92.2822
5317.017024	77.881	91.8218
5317.383235	77.867	91.4360
5317.749446	77.868	91.1387
5318.115657	77.879	90.7285
5318.481868	77.873	90.2700
5318.848079	77.865	89.8994
5319.214290	77.865	89.5063
5319.580501	77.857	89.0908
5319.946712	77.851	88.7437
5320.312923	77.856	88.3350
5320.679134	77.846	87.8472
5321.045345	77.821	87.4858
5321.411556	77.814	87.2432
5321.777767	77.827	86.9229
5322.143978	77.837	86.4639
5322.510189	77.827	85.9849
5322.876400	77.809	85.6274
5323.242611	77.808	85.3403
5323.608822	77.817	84.9683
5323.975032	77.818	84.5508
5324.341243	77.820	84.1597
5324.707454	77.823	83.7231
5325.073665	77.816	83.2686
5325.439876	77.804	82.8877
5325.806087	77.801	82.5273
5326.172298	77.798	82.1416
5326.538509	77.792	81.7734
5326.904720	77.792	81.4326
5327.270931	77.799	81.0596
5327.637142	77.803	80.5947
5328.003353	77.789	80.1440
5328.369564	77.775	79.8354
5328.735775	77.785	79.5093
5329.101986	77.789	79.0327
5329.468197	77.773	78.5986
5329.834408	77.763	78.2734
5330.200619	77.762	77.9131
5330.566830	77.756	77.5557
5330.933041	77.759	77.2339
5331.299252	77.769	76.8228
5331.665463	77.766	76.3682
5332.031674	77.758	75.9819
5332.397885	77.756	75.6060
5332.764096	77.754	75.2173
5333.130307	77.756	74.8232
5333.496518	77.754	74.3711
5333.862729	77.736	73.9619
5334.228940	77.726	73.6987
5334.595151	77.742	73.3867
5334.961361	77.752	72.9087
5335.327572	77.741	72.4507
5335.693783	77.732	72.0898
5336.059994	77.729	71.7393
5336.426205	77.731	71.3970
5336.792416	77.742	71.0020
5337.158627	77.744	70.4897
5337.524838	77.721	70.0454
5337.891049	77.706	69.7778
5338.257260	77.718	69.4644
5338.623471	77.722	69.0005
5338.989682	77.706	68.5889
5339.355893	77.698	68.3013
5339.722104	77.707	67.9756
5340.088315	77.713	67.5566
5340.454526	77.709	67.1426
5340.820737	77.704	66.7720
5341.186948	77.702	66.4175
5341.553159	77.705	66.0591
5341.919370	77.711	65.6650
5342.285581	77.713	65.2349
5342.651792	77.708	64.8071
5343.018003	77.699	64.4116
5343.384214	77.692	64.0825
5343.750425	77.701	63.7588
5344.116636	77.716	63.2876
5344.482847	77.704	62.7480
5344.849058	77.678	62.3706
5345.215269	77.672	62.0938
5345.581480	77.678	61.7256
5345.947691	77.675	61.2964
5346.313901	77.664	60.9038
5346.680112	77.654	60.5605
5347.046323	77.652	60.2476
5347.412534	77.658	59.8999
5347.778745	77.663	59.4893
5348.144956	77.662	59.0732
5348.511167	77.660	58.6694
5348.877378	77.657	58.2422
5349.243589	77.646	57.8203
5349.609800	77.632	57.4839
5349.976011	77.636	57.2036
5350.342222	77.655	56.7808
5350.708433	77.648	56.2124
5351.074644	77.612	55.8418
5351.440855	77.608	55.6885
5351.807066	77.639	55.3237
5352.173277	77.637	54.7603
5352.539488	77.614	54.4028
5352.905699	77.623	54.1143
5353.271910	77.631	53.6074
5353.638121	77.604	53.1670
5354.004332	77.593	52.9360
5354.370543	77.606	52.5977
5354.736754	77.602	52.1729
5355.102965	77.599	51.8672
5355.469176	77.615	51.4795
5355.835387	77.611	50.9585
5356.201598	77.588	50.6060
5356.567809	77.593	50.3496
5356.934020	77.608	49.9062
5357.300231	77.597	49.4165
5357.666441	77.580	49.0898
5358.032652	77.585	48.7852
5358.398863	77.593	48.3706
5358.765074	77.589	47.9390
5359.131285	77.583	47.5522
5359.497496	77.579	47.1748
5359.863707	77.576	46.8179
5360.229918	77.580	46.4746
5360.596129	77.591	46.0513
5360.962340	77.588	45.5669
5361.328551	77.574	45.1494
5361.694762	77.564	44.8081
5362.060973	77.563	44.4839
5362.427184	77.571	44.1357
5362.793395	77.581	43.6831
5363.159606	77.571	43.1753
5363.525817	77.547	42.8140
5363.892028	77.544	42.5640
5364.258239	77.558	42.1851
5364.624450	77.552	41.7095
5364.990661	77.532	41.3730
5365.356872	77.536	41.1279
5365.723083	77.555	40.7178
5366.089294	77.548	40.2070
5366.455505	77.528	39.8755
5366.821716	77.536	39.6113
5367.187927	77.551	39.1440
5367.554138	77.534	38.6621
5367.920349	77.519	38.3760
5368.286560	77.529	38.0591
5368.652770	77.532	37.6338
5369.018981	77.530	37.2720
5369.385192	77.541	36.8706
5369.751403	77.537	36.3594
5370.117614	77.516	35.9727
5370.483825	77.514	35.6792
5370.850036	77.518	35.2705
5371.216247	77.505	34.8779
5371.582458	77.502	34.6094
5371.948669	77.520	34.2573
5372.314880	77.526	33.7642
5372.681091	77.513	33.3110
5373.047302	77.501	32.9590
5373.413513	77.498	32.6240
5373.779724	77.498	32.2549
5374.145935	77.495	31.8853
5374.512146	77.496	31.5347
5374.878357	77.503	31.1255
5375.244568	77.497	30.6611
5375.610779	77.480	30.2871
5375.976990	77.477	29.9707
5376.343201	77.477	29.5723
5376.709412	77.463	29.2095
5377.075623	77.464	28.9595
5377.441834	77.486	28.5820
5377.808045	77.488	28.0405
5378.174256	77.467	27.6235
5378.540467	77.464	27.3276
5378.906678	77.472	26.9180
5379.272889	77.464	26.4590
5379.639100	77.451	26.1118
5380.005310	77.453	25.7832
5380.371521	77.456	25.3799
5380.737732	77.451	24.9814
5381.103943	77.449	24.6235
5381.470154	77.452	24.2383
5381.836365	77.450	23.8315
5382.202576	77.446	23.4595
5382.568787	77.448	23.0791
5382.934998	77.446	22.6523
5383.301209	77.436	22.2739
5383.667420	77.435	21.9473
5384.033631	77.439	21.5518
5384.399842	77.433	21.1362
5384.766053	77.425	20.8018
5385.132264	77.430	20.4541
5385.498475	77.432	20.0347
5385.864686	77.427	19.6313
5386.230897	77.422	19.2524
5386.597108	77.417	18.8701
5386.963319	77.412	18.5068
5387.329530	77.411	18.1318
5387.695741	77.406	17.7378
5388.061952	77.397	17.3887
5388.428163	77.398	17.0679
5388.794374	77.406	16.6934
5389.160585	77.409	16.2490
5389.526796	77.400	15.8062
5389.893007	77.386	15.4463
5390.259218	77.385	15.1323
5390.625429	77.391	14.7500
5390.991639	77.389	14.3115
5391.357850	77.378	13.9214
5391.724061	77.373	13.5894
5392.090272	77.376	13.2354
5392.456483	77.378	12.8267
5392.822694	77.370	12.4297
5393.188905	77.366	12.0977
5393.555116	77.373	11.7422
5393.921327	77.377	11.2905
5394.287538	77.364	10.8647
5394.653749	77.355	10.5449
5395.019960	77.361	10.1992
5395.386171	77.361	9.7681
5395.752382	77.349	9.3936
5396.118593	77.349	9.1006
5396.484804	77.363	8.7192
5396.851015	77.365	8.2134
5397.217226	77.344	7.7632
5397.583437	77.324	7.4839
5397.949648	77.331	7.2451
5398.315859	77.352	6.8374
5398.682070	77.349	6.3140
5399.048281	77.327	5.9209
5399.414492	77.321	5.6416
5399.780703	77.328	5.2817
5400.146914	77.327	4.8745
5400.513125	77.325	4.5049
5400.879336	77.326	4.1094
5401.245547	77.322	3.6978
5401.611758	77.316	3.3174
5401.977969	77.309	2.9409
5402.344179	77.302	2.6123
5402.710390	77.309	2.3086
5403.076601	77.323	1.8770
5403.442812	77.316	1.3882
5403.809023	77.299	1.0381
5404.175234	77.302	0.7388
5404.541445	77.310	0.3394
5404.907656	77.308	-0.0830
5405.273867	77.305	-0.4712
5405.640078	77.302	-0.8779
5406.006289	77.293	-1.2559
5406.372500	77.291	-1.5669
5406.738711	77.303	-1.9497
5407.104922	77.301	-2.4346
5407.471133	77.282	-2.8276
5407.837344	77.276	-3.1123
5408.203555	77.284	-3.4639
5408.569766	77.285	-3.8813
5408.935977	77.280	-4.2773
5409.302188	77.274	-4.6646
5409.668399	77.265	-5.0107
5410.034610	77.267	-5.3169
5410.400821	77.276	-5.7061
5410.767032	77.272	-6.1489
5411.133243	77.262	-6.5117
5411.499454	77.262	-6.8501
5411.865665	77.262	-7.2354
5412.231876	77.259	-7.6025
5412.598087	77.262	-7.9722
5412.964298	77.262	-8.4048
5413.330509	77.249	-8.7998
5413.696719	77.243	-9.1040
5414.062930	77.250	-9.4575
5414.429141	77.249	-9.8901
5414.795352	77.235	-10.2393
5415.161563	77.239	-10.5039
5415.527774	77.258	-10.8896
5415.893985	77.261	-11.4004
5416.260196	77.246	-11.8335
5416.626407	77.239	-12.1934
5416.992618	77.232	-12.5957
5417.358829	77.214	-12.9346
5417.725040	77.213	-13.1680
5418.091251	77.231	-13.5063
5418.457462	77.237	-13.9775
5418.823673	77.227	-14.3838
5419.189884	77.225	-14.7314
5419.556095	77.227	-15.1299
5419.922306	77.221	-15.5283
5420.288517	77.218	-15.8931
5420.654728	77.217	-16.2754
5421.020939	77.212	-16.6650
5421.387150	77.207	-17.0361
5421.753361	77.201	-17.3960
5422.119572	77.196	-17.7124
5422.485783	77.204	-18.0073
5422.851994	77.222	-18.4146
5423.218205	77.224	-18.9370
5423.584416	77.205	-19.3813
5423.950627	77.191	-19.7026
5424.316838	77.188	-20.0229
5424.683048	77.188	-20.3535
5425.049259	77.197	-20.7158
5425.415470	77.199	-21.1870
5425.781681	77.179	-21.6050
5426.147892	77.168	-21.8530
5426.514103	77.183	-22.1772
5426.880314	77.184	-22.6411
5427.246525	77.171	-22.9971
5427.612736	77.177	-23.3027
5427.978947	77.187	-23.7544
5428.345158	77.175	-24.2114
5428.711369	77.164	-24.5518
5429.077580	77.166	-24.9150
5429.443791	77.161	-25.3438
5429.810002	77.147	-25.7065
5430.176213	77.144	-26.0000
5430.542424	77.154	-26.3652
5430.908635	77.154	-26.8169
5431.274846	77.141	-27.2188
5431.641057	77.132	-27.5366
5432.007268	77.134	-27.8560
5432.373479	77.141	-28.2124
5432.739690	77.149	-28.6294
5433.105901	77.143	-29.0859
5433.472112	77.128	-29.4492
5433.838323	77.127	-29.7285
5434.204534	77.139	-30.0981
5434.570745	77.138	-30.5376
5434.936956	77.131	-30.9043
5435.303167	77.133	-31.2554
5435.669378	77.134	-31.6650
5436.035588	77.127	-32.0518
5436.401799	77.124	-32.3984
5436.768010	77.125	-32.7788
5437.134221	77.121	-33.1626
5437.500432	77.117	-33.5044
5437.866643	77.122	-33.8599
5438.232854	77.124	-34.2671
5438.599065	77.120	-34.6729
5438.965276	77.116	-35.0391
5439.331487	77.117	-35.4077
5439.697698	77.117	-35.8145
5440.063909	77.111	-36.2041
5440.430120	77.110	-36.5557
5440.796331	77.113	-36.9507
5441.162542	77.106	-37.3706
5441.528753	77.097	-37.7124
5441.894964	77.100	-38.0371
5442.261175	77.104	-38.4277
5442.627386	77.102	-38.8135
5442.993597	77.102	-39.1787
5443.359808	77.104	-39.5757
5443.726019	77.100	-39.9663
5444.092230	77.098	-40.3398
5444.458441	77.096	-40.7412
5444.824652	77.087	-41.1406
5445.190863	77.075	-41.4761
5445.557074	77.072	-41.7476
5445.923285	77.086	-42.0669
5446.289496	77.096	-42.5415
5446.655707	77.080	-43.0181
5447.021917	77.061	-43.3179
5447.388128	77.065	-43.5894
5447.754339	77.074	-43.9756
5448.120550	77.075	-44.4009
5448.486761	77.070	-44.8379
5448.852972	77.053	-45.2310
5449.219183	77.044	-45.5083
5449.585394	77.054	-45.8418
5449.951605	77.053	-46.2886
5450.317816	77.039	-46.6191
5450.684027	77.048	-46.8950
5451.050238	77.063	-47.3491
5451.416449	77.052	-47.8179
5451.782660	77.041	-48.1265
5452.148871	77.052	-48.4619
5452.515082	77.057	-48.9229
5452.881293	77.046	-49.3579
5453.247504	77.034	-49.6914
5453.613715	77.036	-50.0029
5453.979926	77.042	-50.3833
5454.346137	77.039	-50.7998
5454.712348	77.032	-51.1519
5455.078559	77.035	-51.4824
5455.444770	77.039	-51.8818
5455.810981	77.034	-52.2744
5456.177192	77.033	-52.6152
5456.543403	77.038	-52.9946
5456.909614	77.036	-53.4023
5457.275825	77.034	-53.7705
5457.642036	77.037	-54.1592
5458.008247	77.034	-54.5840
5458.374457	77.026	-54.9707
5458.740668	77.022	-55.3433
5459.106879	77.015	-55.7168
5459.473090	77.010	-56.0181
5459.839301	77.023	-56.3394
5460.205512	77.035	-56.8193
5460.571723	77.021	-57.3062
5460.937934	77.004	-57.6318
5461.304145	77.006	-57.9341
5461.670356	77.009	-58.3296
5462.036567	77.001	-58.7080
5462.402778	76.998	-59.0171
5462.768989	77.006	-59.3647
5463.135200	77.008	-59.7812
5463.501411	77.000	-60.1553
5463.867622	77.001	-60.4575
5464.233833	77.015	-60.8389
5464.600044	77.014	-61.3237
5464.966255	76.995	-61.7070
5465.332466	76.992	-61.9707
5465.698677	77.005	-62.3237
5466.064888	77.007	-62.7744
5466.431099	76.998	-63.1792
5466.797310	76.990	-63.5249
5467.163521	76.990	-63.8501
5467.529732	76.999	-64.2236
5467.895943	76.999	-64.6895
5468.262154	76.980	-65.0859
5468.628365	76.974	-65.3467
5468.994576	76.989	-65.6919
5469.360786	76.991	-66.1533
5469.726997	76.981	-66.5425
5470.093208	76.979	-66.8926
5470.459419	76.977	-67.2720
5470.825630	76.975	-67.6089
5471.191841	76.984	-67.9824
5471.558052	76.983	-68.4536
5471.924263	76.966	-68.8462
5472.290474	76.960	-69.1313
5472.656685	76.967	-69.4829
5473.022896	76.965	-69.8843
5473.389107	76.960	-70.2305
5473.755318	76.965	-70.5845
5474.121529	76.967	-71.0024
5474.487740	76.960	-71.4097
5474.853951	76.952	-71.7603
5475.220162	76.951	-72.0962
5475.586373	76.955	-72.4741
5475.952584	76.952	-72.8882
5476.318795	76.942	-73.2554
5476.685006	76.940	-73.5630
5477.051217	76.948	-73.9272
5477.417428	76.947	-74.3584
5477.783639	76.937	-74.7124
5478.149850	76.942	-75.0166
5478.516061	76.956	-75.4380
5478.882272	76.953	-75.9326
5479.248483	76.936	-76.3472
5479.614694	76.924	-76.6929
5479.980905	76.917	-77.0210
5480.347116	76.913	-77.3330
5480.713326	76.915	-77.6558
5481.079537	76.919	-77.9932
5481.445748	76.927	-78.3521
5481.811959	76.932	-78.7729
5482.178170	76.928	-79.1899
5482.544381	76.925	-79.5562
5482.910592	76.926	-79.9697
5483.276803	76.912	-80.3872
5483.643014	76.900	-80.6665
5484.009225	76.912	-80.9497
5484.375436	76.924	-81.3999
5484.741647	76.914	-81.8477
5485.107858	76.907	-82.1777
5485.474069	76.914	-82.5493
5485.840280	76.911	-82.9980
5486.206491	76.897	-83.3682
5486.572702	76.897	-83.6763
5486.938913	76.904	-84.0649
5487.305124	76.899	-84.4839
5487.671335	76.893	-84.8257
5488.037546	76.898	-85.1880
5488.403757	76.895	-85.6157
5488.769968	76.882	-85.9531
5489.136179	76.888	-86.2158
5489.502390	76.907	-86.6089
5489.868601	76.909	-87.1162
5490.234812	76.891	-87.5356
5490.601023	76.880	-87.8247
5490.967234	76.887	-88.1235
5491.333445	76.895	-88.5254
5491.699656	76.891	-88.9473
5492.065866	76.883	-89.2959
5492.432077	76.885	-89.6309
5492.798288	76.889	-90.0122
5493.164499	76.889	-90.4243
5493.530710	76.882	-90.8325
5493.896921	76.871	-91.1758
5494.263132	76.872	-91.4814
5494.629343	76.879	-91.8696
5494.995554	76.874	-92.2856
5495.361765	76.870	-92.6338
5495.727976	76.873	-93.0190
5496.094187	76.866	-93.4390
5496.460398	76.855	-93.7559
5496.826609	76.864	-94.0654
5497.192820	76.871	-94.5024
5497.559031	76.861	-94.9272
5497.925242	76.853	-95.2349
5498.291453	76.861	-95.5488
5498.657664	76.870	-95.9541
5499.023875	76.870	-96.3784
5499.390086	76.868	-96.7686
5499.756297	76.868	-97.1646
5500.122508	76.863	-97.5815
5500.488719	76.851	-97.9517
5500.854930	76.846	-98.2598
5501.221141	76.851	-98.6016
5501.587352	76.852	-99.0146
5501.953563	76.840	-99.3892
5502.319774	76.833	-99.6699
5502.685985	76.842	-99.9756
5503.052195	76.850	-100.3760
5503.418406	76.846	-100.7769
5503.784617	76.843	-101.1294
5504.150828	76.844	-101.4814
5504.517039	76.846	-101.8472
5504.883250	76.849	-102.2432
5505.249461	76.844	-102.6562
5505.615672	76.836	-103.0029
5505.981883	76.840	-103.3223
5506.348094	76.848	-103.7319
5506.714305	76.843	-104.1636
5507.080516	76.836	-104.5176
5507.446727	76.838	-104.8662
5507.812938	76.841	-105.2632
5508.179149	76.838	-105.6592
5508.545360	76.836	-106.0347
5508.911571	76.837	-106.4282
5509.277782	76.832	-106.8481
5509.643993	76.818	-107.2065
5510.010204	76.817	-107.4883
5510.376415	76.829	-107.8540
5510.742626	76.826	-108.3096
5511.108837	76.810	-108.6445
5511.475048	76.816	-108.9053
5511.841259	76.833	-109.3047
5512.207470	76.832	-109.7656
5512.573681	76.827	-110.1514
5512.939892	76.828	-110.5469
5513.306103	76.823	-110.9814
5513.672314	76.811	-111.3608
5514.038525	76.805	-111.6909
5514.404735	76.806	-112.0420
5514.770946	76.803	-112.4116
5515.137157	76.801	-112.7437
5515.503368	76.810	-113.0640
5515.869579	76.825	-113.5117
5516.235790	76.815	-114.0376
5516.602001	76.788	-114.3701
5516.968212	76.790	-114.5542
5517.334423	76.816	-114.9287
5517.700634	76.816	-115.4438
5518.066845	76.799	-115.8022
5518.433056	76.802	-116.0786
5518.799267	76.814	-116.4580
5519.165478	76.817	-116.8765
5519.531689	76.817	-117.2969
5519.897900	76.808	-117.7344
5520.264111	76.789	-118.0664
5520.630322	76.786	-118.2812
5520.996533	76.807	-118.5864
5521.362744	76.820	-119.0581
5521.728955	76.809	-119.5220
5522.095166	76.795	-119.8574
5522.461377	76.795	-120.1533
5522.827588	76.801	-120.5142
5523.193799	76.802	-120.9082
5523.560010	76.799	-121.2866
5523.926221	76.796	-121.6484
5524.292432	76.796	-121.9976
5524.658643	76.801	-122.3809
5525.024854	76.798	-122.7998
5525.391064	76.789	-123.1538
5525.757275	76.793	-123.4692
5526.123486	76.803	-123.8784
5526.489697	76.800	-124.3467
5526.855908	76.785	-124.7466
5527.222119	76.774	-125.0547
5527.588330	76.776	-125.3345
5527.954541	76.789	-125.6914
5528.320752	76.793	-126.1318
5528.686963	76.785	-126.5308
5529.053174	76.782	-126.8643
5529.419385	76.787	-127.2241
5529.785596	76.787	-127.6143
5530.151807	76.785	-127.9829
5530.518018	76.785	-128.3418
5530.884229	76.786	-128.7197
5531.250440	76.783	-129.0913
5531.616651	76.781	-129.4155
5531.982862	76.790	-129.7466
5532.349073	76.800	-130.1636
5532.715284	76.799	-130.6055
5533.081495	76.793	-131.0073
5533.447706	76.788	-131.3975
5533.813917	76.781	-131.7632
5534.180128	76.780	-132.1182
5534.546339	76.776	-132.5098
5534.912550	76.766	-132.8506
5535.278761	76.769	-133.1323
5535.644972	76.784	-133.5352
5536.011183	76.777	-134.0171
5536.377394	76.758	-134.3633
5536.743604	76.757	-134.6265
5537.109815	76.766	-134.9648
5537.476026	76.771	-135.3545
5537.842237	76.773	-135.7515
5538.208448	76.771	-136.1621
5538.574659	76.763	-136.5356
5538.940870	76.760	-136.8643
5539.307081	76.764	-137.2275
5539.673292	76.761	-137.6206
5540.039503	76.755	-137.9531
5540.405714	76.761	-138.2646
5540.771925	76.771	-138.6699
5541.138136	76.766	-139.1021
5541.504347	76.759	-139.4575
5541.870558	76.760	-139.8115
5542.236769	76.758	-140.1885
5542.602980	76.757	-140.5176
5542.969191	76.767	-140.8857
5543.335402	76.768	-141.3472
5543.701613	76.754	-141.7446
5544.067824	76.750	-142.0581
5544.434035	76.753	-142.4146
5544.800246	76.754	-142.7939
5545.166457	76.755	-143.1699
5545.532668	76.755	-143.5811
5545.898879	76.746	-143.9521
5546.265090	76.746	-144.2671
5546.631301	76.754	-144.6514
5546.997512	76.751	-145.0703
5547.363723	76.745	-145.4111
5547.729934	76.751	-145.7520
5548.096144	76.754	-146.1465
5548.462355	76.752	-146.5029
5548.828566	76.761	-146.8511
5549.194777	76.769	-147.2817
5549.560988	76.765	-147.7051
5549.927199	76.763	-148.0635
5550.293410	76.767	-148.4639
5550.659621	76.761	-148.8765
5551.025832	76.756	-149.2168
5551.392043	76.760	-149.6045
5551.758254	76.748	-150.0176
5552.124465	76.735	-150.2695
5552.490676	76.753	-150.5356
5552.856887	76.766	-151.0195
5553.223098	76.748	-151.4502
5553.589309	76.740	-151.7026
5553.955520	76.751	-152.0352
5554.321731	76.750	-152.4380
5554.687942	76.746	-152.7451
5555.054153	76.758	-153.0757
5555.420364	76.766	-153.5024
5555.786575	76.763	-153.9058
5556.152786	76.765	-154.2900
5556.518997	76.764	-154.7188
5556.885208	76.754	-155.1270
5557.251419	76.744	-155.4546
5557.617630	76.746	-155.7539
5557.983841	76.756	-156.1201
5558.350052	76.760	-156.5630
5558.716263	76.751	-156.9810
5559.082473	76.743	-157.3184
5559.448684	76.745	-157.6401
5559.814895	76.751	-158.0210
5560.181106	76.750	-158.4287
5560.547317	76.744	-158.7832
5560.913528	76.747	-159.1108
5561.279739	76.754	-159.5010
5561.645950	76.751	-159.9165
5562.012161	76.743	-160.2578
5562.378372	76.746	-160.5527
5562.744583	76.760	-160.9224
5563.110794	76.762	-161.3735
5563.477005	76.750	-161.7549
5563.843216	76.749	-162.0293
5564.209427	76.766	-162.3906
5564.575638	76.768	-162.8618
5564.941849	76.755	-163.2334
5565.308060	76.759	-163.5454
5565.674271	76.765	-163.9624
5566.040482	76.755	-164.3682
5566.406693	76.750	-164.6772
5566.772904	76.756	-165.0166
5567.139115	76.759	-165.3916
5567.505326	76.763	-165.7651
5567.871537	76.766	-166.1914
5568.237748	76.757	-166.5913
5568.603959	76.753	-166.9209
5568.970170	76.756	-167.3057
5569.336381	76.747	-167.6855
5569.702592	76.745	-167.9663
5570.068803	76.758	-168.3174
5570.435013	76.759	-168.7520
5570.801224	76.754	-169.0952
5571.167435	76.765	-169.4565
5571.533646	76.764	-169.9219
5571.899857	76.749	-170.2900
5572.266068	76.749	-170.5776
5572.632279	76.755	-170.9478
5572.998490	76.752	-171.3135
5573.364701	76.757	-171.6455
5573.730912	76.763	-172.0415
5574.097123	76.760	-172.4312
5574.463334	76.762	-172.7949
5574.829545	76.761	-173.2139
5575.195756	76.748	-173.5742
5575.561967	76.746	-173.8198
5575.928178	76.766	-174.1450
5576.294389	76.777	-174.6245
5576.660600	76.764	-175.0884
5577.026811	76.748	-175.4009
5577.393022	76.753	-175.6577
5577.759233	76.769	-176.0537
5578.125444	76.764	-176.5200
5578.491655	76.750	-176.8438
5578.857866	76.757	-177.1289
5579.224077	76.767	-177.5381
5579.590288	76.763	-177.9414
5579.956499	76.763	-178.2974
5580.322710	76.763	-178.6978
5580.688921	76.756	-179.0542
5581.055132	76.760	-179.3618
5581.421342	76.772	-179.7681
5581.787553	76.771	179.7837
5582.153764	76.765	179.3779
5582.519975	76.756	178.9756
5582.886186	76.742	178.6533
5583.252397	76.747	178.3931
5583.618608	76.761	178.0034
5583.984819	76.757	177.5654
5584.351030	76.751	177.2461
5584.717241	76.760	176.9170
5585.083452	76.767	176.5137
5585.449663	76.771	176.1289
5585.815874	76.778	175.7046
5586.182085	76.773	175.2378
5586.548296	76.758	174.8623
5586.914507	76.752	174.5454
5587.280718	76.750	174.2280
5587.646929	76.755	173.9365
5588.013140	76.772	173.5776
5588.379351	76.778	173.1128
5588.745562	76.767	172.7065
5589.111773	76.764	172.3926
5589.477984	76.771	172.0400
5589.844195	76.773	171.6416
5590.210406	76.770	171.2710
5590.576617	76.770	170.9287
5590.942828	76.777	170.5615
5591.309039	76.779	170.1367
5591.675250	76.769	169.7358
5592.041461	76.761	169.4365
5592.407672	76.770	169.1274
5592.773882	76.778	168.7100
5593.140093	76.770	168.3115
5593.506304	76.768	168.0063
5593.872515	76.778	167.6655
5594.238726	76.782	167.2588
5594.604937	76.781	166.8916
5594.971148	76.788	166.5264
5595.337359	76.792	166.1040
5595.703570	76.786	165.7158
5596.069781	76.789	165.3779
5596.435992	76.797	164.9731
5596.802203	76.795	164.5132
5597.168414	76.780	164.1104
5597.534625	76.766	163.8032
5597.900836	76.765	163.5532
5598.267047	76.778	163.2588
5598.633258	76.790	162.8765
5598.999469	76.796	162.4883
5599.365680	76.804	162.0859
5599.731891	76.805	161.6152
5600.098102	76.790	161.2061
5600.464313	76.784	160.9028
5600.830524	76.789	160.5498
5601.196735	76.786	160.1714
5601.562946	76.787	159.8413
5601.929157	76.795	159.4355
5602.295368	76.786	159.0054
5602.661579	76.776	158.7148
5603.027790	76.790	158.4019
5603.394001	76.797	157.9551
5603.760211	76.790	157.5591
5604.126422	76.792	157.1987
5604.492633	76.791	156.7769
5604.858844	76.781	156.4404
5605.225055	76.792	156.1382
5605.591266	76.805	155.6582
5605.957477	76.786	155.1895
5606.323688	76.770	154.9326
5606.689899	76.782	154.6724
5607.056110	76.795	154.2803
5607.422321	76.798	153.8755
5607.788532	76.800	153.4800
5608.154743	76.797	153.0913
5608.520954	76.794	152.7520
5608.887165	76.798	152.4106
5609.253376	76.802	152.0405
5609.619587	76.805	151.6743
5609.985798	76.809	151.2861
5610.352009	76.805	150.8975
5610.718220	76.802	150.5767
5611.084431	76.810	150.2529
5611.450642	76.818	149.8525
5611.816853	76.816	149.4561
5612.183064	76.816	149.1064
5612.549275	76.820	148.7271
5612.915486	76.818	148.3208
5613.281697	76.812	147.9722
5613.647908	76.815	147.6538
5614.014119	76.823	147.2710
5614.380330	76.822	146.8516
5614.746541	76.815	146.4844
5615.112751	76.814	146.1587
5615.478962	76.819	145.8213
5615.845173	76.828	145.4458
5616.211384	76.834	145.0195
5616.577595	76.830	144.5962
5616.943806	76.824	144.2319
5617.310017	76.827	143.8730
5617.676228	76.829	143.4751
5618.042439	76.825	143.0903
5618.408650	76.824	142.7368
5618.774861	76.828	142.3740
5619.141072	76.832	141.9800
5619.507283	76.832	141.5640
5619.873494	76.825	141.1792
5620.239705	76.821	140.8481
5620.605916	76.825	140.4985
5620.972127	76.826	140.1187
5621.338338	76.824	139.7778
5621.704549	76.831	139.4346
5622.070760	76.834	139.0410
5622.436971	76.832	138.6880
5622.803182	76.840	138.3594
5623.169393	76.851	137.9321
5623.535604	76.844	137.4917
5623.901815	76.835	137.1694
5624.268026	76.842	136.8511
5624.634237	76.849	136.4424
5625.000448	76.845	136.0405
5625.366659	76.841	135.6836
5625.732870	76.838	135.3296
5626.099081	76.836	135.0049
5626.465291	76.842	134.7041
5626.831502	76.857	134.3325
5627.197713	76.864	133.8740
5627.563924	76.856	133.4448
5627.930135	76.849	133.1104
5628.296346	76.855	132.7681
5628.662557	76.858	132.3535
5629.028768	76.852	131.9697
5629.394979	76.852	131.6401
5629.761190	76.859	131.2598
5630.127401	76.858	130.8569
5630.493612	76.857	130.4917
5630.859823	76.858	130.1030
5631.226034	76.852	129.7178
5631.592245	76.849	129.4087
5631.958456	76.858	129.0854
5632.324667	76.866	128.6914
5632.690878	76.868	128.3037
5633.057089	76.872	127.9229
5633.423300	76.875	127.5215
5633.789511	76.874	127.1367
5634.155722	76.875	126.7642
5634.521933	76.875	126.3911
5634.888144	76.878	126.0254
5635.254355	76.881	125.6323
5635.620566	76.878	125.2324
5635.986777	76.873	124.8892
5636.352988	76.876	124.5693
5636.719199	76.883	124.2168
5637.085410	76.890	123.8242
5637.451620	76.891	123.4072
5637.817831	76.884	123.0464
5638.184042	76.888	122.7368
5638.550253	76.899	122.3452
5638.916464	76.895	121.9341
5639.282675	76.896	121.6191
5639.648886	76.911	121.2319
5640.015097	76.909	120.7402
5640.381308	76.892	120.3818
5640.747519	76.896	120.0928
5641.113730	76.902	119.6787
5641.479941	76.890	119.2939
5641.846152	76.887	119.0298
5642.212363	76.900	118.7046
5642.578574	76.905	118.3027
5642.944785	76.905	117.9473
5643.310996	76.912	117.5991
5643.677207	76.919	117.1880
5644.043418	76.916	116.7764
5644.409629	76.911	116.4341
5644.775840	76.917	116.1006
5645.142051	76.923	115.7051
5645.508262	76.921	115.3149
5645.874473	76.923	114.9580
5646.240684	76.927	114.5586
5646.606895	76.921	114.1680
5646.973106	76.918	113.8564
5647.339317	76.928	113.5171
5647.705528	76.935	113.1055
5648.071739	76.935	112.7065
5648.437950	76.936	112.3208
5648.804160	76.935	111.9277
5649.170371	76.931	111.5640
5649.536582	76.932	111.2305
5649.902793	76.941	110.8770
5650.269004	76.949	110.4536
5650.635215	76.944	110.0098
5651.001426	76.934	109.6729
5651.367637	76.942	109.3726
5651.733848	76.953	108.9424
5652.100059	76.942	108.5049
5652.466270	76.933	108.2329
5652.832481	76.951	107.9517
5653.198692	76.969	107.4756
5653.564903	76.956	106.9824
5653.931114	76.938	106.6855
5654.297325	76.946	106.4604
5654.663536	76.970	106.0811
5655.029747	76.977	105.5801
5655.395958	76.964	105.1411
5655.762169	76.953	104.8223
5656.128380	76.956	104.5391
5656.494591	76.970	104.1821
5656.860802	76.977	103.7412
5657.227013	76.971	103.3228
5657.593224	76.965	102.9819
5657.959435	76.969	102.6538
5658.325646	76.978	102.2788
5658.691857	76.983	101.8584
5659.058068	76.980	101.4419
5659.424279	76.974	101.0762
5659.790489	76.974	100.7407
5660.156700	76.981	100.3843
5660.522911	76.987	99.9873
5660.889122	76.988	99.5664
5661.255333	76.981	99.1880
5661.621544	76.980	98.8726
5661.987755	76.989	98.5239
5662.353966	76.995	98.1201
5662.720177	76.995	97.7407
5663.086388	76.998	97.3657
5663.452599	76.997	96.9717
5663.818810	76.993	96.6396
5664.185021	77.002	96.3262
5664.551232	77.013	95.9077
5664.917443	77.007	95.4844
5665.283654	77.004	95.1646
5665.649865	77.014	94.7979
5666.016076	77.009	94.3560
5666.382287	76.994	94.0557
5666.748498	77.007	93.8271
5667.114709	77.031	93.3916
5667.480920	77.022	92.8877
5667.847131	77.006	92.5898
5668.213342	77.017	92.3359
5668.579553	77.035	91.9263
5668.945764	77.037	91.4868
5669.311975	77.037	91.0996
5669.678186	77.040	90.6997
5670.044397	77.039	90.2969
5670.410608	77.039	89.8975
5670.776819	77.034	89.4907
5671.143029	77.026	89.1504
5671.509240	77.030	88.8481
5671.875451	77.040	88.4556
5672.241662	77.036	88.0464
5672.607873	77.033	87.7402
5672.974084	77.047	87.3960
5673.340295	77.052	86.9380
5673.706506	77.041	86.5640
5674.072717	77.045	86.2764
5674.438928	77.058	85.8755
5674.805139	77.053	85.4473
5675.171350	77.047	85.1450
5675.537561	77.060	84.8140
5675.903772	77.066	84.3848
5676.269983	77.061	84.0098
5676.636194	77.066	83.6729
5677.002405	77.073	83.2798
5677.368616	77.074	82.8813
5677.734827	77.075	82.4927
5678.101038	77.072	82.0986
5678.467249	77.069	81.7612
5678.833460	77.078	81.4321
5679.199671	77.089	81.0122
5679.565882	77.088	80.5713
5679.932093	77.084	80.1851
5680.298304	77.083	79.8115
5680.664515	77.083	79.4424
5681.030726	77.086	79.0737
5681.396937	77.087	78.6758
5681.763148	77.083	78.3047
5682.129359	77.085	77.9790
5682.495569	77.094	77.6089
5682.861780	77.097	77.2104
5683.227991	77.099	76.8462
5683.594202	77.106	76.4561
5683.960413	77.105	76.0410
5684.326624	77.101	75.6831
5684.692835	77.104	75.3457
5685.059046	77.109	74.9849
5685.425257	77.116	74.6191
5685.791468	77.122	74.2095
5686.157679	77.118	73.7944
5686.523890	77.113	73.4717
5686.890101	77.123	73.1562
5687.256312	77.134	72.7534
5687.622523	77.137	72.3276
5687.988734	77.134	71.9229
5688.354945	77.129	71.5591
5688.721156	77.131	71.2241
5689.087367	77.136	70.8340
5689.453578	77.129	70.4614
5689.819789	77.130	70.1904
5690.186000	77.149	69.8311
5690.552211	77.151	69.3691
5690.918422	77.143	69.0381
5691.284633	77.157	68.7280
5691.650844	77.169	68.2646
5692.017055	77.161	67.8330
5692.383266	77.158	67.4883
5692.749477	77.161	67.1060
5693.115688	77.159	66.7319
5693.481898	77.162	66.3638
5693.848109	77.161	65.9595
5694.214320	77.156	65.6216
5694.580531	77.165	65.2812
5694.946742	77.168	64.8413
5695.312953	77.158	64.4883
5695.679164	77.168	64.2017
5696.045375	77.185	63.7490
5696.411586	77.177	63.2661
5696.777797	77.166	62.9316
5697.144008	77.171	62.6035
5697.510219	77.177	62.2202
5697.876430	77.181	61.8223
5698.242641	77.179	61.3965
5698.608852	77.169	61.0483
5698.975063	77.175	60.7690
5699.341274	77.190	60.3569
5699.707485	77.179	59.9180
5700.073696	77.169	59.6846
5700.439907	77.194	59.4546
5700.806118	77.224	58.9849
5701.172329	77.224	58.4521
5701.538540	77.212	58.0620
5701.904751	77.213	57.7300
5702.270962	77.218	57.3413
5702.637173	77.214	56.9497
5703.003384	77.213	56.6157
5703.369595	77.220	56.2637
5703.735806	77.225	55.8491
5704.102017	77.219	55.4546
5704.468228	77.215	55.1123
5704.834438	77.216	54.7764
5705.200649	77.219	54.4399
5705.566860	77.227	54.0923
5705.933071	77.236	53.6968
5706.299282	77.239	53.2783
5706.665493	77.237	52.8833
5707.031704	77.237	52.4956
5707.397915	77.234	52.1050
5707.764126	77.227	51.7759
5708.130337	77.235	51.5034
5708.496548	77.258	51.1230
5708.862759	77.266	50.6025
5709.228970	77.252	50.1685
5709.595181	77.249	49.8740
5709.961392	77.266	49.4995
5710.327603	77.270	49.0107
5710.693814	77.260	48.5718
5711.060025	77.249	48.2095
5711.426236	77.242	47.8960
5711.792447	77.246	47.6182
5712.158658	77.263	47.2705
5712.524869	77.272	46.8320
5712.891080	77.271	46.4126
5713.257291	77.269	46.0200
5713.623502	77.263	45.6396
5713.989713	77.258	45.3394
5714.355924	77.269	45.0537
5714.722135	77.284	44.6655
5715.088346	77.287	44.2705
5715.454557	77.296	43.9409
5715.820767	77.317	43.5239
5716.186978	77.323	42.9810
5716.553189	77.303	42.5190
5716.919400	77.287	42.2334
5717.285611	77.294	41.9819
5717.651822	77.312	41.6270
5718.018033	77.323	41.1865
5718.384244	77.323	40.7510
5718.750455	77.321	40.3442
5719.116666	77.316	39.9492
5719.482877	77.308	39.6084
5719.849088	77.310	39.3359
5720.215299	77.331	38.9956
5720.581510	77.344	38.5059
5720.947721	77.333	38.0371
5721.313932	77.322	37.7197
5721.680143	77.331	37.3945
5722.046354	77.337	36.9595
5722.412565	77.328	36.5771
5722.778776	77.330	36.2778
5723.144987	77.342	35.8970
5723.511198	77.342	35.4658
5723.877409	77.337	35.1196
5724.243620	77.344	34.7847
5724.609831	77.351	34.3843
5724.976042	77.350	33.9995
5725.342253	77.352	33.6611
5725.708464	77.362	33.3071
5726.074675	77.372	32.9004
5726.440886	77.374	32.4712
5726.807097	77.372	32.0791
5727.173307	77.374	31.7046
5727.539518	77.374	31.2856
5727.905729	77.361	30.9072
5728.271940	77.355	30.6538
5728.638151	77.373	30.3701
5729.004362	77.389	29.9297
5729.370573	77.383	29.4819
5729.736784	77.375	29.1406
5730.102995	77.377	28.8188
5730.469206	77.382	28.4785
5730.835417	77.392	28.1265
5731.201628	77.402	27.7031
5731.567839	77.397	27.2568
5731.934050	77.388	26.9077
5732.300261	77.393	26.5830
5732.666472	77.398	26.1812
5733.032683	77.394	25.7954
5733.398894	77.395	25.4766
5733.765105	77.407	25.1138
5734.131316	77.413	24.6724
5734.497527	77.408	24.2593
5734.863738	77.407	23.9126
5735.229949	77.415	23.5356
5735.596160	77.417	23.1016
5735.962371	77.410	22.7158
5736.328582	77.410	22.3818
5736.694793	77.415	22.0171
5737.061004	77.418	21.6543
5737.427215	77.427	21.2959
5737.793426	77.435	20.8770
5738.159636	77.434	20.4668
5738.525847	77.437	20.1001
5738.892058	77.440	19.6938
5739.258269	77.436	19.3174
5739.624480	77.441	19.0112
5739.990691	77.458	18.6094
5740.356902	77.457	18.1294
5740.723113	77.445	17.7622
5741.089324	77.446	17.4736
5741.455535	77.459	17.1416
5741.821746	77.474	16.7476
5742.187957	77.483	16.2817
5742.554168	77.476	15.8213
5742.920379	77.466	15.4692
5743.286590	77.468	15.1450
5743.652801	77.472	14.7852
5744.019012	77.476	14.4614
5744.385223	77.493	14.1035
5744.751434	77.505	13.6177
5745.117645	77.495	13.1538
5745.483856	77.486	12.8247
5745.850067	77.493	12.5039
5746.216278	77.503	12.1030
5746.582489	77.505	11.6675
5746.948700	77.499	11.2617
5747.314911	77.496	10.9150
5747.681122	77.502	10.5513
5748.047333	77.501	10.1143
5748.413544	77.486	9.7534
5748.779755	77.486	9.5132
5749.145966	77.507	9.1743
5749.512176	77.514	8.7139
5749.878387	77.508	8.3159
5750.244598	77.509	7.9575
5750.610809	77.506	7.5894
5750.977020	77.507	7.2944
5751.343231	77.525	6.9653
5751.709442	77.537	6.4961
5752.075653	77.531	6.0767
5752.441864	77.535	5.7471
5752.808075	77.546	5.3145
5753.174286	77.536	4.8706
5753.540497	77.529	4.5879
5753.906708	77.548	4.2793
5754.272919	77.563	3.7969
5754.639130	77.553	3.3320
5755.005341	77.545	3.0020
5755.371552	77.552	2.6826
5755.737763	77.563	2.2915
5756.103974	77.567	1.8706
5756.470185	77.567	1.4639
5756.836396	77.567	1.0654
5757.202607	77.564	0.6724
5757.568818	77.560	0.3267
5757.935029	77.566	0.0103
5758.301240	77.578	-0.3833
5758.667451	77.578	-0.8374
5759.033662	77.567	-1.2021
5759.399873	77.568	-1.4746
5759.766084	77.584	-1.8076
5760.132295	77.597	-2.2344
5760.498506	77.599	-2.6587
5760.864716	77.601	-3.0566
5761.230927	77.601	-3.4561
5761.597138	77.600	-3.8281
5761.963349	77.605	-4.1816
5762.329560	77.613	-4.5874
5762.695771	77.611	-5.0107
5763.061982	77.607	-5.3574
5763.428193	77.615	-5.6919
5763.794404	77.625	-6.1138
5764.160615	77.623	-6.5479
5764.526826	77.619	-6.9111
5764.893037	77.621	-7.2671
5765.259248	77.623	-7.6460
5765.625459	77.624	-7.9863
5765.991670	77.635	-8.3311
5766.357881	77.646	-8.7749
5766.724092	77.640	-9.2241
5767.090303	77.632	-9.5630
5767.456514	77.638	-9.8921
5767.822725	77.643	-10.2769
5768.188936	77.644	-10.6294
5768.555147	77.654	-10.9834
5768.921358	77.662	-11.4175
5769.287569	77.659	-11.8315
5769.653780	77.658	-12.1934
5770.019991	77.660	-12.5854
5770.386202	77.655	-12.9487
5770.752413	77.660	-13.2446
5771.118624	77.678	-13.6191
5771.484835	77.685	-14.1021
5771.851045	77.676	-14.5386
5772.217256	77.668	-14.8594
5772.583467	77.677	-15.1543
5772.949678	77.697	-15.5620
5773.315889	77.701	-16.0728
5773.682100	77.688	-16.5063
5774.048311	77.680	-16.8330
5774.414522	77.681	-17.1719
5774.780733	77.682	-17.4829
5775.146944	77.699	-17.7656
5775.513155	77.728	-18.2163
5775.879366	77.730	-18.7881
5776.245577	77.711	-19.2222
5776.611788	77.703	-19.5347
5776.977999	77.704	-19.8535
5777.344210	77.711	-20.1592
5777.710421	77.731	-20.5239
5778.076632	77.743	-21.0308
5778.442843	77.728	-21.4956
5778.809054	77.715	-21.7783
5779.175265	77.729	-22.0640
5779.541476	77.742	-22.4951
5779.907687	77.737	-22.9233
5780.273898	77.734	-23.2510
5780.640109	77.743	-23.6006
5781.006320	77.747	-23.9897
5781.372531	77.752	-24.3418
5781.738742	77.766	-24.7627
5782.104953	77.762	-25.2656
5782.471164	77.741	-25.6089
5782.837375	77.747	-25.8325
5783.203585	77.770	-26.2090
5783.569796	77.775	-26.6782
5783.936007	77.773	-27.0796
5784.302218	77.774	-27.4751
5784.668429	77.770	-27.8491
5785.034640	77.773	-28.1655
5785.400851	77.787	-28.5483
5785.767062	77.790	-28.9873
5786.133273	77.788	-29.3667
5786.499484	77.791	-29.7354
5786.865695	77.792	-30.1055
5787.231906	77.798	-30.4380
5787.598117	77.814	-30.8384
5787.964328	77.818	-31.3193
5788.330539	77.810	-31.7339
5788.696750	77.809	-32.0942
5789.062961	77.809	-32.4829
5789.429172	77.806	-32.8545
5789.795383	77.806	-33.1968
5790.161594	77.810	-33.5596
5790.527805	77.813	-33.9272
5790.894016	77.817	-34.2876
5791.260227	77.824	-34.6641
5791.626438	77.831	-35.0610
5791.992649	77.834	-35.4712
5792.358860	77.833	-35.8569
5792.725071	77.837	-36.2002
5793.091282	77.850	-36.5874
5793.457493	77.856	-37.0527
5793.823704	77.849	-37.4683
5794.189914	77.849	-37.7910
5794.556125	77.862	-38.1455
5794.922336	77.873	-38.5830
5795.288547	77.875	-39.0293
5795.654758	77.872	-39.4380
5796.020969	77.870	-39.8096
5796.387180	77.874	-40.1694
5796.753391	77.880	-40.5654
5797.119602	77.878	-40.9746
5797.485813	77.874	-41.3115
5797.852024	77.883	-41.6167
5798.218235	77.899	-42.0142
5798.584446	77.903	-42.4761
5798.950657	77.896	-42.8750
5799.316868	77.896	-43.2192
5799.683079	77.901	-43.5864
5800.049290	77.903	-43.9609
5800.415501	77.909	-44.3232
5800.781712	77.918	-44.7334
5801.147923	77.917	-45.1743
5801.514134	77.911	-45.5488
5801.880345	77.916	-45.9019
5802.246556	77.920	-46.3223
5802.612767	77.913	-46.7202
5802.978978	77.910	-47.0391
5803.345189	77.918	-47.3911
5803.711400	77.919	-47.7661
5804.077611	77.924	-48.0747
5804.443822	77.946	-48.4341
5804.810033	77.960	-48.9321
5805.176244	77.952	-49.4102
5805.542454	77.942	-49.7598
5805.908665	77.947	-50.0630
5806.274876	77.964	-50.4302
5806.641087	77.976	-50.9033
5807.007298	77.969	-51.3774
5807.373509	77.959	-51.7310
5807.739720	77.965	-52.0620
5808.105931	77.973	-52.4844
5808.472142	77.968	-52.8979
5808.838353	77.966	-53.2480
5809.204564	77.970	-53.6240
5809.570775	77.969	-54.0137
5809.936986	77.968	-54.3623
5810.303197	77.975	-54.7310
5810.669408	77.976	-55.1348
5811.035619	77.973	-55.4922
5811.401830	77.979	-55.8262
5811.768041	77.988	-56.2139
5812.134252	77.992	-56.6104
5812.500463	77.999	-56.9854
5812.866674	78.008	-57.4116
5813.232885	78.006	-57.8638
5813.599096	77.998	-58.2271
5813.965307	78.003	-58.5366
5814.331518	78.017	-58.9214
5814.697729	78.023	-59.3667
5815.063940	78.021	-59.7666
5815.430151	78.025	-60.1294
5815.796362	78.032	-60.5400
5816.162573	78.030	-60.9683
5816.528784	78.024	-61.3193
5816.894994	78.029	-61.6333
5817.261205	78.041	-61.9961
5817.627416	78.049	-62.3921
5817.993627	78.056	-62.7939
5818.359838	78.059	-63.2007
5818.726049	78.060	-63.5693
5819.092260	78.071	-63.9321
5819.458471	78.082	-64.3774
5819.824682	78.078	-64.8330
5820.190893	78.074	-65.1978
5820.557104	78.080	-65.5786
5820.923315	78.078	-66.0225
5821.289526	78.066	-66.3745
5821.655737	78.071	-66.6548
5822.021948	78.086	-67.0410
5822.388159	78.088	-67.4766
5822.754370	78.087	-67.8481
5823.120581	78.093	-68.2324
5823.486792	78.094	-68.6401
5823.853003	78.095	-69.0142
5824.219214	78.099	-69.4185
5824.585425	78.094	-69.8247
5824.951636	78.091	-70.1392
5825.317847	78.105	-70.4805
5825.684058	78.114	-70.9341
5826.050269	78.108	-71.3594
5826.416480	78.106	-71.7114
5826.782691	78.110	-72.0674
5827.148902	78.117	-72.4307
5827.515113	78.129	-72.8389
5827.881323	78.130	-73.3096
5828.247534	78.118	-73.6938
5828.613745	78.121	-73.9658
5828.979956	78.143	-74.3452
5829.346167	78.148	-74.8506
5829.712378	78.135	-75.2441
5830.078589	78.140	-75.5386
5830.444800	78.156	-75.9482
5830.811011	78.153	-76.4111
5831.177222	78.146	-76.7446
5831.543433	78.158	-77.0581
5831.909644	78.171	-77.4917
5832.275855	78.168	-77.9165
5832.642066	78.170	-78.2549
5833.008277	78.184	-78.6582
5833.374488	78.183	-79.1396
5833.740699	78.170	-79.5195
5834.106910	78.171	-79.8208
5834.473121	78.180	-80.1953
5834.839332	78.180	-80.5854
5835.205543	78.186	-80.9360
5835.571754	78.195	-81.3550
5835.937965	78.190	-81.7812
5836.304176	78.189	-82.1128
5836.670387	78.202	-82.5029
5837.036598	78.200	-82.9673
5837.402809	78.191	-83.3091
5837.769020	78.203	-83.6372
5838.135231	78.212	-84.1016
5838.501442	78.205	-84.5054
5838.867653	78.212	-84.8354
5839.233863	78.224	-85.3008
5839.600074	78.213	-85.7578
5839.966285	78.208	-86.0527
5840.332496	78.224	-86.4126
5840.698707	78.227	-86.8804
5841.064918	78.220	-87.2427
5841.431129	78.230	-87.5713
5841.797340	78.241	-88.0029
5842.163551	78.239	-88.4160
5842.529762	78.243	-88.7896
5842.895973	78.245	-89.2173
5843.262184	78.234	-89.5820
5843.628395	78.238	-89.8335
5843.994606	78.263	-90.1987
5844.360817	78.271	-90.7109
5844.727028	78.257	-91.1133
5845.093239	78.259	-91.4009
5845.459450	78.272	-91.7808
5845.825661	78.272	-92.1904
5846.191872	78.276	-92.5083
5846.558083	78.296	-92.8989
5846.924294	78.302	-93.4106
5847.290505	78.291	-93.8198
5847.656716	78.297	-94.1582
5848.022927	78.307	-94.6289
5848.389138	78.293	-95.0967
5848.755349	78.281	-95.3950
5849.121560	78.292	-95.6914
5849.487771	78.306	-96.1025
5849.853982	78.312	-96.5537
5850.220192	78.311	-97.0200
5850.586403	78.297	-97.4370
5850.952614	78.289	-97.7354
5851.318825	78.298	-98.0449
5851.685036	78.305	-98.4336
5852.051247	78.308	-98.7900
5852.417458	78.322	-99.1553
5852.783669	78.331	-99.6074
5853.149880	78.328	-100.0327
5853.516091	78.329	-100.4111
5853.882302	78.328	-100.8062
5854.248513	78.325	-101.1309
5854.614724	78.341	-101.4375
5854.980935	78.362	-101.9102
5855.347146	78.355	-102.4185
5855.713357	78.343	-102.7588
5856.079568	78.353	-103.0601
5856.445779	78.369	-103.4795
5856.811990	78.372	-103.9556
5857.178201	78.364	-104.3765
5857.544412	78.360	-104.7139
5857.910623	78.369	-105.0581
5858.276834	78.377	-105.4727
5858.643045	78.377	-105.8643
5859.009256	78.384	-106.2178
5859.375467	78.397	-106.6597
5859.741678	78.392	-107.1450
5860.107889	78.375	-107.5063
5860.474100	78.373	-107.7554
5860.840311	78.391	-108.0371
5861.206522	78.416	-108.4531
5861.572732	78.424	-108.9702
5861.938943	78.413	-109.4165
5862.305154	78.408	-109.7290
5862.671365	78.422	-110.0830
5863.037576	78.428	-110.5405
5863.403787	78.423	-110.9351
5863.769998	78.430	-111.2749
5864.136209	78.442	-111.7227
5864.502420	78.437	-112.1978
5864.868631	78.430	-112.5732
5865.234842	78.433	-112.9644
5865.601053	78.428	-113.3936
5865.967264	78.419	-113.7275
5866.333475	78.426	-114.0459
5866.699686	78.435	-114.4609
5867.065897	78.433	-114.8608
5867.432108	78.437	-115.2173
5867.798319	78.444	-115.6294
5868.164530	78.441	-116.0347
5868.530741	78.442	-116.3735
5868.896952	78.451	-116.7407
5869.263163	78.455	-117.1328
5869.629374	78.460	-117.4727
5869.995585	78.477	-117.8418
5870.361796	78.491	-118.3164
5870.728007	78.489	-118.7910
5871.094218	78.484	-119.1841
5871.460429	78.487	-119.5645
5871.826640	78.488	-119.9829
5872.192851	78.480	-120.3711
5872.559061	78.477	-120.6763
5872.925272	78.489	-120.9858
5873.291483	78.504	-121.3853
5873.657694	78.510	-121.8203
5874.023905	78.513	-122.2368
5874.390116	78.514	-122.6519
5874.756327	78.512	-123.0503
5875.122538	78.512	-123.4185
5875.488749	78.515	-123.7837
5875.854960	78.522	-124.1592
5876.221171	78.530	-124.5693
5876.587382	78.532	-124.9961
5876.953593	78.532	-125.3774
5877.319804	78.541	-125.7812
5877.686015	78.540	-126.2456
5878.052226	78.529	-126.6226
5878.418437	78.533	-126.9336
5878.784648	78.543	-127.3271
5879.150859	78.544	-127.7231
5879.517070	78.553	-128.1016
5879.883281	78.557	-128.5674
5880.249492	78.543	-128.9565
5880.615703	78.547	-129.2100
5880.981914	78.570	-129.6128
5881.348125	78.568	-130.1196
5881.714336	78.556	-130.4502
5882.080547	78.570	-130.7515
5882.446758	78.584	-131.2026
5882.812969	78.581	-131.6318
5883.179180	78.583	-131.9941
5883.545391	78.590	-132.4053
5883.911601	78.589	-132.8081
5884.277812	78.593	-133.1685
5884.644023	78.601	-133.5776
5885.010234	78.601	-134.0015
5885.376445	78.601	-134.3682
5885.742656	78.609	-134.7417
5886.108867	78.616	-135.1660
5886.475078	78.617	-135.5908
5886.841289	78.618	-135.9927
5887.207500	78.619	-136.3872
5887.573711	78.621	-136.7935
5887.939922	78.618	-137.1973
5888.306133	78.614	-137.5381
5888.672344	78.623	-137.8560
5889.038555	78.639	-138.2793
5889.404766	78.637	-138.7461
5889.770977	78.631	-139.1040
5890.137188	78.641	-139.4482
5890.503399	78.652	-139.9043
5890.869610	78.645	-140.3560
5891.235821	78.638	-140.7134
5891.602032	78.641	-141.0532
5891.968243	78.649	-141.4312
5892.334454	78.656	-141.8477
5892.700665	78.656	-142.2793
5893.066876	78.652	-142.6753
5893.433087	78.652	-143.0361
5893.799298	78.656	-143.3994
5894.165509	78.662	-143.7832
5894.531720	78.668	-144.1987
5894.897931	78.666	-144.6040
5895.264141	78.667	-144.9580
5895.630352	78.676	-145.3306
5895.996563	78.683	-145.7466
5896.362774	78.686	-146.1504
5896.728985	78.690	-146.5610
5897.095196	78.688	-146.9639
5897.461407	78.691	-147.3086
5897.827618	78.704	-147.7095
5898.193829	78.704	-148.1880
5898.560040	78.692	-148.5396
5898.926251	78.703	-148.8281
5899.292462	78.721	-149.2954
5899.658673	78.710	-149.7871
5900.024884	78.696	-150.0781
5900.391095	78.710	-150.3511
5900.757306	78.728	-150.7646
5901.123517	78.735	-151.2158
5901.489728	78.736	-151.6636
5901.855939	78.728	-152.0830
5902.222150	78.723	-152.3945
5902.588361	78.739	-152.7285
5902.954572	78.750	-153.2017
5903.320783	78.742	-153.6226
5903.686994	78.747	-153.9512
5904.053205	78.761	-154.4053
5904.419416	78.751	-154.8940
5904.785627	78.737	-155.1919
5905.151838	78.753	-155.4766
5905.518049	78.772	-155.9497
5905.884260	78.765	-156.4395
5906.250470	78.754	-156.7852
5906.616681	78.762	-157.1030
5906.982892	78.775	-157.5259
5907.349103	78.772	-157.9888
5907.715314	78.762	-158.3394
5908.081525	78.770	-158.6250
5908.447736	78.790	-159.0278
5908.813947	78.795	-159.5215
5909.180158	78.788	-159.9502
5909.546369	78.784	-160.3154
5909.912580	78.784	-160.6650
5910.278791	78.792	-161.0054
5910.645002	78.806	-161.4014
5911.011213	78.812	-161.8677
5911.377424	78.808	-162.2959
5911.743635	78.807	-162.6558
5912.109846	78.815	-163.0459
5912.476057	78.816	-163.4927
5912.842268	78.807	-163.8755
5913.208479	78.810	-164.1587
5913.574690	78.832	-164.5298
5913.940901	78.841	-165.0469
5914.307112	78.829	-165.4897
5914.673323	78.826	-165.8184
5915.039534	78.833	-166.2085
5915.405745	78.830	-166.6182
5915.771956	78.829	-166.9448
5916.138167	78.842	-167.3105
5916.504378	78.847	-167.7573
5916.870589	78.842	-168.1509
5917.236800	78.845	-168.4922
5917.603010	78.854	-168.8662
5917.969221	78.861	-169.2720
5918.335432	78.867	-169.6968
5918.701643	78.867	-170.1216
5919.067854	78.865	-170.4985
5919.434065	78.872	-170.8657
5919.800276	78.881	-171.2939
5920.166487	78.882	-171.7451
5920.532698	78.877	-172.1597
5920.898909	78.872	-172.5288
5921.265120	78.873	-172.8579
5921.631331	78.886	-173.2212
5921.997542	78.894	-173.6782
5922.363753	78.887	-174.1113
5922.729964	78.884	-174.4531
5923.096175	78.890	-174.8154
5923.462386	78.893	-175.1919
5923.828597	78.903	-175.5386
5924.194808	78.919	-175.9917
5924.561019	78.914	-176.5063
5924.927230	78.899	-176.8721
5925.293441	78.905	-177.2026
5925.659652	78.908	-177.6406
5926.025863	78.899	-178.0200
5926.392074	78.903	-178.3403
5926.758285	78.910	-178.7529
5927.124496	78.906	-179.1377
5927.490707	78.914	-179.4551
5927.856918	78.931	-179.9072
5928.223129	78.923	179.6021
5928.589339	78.914	179.2837
5928.955550	78.931	178.9463
5929.321761	78.941	178.4502
5929.687972	78.930	178.0342
5930.054183	78.935	177.7319
5930.420394	78.955	177.2983
5930.786605	78.953	176.7930
5931.152816	78.943	176.4385
5931.519027	78.955	176.1333
5931.885238	78.975	175.6860
5932.251449	78.975	175.1792
5932.617660	78.965	174.7764
5932.983871	78.966	174.4512
5933.350082	78.977	174.0732
5933.716293	78.980	173.6445
5934.082504	78.978	173.2754
5934.448715	78.987	172.9214
5934.814926	78.994	172.4761
5935.181137	78.985	172.0498
5935.547348	78.980	171.7402
5935.913559	78.990	171.4043
5936.279770	78.995	170.9805
5936.645981	78.990	170.5991
5937.012192	78.992	170.2773
5937.378403	79.003	169.9082
5937.744614	79.009	169.4849
5938.110825	79.010	169.0605
5938.477036	79.007	168.6455
5938.843247	79.002	168.2646
5939.209458	79.004	167.9180
5939.575669	79.012	167.5107
5939.941879	79.008	167.0669
5940.308090	79.001	166.7388
5940.674301	79.018	166.4077
5941.040512	79.031	165.8828
5941.406723	79.012	165.4121
5941.772934	79.005	165.1714
5942.139145	79.032	164.8311
5942.505356	79.044	164.2910
5942.871567	79.032	163.8516
5943.237778	79.034	163.5117
5943.603989	79.044	163.1025
5943.970200	79.048	162.6758
5944.336411	79.051	162.2441
5944.702622	79.045	161.8062
5945.068833	79.037	161.4692
5945.435044	79.045	161.1636
5945.801255	79.058	160.7676
5946.167466	79.063	160.3618
5946.533677	79.072	159.9463
5946.899888	79.070	159.4800
5947.266099	79.055	159.1270
5947.632310	79.062	158.8760
5947.998521	79.087	158.4702
5948.364732	79.089	157.9492
5948.730943	79.075	157.5435
5949.097154	79.073	157.2217
5949.463365	79.080	156.8691
5949.829576	79.088	156.4727
5950.195787	79.091	156.0386
5950.561998	79.086	155.6411
5950.928209	79.089	155.3115
5951.294419	79.103	154.9048
5951.660630	79.104	154.4185
5952.026841	79.094	154.0312
5952.393052	79.099	153.6904
5952.759263	79.105	153.2603
5953.125474	79.100	152.8550
5953.491685	79.102	152.5254
5953.857896	79.115	152.1255
5954.224107	79.115	151.6846
5954.590318	79.114	151.3296
5954.956529	79.127	150.9600
5955.322740	79.133	150.5078
5955.688951	79.129	150.1260
5956.055162	79.141	149.7949
5956.421373	79.160	149.3213
5956.787584	79.153	148.8037
5957.153795	79.141	148.4438
5957.520006	79.147	148.1143
5957.886217	79.154	147.6987
5958.252428	79.155	147.3081
5958.618639	79.164	146.9082
5958.984850	79.163	146.4390
5959.351061	79.150	146.0757
5959.717272	79.157	145.7983
5960.083483	79.178	145.3818
5960.449694	79.180	144.8882
5960.815905	79.173	144.4736
5961.182116	79.170	144.0952
5961.548327	79.171	143.7246
5961.914538	79.178	143.3291
5962.280748	79.177	142.8726
5962.646959	79.163	142.4937
5963.013170	79.163	142.2070
5963.379381	79.173	141.8496
5963.745592	79.177	141.4819
5964.111803	79.193	141.1309
5964.478014	79.209	140.6309
5964.844225	79.195	140.1313
5965.210436	79.184	139.8403
5965.576647	79.203	139.5132
5965.942858	79.213	139.0127
5966.309069	79.203	138.5747
5966.675280	79.201	138.2324
5967.041491	79.207	137.8433
5967.407702	79.208	137.4429
5967.773913	79.212	137.0728
5968.140124	79.222	136.6602
5968.506335	79.223	136.1938
5968.872546	79.212	135.7842
5969.238757	79.208	135.4946
5969.604968	79.226	135.1831
5969.971179	79.245	134.7173
5970.337390	79.245	134.2319
5970.703601	79.245	133.8276
5971.069812	79.249	133.3853
5971.436023	79.240	132.9346
5971.802234	79.229	132.6118
5972.168445	79.238	132.3105
5972.534656	79.251	131.9194
5972.900867	79.260	131.5015
5973.267078	79.267	131.0454
5973.633288	79.258	130.5859
5973.999499	79.247	130.2764
5974.365710	79.262	129.9985
5974.731921	79.284	129.5342
5975.098132	79.281	129.0288
5975.464343	79.272	128.6362
5975.830554	79.271	128.2617
5976.196765	79.270	127.8989
5976.562976	79.278	127.5410
5976.929187	79.285	127.0952
5977.295398	79.277	126.6792
5977.661609	79.278	126.3594
5978.027820	79.292	125.9502
5978.394031	79.290	125.4780
5978.760242	79.281	125.1021
5979.126453	79.283	124.7451
5979.492664	79.283	124.3638
5979.858875	79.285	124.0195
5980.225086	79.294	123.6519
5980.591297	79.301	123.2485
5980.957508	79.308	122.8555
5981.323719	79.316	122.4199
5981.689930	79.314	121.9805
5982.056141	79.314	121.6196
5982.422352	79.326	121.2275
5982.788563	79.333	120.7285
5983.154774	79.319	120.2593
5983.520985	79.304	119.9253
5983.887196	79.307	119.6455
5984.253407	79.321	119.2930
5984.619617	79.330	118.8799
5984.985828	79.337	118.4775
5985.352039	79.347	118.0488
5985.718250	79.349	117.5820
5986.084461	79.345	117.1509
5986.450672	79.342	116.7471
5986.816883	79.338	116.3613
5987.183094	79.340	116.0137
5987.549305	79.351	115.6040
5987.915516	79.348	115.1445
5988.281727	79.339	114.7974
5988.647938	79.350	114.4717
5989.014149	79.361	114.0156
5989.380360	79.354	113.5830
5989.746571	79.354	113.2563
5990.112782	79.367	112.8823
5990.478993	79.376	112.4351
5990.845204	79.376	111.9907
5991.211415	79.372	111.5791
5991.577626	79.370	111.2222
5991.943837	79.379	110.8604
5992.310048	79.386	110.4355
5992.676259	79.387	110.0254
5993.042470	79.392	109.6255
5993.408681	79.393	109.1841
5993.774892	79.386	108.8105
5994.141103	79.393	108.4971
5994.507314	79.409	108.0635
5994.873525	79.405	107.5869
5995.239736	79.397	107.2363
5995.605947	79.407	106.8901
5995.972157	79.414	106.4536
5996.338368	79.411	106.0483
5996.704579	79.415	105.6729
5997.070790	79.419	105.2412
5997.437001	79.412	104.8325
5997.803212	79.408	104.5049
5998.169423	79.417	104.1655
5998.535634	79.427	103.7607
5998.901845	79.431	103.3359
5999.268056	79.432	102.9351
5999.634267	79.438	102.5405
6000.000478	79.444	102.1016
6000.366689	79.441	101.6465
6000.732900	79.434	101.2505
6001.099111	79.433	100.8726
6001.465322	79.432	100.4688
6001.831533	79.428	100.1118
6002.197744	79.435	99.7715
6002.563955	79.446	99.3452
6002.930166	79.445	98.9077
6003.296377	79.447	98.5176
6003.662588	79.451	98.0835
6004.028799	79.444	97.6553
6004.395010	79.441	97.3247
6004.761221	79.454	96.9531
6005.127432	79.458	96.4883
6005.493643	79.450	96.0933
6005.859854	79.454	95.7588
6006.226065	79.464	95.3550
6006.592276	79.465	94.9336
6006.958486	79.467	94.5576
6007.324697	79.474	94.1704
6007.690908	79.479	93.7568
6008.057119	79.483	93.3462
6008.423330	79.488	92.9355
6008.789541	79.492	92.5029
6009.155752	79.490	92.0566
6009.521963	79.483	91.6694
6009.888174	79.486	91.3208
6010.254385	79.494	90.8794
6010.620596	79.484	90.4341
6010.986807	79.477	90.1348
6011.353018	79.493	89.7974
6011.719229	79.502	89.3076
6012.085440	79.491	88.8857
6012.451651	79.490	88.5645
6012.817862	79.500	88.1914
6013.184073	79.508	87.7881
6013.550284	79.516	87.3594
6013.916495	79.515	86.8921
6014.282706	79.506	86.5205
6014.648917	79.512	86.2095
6015.015128	79.527	85.7944
6015.381339	79.528	85.3555
6015.747550	79.531	84.9766
6016.113761	79.539	84.5532
6016.479972	79.537	84.1035
6016.846183	79.531	83.7271
6017.212394	79.533	83.3823
6017.578605	79.540	83.0132
6017.944816	79.549	82.6074
6018.311026	79.554	82.1484
6018.677237	79.546	81.7095
6019.043448	79.540	81.3574
6019.409659	79.547	80.9961
6019.775870	79.551	80.5620
6020.142081	79.546	80.1523
6020.508292	79.547	79.7905
6020.874503	79.553	79.3755
6021.240714	79.549	78.9375
6021.606925	79.542	78.5913
6021.973136	79.553	78.2603
6022.339347	79.566	77.8120
6022.705558	79.563	77.3481
6023.071769	79.560	76.9917
6023.437980	79.573	76.6167
6023.804191	79.581	76.1343
6024.170402	79.573	75.6904
6024.536613	79.572	75.3330
6024.902824	79.578	74.9429
6025.269035	79.578	74.5391
6025.635246	79.580	74.1963
6026.001457	79.593	73.8257
6026.367668	79.602	73.3906
6026.733879	79.605	72.9907
6027.100090	79.616	72.5801
6027.466301	79.621	72.0825
6027.832512	79.607	71.6436
6028.198723	79.603	71.3115
6028.564934	79.608	70.9126
6028.931145	79.598	70.5005
6029.297356	79.593	70.2241
6029.663566	79.611	69.8901
6030.029777	79.616	69.4033
6030.395988	79.603	69.0391
6030.762199	79.615	68.7725
6031.128410	79.640	68.3027
6031.494621	79.634	67.7534
6031.860832	79.619	67.3848
6032.227043	79.626	67.0386
6032.593254	79.632	66.5767
6032.959465	79.625	66.1465
6033.325676	79.623	65.7710
6033.691887	79.623	65.3613
6034.058098	79.618	64.9834
6034.424309	79.623	64.6587
6034.790520	79.639	64.2642
6035.156731	79.648	63.7891
6035.522942	79.645	63.3232
6035.889153	79.639	62.9072
6036.255364	79.635	62.5547
6036.621575	79.645	62.1963
6036.987786	79.654	61.7378
6037.353997	79.645	61.2925
6037.720208	79.638	60.9912
6038.086419	79.656	60.6812
6038.452630	79.676	60.2153
6038.818841	79.675	59.7046
6039.185052	79.665	59.2803
6039.551263	79.660	58.9282
6039.917474	79.665	58.5708
6040.283685	79.670	58.1670
6040.649895	79.670	57.7544
6041.016106	79.667	57.3745
6041.382317	79.667	57.0200
6041.748528	79.672	56.6768
6042.114739	79.684	56.3013
6042.480950	79.693	55.8618
6042.847161	79.694	55.4180
6043.213372	79.691	55.0137
6043.579583	79.692	54.6255
6043.945794	79.695	54.2314
6044.312005	79.699	53.8125
6044.678216	79.698	53.3857
6045.044427	79.696	52.9888
6045.410638	79.696	52.5986
6045.776849	79.696	52.2104
6046.143060	79.701	51.8418
6046.509271	79.713	51.4116
6046.875482	79.714	50.9126
6047.241693	79.702	50.4810
6047.607904	79.696	50.1245
6047.974115	79.695	49.7632
6048.340326	79.695	49.4214
6048.706537	79.706	49.0938
6049.072748	79.724	48.6938
6049.438959	79.735	48.2104
6049.805170	79.732	47.7329
6050.171381	79.724	47.3511
6050.537592	79.730	47.0132
6050.903803	79.741	46.5908
6051.270014	79.740	46.1528
6051.636225	79.740	45.7993
6052.002435	79.753	45.3931
6052.368646	79.752	44.9180
6052.734857	79.743	44.5615
6053.101068	79.756	44.2256
6053.467279	79.768	43.7285
6053.833490	79.753	43.2563
6054.199701	79.744	42.9351
6054.565912	79.751	42.5786
6054.932123	79.752	42.1577
6055.298334	79.751	41.7900
6055.664545	79.760	41.3921
6056.030756	79.760	40.9097
6056.396967	79.745	40.5029
6056.763178	79.742	40.2002
6057.129389	79.754	39.8276
6057.495600	79.757	39.3569
6057.861811	79.746	38.9419
6058.228022	79.742	38.6143
6058.594233	79.749	38.2642
6058.960444	79.756	37.8755
6059.326655	79.765	37.4863
6059.692866	79.776	37.0449
6060.059077	79.776	36.5547
6060.425288	79.765	36.1426
6060.791499	79.763	35.8159
6061.157710	79.774	35.4399
6061.523921	79.779	35.0000
6061.890132	79.778	34.6021
6062.256343	79.785	34.2251
6062.622554	79.792	33.7729
6062.988764	79.785	33.3262
6063.354975	79.781	32.9883
6063.721186	79.795	32.6152
6064.087397	79.799	32.1250
6064.453608	79.785	31.7251
6064.819819	79.790	31.4321
6065.186030	79.809	30.9956
6065.552241	79.804	30.4834
6065.918452	79.791	30.1440
6066.284663	79.806	29.8286
6066.650874	79.821	29.3213
6067.017085	79.806	28.8252
6067.383296	79.794	28.5161
6067.749507	79.807	28.1865
6068.115718	79.815	27.7202
6068.481929	79.806	27.3101
6068.848140	79.809	26.9927
6069.214351	79.823	26.5830
6069.580562	79.823	26.1147
6069.946773	79.817	25.7490
6070.312984	79.829	25.3921
6070.679195	79.839	24.9180
6071.045406	79.833	24.4390
6071.411617	79.823	24.0459
6071.777828	79.818	23.6938
6072.144039	79.820	23.3613
6072.510250	79.833	22.9995
6072.876461	79.844	22.5366
6073.242672	79.840	22.0562
6073.608883	79.830	21.6675
6073.975094	79.830	21.3184
6074.341304	79.835	20.9424
6074.707515	79.840	20.5469
6075.073726	79.847	20.1323
6075.439937	79.851	19.6973
6075.806148	79.851	19.2524
6076.172359	79.846	18.8169
6076.538570	79.837	18.4502
6076.904781	79.840	18.1436
6077.270992	79.856	17.7656
6077.637203	79.864	17.3076
6078.003414	79.865	16.8955
6078.369625	79.874	16.4976
6078.735836	79.883	16.0103
6079.102047	79.875	15.5259
6079.468258	79.865	15.1499
6079.834469	79.867	14.7900
6080.200680	79.870	14.3608
6080.566891	79.861	13.9541
6080.933102	79.856	13.6396
6081.299313	79.865	13.3223
6081.665524	79.876	12.9243
6082.031735	79.880	12.5181
6082.397946	79.887	12.1362
6082.764157	79.898	11.7041
6083.130368	79.898	11.2368
6083.496579	79.892	10.8257
6083.862790	79.892	10.4531
6084.229001	79.896	10.0532
6084.595212	79.897	9.6313
6084.961423	79.893	9.2329
6085.327634	79.893	8.8735
6085.693844	79.901	8.4961
6086.060055	79.908	8.0552
6086.426266	79.905	7.6230
6086.792477	79.905	7.2358
6087.158688	79.909	6.8159
6087.524899	79.906	6.3843
6087.891110	79.903	6.0088
6088.257321	79.908	5.6162
6088.623532	79.909	5.1743
6088.989743	79.903	4.7710
6089.355954	79.901	4.4072
6089.722165	79.904	4.0327
6090.088376	79.908	3.6587
6090.454587	79.916	3.2681
6090.820798	79.924	2.8306
6091.187009	79.924	2.3770
6091.553220	79.918	1.9648
6091.919431	79.917	1.5991
6092.285642	79.922	1.2075
6092.651853	79.921	0.7891
6093.018064	79.917	0.4556
6093.384275	79.933	0.1328
6093.750486	79.952	-0.3613
6094.116697	79.941	-0.8623
6094.482908	79.931	-1.1719
6094.849119	79.949	-1.5112
6095.215330	79.960	-2.0200
6095.581541	79.948	-2.4741
6095.947752	79.943	-2.8135
6096.313963	79.948	-3.1777
6096.680173	79.953	-3.5630
6097.046384	79.961	-3.9639
6097.412595	79.964	-4.4189
6097.778806	79.956	-4.8286
6098.145017	79.958	-5.1704
6098.511228	79.968	-5.5767
6098.877439	79.968	-6.0264
6099.243650	79.965	-6.4209
6099.609861	79.968	-6.8184
6099.976072	79.967	-7.2368
6100.342283	79.967	-7.6206
6100.708494	79.973	-8.0317
6101.074705	79.971	-8.4746
6101.440916	79.967	-8.8550
6101.807127	79.973	-9.2505
6102.173338	79.971	-9.7051
6102.539549	79.961	-10.0576
6102.905760	79.974	-10.3857
6103.271971	79.986	-10.8853
6103.638182	79.970	-11.3496
6104.004393	79.964	-11.6216
6104.370604	79.985	-11.9819
6104.736815	79.990	-12.4834
6105.103026	79.983	-12.8823
6105.469237	79.992	-13.2559
6105.835448	79.996	-13.7188
6106.201659	79.991	-14.1216
6106.567870	79.997	-14.5005
6106.934081	80.000	-14.9614
6107.300292	79.991	-15.3569
6107.666503	79.997	-15.6909
6108.032713	80.008	-16.1304
6108.398924	80.004	-16.5898
6108.765135	79.998	-16.9756
6109.131346	79.995	-17.3491
6109.497557	79.996	-17.6899
6109.863768	80.009	-18.0547
6110.229979	80.016	-18.5376
6110.596190	80.003	-18.9648
6110.962401	80.003	-19.2676
6111.328612	80.019	-19.6787
6111.694823	80.015	-20.1758
6112.061034	80.001	-20.5391
6112.427245	80.005	-20.8501
6112.793456	80.015	-21.2515
6113.159667	80.017	-21.6826
6113.525878	80.017	-22.0996
6113.892089	80.015	-22.5103
6114.258300	80.014	-22.8921
6114.624511	80.019	-23.2871
6114.990722	80.022	-23.7319
6115.356933	80.016	-24.1548
6115.723144	80.013	-24.5156
6116.089355	80.020	-24.8867
6116.455566	80.029	-25.3213
6116.821777	80.030	-25.7754
6117.187988	80.026	-26.1929
6117.554199	80.026	-26.5781
6117.920410	80.032	-26.9663
6118.286621	80.041	-27.3892
6118.652832	80.047	-27.8584
6119.019042	80.042	-28.3232
6119.385253	80.035	-28.7222
6119.751464	80.035	-29.0889
6120.117675	80.040	-29.4810
6120.483886	80.043	-29.8857
6120.850097	80.046	-30.3076
6121.216308	80.042	-30.7407
6121.582519	80.033	-31.0923
6121.948730	80.038	-31.3896
6122.314941	80.053	-31.7886
6122.681152	80.053	-32.2275
6123.047363	80.053	-32.5635
6123.413574	80.072	-32.9463
6123.779785	80.080	-33.4922
6124.145996	80.060	-33.9678
6124.512207	80.048	-34.2588
6124.878418	80.062	-34.5898
6125.244629	80.070	-35.0581
6125.610840	80.062	-35.5039
6125.977051	80.058	-35.8726
6126.343262	80.061	-36.2661
6126.709473	80.058	-36.6802
6127.075684	80.055	-37.0293
6127.441895	80.067	-37.3887
6127.808106	80.078	-37.8784
6128.174317	80.067	-38.3755
6128.540528	80.050	-38.7129
6128.906739	80.056	-38.9956
6129.272950	80.073	-39.3809
6129.639161	80.081	-39.8320
6130.005372	80.084	-40.2754
6130.371582	80.084	-40.7041
6130.737793	80.083	-41.1089
6131.104004	80.086	-41.5112
6131.470215	80.086	-41.9409
6131.836426	80.079	-42.3281
6132.202637	80.082	-42.6484
6132.568848	80.098	-43.0522
6132.935059	80.100	-43.5562
6133.301270	80.085	-43.9565
6133.667481	80.086	-44.2573
6134.033692	80.100	-44.6567
6134.399903	80.101	-45.1040
6134.766114	80.103	-45.4966
6135.132325	80.110	-45.9546
6135.498536	80.098	-46.4429
6135.864747	80.082	-46.7778
6136.230958	80.089	-47.0762
6136.597169	80.100	-47.5059
6136.963380	80.096	-47.9463
6137.329591	80.095	-48.3252
6137.695802	80.098	-48.7275
6138.062013	80.096	-49.1333
6138.428224	80.099	-49.5059
6138.794435	80.107	-49.9146
6139.160646	80.110	-50.3682
6139.526857	80.106	-50.7910
6139.893068	80.106	-51.1763
6140.259279	80.110	-51.5854
6140.625490	80.110	-52.0146
6140.991701	80.107	-52.3955
6141.357911	80.113	-52.7627
6141.724122	80.122	-53.2085
6142.090333	80.116	-53.6616
6142.456544	80.110	-54.0127
6142.822755	80.119	-54.3516
6143.188966	80.131	-54.7861
6143.555177	80.131	-55.2490
6143.921388	80.126	-55.6494
6144.287599	80.129	-56.0205
6144.653810	80.135	-56.4438
6145.020021	80.133	-56.8955
6145.386232	80.126	-57.2778
6145.752443	80.130	-57.6274
6146.118654	80.137	-58.0474
6146.484865	80.135	-58.4761
6146.851076	80.136	-58.8511
6147.217287	80.143	-59.2681
6147.583498	80.141	-59.7134
6147.949709	80.139	-60.0879
6148.315920	80.149	-60.4946
6148.682131	80.150	-61.0063
6149.048342	80.131	-61.4365
6149.414553	80.122	-61.7241
6149.780764	80.134	-62.0508
6150.146975	80.144	-62.4741
6150.513186	80.145	-62.9067
6150.879397	80.143	-63.3042
6151.245608	80.144	-63.6621
6151.611819	80.156	-64.0400
6151.978030	80.163	-64.5005
6152.344241	80.157	-64.9307
6152.710451	80.158	-65.2588
6153.076662	80.176	-65.6602
6153.442873	80.180	-66.1919
6153.809084	80.162	-66.6299
6154.175295	80.155	-66.9126
6154.541506	80.170	-67.2407
6154.907717	80.182	-67.6929
6155.273928	80.180	-68.1440
6155.640139	80.177	-68.5293
6156.006350	80.181	-68.9155
6156.372561	80.183	-69.3442
6156.738772	80.176	-69.7437
6157.104983	80.175	-70.0547
6157.471194	80.192	-70.3906
6157.837405	80.208	-70.8760
6158.203616	80.202	-71.3696
6158.569827	80.196	-71.7129
6158.936038	80.215	-72.1050
6159.302249	80.220	-72.6870
6159.668460	80.190	-73.1465
6160.034671	80.181	-73.3623
6160.400882	80.209	-73.7085
6160.767093	80.217	-74.2642
6161.133304	80.201	-74.7002
6161.499515	80.203	-75.0342
6161.865726	80.211	-75.4834
6162.231937	80.203	-75.9287
6162.598148	80.200	-76.2676
6162.964359	80.211	-76.6606
6163.330570	80.212	-77.1309
6163.696781	80.203	-77.5269
6164.062991	80.206	-77.8667
6164.429202	80.217	-78.2808
6164.795413	80.217	-78.7427
6165.161624	80.211	-79.1357
6165.527835	80.216	-79.5049
6165.894046	80.222	-79.9575
6166.260257	80.212	-80.4023
6166.626468	80.204	-80.7393
6166.992679	80.212	-81.0894
6167.358890	80.216	-81.5161
6167.725101	80.212	-81.9126
6168.091312	80.213	-82.2690
6168.457523	80.219	-82.6416
6168.823734	80.229	-83.0415
6169.189945	80.239	-83.5181
6169.556156	80.230	-84.0298
6169.922367	80.209	-84.3960
6170.288578	80.211	-84.6519
6170.654789	80.232	-85.0352
6171.021000	80.238	-85.5508
6171.387211	80.225	-85.9873
6171.753422	80.222	-86.3140
6172.119633	80.233	-86.7012
6172.485844	80.234	-87.1592
6172.852055	80.228	-87.5303
6173.218266	80.239	-87.8740
6173.584477	80.253	-88.3628
6173.950688	80.244	-88.8633
6174.316899	80.233	-89.2114
6174.683110	80.243	-89.5771
6175.049320	80.246	-90.0479
6175.415531	80.235	-90.4463
6175.781742	80.238	-90.7827
6176.147953	80.246	-91.2036
6176.514164	80.242	-91.6255
6176.880375	80.242	-91.9688
6177.246586	80.254	-92.3525
6177.612797	80.260	-92.8081
6177.979008	80.260	-93.2451
6178.345219	80.260	-93.6733
6178.711430	80.256	-94.1094
6179.077641	80.249	-94.4927
6179.443852	80.250	-94.8408
6179.810063	80.258	-95.2314
6180.176274	80.264	-95.6738
6180.542485	80.260	-96.1284
6180.908696	80.250	-96.5200
6181.274907	80.250	-96.8379
6181.641118	80.264	-97.2207
6182.007329	80.267	-97.6870
6182.373540	80.262	-98.0806
6182.739751	80.270	-98.4487
6183.105962	80.277	-98.9165
6183.472173	80.268	-99.3516
6183.838384	80.268	-99.6870
6184.204595	80.281	-100.0962
6184.570806	80.281	-100.5845
6184.937017	80.269	-100.9844
6185.303228	80.268	-101.3076
6185.669439	80.279	-101.6719
6186.035650	80.288	-102.0981
6186.401860	80.291	-102.5503
6186.768071	80.288	-102.9873
6187.134282	80.282	-103.3755
6187.500493	80.281	-103.7246
6187.866704	80.289	-104.0894
6188.232915	80.298	-104.4995
6188.599126	80.303	-104.9375
6188.965337	80.304	-105.3911
6189.331548	80.297	-105.8203
6189.697759	80.293	-106.1738
6190.063970	80.302	-106.5366
6190.430181	80.310	-107.0015
6190.796392	80.303	-107.4565
6191.162603	80.297	-107.8213
6191.528814	80.302	-108.1978
6191.895025	80.304	-108.6089
6192.261236	80.307	-109.0024
6192.627447	80.314	-109.4360
6192.993658	80.310	-109.9038
6193.359869	80.299	-110.2803
6193.726080	80.304	-110.5962
6194.092291	80.319	-111.0171
6194.458502	80.319	-111.5146
6194.824713	80.306	-111.9023
6195.190924	80.311	-112.1938
6195.557135	80.334	-112.6118
6195.923346	80.338	-113.1729
6196.289557	80.319	-113.6348
6196.655768	80.309	-113.9521
6197.021979	80.316	-114.3066
6197.388189	80.319	-114.7236
6197.754400	80.319	-115.1201
6198.120611	80.320	-115.5176
6198.486822	80.317	-115.8970
6198.853033	80.324	-116.2368
6199.219244	80.340	-116.6816
6199.585455	80.335	-117.2178
6199.951666	80.312	-117.5879
6200.317877	80.314	-117.8242
6200.684088	80.338	-118.2129
6201.050299	80.343	-118.7261
6201.416510	80.335	-119.1577
6201.782721	80.334	-119.5361
6202.148932	80.338	-119.9536
6202.515143	80.337	-120.3789
6202.881354	80.337	-120.8003
6203.247565	80.334	-121.2397
6203.613776	80.323	-121.6450
6203.979987	80.316	-121.9624
6204.346198	80.327	-122.2793
6204.712409	80.343	-122.7217
6205.078620	80.342	-123.2173
6205.444831	80.331	-123.6099
6205.811042	80.332	-123.9434
6206.177253	80.342	-124.3379
6206.543464	80.347	-124.7812
6206.909675	80.345	-125.2119
6207.275886	80.342	-125.6030
6207.642097	80.346	-125.9644
6208.008308	80.358	-126.3774
6208.374519	80.364	-126.8804
6208.740729	80.352	-127.3633
6209.106940	80.336	-127.7378
6209.473151	80.332	-128.0581
6209.839362	80.337	-128.4111
6210.205573	80.341	-128.8076
6210.571784	80.342	-129.2056
6210.937995	80.342	-129.5801
6211.304206	80.347	-129.9595
6211.670417	80.353	-130.3843
6212.036628	80.350	-130.8130
6212.402839	80.346	-131.1719
6212.769050	80.356	-131.5308
6213.135261	80.367	-131.9971
6213.501472	80.360	-132.4702
6213.867683	80.354	-132.8506
6214.233894	80.359	-133.2573
6214.600105	80.353	-133.7017
6214.966316	80.345	-134.0439
6215.332527	80.357	-134.3887
6215.698738	80.366	-134.8745
6216.064949	80.355	-135.3066
6216.431160	80.359	-135.6191
6216.797371	80.381	-136.0791
6217.163582	80.375	-136.6626
6217.529793	80.349	-137.0527
6217.896004	80.350	-137.3091
6218.262215	80.368	-137.6987
6218.628426	80.374	-138.1680
6218.994637	80.375	-138.5977
6219.360848	80.376	-139.0518
6219.727059	80.367	-139.4873
6220.093269	80.361	-139.8262
6220.459480	80.369	-140.1836
6220.825691	80.375	-140.6089
6221.191902	80.377	-141.0259
6221.558113	80.379	-141.4648
6221.924324	80.369	-141.9014
6222.290535	80.358	-142.2129
6222.656746	80.369	-142.5059
6223.022957	80.384	-142.9375
6223.389168	80.382	-143.3896
6223.755379	80.379	-143.7603
6224.121590	80.386	-144.1509
6224.487801	80.388	-144.5952
6224.854012	80.382	-145.0229
6225.220223	80.375	-145.3975
6225.586434	80.375	-145.7295
6225.952645	80.386	-146.0908
6226.318856	80.397	-146.5391
6226.685067	80.397	-147.0117
6227.051278	80.391	-147.4399
6227.417489	80.389	-147.8384
6227.783700	80.391	-148.2402
6228.149911	80.393	-148.6724
6228.516122	80.389	-149.1138
6228.882333	80.383	-149.4922
6229.248544	80.388	-149.8438
6229.614755	80.399	-150.2793
6229.980966	80.397	-150.7456
6230.347177	80.392	-151.1255
6230.713388	80.400	-151.4937
6231.079598	80.409	-151.9448
6231.445809	80.406	-152.3896
6231.812020	80.407	-152.7759
6232.178231	80.413	-153.1924
6232.544442	80.412	-153.6309
6232.910653	80.411	-154.0186
6233.276864	80.417	-154.4141
6233.643075	80.420	-154.8643
6234.009286	80.413	-155.2812
6234.375497	80.411	-155.6338
6234.741708	80.419	-156.0107
6235.107919	80.425	-156.4521
6235.474130	80.421	-156.8960
6235.840341	80.414	-157.2798
6236.206552	80.414	-157.6299
6236.572763	80.421	-158.0215
6236.938974	80.424	-158.4624
6237.305185	80.420	-158.8931
6237.671396	80.415	-159.2861
6238.037607	80.415	-159.6680
6238.403818	80.416	-160.0669
6238.770029	80.416	-160.4844
6239.136240	80.412	-160.8931
6239.502451	80.408	-161.2710
6239.868662	80.411	-161.6465
6240.234873	80.416	-162.0635
6240.601084	80.415	-162.5068
6240.967295	80.408	-162.9258
6241.333506	80.401	-163.2856
6241.699717	80.404	-163.6045
6242.065928	80.419	-163.9834
6242.432138	80.429	-164.4751
6242.798349	80.420	-164.9399
6243.164560	80.415	-165.2866
6243.530771	80.425	-165.6758
6243.896982	80.426	-166.1519
6244.263193	80.415	-166.5278
6244.629404	80.425	-166.8521
6244.995615	80.441	-167.3428
6245.361826	80.428	-167.8730
6245.728037	80.407	-168.2148
6246.094248	80.410	-168.4985
6246.460459	80.419	-168.8853
6246.826670	80.419	-169.2905
6247.192881	80.420	-169.6548
6247.559092	80.426	-170.0303
6247.925303	80.433	-170.4438
6248.291514	80.435	-170.8818
6248.657725	80.431	-171.2881
6249.023936	80.432	-171.6411
6249.390147	80.443	-172.0342
6249.756358	80.451	-172.5083
6250.122569	80.448	-172.9961
6250.488780	80.436	-173.4438
6250.854991	80.424	-173.8066
6251.221202	80.427	-174.1357
6251.587413	80.436	-174.5742
6251.953624	80.426	-175.0176
6252.319835	80.421	-175.3115
6252.686046	80.444	-175.6846
6253.052257	80.451	-176.2524
6253.418467	80.430	-176.6963
6253.784678	80.429	-176.9844
6254.150889	80.444	-177.4097
6254.517100	80.438	-177.8857
6254.883311	80.434	-178.2173
6255.249522	80.452	-178.6074
6255.615733	80.455	-179.1460
6255.981944	80.439	-179.5747
6256.348155	80.439	-179.8960
6256.714366	80.449	179.6621
6257.080577	80.439	179.1938
6257.446788	80.430	178.8687
6257.812999	80.442	178.5249
6258.179210	80.449	178.0479
6258.545421	80.439	177.6021
6258.911632	80.433	177.2510
6259.277843	80.436	176.8706
6259.644054	80.433	176.4644
6260.010265	80.429	176.1230
6260.376476	80.440	175.7773
6260.742687	80.451	175.3223
6261.108898	80.445	174.8491
6261.475109	80.434	174.4800
6261.841320	80.436	174.1543
6262.207531	80.445	173.7778
6262.573742	80.454	173.3574
6262.939953	80.459	172.9092
6263.306164	80.457	172.4482
6263.672375	80.449	172.0293
6264.038586	80.444	171.6724
6264.404797	80.450	171.3223
6264.771007	80.462	170.8999
6265.137218	80.463	170.4023
6265.503429	80.449	169.9565
6265.869640	80.439	169.6445
6266.235851	80.451	169.3228
6266.602062	80.463	168.8472
6266.968273	80.450	168.3652
6267.334484	80.436	168.0664
6267.700695	80.452	167.8013
6268.066906	80.479	167.3354
6268.433117	80.480	166.7612
6268.799328	80.462	166.3013
6269.165539	80.454	165.9487
6269.531750	80.458	165.5723
6269.897961	80.460	165.1318
6270.264172	80.452	164.6992
6270.630383	80.443	164.3618
6270.996594	80.454	164.0386
6271.362805	80.469	163.5747
6271.729016	80.462	163.0723
6272.095227	80.450	162.7168
6272.461438	80.459	162.3857
6272.827649	80.470	161.9287
6273.193860	80.466	161.4731
6273.560071	80.465	161.0884
6273.926282	80.470	160.6626
6274.292493	80.468	160.2134
6274.658704	80.464	159.8179
6275.024915	80.467	159.4028
6275.391126	80.462	158.9556
6275.757336	80.452	158.5728
6276.123547	80.451	158.2222
6276.489758	80.453	157.8330
6276.855969	80.452	157.4478
6277.222180	80.453	157.0752
6277.588391	80.457	156.6826
6277.954602	80.459	156.2886
6278.320813	80.464	155.8770
6278.687024	80.465	155.4258
6279.053235	80.456	155.0049
6279.419446	80.451	154.6562
6279.785657	80.457	154.3076
6280.151868	80.467	153.8740
6280.518079	80.464	153.4009
6280.884290	80.452	153.0195
6281.250501	80.454	152.7056
6281.616712	80.468	152.3223
6281.982923	80.477	151.8730
6282.349134	80.480	151.4102
6282.715345	80.477	150.9409
6283.081556	80.468	150.5361
6283.447767	80.469	150.1729
6283.813978	80.472	149.7539
6284.180189	80.469	149.3682
6284.546400	80.480	149.0186
6284.912611	80.496	148.5166
6285.278822	80.483	147.9829
6285.645033	80.465	147.6528
6286.011244	80.477	147.3384
6286.377455	80.488	146.8506
6286.743666	80.475	146.3760
6287.109876	80.464	146.0356
6287.476087	80.468	145.6938
6287.842298	80.472	145.2793
6288.208509	80.469	144.8672
6288.574720	80.466	144.4927
6288.940931	80.467	144.1113
6289.307142	80.467	143.7061
6289.673353	80.464	143.3071
6290.039564	80.460	142.9375
6290.405775	80.461	142.5938
6290.771986	80.470	142.2261
6291.138197	80.480	141.7769
6291.504408	80.479	141.2959
6291.870619	80.470	140.8618
6292.236830	80.462	140.4653
6292.603041	80.457	140.1011
6292.969252	80.459	139.7490
6293.335463	80.465	139.3433
6293.701674	80.464	138.9238
6294.067885	80.465	138.5503
6294.434096	80.474	138.1436
6294.800307	80.477	137.6914
6295.166518	80.476	137.2749
6295.532729	80.480	136.8438
6295.898940	80.477	136.3745
6296.265151	80.466	135.9790
6296.631362	80.465	135.6343
6296.997573	80.469	135.2598
6297.363784	80.474	134.8892
6297.729995	80.487	134.4771
6298.096206	80.491	133.9780
6298.462416	80.480	133.5391
6298.828627	80.477	133.1929
6299.194838	80.485	132.7808
6299.561049	80.481	132.3271
6299.927260	80.473	131.9390
6300.293471	80.471	131.5737
6300.659682	80.472	131.2026
6301.025893	80.476	130.8237
6301.392104	80.481	130.3916
6301.758315	80.476	129.9521
6302.124526	80.469	129.5698
6302.490737	80.468	129.1997
6302.856948	80.469	128.8086
6303.223159	80.470	128.4072
6303.589370	80.468	127.9966
6303.955581	80.464	127.6162
6304.321792	80.467	127.2578
6304.688003	80.477	126.8340
6305.054214	80.476	126.3530
6305.420425	80.464	125.9268
6305.786636	80.457	125.5874
6306.152847	80.465	125.2344
6306.519058	80.473	124.7783
6306.885269	80.466	124.3193
6307.251480	80.460	123.9624
6307.617691	80.470	123.5669
6307.983902	80.467	123.0669
6308.350113	80.448	122.6851
6308.716324	80.452	122.4263
6309.082535	80.475	122.0049
6309.448745	80.474	121.4614
6309.814956	80.457	121.0786
6310.181167	80.465	120.7676
6310.547378	80.480	120.2935
6310.913589	80.470	119.7900
6311.279800	80.458	119.4390
6311.646011	80.464	119.0952
6312.012222	80.469	118.6646
6312.378433	80.467	118.2754
6312.744644	80.475	117.8994
6313.110855	80.481	117.4258
6313.477066	80.470	116.9829
6313.843277	80.464	116.6602
6314.209488	80.475	116.3091
6314.575699	80.484	115.8799
6314.941910	80.489	115.4458
6315.308121	80.493	114.9644
6315.674332	80.479	114.4634
6316.040543	80.457	114.1094
6316.406754	80.457	113.8467
6316.772965	80.473	113.4541
6317.139176	80.472	112.9663
6317.505387	80.461	112.5591
6317.871598	80.459	112.1831
6318.237809	80.454	111.7598
6318.604020	80.442	111.4062
6318.970231	80.446	111.1162
6319.336442	80.463	110.6958
6319.702653	80.461	110.2026
6320.068864	80.452	109.8369
6320.435075	80.464	109.4707
6320.801285	80.472	108.9487
6321.167496	80.456	108.4771
6321.533707	80.449	108.1504
6321.899918	80.459	107.7476
6322.266129	80.454	107.2798
6322.632340	80.445	106.9336
6322.998551	80.455	106.5845
6323.364762	80.460	106.1201
6323.730973	80.451	105.7300
6324.097184	80.457	105.4087
6324.463395	80.470	104.9634
6324.829606	80.462	104.5107
6325.195817	80.457	104.1890
6325.562028	80.469	103.8257
6325.928239	80.472	103.3745
6326.294450	80.465	103.0049
6326.660661	80.474	102.6685
6327.026872	80.485	102.2280
6327.393083	80.483	101.7764
6327.759294	80.483	101.3755
6328.125505	80.486	100.9106
6328.491716	80.469	100.4448
6328.857927	80.454	100.1538
6329.224138	80.471	99.8569
6329.590349	80.487	99.3145
6329.956560	80.464	98.7842
6330.322771	80.445	98.4917
6330.688982	80.457	98.1558
6331.055193	80.458	97.6655
6331.421404	80.441	97.2808
6331.787614	80.444	96.9878
6332.153825	80.459	96.5820
6332.520036	80.463	96.0996
6332.886247	80.457	95.6475
6333.252458	80.448	95.2539
6333.618669	80.448	94.9111
6333.984880	80.459	94.5273
6334.351091	80.465	94.0586
6334.717302	80.459	93.6021
6335.083513	80.451	93.2192
6335.449724	80.452	92.8594
6335.815935	80.457	92.4546
6336.182146	80.454	92.0273
6336.548357	80.449	91.6602
6336.914568	80.453	91.3242
6337.280779	80.465	90.9302
6337.646990	80.474	90.4648
6338.013201	80.471	89.9502
6338.379412	80.450	89.5137
6338.745623	80.439	89.2471
6339.111834	80.457	88.9121
6339.478045	80.462	88.3872
6339.844256	80.440	87.9854
6340.210467	80.444	87.7305
6340.576678	80.466	87.2935
6340.942889	80.462	86.7476
6341.309100	80.444	86.3438
6341.675311	80.439	86.0044
6342.041522	80.439	85.6514
6342.407733	80.445	85.3130
6342.773944	80.462	84.8950
6343.140154	80.468	84.3677
6343.506365	80.453	83.8760
6343.872576	80.434	83.5176
6344.238787	80.430	83.2368
6344.604998	80.443	82.9023
6344.971209	80.452	82.4775
6345.337420	80.453	82.0586
6345.703631	80.457	81.6650
6346.069842	80.462	81.2329
6346.436053	80.461	80.7886
6346.802264	80.457	80.3745
6347.168475	80.454	79.9688
6347.534686	80.452	79.5674
6347.900897	80.450	79.1602
6348.267108	80.445	78.7446
6348.633319	80.437	78.3784
6348.999530	80.438	78.0474
6349.365741	80.446	77.6514
6349.731952	80.445	77.2173
6350.098163	80.441	76.8433
6350.464374	80.448	76.4814
6350.830585	80.458	76.0410
6351.196796	80.458	75.5649
6351.563007	80.452	75.1216
6351.929218	80.447	74.7021
6352.295429	80.442	74.3052
6352.661640	80.442	73.9165
6353.027851	80.442	73.4917
6353.394062	80.436	73.0830
6353.760273	80.436	72.7358
6354.126484	80.448	72.3237
6354.492694	80.448	71.8208
6354.858905	80.434	71.3936
6355.225116	80.429	71.0356
6355.591327	80.427	70.6509
6355.957538	80.424	70.2979
6356.323749	80.432	69.9390
6356.689960	80.436	69.4985
6357.056171	80.430	69.1157
6357.422382	80.440	68.7783
6357.788593	80.453	68.2964
6358.154804	80.441	67.8076
6358.521015	80.430	67.4746
6358.887226	80.438	67.1138
6359.253437	80.440	66.6792
6359.619648	80.439	66.2983
6359.985859	80.447	65.8682
6360.352070	80.440	65.3706
6360.718281	80.422	65.0054
6361.084492	80.424	64.7104
6361.450703	80.434	64.3008
6361.816914	80.431	63.8784
6362.183125	80.433	63.5098
6362.549336	80.439	63.0698
6362.915547	80.431	62.6245
6363.281758	80.426	62.2837
6363.647969	80.437	61.8936
6364.014180	80.436	61.4185
6364.380391	80.427	61.0381
6364.746602	80.434	60.6753
6365.112813	80.438	60.1929
6365.479023	80.423	59.7715
6365.845234	80.421	59.4673
6366.211445	80.435	59.0430
6366.577656	80.425	58.5356
6366.943867	80.403	58.2119
6367.310078	80.411	57.9819
6367.676289	80.436	57.5552
6368.042500	80.433	57.0059
6368.408711	80.412	56.6133
6368.774922	80.412	56.3203
6369.141133	80.422	55.9121
6369.507344	80.417	55.4736
6369.873555	80.414	55.1143
6370.239766	80.420	54.6978
6370.605977	80.412	54.2383
6370.972188	80.398	53.8984
6371.338399	80.403	53.5898
6371.704610	80.412	53.2007
6372.070821	80.418	52.7998
6372.437032	80.428	52.3652
6372.803243	80.428	51.8579
6373.169454	80.414	51.4219
6373.535665	80.409	51.0923
6373.901876	80.420	50.7085
6374.268087	80.424	50.2310
6374.634298	80.415	49.7866
6375.000509	80.409	49.4316
6375.366720	80.418	49.0518
6375.732931	80.423	48.5635
6376.099142	80.408	48.1064
6376.465353	80.396	47.7900
6376.831563	80.405	47.4585
6377.197774	80.411	47.0181
6377.563985	80.404	46.6104
6377.930196	80.406	46.2598
6378.296407	80.413	45.8486
6378.662618	80.412	45.4092
6379.028829	80.409	45.0063
6379.395040	80.408	44.5962
6379.761251	80.404	44.1919
6380.127462	80.401	43.8154
6380.493673	80.402	43.4160
6380.859884	80.398	43.0166
6381.226095	80.397	42.6602
6381.592306	80.404	42.2861
6381.958517	80.412	41.8604
6382.324728	80.415	41.4053
6382.690939	80.411	40.9517
6383.057150	80.404	40.5576
6383.423361	80.408	40.1816
6383.789572	80.413	39.7290
6384.155783	80.405	39.2812
6384.521994	80.399	38.9165
6384.888205	80.405	38.5259
6385.254416	80.405	38.0747
6385.620627	80.396	37.6558
6385.986838	80.387	37.3003
6386.353049	80.388	36.9829
6386.719260	80.401	36.6191
6387.085471	80.408	36.1411
6387.451682	80.395	35.6978
6387.817892	80.389	35.3877
6388.184103	80.404	35.0127
6388.550314	80.405	34.5029
6388.916525	80.386	34.0894
6389.282736	80.383	33.7852
6389.648947	80.391	33.3809
6390.015158	80.383	32.9346
6390.381369	80.373	32.6016
6390.747580	80.382	32.2524
6391.113791	80.384	31.7939
6391.480002	80.373	31.3857
6391.846213	80.371	31.0522
6392.212424	80.376	30.6748
6392.578635	80.379	30.2866
6392.944846	80.389	29.8979
6393.311057	80.400	29.4121
6393.677268	80.393	28.9072
6394.043479	80.382	28.5044
6394.409690	80.382	28.1187
6394.775901	80.382	27.6826
6395.142112	80.374	27.2607
6395.508323	80.366	26.8887
6395.874534	80.365	26.5513
6396.240745	80.372	26.1914
6396.606956	80.377	25.7739
6396.973167	80.375	25.3818
6397.339378	80.382	25.0195
6397.705589	80.392	24.5669
6398.071800	80.385	24.1035
6398.438011	80.380	23.7549
6398.804222	80.392	23.3555
6399.170432	80.391	22.8306
6399.536643	80.371	22.4043
6399.902854	80.364	22.0962
6400.269065	80.368	21.7192
6400.635276	80.364	21.3154
6401.001487	80.364	20.9775
6401.367698	80.376	20.5806
6401.733909	80.377	20.0942
6402.100120	80.365	19.6851
6402.466331	80.366	19.3379
6402.832542	80.372	18.9067
6403.198753	80.366	18.4668
6403.564964	80.363	18.1045
6403.931175	80.370	17.6880
6404.297386	80.364	17.2231
6404.663597	80.353	16.8667
6405.029808	80.362	16.5132
6405.396019	80.365	16.0259
6405.762230	80.345	15.5952
6406.128441	80.335	15.3438
6406.494652	80.354	15.0562
6406.860863	80.373	14.5767
6407.227074	80.366	14.0581
6407.593285	80.351	13.6865
6407.959496	80.356	13.3657
6408.325707	80.366	12.9180
6408.691918	80.358	12.4453
6409.058129	80.349	12.0879
6409.424340	80.357	11.6992
6409.790551	80.354	11.2070
6410.156761	80.336	10.7925
6410.522972	80.327	10.4854
6410.889183	80.332	10.1411
6411.255394	80.335	9.7427
6411.621605	80.335	9.3408
6411.987816	80.333	8.9512
6412.354027	80.333	8.5962
6412.720238	80.344	8.2358
6413.086449	80.359	7.7769
6413.452660	80.360	7.2559
6413.818871	80.348	6.8066
6414.185082	80.343	6.4272
6414.551293	80.343	6.0142
6414.917504	80.338	5.5938
6415.283715	80.334	5.2319
6415.649926	80.341	4.8330
6416.016137	80.337	4.3652
6416.382348	80.323	3.9927
6416.748559	80.326	3.6978
6417.114770	80.341	3.2764
6417.480981	80.336	2.7842
6417.847192	80.322	2.4238
6418.213403	80.326	2.1206
6418.579614	80.337	1.7158
6418.945825	80.337	1.2788
6419.312036	80.336	0.9004
6419.678247	80.344	0.4976
6420.044458	80.346	0.0298
6420.410669	80.337	-0.4014
6420.776880	80.332	-0.7681
6421.143091	80.333	-1.1602
6421.509301	80.329	-1.5757
6421.875512	80.324	-1.9390
6422.241723	80.328	-2.2979
6422.607934	80.332	-2.7266
6422.974145	80.324	-3.1528
6423.340356	80.316	-3.5034
6423.706567	80.319	-3.8379
6424.072778	80.327	-4.2231
6424.438989	80.332	-4.6558
6424.805200	80.331	-5.1025
6425.171411	80.325	-5.5190
6425.537622	80.323	-5.9219
6425.903833	80.318	-6.3608
6426.270044	80.303	-6.7593
6426.636255	80.295	-7.0469
6427.002466	80.309	-7.3750
6427.368677	80.321	-7.8545
6427.734888	80.312	-8.3271
6428.101099	80.304	-8.6934
6428.467310	80.309	-9.0688
6428.833521	80.314	-9.5171
6429.199732	80.310	-9.9756
6429.565943	80.303	-10.3999
6429.932154	80.296	-10.7944
6430.298365	80.292	-11.1680
6430.664576	80.292	-11.5259
6431.030787	80.299	-11.9062
6431.396998	80.303	-12.3452
6431.763209	80.297	-12.7617
6432.129420	80.297	-13.1006
6432.495631	80.310	-13.4922
6432.861841	80.312	-13.9780
6433.228052	80.300	-14.3970
6433.594263	80.295	-14.7280
6433.960474	80.300	-15.0933
6434.326685	80.301	-15.4795
6434.692896	80.304	-15.8462
6435.059107	80.311	-16.2549
6435.425318	80.309	-16.6885
6435.791529	80.305	-17.0581
6436.157740	80.313	-17.4243
6436.523951	80.321	-17.9028
6436.890162	80.310	-18.4126
6437.256373	80.290	-18.8003
6437.622584	80.283	-19.1035
6437.988795	80.289	-19.4653
6438.355006	80.291	-19.9102
6438.721217	80.280	-20.3433
6439.087428	80.267	-20.6694
6439.453639	80.275	-20.9561
6439.819850	80.296	-21.4058
6440.186061	80.289	-21.9648
6440.552272	80.265	-22.3418
6440.918483	80.268	-22.6040
6441.284694	80.287	-23.0508
6441.650905	80.278	-23.5728
6442.017116	80.261	-23.9307
6442.383327	80.265	-24.2598
6442.749538	80.271	-24.6934
6443.115749	80.266	-25.1240
6443.481960	80.261	-25.5283
6443.848170	80.254	-25.9326
6444.214381	80.245	-26.2847
6444.580592	80.245	-26.6147
6444.946803	80.250	-26.9771
6445.313014	80.256	-27.3574
6445.679225	80.263	-27.7886
6446.045436	80.258	-28.2402
6446.411647	80.250	-28.6069
6446.777858	80.256	-28.9731
6447.144069	80.259	-29.4214
6447.510280	80.252	-29.8164
6447.876491	80.259	-30.1846
6448.242702	80.266	-30.6807
6448.608913	80.250	-31.1582
6448.975124	80.238	-31.4941
6449.341335	80.242	-31.8647
6449.707546	80.238	-32.2832
6450.073757	80.234	-32.6143
6450.439968	80.247	-32.9751
6450.806179	80.254	-33.4575
6451.172390	80.245	-33.9033
6451.538601	80.239	-34.2563
6451.904812	80.243	-34.6123
6452.271023	80.252	-35.0078
6452.637234	80.259	-35.4575
6453.003445	80.255	-35.9316
6453.369656	80.243	-36.3252
6453.735867	80.242	-36.6660
6454.102078	80.247	-37.0645
6454.468289	80.245	-37.4800
6454.834500	80.243	-37.8511
6455.200710	80.246	-38.2402
6455.566921	80.246	-38.6582
6455.933132	80.243	-39.0601
6456.299343	80.241	-39.4692
6456.665554	80.233	-39.8638
6457.031765	80.229	-40.1880
6457.397976	80.241	-40.5410
6457.764187	80.249	-41.0205
6458.130398	80.239	-41.5015
6458.496609	80.225	-41.8706
6458.862820	80.224	-42.2158
6459.229031	80.227	-42.6118
6459.595242	80.225	-43.0278
6459.961453	80.221	-43.4404
6460.327664	80.214	-43.8257
6460.693875	80.213	-44.1689
6461.060086	80.223	-44.5620
6461.426297	80.223	-45.0459
6461.792508	80.207	-45.4619
6462.158719	80.203	-45.7676
6462.524930	80.214	-46.1538
6462.891141	80.212	-46.6152
6463.257352	80.203	-46.9751
6463.623563	80.211	-47.3267
6463.989774	80.216	-47.7910
6464.355985	80.204	-48.1997
6464.722196	80.205	-48.5225
6465.088407	80.216	-48.9424
6465.454618	80.210	-49.4009
6465.820829	80.201	-49.7495
6466.187039	80.207	-50.0845
6466.553250	80.215	-50.4990
6466.919461	80.216	-50.9243
6467.285672	80.217	-51.3320
6467.651883	80.219	-51.7510
6468.018094	80.217	-52.1826
6468.384305	80.211	-52.6113
6468.750516	80.202	-53.0000
6469.116727	80.196	-53.3374
6469.482938	80.201	-53.6914
6469.849149	80.204	-54.1035
6470.215360	80.199	-54.5083
6470.581571	80.197	-54.8721
6470.947782	80.201	-55.2661
6471.313993	80.197	-55.6924
6471.680204	80.189	-56.0591
6472.046415	80.191	-56.3945
6472.412626	80.197	-56.7974
6472.778837	80.195	-57.2144
6473.145048	80.197	-57.5972
6473.511259	80.202	-58.0400
6473.877470	80.193	-58.5132
6474.243681	80.178	-58.8716
6474.609892	80.183	-59.1948
6474.976103	80.193	-59.6479
6475.342314	80.184	-60.1489
6475.708525	80.165	-60.5352
6476.074736	80.158	-60.8291
6476.440947	80.169	-61.1548
6476.807158	80.183	-61.5918
6477.173369	80.183	-62.0972
6477.539579	80.170	-62.5425
6477.905790	80.162	-62.9097
6478.272001	80.160	-63.2856
6478.638212	80.157	-63.6611
6479.004423	80.160	-64.0083
6479.370634	80.171	-64.4155
6479.736845	80.171	-64.8838
6480.103056	80.162	-65.2817
6480.469267	80.164	-65.6377
6480.835478	80.169	-66.0645
6481.201689	80.164	-66.4883
6481.567900	80.161	-66.8477
6481.934111	80.165	-67.2363
6482.300322	80.164	-67.6548
6482.666533	80.162	-68.0415
6483.032744	80.163	-68.4443
6483.398955	80.157	-68.8540
6483.765166	80.151	-69.2026
6484.131377	80.155	-69.5605
6484.497588	80.156	-69.9702
6484.863799	80.151	-70.3452
6485.230010	80.154	-70.7095
6485.596221	80.155	-71.1245
6485.962432	80.149	-71.5122
6486.328643	80.150	-71.8579
6486.694854	80.158	-72.2554
6487.061065	80.160	-72.6992
6487.427276	80.157	-73.1396
6487.793487	80.150	-73.5796
6488.159698	80.136	-73.9712
6488.525908	80.129	-74.2876
6488.892119	80.136	-74.6279
6489.258330	80.143	-75.0542
6489.624541	80.140	-75.4897
6489.990752	80.135	-75.8804
6490.356963	80.134	-76.2573
6490.723174	80.135	-76.6367
6491.089385	80.140	-77.0200
6491.455596	80.148	-77.4492
6491.821807	80.149	-77.9233
6492.188018	80.140	-78.3584
6492.554229	80.133	-78.7266
6492.920440	80.135	-79.0889
6493.286651	80.139	-79.4839
6493.652862	80.142	-79.9072
6494.019073	80.138	-80.3306
6494.385284	80.133	-80.7056
6494.751495	80.137	-81.0630
6495.117706	80.143	-81.4858
6495.483917	80.138	-81.9263
6495.850128	80.130	-82.2959
6496.216339	80.132	-82.6528
6496.582550	80.135	-83.0596
6496.948761	80.132	-83.4663
6497.314972	80.131	-83.8584
6497.681183	80.129	-84.2744
6498.047394	80.120	-84.6816
6498.413605	80.111	-85.0225
6498.779816	80.115	-85.3516
6499.146027	80.123	-85.7710
6499.512238	80.117	-86.2324
6499.878448	80.104	-86.6055
6500.244659	80.104	-86.9307
6500.610870	80.110	-87.3228
6500.977081	80.110	-87.7544
6501.343292	80.105	-88.1689
6501.709503	80.097	-88.5488
6502.075714	80.096	-88.8755
6502.441925	80.109	-89.2417
6502.808136	80.117	-89.7246
6503.174347	80.107	-90.1890
6503.540558	80.098	-90.5625
6503.906769	80.097	-90.9331
6504.272980	80.096	-91.3018
6504.639191	80.102	-91.6855
6505.005402	80.102	-92.1367
6505.371613	80.088	-92.5244
6505.737824	80.089	-92.8125
6506.104035	80.103	-93.2070
6506.470246	80.099	-93.6738
6506.836457	80.090	-94.0137
6507.202668	80.100	-94.3428
6507.568879	80.110	-94.8047
6507.935090	80.101	-95.2656
6508.301301	80.092	-95.6318
6508.667512	80.093	-95.9844
6509.033723	80.098	-96.3809
6509.399934	80.099	-96.8242
6509.766145	80.090	-97.2656
6510.132356	80.077	-97.6270
6510.498567	80.076	-97.9473
6510.864778	80.082	-98.3223
6511.230988	80.082	-98.7168
6511.597199	80.086	-99.0879
6511.963410	80.095	-99.5098
6512.329621	80.095	-99.9844
6512.695832	80.085	-100.4160
6513.062043	80.079	-100.7910
6513.428254	80.078	-101.1748
6513.794465	80.075	-101.5762
6514.160676	80.070	-101.9561
6514.526887	80.068	-102.3027
6514.893098	80.072	-102.6621
6515.259309	80.077	-103.0508
6515.625520	80.083	-103.4434
6515.991731	80.091	-103.8887
6516.357942	80.087	-104.3760
6516.724153	80.074	-104.7822
6517.090364	80.073	-105.1465
6517.456575	80.072	-105.5918
6517.822786	80.056	-106.0000
6518.188997	80.047	-106.2793
6518.555208	80.061	-106.6025
6518.921419	80.072	-107.0566
6519.287630	80.069	-107.5322
6519.653841	80.059	-107.9434
6520.020052	80.054	-108.2988
6520.386263	80.058	-108.6816
6520.752474	80.056	-109.1191
6521.118685	80.046	-109.4941
6521.484896	80.049	-109.8076
6521.851107	80.061	-110.2109
6522.217317	80.061	-110.6758
6522.583528	80.051	-111.0742
6522.949739	80.047	-111.4160
6523.315950	80.051	-111.7559
6523.682161	80.060	-112.1270
6524.048372	80.067	-112.5557
6524.414583	80.066	-112.9932
6524.780794	80.064	-113.3926
6525.147005	80.065	-113.7959
6525.513216	80.063	-114.2207
6525.879427	80.057	-114.6367
6526.245638	80.049	-115.0283
6526.611849	80.042	-115.3857
6526.978060	80.043	-115.7314
6527.344271	80.049	-116.1465
6527.710482	80.042	-116.6113
6528.076693	80.024	-116.9775
6528.442904	80.022	-117.2598
6528.809115	80.033	-117.6289
6529.175326	80.033	-118.0625
6529.541537	80.031	-118.4395
6529.907748	80.039	-118.8535
6530.273959	80.033	-119.3447
6530.640170	80.013	-119.6934
6531.006381	80.022	-119.9453
6531.372592	80.047	-120.4141
6531.738803	80.036	-121.0000
6532.105014	80.007	-121.3633
6532.471225	80.006	-121.6016
6532.837436	80.020	-121.9707
6533.203647	80.022	-122.4023
6533.569857	80.023	-122.7900
6533.936068	80.027	-123.2090
6534.302279	80.022	-123.6406
6534.668490	80.017	-124.0176
6535.034701	80.019	-124.4043
6535.400912	80.015	-124.8281
6535.767123	80.004	-125.1973
6536.133334	80.003	-125.4941
6536.499545	80.018	-125.8418
6536.865756	80.030	-126.3203
6537.231967	80.021	-126.8223
6537.598178	80.004	-127.1953
6537.964389	80.003	-127.4980
6538.330600	80.013	-127.8867
6538.696811	80.013	-128.3408
6539.063022	80.004	-128.7422
6539.429233	80.001	-129.0918
6539.795444	80.007	-129.4805
6540.161655	80.006	-129.9199
6540.527866	79.996	-130.3125
6540.894077	79.995	-130.6396
6541.260288	80.004	-131.0391
6541.626499	80.000	-131.4971
6541.992710	79.989	-131.8525
6542.358921	79.997	-132.1934
6542.725132	80.002	-132.6738
6543.091343	79.983	-133.1113
6543.457554	79.971	-133.3828
6543.823765	79.983	-133.6953
6544.189976	79.991	-134.1172
6544.556186	79.991	-134.5303
6544.922397	79.992	-134.9609
6545.288608	79.983	-135.3906
6545.654819	79.975	-135.7129
6546.021030	79.987	-136.0664
6546.387241	79.990	-136.5605
6546.753452	79.973	-136.9785
6547.119663	79.970	-137.2715
6547.485874	79.982	-137.6553
6547.852085	79.982	-138.1064
6548.218296	79.979	-138.5020
6548.584507	79.981	-138.9238
6548.950718	79.973	-139.3652
6549.316929	79.963	-139.7080
6549.683140	79.969	-140.0332
6550.049351	79.979	-140.4600
6550.415562	79.977	-140.9238
6550.781773	79.966	-141.3340
6551.147984	79.959	-141.6699
6551.514195	79.967	-142.0039
6551.880406	79.978	-142.4727
6552.246617	79.962	-142.9678
6552.612828	79.940	-143.2471
6552.979039	79.954	-143.4746
6553.345250	79.975	-143.9404
6553.711461	79.964	-144.4307
6554.077672	79.957	-144.7402
6554.443883	79.973	-145.1338
6554.810094	79.967	-145.6621
6555.176305	79.945	-146.0146
6555.542516	79.952	-146.2812
6555.908726	79.969	-146.7568
6556.274937	79.952	-147.2695
6556.641148	79.931	-147.5742
6557.007359	79.938	-147.8457
6557.373570	79.950	-148.2705
6557.739781	79.944	-148.7285
6558.105992	79.933	-149.0820
6558.472203	79.936	-149.3906
6558.838414	79.949	-149.7754
6559.204625	79.956	-150.2383
6559.570836	79.952	-150.6992
6559.937047	79.942	-151.1250
6560.303258	79.930	-151.4902
6560.669469	79.928	-151.7959
6561.035680	79.939	-152.1660
6561.401891	79.940	-152.6182
6561.768102	79.931	-152.9863
6562.134313	79.938	-153.3076
6562.500524	79.949	-153.7617
6562.866735	79.938	-154.2324
6563.232946	79.927	-154.5479
6563.599157	79.937	-154.8730
6563.965368	79.946	-155.3281
6564.331579	79.938	-155.7598
6564.697790	79.935	-156.1260
6565.064001	79.935	-156.5371
6565.430212	79.926	-156.9238
6565.796423	79.927	-157.2344
6566.162634	79.941	-157.6484
6566.528845	79.934	-158.1602
6566.895056	79.913	-158.5039
6567.261266	79.921	-158.7666
6567.627477	79.938	-159.2344
6567.993688	79.923	-159.7266
6568.359899	79.911	-160.0195
6568.726110	79.927	-160.3721
6569.092321	79.929	-160.8906
6569.458532	79.909	-161.3008
6569.824743	79.906	-161.5898
6570.190954	79.918	-161.9805
6570.557165	79.916	-162.4551
6570.923376	79.903	-162.8623
6571.289587	79.895	-163.1895
6571.655798	79.900	-163.5283
6572.022009	79.905	-163.9453
6572.388220	79.897	-164.3477
6572.754431	79.895	-164.6641
6573.120642	79.906	-165.0312
6573.486853	79.907	-165.4805
6573.853064	79.899	-165.8447
6574.219275	79.906	-166.1748
6574.585486	79.916	-166.6250
6574.951697	79.907	-167.0742
6575.317908	79.902	-167.4160
6575.684119	79.910	-167.8066
6576.050330	79.907	-168.2891
6576.416541	79.886	-168.6865
6576.782752	79.875	-168.9336
6577.148963	79.893	-169.2090
6577.515174	79.915	-169.6816
6577.881385	79.909	-170.2344
6578.247595	79.887	-170.6367
6578.613806	79.883	-170.9395
6578.980017	79.890	-171.3271
6579.346228	79.888	-171.7588
6579.712439	79.884	-172.1465
6580.078650	79.884	-172.5449
6580.444861	79.880	-172.9492
6580.811072	79.878	-173.3242
6581.177283	79.881	-173.7188
6581.543494	79.880	-174.1230
6581.909705	79.881	-174.5059
6582.275916	79.884	-174.9219
6582.642127	79.880	-175.3516
6583.008338	79.873	-175.7090
6583.374549	79.879	-176.0566
6583.740760	79.885	-176.4688
6584.106971	79.884	-176.8867
6584.473182	79.881	-177.2744
6584.839393	79.880	-177.6455
6585.205604	79.883	-178.0156
6585.571815	79.887	-178.4355
6585.938026	79.879	-178.8564
6586.304237	79.870	-179.1836
6586.670448	79.876	-179.4990
6587.036659	79.884	-179.9023
6587.402870	79.883	179.6777
6587.769081	79.880	179.2832
6588.135292	79.875	178.8936
6588.501503	79.871	178.5469
6588.867714	79.878	178.1973
6589.233925	79.884	177.7539
6589.600135	79.874	177.3066
6589.966346	79.863	176.9746
6590.332557	79.871	176.6602
6590.698768	79.885	176.2148
6591.064979	79.879	175.7051
6591.431190	79.860	175.3135
6591.797401	79.857	175.0166
6592.163612	79.868	174.6289
6592.529823	79.867	174.1553
6592.896034	79.853	173.7676
6593.262245	79.852	173.4619
6593.628456	79.863	173.0820
6593.994667	79.867	172.6162
6594.360878	79.855	172.1816
6594.727089	79.843	171.8428
6595.093300	79.844	171.5547
6595.459511	79.856	171.2051
6595.825722	79.863	170.7715
6596.191933	79.859	170.3691
6596.558144	79.861	170.0068
6596.924355	79.864	169.5889
6597.290566	79.855	169.1914
6597.656777	79.854	168.8867
6598.022988	79.867	168.5078
6598.389199	79.867	168.0332
6598.755410	79.856	167.6533
6599.121621	79.858	167.2949
6599.487832	79.856	166.8408
6599.854043	79.839	166.4648
6600.220254	79.838	166.1738
6600.586464	79.846	165.7695
6600.952675	79.837	165.3398
6601.318886	79.830	165.0176
6601.685097	79.839	164.6543
6602.051308	79.839	164.1934
6602.417519	79.825	163.8008
6602.783730	79.824	163.5098
6603.149941	79.842	163.1309
6603.516152	79.849	162.5918
6603.882363	79.827	162.1240
6604.248574	79.815	161.8574
6604.614785	79.835	161.5215
6604.980996	79.842	160.9922
6605.347207	79.825	160.5625
6605.713418	79.825	160.2695
6606.079629	79.841	159.8496
6606.445840	79.838	159.3457
6606.812051	79.825	158.9580
6607.178262	79.826	158.6172
6607.544473	79.830	158.1973
6607.910684	79.822	157.7578
6608.276895	79.805	157.4258
6608.643106	79.805	157.1885
6609.009317	79.825	156.8574
6609.375528	79.834	156.3887
6609.741739	79.824	155.9727
6610.107950	79.820	155.6387
6610.474161	79.821	155.2832
6610.840372	79.821	154.9551
6611.206583	79.837	154.6152
6611.572794	79.852	154.0957
6611.939004	79.831	153.5459
6612.305215	79.799	153.2441
6612.671426	79.802	153.0430
6613.037637	79.820	152.6562
6613.403848	79.817	152.1846
6613.770059	79.807	151.8320
6614.136270	79.814	151.4756
6614.502481	79.813	151.0098
6614.868692	79.796	150.6328
6615.234903	79.797	150.3711
6615.601114	79.816	149.9756
6615.967325	79.816	149.4697
6616.333536	79.802	149.0801
6616.699747	79.804	148.7520
6617.065958	79.811	148.3369
6617.432169	79.806	147.9043
6617.798380	79.799	147.5469
6618.164591	79.802	147.2070
6618.530802	79.808	146.8066
6618.897013	79.805	146.3926
6619.263224	79.801	146.0605
6619.629435	79.814	145.7168
6619.995646	79.825	145.2334
6620.361857	79.812	144.7539
6620.728068	79.797	144.4287
6621.094279	79.803	144.1152
6621.460490	79.810	143.6885
6621.826701	79.802	143.2617
6622.192912	79.793	142.9219
6622.559123	79.797	142.6055
6622.925333	79.807	142.2217
6623.291544	79.811	141.7754
6623.657755	79.805	141.3486
6624.023966	79.801	140.9717
6624.390177	79.802	140.5928
6624.756388	79.803	140.1816
6625.122599	79.799	139.7646
6625.488810	79.793	139.3887
6625.855021	79.793	139.0391
6626.221232	79.798	138.6465
6626.587443	79.796	138.2285
6626.953654	79.793	137.8594
6627.319865	79.797	137.4688
6627.686076	79.792	137.0430
6628.052287	79.784	136.7168
6628.418498	79.797	136.3926
6628.784709	79.808	135.8857
6629.150920	79.787	135.4043
6629.517131	79.768	135.1406
6629.883342	79.781	134.8711
6630.249553	79.794	134.4316
6630.615764	79.788	133.9688
6630.981975	79.775	133.6025
6631.348186	79.773	133.2969
6631.714397	79.784	132.9463
6632.080608	79.792	132.4883
6632.446819	79.783	132.0352
6632.813030	79.774	131.6816
6633.179241	79.777	131.3311
6633.545452	79.780	130.9238
6633.911663	79.779	130.5215
6634.277873	79.780	130.1182
6634.644084	79.779	129.7109
6635.010295	79.779	129.3203
6635.376506	79.782	128.8945
6635.742717	79.775	128.4453
6636.108928	79.762	128.0977
6636.475139	79.766	127.7939
6636.841350	79.775	127.3867
6637.207561	79.768	126.9814
6637.573772	79.769	126.6855
6637.939983	79.789	126.2988
6638.306194	79.791	125.7852
6638.672405	79.775	125.3994
6639.038616	79.782	125.0977
6639.404827	79.794	124.6309
6639.771038	79.779	124.1553
6640.137249	79.767	123.8633
6640.503460	79.780	123.5293
6640.869671	79.785	123.0527
6641.235882	79.773	122.6445
6641.602093	79.774	122.2988
6641.968304	79.779	121.8555
6642.334515	79.767	121.4062
6642.700726	79.755	121.0566
6643.066937	79.753	120.7197
6643.433148	79.753	120.3604
6643.799359	79.757	120.0029
6644.165570	79.764	119.5889
6644.531781	79.761	119.1426
6644.897992	79.753	118.7695
6645.264203	79.755	118.4219
6645.630413	79.759	118.0117
6645.996624	79.754	117.6016
6646.362835	79.751	117.2402
6646.729046	79.753	116.8760
6647.095257	79.755	116.4746
6647.461468	79.751	116.0762
6647.827679	79.747	115.7266
6648.193890	79.752	115.3926
6648.560101	79.763	114.9824
6648.926312	79.762	114.5195
6649.292523	79.751	114.1270
6649.658734	79.750	113.7832
6650.024945	79.755	113.3701
6650.391156	79.746	112.9385
6650.757367	79.736	112.6035
6651.123578	79.740	112.2842
6651.489789	79.748	111.8750
6651.856000	79.745	111.4541
6652.222211	79.742	111.0938
6652.588422	79.750	110.7188
6652.954633	79.755	110.2744
6653.320844	79.752	109.8262
6653.687055	79.746	109.4297
6654.053266	79.746	109.0449
6654.419477	79.747	108.6270
6654.785688	79.741	108.2188
6655.151899	79.738	107.8535
6655.518110	79.741	107.4824
6655.884321	79.743	107.0898
6656.250532	79.746	106.7031
6656.616742	79.752	106.2842
6656.982953	79.751	105.8242
6657.349164	79.740	105.4062
6657.715375	79.730	105.0664
6658.081586	79.731	104.7520
6658.447797	79.741	104.3867
6658.814008	79.746	103.9570
6659.180219	79.742	103.5342
6659.546430	79.738	103.1719
6659.912641	79.744	102.7793
6660.278852	79.741	102.3057
6660.645063	79.719	101.9258
6661.011274	79.715	101.7031
6661.377485	79.738	101.3701
6661.743696	79.745	100.8535
6662.109907	79.729	100.4434
6662.476118	79.731	100.1562
6662.842329	79.747	99.7305
6663.208540	79.742	99.2324
6663.574751	79.730	98.8516
6663.940962	79.730	98.4824
6664.307173	79.726	98.0684
6664.673384	79.717	97.7158
6665.039595	79.719	97.3926
6665.405806	79.727	97.0117
6665.772017	79.729	96.5869
6666.138228	79.724	96.1680
6666.504439	79.715	95.8242
6666.870650	79.722	95.5195
6667.236861	79.738	95.0957
6667.603072	79.735	94.5898
6667.969282	79.720	94.1816
6668.335493	79.714	93.8340
6668.701704	79.710	93.4688
6669.067915	79.706	93.1465
6669.434126	79.717	92.8320
6669.800337	79.735	92.3867
6670.166548	79.734	91.8652
6670.532759	79.719	91.4131
6670.898970	79.706	91.0430
6671.265181	79.697	90.7129
6671.631392	79.697	90.4092
6671.997603	79.707	90.0752
6672.363814	79.717	89.6660
6672.730025	79.720	89.2441
6673.096236	79.723	88.8467
6673.462447	79.728	88.4297
6673.828658	79.728	87.9863
6674.194869	79.721	87.5664
6674.561080	79.715	87.1895
6674.927291	79.712	86.8457
6675.293502	79.717	86.4912
6675.659713	79.722	86.0742
6676.025924	79.716	85.6533
6676.392135	79.710	85.3125
6676.758346	79.717	84.9727
6677.124557	79.723	84.5371
6677.490768	79.715	84.0947
6677.856979	79.704	83.7451
6678.223190	79.705	83.4336
6678.589401	79.715	83.0488
6678.955611	79.716	82.5947
6679.321822	79.707	82.1875
6679.688033	79.705	81.8477
6680.054244	79.715	81.4355
6680.420455	79.710	80.9277
6680.786666	79.686	80.5273
6681.152877	79.675	80.2891
6681.519088	79.692	80.0059
6681.885299	79.710	79.5566
6682.251510	79.709	79.0586
6682.617721	79.697	78.6406
6682.983932	79.690	78.3047
6683.350143	79.696	77.9746
6683.716354	79.708	77.5723
6684.082565	79.710	77.1260
6684.448776	79.707	76.7246
6684.814987	79.708	76.3398
6685.181198	79.708	75.9316
6685.547409	79.707	75.5586
6685.913620	79.714	75.1699
6686.279831	79.713	74.6973
6686.646042	79.695	74.3086
6687.012253	79.692	74.0547
6687.378464	79.710	73.6797
6687.744675	79.706	73.1914
6688.110886	79.689	72.8779
6688.477097	79.702	72.6328
6688.843308	79.725	72.1875
6689.209519	79.724	71.6738
6689.575730	79.714	71.2373
6689.941941	79.702	70.8184
6690.308151	79.683	70.5039
6690.674362	79.689	70.2949
6691.040573	79.719	69.9062
6691.406784	79.723	69.3477
6691.772995	79.705	68.9336
6692.139206	79.707	68.6074
6692.505417	79.714	68.1484
6692.871628	79.698	67.7070
6693.237839	79.687	67.4189
6693.604050	79.697	67.1035
6693.970261	79.705	66.6738
6694.336472	79.702	66.2461
6694.702683	79.695	65.8594
6695.068894	79.689	65.5254
6695.435105	79.696	65.2305
6695.801316	79.715	64.8115
6696.167527	79.712	64.2930
6696.533738	79.693	63.9316
6696.899949	79.700	63.6504
6697.266160	79.714	63.1777
6697.632371	79.696	62.6934
6697.998582	79.679	62.4336
6698.364793	79.695	62.1465
6698.731004	79.704	61.6738
6699.097215	79.691	61.2715
6699.463426	79.693	60.9824
6699.829637	79.709	60.5781
6700.195848	79.708	60.0938
6700.562059	79.697	59.6953
6700.928270	79.693	59.3496
6701.294481	79.695	59.0059
6701.660691	79.706	58.6367
6702.026902	79.714	58.1602
6702.393113	79.700	57.6816
6702.759324	79.683	57.3789
6703.125535	79.695	57.0938
6703.491746	79.706	56.6377
6703.857957	79.696	56.1943
6704.224168	79.689	55.8701
6704.590379	79.696	55.5098
6704.956590	79.696	55.1055
6705.322801	79.696	54.7383
6705.689012	79.699	54.3418
6706.055223	79.695	53.9375
6706.421434	79.694	53.6006
6706.787645	79.705	53.2158
6707.153856	79.706	52.7363
6707.520067	79.691	52.3457
6707.886278	79.692	52.0557
6708.252489	79.707	51.6533
6708.618700	79.704	51.1738
6708.984911	79.695	50.8027
6709.351122	79.702	50.4434
6709.717333	79.704	49.9717
6710.083544	79.690	49.5469
6710.449755	79.681	49.2305
6710.815966	79.685	48.8906
6711.182177	79.687	48.5312
6711.548388	79.696	48.1641
6711.914599	79.703	47.7207
6712.280810	79.695	47.2949
6712.647020	79.694	46.9590
6713.013231	79.704	46.5576
6713.379442	79.701	46.0801
6713.745653	79.686	45.6973
6714.111864	79.681	45.4062
6714.478075	79.690	45.0859
6714.844286	79.703	44.7031
6715.210497	79.714	44.2480
6715.576708	79.710	43.7520
6715.942919	79.693	43.3340
6716.309130	79.684	43.0371
6716.675341	79.694	42.7129
6717.041552	79.702	42.2656
6717.407763	79.693	41.8252
6717.773974	79.684	41.4824
6718.140185	79.684	41.1367
6718.506396	79.682	40.7891
6718.872607	79.688	40.4824
6719.238818	79.705	40.0889
6719.605029	79.710	39.6172
6719.971240	79.707	39.2119
6720.337451	79.712	38.7979
6720.703662	79.707	38.3242
6721.069873	79.692	37.9385
6721.436084	79.687	37.6357
6721.802295	79.694	37.3047
6722.168506	79.705	36.9160
6722.534717	79.711	36.4482
6722.900928	79.700	35.9980
6723.267139	79.691	35.6846
6723.633350	79.705	35.3379
6723.999560	79.711	34.8438
6724.365771	79.696	34.4160
6724.731982	79.693	34.0918
6725.098193	79.697	33.6895
6725.464404	79.690	33.2832
6725.830615	79.686	32.9619
6726.196826	79.694	32.6074
6726.563037	79.697	32.2021
6726.929248	79.699	31.8262
6727.295459	79.704	31.4355
6727.661670	79.705	31.0254
6728.027881	79.707	30.6504
6728.394092	79.714	30.2354
6728.760303	79.710	29.7803
6729.126514	79.698	29.4180
6729.492725	79.700	29.1035
6729.858936	79.708	28.7148
6730.225147	79.708	28.3115
6730.591358	79.709	27.9355
6730.957569	79.711	27.5371
6731.323780	79.710	27.1328
6731.689991	79.707	26.7334
6732.056202	79.700	26.3418
6732.422413	79.692	26.0215
6732.788624	79.697	25.7188
6733.154835	79.706	25.3369
6733.521046	79.708	24.9512
6733.887257	79.717	24.5889
6734.253468	79.728	24.1357
6734.619679	79.724	23.6416
6734.985889	79.711	23.2344
6735.352100	79.705	22.8750
6735.718311	79.703	22.5020
6736.084522	79.699	22.1270
6736.450733	79.696	21.7773
6736.816944	79.698	21.4648
6737.183155	79.713	21.1221
6737.549366	79.730	20.6436
6737.915577	79.723	20.1133
6738.281788	79.703	19.7178
6738.647999	79.697	19.4414
6739.014210	79.710	19.1113
6739.380421	79.720	18.6582
6739.746632	79.713	18.1934
6740.112843	79.699	17.8398
6740.479054	79.699	17.5537
6740.845265	79.713	17.2168
6741.211476	79.726	16.7930
6741.577687	79.731	16.3262
6741.943898	79.726	15.8652
6742.310109	79.713	15.4775
6742.676320	79.711	15.1777
6743.042531	79.726	14.8301
6743.408742	79.738	14.3418
6743.774953	79.727	13.8545
6744.141164	79.713	13.5088
6744.507375	79.717	13.1914
6744.873586	79.725	12.7803
6745.239797	79.722	12.3379
6745.606008	79.713	11.9521
6745.972219	79.708	11.6230
6746.338429	79.714	11.2959
6746.704640	79.722	10.9023
6747.070851	79.722	10.4863
6747.437062	79.721	10.1191
6747.803273	79.727	9.7383
6748.169484	79.729	9.2949
6748.535695	79.719	8.8809
6748.901906	79.709	8.5371
6749.268117	79.707	8.2305
6749.634328	79.714	7.9180
6750.000539	79.725	7.5449
6750.366750	79.731	7.1396
6750.732961	79.738	6.7402
6751.099172	79.744	6.2891
6751.465383	79.739	5.8193
6751.831594	79.730	5.4141
6752.197805	79.724	5.0195
6752.564016	79.714	4.6543
6752.930227	79.714	4.3652
6753.296438	79.730	3.9795
6753.662649	79.729	3.4688
6754.028860	79.709	3.0879
6754.395071	79.708	2.8320
6754.761282	79.725	2.4678
6755.127493	79.728	1.9961
6755.493704	79.715	1.5957
6755.859915	79.711	1.3262
6756.226126	79.733	1.0146
6756.592337	79.752	0.5049
6756.958548	79.738	-0.0137
6757.324758	79.722	-0.3340
6757.690969	79.730	-0.6387
6758.057180	79.737	-1.0645
6758.423391	79.730	-1.4414
6758.789602	79.736	-1.7578
6759.155813	79.750	-2.1729
6759.522024	79.751	-2.6348
6759.888235	79.746	-3.0273
6760.254446	79.750	-3.4229
6760.620657	79.748	-3.8711
6760.986868	79.736	-4.2676
6761.353079	79.732	-4.5977
6761.719290	79.736	-4.9668
6762.085501	79.733	-5.3574
6762.451712	79.733	-5.7021
6762.817923	79.742	-6.0879
6763.184134	79.741	-6.5391
6763.550345	79.730	-6.9160
6763.916556	79.731	-7.2344
6764.282767	79.740	-7.6211
6764.648978	79.740	-8.0371
6765.015189	79.740	-8.4199
6765.381400	79.741	-8.8164
6765.747611	79.737	-9.1934
6766.113822	79.743	-9.5205
6766.480033	79.760	-9.9404
6766.846244	79.760	-10.4756
6767.212455	79.738	-10.8867
6767.578666	79.733	-11.1357
6767.944877	79.754	-11.4805
6768.311088	79.763	-11.9785
6768.677298	79.752	-12.4219
6769.043509	79.747	-12.7637
6769.409720	79.752	-13.1328
6769.775931	79.754	-13.5283
6770.142142	79.756	-13.8955
6770.508353	79.765	-14.2969
6770.874564	79.765	-14.7520
6771.240775	79.756	-15.1289
6771.606986	79.762	-15.4453
6771.973197	79.776	-15.8818
6772.339408	79.769	-16.3730
6772.705619	79.755	-16.7246
6773.071830	79.758	-17.0430
6773.438041	79.761	-17.4541
6773.804252	79.754	-17.8145
6774.170463	79.761	-18.1289
6774.536674	79.772	-18.5654
6774.902885	79.762	-19.0225
6775.269096	79.749	-19.3320
6775.635307	79.757	-19.6211
6776.001518	79.770	-20.0273
6776.367729	79.770	-20.4717
6776.733940	79.765	-20.8633
6777.100151	79.765	-21.2324
6777.466362	79.765	-21.6318
6777.832573	79.761	-22.0137
6778.198784	79.762	-22.3467
6778.564995	79.774	-22.7480
6778.931206	79.773	-23.2246
6779.297417	79.760	-23.5938
6779.663628	79.766	-23.9072
6780.029838	79.776	-24.3418
6780.396049	79.768	-24.7656
6780.762260	79.767	-25.0742
6781.128471	79.783	-25.4473
6781.494682	79.789	-25.9121
6781.860893	79.787	-26.3232
6782.227104	79.791	-26.7363
6782.593315	79.786	-27.1855
6782.959526	79.774	-27.5391
6783.325737	79.780	-27.8281
6783.691948	79.797	-28.2363
6784.058159	79.796	-28.7305
6784.424370	79.782	-29.1113
6784.790581	79.784	-29.4072
6785.156792	79.798	-29.8047
6785.523003	79.797	-30.2744
6785.889214	79.788	-30.6582
6786.255425	79.789	-31.0088
6786.621636	79.791	-31.4238
6786.987847	79.783	-31.8184
6787.354058	79.779	-32.1279
6787.720269	79.791	-32.4570
6788.086480	79.803	-32.8984
6788.452691	79.801	-33.3633
6788.818902	79.794	-33.7539
6789.185113	79.796	-34.1318
6789.551324	79.797	-34.5537
6789.917535	79.791	-34.9473
6790.283746	79.790	-35.3037
6790.649957	79.794	-35.6719
6791.016167	79.800	-36.0566
6791.382378	79.806	-36.4980
6791.748589	79.798	-36.9453
6792.114800	79.787	-37.2734
6792.481011	79.795	-37.5762
6792.847222	79.806	-37.9863
6793.213433	79.805	-38.3984
6793.579644	79.808	-38.7773
6793.945855	79.810	-39.1963
6794.312066	79.804	-39.5840
6794.678277	79.804	-39.9170
6795.044488	79.810	-40.2793
6795.410699	79.814	-40.6533
6795.776910	79.823	-41.0439
6796.143121	79.825	-41.4902
6796.509332	79.817	-41.8848
6796.875543	79.820	-42.2090
6797.241754	79.834	-42.6211
6797.607965	79.834	-43.1152
6797.974176	79.820	-43.5488
6798.340387	79.808	-43.8945
6798.706598	79.805	-44.1895
6799.072809	79.815	-44.4990
6799.439020	79.831	-44.9121
6799.805231	79.835	-45.3828
6800.171442	79.831	-45.8066
6800.537653	79.830	-46.2188
6800.903864	79.824	-46.6338
6801.270075	79.818	-46.9951
6801.636286	79.820	-47.3486
6802.002497	79.822	-47.7305
6802.368707	79.824	-48.0957
6802.734918	79.832	-48.4893
6803.101129	79.830	-48.9199
6803.467340	79.824	-49.2539
6803.833551	79.839	-49.5586
6804.199762	79.859	-50.0371
6804.565973	79.852	-50.5566
6804.932184	79.840	-50.9160
6805.298395	79.848	-51.2715
6805.664606	79.850	-51.7305
6806.030817	79.840	-52.1367
6806.397028	79.837	-52.4834
6806.763239	79.838	-52.8672
6807.129450	79.834	-53.2207
6807.495661	79.843	-53.5547
6807.861872	79.854	-54.0078
6808.228083	79.844	-54.4932
6808.594294	79.828	-54.8281
6808.960505	79.831	-55.1172
6809.326716	79.840	-55.5137
6809.692927	79.836	-55.9219
6810.059138	79.834	-56.2500
6810.425349	79.846	-56.6084
6810.791560	79.853	-57.0605
6811.157771	79.845	-57.4834
6811.523982	79.842	-57.8164
6811.890193	79.853	-58.1777
6812.256404	79.862	-58.6279
6812.622615	79.858	-59.0859
6812.988826	79.850	-59.4814
6813.355036	79.848	-59.8320
6813.721247	79.852	-60.1973
6814.087458	79.856	-60.5977
6814.453669	79.856	-60.9727
6814.819880	79.865	-61.3438
6815.186091	79.873	-61.7930
6815.552302	79.868	-62.2422
6815.918513	79.863	-62.6113
6816.284724	79.865	-62.9785
6816.650935	79.866	-63.3516
6817.017146	79.873	-63.7207
6817.383357	79.880	-64.1719
6817.749568	79.869	-64.6064
6818.115779	79.861	-64.8984
6818.481990	79.876	-65.2285
6818.848201	79.882	-65.6758
6819.214412	79.877	-66.0547
6819.580623	79.885	-66.3955
6819.946834	79.894	-66.8379
6820.313045	79.888	-67.2725
6820.679256	79.884	-67.6309
6821.045467	79.888	-68.0039
6821.411678	79.889	-68.4062
6821.777889	79.887	-68.8018
6822.144100	79.885	-69.1738
6822.510311	79.887	-69.5117
6822.876522	79.899	-69.8896
6823.242733	79.905	-70.3594
6823.608944	79.897	-70.8027
6823.975155	79.891	-71.1689
6824.341366	79.891	-71.5488
6824.707576	79.888	-71.9287
6825.073787	79.889	-72.2578
6825.439998	79.902	-72.6377
6825.806209	79.907	-73.1172
6826.172420	79.895	-73.5605
6826.538631	79.883	-73.8789
6826.904842	79.890	-74.1660
6827.271053	79.905	-74.5547
6827.637264	79.910	-75.0195
6828.003475	79.903	-75.4346
6828.369686	79.901	-75.7812
6828.735897	79.908	-76.1426
6829.102108	79.916	-76.5693
6829.468319	79.914	-77.0195
6829.834530	79.905	-77.4053
6830.200741	79.904	-77.7354
6830.566952	79.912	-78.0977
6830.933163	79.918	-78.4961
6831.299374	79.924	-78.9102
6831.665585	79.927	-79.3594
6832.031796	79.921	-79.7783
6832.398007	79.920	-80.1543
6832.764218	79.922	-80.5732
6833.130429	79.916	-80.9805
6833.496640	79.915	-81.3203
6833.862851	79.924	-81.7285
6834.229062	79.918	-82.1934
6834.595273	79.903	-82.5420
6834.961484	79.906	-82.8076
6835.327695	79.924	-83.1699
6835.693906	79.932	-83.6445
6836.060116	79.923	-84.0605
6836.426327	79.925	-84.3730
6836.792538	79.943	-84.7871
6837.158749	79.939	-85.3027
6837.524960	79.922	-85.6484
6837.891171	79.934	-85.9277
6838.257382	79.952	-86.3975
6838.623593	79.944	-86.8867
6838.989804	79.936	-87.2422
6839.356015	79.941	-87.6250
6839.722226	79.939	-88.0469
6840.088437	79.935	-88.4258
6840.454648	79.934	-88.7949
6840.820859	79.934	-89.1504
6841.187070	79.941	-89.5156
6841.553281	79.947	-89.9473
6841.919492	79.941	-90.3613
6842.285703	79.937	-90.6973
6842.651914	79.944	-91.0391
6843.018125	79.952	-91.4316
6843.384336	79.956	-91.8516
6843.750547	79.954	-92.2441
6844.116758	79.958	-92.5879
6844.482969	79.973	-93.0039
6844.849180	79.972	-93.5156
6845.215391	79.954	-93.9062
6845.581602	79.956	-94.1865
6845.947813	79.971	-94.6182
6846.314024	79.958	-95.0957
6846.680235	79.943	-95.3584
6847.046445	79.964	-95.6367
6847.412656	79.978	-96.1406
6847.778867	79.963	-96.5840
6848.145078	79.960	-96.8555
6848.511289	79.977	-97.2246
6848.877500	79.981	-97.6777
6849.243711	79.980	-98.0566
6849.609922	79.988	-98.4551
6849.976133	79.990	-98.9004
6850.342344	79.987	-99.3037
6850.708555	79.988	-99.7012
6851.074766	79.985	-100.0957
6851.440977	79.985	-100.4336
6851.807188	79.996	-100.8066
6852.173399	80.003	-101.2402
6852.539610	80.006	-101.6504
6852.905821	80.012	-102.1016
6853.272032	80.002	-102.5781
6853.638243	79.985	-102.9023
6854.004454	79.996	-103.1670
6854.370665	80.017	-103.6133
6854.736876	80.012	-104.1406
6855.103087	79.992	-104.5371
6855.469298	79.983	-104.8242
6855.835509	79.990	-105.0957
6856.201720	80.011	-105.4395
6856.567931	80.028	-105.9336
6856.934142	80.020	-106.4512
6857.300353	80.005	-106.8252
6857.666564	80.005	-107.1465
6858.032775	80.010	-107.5156
6858.398985	80.014	-107.8945
6858.765196	80.022	-108.2969
6859.131407	80.024	-108.7383
6859.497618	80.019	-109.1475
6859.863829	80.018	-109.5225
6860.230040	80.017	-109.8984
6860.596251	80.019	-110.2520
6860.962462	80.027	-110.6230
6861.328673	80.034	-111.0361
6861.694884	80.039	-111.4512
6862.061095	80.042	-111.8984
6862.427306	80.033	-112.3418
6862.793517	80.025	-112.6719
6863.159728	80.034	-113.0176
6863.525939	80.036	-113.4688
6863.892150	80.026	-113.8320
6864.258361	80.033	-114.1377
6864.624572	80.044	-114.5664
6864.990783	80.041	-114.9785
6865.356994	80.047	-115.3379
6865.723205	80.055	-115.8057
6866.089416	80.042	-116.2402
6866.455627	80.039	-116.5488
6866.821838	80.052	-116.9395
6867.188049	80.051	-117.3906
6867.554260	80.048	-117.7656
6867.920471	80.052	-118.1719
6868.286682	80.047	-118.5938
6868.652893	80.043	-118.9238
6869.019104	80.056	-119.2891
6869.385314	80.061	-119.7686
6869.751525	80.048	-120.1934
6870.117736	80.041	-120.4814
6870.483947	80.057	-120.7910
6870.850158	80.075	-121.2559
6871.216369	80.069	-121.7578
6871.582580	80.055	-122.1172
6871.948791	80.059	-122.4199
6872.315002	80.071	-122.8262
6872.681213	80.069	-123.2539
6873.047424	80.067	-123.6074
6873.413635	80.075	-123.9727
6873.779846	80.080	-124.3984
6874.146057	80.079	-124.8047
6874.512268	80.081	-125.1865
6874.878479	80.084	-125.5947
6875.244690	80.084	-125.9980
6875.610901	80.085	-126.3848
6875.977112	80.088	-126.7998
6876.343323	80.085	-127.2217
6876.709534	80.080	-127.6055
6877.075745	80.079	-127.9736
6877.441956	80.080	-128.3467
6877.808167	80.082	-128.7207
6878.174378	80.084	-129.0977
6878.540589	80.089	-129.4639
6878.906800	80.099	-129.8574
6879.273011	80.105	-130.3115
6879.639222	80.102	-130.7520
6880.005433	80.098	-131.1494
6880.371644	80.095	-131.5391
6880.737854	80.093	-131.9043
6881.104065	80.096	-132.2715
6881.470276	80.097	-132.6582
6881.836487	80.098	-132.9922
6882.202698	80.115	-133.3457
6882.568909	80.128	-133.8418
6882.935120	80.119	-134.3311
6883.301331	80.109	-134.6963
6883.667542	80.109	-135.0527
6884.033753	80.110	-135.4307
6884.399964	80.111	-135.8037
6884.766175	80.111	-136.1875
6885.132386	80.111	-136.5205
6885.498597	80.126	-136.8535
6885.864808	80.143	-137.3379
6886.231019	80.133	-137.8389
6886.597230	80.121	-138.1807
6886.963441	80.127	-138.5107
6887.329652	80.132	-138.9297
6887.695863	80.129	-139.3135
6888.062074	80.135	-139.6641
6888.428285	80.143	-140.0762
6888.794496	80.144	-140.5020
6889.160707	80.145	-140.8945
6889.526918	80.149	-141.3027
6889.893129	80.149	-141.7305
6890.259340	80.147	-142.1328
6890.625551	80.147	-142.5273
6890.991762	80.146	-142.9375
6891.357973	80.142	-143.3232
6891.724183	80.142	-143.6816
6892.090394	80.147	-144.0693
6892.456605	80.147	-144.4805
6892.822816	80.145	-144.8564
6893.189027	80.150	-145.2139
6893.555238	80.157	-145.6191
6893.921449	80.158	-146.0430
6894.287660	80.156	-146.4121
6894.653871	80.165	-146.7637
6895.020082	80.180	-147.2002
6895.386293	80.180	-147.7207
6895.752504	80.162	-148.1611
6896.118715	80.151	-148.4512
6896.484926	80.163	-148.7773
6896.851137	80.169	-149.2246
6897.217348	80.161	-149.6152
6897.583559	80.166	-149.9512
6897.949770	80.174	-150.3887
6898.315981	80.166	-150.8076
6898.682192	80.167	-151.1367
6899.048403	80.179	-151.5645
6899.414614	80.171	-152.0342
6899.780825	80.161	-152.3770
6900.147036	80.167	-152.7285
6900.513247	80.167	-153.1465
6900.879458	80.164	-153.4990
6901.245669	80.173	-153.8652
6901.611880	80.178	-154.3066
6901.978091	80.176	-154.7188
6902.344302	80.178	-155.1328
6902.710513	80.171	-155.5645
6903.076723	80.162	-155.9023
6903.442934	80.169	-156.2148
6903.809145	80.179	-156.6260
6904.175356	80.178	-157.0439
6904.541567	80.178	-157.4004
6904.907778	80.186	-157.7705
6905.273989	80.193	-158.1836
6905.640200	80.196	-158.6025
6906.006411	80.199	-159.0049
6906.372622	80.204	-159.4219
6906.738833	80.205	-159.8711
6907.105044	80.198	-160.2949
6907.471255	80.194	-160.6729
6907.837466	80.193	-161.0645
6908.203677	80.188	-161.4600
6908.569888	80.184	-161.8105
6908.936099	80.187	-162.1709
6909.302310	80.188	-162.5664
6909.668521	80.187	-162.9424
6910.034732	80.189	-163.3281
6910.400943	80.187	-163.7383
6910.767154	80.182	-164.0977
6911.133365	80.188	-164.4473
6911.499576	80.193	-164.8672
6911.865787	80.186	-165.2715
6912.231998	80.185	-165.5947
6912.598209	80.197	-165.9531
6912.964420	80.206	-166.3857
6913.330631	80.208	-166.8145
6913.696842	80.212	-167.2344
6914.063053	80.213	-167.6855
6914.429263	80.206	-168.1289
6914.795474	80.196	-168.5098
6915.161685	80.194	-168.8398
6915.527896	80.201	-169.1963
6915.894107	80.207	-169.6074
6916.260318	80.208	-170.0244
6916.626529	80.209	-170.4355
6916.992740	80.206	-170.8564
6917.358951	80.199	-171.2422
6917.725162	80.195	-171.5781
6918.091373	80.200	-171.9170
6918.457584	80.208	-172.2900
6918.823795	80.215	-172.7031
6919.190006	80.217	-173.1504
6919.556217	80.209	-173.5605
6919.922428	80.205	-173.8984
6920.288639	80.213	-174.2695
6920.654850	80.213	-174.7041
6921.021061	80.203	-175.0654
6921.387272	80.210	-175.3564
6921.753483	80.229	-175.7754
6922.119694	80.227	-176.2832
6922.485905	80.212	-176.6445
6922.852116	80.221	-176.9453
6923.218327	80.235	-177.4062
6923.584538	80.225	-177.8672
6923.950749	80.221	-178.1816
6924.316960	80.239	-178.5771
6924.683171	80.241	-179.1152
6925.049382	80.222	-179.5371
6925.415592	80.221	-179.8623
6925.781803	80.227	179.7070
6926.148014	80.216	179.2637
6926.514225	80.206	178.9492
6926.880436	80.216	178.6270
6927.246647	80.226	178.1934
6927.612858	80.225	177.7520
6927.979069	80.224	177.3486
6928.345280	80.225	176.9150
6928.711491	80.217	176.4902
6929.077702	80.210	176.1396
6929.443913	80.212	175.7891
6929.810124	80.214	175.4102
6930.176335	80.216	175.0557
6930.542546	80.225	174.6807
6930.908757	80.230	174.2480
6931.274968	80.229	173.8418
6931.641179	80.230	173.4590
6932.007390	80.231	173.0527
6932.373601	80.229	172.6797
6932.739812	80.235	172.3203
6933.106023	80.243	171.8945
6933.472234	80.240	171.4492
6933.838445	80.232	171.0615
6934.204656	80.230	170.7070
6934.570867	80.234	170.3379
6934.937078	80.237	169.9336
6935.303289	80.235	169.5234
6935.669500	80.232	169.1504
6936.035711	80.237	168.7666
6936.401922	80.238	168.3203
6936.768132	80.227	167.9111
6937.134343	80.223	167.6152
6937.500554	80.242	167.2637
6937.866765	80.254	166.7324
6938.232976	80.237	166.2314
6938.599187	80.222	165.9180
6938.965398	80.231	165.5938
6939.331609	80.239	165.1465
6939.697820	80.235	164.7207
6940.064031	80.234	164.3447
6940.430242	80.236	163.9453
6940.796453	80.236	163.5527
6941.162664	80.238	163.1592
6941.528875	80.237	162.7471
6941.895086	80.233	162.3848
6942.261297	80.238	162.0537
6942.627508	80.249	161.6680
6942.993719	80.255	161.2305
6943.359930	80.251	160.7910
6943.726141	80.241	160.4307
6944.092352	80.244	160.1582
6944.458563	80.266	159.7920
6944.824774	80.274	159.2871
6945.190985	80.263	158.8691
6945.557196	80.267	158.5342
6945.923407	80.278	158.0840
6946.289618	80.269	157.6113
6946.655829	80.260	157.2656
6947.022040	80.266	156.9082
6947.388251	80.267	156.4805
6947.754461	80.263	156.0957
6948.120672	80.268	155.7168
6948.486883	80.271	155.2803
6948.853094	80.265	154.8652
6949.219305	80.264	154.4824
6949.585516	80.264	154.0703
6949.951727	80.257	153.6777
6950.317938	80.257	153.3359
6950.684149	80.265	152.9551
6951.050360	80.268	152.4961
6951.416571	80.255	152.0703
6951.782782	80.245	151.7744
6952.148993	80.256	151.5000
6952.515204	80.274	151.0918
6952.881415	80.278	150.6299
6953.247626	80.277	150.2363
6953.613837	80.285	149.8203
6953.980048	80.283	149.3486
6954.346259	80.271	148.9609
6954.712470	80.272	148.6348
6955.078681	80.281	148.2207
6955.444892	80.275	147.7734
6955.811103	80.264	147.4326
6956.177314	80.270	147.1396
6956.543525	80.287	146.7500
6956.909736	80.293	146.2666
6957.275947	80.284	145.8262
6957.642158	80.278	145.4844
6958.008369	80.286	145.1172
6958.374580	80.289	144.6758
6958.740791	80.282	144.2822
6959.107001	80.285	143.9414
6959.473212	80.294	143.5254
6959.839423	80.291	143.0879
6960.205634	80.288	142.7324
6960.571845	80.298	142.3467
6960.938056	80.301	141.8652
6961.304267	80.288	141.4316
6961.670478	80.280	141.1035
6962.036689	80.288	140.7637
6962.402900	80.297	140.3232
6962.769111	80.291	139.8594
6963.135322	80.279	139.4883
6963.501533	80.280	139.1523
6963.867744	80.285	138.7520
6964.233955	80.283	138.3516
6964.600166	80.285	137.9834
6964.966377	80.290	137.5703
6965.332588	80.289	137.1484
6965.698799	80.290	136.7471
6966.065010	80.288	136.3164
6966.431221	80.279	135.9551
6966.797432	80.288	135.6621
6967.163643	80.311	135.2031
6967.529854	80.306	134.6445
6967.896065	80.285	134.2695
6968.262276	80.287	133.9863
6968.628487	80.301	133.5938
6968.994698	80.305	133.1562
6969.360909	80.307	132.7305
6969.727120	80.304	132.2881
6970.093331	80.295	131.8984
6970.459541	80.294	131.5635
6970.825752	80.300	131.1787
6971.191963	80.298	130.7734
6971.558174	80.295	130.4336
6971.924385	80.305	130.0898
6972.290596	80.315	129.6484
6972.656807	80.310	129.1953
6973.023018	80.304	128.8301
6973.389229	80.310	128.4609
6973.755440	80.313	127.9980
6974.121651	80.299	127.5742
6974.487862	80.290	127.2842
6974.854073	80.305	126.9648
6975.220284	80.318	126.4883
6975.586495	80.309	125.9961
6975.952706	80.295	125.6426
6976.318917	80.299	125.3359
6976.685128	80.311	124.9229
6977.051339	80.310	124.4551
6977.417550	80.302	124.0684
6977.783761	80.304	123.7148
6978.149972	80.309	123.3066
6978.516183	80.308	122.8994
6978.882394	80.311	122.5098
6979.248605	80.311	122.0820
6979.614816	80.303	121.6953
6979.981027	80.305	121.3887
6980.347238	80.321	121.0098
6980.713449	80.328	120.5293
6981.079660	80.322	120.0840
6981.445870	80.318	119.6816
6981.812081	80.313	119.2754
6982.178292	80.306	118.9092
6982.544503	80.307	118.5742
6982.910714	80.314	118.1934
6983.276925	80.315	117.7715
6983.643136	80.312	117.3730
6984.009347	80.311	117.0059
6984.375558	80.315	116.6270
6984.741769	80.319	116.2129
6985.107980	80.317	115.7930
6985.474191	80.315	115.4062
6985.840402	80.317	115.0352
6986.206613	80.324	114.6338
6986.572824	80.327	114.1904
6986.939035	80.324	113.7568
6987.305246	80.321	113.3691
6987.671457	80.325	112.9658
6988.037668	80.323	112.5117
6988.403879	80.309	112.1260
6988.770090	80.307	111.8516
6989.136301	80.326	111.5088
6989.502512	80.338	111.0283
6989.868723	80.332	110.5840
6990.234934	80.329	110.2246
6990.601145	80.335	109.8496
6990.967356	80.340	109.4609
6991.333567	80.348	109.0605
6991.699778	80.354	108.6055
6992.065989	80.350	108.1680
6992.432200	80.350	107.7744
6992.798410	80.352	107.3262
6993.164621	80.339	106.8906
6993.530832	80.330	106.5732
6993.897043	80.338	106.2383
6994.263254	80.344	105.7998
6994.629465	80.337	105.3906
6994.995676	80.335	105.0410
6995.361887	80.341	104.6680
6995.728098	80.346	104.2500
6996.094309	80.345	103.8184
6996.460520	80.342	103.4150
6996.826731	80.342	103.0293
6997.192942	80.344	102.6016
6997.559153	80.338	102.1758
6997.925364	80.332	101.8086
6998.291575	80.332	101.4336
6998.657786	80.329	101.0449
6999.023997	80.328	100.7051
6999.390208	80.337	100.3496
6999.756419	80.344	99.9316
7000.122630	80.346	99.5186
7000.488841	80.350	99.1074
7000.855052	80.349	98.6729
7001.221263	80.344	98.2871
7001.587474	80.348	97.9346
7001.953685	80.357	97.5117
7002.319896	80.357	97.0508
7002.686107	80.351	96.6406
7003.052318	80.350	96.2510
7003.418529	80.349	95.8369
7003.784739	80.343	95.4336
7004.150950	80.339	95.0645
7004.517161	80.339	94.7051
7004.883372	80.344	94.3438
7005.249583	80.353	93.9512
7005.615794	80.360	93.4912
7005.982005	80.355	93.0312
7006.348216	80.349	92.6416
7006.714427	80.351	92.2539
7007.080638	80.352	91.8301
7007.446849	80.350	91.4180
7007.813060	80.347	91.0020
7008.179271	80.338	90.6172
7008.545482	80.337	90.3184
7008.911693	80.354	89.9600
7009.277904	80.360	89.4707
7009.644115	80.350	89.0713
7010.010326	80.356	88.7578
7010.376537	80.372	88.3047
7010.742748	80.365	87.8184
7011.108959	80.357	87.4551
7011.475170	80.361	87.0723
7011.841381	80.357	86.6582
7012.207592	80.354	86.3320
7012.573803	80.367	85.9512
7012.940014	80.367	85.4746
7013.306225	80.356	85.1045
7013.672436	80.363	84.7617
7014.038647	80.366	84.2871
7014.404858	80.347	83.8867
7014.771069	80.344	83.6406
7015.137279	80.365	83.2773
7015.503490	80.369	82.7725
7015.869701	80.357	82.3564
7016.235912	80.356	82.0117
7016.602123	80.360	81.6055
7016.968334	80.357	81.1846
7017.334545	80.354	80.7988
7017.700756	80.352	80.4150
7018.066967	80.350	80.0469
7018.433178	80.355	79.6992
7018.799389	80.367	79.3037
7019.165600	80.375	78.8379
7019.531811	80.371	78.3633
7019.898022	80.361	77.9551
7020.264233	80.359	77.6104
7020.630444	80.367	77.2363
7020.996655	80.373	76.7852
7021.362866	80.368	76.3535
7021.729077	80.367	75.9863
7022.095288	80.376	75.5859
7022.461499	80.379	75.1182
7022.827710	80.371	74.6768
7023.193921	80.365	74.2949
7023.560132	80.363	73.9160
7023.926343	80.361	73.5391
7024.292554	80.362	73.1875
7024.658765	80.371	72.8174
7025.024976	80.381	72.3711
7025.391187	80.376	71.8984
7025.757398	80.363	71.5215
7026.123608	80.365	71.2227
7026.489819	80.381	70.8203
7026.856030	80.379	70.3359
7027.222241	80.368	69.9834
7027.588452	80.381	69.6543
7027.954663	80.392	69.1289
7028.320874	80.368	68.6484
7028.687085	80.354	68.4160
7029.053296	80.374	68.1172
7029.419507	80.386	67.6377
7029.785718	80.382	67.2070
7030.151929	80.386	66.7871
7030.518140	80.379	66.3105
7030.884351	80.363	65.9551
7031.250562	80.368	65.6455
7031.616773	80.376	65.2031
7031.982984	80.365	64.7988
7032.349195	80.369	64.4961
7032.715406	80.387	64.0625
7033.081617	80.383	63.5352
7033.447828	80.366	63.1484
7033.814039	80.368	62.8320
7034.180250	80.378	62.3984
7034.546461	80.369	61.9209
7034.912672	80.351	61.5938
7035.278883	80.359	61.3691
7035.645094	80.390	60.9805
7036.011305	80.400	60.4072
7036.377516	80.384	59.9336
7036.743727	80.379	59.5938
7037.109938	80.386	59.1895
7037.476148	80.382	58.7441
7037.842359	80.374	58.3770
7038.208570	80.378	58.0176
7038.574781	80.380	57.6074
7038.940992	80.376	57.2285
7039.307203	80.381	56.8740
7039.673414	80.389	56.4482
7040.039625	80.384	56.0059
7040.405836	80.377	55.6602
7040.772047	80.388	55.3213
7041.138258	80.401	54.8457
7041.504469	80.392	54.3447
7041.870680	80.377	53.9688
7042.236891	80.377	53.6348
7042.603102	80.382	53.2510
7042.969313	80.386	52.8438
7043.335524	80.390	52.4023
7043.701735	80.385	51.9395
7044.067946	80.372	51.5605
7044.434157	80.373	51.2471
7044.800368	80.385	50.8545
7045.166579	80.388	50.4043
7045.532790	80.387	49.9844
7045.899001	80.387	49.5518
7046.265212	80.379	49.1279
7046.631423	80.372	48.8008
7046.997634	80.383	48.4629
7047.363845	80.392	48.0195
7047.730056	80.389	47.5938
7048.096267	80.392	47.2070
7048.462478	80.395	46.7598
7048.828688	80.386	46.3418
7049.194899	80.383	46.0039
7049.561110	80.389	45.6230
7049.927321	80.390	45.2051
7050.293532	80.392	44.8096
7050.659743	80.394	44.3711
7051.025954	80.385	43.9336
7051.392165	80.376	43.5898
7051.758376	80.380	43.2510
7052.124587	80.386	42.8506
7052.490798	80.389	42.4199
7052.857009	80.386	41.9746
7053.223220	80.376	41.5791
7053.589431	80.374	41.2539
7053.955642	80.385	40.8633
7054.321853	80.384	40.4043
7054.688064	80.376	40.0371
7055.054275	80.385	39.7002
7055.420486	80.397	39.2363
7055.786697	80.389	38.7441
7056.152908	80.373	38.3926
7056.519119	80.378	38.1230
7056.885330	80.401	37.7402
7057.251541	80.412	37.1963
7057.617752	80.394	36.7061
7057.983963	80.380	36.4102
7058.350174	80.394	36.1055
7058.716385	80.406	35.6387
7059.082596	80.398	35.1855
7059.448807	80.395	34.8350
7059.815017	80.402	34.4316
7060.181228	80.397	33.9951
7060.547439	80.391	33.6582
7060.913650	80.404	33.3125
7061.279861	80.415	32.8174
7061.646072	80.403	32.3164
7062.012283	80.386	31.9570
7062.378494	80.388	31.6328
7062.744705	80.394	31.2109
7063.110916	80.387	30.7734
7063.477127	80.379	30.4141
7063.843338	80.382	30.0605
7064.209549	80.386	29.6523
7064.575760	80.386	29.2344
7064.941971	80.385	28.8135
7065.308182	80.378	28.4043
7065.674393	80.374	28.0605
7066.040604	80.382	27.7031
7066.406815	80.388	27.2676
7066.773026	80.384	26.8711
7067.139237	80.392	26.5059
7067.505448	80.402	26.0410
7067.871659	80.394	25.5762
7068.237870	80.387	25.2305
7068.604081	80.396	24.8730
7068.970292	80.404	24.4258
7069.336503	80.402	23.9766
7069.702714	80.397	23.5664
7070.068925	80.395	23.1738
7070.435136	80.394	22.7793
7070.801347	80.391	22.3848
7071.167557	80.390	21.9980
7071.533768	80.387	21.6074
7071.899979	80.383	21.2334
7072.266190	80.382	20.8965
7072.632401	80.389	20.5332
7072.998612	80.393	20.1230
7073.364823	80.395	19.7227
7073.731034	80.399	19.2988
7074.097245	80.393	18.8574
7074.463456	80.385	18.5068
7074.829667	80.394	18.1709
7075.195878	80.406	17.7070
7075.562089	80.399	17.2285
7075.928300	80.392	16.8438
7076.294511	80.395	16.4424
7076.660722	80.392	15.9902
7077.026933	80.382	15.5996
7077.393144	80.382	15.2500
7077.759355	80.386	14.8535
7078.125566	80.387	14.4531
7078.491777	80.392	14.0645
7078.857988	80.398	13.6162
7079.224199	80.392	13.1738
7079.590410	80.390	12.8145
7079.956621	80.400	12.4102
7080.322832	80.400	11.9180
7080.689043	80.385	11.5176
7081.055254	80.385	11.2148
7081.421465	80.400	10.8213
7081.787676	80.403	10.3340
7082.153886	80.391	9.9004
7082.520097	80.385	9.5508
7082.886308	80.388	9.1895
7083.252519	80.390	8.7676
7083.618730	80.382	8.3730
7083.984941	80.380	8.0391
7084.351152	80.386	7.6709
7084.717363	80.389	7.2705
7085.083574	80.393	6.8926
7085.449785	80.402	6.4531
7085.815996	80.396	5.9707
7086.182207	80.384	5.5918
7086.548418	80.386	5.2432
7086.914629	80.388	4.8115
7087.280840	80.379	4.4160
7087.647051	80.379	4.0957
7088.013262	80.391	3.7188
7088.379473	80.399	3.2646
7088.745684	80.400	2.7988
7089.111895	80.396	2.3379
7089.478106	80.387	1.9023
7089.844317	80.376	1.5156
7090.210528	80.370	1.1777
7090.576739	80.375	0.8428
7090.942950	80.386	0.4229
7091.309161	80.384	-0.0527
7091.675372	80.372	-0.4492
7092.041583	80.371	-0.7793
7092.407794	80.377	-1.1543
7092.774005	80.379	-1.5527
7093.140216	80.383	-1.9424
7093.506426	80.387	-2.3789
7093.872637	80.381	-2.8008
7094.238848	80.381	-3.1396
7094.605059	80.395	-3.5508
7094.971270	80.393	-4.0684
7095.337481	80.374	-4.4590
7095.703692	80.376	-4.7539
7096.069903	80.388	-5.1797
7096.436114	80.382	-5.6221
7096.802325	80.381	-5.9688
7097.168536	80.391	-6.3887
7097.534747	80.386	-6.8516
7097.900958	80.380	-7.2148
7098.267169	80.385	-7.6113
7098.633380	80.380	-8.0488
7098.999591	80.374	-8.3848
7099.365802	80.385	-8.7490
7099.732013	80.388	-9.2129
7100.098224	80.380	-9.5898
7100.464435	80.388	-9.9336
7100.830646	80.398	-10.4023
7101.196857	80.389	-10.8672
7101.563068	80.382	-11.2246
7101.929279	80.386	-11.5918
7102.295490	80.389	-12.0156
7102.661701	80.386	-12.4277
7103.027912	80.386	-12.8262
7103.394123	80.385	-13.2412
7103.760334	80.380	-13.6387
7104.126545	80.379	-13.9980
7104.492756	80.386	-14.3945
7104.858966	80.388	-14.8535
7105.225177	80.379	-15.2715
7105.591388	80.378	-15.6387
7105.957599	80.381	-16.0527
7106.323810	80.377	-16.4863
7106.690021	80.370	-16.8672
7107.056232	80.370	-17.2227
7107.422443	80.376	-17.6016
7107.788654	80.382	-18.0303
7108.154865	80.379	-18.4648
7108.521076	80.377	-18.8320
7108.887287	80.388	-19.2266
7109.253498	80.390	-19.7305
7109.619709	80.373	-20.1553
7109.985920	80.370	-20.4414
7110.352131	80.387	-20.8330
7110.718342	80.387	-21.3438
7111.084553	80.373	-21.7363
7111.450764	80.375	-22.0469
7111.816975	80.388	-22.4658
7112.183186	80.386	-22.9570
7112.549397	80.372	-23.3643
7112.915608	80.369	-23.6729
7113.281819	80.383	-24.0547
7113.648030	80.385	-24.5762
7114.014241	80.363	-25.0010
7114.380452	80.357	-25.2617
7114.746663	80.375	-25.6328
7115.112874	80.376	-26.1406
7115.479085	80.362	-26.5459
7115.845295	80.362	-26.8916
7116.211506	80.364	-27.3086
7116.577717	80.358	-27.7090
7116.943928	80.358	-28.0684
7117.310139	80.363	-28.4629
7117.676350	80.366	-28.8848
7118.042561	80.365	-29.3291
7118.408772	80.355	-29.7559
7118.774983	80.346	-30.0801
7119.141194	80.355	-30.3975
7119.507405	80.367	-30.8164
7119.873616	80.368	-31.2529
7120.239827	80.371	-31.6641
7120.606038	80.372	-32.1016
7120.972249	80.368	-32.5215
7121.338460	80.367	-32.9199
7121.704671	80.364	-33.3477
7122.070882	80.353	-33.7285
7122.437093	80.352	-34.0176
7122.803304	80.370	-34.3730
7123.169515	80.382	-34.8701
7123.535726	80.373	-35.3652
7123.901937	80.358	-35.7461
7124.268148	80.357	-36.0576
7124.634359	80.369	-36.4336
7125.000570	80.375	-36.9238
7125.366781	80.362	-37.3730
7125.732992	80.356	-37.7090
7126.099203	80.365	-38.0986
7126.465414	80.362	-38.5596
7126.831625	80.352	-38.9238
7127.197835	80.360	-39.2725
7127.564046	80.366	-39.7227
7127.930257	80.360	-40.1484
7128.296468	80.360	-40.5332
7128.662679	80.360	-40.9531
7129.028890	80.355	-41.3242
7129.395101	80.363	-41.6836
7129.761312	80.370	-42.1484
7130.127523	80.360	-42.5820
7130.493734	80.360	-42.9160
7130.859945	80.370	-43.3359
7131.226156	80.364	-43.8027
7131.592367	80.354	-44.1396
7131.958578	80.367	-44.4814
7132.324789	80.378	-44.9844
7132.691000	80.365	-45.4873
7133.057211	80.348	-45.8496
7133.423422	80.347	-46.1875
7133.789633	80.348	-46.5918
7134.155844	80.342	-46.9941
7134.522055	80.336	-47.3535
7134.888266	80.338	-47.7012
7135.254477	80.345	-48.0820
7135.620688	80.350	-48.5215
7135.986899	80.346	-48.9688
7136.353110	80.340	-49.3652
7136.719321	80.339	-49.7480
7137.085532	80.341	-50.1484
7137.451743	80.341	-50.5625
7137.817954	80.339	-50.9844
7138.184164	80.334	-51.3770
7138.550375	80.334	-51.7354
7138.916586	80.339	-52.1172
7139.282797	80.345	-52.5293
7139.649008	80.350	-52.9688
7140.015219	80.346	-53.4336
7140.381430	80.334	-53.8281
7140.747641	80.333	-54.1523
7141.113852	80.340	-54.5469
7141.480063	80.336	-54.9629
7141.846274	80.336	-55.3008
7142.212485	80.348	-55.6904
7142.578696	80.348	-56.1602
7142.944907	80.340	-56.5449
7143.311118	80.346	-56.8994
7143.677329	80.354	-57.3711
7144.043540	80.342	-57.8428
7144.409751	80.329	-58.1875
7144.775962	80.333	-58.5176
7145.142173	80.341	-58.9336
7145.508384	80.341	-59.3828
7145.874595	80.334	-59.8027
7146.240806	80.329	-60.1797
7146.607017	80.331	-60.5410
7146.973228	80.339	-60.9590
7147.339439	80.338	-61.4248
7147.705650	80.329	-61.8340
7148.071861	80.327	-62.1943
7148.438072	80.330	-62.5996
7148.804283	80.327	-63.0117
7149.170494	80.325	-63.3789
7149.536704	80.328	-63.7578
7149.902915	80.329	-64.1523
7150.269126	80.330	-64.5234
7150.635337	80.338	-64.9121
7151.001548	80.342	-65.3535
7151.367759	80.338	-65.7900
7151.733970	80.330	-66.1670
7152.100181	80.331	-66.5000
7152.466392	80.343	-66.8945
7152.832603	80.345	-67.3867
7153.198814	80.330	-67.8203
7153.565025	80.322	-68.1387
7153.931236	80.330	-68.5078
7154.297447	80.329	-68.9570
7154.663658	80.319	-69.3359
7155.029869	80.322	-69.6641
7155.396080	80.334	-70.0791
7155.762291	80.336	-70.5664
7156.128502	80.328	-71.0273
7156.494713	80.320	-71.4385
7156.860924	80.315	-71.8398
7157.227135	80.309	-72.2480
7157.593346	80.302	-72.6230
7157.959557	80.302	-72.9668
7158.325768	80.311	-73.3545
7158.691979	80.315	-73.8008
7159.058190	80.311	-74.2246
7159.424401	80.309	-74.6006
7159.790612	80.317	-74.9941
7160.156823	80.322	-75.4609
7160.523033	80.312	-75.9297
7160.889244	80.299	-76.2764
7161.255455	80.306	-76.5859
7161.621666	80.318	-77.0283
7161.987877	80.311	-77.5000
7162.354088	80.301	-77.8457
7162.720299	80.308	-78.1953
7163.086510	80.311	-78.6289
7163.452721	80.307	-79.0244
7163.818932	80.311	-79.4170
7164.185143	80.308	-79.8750
7164.551354	80.294	-80.2539
7164.917565	80.297	-80.5508
7165.283776	80.313	-80.9746
7165.649987	80.309	-81.4795
7166.016198	80.296	-81.8789
7166.382409	80.295	-82.2412
7166.748620	80.294	-82.6543
7167.114831	80.290	-83.0352
7167.481042	80.293	-83.3936
7167.847253	80.300	-83.8066
7168.213464	80.302	-84.2422
7168.579675	80.300	-84.6729
7168.945886	80.295	-85.0840
7169.312097	80.293	-85.4443
7169.678308	80.301	-85.8320
7170.044519	80.303	-86.2988
7170.410730	80.291	-86.6992
7170.776941	80.291	-86.9961
7171.143152	80.310	-87.3711
7171.509363	80.320	-87.8809
7171.875573	80.310	-88.3799
7172.241784	80.294	-88.7715
7172.607995	80.287	-89.0918
7172.974206	80.292	-89.4375
7173.340417	80.296	-89.8496
7173.706628	80.292	-90.2549
7174.072839	80.290	-90.6230
7174.439050	80.290	-91.0117
7174.805261	80.287	-91.3926
7175.171472	80.289	-91.7314
7175.537683	80.301	-92.1445
7175.903894	80.300	-92.6445
7176.270105	80.283	-93.0518
7176.636316	80.280	-93.3809
7177.002527	80.284	-93.7939
7177.368738	80.274	-94.2080
7177.734949	80.269	-94.5215
7178.101160	80.279	-94.8867
7178.467371	80.280	-95.3301
7178.833582	80.276	-95.7051
7179.199793	80.284	-96.0820
7179.566004	80.289	-96.5557
7179.932215	80.279	-97.0000
7180.298426	80.271	-97.3652
7180.664637	80.270	-97.7285
7181.030848	80.270	-98.0820
7181.397059	80.277	-98.4297
7181.763270	80.290	-98.8379
7182.129481	80.298	-99.3076
7182.495692	80.295	-99.8018
7182.861903	80.279	-100.2402
7183.228113	80.267	-100.5586
7183.594324	80.274	-100.8584
7183.960535	80.286	-101.2656
7184.326746	80.288	-101.7090
7184.692957	80.287	-102.1152
7185.059168	80.289	-102.5332
7185.425379	80.286	-102.9766
7185.791590	80.277	-103.3867
7186.157801	80.269	-103.7363
7186.524012	80.270	-104.0625
7186.890223	80.279	-104.4473
7187.256434	80.281	-104.8818
7187.622645	80.276	-105.2637
7187.988856	80.282	-105.6133
7188.355067	80.295	-106.0459
7188.721278	80.296	-106.5469
7189.087489	80.286	-107.0059
7189.453700	80.275	-107.4053
7189.819911	80.268	-107.7754
7190.186122	80.265	-108.1367
7190.552333	80.264	-108.5059
7190.918544	80.264	-108.8701
7191.284755	80.270	-109.2402
7191.650966	80.277	-109.6797
7192.017177	80.270	-110.1289
7192.383388	80.261	-110.4756
7192.749599	80.268	-110.8105
7193.115810	80.276	-111.2422
7193.482021	80.272	-111.6523
7193.848232	80.276	-112.0156
7194.214442	80.284	-112.4590
7194.580653	80.278	-112.9033
7194.946864	80.275	-113.2666
7195.313075	80.281	-113.6680
7195.679286	80.280	-114.0996
7196.045497	80.279	-114.4883
7196.411708	80.283	-114.9258
7196.777919	80.273	-115.3730
7197.144130	80.262	-115.7070
7197.510341	80.267	-116.0547
7197.876552	80.265	-116.4541
7198.242763	80.263	-116.7734
7198.608974	80.278	-117.1270
7198.975185	80.284	-117.6055
7199.341396	80.274	-117.9980
7199.707607	80.281	-118.3193
7200.073818	80.294	-118.7764
7200.440029	80.283	-119.2578
7200.806240	80.270	-119.5820
7201.172451	80.279	-119.8770
7201.538662	80.296	-120.2988
7201.904873	80.299	-120.8086
7202.271084	80.283	-121.2627
7202.637295	80.272	-121.5801
7203.003506	80.283	-121.9053
7203.369717	80.293	-122.3770
7203.735928	80.282	-122.8398
7204.102139	80.275	-123.2051
7204.468350	80.275	-123.6064
7204.834561	80.265	-123.9990
7205.200772	80.263	-124.3047
7205.566982	80.277	-124.6826
7205.933193	80.280	-125.1465
7206.299404	80.276	-125.5645
7206.665615	80.275	-125.9912
7207.031826	80.264	-126.4004
7207.398037	80.261	-126.7061
7207.764248	80.277	-127.0898
7208.130459	80.278	-127.5986
7208.496670	80.265	-128.0029
7208.862881	80.266	-128.3594
7209.229092	80.266	-128.8027
7209.595303	80.253	-129.1758
7209.961514	80.258	-129.4756
7210.327725	80.273	-129.9062
7210.693936	80.269	-130.3809
7211.060147	80.263	-130.7441
7211.426358	80.273	-131.1289
7211.792569	80.275	-131.6191
7212.158780	80.261	-132.0615
7212.524991	80.252	-132.4004
7212.891202	80.254	-132.7344
7213.257413	80.261	-133.1055
7213.623624	80.271	-133.5234
7213.989835	80.272	-133.9922
7214.356046	80.263	-134.4238
7214.722257	80.258	-134.7812
7215.088468	80.261	-135.1621
7215.454679	80.261	-135.5781
7215.820890	80.257	-135.9766
7216.187101	80.253	-136.3613
7216.553311	80.249	-136.7090
7216.919522	80.257	-137.0410
7217.285733	80.269	-137.4785
7217.651944	80.263	-137.9609
7218.018155	80.248	-138.3086
7218.384366	80.255	-138.6074
7218.750577	80.270	-139.0352
7219.116788	80.268	-139.5137
7219.482999	80.259	-139.9141
7219.849210	80.258	-140.3008
7220.215421	80.253	-140.7109
7220.581632	80.245	-141.0508
7220.947843	80.254	-141.3516
7221.314054	80.274	-141.7949
7221.680265	80.271	-142.3223
7222.046476	80.256	-142.7080
7222.412687	80.263	-143.0527
7222.778898	80.270	-143.5479
7223.145109	80.252	-144.0127
7223.511320	80.241	-144.3281
7223.877531	80.248	-144.7012
7224.243742	80.243	-145.1504
7224.609953	80.231	-145.5117
7224.976164	80.231	-145.8369
7225.342375	80.235	-146.2197
7225.708586	80.235	-146.6133
7226.074797	80.233	-147.0020
7226.441008	80.231	-147.3643
7226.807219	80.237	-147.7139
7227.173430	80.248	-148.1660
7227.539641	80.239	-148.6543
7227.905851	80.223	-148.9961
7228.272062	80.230	-149.3047
7228.638273	80.241	-149.7412
7229.004484	80.237	-150.1914
7229.370695	80.233	-150.5801
7229.736906	80.234	-150.9932
7230.103117	80.229	-151.4004
7230.469328	80.230	-151.7656
7230.835539	80.236	-152.1836
7231.201750	80.233	-152.6289
7231.567961	80.227	-153.0117
7231.934172	80.230	-153.3896
7232.300383	80.232	-153.8066
7232.666594	80.231	-154.2012
7233.032805	80.234	-154.5986
7233.399016	80.233	-155.0234
7233.765227	80.229	-155.3916
7234.131438	80.238	-155.7422
7234.497649	80.250	-156.1934
7234.863860	80.247	-156.6875
7235.230071	80.234	-157.1084
7235.596282	80.226	-157.4688
7235.962493	80.225	-157.8281
7236.328704	80.225	-158.2100
7236.694915	80.221	-158.6016
7237.061126	80.216	-158.9639
7237.427337	80.215	-159.2852
7237.793548	80.225	-159.6387
7238.159759	80.232	-160.0742
7238.525970	80.227	-160.5000
7238.892181	80.226	-160.8486
7239.258391	80.236	-161.2529
7239.624602	80.235	-161.7441
7239.990813	80.221	-162.1504
7240.357024	80.219	-162.4883
7240.723235	80.223	-162.9043
7241.089446	80.215	-163.3301
7241.455657	80.207	-163.6777
7241.821868	80.208	-164.0254
7242.188079	80.212	-164.3965
7242.554290	80.217	-164.7812
7242.920501	80.222	-165.1943
7243.286712	80.224	-165.6143
7243.652923	80.226	-166.0449
7244.019134	80.221	-166.4893
7244.385345	80.213	-166.8691
7244.751556	80.217	-167.2188
7245.117767	80.225	-167.6670
7245.483978	80.217	-168.1504
7245.850189	80.201	-168.5234
7246.216400	80.199	-168.8457
7246.582611	80.201	-169.2236
7246.948822	80.198	-169.5918
7247.315033	80.204	-169.9180
7247.681244	80.222	-170.3418
7248.047455	80.223	-170.8789
7248.413666	80.204	-171.3311
7248.779877	80.193	-171.6523
7249.146088	80.197	-171.9961
7249.512299	80.200	-172.4150
7249.878510	80.195	-172.8281
7250.244720	80.189	-173.1924
7250.610931	80.189	-173.5371
7250.977142	80.194	-173.9043
7251.343353	80.199	-174.2891
7251.709564	80.207	-174.6865
7252.075775	80.216	-175.1504
7252.441986	80.211	-175.6504
7252.808197	80.196	-176.0645
7253.174408	80.189	-176.3965
7253.540619	80.194	-176.7656
7253.906830	80.197	-177.1885
7254.273041	80.192	-177.6074
7254.639252	80.186	-177.9863
7255.005463	80.184	-178.3213
7255.371674	80.196	-178.6738
7255.737885	80.208	-179.1436
7256.104096	80.198	-179.6504
7256.470307	80.180	-179.9951
7256.836518	80.187	179.7344
7257.202729	80.206	179.2812
7257.568940	80.197	178.7520
7257.935151	80.177	178.4062
7258.301362	80.181	178.1152
7258.667573	80.190	177.6895
7259.033784	80.181	177.2656
7259.399995	80.175	176.9512
7259.766206	80.187	176.6074
7260.132417	80.196	176.1543
7260.498628	80.191	175.6855
7260.864839	80.181	175.2822
7261.231050	80.176	174.8984
7261.597260	80.169	174.5146
7261.963471	80.165	174.1699
7262.329682	80.170	173.7988
7262.695893	80.168	173.3535
7263.062104	80.156	172.9805
7263.428315	80.160	172.6729
7263.794526	80.173	172.2285
7264.160737	80.162	171.7539
7264.526948	80.151	171.4473
7264.893159	80.168	171.1191
7265.259370	80.183	170.5996
7265.625581	80.170	170.0801
7265.991792	80.154	169.6963
7266.358003	80.150	169.3633
7266.724214	80.155	168.9932
7267.090425	80.157	168.5820
7267.456636	80.155	168.1914
7267.822847	80.160	167.8242
7268.189058	80.169	167.3711
7268.555269	80.159	166.8887
7268.921480	80.140	166.5527
7269.287691	80.143	166.2979
7269.653902	80.160	165.9375
7270.020113	80.169	165.4834
7270.386324	80.168	165.0293
7270.752535	80.160	164.5986
7271.118746	80.148	164.2314
7271.484957	80.146	163.9297
7271.851168	80.157	163.5781
7272.217379	80.163	163.1230
7272.583589	80.154	162.6885
7272.949800	80.147	162.3418
7273.316011	80.151	161.9785
7273.682222	80.153	161.5625
7274.048433	80.152	161.1602
7274.414644	80.156	160.7285
7274.780855	80.149	160.2402
7275.147066	80.129	159.8486
7275.513277	80.124	159.5625
7275.879488	80.136	159.1826
7276.245699	80.135	158.7070
7276.611910	80.123	158.3154
7276.978121	80.122	157.9844
7277.344332	80.129	157.5996
7277.710543	80.133	157.1904
7278.076754	80.140	156.7734
7278.442965	80.144	156.2900
7278.809176	80.131	155.7969
7279.175387	80.111	155.4375
7279.541598	80.107	155.1699
7279.907809	80.119	154.8398
7280.274020	80.130	154.4346
7280.640231	80.138	154.0039
7281.006442	80.141	153.5293
7281.372653	80.130	153.0723
7281.738864	80.119	152.7217
7282.105075	80.124	152.3770
7282.471286	80.129	151.9297
7282.837497	80.119	151.4824
7283.203708	80.106	151.1250
7283.569919	80.102	150.8027
7283.936129	80.105	150.4688
7284.302340	80.112	150.1035
7284.668551	80.117	149.6934
7285.034762	80.118	149.2812
7285.400973	80.120	148.8711
7285.767184	80.118	148.4424
7286.133395	80.111	148.0566
7286.499606	80.114	147.7070
7286.865817	80.122	147.2686
7287.232028	80.115	146.8027
7287.598239	80.106	146.4258
7287.964450	80.106	146.0430
7288.330661	80.099	145.6270
7288.696872	80.090	145.3018
7289.063083	80.099	144.9785
7289.429294	80.107	144.5332
7289.795505	80.098	144.1055
7290.161716	80.093	143.7812
7290.527927	80.105	143.4258
7290.894138	80.114	142.9512
7291.260349	80.103	142.4648
7291.626560	80.086	142.1104
7291.992771	80.088	141.8135
7292.358982	80.098	141.4121
7292.725193	80.097	140.9678
7293.091404	80.094	140.5723
7293.457615	80.092	140.1426
7293.823826	80.080	139.7383
7294.190037	80.074	139.4365
7294.556248	80.085	139.0762
7294.922458	80.086	138.6465
7295.288669	80.088	138.2910
7295.654880	80.103	137.8516
7296.021091	80.095	137.2998
7296.387302	80.069	136.9473
7296.753513	80.075	136.7031
7297.119724	80.094	136.2441
7297.485935	80.082	135.7559
7297.852146	80.072	135.4453
7298.218357	80.085	135.0703
7298.584568	80.082	134.5898
7298.950779	80.070	134.2363
7299.316990	80.078	133.9053
7299.683201	80.084	133.4355
7300.049412	80.072	133.0049
7300.415623	80.066	132.6650
7300.781834	80.066	132.2803
7301.148045	80.060	131.9014
7301.514256	80.059	131.5703
7301.880467	80.065	131.1904
7302.246678	80.067	130.7910
7302.612889	80.070	130.3867
7302.979100	80.068	129.9258
7303.345311	80.053	129.5215
7303.711522	80.050	129.2197
7304.077733	80.061	128.8232
7304.443944	80.055	128.3428
7304.810155	80.040	127.9902
7305.176366	80.046	127.6738
7305.542577	80.052	127.2227
7305.908788	80.039	126.7910
7306.274998	80.033	126.4961
7306.641209	80.049	126.1406
7307.007420	80.055	125.6309
7307.373631	80.037	125.1738
7307.739842	80.024	124.8838
7308.106053	80.035	124.5918
7308.472264	80.050	124.1592
7308.838475	80.049	123.6895
7309.204686	80.044	123.2939
7309.570897	80.046	122.8945
7309.937108	80.043	122.4551
7310.303319	80.033	122.0859
7310.669530	80.035	121.7578
7311.035741	80.043	121.3447
7311.401952	80.039	120.9160
7311.768163	80.034	120.5605
7312.134374	80.040	120.1895
7312.500585	80.043	119.7510
7312.866796	80.035	119.3379
7313.233007	80.030	118.9922
7313.599218	80.037	118.6309
7313.965429	80.042	118.1914
7314.331640	80.034	117.7529
7314.697851	80.027	117.3965
7315.064062	80.032	117.0264
7315.430273	80.034	116.5791
7315.796484	80.024	116.1592
7316.162695	80.018	115.7910
7316.528906	80.015	115.4258
7316.895117	80.014	115.0723
7317.261328	80.021	114.6914
7317.627538	80.023	114.2568
7317.993749	80.019	113.8535
7318.359960	80.021	113.4492
7318.726171	80.016	113.0039
7319.092382	80.003	112.6484
7319.458593	80.010	112.3535
7319.824804	80.027	111.9160
7320.191015	80.023	111.3945
7320.557226	80.007	110.9863
7320.923437	80.003	110.6484
7321.289648	80.005	110.2539
7321.655859	80.000	109.8359
7322.022070	79.990	109.4805
7322.388281	79.991	109.1855
7322.754492	80.008	108.8193
7323.120703	80.016	108.3145
7323.486914	80.001	107.8428
7323.853125	79.987	107.5195
7324.219336	79.992	107.2002
7324.585547	79.999	106.7891
7324.951758	79.997	106.3730
7325.317969	79.995	105.9961
7325.684180	79.999	105.6035
7326.050391	80.002	105.1650
7326.416602	79.997	104.7090
7326.782813	79.983	104.3008
7327.149024	79.973	103.9727
7327.515235	79.976	103.6562
7327.881446	79.985	103.2715
7328.247657	79.988	102.8379
7328.613867	79.984	102.4141
7328.980078	79.979	102.0195
7329.346289	79.977	101.6426
7329.712500	79.979	101.2461
7330.078711	79.975	100.8232
7330.444922	79.966	100.4492
7330.811133	79.966	100.1299
7331.177344	79.976	99.7500
7331.543555	79.979	99.2939
7331.909766	79.972	98.8818
7332.275977	79.971	98.5020
7332.642188	79.970	98.0742
7333.008399	79.958	97.6738
7333.374610	79.952	97.3633
7333.740821	79.960	97.0273
7334.107032	79.965	96.6094
7334.473243	79.963	96.2100
7334.839454	79.966	95.8359
7335.205665	79.969	95.4170
7335.571876	79.965	95.0137
7335.938087	79.968	94.6631
7336.304298	79.982	94.2246
7336.670509	79.978	93.6777
7337.036720	79.952	93.2461
7337.402931	79.939	92.9902
7337.769142	79.953	92.6729
7338.135353	79.959	92.1934
7338.501564	79.944	91.7744
7338.867775	79.940	91.4863
7339.233986	79.955	91.1133
7339.600197	79.956	90.6211
7339.966407	79.940	90.2188
7340.332618	79.939	89.9150
7340.698829	79.951	89.5234
7341.065040	79.950	89.0518
7341.431251	79.939	88.6465
7341.797462	79.935	88.2979
7342.163673	79.937	87.9238
7342.529884	79.938	87.5352
7342.896095	79.942	87.1377
7343.262306	79.944	86.7012
7343.628517	79.939	86.2598
7343.994728	79.932	85.8477
7344.360939	79.924	85.4570
7344.727150	79.917	85.0918
7345.093361	79.914	84.7451
7345.459572	79.915	84.3906
7345.825783	79.919	84.0332
7346.191994	79.928	83.6279
7346.558205	79.927	83.1484
7346.924416	79.909	82.7627
7347.290627	79.908	82.5156
7347.656838	79.931	82.1436
7348.023049	79.932	81.6094
7348.389260	79.911	81.2354
7348.755471	79.918	80.9863
7349.121682	79.940	80.5273
7349.487893	79.928	79.9854
7349.854104	79.905	79.6523
7350.220315	79.907	79.3770
7350.586526	79.915	79.0078
7350.952736	79.921	78.6201
7351.318947	79.928	78.1562
7351.685158	79.913	77.6621
7352.051369	79.892	77.3516
7352.417580	79.900	77.0723
7352.783791	79.907	76.6133
7353.150002	79.892	76.2070
7353.516213	79.893	75.9189
7353.882424	79.908	75.4961
7354.248635	79.903	75.0088
7354.614846	79.894	74.6250
7354.981057	79.896	74.2139
7355.347268	79.886	73.7646
7355.713479	79.872	73.4160
7356.079690	79.874	73.1064
7356.445901	79.883	72.7246
7356.812112	79.888	72.2842
7357.178323	79.885	71.8457
7357.544534	79.879	71.4570
7357.910745	79.880	71.0820
7358.276956	79.882	70.6543
7358.643167	79.874	70.2480
7359.009378	79.871	69.9102
7359.375589	79.878	69.5273
7359.741800	79.876	69.0879
7360.108011	79.868	68.7285
7360.474222	79.873	68.3887
7360.840433	79.876	67.9463
7361.206644	79.861	67.5635
7361.572855	79.861	67.3184
7361.939066	79.884	66.9629
7362.305276	79.891	66.4590
7362.671487	79.882	66.0361
7363.037698	79.883	65.6621
7363.403909	79.882	65.2168
7363.770120	79.871	64.8184
7364.136331	79.869	64.4707
7364.502542	79.868	64.0605
7364.868753	79.857	63.6855
7365.234964	79.857	63.3789
7365.601175	79.867	62.9941
7365.967386	79.867	62.5508
7366.333597	79.863	62.1543
7366.699808	79.864	61.7451
7367.066019	79.857	61.2969
7367.432230	79.842	60.9297
7367.798441	79.840	60.6426
7368.164652	79.853	60.2734
7368.530863	79.858	59.7900
7368.897074	79.846	59.3281
7369.263285	79.832	58.9736
7369.629496	79.829	58.6533
7369.995707	79.834	58.2930
7370.361918	79.840	57.8828
7370.728129	79.839	57.4355
7371.094340	79.828	57.0166
7371.460551	79.818	56.6973
7371.826762	79.826	56.3828
7372.192973	79.837	55.9570
7372.559184	79.834	55.5107
7372.925395	79.830	55.1348
7373.291606	79.834	54.7344
7373.657816	79.829	54.3125
7374.024027	79.824	53.9648
7374.390238	79.831	53.5977
7374.756449	79.832	53.1543
7375.122660	79.824	52.7676
7375.488871	79.824	52.4082
7375.855082	79.823	51.9951
7376.221293	79.815	51.6406
7376.587504	79.822	51.3125
7376.953715	79.828	50.8604
7377.319926	79.811	50.4453
7377.686137	79.804	50.2070
7378.052348	79.829	49.8984
7378.418559	79.847	49.3799
7378.784770	79.839	48.8418
7379.150981	79.822	48.4062
7379.517192	79.808	48.0332
7379.883403	79.798	47.7070
7380.249614	79.799	47.3965
7380.615825	79.809	47.0117
7380.982036	79.811	46.5537
7381.348247	79.802	46.1309
7381.714458	79.796	45.7695
7382.080669	79.796	45.3828
7382.446880	79.791	44.9824
7382.813091	79.787	44.6250
7383.179302	79.790	44.2598
7383.545513	79.792	43.8604
7383.911724	79.792	43.4629
7384.277935	79.792	43.0518
7384.644145	79.787	42.6406
7385.010356	79.782	42.2568
7385.376567	79.776	41.8799
7385.742778	79.770	41.5391
7386.108989	79.774	41.2207
7386.475200	79.783	40.8281
7386.841411	79.782	40.4141
7387.207622	79.783	40.0488
7387.573833	79.793	39.6094
7387.940044	79.783	39.0996
7388.306255	79.757	38.7373
7388.672466	79.753	38.5049
7389.038677	79.769	38.1641
7389.404888	79.775	37.6953
7389.771099	79.764	37.2754
7390.137310	79.759	36.9492
7390.503521	79.768	36.5801
7390.869732	79.771	36.1230
7391.235943	79.761	35.6934
7391.602154	79.753	35.3574
7391.968365	79.760	35.0176
7392.334576	79.769	34.5703
7392.700787	79.760	34.0986
7393.066998	79.745	33.7461
7393.433209	79.746	33.4424
7393.799420	79.755	33.0469
7394.165631	79.752	32.6289
7394.531842	79.751	32.2715
7394.898053	79.758	31.8906
7395.264264	79.761	31.4473
7395.630475	79.755	31.0098
7395.996685	79.743	30.6328
7396.362896	79.740	30.3281
7396.729107	79.753	29.9824
7397.095318	79.760	29.5146
7397.461529	79.749	29.0820
7397.827740	79.746	28.7578
7398.193951	79.757	28.3594
7398.560162	79.753	27.8770
7398.926373	79.737	27.4922
7399.292584	79.734	27.1885
7399.658795	79.741	26.8242
7400.025006	79.742	26.4062
7400.391217	79.738	26.0186
7400.757428	79.738	25.6572
7401.123639	79.742	25.2666
7401.489850	79.741	24.8457
7401.856061	79.736	24.4453
7402.222272	79.731	24.0684
7402.588483	79.727	23.7021
7402.954694	79.727	23.3457
7403.320905	79.730	22.9512
7403.687116	79.725	22.5342
7404.053327	79.717	22.1836
7404.419538	79.720	21.8447
7404.785749	79.721	21.4297
7405.151960	79.712	21.0645
7405.518171	79.717	20.7715
7405.884382	79.735	20.3496
7406.250593	79.731	19.8359
7406.616804	79.715	19.4531
7406.983014	79.716	19.1299
7407.349225	79.723	18.7031
7407.715436	79.716	18.2539
7408.081647	79.705	17.8672
7408.447858	79.696	17.5225
7408.814069	79.695	17.2031
7409.180280	79.702	16.8613
7409.546491	79.710	16.4609
7409.912702	79.714	16.0332
7410.278913	79.714	15.5898
7410.645124	79.706	15.1543
7411.011335	79.696	14.7676
7411.377546	79.689	14.4141
7411.743757	79.685	14.0742
7412.109968	79.687	13.7383
7412.476179	79.693	13.3662
7412.842390	79.698	12.9590
7413.208601	79.700	12.5312
7413.574812	79.695	12.0859
7413.941023	79.683	11.6914
7414.307234	79.678	11.3604
7414.673445	79.680	11.0020
7415.039656	79.681	10.6240
7415.405867	79.687	10.2529
7415.772078	79.696	9.7910
7416.138289	79.683	9.2842
7416.504500	79.659	8.9453
7416.870711	79.660	8.7188
7417.236922	79.681	8.3555
7417.603133	79.688	7.8613
7417.969344	79.678	7.4121
7418.335554	79.669	7.0371
7418.701765	79.663	6.6855
7419.067976	79.663	6.3633
7419.434187	79.674	5.9980
7419.800398	79.680	5.5371
7420.166609	79.670	5.0918
7420.532820	79.657	4.7402
7420.899031	79.655	4.4258
7421.265242	79.659	4.0996
7421.631453	79.670	3.7188
7421.997664	79.676	3.2568
7422.363875	79.665	2.8047
7422.730086	79.654	2.4561
7423.096297	79.657	2.1152
7423.462508	79.660	1.6904
7423.828719	79.650	1.2695
7424.194930	79.642	0.9502
7424.561141	79.652	0.6113
7424.927352	79.659	0.1484
7425.293563	79.649	-0.2842
7425.659774	79.648	-0.6191
7426.025985	79.659	-1.0605
7426.392196	79.648	-1.5781
7426.758407	79.625	-1.9297
7427.124618	79.626	-2.1895
7427.490829	79.640	-2.5664
7427.857040	79.642	-3.0156
7428.223251	79.635	-3.4258
7428.589462	79.630	-3.7695
7428.955673	79.636	-4.0879
7429.321883	79.649	-4.4961
7429.688094	79.650	-4.9648
7430.054305	79.641	-5.3721
7430.420516	79.636	-5.7412
7430.786727	79.631	-6.0879
7431.152938	79.634	-6.4082
7431.519149	79.642	-6.8047
7431.885360	79.637	-7.2314
7432.251571	79.630	-7.5488
7432.617782	79.642	-7.8945
7432.983993	79.647	-8.3496
7433.350204	79.639	-8.7656
7433.716415	79.638	-9.1621
7434.082626	79.631	-9.6016
7434.448837	79.615	-9.9707
7434.815048	79.611	-10.2832
7435.181259	79.614	-10.6445
7435.547470	79.615	-11.0254
7435.913681	79.618	-11.4316
7436.279892	79.614	-11.8848
7436.646103	79.600	-12.2637
7437.012314	79.598	-12.5762
7437.378525	79.605	-12.9648
7437.744736	79.603	-13.3994
7438.110947	79.597	-13.7852
7438.477158	79.595	-14.1494
7438.843369	79.596	-14.5273
7439.209580	79.595	-14.9268
7439.575791	79.589	-15.3174
7439.942002	79.583	-15.6211
7440.308213	79.597	-15.9150
7440.674423	79.618	-16.3828
7441.040634	79.609	-16.9199
7441.406845	79.588	-17.2676
7441.773056	79.593	-17.5410
7442.139267	79.604	-17.9609
7442.505478	79.596	-18.3887
7442.871689	79.593	-18.7070
7443.237900	79.604	-19.0957
7443.604111	79.601	-19.5664
7443.970322	79.588	-19.9336
7444.336533	79.591	-20.2529
7444.702744	79.598	-20.6875
7445.068955	79.586	-21.1455
7445.435166	79.569	-21.4814
7445.801377	79.567	-21.7578
7446.167588	79.578	-22.1074
7446.533799	79.580	-22.5312
7446.900010	79.575	-22.9111
7447.266221	79.577	-23.2520
7447.632432	79.586	-23.6572
7447.998643	79.586	-24.1074
7448.364854	79.579	-24.5293
7448.731065	79.571	-24.9121
7449.097276	79.568	-25.2617
7449.463487	79.573	-25.6289
7449.829698	79.575	-26.0664
7450.195909	79.566	-26.4766
7450.562120	79.563	-26.8164
7450.928331	79.569	-27.2012
7451.294542	79.568	-27.6152
7451.660753	79.567	-27.9902
7452.026963	79.571	-28.4062
7452.393174	79.563	-28.8340
7452.759385	79.556	-29.1465
7453.125596	79.572	-29.4922
7453.491807	79.581	-30.0068
7453.858018	79.563	-30.4775
7454.224229	79.550	-30.7803
7454.590440	79.558	-31.1064
7454.956651	79.563	-31.5410
7455.322862	79.556	-31.9609
7455.689073	79.549	-32.3242
7456.055284	79.546	-32.6699
7456.421495	79.549	-33.0215
7456.787706	79.552	-33.4199
7457.153917	79.548	-33.8320
7457.520128	79.540	-34.1875
7457.886339	79.540	-34.5098
7458.252550	79.546	-34.8496
7458.618761	79.557	-35.2285
7458.984972	79.567	-35.6953
7459.351183	79.558	-36.1953
7459.717394	79.537	-36.5547
7460.083605	79.537	-36.8301
7460.449816	79.546	-37.2148
7460.816027	79.542	-37.6250
7461.182238	79.542	-37.9541
7461.548449	79.554	-38.3438
7461.914660	79.554	-38.8105
7462.280871	79.545	-39.2051
7462.647082	79.544	-39.5732
7463.013292	79.541	-39.9668
7463.379503	79.538	-40.3105
7463.745714	79.548	-40.6797
7464.111925	79.550	-41.1582
7464.478136	79.535	-41.5693
7464.844347	79.531	-41.8809
7465.210558	79.535	-42.2822
7465.576769	79.523	-42.6914
7465.942980	79.516	-42.9561
7466.309191	79.533	-43.2832
7466.675402	79.540	-43.7852
7467.041613	79.520	-44.1943
7467.407824	79.517	-44.4453
7467.774035	79.538	-44.8154
7468.140246	79.541	-45.3398
7468.506457	79.522	-45.7646
7468.872668	79.515	-46.0654
7469.238879	79.522	-46.4082
7469.605090	79.529	-46.8154
7469.971301	79.533	-47.2510
7470.337512	79.529	-47.7139
7470.703723	79.516	-48.1172
7471.069934	79.512	-48.4385
7471.436145	79.520	-48.8301
7471.802356	79.513	-49.2852
7472.168567	79.498	-49.6016
7472.534778	79.508	-49.8613
7472.900989	79.527	-50.2949
7473.267200	79.521	-50.7637
7473.633411	79.515	-51.0791
7473.999622	79.531	-51.4336
7474.365832	79.537	-51.9277
7474.732043	79.526	-52.3516
7475.098254	79.524	-52.7012
7475.464465	79.524	-53.1230
7475.830676	79.512	-53.5020
7476.196887	79.511	-53.7930
7476.563098	79.523	-54.1855
7476.929309	79.517	-54.6494
7477.295520	79.502	-54.9922
7477.661731	79.504	-55.2891
7478.027942	79.511	-55.6758
7478.394153	79.508	-56.0938
7478.760364	79.499	-56.4580
7479.126575	79.497	-56.7695
7479.492786	79.508	-57.1016
7479.858997	79.519	-57.5469
7480.225208	79.513	-58.0264
7480.591419	79.501	-58.4004
7480.957630	79.502	-58.7402
7481.323841	79.505	-59.1504
7481.690052	79.501	-59.5605
7482.056263	79.498	-59.9414
7482.422474	79.496	-60.3379
7482.788685	79.489	-60.7129
7483.154896	79.487	-61.0352
7483.521107	79.497	-61.3799
7483.887318	79.506	-61.8047
7484.253529	79.503	-62.2451
7484.619740	79.498	-62.6172
7484.985951	79.503	-62.9824
7485.352161	79.506	-63.4199
7485.718372	79.496	-63.8262
7486.084583	79.493	-64.1416
7486.450794	79.503	-64.5195
7486.817005	79.501	-64.9717
7487.183216	79.492	-65.3398
7487.549427	79.496	-65.6953
7487.915638	79.495	-66.1309
7488.281849	79.481	-66.5039
7488.648060	79.480	-66.7861
7489.014271	79.493	-67.1562
7489.380482	79.494	-67.6025
7489.746693	79.487	-67.9883
7490.112904	79.488	-68.3340
7490.479115	79.494	-68.7227
7490.845326	79.496	-69.1543
7491.211537	79.491	-69.5723
7491.577748	79.487	-69.9434
7491.943959	79.491	-70.3330
7492.310170	79.489	-70.7891
7492.676381	79.473	-71.1904
7493.042592	79.466	-71.4707
7493.408803	79.480	-71.8154
7493.775014	79.483	-72.2900
7494.141225	79.467	-72.6816
7494.507436	79.465	-72.9600
7494.873647	79.476	-73.3262
7495.239858	79.475	-73.7432
7495.606069	79.474	-74.0723
7495.972280	79.489	-74.4531
7496.338491	79.491	-74.9492
7496.704701	79.475	-75.3711
7497.070912	79.467	-75.6914
7497.437123	79.468	-76.0273
7497.803334	79.471	-76.3789
7498.169545	79.477	-76.7559
7498.535756	79.478	-77.1729
7498.901967	79.474	-77.5566
7499.268178	79.476	-77.9219
7499.634389	79.479	-78.3369
7500.000600	79.475	-78.7363
7500.366811	79.474	-79.1172
7500.733022	79.472	-79.5371
7501.099233	79.462	-79.9043
7501.465444	79.466	-80.2012
7501.831655	79.483	-80.6250
7502.197866	79.477	-81.1445
7502.564077	79.456	-81.4941
7502.930288	79.464	-81.7549
7503.296499	79.482	-82.2188
7503.662710	79.470	-82.7285
7504.028921	79.454	-83.0508
7504.395132	79.462	-83.3965
7504.761343	79.458	-83.8438
7505.127554	79.445	-84.1660
7505.493765	79.454	-84.4688
7505.859976	79.460	-84.9004
7506.226187	79.454	-85.2598
7506.592398	79.466	-85.5898
7506.958609	79.477	-86.0938
7507.324820	79.459	-86.5586
7507.691031	79.447	-86.8525
7508.057241	79.453	-87.1875
7508.423452	79.454	-87.5713
7508.789663	79.457	-87.9072
7509.155874	79.469	-88.3086
7509.522085	79.468	-88.7705
7509.888296	79.460	-89.1582
7510.254507	79.461	-89.5029
7510.620718	79.467	-89.8887
7510.986929	79.471	-90.3076
7511.353140	79.471	-90.7383
7511.719351	79.467	-91.1621
7512.085562	79.459	-91.5645
7512.451773	79.452	-91.9258
7512.817984	79.451	-92.2676
7513.184195	79.452	-92.6602
7513.550406	79.443	-93.0459
7513.916617	79.437	-93.3262
7514.282828	79.451	-93.6396
7514.649039	79.460	-94.0830
7515.015250	79.451	-94.4727
7515.381461	79.454	-94.7744
7515.747672	79.469	-95.1797
7516.113883	79.467	-95.6543
7516.480094	79.457	-96.0488
7516.846305	79.453	-96.4189
7517.212516	79.446	-96.7871
7517.578727	79.444	-97.0996
7517.944938	79.454	-97.4766
7518.311149	79.453	-97.9434
7518.677360	79.439	-98.3291
7519.043570	79.437	-98.6523
7519.409781	79.438	-99.0420
7519.775992	79.433	-99.4219
7520.142203	79.433	-99.7676
7520.508414	79.436	-100.1582
7520.874625	79.434	-100.5469
7521.240836	79.436	-100.9199
7521.607047	79.439	-101.3340
7521.973258	79.436	-101.7520
7522.339469	79.430	-102.1465
7522.705680	79.423	-102.5107
7523.071891	79.422	-102.8135
7523.438102	79.437	-103.1670
7523.804313	79.444	-103.6396
7524.170524	79.434	-104.0605
7524.536735	79.432	-104.4033
7524.902946	79.434	-104.7812
7525.269157	79.433	-105.1465
7525.635368	79.440	-105.4961
7526.001579	79.448	-105.9199
7526.367790	79.445	-106.3496
7526.734001	79.442	-106.7344
7527.100212	79.440	-107.1230
7527.466423	79.438	-107.4844
7527.832634	79.444	-107.8682
7528.198845	79.441	-108.3301
7528.565056	79.422	-108.6914
7528.931267	79.422	-108.9277
7529.297478	79.444	-109.2969
7529.663689	79.448	-109.7949
7530.029900	79.438	-110.2148
7530.396110	79.435	-110.5811
7530.762321	79.434	-110.9746
7531.128532	79.431	-111.3516
7531.494743	79.433	-111.7422
7531.860954	79.430	-112.1631
7532.227165	79.424	-112.5273
7532.593376	79.428	-112.8906
7532.959587	79.428	-113.3418
7533.325798	79.410	-113.7402
7533.692009	79.400	-113.9883
7534.058220	79.414	-114.2578
7534.424431	79.431	-114.6611
7534.790642	79.435	-115.1133
7535.156853	79.429	-115.5234
7535.523064	79.426	-115.8584
7535.889275	79.436	-116.1895
7536.255486	79.449	-116.6377
7536.621697	79.443	-117.1211
7536.987908	79.431	-117.4912
7537.354119	79.431	-117.8438
7537.720330	79.428	-118.2471
7538.086541	79.420	-118.5889
7538.452752	79.424	-118.9150
7538.818963	79.429	-119.3213
7539.185174	79.424	-119.7129
7539.551385	79.423	-120.0635
7539.917596	79.426	-120.4473
7540.283807	79.424	-120.8311
7540.650018	79.425	-121.1973
7541.016229	79.426	-121.5898
7541.382439	79.423	-121.9609
7541.748650	79.426	-122.3066
7542.114861	79.434	-122.6943
7542.481072	79.439	-123.1133
7542.847283	79.441	-123.5391
7543.213494	79.438	-123.9805
7543.579705	79.429	-124.3887
7543.945916	79.422	-124.7461
7544.312127	79.420	-125.0918
7544.678338	79.420	-125.4453
7545.044549	79.422	-125.7930
7545.410760	79.429	-126.1562
7545.776971	79.436	-126.5840
7546.143182	79.430	-127.0371
7546.509393	79.417	-127.3926
7546.875604	79.418	-127.6934
7547.241815	79.427	-128.0898
7547.608026	79.420	-128.5098
7547.974237	79.414	-128.8252
7548.340448	79.424	-129.1504
7548.706659	79.434	-129.5889
7549.072870	79.430	-130.0352
7549.439081	79.423	-130.4131
7549.805292	79.423	-130.7598
7550.171503	79.430	-131.1475
7550.537714	79.432	-131.5898
7550.903925	79.424	-131.9941
7551.270136	79.423	-132.3379
7551.636347	79.429	-132.7363
7552.002558	79.426	-133.1592
7552.368769	79.423	-133.5098
7552.734979	79.431	-133.8838
7553.101190	79.432	-134.3379
7553.467401	79.421	-134.7158
7553.833612	79.421	-135.0146
7554.199823	79.431	-135.3711
7554.566034	79.438	-135.7764
7554.932245	79.444	-136.1973
7555.298456	79.442	-136.6729
7555.664667	79.422	-137.0938
7556.030878	79.406	-137.3506
7556.397089	79.416	-137.6094
7556.763300	79.426	-138.0078
7557.129511	79.420	-138.3945
7557.495722	79.420	-138.6914
7557.861933	79.434	-139.0605
7558.228144	79.437	-139.5273
7558.594355	79.426	-139.9375
7558.960566	79.419	-140.2773
7559.326777	79.419	-140.6113
7559.692988	79.425	-140.9609
7560.059199	79.434	-141.3750
7560.425410	79.432	-141.8369
7560.791621	79.421	-142.2344
7561.157832	79.418	-142.5752
7561.524043	79.423	-142.9453
7561.890254	79.427	-143.3564
7562.256465	79.428	-143.7969
7562.622676	79.420	-144.2266
7562.988887	79.411	-144.6006
7563.355098	79.406	-144.9492
7563.721308	79.403	-145.2764
7564.087519	79.410	-145.5781
7564.453730	79.427	-145.9795
7564.819941	79.428	-146.4512
7565.186152	79.420	-146.8125
7565.552363	79.428	-147.1514
7565.918574	79.434	-147.5957
7566.284785	79.427	-147.9844
7566.650996	79.433	-148.3047
7567.017207	79.446	-148.7354
7567.383418	79.443	-149.2012
7567.749629	79.439	-149.6006
7568.115840	79.437	-150.0332
7568.482051	79.422	-150.4541
7568.848262	79.408	-150.7480
7569.214473	79.414	-151.0293
7569.580684	79.425	-151.4316
7569.946895	79.419	-151.8604
7570.313106	79.409	-152.1846
7570.679317	79.415	-152.4561
7571.045528	79.434	-152.8291
7571.411739	79.441	-153.3145
7571.777950	79.431	-153.7451
7572.144161	79.427	-154.0840
7572.510372	79.433	-154.4629
7572.876583	79.431	-154.8857
7573.242794	79.423	-155.2422
7573.609005	79.426	-155.5625
7573.975216	79.436	-155.9531
7574.341427	79.436	-156.3906
7574.707638	79.429	-156.7822
7575.073848	79.426	-157.1328
7575.440059	79.426	-157.4883
7575.806270	79.427	-157.8438
7576.172481	79.431	-158.1992
7576.538692	79.436	-158.5850
7576.904903	79.437	-158.9775
7577.271114	79.440	-159.3633
7577.637325	79.443	-159.7793
7578.003536	79.440	-160.2021
7578.369747	79.435	-160.5811
7578.735958	79.436	-160.9727
7579.102169	79.431	-161.3926
7579.468380	79.421	-161.7578
7579.834591	79.419	-162.0898
7580.200802	79.421	-162.4609
7580.567013	79.420	-162.8340
7580.933224	79.421	-163.2041
7581.299435	79.421	-163.6016
7581.665646	79.416	-163.9697
7582.031857	79.417	-164.3018
7582.398068	79.423	-164.6758
7582.764279	79.425	-165.0674
7583.130490	79.428	-165.4434
7583.496701	79.432	-165.8535
7583.862912	79.430	-166.2744
7584.229123	79.425	-166.6416
7584.595334	79.427	-166.9971
7584.961545	79.431	-167.3994
7585.327756	79.426	-167.8018
7585.693967	79.423	-168.1270
7586.060178	79.434	-168.4570
7586.426388	79.447	-168.9092
7586.792599	79.441	-169.3789
7587.158810	79.433	-169.7490
7587.525021	79.434	-170.1191
7587.891232	79.430	-170.5176
7588.257443	79.424	-170.8496
7588.623654	79.431	-171.1855
7588.989865	79.434	-171.5918
7589.356076	79.430	-171.9453
7589.722287	79.439	-172.2598
7590.088498	79.453	-172.6943
7590.454709	79.446	-173.1592
7590.820920	79.437	-173.4932
7591.187131	79.445	-173.8213
7591.553342	79.450	-174.2324
7591.919553	79.450	-174.5947
7592.285764	79.464	-174.9600
7592.651975	79.476	-175.4951
7593.018186	79.454	-176.0146
7593.384397	79.430	-176.3115
7593.750608	79.434	-176.5859
7594.116819	79.439	-176.9785
7594.483030	79.435	-177.3359
7594.849241	79.441	-177.6768
7595.215452	79.446	-178.1006
7595.581663	79.440	-178.4844
7595.947874	79.444	-178.8203
7596.314085	79.453	-179.2588
7596.680296	79.443	-179.6943
7597.046507	79.438	179.9854
7597.412717	79.449	179.6084
7597.778928	79.447	179.1436
7598.145139	79.434	178.7744
7598.511350	79.434	178.4785
7598.877561	79.446	178.1123
7599.243772	79.451	177.6738
7599.609983	79.446	177.2373
7599.976194	79.435	176.8857
7600.342405	79.439	176.5928
7600.708616	79.454	176.1973
7601.074827	79.453	175.7324
7601.441038	79.445	175.3652
7601.807249	79.448	175.0215
7602.173460	79.451	174.6211
7602.539671	79.449	174.2637
7602.905882	79.458	173.8877
7603.272093	79.458	173.4287
7603.638304	79.443	173.0703
7604.004515	79.447	172.8047
7604.370726	79.463	172.4229
7604.736937	79.465	171.9756
7605.103148	79.461	171.5830
7605.469359	79.458	171.2021
7605.835570	79.454	170.8545
7606.201781	79.460	170.5273
7606.567992	79.469	170.1016
7606.934203	79.460	169.6719
7607.300414	79.452	169.3613
7607.666625	79.461	169.0303
7608.032836	79.468	168.6094
7608.399047	79.465	168.1963
7608.765257	79.462	167.7939
7609.131468	79.452	167.4043
7609.497679	79.444	167.1016
7609.863890	79.452	166.8086
7610.230101	79.465	166.4199
7610.596312	79.471	166.0010
7610.962523	79.477	165.5771
7611.328734	79.477	165.1016
7611.694945	79.462	164.6768
7612.061156	79.456	164.3682
7612.427367	79.467	164.0010
7612.793578	79.468	163.5273
7613.159789	79.455	163.1318
7613.526000	79.454	162.8076
7613.892211	79.459	162.4170
7614.258422	79.455	162.0195
7614.624633	79.452	161.6797
7614.990844	79.456	161.3330
7615.357055	79.462	160.9766
7615.723266	79.473	160.5938
7616.089477	79.479	160.1445
7616.455688	79.472	159.7305
7616.821899	79.471	159.3877
7617.188110	79.479	158.9971
7617.554321	79.476	158.5762
7617.920532	79.471	158.2246
7618.286743	79.477	157.8887
7618.652954	79.486	157.4844
7619.019165	79.486	157.0527
7619.385376	79.482	156.6592
7619.751586	79.481	156.2949
7620.117797	79.483	155.9053
7620.484008	79.480	155.5137
7620.850219	79.478	155.1533
7621.216430	79.480	154.7715
7621.582641	79.476	154.3896
7621.948852	79.477	154.0654
7622.315063	79.489	153.6924
7622.681274	79.492	153.2334
7623.047485	79.482	152.8291
7623.413696	79.478	152.4854
7623.779907	79.477	152.1338
7624.146118	79.479	151.8115
7624.512329	79.493	151.4688
7624.878540	79.506	151.0195
7625.244751	79.504	150.5410
7625.610962	79.493	150.1230
7625.977173	79.484	149.7715
7626.343384	79.484	149.4531
7626.709595	79.492	149.0801
7627.075806	79.492	148.6533
7627.442017	79.484	148.2773
7627.808228	79.482	147.9492
7628.174439	79.485	147.6064
7628.540650	79.492	147.2510
7628.906861	79.500	146.8428
7629.273072	79.498	146.3926
7629.639283	79.486	146.0283
7630.005494	79.488	145.7305
7630.371705	79.500	145.3438
7630.737916	79.499	144.8867
7631.104126	79.486	144.5127
7631.470337	79.484	144.2373
7631.836548	79.501	143.9072
7632.202759	79.514	143.4229
7632.568970	79.500	142.9453
7632.935181	79.486	142.6572
7633.301392	79.501	142.3701
7633.667603	79.514	141.8994
7634.033814	79.504	141.4570
7634.400025	79.501	141.1494
7634.766236	79.515	140.7666
7635.132447	79.518	140.2969
7635.498658	79.511	139.8877
7635.864869	79.508	139.5059
7636.231080	79.506	139.1260
7636.597291	79.507	138.7666
7636.963502	79.510	138.3613
7637.329713	79.503	137.9658
7637.695924	79.503	137.6426
7638.062135	79.512	137.2422
7638.428346	79.503	136.8135
7638.794557	79.495	136.5459
7639.160768	79.516	136.2334
7639.526979	79.525	135.7295
7639.893190	79.507	135.3477
7640.259401	79.515	135.1074
7640.625612	79.540	134.6719
7640.991823	79.533	134.1445
7641.358034	79.517	133.7969
7641.724245	79.522	133.4902
7642.090456	79.528	133.0879
7642.456666	79.526	132.7012
7642.822877	79.528	132.3359
7643.189088	79.531	131.9326
7643.555299	79.529	131.5254
7643.921510	79.525	131.1318
7644.287721	79.519	130.7744
7644.653932	79.521	130.4473
7645.020143	79.528	130.0586
7645.386354	79.525	129.6396
7645.752565	79.521	129.2949
7646.118776	79.526	128.9473
7646.484987	79.529	128.5557
7646.851198	79.533	128.2002
7647.217409	79.546	127.7939
7647.583620	79.546	127.3027
7647.949831	79.532	126.9121
7648.316042	79.533	126.5967
7648.682253	79.540	126.1885
7649.048464	79.535	125.7900
7649.414675	79.537	125.4551
7649.780886	79.546	125.0420
7650.147097	79.541	124.6104
7650.513308	79.536	124.2695
7650.879519	79.544	123.9023
7651.245730	79.546	123.4707
7651.611941	79.539	123.0840
7651.978152	79.537	122.7432
7652.344363	79.542	122.3848
7652.710574	79.545	121.9951
7653.076785	79.543	121.6123
7653.442995	79.545	121.2812
7653.809206	79.559	120.9170
7654.175417	79.567	120.4316
7654.541628	79.553	119.9814
7654.907839	79.543	119.6846
7655.274050	79.553	119.3643
7655.640261	79.559	118.9473
7656.006472	79.557	118.5830
7656.372683	79.568	118.2305
7656.738894	79.576	117.7549
7657.105105	79.562	117.3115
7657.471316	79.553	117.0264
7657.837527	79.567	116.7051
7658.203738	79.575	116.2705
7658.569949	79.574	115.8604
7658.936160	79.576	115.4551
7659.302371	79.571	115.0195
7659.668582	79.559	114.6729
7660.034793	79.562	114.3682
7660.401004	79.570	113.9746
7660.767215	79.569	113.5645
7661.133426	79.567	113.1816
7661.499637	79.563	112.7988
7661.865848	79.559	112.4805
7662.232059	79.572	112.1455
7662.598270	79.580	111.6797
7662.964481	79.567	111.2646
7663.330692	79.566	110.9854
7663.696903	79.583	110.6230
7664.063114	79.591	110.1611
7664.429325	79.590	109.7324
7664.795535	79.589	109.3037
7665.161746	79.580	108.8945
7665.527957	79.574	108.5752
7665.894168	79.583	108.2520
7666.260379	79.594	107.8584
7666.626590	79.602	107.4268
7666.992801	79.602	106.9609
7667.359012	79.587	106.5498
7667.725223	79.578	106.3096
7668.091434	79.603	106.0459
7668.457645	79.630	105.5283
7668.823856	79.618	104.9736
7669.190067	79.599	104.6445
7669.556278	79.607	104.3408
7669.922489	79.613	103.8975
7670.288700	79.602	103.5225
7670.654911	79.609	103.2217
7671.021122	79.621	102.7783
7671.387333	79.609	102.3340
7671.753544	79.603	102.0518
7672.119755	79.620	101.7021
7672.485966	79.623	101.2041
7672.852177	79.606	100.7949
7673.218388	79.599	100.5078
7673.584599	79.604	100.2080
7673.950810	79.616	99.8604
7674.317021	79.627	99.4492
7674.683232	79.628	99.0166
7675.049443	79.628	98.6348
7675.415654	79.633	98.2373
7675.781864	79.630	97.8105
7676.148075	79.625	97.4609
7676.514286	79.634	97.0986
7676.880497	79.635	96.6318
7677.246708	79.620	96.2539
7677.612919	79.622	95.9844
7677.979130	79.637	95.5811
7678.345341	79.632	95.1260
7678.711552	79.627	94.7979
7679.077763	79.638	94.4238
7679.443974	79.637	93.9551
7679.810185	79.626	93.5820
7680.176396	79.629	93.2324
7680.542607	79.626	92.8301
7680.908818	79.621	92.5176
7681.275029	79.636	92.1826
7681.641240	79.643	91.7061
7682.007451	79.633	91.3057
7682.373662	79.637	90.9893
7682.739873	79.647	90.5664
7683.106084	79.644	90.1406
7683.472295	79.645	89.7725
7683.838506	79.647	89.3467
7684.204717	79.637	88.9609
7684.570928	79.638	88.6650
7684.937139	79.649	88.2959
7685.303350	79.649	87.8848
7685.669561	79.648	87.5518
7686.035772	79.660	87.2139
7686.401983	79.671	86.7871
7686.768194	79.670	86.3428
7687.134404	79.664	85.9658
7687.500615	79.666	85.6289
7687.866826	79.673	85.2412
7688.233037	79.673	84.8174
7688.599248	79.667	84.4434
7688.965459	79.668	84.1045
7689.331670	79.674	83.7383
7689.697881	79.680	83.3242
7690.064092	79.677	82.8955
7690.430303	79.669	82.5381
7690.796514	79.676	82.2139
7691.162725	79.688	81.7764
7691.528936	79.680	81.2910
7691.895147	79.663	80.9473
7692.261358	79.668	80.6855
7692.627569	79.688	80.2979
7692.993780	79.692	79.7832
7693.359991	79.676	79.3477
7693.726202	79.669	79.0449
7694.092413	79.677	78.6973
7694.458624	79.677	78.2832
7694.824835	79.672	77.9551
7695.191046	79.684	77.6426
7695.557257	79.700	77.1934
7695.923468	79.696	76.7041
7696.289679	79.680	76.3271
7696.655890	79.676	76.0557
7697.022101	79.693	75.7598
7697.388312	79.714	75.3018
7697.754523	79.710	74.7725
7698.120733	79.692	74.3770
7698.486944	79.688	74.0723
7698.853155	79.696	73.7178
7699.219366	79.701	73.3027
7699.585577	79.699	72.8633
7699.951788	79.685	72.4834
7700.317999	79.681	72.2246
7700.684210	79.701	71.9199
7701.050421	79.719	71.4404
7701.416632	79.713	70.9473
7701.782843	79.703	70.5674
7702.149054	79.701	70.2227
7702.515265	79.703	69.8672
7702.881476	79.708	69.5195
7703.247687	79.718	69.1338
7703.613898	79.723	68.7041
7703.980109	79.721	68.2930
7704.346320	79.720	67.9111
7704.712531	79.720	67.5215
7705.078742	79.716	67.1523
7705.444953	79.718	66.8174
7705.811164	79.724	66.4463
7706.177375	79.724	66.0537
7706.543586	79.725	65.7334
7706.909797	79.742	65.3867
7707.276008	79.754	64.8857
7707.642219	79.739	64.4258
7708.008430	79.732	64.1514
7708.374641	79.754	63.7930
7708.740852	79.759	63.2412
7709.107063	79.735	62.8018
7709.473273	79.723	62.5449
7709.839484	79.734	62.2559
7710.205695	79.747	61.8789
7710.571906	79.756	61.4531
7710.938117	79.756	61.0195
7711.304328	79.753	60.6484
7711.670539	79.760	60.2773
7712.036750	79.765	59.8330
7712.402961	79.758	59.4316
7712.769172	79.758	59.0859
7713.135383	79.764	58.6787
7713.501594	79.758	58.2676
7713.867805	79.752	57.9287
7714.234016	79.756	57.5840
7714.600227	79.758	57.2051
7714.966438	79.758	56.8379
7715.332649	79.759	56.4932
7715.698860	79.767	56.1533
7716.065071	79.781	55.7383
7716.431282	79.781	55.2490
7716.797493	79.767	54.8516
7717.163704	79.767	54.5547
7717.529915	79.781	54.1553
7717.896126	79.781	53.6572
7718.262337	79.764	53.2510
7718.628548	79.756	52.9570
7718.994759	79.764	52.6611
7719.360970	79.781	52.2822
7719.727181	79.791	51.8164
7720.093392	79.787	51.3613
7720.459603	79.782	50.9844
7720.825813	79.785	50.6230
7721.192024	79.790	50.2295
7721.558235	79.792	49.8291
7721.924446	79.793	49.4385
7722.290657	79.795	49.0596
7722.656868	79.799	48.6758
7723.023079	79.800	48.2861
7723.389290	79.800	47.9229
7723.755501	79.805	47.5625
7724.121712	79.810	47.1660
7724.487923	79.809	46.7832
7724.854134	79.813	46.4287
7725.220345	79.821	46.0342
7725.586556	79.823	45.5986
7725.952767	79.817	45.1807
7726.318978	79.809	44.8125
7726.685189	79.807	44.4854
7727.051400	79.814	44.1211
7727.417611	79.815	43.6914
7727.783822	79.806	43.3223
7728.150033	79.810	43.0078
7728.516244	79.822	42.5850
7728.882455	79.814	42.1172
7729.248666	79.800	41.8037
7729.614877	79.814	41.5381
7729.981088	79.837	41.0859
7730.347299	79.834	40.5459
7730.713510	79.816	40.1475
7731.079721	79.813	39.8467
7731.445932	79.822	39.5010
7731.812142	79.830	39.0957
7732.178353	79.832	38.6738
7732.544564	79.830	38.2881
7732.910775	79.835	37.9326
7733.276986	79.844	37.5020
7733.643197	79.837	37.0381
7734.009408	79.824	36.7080
7734.375619	79.833	36.4170
7734.741830	79.845	35.9834
7735.108041	79.836	35.5488
7735.474252	79.830	35.2539
7735.840463	79.845	34.9336
7736.206674	79.858	34.4678
7736.572885	79.849	34.0107
7736.939096	79.839	33.6904
7737.305307	79.850	33.3945
7737.671518	79.870	32.9531
7738.037729	79.868	32.4199
7738.403940	79.848	32.0029
7738.770151	79.839	31.7197
7739.136362	79.848	31.4170
7739.502573	79.861	31.0156
7739.868784	79.864	30.5615
7740.234995	79.856	30.1455
7740.601206	79.850	29.8115
7740.967417	79.855	29.4902
7741.333628	79.863	29.1230
7741.699839	79.871	28.7441
7742.066050	79.881	28.3330
7742.432261	79.882	27.8750
7742.798472	79.874	27.4932
7743.164682	79.879	27.1650
7743.530893	79.891	26.7227
7743.897104	79.881	26.2588
7744.263315	79.869	25.9482
7744.629526	79.880	25.6445
7744.995737	79.891	25.2090
7745.361948	79.886	24.7842
7745.728159	79.885	24.4385
7746.094370	79.893	24.0693
7746.460581	79.901	23.6465
7746.826792	79.901	23.1943
7747.193003	79.891	22.7852
7747.559214	79.886	22.4746
7747.925425	79.900	22.1230
7748.291636	79.903	21.6650
7748.657847	79.894	21.3066
7749.024058	79.906	21.0186
7749.390269	79.927	20.5615
7749.756480	79.923	20.0635
7750.122691	79.917	19.6963
7750.488902	79.922	19.2969
7750.855113	79.915	18.8750
7751.221324	79.910	18.5723
7751.587535	79.924	18.2334
7751.953746	79.928	17.7910
7752.319957	79.922	17.4248
7752.686168	79.928	17.1113
7753.052379	79.939	16.7324
7753.418590	79.948	16.3291
7753.784801	79.957	15.8848
7754.151011	79.952	15.4072
7754.517222	79.939	15.0332
7754.883433	79.941	14.7119
7755.249644	79.947	14.2891
7755.615855	79.937	13.8594
7755.982066	79.927	13.5449
7756.348277	79.932	13.2432
7756.714488	79.942	12.8750
7757.080699	79.950	12.4717
7757.446910	79.955	12.0312
7757.813121	79.950	11.5898
7758.179332	79.942	11.2197
7758.545543	79.943	10.8828
7758.911754	79.950	10.5059
7759.277965	79.953	10.0889
7759.644176	79.950	9.6738
7760.010387	79.944	9.3252
7760.376598	79.951	9.0293
7760.742809	79.972	8.6260
7761.109020	79.976	8.1064
7761.475231	79.960	7.6963
7761.841442	79.960	7.4102
7762.207653	79.977	7.0254
7762.573864	79.981	6.5352
7762.940075	79.969	6.1201
7763.306286	79.965	5.7881
7763.672497	79.970	5.4385
7764.038708	79.976	5.0596
7764.404919	79.982	4.6611
7764.771130	79.985	4.2285
7765.137341	79.979	3.8203
7765.503551	79.977	3.4766
7765.869762	79.986	3.1094
7766.235973	79.990	2.6680
7766.602184	79.983	2.2549
7766.968395	79.980	1.9053
7767.334606	79.982	1.5371
7767.700817	79.978	1.1758
7768.067028	79.982	0.8877
7768.433239	80.005	0.5459
7768.799450	80.022	0.0508
7769.165661	80.018	-0.4531
7769.531872	80.010	-0.8623
7769.898083	80.005	-1.2500
7770.264294	80.000	-1.6143
7770.630505	80.001	-1.9355
7770.996716	80.010	-2.3047
7771.362927	80.013	-2.7139
7771.729138	80.016	-3.0898
7772.095349	80.023	-3.5088
7772.461560	80.017	-3.9551
7772.827771	80.006	-4.2832
7773.193982	80.016	-4.5781
7773.560193	80.032	-5.0127
7773.926404	80.029	-5.4893
7774.292615	80.019	-5.8594
7774.658826	80.021	-6.1875
7775.025037	80.030	-6.5723
7775.391248	80.034	-7.0000
7775.757459	80.032	-7.4189
7776.123670	80.029	-7.7949
7776.489881	80.031	-8.1465
7776.856091	80.038	-8.5381
7777.222302	80.039	-8.9590
7777.588513	80.035	-9.3125
7777.954724	80.045	-9.6367
7778.320935	80.062	-10.0723
7778.687146	80.060	-10.5576
7779.053357	80.051	-10.9277
7779.419568	80.056	-11.2559
7779.785779	80.065	-11.6582
7780.151990	80.067	-12.0674
7780.518201	80.071	-12.4600
7780.884412	80.072	-12.8896
7781.250623	80.063	-13.2803
7781.616834	80.061	-13.5928
7781.983045	80.070	-13.9297
7782.349256	80.078	-14.3262
7782.715467	80.081	-14.7422
7783.081678	80.078	-15.1299
7783.447889	80.079	-15.4658
7783.814100	80.091	-15.8369
7784.180311	80.099	-16.3037
7784.546522	80.092	-16.7471
7784.912733	80.086	-17.1211
7785.278944	80.085	-17.5078
7785.645155	80.080	-17.8750
7786.011366	80.084	-18.2080
7786.377577	80.094	-18.6240
7786.743788	80.089	-19.0918
7787.109999	80.073	-19.4424
7787.476210	80.074	-19.6758
7787.842420	80.102	-19.9912
7788.208631	80.125	-20.5186
7788.574842	80.117	-21.0771
7788.941053	80.100	-21.4463
7789.307264	80.106	-21.7725
7789.673475	80.114	-22.2334
7790.039686	80.102	-22.6660
7790.405897	80.096	-22.9736
7790.772108	80.105	-23.3096
7791.138319	80.114	-23.7158
7791.504530	80.117	-24.1250
7791.870741	80.117	-24.5205
7792.236952	80.120	-24.8916
7792.603163	80.129	-25.2871
7792.969374	80.132	-25.7432
7793.335585	80.123	-26.1670
7793.701796	80.116	-26.5137
7794.068007	80.115	-26.8311
7794.434218	80.124	-27.1514
7794.800429	80.141	-27.5566
7795.166640	80.142	-28.0547
7795.532851	80.127	-28.4463
7795.899062	80.127	-28.7168
7796.265273	80.145	-29.0977
7796.631484	80.147	-29.5820
7796.997695	80.136	-29.9551
7797.363906	80.144	-30.2627
7797.730117	80.162	-30.7168
7798.096328	80.156	-31.2500
7798.462539	80.135	-31.6318
7798.828750	80.133	-31.9072
7799.194960	80.145	-32.2900
7799.561171	80.142	-32.7256
7799.927382	80.138	-33.0566
7800.293593	80.151	-33.4082
7800.659804	80.159	-33.8779
7801.026015	80.149	-34.3057
7801.392226	80.145	-34.6357
7801.758437	80.153	-34.9932
7802.124648	80.159	-35.3984
7802.490859	80.161	-35.8115
7802.857070	80.159	-36.2100
7803.223281	80.157	-36.5566
7803.589492	80.165	-36.8926
7803.955703	80.177	-37.3066
7804.321914	80.178	-37.7461
7804.688125	80.176	-38.1279
7805.054336	80.179	-38.4893
7805.420547	80.186	-38.8682
7805.786758	80.195	-39.2676
7806.152969	80.204	-39.7295
7806.519180	80.197	-40.2148
7806.885391	80.182	-40.5889
7807.251602	80.183	-40.8955
7807.617813	80.193	-41.2930
7807.984024	80.189	-41.7207
7808.350235	80.185	-42.0605
7808.716446	80.193	-42.4092
7809.082657	80.200	-42.8281
7809.448868	80.199	-43.2344
7809.815079	80.199	-43.6201
7810.181289	80.198	-43.9883
7810.547500	80.205	-44.3311
7810.913711	80.217	-44.7627
7811.279922	80.211	-45.2305
7811.646133	80.200	-45.5479
7812.012344	80.214	-45.8652
7812.378555	80.221	-46.3369
7812.744766	80.207	-46.7158
7813.110977	80.215	-46.9727
7813.477188	80.237	-47.3936
7813.843399	80.236	-47.9004
7814.209610	80.226	-48.2705
7814.575821	80.231	-48.6250
7814.942032	80.233	-49.0498
7815.308243	80.229	-49.4248
7815.674454	80.234	-49.7920
7816.040665	80.237	-50.2275
7816.406876	80.230	-50.6289
7816.773087	80.231	-50.9746
7817.139298	80.237	-51.3721
7817.505509	80.236	-51.7998
7817.871720	80.231	-52.1670
7818.237931	80.234	-52.5068
7818.604142	80.244	-52.8828
7818.970353	80.254	-53.3096
7819.336564	80.258	-53.7783
7819.702775	80.248	-54.2227
7820.068986	80.238	-54.5527
7820.435197	80.247	-54.8301
7820.801408	80.270	-55.2295
7821.167619	80.277	-55.7480
7821.533829	80.266	-56.1836
7821.900040	80.266	-56.5146
7822.266251	80.278	-56.9326
7822.632462	80.272	-57.4160
7822.998673	80.256	-57.7646
7823.364884	80.259	-58.0439
7823.731095	80.271	-58.4199
7824.097306	80.274	-58.8232
7824.463517	80.278	-59.1943
7824.829728	80.286	-59.6172
7825.195939	80.283	-60.0635
7825.562150	80.276	-60.4492
7825.928361	80.275	-60.8174
7826.294572	80.272	-61.1924
7826.660783	80.271	-61.5420
7827.026994	80.275	-61.8945
7827.393205	80.281	-62.2686
7827.759416	80.288	-62.6611
7828.125627	80.294	-63.0928
7828.491838	80.290	-63.5205
7828.858049	80.287	-63.8828
7829.224260	80.295	-64.2549
7829.590471	80.300	-64.6943
7829.956682	80.295	-65.1074
7830.322893	80.295	-65.4658
7830.689104	80.301	-65.8662
7831.055315	80.298	-66.2812
7831.421526	80.293	-66.6123
7831.787737	80.305	-66.9336
7832.153948	80.318	-67.3506
7832.520158	80.320	-67.7695
7832.886369	80.328	-68.1348
7833.252580	80.343	-68.5820
7833.618791	80.340	-69.0850
7833.985002	80.329	-69.4717
7834.351213	80.331	-69.8057
7834.717424	80.338	-70.2061
7835.083635	80.340	-70.6182
7835.449846	80.343	-71.0254
7835.816057	80.340	-71.4443
7836.182268	80.336	-71.8066
7836.548479	80.342	-72.1533
7836.914690	80.349	-72.5762
7837.280901	80.345	-72.9951
7837.647112	80.342	-73.3564
7838.013323	80.343	-73.7080
7838.379534	80.349	-74.0566
7838.745745	80.362	-74.4512
7839.111956	80.366	-74.9365
7839.478167	80.350	-75.3535
7839.844378	80.346	-75.6240
7840.210589	80.366	-75.9736
7840.576800	80.371	-76.4775
7840.943011	80.355	-76.8779
7841.309222	80.357	-77.1328
7841.675433	80.382	-77.5215
7842.041644	80.388	-78.0781
7842.407855	80.370	-78.5322
7842.774066	80.363	-78.8682
7843.140277	80.364	-79.2705
7843.506488	80.350	-79.6475
7843.872698	80.347	-79.8721
7844.238909	80.376	-80.1738
7844.605120	80.398	-80.7070
7844.971331	80.389	-81.2227
7845.337542	80.380	-81.5801
7845.703753	80.388	-81.9580
7846.069964	80.389	-82.4082
7846.436175	80.382	-82.7920
7846.802386	80.384	-83.1338
7847.168597	80.391	-83.5225
7847.534808	80.392	-83.9072
7847.901019	80.398	-84.2588
7848.267230	80.412	-84.6670
7848.633441	80.416	-85.1338
7848.999652	80.411	-85.5518
7849.365863	80.412	-85.9160
7849.732074	80.418	-86.3359
7850.098285	80.410	-86.7930
7850.464496	80.393	-87.1113
7850.830707	80.402	-87.3242
7851.196918	80.434	-87.7178
7851.563129	80.441	-88.3066
7851.929340	80.419	-88.7705
7852.295551	80.408	-89.0635
7852.661762	80.416	-89.4043
7853.027973	80.420	-89.8086
7853.394184	80.422	-90.2197
7853.760395	80.418	-90.6533
7854.126606	80.406	-91.0000
7854.492817	80.414	-91.2598
7854.859028	80.440	-91.6865
7855.225238	80.439	-92.2441
7855.591449	80.419	-92.6367
7855.957660	80.420	-92.9189
7856.323871	80.434	-93.3145
7856.690082	80.436	-93.7559
7857.056293	80.436	-94.1494
7857.422504	80.440	-94.5596
7857.788715	80.437	-94.9697
7858.154926	80.434	-95.3232
7858.521137	80.441	-95.6758
7858.887348	80.450	-96.0723
7859.253559	80.455	-96.4873
7859.619770	80.458	-96.9082
7859.985981	80.457	-97.3105
7860.352192	80.458	-97.6738
7860.718403	80.466	-98.0615
7861.084614	80.469	-98.4971
7861.450825	80.466	-98.8770
7861.817036	80.475	-99.2432
7862.183247	80.483	-99.7070
7862.549458	80.474	-100.1533
7862.915669	80.469	-100.4854
7863.281880	80.478	-100.8525
7863.648091	80.481	-101.2998
7864.014302	80.473	-101.6953
7864.380513	80.471	-102.0156
7864.746724	80.482	-102.3447
7865.112935	80.499	-102.7666
7865.479146	80.501	-103.2871
7865.845357	80.480	-103.7158
7866.211567	80.470	-103.9521
7866.577778	80.492	-104.2314
7866.943989	80.510	-104.7021
7867.310200	80.505	-105.1680
7867.676411	80.502	-105.5332
7868.042622	80.506	-105.9209
7868.408833	80.503	-106.3301
7868.775044	80.500	-106.6709
7869.141255	80.510	-107.0166
7869.507466	80.522	-107.4619
7869.873677	80.517	-107.9443
7870.239888	80.503	-108.3486
7870.606099	80.495	-108.6641
7870.972310	80.500	-108.9824
7871.338521	80.510	-109.3750
7871.704732	80.511	-109.7949
7872.070943	80.512	-110.1836
7872.437154	80.517	-110.5898
7872.803365	80.516	-111.0146
7873.169576	80.516	-111.4072
7873.535787	80.521	-111.8301
7873.901998	80.516	-112.2812
7874.268209	80.506	-112.6455
7874.634420	80.512	-112.9863
7875.000631	80.518	-113.4092
7875.366842	80.515	-113.8115
7875.733053	80.518	-114.1768
7876.099264	80.523	-114.5938
7876.465475	80.520	-114.9854
7876.831686	80.524	-115.3281
7877.197897	80.534	-115.7324
7877.564107	80.535	-116.1377
7877.930318	80.541	-116.4932
7878.296529	80.555	-116.9316
7878.662740	80.552	-117.4209
7879.028951	80.539	-117.7920
7879.395162	80.542	-118.1016
7879.761373	80.553	-118.4863
7880.127584	80.554	-118.9102
7880.493795	80.550	-119.2754
7880.860006	80.556	-119.6025
7881.226217	80.570	-120.0020
7881.592428	80.574	-120.4609
7881.958639	80.570	-120.8564
7882.324850	80.576	-121.2383
7882.691061	80.578	-121.7168
7883.057272	80.560	-122.1279
7883.423483	80.555	-122.3730
7883.789694	80.579	-122.7080
7884.155905	80.590	-123.2393
7884.522116	80.573	-123.6963
7884.888327	80.565	-124.0039
7885.254538	80.573	-124.3545
7885.620749	80.577	-124.7637
7885.986960	80.577	-125.1436
7886.353171	80.582	-125.5195
7886.719382	80.588	-125.9111
7887.085593	80.597	-126.3281
7887.451804	80.600	-126.8018
7887.818015	80.590	-127.2441
7888.184226	80.582	-127.5801
7888.550436	80.589	-127.9326
7888.916647	80.593	-128.3408
7889.282858	80.595	-128.7119
7889.649069	80.605	-129.1006
7890.015280	80.609	-129.5508
7890.381491	80.606	-129.9473
7890.747702	80.614	-130.3320
7891.113913	80.618	-130.7988
7891.480124	80.608	-131.2080
7891.846335	80.611	-131.5215
7892.212546	80.627	-131.9492
7892.578757	80.622	-132.4629
7892.944968	80.602	-132.8232
7893.311179	80.605	-133.0801
7893.677390	80.624	-133.4600
7894.043601	80.627	-133.9248
7894.409812	80.623	-134.3096
7894.776023	80.629	-134.6797
7895.142234	80.634	-135.1182
7895.508445	80.629	-135.5225
7895.874656	80.633	-135.8965
7896.240867	80.635	-136.3428
7896.607078	80.624	-136.7441
7896.973289	80.626	-137.0645
7897.339500	80.636	-137.4961
7897.705711	80.625	-137.9541
7898.071922	80.614	-138.2510
7898.438133	80.627	-138.5625
7898.804344	80.636	-138.9990
7899.170555	80.636	-139.4023
7899.536766	80.642	-139.7939
7899.902976	80.643	-140.2227
7900.269187	80.644	-140.5996
7900.635398	80.654	-141.0098
7901.001609	80.651	-141.4883
7901.367820	80.640	-141.8447
7901.734031	80.650	-142.1494
7902.100242	80.665	-142.6055
7902.466453	80.658	-143.0703
7902.832664	80.654	-143.4160
7903.198875	80.662	-143.8018
7903.565086	80.659	-144.2393
7903.931297	80.651	-144.5654
7904.297508	80.665	-144.8633
7904.663719	80.684	-145.3340
7905.029930	80.674	-145.8496
7905.396141	80.655	-146.1689
7905.762352	80.663	-146.4004
7906.128563	80.688	-146.7900
7906.494774	80.697	-147.2988
7906.860985	80.690	-147.7607
7907.227196	80.682	-148.1533
7907.593407	80.678	-148.5146
7907.959618	80.679	-148.8672
7908.325829	80.686	-149.2344
7908.692040	80.694	-149.6318
7909.058251	80.701	-150.0791
7909.424462	80.698	-150.5527
7909.790673	80.685	-150.9639
7910.156884	80.677	-151.2773
7910.523095	80.685	-151.5801
7910.889306	80.701	-151.9609
7911.255516	80.712	-152.4326
7911.621727	80.707	-152.9141
7911.987938	80.696	-153.2803
7912.354149	80.704	-153.5859
7912.720360	80.723	-154.0449
7913.086571	80.714	-154.5791
7913.452782	80.692	-154.9072
7913.818993	80.702	-155.1514
7914.185204	80.723	-155.5986
7914.551415	80.715	-156.0801
7914.917626	80.708	-156.4014
7915.283837	80.721	-156.7559
7915.650048	80.726	-157.1992
7916.016259	80.725	-157.5830
7916.382470	80.735	-157.9785
7916.748681	80.738	-158.4609
7917.114892	80.727	-158.8818
7917.481103	80.725	-159.2285
7917.847314	80.729	-159.6191
7918.213525	80.728	-160.0312
7918.579736	80.727	-160.4111
7918.945947	80.728	-160.7852
7919.312158	80.731	-161.1553
7919.678369	80.739	-161.5361
7920.044580	80.748	-161.9756
7920.410791	80.746	-162.4492
7920.777002	80.736	-162.8682
7921.143213	80.730	-163.2188
7921.509424	80.732	-163.5693
7921.875635	80.736	-163.9551
7922.241845	80.738	-164.3506
7922.608056	80.739	-164.7363
7922.974267	80.741	-165.1250
7923.340478	80.742	-165.5107
7923.706689	80.745	-165.8809
7924.072900	80.753	-166.2754
7924.439111	80.759	-166.7178
7924.805322	80.756	-167.1670
7925.171533	80.748	-167.5654
7925.537744	80.745	-167.9053
7925.903955	80.753	-168.2500
7926.270166	80.764	-168.6719
7926.636377	80.765	-169.1289
7927.002588	80.761	-169.5244
7927.368799	80.766	-169.9170
7927.735010	80.766	-170.3701
7928.101221	80.755	-170.7568
7928.467432	80.758	-171.0566
7928.833643	80.774	-171.4512
7929.199854	80.777	-171.9268
7929.566065	80.772	-172.3330
7929.932276	80.773	-172.7236
7930.298487	80.769	-173.1348
7930.664698	80.763	-173.4512
7931.030909	80.779	-173.7559
7931.397120	80.798	-174.2314
7931.763331	80.790	-174.7334
7932.129542	80.780	-175.0781
7932.495753	80.790	-175.4258
7932.861964	80.794	-175.9043
7933.228175	80.778	-176.3125
7933.594385	80.775	-176.5869
7933.960596	80.789	-176.9385
7934.326807	80.794	-177.3701
7934.693018	80.795	-177.7471
7935.059229	80.803	-178.1494
7935.425440	80.801	-178.5898
7935.791651	80.799	-178.9414
7936.157862	80.811	-179.3242
7936.524073	80.812	-179.8154
7936.890284	80.799	179.8047
7937.256495	80.806	179.5068
7937.622706	80.821	179.0625
7937.988917	80.815	178.5889
7938.355128	80.809	178.2383
7938.721339	80.816	177.8594
7939.087550	80.816	177.4258
7939.453761	80.812	177.0645
7939.819972	80.819	176.7090
7940.186183	80.826	176.2705
7940.552394	80.822	175.8369
7940.918605	80.818	175.4570
7941.284816	80.817	175.0859
7941.651027	80.815	174.7139
7942.017238	80.817	174.3750
7942.383449	80.828	174.0225
7942.749660	80.841	173.5586
7943.115871	80.833	173.0625
7943.482082	80.816	172.7090
7943.848293	80.821	172.4355
7944.214504	80.839	172.0361
7944.580714	80.843	171.5361
7944.946925	80.831	171.1035
7945.313136	80.825	170.7617
7945.679347	80.831	170.4131
7946.045558	80.839	170.0020
7946.411769	80.840	169.5791
7946.777980	80.842	169.1904
7947.144191	80.850	168.7715
7947.510402	80.850	168.3018
7947.876613	80.840	167.8965
7948.242824	80.839	167.5684
7948.609035	80.850	167.1865
7948.975246	80.852	166.7568
7949.341457	80.850	166.3906
7949.707668	80.862	166.0430
7950.073879	80.878	165.5957
7950.440090	80.879	165.0918
7950.806301	80.868	164.6445
7951.172512	80.857	164.2832
7951.538723	80.855	163.9805
7951.904934	80.867	163.6543
7952.271145	80.881	163.2139
7952.637356	80.875	162.7402
7953.003567	80.863	162.3906
7953.369778	80.870	162.0889
7953.735989	80.883	161.6660
7954.102200	80.878	161.2080
7954.468411	80.869	160.8643
7954.834622	80.877	160.5430
7955.200833	80.890	160.1191
7955.567044	80.892	159.6416
7955.933254	80.883	159.2031
7956.299465	80.876	158.8252
7956.665676	80.875	158.4678
7957.031887	80.878	158.0771
7957.398098	80.877	157.6865
7957.764309	80.882	157.3438
7958.130520	80.899	156.9297
7958.496731	80.903	156.4014
7958.862942	80.886	155.9697
7959.229153	80.884	155.6846
7959.595364	80.903	155.3057
7959.961575	80.910	154.7920
7960.327786	80.898	154.3555
7960.693997	80.894	154.0215
7961.060208	80.902	153.6602
7961.426419	80.907	153.2598
7961.792630	80.912	152.8809
7962.158841	80.921	152.4824
7962.525052	80.927	152.0391
7962.891263	80.925	151.6309
7963.257474	80.931	151.2490
7963.623685	80.939	150.7842
7963.989896	80.929	150.2969
7964.356107	80.911	149.9424
7964.722318	80.911	149.6689
7965.088529	80.925	149.3145
7965.454740	80.932	148.8633
7965.820951	80.925	148.4473
7966.187162	80.926	148.1182
7966.553373	80.942	147.7109
7966.919583	80.940	147.1943
7967.285794	80.921	146.8145
7967.652005	80.925	146.5459
7968.018216	80.943	146.1250
7968.384427	80.939	145.6396
7968.750638	80.930	145.2705
7969.116849	80.931	144.9238
7969.483060	80.934	144.5527
7969.849271	80.940	144.1777
7970.215482	80.943	143.7656
7970.581693	80.940	143.3896
7970.947904	80.946	143.0645
7971.314115	80.961	142.6445
7971.680326	80.959	142.1797
7972.046537	80.953	141.7939
7972.412748	80.953	141.4297
7972.778959	80.953	141.0605
7973.145170	80.959	140.7109
7973.511381	80.972	140.2891
7973.877592	80.972	139.7754
7974.243803	80.953	139.3291
7974.610014	80.936	139.0352
7974.976225	80.944	138.7764
7975.342436	80.965	138.3770
7975.708647	80.969	137.8779
7976.074858	80.960	137.4580
7976.441069	80.963	137.0898
7976.807280	80.969	136.6455
7977.173491	80.964	136.2021
7977.539702	80.962	135.8330
7977.905913	80.971	135.4199
7978.272123	80.970	134.9395
7978.638334	80.960	134.5244
7979.004545	80.957	134.1768
7979.370756	80.962	133.7969
7979.736967	80.963	133.4102
7980.103178	80.968	133.0664
7980.469389	80.984	132.6641
7980.835600	80.989	132.1670
7981.201811	80.976	131.7617
7981.568022	80.979	131.4785
7981.934233	81.001	131.0693
7982.300444	81.001	130.5430
7982.666655	80.985	130.1631
7983.032866	80.991	129.8643
7983.399077	81.003	129.4170
7983.765288	80.990	128.9678
7984.131499	80.982	128.6826
7984.497710	80.998	128.3574
7984.863921	81.007	127.8936
7985.230132	81.002	127.4746
7985.596343	81.004	127.1094
7985.962554	81.009	126.6758
7986.328765	81.003	126.2549
7986.694976	81.001	125.9053
7987.061187	81.009	125.5156
7987.427398	81.012	125.0898
7987.793609	81.014	124.6865
7988.159820	81.019	124.2441
7988.526031	81.013	123.7754
7988.892242	81.000	123.4062
7989.258453	81.001	123.1084
7989.624663	81.016	122.7441
7989.990874	81.025	122.2734
7990.357085	81.016	121.8135
7990.723296	81.005	121.5020
7991.089507	81.020	121.2354
7991.455718	81.047	120.7637
7991.821929	81.041	120.1973
7992.188140	81.018	119.8379
7992.554351	81.022	119.5889
7992.920562	81.043	119.2012
7993.286773	81.050	118.7178
7993.652984	81.046	118.2549
7994.019195	81.037	117.8398
7994.385406	81.031	117.5010
7994.751617	81.041	117.1475
7995.117828	81.050	116.6650
7995.484039	81.038	116.1748
7995.850250	81.021	115.8184
7996.216461	81.021	115.5098
7996.582672	81.029	115.1260
7996.948883	81.030	114.6973
7997.315094	81.026	114.3135
7997.681305	81.032	113.9570
7998.047516	81.044	113.5195
7998.413727	81.042	113.0225
7998.779938	81.030	112.5967
7999.146149	81.023	112.2422
7999.512360	81.023	111.9043
7999.878571	81.032	111.5684
8000.244782	81.049	111.1328
8000.610992	81.046	110.6211
8000.977203	81.028	110.2568
8001.343414	81.035	110.0039
8001.709625	81.059	109.5898
8002.075836	81.060	109.0605
8002.442047	81.044	108.6602
8002.808258	81.041	108.3721
8003.174469	81.054	108.0273
8003.540680	81.063	107.6035
8003.906891	81.064	107.1934
8004.273102	81.068	106.8096
8004.639313	81.073	106.3887
8005.005524	81.072	105.9570
8005.371735	81.071	105.5469
8005.737946	81.068	105.1084
8006.104157	81.053	104.7090
8006.470368	81.045	104.4365
8006.836579	81.061	104.1367
8007.202790	81.077	103.6855
8007.569001	81.076	103.1895
8007.935212	81.063	102.7549
8008.301423	81.051	102.4336
8008.667634	81.060	102.1504
8009.033845	81.079	101.7051
8009.400056	81.072	101.1914
8009.766267	81.057	100.8652
8010.132478	81.072	100.5635
8010.498689	81.088	100.0635
8010.864900	81.076	99.5723
8011.231111	81.065	99.2373
8011.597322	81.073	98.9004
8011.963532	81.083	98.4756
8012.329743	81.083	98.0176
8012.695954	81.076	97.6055
8013.062165	81.075	97.2646
8013.428376	81.087	96.8701
8013.794587	81.089	96.3789
8014.160798	81.076	95.9678
8014.527009	81.075	95.6494
8014.893220	81.085	95.2568
8015.259431	81.084	94.8311
8015.625642	81.084	94.4785
8015.991853	81.097	94.0801
8016.358064	81.099	93.5996
8016.724275	81.090	93.2041
8017.090486	81.095	92.8809
8017.456697	81.111	92.4580
8017.822908	81.112	91.9570
8018.189119	81.101	91.5234
8018.555330	81.094	91.1709
8018.921541	81.098	90.8330
8019.287752	81.108	90.4404
8019.653963	81.110	89.9805
8020.020174	81.098	89.5742
8020.386385	81.094	89.2773
8020.752596	81.108	88.9385
8021.118807	81.118	88.4824
8021.485018	81.112	88.0479
8021.851229	81.107	87.6924
8022.217440	81.111	87.3320
8022.583651	81.116	86.9531
8022.949861	81.124	86.5537
8023.316072	81.129	86.0889
8023.682283	81.118	85.6289
8024.048494	81.105	85.2891
8024.414705	81.108	85.0010
8024.780916	81.123	84.6357
8025.147127	81.135	84.1963
8025.513338	81.139	83.7256
8025.879549	81.136	83.2607
8026.245760	81.128	82.8555
8026.611971	81.128	82.4951
8026.978182	81.136	82.0928
8027.344393	81.140	81.6250
8027.710604	81.132	81.1553
8028.076815	81.117	80.7812
8028.443026	81.115	80.4795
8028.809237	81.125	80.1123
8029.175448	81.127	79.7012
8029.541659	81.129	79.3604
8029.907870	81.148	78.9590
8030.274081	81.152	78.4170
8030.640292	81.131	77.9756
8031.006503	81.124	77.6826
8031.372714	81.132	77.3115
8031.738925	81.127	76.9004
8032.105136	81.123	76.5918
8032.471347	81.137	76.2471
8032.837558	81.143	75.8018
8033.203769	81.140	75.4043
8033.569980	81.145	75.0469
8033.936191	81.154	74.6279
8034.302401	81.156	74.1885
8034.668612	81.158	73.7559
8035.034823	81.157	73.3018
8035.401034	81.148	72.8682
8035.767245	81.140	72.4902
8036.133456	81.139	72.1318
8036.499667	81.142	71.7568
8036.865878	81.146	71.3594
8037.232089	81.150	70.9424
8037.598300	81.150	70.5029
8037.964511	81.144	70.0791
8038.330722	81.139	69.7197
8038.696933	81.144	69.3564
8039.063144	81.147	68.9189
8039.429355	81.138	68.5244
8039.795566	81.140	68.2070
8040.161777	81.152	67.8018
8040.527988	81.148	67.3535
8040.894199	81.141	67.0361
8041.260410	81.157	66.7256
8041.626621	81.175	66.2598
8041.992832	81.173	65.7607
8042.359043	81.165	65.3564
8042.725254	81.164	65.0010
8043.091465	81.171	64.6260
8043.457676	81.178	64.2080
8043.823887	81.182	63.7676
8044.190098	81.182	63.3174
8044.556309	81.174	62.8770
8044.922520	81.162	62.5273
8045.288731	81.166	62.2354
8045.654941	81.182	61.8467
8046.021152	81.188	61.3945
8046.387363	81.189	60.9727
8046.753574	81.191	60.5234
8047.119785	81.182	60.0938
8047.485996	81.178	59.7598
8047.852207	81.188	59.3584
8048.218418	81.182	58.8838
8048.584629	81.167	58.5420
8048.950840	81.173	58.2471
8049.317051	81.184	57.8291
8049.683262	81.180	57.3975
8050.049473	81.176	57.0312
8050.415684	81.176	56.6846
8050.781895	81.185	56.3428
8051.148106	81.200	55.9219
8051.514317	81.201	55.4258
8051.880528	81.191	55.0186
8052.246739	81.194	54.6611
8052.612950	81.201	54.2031
8052.979161	81.189	53.7471
8053.345372	81.178	53.4189
8053.711583	81.185	53.1006
8054.077794	81.196	52.6719
8054.444005	81.193	52.2188
8054.810216	81.187	51.8525
8055.176427	81.195	51.4941
8055.542638	81.204	51.0361
8055.908849	81.199	50.5674
8056.275060	81.192	50.1729
8056.641270	81.190	49.7793
8057.007481	81.186	49.3828
8057.373692	81.184	49.0352
8057.739903	81.193	48.6572
8058.106114	81.197	48.2070
8058.472325	81.192	47.7812
8058.838536	81.188	47.4111
8059.204747	81.193	47.0459
8059.570958	81.202	46.6309
8059.937169	81.203	46.1523
8060.303380	81.189	45.7344
8060.669591	81.187	45.4521
8061.035802	81.209	45.0684
8061.402013	81.210	44.5127
8061.768224	81.186	44.1338
8062.134435	81.193	43.9258
8062.500646	81.224	43.4844
8062.866857	81.220	42.9219
8063.233068	81.207	42.5732
8063.599279	81.221	42.2139
8063.965490	81.224	41.6973
8064.331701	81.207	41.3184
8064.697912	81.216	41.0205
8065.064123	81.231	40.5293
8065.430334	81.215	40.0381
8065.796545	81.202	39.7295
8066.162756	81.208	39.3955
8066.528967	81.210	38.9951
8066.895178	81.211	38.6562
8067.261389	81.226	38.2676
8067.627600	81.232	37.7617
8067.993810	81.219	37.3066
8068.360021	81.209	36.9531
8068.726232	81.210	36.6035
8069.092443	81.215	36.2236
8069.458654	81.221	35.8037
8069.824865	81.218	35.3594
8070.191076	81.211	34.9727
8070.557287	81.212	34.6318
8070.923498	81.222	34.2539
8071.289709	81.232	33.8193
8071.655920	81.236	33.3389
8072.022131	81.226	32.8770
8072.388342	81.217	32.5264
8072.754553	81.224	32.1816
8073.120764	81.230	31.7363
8073.486975	81.223	31.3418
8073.853186	81.229	31.0107
8074.219397	81.242	30.5625
8074.585608	81.234	30.1055
8074.951819	81.228	29.7861
8075.318030	81.242	29.4307
8075.684241	81.251	28.9619
8076.050452	81.245	28.5088
8076.416663	81.235	28.1123
8076.782874	81.228	27.7891
8077.149085	81.236	27.4961
8077.515296	81.254	27.0801
8077.881507	81.254	26.6074
8078.247718	81.251	26.2324
8078.613929	81.262	25.8115
8078.980139	81.257	25.2910
8079.346350	81.234	24.9033
8079.712561	81.232	24.6357
8080.078772	81.246	24.2549
8080.444983	81.245	23.7959
8080.811194	81.237	23.4160
8081.177405	81.238	23.0762
8081.543616	81.244	22.7021
8081.909827	81.250	22.3184
8082.276038	81.262	21.9043
8082.642249	81.267	21.4033
8083.008460	81.252	20.9365
8083.374671	81.241	20.6367
8083.740882	81.257	20.3359
8084.107093	81.276	19.8379
8084.473304	81.266	19.3184
8084.839515	81.253	18.9658
8085.205726	81.259	18.6123
8085.571937	81.260	18.1611
8085.938148	81.250	17.7969
8086.304359	81.259	17.4971
8086.670570	81.278	17.0430
8087.036781	81.272	16.5068
8087.402992	81.252	16.1270
8087.769203	81.250	15.8477
8088.135414	81.264	15.4893
8088.501625	81.272	15.0557
8088.867836	81.274	14.6152
8089.234047	81.272	14.1807
8089.600258	81.266	13.7715
8089.966469	81.263	13.3984
8090.332679	81.265	13.0254
8090.698890	81.267	12.6270
8091.065101	81.265	12.2383
8091.431312	81.268	11.8867
8091.797523	81.281	11.4883
8092.163734	81.285	10.9854
8092.529945	81.268	10.5469
8092.896156	81.262	10.2744
8093.262367	81.283	9.9150
8093.628578	81.288	9.3701
8093.994789	81.264	8.9600
8094.361000	81.264	8.7305
8094.727211	81.288	8.3428
8095.093422	81.290	7.8164
8095.459633	81.276	7.4238
8095.825844	81.280	7.0938
8096.192055	81.289	6.6602
8096.558266	81.283	6.2158
8096.924477	81.277	5.8525
8097.290688	81.281	5.5000
8097.656899	81.287	5.0908
8098.023110	81.286	4.6758
8098.389321	81.287	4.3076
8098.755532	81.298	3.8926
8099.121743	81.297	3.4004
8099.487954	81.282	2.9961
8099.854165	81.282	2.6865
8100.220376	81.295	2.2803
8100.586587	81.293	1.8086
8100.952798	81.284	1.4199
8101.319008	81.284	1.0674
8101.685219	81.287	0.6826
8102.051430	81.291	0.2920
8102.417641	81.297	-0.1240
8102.783852	81.296	-0.5557
8103.150063	81.296	-0.9512
8103.516274	81.300	-1.3672
8103.882485	81.299	-1.8330
8104.248696	81.287	-2.2529
8104.614907	81.279	-2.5967
8104.981118	81.281	-2.9365
8105.347329	81.288	-3.3164
8105.713540	81.293	-3.7451
8106.079751	81.289	-4.1738
8106.445962	81.284	-4.5293
8106.812173	81.292	-4.8730
8107.178384	81.304	-5.3096
8107.544595	81.304	-5.7900
8107.910806	81.296	-6.2197
8108.277017	81.290	-6.5898
8108.643228	81.293	-6.9443
8109.009439	81.300	-7.3438
8109.375650	81.302	-7.7744
8109.741861	81.303	-8.1807
8110.108072	81.305	-8.5977
8110.474283	81.303	-9.0234
8110.840494	81.300	-9.3975
8111.206705	81.307	-9.7842
8111.572916	81.310	-10.2314
8111.939127	81.305	-10.6436
8112.305338	81.305	-11.0205
8112.671548	81.307	-11.4336
8113.037759	81.303	-11.8320
8113.403970	81.304	-12.2031
8113.770181	81.307	-12.6006
8114.136392	81.306	-13.0039
8114.502603	81.305	-13.3857
8114.868814	81.306	-13.7627
8115.235025	81.310	-14.1406
8115.601236	81.315	-14.5410
8115.967447	81.317	-14.9678
8116.333658	81.314	-15.3691
8116.699869	81.316	-15.7461
8117.066080	81.321	-16.1592
8117.432291	81.319	-16.5947
8117.798502	81.312	-16.9824
8118.164713	81.311	-17.3232
8118.530924	81.319	-17.6924
8118.897135	81.325	-18.1074
8119.263346	81.327	-18.5244
8119.629557	81.327	-18.9268
8119.995768	81.328	-19.3164
8120.361979	81.333	-19.7031
8120.728190	81.339	-20.1309
8121.094401	81.338	-20.5742
8121.460612	81.335	-20.9678
8121.826823	81.340	-21.3682
8122.193034	81.339	-21.8271
8122.559245	81.327	-22.2354
8122.925456	81.323	-22.5684
8123.291667	81.326	-22.9258
8123.657878	81.329	-23.2920
8124.024088	81.340	-23.6582
8124.390299	81.354	-24.1377
8124.756510	81.345	-24.6670
8125.122721	81.324	-25.0459
8125.488932	81.323	-25.3223
8125.855143	81.338	-25.6963
8126.221354	81.344	-26.1768
8126.587565	81.336	-26.6270
8126.953776	81.328	-26.9951
8127.319987	81.330	-27.3438
8127.686198	81.337	-27.7480
8128.052409	81.337	-28.1885
8128.418620	81.330	-28.5840
8128.784831	81.330	-28.9170
8129.151042	81.343	-29.2764
8129.517253	81.357	-29.7354
8129.883464	81.356	-30.2354
8130.249675	81.346	-30.6699
8130.615886	81.340	-31.0371
8130.982097	81.341	-31.4053
8131.348308	81.344	-31.8008
8131.714519	81.344	-32.2080
8132.080730	81.343	-32.5977
8132.446941	81.345	-32.9854
8132.813152	81.345	-33.4053
8133.179363	81.339	-33.8027
8133.545574	81.337	-34.1377
8133.911785	81.346	-34.5244
8134.277996	81.344	-34.9805
8134.644207	81.332	-35.3379
8135.010417	81.339	-35.6279
8135.376628	81.358	-36.0576
8135.742839	81.357	-36.5791
8136.109050	81.342	-36.9971
8136.475261	81.337	-37.3408
8136.841472	81.338	-37.7080
8137.207683	81.340	-38.0703
8137.573894	81.352	-38.4580
8137.940105	81.359	-38.9531
8138.306316	81.346	-39.4336
8138.672527	81.332	-39.7627
8139.038738	81.339	-40.0771
8139.404949	81.348	-40.4824
8139.771160	81.353	-40.8926
8140.137371	81.360	-41.3271
8140.503582	81.358	-41.8086
8140.869793	81.346	-42.1934
8141.236004	81.349	-42.5244
8141.602215	81.356	-42.9551
8141.968426	81.348	-43.3574
8142.334637	81.352	-43.6729
8142.700848	81.367	-44.1006
8143.067059	81.361	-44.5684
8143.433270	81.357	-44.8926
8143.799481	81.377	-45.2842
8144.165692	81.380	-45.8525
8144.531903	81.355	-46.3018
8144.898114	81.345	-46.5840
8145.264325	81.352	-46.9453
8145.630536	81.347	-47.3467
8145.996747	81.345	-47.6523
8146.362957	81.362	-47.9961
8146.729168	81.375	-48.4717
8147.095379	81.372	-48.9531
8147.461590	81.365	-49.3760
8147.827801	81.361	-49.7725
8148.194012	81.358	-50.1562
8148.560223	81.360	-50.5518
8148.926434	81.358	-50.9814
8149.292645	81.348	-51.3799
8149.658856	81.344	-51.6865
8150.025067	81.360	-52.0244
8150.391278	81.373	-52.5244
8150.757489	81.358	-53.0273
8151.123700	81.342	-53.3369
8151.489911	81.354	-53.6230
8151.856122	81.371	-54.0898
8152.222333	81.364	-54.5986
8152.588544	81.348	-54.9736
8152.954755	81.346	-55.2754
8153.320966	81.358	-55.6328
8153.687177	81.367	-56.0742
8154.053388	81.366	-56.5176
8154.419599	81.363	-56.9141
8154.785810	81.364	-57.3154
8155.152021	81.362	-57.7051
8155.518232	81.366	-58.0488
8155.884443	81.382	-58.4531
8156.250654	81.390	-58.9512
8156.616865	81.386	-59.4355
8156.983076	81.377	-59.8818
8157.349286	81.365	-60.2871
8157.715497	81.357	-60.6191
8158.081708	81.360	-60.9580
8158.447919	81.362	-61.3438
8158.814130	81.363	-61.6914
8159.180341	81.374	-62.0381
8159.546552	81.389	-62.4775
8159.912763	81.392	-62.9658
8160.278974	81.385	-63.4219
8160.645185	81.376	-63.8193
8161.011396	81.374	-64.1836
8161.377607	81.377	-64.5879
8161.743818	81.371	-65.0186
8162.110029	81.362	-65.3770
8162.476240	81.364	-65.6963
8162.842451	81.372	-66.0664
8163.208662	81.380	-66.4678
8163.574873	81.390	-66.9053
8163.941084	81.389	-67.3994
8164.307295	81.375	-67.8135
8164.673506	81.374	-68.1104
8165.039717	81.394	-68.5146
8165.405928	81.397	-69.0703
8165.772139	81.374	-69.5205
8166.138350	81.363	-69.8086
8166.504561	81.370	-70.1230
8166.870772	81.380	-70.5029
8167.236983	81.390	-70.9102
8167.603194	81.397	-71.3867
8167.969405	81.386	-71.8555
8168.335616	81.374	-72.1885
8168.701826	81.383	-72.5029
8169.068037	81.394	-72.9502
8169.434248	81.387	-73.4092
8169.800459	81.378	-73.7480
8170.166670	81.386	-74.0869
8170.532881	81.395	-74.5156
8170.899092	81.394	-74.9521
8171.265303	81.393	-75.3613
8171.631514	81.393	-75.7812
8171.997725	81.389	-76.2051
8172.363936	81.383	-76.5977
8172.730147	81.381	-76.9492
8173.096358	81.390	-77.3408
8173.462569	81.391	-77.8203
8173.828780	81.376	-78.2285
8174.194991	81.375	-78.5146
8174.561202	81.392	-78.9199
8174.927413	81.386	-79.4131
8175.293624	81.373	-79.7178
8175.659835	81.393	-79.9922
8176.026046	81.417	-80.4951
8176.392257	81.412	-81.0273
8176.758468	81.403	-81.4365
8177.124679	81.401	-81.8418
8177.490890	81.396	-82.2324
8177.857101	81.397	-82.5947
8178.223312	81.400	-83.0117
8178.589523	81.393	-83.4150
8178.955734	81.392	-83.7539
8179.321945	81.400	-84.1387
8179.688156	81.401	-84.5723
8180.054366	81.396	-84.9795
8180.420577	81.391	-85.3643
8180.786788	81.386	-85.7070
8181.152999	81.392	-86.0244
8181.519210	81.407	-86.4355
8181.885421	81.408	-86.9092
8182.251632	81.401	-87.3125
8182.617843	81.402	-87.6826
8182.984054	81.405	-88.0908
8183.350265	81.407	-88.4932
8183.716476	81.413	-88.9150
8184.082687	81.412	-89.4043
8184.448898	81.396	-89.8242
8184.815109	81.390	-90.1143
8185.181320	81.406	-90.4668
8185.547531	81.415	-90.9512
8185.913742	81.407	-91.3926
8186.279953	81.406	-91.7656
8186.646164	81.410	-92.1846
8187.012375	81.406	-92.6182
8187.378586	81.399	-92.9912
8187.744797	81.401	-93.3389
8188.111008	81.409	-93.7109
8188.477219	81.419	-94.1523
8188.843430	81.417	-94.6436
8189.209641	81.402	-95.0596
8189.575852	81.394	-95.3789
8189.942063	81.399	-95.7148
8190.308274	81.408	-96.0879
8190.674485	81.420	-96.5068
8191.040695	81.424	-97.0039
8191.406906	81.413	-97.4648
8191.773117	81.408	-97.8340
8192.139328	81.410	-98.2451
8192.505539	81.404	-98.6797
8192.871750	81.399	-99.0479
8193.237961	81.402	-99.4414
8193.604172	81.395	-99.8477
8193.970383	81.394	-100.1514
8194.336594	81.415	-100.5088
8194.702805	81.427	-101.0303
8195.069016	81.418	-101.5049
8195.435227	81.416	-101.8848
8195.801438	81.418	-102.3320
8196.167649	81.406	-102.7598
8196.533860	81.401	-103.0625
8196.900071	81.415	-103.4316
8197.266282	81.415	-103.9102
8197.632493	81.401	-104.2725
8197.998704	81.407	-104.5439
8198.364915	81.426	-104.9531
8198.731126	81.426	-105.4434
8199.097337	81.416	-105.8379
8199.463548	81.416	-106.1846
8199.829759	81.418	-106.5635
8200.195970	81.419	-106.9414
8200.562181	81.422	-107.3135
8200.928392	81.427	-107.6992
8201.294603	81.434	-108.1094
8201.660814	81.437	-108.5820
8202.027025	81.423	-109.0439
8202.393235	81.407	-109.3652
8202.759446	81.413	-109.6494
8203.125657	81.426	-110.0586
8203.491868	81.425	-110.4961
8203.858079	81.424	-110.8682
8204.224290	81.431	-111.2578
8204.590501	81.435	-111.6855
8204.956712	81.438	-112.1064
8205.322923	81.440	-112.5410
8205.689134	81.438	-112.9658
8206.055345	81.438	-113.3701
8206.421556	81.439	-113.7881
8206.787767	81.437	-114.1865
8207.153978	81.441	-114.5732
8207.520189	81.443	-115.0117
8207.886400	81.436	-115.4092
8208.252611	81.441	-115.7305
8208.618822	81.458	-116.1621
8208.985033	81.455	-116.6768
8209.351244	81.442	-117.0576
8209.717455	81.449	-117.3936
8210.083666	81.458	-117.8750
8210.449877	81.443	-118.3672
8210.816088	81.424	-118.7031
8211.182299	81.422	-118.9795
8211.548510	81.432	-119.3203
8211.914721	81.440	-119.7217
8212.280932	81.443	-120.1484
8212.647143	81.440	-120.5557
8213.013354	81.439	-120.9287
8213.379564	81.446	-121.3135
8213.745775	81.452	-121.7598
8214.111986	81.446	-122.2236
8214.478197	81.434	-122.5957
8214.844408	81.437	-122.9014
8215.210619	81.453	-123.3154
8215.576830	81.453	-123.8252
8215.943041	81.439	-124.2168
8216.309252	81.443	-124.5312
8216.675463	81.457	-124.9697
8217.041674	81.453	-125.4590
8217.407885	81.443	-125.8447
8217.774096	81.443	-126.2031
8218.140307	81.444	-126.5869
8218.506518	81.447	-126.9385
8218.872729	81.462	-127.3164
8219.238940	81.475	-127.8223
8219.605151	81.464	-128.3604
8219.971362	81.440	-128.7334
8220.337573	81.438	-128.9824
8220.703784	81.457	-129.3584
8221.069995	81.458	-129.8633
8221.436206	81.442	-130.2578
8221.802417	81.440	-130.5527
8222.168628	81.451	-130.9131
8222.534839	81.457	-131.3193
8222.901050	81.463	-131.7402
8223.267261	81.464	-132.1963
8223.633472	81.457	-132.6084
8223.999683	81.457	-132.9678
8224.365894	81.465	-133.3818
8224.732104	81.464	-133.8447
8225.098315	81.453	-134.2686
8225.464526	81.444	-134.6133
8225.830737	81.448	-134.9121
8226.196948	81.467	-135.3027
8226.563159	81.474	-135.8184
8226.929370	81.461	-136.2695
8227.295581	81.457	-136.6084
8227.661792	81.465	-137.0195
8228.028003	81.459	-137.4795
8228.394214	81.448	-137.8369
8228.760425	81.451	-138.1572
8229.126636	81.460	-138.5557
8229.492847	81.461	-138.9785
8229.859058	81.460	-139.3633
8230.225269	81.464	-139.7412
8230.591480	81.471	-140.1523
8230.957691	81.474	-140.5947
8231.323902	81.472	-141.0215
8231.690113	81.473	-141.4404
8232.056324	81.471	-141.9004
8232.422535	81.456	-142.3291
8232.788746	81.444	-142.6406
8233.154957	81.451	-142.9453
8233.521168	81.462	-143.3613
8233.887379	81.459	-143.7979
8234.253590	81.455	-144.1660
8234.619801	81.460	-144.5342
8234.986012	81.465	-144.9541
8235.352223	81.461	-145.3740
8235.718433	81.457	-145.7285
8236.084644	81.466	-146.0664
8236.450855	81.482	-146.5146
8236.817066	81.478	-147.0410
8237.183277	81.457	-147.4346
8237.549488	81.455	-147.6943
8237.915699	81.474	-148.0635
8238.281910	81.478	-148.5508
8238.648121	81.468	-148.9473
8239.014332	81.474	-149.2793
8239.380543	81.487	-149.7236
8239.746754	81.482	-150.2197
8240.112965	81.468	-150.6084
8240.479176	81.469	-150.9326
8240.845387	81.479	-151.3350
8241.211598	81.479	-151.8047
8241.577809	81.468	-152.2129
8241.944020	81.465	-152.5371
8242.310231	81.477	-152.9150
8242.676442	81.482	-153.3994
8243.042653	81.469	-153.8320
8243.408864	81.465	-154.1357
8243.775075	81.483	-154.5088
8244.141286	81.489	-155.0430
8244.507497	81.469	-155.4883
8244.873708	81.463	-155.7568
8245.239919	81.482	-156.1240
8245.606130	81.487	-156.6260
8245.972341	81.478	-157.0381
8246.338552	81.480	-157.4248
8246.704763	81.474	-157.8711
8247.070973	81.459	-158.1836
8247.437184	81.473	-158.4297
8247.803395	81.499	-158.8848
8248.169606	81.495	-159.4131
8248.535817	81.481	-159.7852
8248.902028	81.485	-160.1084
8249.268239	81.494	-160.4990
8249.634450	81.500	-160.9365
8250.000661	81.497	-161.3857
8250.366872	81.490	-161.7832
8250.733083	81.488	-162.1514
8251.099294	81.487	-162.5488
8251.465505	81.484	-162.9014
8251.831716	81.495	-163.2520
8252.197927	81.505	-163.7422
8252.564138	81.493	-164.2412
8252.930349	81.477	-164.6016
8253.296560	81.476	-164.9473
8253.662771	81.474	-165.3262
8254.028982	81.476	-165.6836
8254.395193	81.482	-166.0967
8254.761404	81.477	-166.5283
8255.127615	81.473	-166.8604
8255.493826	81.488	-167.2275
8255.860037	81.496	-167.7334
8256.226248	81.484	-168.1904
8256.592459	81.480	-168.5381
8256.958670	81.488	-168.9453
8257.324881	81.484	-169.4023
8257.691092	81.475	-169.7754
8258.057303	81.479	-170.1094
8258.423513	81.489	-170.5078
8258.789724	81.494	-170.9443
8259.155935	81.494	-171.3623
8259.522146	81.497	-171.7744
8259.888357	81.498	-172.2100
8260.254568	81.493	-172.6357
8260.620779	81.488	-173.0137
8260.986990	81.490	-173.3896
8261.353201	81.490	-173.7988
8261.719412	81.485	-174.1758
8262.085623	81.486	-174.5225
8262.451834	81.490	-174.9092
8262.818045	81.490	-175.2852
8263.184256	81.498	-175.6387
8263.550467	81.511	-176.0957
8263.916678	81.503	-176.5879
8264.282889	81.490	-176.9473
8264.649100	81.495	-177.2920
8265.015311	81.498	-177.7363
8265.381522	81.489	-178.1494
8265.747733	81.485	-178.5068
8266.113944	81.483	-178.8955
8266.480155	81.478	-179.2520
8266.846366	81.483	-179.5684
8267.212577	81.497	-179.9717
8267.578788	81.501	179.5547
8267.944999	81.495	179.1211
8268.311210	81.492	178.7402
8268.677421	81.496	178.3525
8269.043632	81.500	177.9072
8269.409842	81.492	177.4619
8269.776053	81.485	177.0977
8270.142264	81.490	176.7334
8270.508475	81.492	176.2969
8270.874686	81.486	175.8984
8271.240897	81.489	175.5391
8271.607108	81.493	175.1104
8271.973319	81.487	174.7061
8272.339530	81.490	174.3672
8272.705741	81.502	173.9385
8273.071952	81.497	173.4785
8273.438163	81.495	173.1309
8273.804374	81.510	172.7100
8274.170585	81.505	172.1572
8274.536796	81.478	171.7734
8274.903007	81.477	171.5439
8275.269218	81.498	171.1719
8275.635429	81.504	170.6914
8276.001640	81.502	170.2490
8276.367851	81.498	169.8027
8276.734062	81.485	169.3965
8277.100273	81.480	169.0703
8277.466484	81.485	168.7139
8277.832695	81.487	168.3311
8278.198906	81.495	167.9561
8278.565117	81.504	167.4961
8278.931328	81.495	167.0225
8279.297539	81.484	166.6729
8279.663750	81.490	166.3291
8280.029961	81.495	165.8955
8280.396172	81.489	165.4756
8280.762382	81.485	165.1250
8281.128593	81.491	164.7725
8281.494804	81.498	164.3613
8281.861015	81.496	163.9453
8282.227226	81.496	163.6064
8282.593437	81.513	163.2295
8282.959648	81.523	162.6992
8283.325859	81.506	162.2129
8283.692070	81.493	161.8975
8284.058281	81.500	161.5742
8284.424492	81.508	161.1768
8284.790703	81.513	160.7754
8285.156914	81.519	160.3447
8285.523125	81.518	159.8955
8285.889336	81.514	159.4775
8286.255547	81.509	159.0488
8286.621758	81.495	158.6729
8286.987969	81.493	158.4150
8287.354180	81.517	158.0742
8287.720391	81.530	157.5449
8288.086602	81.518	157.0557
8288.452813	81.509	156.6768
8288.819024	81.505	156.2812
8289.185235	81.497	155.9131
8289.551446	81.499	155.5889
8289.917657	81.507	155.1904
8290.283868	81.506	154.7637
8290.650079	81.505	154.3799
8291.016290	81.505	153.9697
8291.382501	81.498	153.5908
8291.748711	81.503	153.2744
8292.114922	81.518	152.8438
8292.481133	81.511	152.3643
8292.847344	81.501	152.0420
8293.213555	81.516	151.7100
8293.579766	81.526	151.2314
8293.945977	81.520	150.8105
8294.312188	81.528	150.4365
8294.678399	81.535	149.9268
8295.044610	81.516	149.4600
8295.410821	81.507	149.1826
8295.777032	81.526	148.8203
8296.143243	81.530	148.2764
8296.509454	81.507	147.8447
8296.875665	81.500	147.5742
8297.241876	81.512	147.2188
8297.608087	81.512	146.7910
8297.974298	81.511	146.4443
8298.340509	81.526	146.0635
8298.706720	81.533	145.5508
8299.072931	81.518	145.0898
8299.439142	81.509	144.7666
8299.805353	81.519	144.4014
8300.171564	81.521	143.9326
8300.537775	81.508	143.5303
8300.903986	81.508	143.2158
8301.270197	81.520	142.8008
8301.636408	81.513	142.3203
8302.002619	81.498	141.9912
8302.368830	81.510	141.7002
8302.735041	81.524	141.2256
8303.101251	81.512	140.7549
8303.467462	81.505	140.4570
8303.833673	81.522	140.0918
8304.199884	81.526	139.5791
8304.566095	81.509	139.1787
8304.932306	81.511	138.8984
8305.298517	81.530	138.5127
8305.664728	81.537	138.0273
8306.030939	81.534	137.5732
8306.397150	81.531	137.1396
8306.763361	81.522	136.7246
8307.129572	81.517	136.3906
8307.495783	81.527	136.0420
8307.861994	81.535	135.5645
8308.228205	81.522	135.1250
8308.594416	81.520	134.8359
8308.960627	81.543	134.4258
8309.326838	81.540	133.8213
8309.693049	81.503	133.4082
8310.059260	81.493	133.2500
8310.425471	81.521	132.9482
8310.791682	81.535	132.4229
8311.157893	81.523	131.9521
8311.524104	81.514	131.6025
8311.890315	81.517	131.2441
8312.256526	81.521	130.8340
8312.622737	81.519	130.4121
8312.988948	81.515	130.0205
8313.355159	81.514	129.6611
8313.721370	81.520	129.2812
8314.087581	81.526	128.8535
8314.453791	81.525	128.4150
8314.820002	81.523	128.0029
8315.186213	81.525	127.5781
8315.552424	81.521	127.1211
8315.918635	81.507	126.7227
8316.284846	81.503	126.4111
8316.651057	81.514	126.0410
8317.017268	81.515	125.5840
8317.383479	81.506	125.2090
8317.749690	81.514	124.8926
8318.115901	81.529	124.4404
8318.482112	81.522	123.9463
8318.848323	81.511	123.6162
8319.214534	81.525	123.2871
8319.580745	81.538	122.7803
8319.946956	81.523	122.3008
8320.313167	81.511	121.9893
8320.679378	81.522	121.6650
8321.045589	81.532	121.2402
8321.411800	81.535	120.8027
8321.778011	81.538	120.3652
8322.144222	81.535	119.9082
8322.510433	81.524	119.4922
8322.876644	81.518	119.1416
8323.242855	81.521	118.7881
8323.609066	81.525	118.3857
8323.975277	81.525	117.9932
8324.341488	81.530	117.6094
8324.707699	81.536	117.1504
8325.073910	81.525	116.7061
8325.440120	81.519	116.3750
8325.806331	81.529	116.0000
8326.172542	81.529	115.5312
8326.538753	81.517	115.1475
8326.904964	81.519	114.8184
8327.271175	81.524	114.4248
8327.637386	81.525	114.0244
8328.003597	81.527	113.6191
8328.369808	81.522	113.2158
8328.736019	81.519	112.9014
8329.102230	81.536	112.5439
8329.468441	81.542	112.0479
8329.834652	81.530	111.6309
8330.200863	81.531	111.3145
8330.567074	81.542	110.8945
8330.933285	81.538	110.4492
8331.299496	81.535	110.0879
8331.665707	81.543	109.6787
8332.031918	81.539	109.2197
8332.398129	81.531	108.8291
8332.764340	81.529	108.4541
8333.130551	81.526	108.0605
8333.496762	81.522	107.7129
8333.862973	81.530	107.3691
8334.229184	81.541	106.9453
8334.595395	81.544	106.4775
8334.961606	81.539	106.0312
8335.327817	81.532	105.6250
8335.694028	81.530	105.2568
8336.060239	81.534	104.8740
8336.426450	81.538	104.4443
8336.792660	81.537	104.0176
8337.158871	81.536	103.6084
8337.525082	81.535	103.1904
8337.891293	81.533	102.7891
8338.257504	81.534	102.3818
8338.623715	81.529	101.9482
8338.989926	81.519	101.5908
8339.356137	81.523	101.2891
8339.722348	81.534	100.8994
8340.088559	81.536	100.4883
8340.454770	81.542	100.1348
8340.820981	81.557	99.7012
8341.187192	81.557	99.1865
8341.553403	81.543	98.7666
8341.919614	81.540	98.4316
8342.285825	81.546	98.0508
8342.652036	81.546	97.6172
8343.018247	81.538	97.2344
8343.384458	81.540	96.9170
8343.750669	81.554	96.5176
8344.116880	81.554	96.0244
8344.483091	81.540	95.6328
8344.849302	81.542	95.3252
8345.215513	81.555	94.9102
8345.581724	81.554	94.4365
8345.947935	81.547	94.0283
8346.314146	81.546	93.6426
8346.680357	81.546	93.2314
8347.046568	81.542	92.8047
8347.412779	81.531	92.4229
8347.778989	81.529	92.1289
8348.145200	81.549	91.7725
8348.511411	81.562	91.2393
8348.877622	81.547	90.7256
8349.243833	81.531	90.3525
8349.610044	81.525	89.9932
8349.976255	81.517	89.6553
8350.342466	81.523	89.3770
8350.708677	81.545	88.9854
8351.074888	81.550	88.4561
8351.441099	81.534	88.0186
8351.807310	81.529	87.7070
8352.173521	81.538	87.3545
8352.539732	81.545	86.9326
8352.905943	81.546	86.5146
8353.272154	81.546	86.1162
8353.638365	81.549	85.7256
8354.004576	81.554	85.3213
8354.370787	81.559	84.8740
8354.736998	81.555	84.4072
8355.103209	81.542	84.0049
8355.469420	81.536	83.6855
8355.835631	81.545	83.3467
8356.201842	81.553	82.9150
8356.568053	81.549	82.4902
8356.934264	81.550	82.1221
8357.300475	81.557	81.7031
8357.666686	81.553	81.2432
8358.032897	81.544	80.8691
8358.399108	81.547	80.5146
8358.765319	81.549	80.0947
8359.131529	81.543	79.7256
8359.497740	81.552	79.4072
8359.863951	81.571	78.9609
8360.230162	81.571	78.4238
8360.596373	81.556	77.9902
8360.962584	81.552	77.6367
8361.328795	81.556	77.2324
8361.695006	81.552	76.8047
8362.061217	81.547	76.4258
8362.427428	81.548	76.0586
8362.793639	81.552	75.6523
8363.159850	81.551	75.2217
8363.526061	81.543	74.8320
8363.892272	81.543	74.4941
8364.258483	81.551	74.1104
8364.624694	81.552	73.6514
8364.990905	81.541	73.2539
8365.357116	81.539	72.9395
8365.723327	81.548	72.5557
8366.089538	81.546	72.1250
8366.455749	81.541	71.7744
8366.821960	81.549	71.4131
8367.188171	81.553	70.9736
8367.554382	81.547	70.5869
8367.920593	81.553	70.2324
8368.286804	81.561	69.7783
8368.653015	81.552	69.3330
8369.019226	81.548	68.9941
8369.385437	81.560	68.5977
8369.751648	81.561	68.0947
8370.117858	81.546	67.6621
8370.484069	81.538	67.3301
8370.850280	81.542	66.9883
8371.216491	81.549	66.6143
8371.582702	81.559	66.1943
8371.948913	81.560	65.7080
8372.315124	81.546	65.2852
8372.681335	81.541	64.9893
8373.047546	81.555	64.6426
8373.413757	81.563	64.1846
8373.779968	81.558	63.7744
8374.146179	81.562	63.4170
8374.512390	81.570	62.9824
8374.878601	81.565	62.5254
8375.244812	81.555	62.1523
8375.611023	81.554	61.8213
8375.977234	81.560	61.4600
8376.343445	81.565	61.0586
8376.709656	81.566	60.6377
8377.075867	81.563	60.2354
8377.442078	81.561	59.8486
8377.808289	81.559	59.4443
8378.174500	81.552	59.0684
8378.540711	81.553	58.7490
8378.906922	81.568	58.3545
8379.273133	81.569	57.8535
8379.639344	81.554	57.4336
8380.005555	81.550	57.1201
8380.371766	81.561	56.7422
8380.737977	81.567	56.2754
8381.104188	81.561	55.8105
8381.470398	81.550	55.4053
8381.836609	81.546	55.0801
8382.202820	81.560	54.7100
8382.569031	81.567	54.1934
8382.935242	81.550	53.7129
8383.301453	81.536	53.3926
8383.667664	81.544	53.0518
8384.033875	81.546	52.6084
8384.400086	81.537	52.2031
8384.766297	81.532	51.8770
8385.132508	81.539	51.5371
8385.498719	81.547	51.1436
8385.864930	81.551	50.7275
8386.231141	81.553	50.3086
8386.597352	81.552	49.8896
8386.963563	81.548	49.5020
8387.329774	81.551	49.1270
8387.695985	81.554	48.6992
8388.062196	81.548	48.2754
8388.428407	81.543	47.9258
8388.794618	81.549	47.5547
8389.160829	81.551	47.1182
8389.527040	81.545	46.7207
8389.893251	81.545	46.3535
8390.259462	81.547	45.9531
8390.625673	81.547	45.5615
8390.991884	81.552	45.1670
8391.358095	81.555	44.7217
8391.724306	81.549	44.2891
8392.090517	81.545	43.8916
8392.456728	81.542	43.4863
8392.822938	81.536	43.1162
8393.189149	81.540	42.7725
8393.555360	81.550	42.3428
8393.921571	81.545	41.8672
8394.287782	81.532	41.4951
8394.653993	81.533	41.1885
8395.020204	81.546	40.8057
8395.386415	81.550	40.3457
8395.752626	81.543	39.9160
8396.118837	81.539	39.5645
8396.485048	81.548	39.1973
8396.851259	81.554	38.7305
8397.217470	81.542	38.2939
8397.583681	81.537	37.9844
8397.949892	81.551	37.6191
8398.316103	81.555	37.1250
8398.682314	81.541	36.7178
8399.048525	81.542	36.4014
8399.414736	81.553	35.9834
8399.780947	81.548	35.5332
8400.147158	81.545	35.1680
8400.513369	81.551	34.7451
8400.879580	81.540	34.2764
8401.245791	81.523	33.9785
8401.612002	81.539	33.7119
8401.978213	81.559	33.2139
8402.344424	81.543	32.6895
8402.710635	81.525	32.3916
8403.076846	81.539	32.0977
8403.443057	81.552	31.6299
8403.809267	81.545	31.1738
8404.175478	81.542	30.7910
8404.541689	81.542	30.3672
8404.907900	81.534	29.9678
8405.274111	81.535	29.6357
8405.640322	81.548	29.2129
8406.006533	81.542	28.7119
8406.372744	81.524	28.3457
8406.738955	81.527	28.0732
8407.105166	81.546	27.6641
8407.471377	81.545	27.1484
8407.837588	81.527	26.7520
8408.203799	81.526	26.4785
8408.570010	81.544	26.1123
8408.936221	81.550	25.6182
8409.302432	81.537	25.1895
8409.668643	81.533	24.8838
8410.034854	81.546	24.5371
8410.401065	81.557	24.0752
8410.767276	81.552	23.6084
8411.133487	81.544	23.2119
8411.499698	81.541	22.8428
8411.865909	81.542	22.4570
8412.232120	81.542	22.0518
8412.598331	81.538	21.6465
8412.964542	81.533	21.2812
8413.330753	81.537	20.9170
8413.696964	81.540	20.4912
8414.063175	81.533	20.0771
8414.429386	81.532	19.7217
8414.795597	81.539	19.3066
8415.161807	81.532	18.8359
8415.528018	81.517	18.4824
8415.894229	81.521	18.2080
8416.260440	81.540	17.8164
8416.626651	81.547	17.3066
8416.992862	81.537	16.8398
8417.359073	81.529	16.4736
8417.725284	81.534	16.1104
8418.091495	81.539	15.6797
8418.457706	81.534	15.2588
8418.823917	81.533	14.9082
8419.190128	81.543	14.5156
8419.556339	81.545	14.0518
8419.922550	81.536	13.6699
8420.288761	81.544	13.3418
8420.654972	81.557	12.8770
8421.021183	81.546	12.3770
8421.387394	81.528	12.0537
8421.753605	81.536	11.7656
8422.119816	81.546	11.3398
8422.486027	81.538	10.9297
8422.852238	81.537	10.6172
8423.218449	81.549	10.2432
8423.584660	81.551	9.7998
8423.950871	81.547	9.4141
8424.317082	81.551	9.0498
8424.683293	81.558	8.6221
8425.049504	81.555	8.1699
8425.415715	81.548	7.7559
8425.781926	81.543	7.3701
8426.148136	81.539	6.9893
8426.514347	81.536	6.6318
8426.880558	81.540	6.3018
8427.246769	81.556	5.9072
8427.612980	81.564	5.3984
8427.979191	81.551	4.9189
8428.345402	81.539	4.5811
8428.711613	81.546	4.2627
8429.077824	81.561	3.8340
8429.444035	81.563	3.3311
8429.810246	81.549	2.8652
8430.176457	81.531	2.5312
8430.542668	81.535	2.2676
8430.908879	81.552	1.8740
8431.275090	81.551	1.4004
8431.641301	81.542	1.0586
8432.007512	81.557	0.7021
8432.373723	81.560	0.1758
8432.739934	81.535	-0.2480
8433.106145	81.526	-0.4775
8433.472356	81.542	-0.8037
8433.838567	81.546	-1.2402
8434.204778	81.544	-1.6094
8434.570989	81.554	-1.9883
8434.937200	81.559	-2.4424
8435.303411	81.557	-2.8887
8435.669622	81.553	-3.3242
8436.035833	81.545	-3.7490
8436.402044	81.540	-4.1328
8436.768255	81.540	-4.5498
8437.134466	81.529	-4.9971
8437.500676	81.513	-5.3320
8437.866887	81.515	-5.5977
8438.233098	81.532	-5.9756
8438.599309	81.536	-6.4355
8438.965520	81.531	-6.8311
8439.331731	81.537	-7.1904
8439.697942	81.547	-7.6201
8440.064153	81.547	-8.0820
8440.430364	81.542	-8.4883
8440.796575	81.545	-8.8701
8441.162786	81.548	-9.3086
8441.528997	81.540	-9.7363
8441.895208	81.533	-10.0400
8442.261419	81.553	-10.3604
8442.627630	81.571	-10.8877
8442.993841	81.556	-11.4229
8443.360052	81.538	-11.7490
8443.726263	81.545	-12.0654
8444.092474	81.549	-12.5068
8444.458685	81.540	-12.8740
8444.824896	81.548	-13.1689
8445.191107	81.568	-13.6016
8445.557318	81.569	-14.1211
8445.923529	81.557	-14.5625
8446.289740	81.548	-14.9512
8446.655951	81.541	-15.3135
8447.022162	81.540	-15.6406
8447.388373	81.548	-16.0098
8447.754584	81.550	-16.4346
8448.120795	81.547	-16.8291
8448.487006	81.549	-17.2061
8448.853216	81.551	-17.6152
8449.219427	81.548	-18.0186
8449.585638	81.547	-18.4033
8449.951849	81.546	-18.8057
8450.318060	81.541	-19.1982
8450.684271	81.538	-19.5596
8451.050482	81.539	-19.9229
8451.416693	81.541	-20.2891
8451.782904	81.549	-20.6719
8452.149115	81.556	-21.1260
8452.515326	81.547	-21.6016
8452.881537	81.533	-21.9717
8453.247748	81.532	-22.2861
8453.613959	81.538	-22.6602
8453.980170	81.542	-23.0586
8454.346381	81.548	-23.4746
8454.712592	81.548	-23.9482
8455.078803	81.535	-24.3623
8455.445014	81.533	-24.6807
8455.811225	81.545	-25.0908
8456.177436	81.541	-25.5674
8456.543647	81.531	-25.9307
8456.909858	81.539	-26.2812
8457.276069	81.546	-26.7441
8457.642280	81.539	-27.2021
8458.008491	81.531	-27.5947
8458.374702	81.525	-27.9521
8458.740913	81.529	-28.2822
8459.107124	81.544	-28.6758
8459.473335	81.550	-29.1787
8459.839545	81.540	-29.6494
8460.205756	81.530	-30.0205
8460.571967	81.531	-30.3877
8460.938178	81.532	-30.8066
8461.304389	81.523	-31.2178
8461.670600	81.515	-31.5342
8462.036811	81.527	-31.8369
8462.403022	81.543	-32.2773
8462.769233	81.540	-32.7529
8463.135444	81.535	-33.1328
8463.501655	81.538	-33.5391
8463.867866	81.529	-33.9629
8464.234077	81.520	-34.2520
8464.600288	81.538	-34.5479
8464.966499	81.556	-35.0254
8465.332710	81.550	-35.5273
8465.698921	81.538	-35.9209
8466.065132	81.533	-36.2578
8466.431343	81.538	-36.5889
8466.797554	81.551	-37.0010
8467.163765	81.548	-37.4756
8467.529976	81.537	-37.8369
8467.896187	81.546	-38.1699
8468.262398	81.554	-38.6611
8468.628609	81.535	-39.1084
8468.994820	81.528	-39.3809
8469.361031	81.543	-39.7412
8469.727242	81.544	-40.2207
8470.093453	81.534	-40.5820
8470.459664	81.546	-40.9131
8470.825875	81.559	-41.4023
8471.192085	81.549	-41.9053
8471.558296	81.536	-42.2637
8471.924507	81.542	-42.6025
8472.290718	81.552	-43.0566
8472.656929	81.547	-43.5498
8473.023140	81.532	-43.9521
8473.389351	81.527	-44.2803
8473.755562	81.534	-44.6338
8474.121773	81.542	-45.0537
8474.487984	81.543	-45.5156
8474.854195	81.533	-45.9434
8475.220406	81.526	-46.2793
8475.586617	81.534	-46.6191
8475.952828	81.543	-47.0596
8476.319039	81.537	-47.4922
8476.685250	81.535	-47.8350
8477.051461	81.546	-48.2246
8477.417672	81.547	-48.7012
8477.783883	81.537	-49.1094
8478.150094	81.537	-49.4609
8478.516305	81.540	-49.8770
8478.882516	81.533	-50.2910
8479.248727	81.528	-50.6357
8479.614938	81.532	-50.9951
8479.981149	81.534	-51.3828
8480.347360	81.536	-51.7607
8480.713571	81.541	-52.1572
8481.079782	81.544	-52.5664
8481.445993	81.546	-53.0020
8481.812204	81.536	-53.4463
8482.178414	81.523	-53.7666
8482.544625	81.535	-54.0576
8482.910836	81.550	-54.5352
8483.277047	81.536	-55.0059
8483.643258	81.529	-55.3008
8484.009469	81.545	-55.7021
8484.375680	81.538	-56.2227
8484.741891	81.516	-56.5488
8485.108102	81.526	-56.8076
8485.474313	81.544	-57.2656
8485.840524	81.537	-57.7656
8486.206735	81.524	-58.1338
8486.572946	81.526	-58.4766
8486.939157	81.531	-58.8740
8487.305368	81.533	-59.2979
8487.671579	81.533	-59.7314
8488.037790	81.527	-60.1484
8488.404001	81.523	-60.5127
8488.770212	81.530	-60.8838
8489.136423	81.538	-61.3398
8489.502634	81.531	-61.8066
8489.868845	81.522	-62.1807
8490.235056	81.525	-62.5371
8490.601267	81.531	-62.9551
8490.967478	81.530	-63.3789
8491.333689	81.530	-63.7842
8491.699900	81.528	-64.1836
8492.066111	81.529	-64.5625
8492.432322	81.534	-64.9658
8492.798533	81.533	-65.4062
8493.164744	81.526	-65.7891
8493.530954	81.528	-66.1338
8493.897165	81.535	-66.5400
8494.263376	81.533	-66.9639
8494.629587	81.530	-67.3545
8494.995798	81.527	-67.7402
8495.362009	81.522	-68.0781
8495.728220	81.533	-68.4033
8496.094431	81.547	-68.8652
8496.460642	81.536	-69.3613
8496.826853	81.520	-69.6807
8497.193064	81.531	-69.9863
8497.559275	81.540	-70.4600
8497.925486	81.525	-70.9014
8498.291697	81.518	-71.2002
8498.657908	81.529	-71.5527
8499.024119	81.533	-71.9854
8499.390330	81.533	-72.3750
8499.756541	81.540	-72.7900
8500.122752	81.539	-73.2783
8500.488963	81.523	-73.7002
8500.855174	81.514	-74.0176
8501.221385	81.520	-74.3389
8501.587596	81.530	-74.7158
8501.953807	81.541	-75.1523
8502.320018	81.544	-75.6377
8502.686229	81.534	-76.1006
8503.052440	81.523	-76.4814
8503.418651	81.522	-76.8281
8503.784862	81.525	-77.2178
8504.151073	81.523	-77.6309
8504.517283	81.518	-77.9902
8504.883494	81.523	-78.3213
8505.249705	81.535	-78.7158
8505.615916	81.542	-79.1709
8505.982127	81.541	-79.6270
8506.348338	81.534	-80.0469
8506.714549	81.531	-80.4180
8507.080760	81.537	-80.8066
8507.446971	81.539	-81.2734
8507.813182	81.527	-81.7227
8508.179393	81.515	-82.0791
8508.545604	81.511	-82.4160
8508.911815	81.511	-82.7490
8509.278026	81.519	-83.0820
8509.644237	81.533	-83.5098
8510.010448	81.532	-84.0000
8510.376659	81.519	-84.4043
8510.742870	81.515	-84.7305
8511.109081	81.523	-85.0869
8511.475292	81.531	-85.5234
8511.841503	81.525	-85.9912
8512.207714	81.510	-86.3584
8512.573925	81.512	-86.6299
8512.940136	81.532	-87.0117
8513.306347	81.538	-87.5283
8513.672558	81.525	-87.9727
8514.038769	81.521	-88.3301
8514.404980	81.523	-88.7305
8514.771191	81.519	-89.1484
8515.137402	81.515	-89.5127
8515.503613	81.519	-89.8770
8515.869823	81.525	-90.2910
8516.236034	81.526	-90.7197
8516.602245	81.525	-91.1377
8516.968456	81.522	-91.5615
8517.334667	81.515	-91.9609
8517.700878	81.512	-92.2979
8518.067089	81.522	-92.6602
8518.433300	81.529	-93.1221
8518.799511	81.520	-93.5645
8519.165722	81.514	-93.9062
8519.531933	81.522	-94.2695
8519.898144	81.525	-94.7100
8520.264355	81.518	-95.1045
8520.630566	81.521	-95.4424
8520.996777	81.533	-95.8711
8521.362988	81.528	-96.3730
8521.729199	81.509	-96.7529
8522.095410	81.508	-97.0195
8522.461621	81.525	-97.4102
8522.827832	81.523	-97.9209
8523.194043	81.503	-98.3008
8523.560254	81.502	-98.5732
8523.926465	81.514	-98.9531
8524.292676	81.513	-99.3828
8524.658887	81.512	-99.7393
8525.025098	81.523	-100.1396
8525.391309	81.522	-100.6201
8525.757520	81.511	-101.0195
8526.123731	81.512	-101.3525
8526.489942	81.522	-101.7705
8526.856153	81.519	-102.2422
8527.222363	81.509	-102.6377
8527.588574	81.507	-102.9717
8527.954785	81.516	-103.3477
8528.320996	81.520	-103.7754
8528.687207	81.520	-104.1807
8529.053418	81.525	-104.5693
8529.419629	81.531	-105.0010
8529.785840	81.533	-105.4492
8530.152051	81.534	-105.9014
8530.518262	81.527	-106.3760
8530.884473	81.508	-106.7715
8531.250684	81.501	-107.0469
8531.616895	81.516	-107.3818
8531.983106	81.526	-107.8496
8532.349317	81.520	-108.3242
8532.715528	81.505	-108.7354
8533.081739	81.491	-109.0352
8533.447950	81.501	-109.2881
8533.814161	81.524	-109.7188
8534.180372	81.520	-110.2461
8534.546583	81.505	-110.5869
8534.912794	81.521	-110.9180
8535.279005	81.530	-111.4678
8535.645216	81.503	-111.9248
8536.011427	81.495	-112.1494
8536.377638	81.520	-112.5020
8536.743849	81.526	-113.0498
8537.110060	81.508	-113.4902
8537.476271	81.505	-113.8145
8537.842482	81.513	-114.2256
8538.208692	81.506	-114.6738
8538.574903	81.496	-115.0146
8538.941114	81.503	-115.3398
8539.307325	81.511	-115.7549
8539.673536	81.511	-116.1660
8540.039747	81.516	-116.5576
8540.405958	81.520	-117.0234
8540.772169	81.508	-117.4648
8541.138380	81.500	-117.7959
8541.504591	81.505	-118.1680
8541.870802	81.499	-118.5713
8542.237013	81.497	-118.8584
8542.603224	81.520	-119.2109
8542.969435	81.531	-119.7686
8543.335646	81.509	-120.2412
8543.701857	81.500	-120.5205
8544.068068	81.515	-120.8779
8544.434279	81.519	-121.3457
8544.800490	81.515	-121.7676
8545.166701	81.515	-122.1777
8545.532912	81.512	-122.6104
8545.899123	81.507	-123.0127
8546.265334	81.504	-123.4160
8546.631545	81.496	-123.7949
8546.997756	81.496	-124.1025
8547.363967	81.514	-124.4863
8547.730178	81.520	-125.0029
8548.096389	81.505	-125.4619
8548.462600	81.495	-125.8105
8548.828811	81.496	-126.1621
8549.195022	81.498	-126.5381
8549.561232	81.501	-126.9375
8549.927443	81.499	-127.3457
8550.293654	81.497	-127.7129
8550.659865	81.502	-128.0879
8551.026076	81.503	-128.5166
8551.392287	81.497	-128.9014
8551.758498	81.501	-129.2383
8552.124709	81.513	-129.6729
8552.490920	81.508	-130.1719
8552.857131	81.489	-130.5381
8553.223342	81.492	-130.7959
8553.589553	81.515	-131.1865
8553.955764	81.521	-131.7275
8554.321975	81.505	-132.1836
8554.688186	81.499	-132.5342
8555.054397	81.501	-132.9375
8555.420608	81.494	-133.3398
8555.786819	81.493	-133.6689
8556.153030	81.506	-134.0732
8556.519241	81.504	-134.5674
8556.885452	81.488	-134.9600
8557.251663	81.487	-135.2793
8557.617874	81.491	-135.6699
8557.984085	81.486	-136.0508
8558.350296	81.488	-136.3721
8558.716507	81.501	-136.7744
8559.082718	81.499	-137.2373
8559.448929	81.489	-137.6094
8559.815140	81.492	-137.9434
8560.181351	81.497	-138.3340
8560.547561	81.499	-138.7256
8560.913772	81.506	-139.1289
8561.279983	81.508	-139.5928
8561.646194	81.498	-140.0264
8562.012405	81.491	-140.3887
8562.378616	81.492	-140.7617
8562.744827	81.493	-141.1621
8563.111038	81.493	-141.5703
8563.477249	81.491	-141.9844
8563.843460	81.487	-142.3672
8564.209671	81.489	-142.7393
8564.575882	81.493	-143.1670
8564.942093	81.487	-143.5938
8565.308304	81.482	-143.9443
8565.674515	81.489	-144.2773
8566.040726	81.505	-144.7021
8566.406937	81.508	-145.2109
8566.773148	81.496	-145.6523
8567.139359	81.493	-146.0029
8567.505570	81.498	-146.4268
8567.871781	81.488	-146.8750
8568.237992	81.477	-147.1758
8568.604203	81.491	-147.4844
8568.970414	81.505	-147.9590
8569.336625	81.497	-148.4297
8569.702836	81.490	-148.8242
8570.069047	81.481	-149.2021
8570.435258	81.477	-149.4922
8570.801469	81.498	-149.8301
8571.167680	81.509	-150.3857
8571.533891	81.483	-150.8525
8571.900101	81.475	-151.0898
8572.266312	81.498	-151.4590
8572.632523	81.501	-152.0029
8572.998734	81.485	-152.4443
8573.364945	81.478	-152.8340
8573.731156	81.465	-153.2256
8574.097367	81.457	-153.5146
8574.463578	81.469	-153.8340
8574.829789	81.478	-154.2832
8575.196000	81.475	-154.7031
8575.562211	81.478	-155.0928
8575.928422	81.479	-155.5625
8576.294633	81.464	-155.9824
8576.660844	81.457	-156.2715
8577.027055	81.472	-156.6152
8577.393266	81.480	-157.0947
8577.759477	81.469	-157.5371
8578.125688	81.464	-157.8574
8578.491899	81.476	-158.2080
8578.858110	81.486	-158.6660
8579.224321	81.484	-159.1279
8579.590532	81.478	-159.5439
8579.956743	81.474	-159.9268
8580.322954	81.477	-160.2949
8580.689165	81.484	-160.7402
8581.055376	81.473	-161.2100
8581.421587	81.458	-161.5195
8581.787798	81.472	-161.8018
8582.154009	81.489	-162.2734
8582.520220	81.482	-162.7480
8582.886431	81.478	-163.1094
8583.252641	81.484	-163.5371
8583.618852	81.473	-163.9736
8583.985063	81.467	-164.2764
8584.351274	81.483	-164.6309
8584.717485	81.490	-165.1260
8585.083696	81.478	-165.5674
8585.449907	81.472	-165.9180
8585.816118	81.475	-166.2900
8586.182329	81.477	-166.7070
8586.548540	81.471	-167.1396
8586.914751	81.460	-167.5137
8587.280962	81.458	-167.8174
8587.647173	81.469	-168.2021
8588.013384	81.466	-168.6592
8588.379595	81.456	-168.9951
8588.745806	81.469	-169.3252
8589.112017	81.478	-169.8359
8589.478228	81.458	-170.2949
8589.844439	81.448	-170.5586
8590.210650	81.466	-170.8965
8590.576861	81.473	-171.3818
8590.943072	81.466	-171.8037
8591.309283	81.468	-172.1787
8591.675494	81.473	-172.6211
8592.041705	81.469	-173.0635
8592.407916	81.465	-173.4707
8592.774127	81.463	-173.8955
8593.140338	81.454	-174.3125
8593.506549	81.444	-174.6660
8593.872760	81.444	-174.9717
8594.238970	81.455	-175.3018
8594.605181	81.470	-175.7227
8594.971392	81.475	-176.2070
8595.337603	81.468	-176.6582
8595.703814	81.461	-177.0449
8596.070025	81.460	-177.4219
8596.436236	81.459	-177.8096
8596.802447	81.458	-178.1914
8597.168658	81.460	-178.5859
8597.534869	81.458	-178.9922
8597.901080	81.455	-179.3633
8598.267291	81.459	-179.7402
8598.633502	81.460	179.8340
8598.999713	81.456	179.4287
8599.365924	81.456	179.0420
8599.732135	81.454	178.6221
8600.098346	81.447	178.2441
8600.464557	81.452	177.8916
8600.830768	81.458	177.4434
8601.196979	81.448	177.0000
8601.563190	81.442	176.6689
8601.929401	81.453	176.2822
8602.295612	81.451	175.7949
8602.661823	81.435	175.4131
8603.028034	81.436	175.1387
8603.394245	81.455	174.7432
8603.760456	81.456	174.2324
8604.126667	81.441	173.8389
8604.492878	81.445	173.5254
8604.859089	81.456	173.0742
8605.225300	81.444	172.6172
8605.591510	81.436	172.3291
8605.957721	81.453	171.9727
8606.323932	81.455	171.4873
8606.690143	81.447	171.1172
8607.056354	81.459	170.7354
8607.422565	81.455	170.2031
8607.788776	81.428	169.8438
8608.154987	81.432	169.6406
8608.521198	81.457	169.2158
8608.887409	81.451	168.7021
8609.253620	81.440	168.3691
8609.619831	81.454	168.0107
8609.986042	81.459	167.5117
8610.352253	81.446	167.0713
8610.718464	81.441	166.7100
8611.084675	81.442	166.3086
8611.450886	81.436	165.9033
8611.817097	81.432	165.5635
8612.183308	81.442	165.2061
8612.549519	81.450	164.7461
8612.915730	81.443	164.2832
8613.281941	81.435	163.9150
8613.648152	81.439	163.5420
8614.014363	81.440	163.1084
8614.380574	81.432	162.7168
8614.746785	81.432	162.3818
8615.112996	81.441	161.9980
8615.479207	81.444	161.5508
8615.845418	81.436	161.1338
8616.211629	81.432	160.7988
8616.577839	81.443	160.4355
8616.944050	81.450	159.9609
8617.310261	81.438	159.5195
8617.676472	81.433	159.1934
8618.042683	81.443	158.8076
8618.408894	81.442	158.3223
8618.775105	81.427	157.9092
8619.141316	81.418	157.5889
8619.507527	81.422	157.2549
8619.873738	81.428	156.8711
8620.239949	81.430	156.4531
8620.606160	81.426	156.0547
8620.972371	81.427	155.6973
8621.338582	81.437	155.2920
8621.704793	81.440	154.8105
8622.071004	81.432	154.3564
8622.437215	81.423	153.9463
8622.803426	81.412	153.5557
8623.169637	81.404	153.2383
8623.535848	81.414	152.9189
8623.902059	81.426	152.4756
8624.268270	81.421	152.0225
8624.634481	81.418	151.6484
8625.000692	81.422	151.2314
8625.366903	81.416	150.7988
8625.733114	81.411	150.4678
8626.099325	81.424	150.1084
8626.465536	81.434	149.6211
8626.831747	81.427	149.1367
8627.197958	81.416	148.7305
8627.564169	81.410	148.3711
8627.930379	81.413	148.0098
8628.296590	81.417	147.5771
8628.662801	81.408	147.1455
8629.029012	81.400	146.8232
8629.395223	81.410	146.5010
8629.761434	81.423	146.0586
8630.127645	81.420	145.5811
8630.493856	81.410	145.1729
8630.860067	81.405	144.8281
8631.226278	81.410	144.4746
8631.592489	81.415	144.0498
8631.958700	81.408	143.6250
8632.324911	81.402	143.2891
8632.691122	81.411	142.9570
8633.057333	81.424	142.5264
8633.423544	81.423	142.0410
8633.789755	81.410	141.6182
8634.155966	81.402	141.2998
8634.522177	81.412	140.9629
8634.888388	81.421	140.5020
8635.254599	81.409	140.0635
8635.620810	81.405	139.7500
8635.987021	81.418	139.3779
8636.353232	81.420	138.9023
8636.719443	81.412	138.5049
8637.085654	81.416	138.1328
8637.451865	81.416	137.6748
8637.818076	81.402	137.2871
8638.184287	81.402	137.0059
8638.550498	81.420	136.6309
8638.916708	81.430	136.1484
8639.282919	81.429	135.6592
8639.649130	81.419	135.1797
8640.015341	81.401	134.7891
8640.381552	81.396	134.4844
8640.747763	81.403	134.1006
8641.113974	81.398	133.6797
8641.480185	81.395	133.3438
8641.846396	81.406	132.9561
8642.212607	81.405	132.4766
8642.578818	81.391	132.0811
8642.945029	81.387	131.7578
8643.311240	81.392	131.4023
8643.677451	81.399	131.0225
8644.043662	81.408	130.5762
8644.409873	81.401	130.0918
8644.776084	81.385	129.7305
8645.142295	81.389	129.4316
8645.508506	81.401	129.0098
8645.874717	81.398	128.5312
8646.240928	81.386	128.1436
8646.607139	81.384	127.8076
8646.973350	81.391	127.4277
8647.339561	81.394	126.9785
8647.705772	81.384	126.5391
8648.071983	81.373	126.2080
8648.438194	81.379	125.9072
8648.804405	81.393	125.4912
8649.170616	81.392	125.0322
8649.536827	81.388	124.6475
8649.903038	81.393	124.2646
8650.269248	81.398	123.8281
8650.635459	81.398	123.3867
8651.001670	81.397	122.9336
8651.367881	81.387	122.4697
8651.734092	81.371	122.0898
8652.100303	81.367	121.7744
8652.466514	81.373	121.3906
8652.832725	81.368	120.9678
8653.198936	81.359	120.6387
8653.565147	81.368	120.3457
8653.931358	81.386	119.9287
8654.297569	81.388	119.4385
8654.663780	81.381	119.0283
8655.029991	81.384	118.6562
8655.396202	81.389	118.2148
8655.762413	81.382	117.7656
8656.128624	81.374	117.3799
8656.494835	81.370	117.0273
8656.861046	81.372	116.6963
8657.227257	81.387	116.3145
8657.593468	81.395	115.8105
8657.959679	81.382	115.3320
8658.325890	81.370	114.9736
8658.692101	81.369	114.6016
8659.058312	81.362	114.2227
8659.424523	81.362	113.9082
8659.790734	81.373	113.5293
8660.156945	81.374	113.0762
8660.523156	81.370	112.6934
8660.889367	81.376	112.2959
8661.255578	81.373	111.8066
8661.621788	81.351	111.4160
8661.987999	81.345	111.1641
8662.354210	81.361	110.8447
8662.720421	81.373	110.4023
8663.086632	81.374	109.9404
8663.452843	81.369	109.5059
8663.819054	81.362	109.1064
8664.185265	81.359	108.7373
8664.551476	81.361	108.3389
8664.917687	81.357	107.9160
8665.283898	81.348	107.5566
8665.650109	81.351	107.2354
8666.016320	81.362	106.8369
8666.382531	81.362	106.3809
8666.748742	81.352	105.9951
8667.114953	81.354	105.6777
8667.481164	81.368	105.2764
8667.847375	81.370	104.7764
8668.213586	81.355	104.3584
8668.579797	81.352	104.0381
8668.946008	81.361	103.6221
8669.312219	81.352	103.1504
8669.678430	81.336	102.8154
8670.044641	81.341	102.5195
8670.410852	81.352	102.1016
8670.777063	81.349	101.6523
8671.143274	81.342	101.2441
8671.509485	81.334	100.8604
8671.875696	81.330	100.5293
8672.241907	81.340	100.1787
8672.608117	81.348	99.7100
8672.974328	81.340	99.2432
8673.340539	81.331	98.8535
8673.706750	81.325	98.4697
8674.072961	81.320	98.1191
8674.439172	81.328	97.7910
8674.805383	81.342	97.3418
8675.171594	81.337	96.8398
8675.537805	81.326	96.4648
8675.904016	81.333	96.1055
8676.270227	81.338	95.6250
8676.636438	81.325	95.1777
8677.002649	81.317	94.8496
8677.368860	81.324	94.4854
8677.735071	81.324	94.0576
8678.101282	81.319	93.6934
8678.467493	81.326	93.3574
8678.833704	81.337	92.9336
8679.199915	81.336	92.4805
8679.566126	81.331	92.0918
8679.932337	81.334	91.7178
8680.298548	81.338	91.2900
8680.664759	81.333	90.8467
8681.030970	81.321	90.4648
8681.397181	81.316	90.1572
8681.763392	81.326	89.8369
8682.129603	81.341	89.4111
8682.495814	81.342	88.9316
8682.862025	81.335	88.5137
8683.228236	81.337	88.1299
8683.594447	81.342	87.6680
8683.960657	81.330	87.1631
8684.326868	81.305	86.7861
8684.693079	81.298	86.5518
8685.059290	81.317	86.2490
8685.425501	81.332	85.7695
8685.791712	81.325	85.2832
8686.157923	81.315	84.9258
8686.524134	81.322	84.5918
8686.890345	81.333	84.1504
8687.256556	81.328	83.6836
8687.622767	81.319	83.3252
8687.988978	81.327	82.9854
8688.355189	81.336	82.5312
8688.721400	81.328	82.0811
8689.087611	81.324	81.7334
8689.453822	81.331	81.3340
8689.820033	81.326	80.8721
8690.186244	81.312	80.5088
8690.552455	81.313	80.1816
8690.918666	81.314	79.7891
8691.284877	81.310	79.4258
8691.651088	81.316	79.0605
8692.017299	81.318	78.6123
8692.383510	81.306	78.2129
8692.749721	81.305	77.8789
8693.115932	81.311	77.4619
8693.482143	81.304	77.0283
8693.848354	81.299	76.6729
8694.214565	81.305	76.2686
8694.580776	81.300	75.8008
8694.946986	81.287	75.4199
8695.313197	81.288	75.0918
8695.679408	81.298	74.6504
8696.045619	81.287	74.1582
8696.411830	81.266	73.8418
8696.778041	81.279	73.6143
8697.144252	81.311	73.1406
8697.510463	81.303	72.5225
8697.876674	81.274	72.1543
8698.242885	81.280	71.9023
8698.609096	81.296	71.4541
8698.975307	81.288	70.9863
8699.341518	81.283	70.6436
8699.707729	81.291	70.2324
8700.073940	81.282	69.7812
8700.440151	81.270	69.4629
8700.806362	81.280	69.1650
8701.172573	81.295	68.7246
8701.538784	81.289	68.2295
8701.904995	81.270	67.8545
8702.271206	81.265	67.6045
8702.637417	81.284	67.2920
8703.003628	81.300	66.8184
8703.369839	81.296	66.3340
8703.736050	81.288	65.9307
8704.102261	81.286	65.5312
8704.468472	81.282	65.1338
8704.834683	81.281	64.7656
8705.200894	81.286	64.3467
8705.567105	81.281	63.8906
8705.933316	81.271	63.5107
8706.299526	81.271	63.1709
8706.665737	81.277	62.7783
8707.031948	81.278	62.3574
8707.398159	81.279	61.9531
8707.764370	81.280	61.5459
8708.130581	81.281	61.1230
8708.496792	81.278	60.7012
8708.863003	81.274	60.3125
8709.229214	81.274	59.9590
8709.595425	81.282	59.5684
8709.961636	81.284	59.1172
8710.327847	81.276	58.7168
8710.694058	81.277	58.3975
8711.060269	81.293	57.9971
8711.426480	81.294	57.4863
8711.792691	81.277	57.0801
8712.158902	81.277	56.7881
8712.525113	81.291	56.3740
8712.891324	81.285	55.8848
8713.257535	81.271	55.5420
8713.623746	81.281	55.2227
8713.989957	81.290	54.7373
8714.356168	81.274	54.2598
8714.722379	81.257	53.9531
8715.088590	81.265	53.6650
8715.454801	81.280	53.2217
8715.821012	81.271	52.6992
8716.187223	81.242	52.3408
8716.553434	81.238	52.1631
8716.919645	81.267	51.8545
8717.285856	81.282	51.3252
8717.652066	81.269	50.8516
8718.018277	81.263	50.5010
8718.384488	81.265	50.1211
8718.750699	81.264	49.7471
8719.116910	81.273	49.3896
8719.483121	81.286	48.9141
8719.849332	81.277	48.3994
8720.215543	81.261	48.0215
8720.581754	81.260	47.6914
8720.947965	81.264	47.2832
8721.314176	81.258	46.8789
8721.680387	81.256	46.5264
8722.046598	81.259	46.1523
8722.412809	81.261	45.7539
8722.779020	81.262	45.3730
8723.145231	81.268	44.9727
8723.511442	81.271	44.5234
8723.877653	81.264	44.0850
8724.243864	81.255	43.7119
8724.610075	81.256	43.3652
8724.976286	81.261	42.9795
8725.342497	81.265	42.5547
8725.708708	81.263	42.1211
8726.074919	81.258	41.7021
8726.441130	81.251	41.3076
8726.807341	81.246	40.9395
8727.173552	81.245	40.6016
8727.539763	81.255	40.2500
8727.905974	81.267	39.7812
8728.272185	81.258	39.2686
8728.638395	81.239	38.8984
8729.004606	81.239	38.6006
8729.370817	81.247	38.2070
8729.737028	81.245	37.7939
8730.103239	81.245	37.4248
8730.469450	81.249	37.0225
8730.835661	81.248	36.6221
8731.201872	81.250	36.2490
8731.568083	81.256	35.8350
8731.934294	81.257	35.4170
8732.300505	81.263	34.9844
8732.666716	81.258	34.4658
8733.032927	81.231	34.0488
8733.399138	81.218	33.8418
8733.765349	81.241	33.5518
8734.131560	81.254	33.0518
8734.497771	81.242	32.6055
8734.863982	81.239	32.2861
8735.230193	81.251	31.8936
8735.596404	81.252	31.4082
8735.962615	81.238	30.9932
8736.328826	81.232	30.6719
8736.695037	81.239	30.3135
8737.061248	81.243	29.8936
8737.427459	81.242	29.4873
8737.793670	81.244	29.0723
8738.159881	81.238	28.6387
8738.526092	81.230	28.2812
8738.892303	81.237	27.9395
8739.258514	81.248	27.4648
8739.624725	81.234	26.9580
8739.990935	81.212	26.6143
8740.357146	81.211	26.3750
8740.723357	81.233	26.0244
8741.089568	81.244	25.5049
8741.455779	81.230	25.0195
8741.821990	81.219	24.6865
8742.188201	81.226	24.3291
8742.554412	81.227	23.8809
8742.920623	81.219	23.5068
8743.286834	81.226	23.1621
8743.653045	81.233	22.7041
8744.019256	81.222	22.2646
8744.385467	81.216	21.9375
8744.751678	81.225	21.5762
8745.117889	81.228	21.1377
8745.484100	81.221	20.7383
8745.850311	81.220	20.4023
8746.216522	81.230	20.0381
8746.582733	81.238	19.5869
8746.948944	81.233	19.1289
8747.315155	81.226	18.7441
8747.681366	81.225	18.3564
8748.047577	81.218	17.9600
8748.413788	81.216	17.6475
8748.779999	81.234	17.2773
8749.146210	81.240	16.7295
8749.512421	81.216	16.2607
8749.878632	81.203	15.9863
8750.244843	81.215	15.6396
8750.611054	81.214	15.1738
8750.977264	81.201	14.8047
8751.343475	81.203	14.5010
8751.709686	81.213	14.1260
8752.075897	81.221	13.7129
8752.442108	81.228	13.2734
8752.808319	81.227	12.7920
8753.174530	81.217	12.3574
8753.540741	81.210	11.9854
8753.906952	81.209	11.6006
8754.273163	81.205	11.2295
8754.639374	81.209	10.8809
8755.005585	81.218	10.4512
8755.371796	81.211	9.9834
8755.738007	81.198	9.6357
8756.104218	81.203	9.3467
8756.470429	81.218	8.9355
8756.836640	81.218	8.4668
8757.202851	81.211	8.0811
8757.569062	81.215	7.7051
8757.935273	81.217	7.2725
8758.301484	81.213	6.8594
8758.667695	81.212	6.4648
8759.033906	81.209	6.0439
8759.400117	81.202	5.6543
8759.766328	81.201	5.2891
8760.132539	81.201	4.8789
8760.498750	81.193	4.4834
8760.864961	81.188	4.1543
8761.231172	81.194	3.8115
8761.597383	81.201	3.4160
8761.963594	81.204	2.9951
8762.329804	81.203	2.5654
8762.696015	81.197	2.1729
8763.062226	81.197	1.8213
8763.428437	81.205	1.4141
8763.794648	81.203	0.9424
8764.160859	81.188	0.5381
8764.527070	81.181	0.2324
8764.893281	81.189	-0.1025
8765.259492	81.194	-0.5176
8765.625703	81.192	-0.9189
8765.991914	81.196	-1.2881
8766.358125	81.203	-1.7266
8766.724336	81.197	-2.2002
8767.090547	81.185	-2.5898
8767.456758	81.182	-2.9404
8767.822969	81.183	-3.3359
8768.189180	81.178	-3.7217
8768.555391	81.179	-4.0840
8768.921602	81.182	-4.4863
8769.287813	81.179	-4.8887
8769.654024	81.179	-5.2441
8770.020235	81.190	-5.6436
8770.386446	81.193	-6.1240
8770.752657	81.183	-6.5752
8771.118868	81.175	-6.9434
8771.485079	81.175	-7.3086
8771.851290	81.176	-7.7051
8772.217501	81.175	-8.0869
8772.583712	81.179	-8.4580
8772.949923	81.187	-8.8730
8773.316133	81.191	-9.3359
8773.682344	81.185	-9.8105
8774.048555	81.169	-10.2207
8774.414766	81.160	-10.5146
8774.780977	81.175	-10.8281
8775.147188	81.189	-11.3271
8775.513399	81.173	-11.8389
8775.879610	81.153	-12.1455
8776.245821	81.162	-12.4219
8776.612032	81.173	-12.8535
8776.978243	81.165	-13.2666
8777.344454	81.167	-13.5713
8777.710665	81.186	-13.9727
8778.076876	81.189	-14.5088
8778.443087	81.170	-14.9531
8778.809298	81.161	-15.2568
8779.175509	81.168	-15.6143
8779.541720	81.167	-16.0547
8779.907931	81.154	-16.4141
8780.274142	81.156	-16.7051
8780.640353	81.169	-17.0840
8781.006564	81.171	-17.5273
8781.372775	81.165	-17.9180
8781.738986	81.167	-18.2900
8782.105197	81.168	-18.7119
8782.471408	81.160	-19.1172
8782.837619	81.156	-19.4590
8783.203830	81.162	-19.8291
8783.570041	81.161	-20.2598
8783.936252	81.155	-20.6338
8784.302463	81.163	-20.9902
8784.668673	81.170	-21.4883
8785.034884	81.150	-21.9795
8785.401095	81.130	-22.2520
8785.767306	81.144	-22.5273
8786.133517	81.157	-23.0186
8786.499728	81.141	-23.4746
8786.865939	81.134	-23.7471
8787.232150	81.154	-24.0928
8787.598361	81.163	-24.6104
8787.964572	81.149	-25.0762
8788.330783	81.141	-25.4033
8788.696994	81.149	-25.7568
8789.063205	81.154	-26.2051
8789.429416	81.146	-26.6045
8789.795627	81.149	-26.9248
8790.161838	81.166	-27.3477
8790.528049	81.166	-27.8828
8790.894260	81.146	-28.3115
8791.260471	81.136	-28.6074
8791.626682	81.144	-28.9336
8791.992893	81.153	-29.3398
8792.359104	81.156	-29.7920
8792.725315	81.147	-30.2412
8793.091526	81.134	-30.5928
8793.457737	81.137	-30.8877
8793.823948	81.152	-31.2930
8794.190159	81.151	-31.7910
8794.556370	81.137	-32.2031
8794.922581	81.132	-32.5264
8795.288792	81.138	-32.9092
8795.655003	81.134	-33.3311
8796.021213	81.129	-33.6660
8796.387424	81.142	-34.0039
8796.753635	81.154	-34.4980
8797.119846	81.141	-34.9844
8797.486057	81.129	-35.3105
8797.852268	81.137	-35.6592
8798.218479	81.137	-36.1055
8798.584690	81.128	-36.4736
8798.950901	81.134	-36.8057
8799.317112	81.142	-37.2246
8799.683323	81.142	-37.6406
8800.049534	81.146	-38.0557
8800.415745	81.143	-38.5391
8800.781956	81.124	-38.9258
8801.148167	81.124	-39.1953
8801.514378	81.140	-39.6016
8801.880589	81.135	-40.0889
8802.246800	81.125	-40.4365
8802.613011	81.135	-40.7930
8802.979222	81.139	-41.2891
8803.345433	81.122	-41.7197
8803.711644	81.115	-42.0322
8804.077855	81.120	-42.3857
8804.444066	81.123	-42.7734
8804.810277	81.130	-43.1553
8805.176488	81.137	-43.6094
8805.542699	81.130	-44.0781
8805.908910	81.121	-44.4531
8806.275121	81.122	-44.8252
8806.641332	81.118	-45.2451
8807.007542	81.109	-45.5947
8807.373753	81.115	-45.9092
8807.739964	81.125	-46.3350
8808.106175	81.117	-46.7783
8808.472386	81.109	-47.1016
8808.838597	81.119	-47.4219
8809.204808	81.130	-47.8584
8809.571019	81.127	-48.3242
8809.937230	81.116	-48.7246
8810.303441	81.110	-49.0596
8810.669652	81.117	-49.3926
8811.035863	81.129	-49.8066
8811.402074	81.132	-50.2842
8811.768285	81.127	-50.7520
8812.134496	81.116	-51.2002
8812.500707	81.099	-51.5889
8812.866918	81.090	-51.8887
8813.233129	81.098	-52.2168
8813.599340	81.105	-52.6396
8813.965551	81.103	-53.0781
8814.331762	81.095	-53.4785
8814.697973	81.090	-53.8291
8815.064184	81.095	-54.1689
8815.430395	81.103	-54.5762
8815.796606	81.102	-55.0020
8816.162817	81.100	-55.3730
8816.529028	81.107	-55.7637
8816.895239	81.109	-56.2031
8817.261450	81.104	-56.6152
8817.627661	81.102	-57.0020
8817.993872	81.100	-57.3955
8818.360082	81.096	-57.7822
8818.726293	81.092	-58.1377
8819.092504	81.095	-58.4697
8819.458715	81.106	-58.8652
8819.824926	81.105	-59.3301
8820.191137	81.094	-59.7061
8820.557348	81.100	-60.0352
8820.923559	81.109	-60.4980
8821.289770	81.095	-60.9541
8821.655981	81.085	-61.2471
8822.022192	81.101	-61.5938
8822.388403	81.105	-62.0918
8822.754614	81.090	-62.5107
8823.120825	81.087	-62.8193
8823.487036	81.096	-63.2041
8823.853247	81.095	-63.6436
8824.219458	81.088	-64.0137
8824.585669	81.092	-64.3633
8824.951880	81.098	-64.7686
8825.318091	81.099	-65.2002
8825.684302	81.094	-65.6201
8826.050513	81.086	-65.9932
8826.416724	81.084	-66.3115
8826.782935	81.095	-66.6689
8827.149146	81.102	-67.1113
8827.515357	81.099	-67.5391
8827.881568	81.099	-67.9463
8828.247779	81.096	-68.4121
8828.613990	81.076	-68.8301
8828.980201	81.062	-69.0869
8829.346411	81.077	-69.3584
8829.712622	81.095	-69.8213
8830.078833	81.086	-70.3066
8830.445044	81.078	-70.6484
8830.811255	81.090	-71.0303
8831.177466	81.090	-71.5439
8831.543677	81.070	-71.9561
8831.909888	81.068	-72.2451
8832.276099	81.081	-72.6602
8832.642310	81.072	-73.1484
8833.008521	81.055	-73.4785
8833.374732	81.063	-73.7529
8833.740943	81.081	-74.1709
8834.107154	81.082	-74.6572
8834.473365	81.072	-75.0811
8834.839576	81.065	-75.4482
8835.205787	81.064	-75.7803
8835.571998	81.074	-76.1260
8835.938209	81.085	-76.5820
8836.304420	81.075	-77.0674
8836.670631	81.058	-77.3945
8837.036842	81.065	-77.6650
8837.403053	81.082	-78.0840
8837.769264	81.081	-78.5410
8838.135475	81.082	-78.9277
8838.501686	81.090	-79.4131
8838.867897	81.072	-79.9502
8839.234108	81.041	-80.2705
8839.600319	81.042	-80.4844
8839.966530	81.059	-80.8711
8840.332741	81.055	-81.3320
8840.698951	81.047	-81.6855
8841.065162	81.052	-82.0371
8841.431373	81.055	-82.4580
8841.797584	81.053	-82.8584
8842.163795	81.054	-83.2539
8842.530006	81.051	-83.6719
8842.896217	81.044	-84.0332
8843.262428	81.048	-84.3672
8843.628639	81.057	-84.7793
8843.994850	81.055	-85.2158
8844.361061	81.050	-85.5811
8844.727272	81.057	-85.9424
8845.093483	81.063	-86.3838
8845.459694	81.056	-86.8223
8845.825905	81.050	-87.1738
8846.192116	81.057	-87.5488
8846.558327	81.056	-88.0098
8846.924538	81.040	-88.4004
8847.290749	81.036	-88.6807
8847.656960	81.048	-89.0137
8848.023171	81.059	-89.4365
8848.389382	81.063	-89.9033
8848.755593	81.053	-90.3750
8849.121804	81.034	-90.7246
8849.488015	81.036	-90.9795
8849.854226	81.057	-91.3594
8850.220437	81.063	-91.8750
8850.586648	81.050	-92.3516
8850.952859	81.034	-92.7148
8851.319070	81.032	-93.0205
8851.685281	81.040	-93.4043
8852.051491	81.034	-93.8320
8852.417702	81.028	-94.1436
8852.783913	81.045	-94.5029
8853.150124	81.046	-95.0332
8853.516335	81.020	-95.4219
8853.882546	81.019	-95.6309
8854.248757	81.043	-96.0059
8854.614968	81.046	-96.5098
8854.981179	81.038	-96.9199
8855.347390	81.037	-97.3174
8855.713601	81.030	-97.7344
8856.079812	81.022	-98.0840
8856.446023	81.026	-98.4307
8856.812234	81.029	-98.8379
8857.178445	81.027	-99.2402
8857.544656	81.027	-99.6211
8857.910867	81.030	-100.0312
8858.277078	81.026	-100.4619
8858.643289	81.019	-100.8291
8859.009500	81.023	-101.1611
8859.375711	81.034	-101.5771
8859.741922	81.033	-102.0244
8860.108133	81.031	-102.4170
8860.474344	81.033	-102.8232
8860.840555	81.030	-103.2305
8861.206766	81.032	-103.5889
8861.572977	81.042	-104.0215
8861.939188	81.035	-104.5146
8862.305399	81.017	-104.8730
8862.671610	81.019	-105.1504
8863.037820	81.033	-105.5303
8863.404031	81.036	-105.9805
8863.770242	81.030	-106.4014
8864.136453	81.022	-106.7656
8864.502664	81.024	-107.0977
8864.868875	81.032	-107.4902
8865.235086	81.031	-107.9434
8865.601297	81.020	-108.3184
8865.967508	81.023	-108.6357
8866.333719	81.035	-109.0654
8866.699930	81.029	-109.5557
8867.066141	81.014	-109.9453
8867.432352	81.009	-110.2900
8867.798563	81.007	-110.6621
8868.164774	81.005	-111.0049
8868.530985	81.016	-111.3838
8868.897196	81.018	-111.8770
8869.263407	80.999	-112.3018
8869.629618	80.990	-112.5723
8869.995829	81.004	-112.9092
8870.362040	81.006	-113.3594
8870.728251	80.997	-113.7080
8871.094462	81.008	-114.0020
8871.460673	81.028	-114.4531
8871.826884	81.025	-114.9688
8872.193095	81.012	-115.3623
8872.559306	81.010	-115.7109
8872.925517	81.011	-116.0859
8873.291728	81.013	-116.4365
8873.657939	81.026	-116.8408
8874.024150	81.027	-117.3574
8874.390360	81.006	-117.7998
8874.756571	80.992	-118.0879
8875.122782	80.997	-118.4004
8875.488993	81.002	-118.7979
8875.855204	80.998	-119.1846
8876.221415	80.998	-119.5410
8876.587626	81.002	-119.9072
8876.953837	81.008	-120.3154
8877.320048	81.007	-120.7588
8877.686259	81.000	-121.1465
8878.052470	81.003	-121.4902
8878.418681	81.014	-121.9297
8878.784892	81.009	-122.4346
8879.151103	80.990	-122.8389
8879.517314	80.982	-123.1455
8879.883525	80.987	-123.4727
8880.249736	80.995	-123.8525
8880.615947	80.999	-124.2617
8880.982158	81.002	-124.6758
8881.348369	81.002	-125.0879
8881.714580	81.002	-125.4961
8882.080791	81.002	-125.9033
8882.447002	81.000	-126.3213
8882.813213	80.993	-126.7188
8883.179424	80.990	-127.0713
8883.545635	80.993	-127.4443
8883.911846	80.992	-127.8438
8884.278057	80.990	-128.1953
8884.644268	81.000	-128.5596
8885.010479	81.007	-129.0098
8885.376689	81.003	-129.4629
8885.742900	80.997	-129.8848
8886.109111	80.987	-130.2939
8886.475322	80.976	-130.6230
8886.841533	80.982	-130.9365
8887.207744	80.991	-131.3652
8887.573955	80.982	-131.7949
8887.940166	80.977	-132.1221
8888.306377	80.986	-132.4922
8888.672588	80.986	-132.9375
8889.038799	80.975	-133.3076
8889.405010	80.977	-133.6182
8889.771221	80.989	-134.0020
8890.137432	80.992	-134.4570
8890.503643	80.984	-134.8691
8890.869854	80.981	-135.2158
8891.236065	80.985	-135.5957
8891.602276	80.982	-136.0059
8891.968487	80.980	-136.3447
8892.334698	80.993	-136.7158
8892.700909	80.997	-137.2285
8893.067120	80.975	-137.6680
8893.433331	80.966	-137.9316
8893.799542	80.982	-138.2764
8894.165753	80.986	-138.7734
8894.531964	80.969	-139.1914
8894.898175	80.962	-139.4873
8895.264386	80.973	-139.8379
8895.630597	80.977	-140.2891
8895.996808	80.967	-140.7061
8896.363019	80.962	-141.0225
8896.729229	80.974	-141.3594
8897.095440	80.986	-141.8105
8897.461651	80.983	-142.2842
8897.827862	80.975	-142.6924
8898.194073	80.971	-143.0645
8898.560284	80.972	-143.4414
8898.926495	80.975	-143.8467
8899.292706	80.972	-144.2646
8899.658917	80.967	-144.6328
8900.025128	80.973	-145.0068
8900.391339	80.974	-145.4717
8900.757550	80.958	-145.8945
8901.123761	80.947	-146.1729
8901.489972	80.959	-146.4893
8901.856183	80.965	-146.9268
8902.222394	80.958	-147.3057
8902.588605	80.965	-147.6338
8902.954816	80.978	-148.0762
8903.321027	80.973	-148.5605
8903.687238	80.962	-148.9609
8904.053449	80.955	-149.3242
8904.419660	80.951	-149.6641
8904.785871	80.957	-149.9844
8905.152082	80.971	-150.4014
8905.518293	80.969	-150.8896
8905.884504	80.953	-151.2637
8906.250715	80.956	-151.5410
8906.616926	80.976	-151.9277
8906.983137	80.982	-152.4541
8907.349348	80.964	-152.9121
8907.715558	80.953	-153.2070
8908.081769	80.965	-153.5273
8908.447980	80.974	-153.9844
8908.814191	80.966	-154.4287
8909.180402	80.958	-154.7852
8909.546613	80.959	-155.1377
8909.912824	80.961	-155.5068
8910.279035	80.966	-155.9004
8910.645246	80.965	-156.3379
8911.011457	80.954	-156.7383
8911.377668	80.948	-157.0732
8911.743879	80.949	-157.4160
8912.110090	80.952	-157.7676
8912.476301	80.960	-158.1543
8912.842512	80.961	-158.6143
8913.208723	80.947	-159.0000
8913.574934	80.950	-159.2959
8913.941145	80.964	-159.7275
8914.307356	80.953	-160.1982
8914.673567	80.943	-160.4883
8915.039778	80.962	-160.8213
8915.405989	80.970	-161.3398
8915.772200	80.957	-161.7617
8916.138411	80.961	-162.1035
8916.504622	80.967	-162.5918
8916.870833	80.946	-163.0312
8917.237044	80.937	-163.2852
8917.603255	80.955	-163.6221
8917.969466	80.962	-164.1104
8918.335677	80.950	-164.5488
8918.701888	80.940	-164.8838
8919.068098	80.943	-165.1875
8919.434309	80.959	-165.5684
8919.800520	80.963	-166.0781
8920.166731	80.943	-166.5117
8920.532942	80.935	-166.7744
8920.899153	80.952	-167.1406
8921.265364	80.950	-167.6533
8921.631575	80.929	-168.0117
8921.997786	80.933	-168.2607
8922.363997	80.952	-168.6816
8922.730208	80.949	-169.1826
8923.096419	80.938	-169.5732
8923.462630	80.938	-169.9502
8923.828841	80.934	-170.3770
8924.195052	80.924	-170.7539
8924.561263	80.922	-171.0947
8924.927474	80.924	-171.4658
8925.293685	80.925	-171.8457
8925.659896	80.927	-172.2324
8926.026107	80.927	-172.6211
8926.392318	80.929	-172.9912
8926.758529	80.934	-173.3906
8927.124740	80.934	-173.8115
8927.490951	80.931	-174.1836
8927.857162	80.937	-174.5664
8928.223373	80.940	-175.0098
8928.589584	80.932	-175.4346
8928.955795	80.924	-175.8193
8929.322006	80.914	-176.1768
8929.688217	80.909	-176.4658
8930.054428	80.920	-176.7715
8930.420638	80.932	-177.1826
8930.786849	80.932	-177.6064
8931.153060	80.933	-178.0020
8931.519271	80.932	-178.4238
8931.885482	80.924	-178.8096
8932.251693	80.924	-179.1328
8932.617904	80.935	-179.5264
8932.984115	80.935	-179.9941
8933.350326	80.924	179.6211
8933.716537	80.928	179.2998
8934.082748	80.942	178.8633
8934.448959	80.937	178.3418
8934.815170	80.917	177.9414
8935.181381	80.910	177.6387
8935.547592	80.911	177.2930
8935.913803	80.909	176.9707
8936.280014	80.923	176.6768
8936.646225	80.945	176.2314
8937.012436	80.943	175.7178
8937.378647	80.933	175.3525
8937.744858	80.942	174.9990
8938.111069	80.946	174.5371
8938.477280	80.936	174.1377
8938.843491	80.938	173.7900
8939.209702	80.941	173.3564
8939.575913	80.929	172.9668
8939.942124	80.931	172.6660
8940.308335	80.944	172.2324
8940.674546	80.931	171.7363
8941.040757	80.908	171.4414
8941.406967	80.915	171.2100
8941.773178	80.931	170.8223
8942.139389	80.933	170.4043
8942.505600	80.938	170.0098
8942.871811	80.941	169.5322
8943.238022	80.924	169.0967
8943.604233	80.915	168.7939
8943.970444	80.923	168.4434
8944.336655	80.923	168.0244
8944.702866	80.921	167.6650
8945.069077	80.931	167.2783
8945.435288	80.932	166.7959
8945.801499	80.917	166.3838
8946.167710	80.912	166.0850
8946.533921	80.924	165.7305
8946.900132	80.929	165.2773
8947.266343	80.922	164.8574
8947.632554	80.919	164.5049
8947.998765	80.924	164.1182
8948.364976	80.923	163.6953
8948.731187	80.919	163.3223
8949.097398	80.923	162.9512
8949.463609	80.925	162.5127
8949.829820	80.913	162.1162
8950.196031	80.910	161.8115
8950.562242	80.921	161.4502
8950.928453	80.923	161.0156
8951.294664	80.918	160.6504
8951.660875	80.927	160.2930
8952.027086	80.934	159.8291
8952.393297	80.924	159.3945
8952.759507	80.921	159.0547
8953.125718	80.930	158.6455
8953.491929	80.925	158.1777
8953.858140	80.913	157.8027
8954.224351	80.913	157.4541
8954.590562	80.912	157.0537
8954.956773	80.907	156.6865
8955.322984	80.908	156.3506
8955.689195	80.914	155.9707
8956.055406	80.916	155.5664
8956.421617	80.915	155.1807
8956.787828	80.917	154.8096
8957.154039	80.921	154.4258
8957.520250	80.924	154.0088
8957.886461	80.922	153.5977
8958.252672	80.921	153.2129
8958.618883	80.919	152.7891
8958.985094	80.904	152.3906
8959.351305	80.893	152.1543
8959.717516	80.917	151.8965
8960.083727	80.941	151.3779
8960.449938	80.924	150.8320
8960.816149	80.904	150.5254
8961.182360	80.913	150.2217
8961.548571	80.917	149.7598
8961.914782	80.900	149.3779
8962.280993	80.901	149.1172
8962.647204	80.920	148.7393
8963.013415	80.926	148.2354
8963.379626	80.915	147.7715
8963.745836	80.903	147.3936
8964.112047	80.897	147.0596
8964.478258	80.901	146.7217
8964.844469	80.907	146.3398
8965.210680	80.912	145.9365
8965.576891	80.917	145.5264
8965.943102	80.922	145.0820
8966.309313	80.919	144.6201
8966.675524	80.909	144.1963
8967.041735	80.901	143.8330
8967.407946	80.901	143.4893
8967.774157	80.906	143.1094
8968.140368	80.907	142.6973
8968.506579	80.903	142.3066
8968.872790	80.902	141.9443
8969.239001	80.903	141.5625
8969.605212	80.900	141.1709
8969.971423	80.895	140.8379
8970.337634	80.903	140.5156
8970.703845	80.913	140.1035
8971.070056	80.910	139.6709
8971.436267	80.904	139.3125
8971.802478	80.906	138.9619
8972.168689	80.908	138.5918
8972.534900	80.913	138.2480
8972.901111	80.929	137.8379
8973.267322	80.932	137.3076
8973.633533	80.912	136.8369
8973.999744	80.894	136.5342
8974.365955	80.899	136.2529
8974.732166	80.911	135.8564
8975.098376	80.910	135.4121
8975.464587	80.903	135.0449
8975.830798	80.908	134.7100
8976.197009	80.918	134.2920
8976.563220	80.915	133.8398
8976.929431	80.907	133.4639
8977.295642	80.910	133.1182
8977.661853	80.916	132.7227
8978.028064	80.917	132.2969
8978.394275	80.913	131.8818
8978.760486	80.906	131.4951
8979.126697	80.900	131.1533
8979.492908	80.902	130.8369
8979.859119	80.912	130.4756
8980.225330	80.918	130.0420
8980.591541	80.912	129.6191
8980.957752	80.905	129.2744
8981.323963	80.911	128.9375
8981.690174	80.919	128.5215
8982.056385	80.916	128.0762
8982.422596	80.907	127.6748
8982.788807	80.900	127.3262
8983.155018	80.900	127.0059
8983.521229	80.911	126.6504
8983.887440	80.921	126.2002
8984.253651	80.916	125.7344
8984.619862	80.907	125.3555
8984.986073	80.909	124.9932
8985.352284	80.912	124.5752
8985.718495	80.907	124.1777
8986.084706	80.910	123.8184
8986.450916	80.917	123.3926
8986.817127	80.912	122.9336
8987.183338	80.902	122.5586
8987.549549	80.901	122.2139
8987.915760	80.900	121.8457
8988.281971	80.901	121.5156
8988.648182	80.914	121.1484
8989.014393	80.918	120.6650
8989.380604	80.901	120.2520
8989.746815	80.894	119.9912
8990.113026	80.908	119.6738
8990.479237	80.917	119.2471
8990.845448	80.916	118.8398
8991.211659	80.917	118.4404
8991.577870	80.913	118.0312
8991.944081	80.908	117.6738
8992.310292	80.913	117.3086
8992.676503	80.914	116.8789
8993.042714	80.906	116.4697
8993.408925	80.899	116.1064
8993.775136	80.895	115.7627
8994.141347	80.897	115.4609
8994.507558	80.915	115.1074
8994.873769	80.929	114.6064
8995.239980	80.920	114.1152
8995.606191	80.912	113.7324
8995.972402	80.911	113.3330
8996.338613	80.904	112.9385
8996.704824	80.904	112.6045
8997.071035	80.912	112.2012
8997.437245	80.905	111.7754
8997.803456	80.901	111.4795
8998.169667	80.921	111.1367
8998.535878	80.931	110.6260
8998.902089	80.919	110.1650
8999.268300	80.910	109.8066
8999.634511	80.904	109.4443
9000.000722	80.897	109.1357
9000.366933	80.906	108.8516
9000.733144	80.921	108.4482
9001.099355	80.920	108.0029
9001.465566	80.915	107.6387
9001.831777	80.920	107.2734
9002.197988	80.922	106.8428
9002.564199	80.914	106.4346
9002.930410	80.907	106.0918
9003.296621	80.908	105.7490
9003.662832	80.911	105.3828
9004.029043	80.914	105.0195
9004.395254	80.922	104.6309
9004.761465	80.927	104.1982
9005.127676	80.928	103.7695
9005.493887	80.928	103.3340
9005.860098	80.921	102.8838
9006.226309	80.908	102.5088
9006.592520	80.905	102.1982
9006.958731	80.913	101.8496
9007.324942	80.919	101.4688
9007.691153	80.929	101.0596
9008.057364	80.930	100.5898
9008.423575	80.916	100.1924
9008.789785	80.917	99.9199
9009.155996	80.938	99.5332
9009.522207	80.939	99.0000
9009.888418	80.917	98.6143
9010.254629	80.917	98.3672
9010.620840	80.933	97.9883
9010.987051	80.932	97.5283
9011.353262	80.924	97.1660
9011.719473	80.927	96.8125
9012.085684	80.926	96.4092
9012.451895	80.919	96.0693
9012.818106	80.928	95.7520
9013.184317	80.941	95.3125
9013.550528	80.933	94.8281
9013.916739	80.916	94.4717
9014.282950	80.917	94.2012
9014.649161	80.933	93.8379
9015.015372	80.941	93.3574
9015.381583	80.933	92.9004
9015.747794	80.925	92.5234
9016.114005	80.925	92.1494
9016.480216	80.924	91.7500
9016.846427	80.921	91.3662
9017.212638	80.921	91.0039
9017.578849	80.926	90.6182
9017.945060	80.928	90.1982
9018.311271	80.924	89.8027
9018.677482	80.924	89.4473
9019.043693	80.931	89.0586
9019.409904	80.931	88.6299
9019.776114	80.926	88.2451
9020.142325	80.926	87.9102
9020.508536	80.936	87.5430
9020.874747	80.944	87.0938
9021.240958	80.937	86.6328
9021.607169	80.923	86.2930
9021.973380	80.929	86.0205
9022.339591	80.946	85.6133
9022.705802	80.943	85.1367
9023.072013	80.934	84.7939
9023.438224	80.946	84.4512
9023.804435	80.950	83.9678
9024.170646	80.932	83.5693
9024.536857	80.931	83.3340
9024.903068	80.958	82.9678
9025.269279	80.965	82.4141
9025.635490	80.943	81.9746
9026.001701	80.937	81.7148
9026.367912	80.957	81.3633
9026.734123	80.965	80.8271
9027.100334	80.945	80.3506
9027.466545	80.928	80.0527
9027.832756	80.931	79.7500
9028.198967	80.933	79.3730
9028.565178	80.930	79.0557
9028.931389	80.946	78.7363
9029.297600	80.961	78.2607
9029.663811	80.952	77.7715
9030.030022	80.940	77.4219
9030.396233	80.941	77.0850
9030.762444	80.942	76.7070
9031.128654	80.944	76.3691
9031.494865	80.956	75.9805
9031.861076	80.958	75.4883
9032.227287	80.940	75.0801
9032.593498	80.934	74.8105
9032.959709	80.949	74.4893
9033.325920	80.960	74.0391
9033.692131	80.955	73.5850
9034.058342	80.947	73.2158
9034.424553	80.948	72.8770
9034.790764	80.954	72.4932
9035.156975	80.955	72.0850
9035.523186	80.955	71.6914
9035.889397	80.956	71.2861
9036.255608	80.952	70.8809
9036.621819	80.948	70.5293
9036.988030	80.954	70.1826
9037.354241	80.963	69.7588
9037.720452	80.961	69.2939
9038.086663	80.951	68.8789
9038.452874	80.943	68.5137
9038.819085	80.938	68.1572
9039.185296	80.935	67.8213
9039.551507	80.940	67.4980
9039.917718	80.952	67.1064
9040.283929	80.954	66.6514
9040.650140	80.945	66.2480
9041.016351	80.942	65.9102
9041.382562	80.947	65.5605
9041.748773	80.954	65.1807
9042.114983	80.962	64.7715
9042.481194	80.965	64.3369
9042.847405	80.962	63.9248
9043.213616	80.963	63.5381
9043.579827	80.964	63.1182
9043.946038	80.957	62.7041
9044.312249	80.950	62.3682
9044.678460	80.956	62.0371
9045.044671	80.961	61.6406
9045.410882	80.959	61.2578
9045.777093	80.963	60.9102
9046.143304	80.970	60.5107
9046.509515	80.968	60.0859
9046.875726	80.963	59.7266
9047.241937	80.967	59.3828
9047.608148	80.972	58.9902
9047.974359	80.973	58.5898
9048.340570	80.975	58.1943
9048.706781	80.976	57.7773
9049.072992	80.970	57.3486
9049.439203	80.957	56.9600
9049.805414	80.946	56.6709
9050.171625	80.956	56.4102
9050.537836	80.976	56.0068
9050.904047	80.977	55.5293
9051.270258	80.971	55.1553
9051.636469	80.979	54.7744
9052.002680	80.980	54.3018
9052.368891	80.967	53.9082
9052.735102	80.966	53.5840
9053.101313	80.971	53.1885
9053.467523	80.967	52.7969
9053.833734	80.968	52.4561
9054.199945	80.975	52.0664
9054.566156	80.975	51.6553
9054.932367	80.974	51.2803
9055.298578	80.975	50.9043
9055.664789	80.976	50.5283
9056.031000	80.978	50.1650
9056.397211	80.983	49.7939
9056.763422	80.989	49.3965
9057.129633	80.991	48.9600
9057.495844	80.984	48.5566
9057.862055	80.983	48.2158
9058.228266	80.988	47.8379
9058.594477	80.987	47.4482
9058.960688	80.993	47.0928
9059.326899	81.001	46.6396
9059.693110	80.988	46.1826
9060.059321	80.979	45.9043
9060.425532	81.000	45.5566
9060.791743	81.006	45.0020
9061.157954	80.982	44.5508
9061.524165	80.969	44.2676
9061.890376	80.974	43.9561
9062.256587	80.982	43.5771
9062.622798	80.985	43.1377
9062.989009	80.974	42.7217
9063.355220	80.966	42.4326
9063.721431	80.981	42.1016
9064.087642	80.986	41.6367
9064.453853	80.975	41.2588
9064.820063	80.981	40.9609
9065.186274	80.996	40.5391
9065.552485	80.994	40.0645
9065.918696	80.984	39.6855
9066.284907	80.985	39.3516
9066.651118	80.991	38.9805
9067.017329	80.995	38.5791
9067.383540	80.996	38.1875
9067.749751	81.000	37.8066
9068.115962	81.005	37.3994
9068.482173	81.005	36.9697
9068.848384	80.998	36.5781
9069.214595	80.997	36.2451
9069.580806	81.005	35.8955
9069.947017	81.013	35.4707
9070.313228	81.010	35.0420
9070.679439	81.006	34.6768
9071.045650	81.008	34.3203
9071.411861	81.011	33.9463
9071.778072	81.016	33.5615
9072.144283	81.018	33.1406
9072.510494	81.011	32.7432
9072.876705	81.009	32.4219
9073.242916	81.019	32.0674
9073.609127	81.026	31.6318
9073.975338	81.024	31.1953
9074.341549	81.018	30.7900
9074.707760	81.013	30.4385
9075.073971	81.020	30.0928
9075.440182	81.030	29.6260
9075.806392	81.016	29.1455
9076.172603	81.001	28.8242
9076.538814	81.007	28.5020
9076.905025	81.009	28.0713
9077.271236	81.000	27.7080
9077.637447	81.005	27.3945
9078.003658	81.014	26.9922
9078.369869	81.013	26.5918
9078.736080	81.018	26.2266
9079.102291	81.024	25.7988
9079.468502	81.019	25.4092
9079.834713	81.027	25.0869
9080.200924	81.046	24.6152
9080.567135	81.034	24.0742
9080.933346	81.010	23.7559
9081.299557	81.018	23.5107
9081.665768	81.033	23.0898
9082.031979	81.027	22.6680
9082.398190	81.028	22.3447
9082.764401	81.038	21.9375
9083.130612	81.031	21.5127
9083.496823	81.028	21.1953
9083.863034	81.039	20.8223
9084.229245	81.038	20.3906
9084.595456	81.035	20.0400
9084.961667	81.043	19.6416
9085.327878	81.035	19.1875
9085.694089	81.022	18.8672
9086.060300	81.030	18.5566
9086.426511	81.035	18.1162
9086.792722	81.023	17.7373
9087.158932	81.024	17.4463
9087.525143	81.036	17.0820
9087.891354	81.045	16.6582
9088.257565	81.048	16.1953
9088.623776	81.036	15.7373
9088.989987	81.021	15.4238
9089.356198	81.032	15.1270
9089.722409	81.043	14.6631
9090.088620	81.032	14.2393
9090.454831	81.033	13.9346
9090.821042	81.047	13.5029
9091.187253	81.039	13.0195
9091.553464	81.027	12.7021
9091.919675	81.039	12.3721
9092.285886	81.045	11.9121
9092.652097	81.036	11.5352
9093.018308	81.046	11.2109
9093.384519	81.060	10.7412
9093.750730	81.049	10.2578
9094.116941	81.036	9.9238
9094.483152	81.040	9.6162
9094.849363	81.049	9.2451
9095.215574	81.054	8.8428
9095.581785	81.055	8.4434
9095.947996	81.057	8.0830
9096.314207	81.066	7.6924
9096.680418	81.066	7.2383
9097.046629	81.055	6.8896
9097.412840	81.067	6.5947
9097.779051	81.084	6.1172
9098.145261	81.069	5.6416
9098.511472	81.062	5.3604
9098.877683	81.079	4.9873
9099.243894	81.075	4.4883
9099.610105	81.059	4.1670
9099.976316	81.074	3.8711
9100.342527	81.084	3.3701
9100.708738	81.063	2.9473
9101.074949	81.060	2.7129
9101.441160	81.083	2.3516
9101.807371	81.086	1.8418
9102.173582	81.072	1.4590
9102.539793	81.077	1.1602
9102.906004	81.092	0.7178
9103.272215	81.084	0.2266
9103.638426	81.069	-0.1084
9104.004637	81.077	-0.4053
9104.370848	81.089	-0.8281
9104.737059	81.086	-1.2773
9105.103270	81.080	-1.6631
9105.469481	81.076	-2.0273
9105.835692	81.076	-2.3574
9106.201903	81.087	-2.7148
9106.568114	81.091	-3.1670
9106.934325	81.080	-3.5439
9107.300536	81.087	-3.8311
9107.666747	81.106	-4.2764
9108.032958	81.097	-4.7881
9108.399169	81.081	-5.1182
9108.765380	81.087	-5.4199
9109.131591	81.092	-5.8154
9109.497801	81.094	-6.1787
9109.864012	81.105	-6.5840
9110.230223	81.100	-7.0645
9110.596434	81.084	-7.4062
9110.962645	81.090	-7.6797
9111.328856	81.102	-8.0801
9111.695067	81.101	-8.4707
9112.061278	81.113	-8.8164
9112.427489	81.128	-9.3096
9112.793700	81.117	-9.8330
9113.159911	81.098	-10.1934
9113.526122	81.097	-10.5127
9113.892333	81.097	-10.8799
9114.258544	81.097	-11.2217
9114.624755	81.104	-11.5664
9114.990966	81.113	-11.9697
9115.357177	81.115	-12.3965
9115.723388	81.112	-12.7959
9116.089599	81.113	-13.1572
9116.455810	81.120	-13.5508
9116.822021	81.120	-14.0010
9117.188232	81.110	-14.3789
9117.554443	81.113	-14.6895
9117.920654	81.124	-15.1035
9118.286865	81.118	-15.5479
9118.653076	81.112	-15.8701
9119.019287	81.125	-16.2197
9119.385498	81.130	-16.6875
9119.751709	81.120	-17.1006
9120.117920	81.117	-17.4248
9120.484131	81.125	-17.7803
9120.850341	81.131	-18.1904
9121.216552	81.131	-18.6162
9121.582763	81.126	-18.9932
9121.948974	81.130	-19.3262
9122.315185	81.142	-19.7490
9122.681396	81.136	-20.2305
9123.047607	81.121	-20.5801
9123.413818	81.124	-20.8574
9123.780029	81.138	-21.2314
9124.146240	81.143	-21.6689
9124.512451	81.139	-22.0840
9124.878662	81.134	-22.4395
9125.244873	81.139	-22.7529
9125.611084	81.155	-23.1533
9125.977295	81.157	-23.6396
9126.343506	81.146	-24.0400
9126.709717	81.146	-24.3770
9127.075928	81.151	-24.7686
9127.442139	81.151	-25.1650
9127.808350	81.152	-25.5469
9128.174561	81.150	-25.9463
9128.540772	81.146	-26.2891
9128.906983	81.156	-26.6143
9129.273194	81.167	-27.0537
9129.639405	81.160	-27.4902
9130.005616	81.158	-27.8018
9130.371827	81.175	-28.1758
9130.738038	81.177	-28.6797
9131.104249	81.160	-29.0664
9131.470460	81.164	-29.3359
9131.836670	81.182	-29.7461
9132.202881	81.179	-30.2334
9132.569092	81.167	-30.5918
9132.935303	81.171	-30.9160
9133.301514	81.178	-31.3105
9133.667725	81.180	-31.7070
9134.033936	81.183	-32.1064
9134.400147	81.182	-32.5186
9134.766358	81.180	-32.8955
9135.132569	81.183	-33.2861
9135.498780	81.180	-33.7129
9135.864991	81.169	-34.0684
9136.231202	81.171	-34.3604
9136.597413	81.185	-34.7178
9136.963624	81.193	-35.1611
9137.329835	81.190	-35.5898
9137.696046	81.187	-35.9580
9138.062257	81.192	-36.3389
9138.428468	81.192	-36.7510
9138.794679	81.189	-37.1094
9139.160890	81.199	-37.4668
9139.527101	81.207	-37.9365
9139.893312	81.193	-38.3789
9140.259523	81.185	-38.6689
9140.625734	81.201	-38.9980
9140.991945	81.209	-39.4785
9141.358156	81.194	-39.9043
9141.724367	81.187	-40.1738
9142.090578	81.204	-40.4727
9142.456789	81.222	-40.9248
9142.823000	81.219	-41.4062
9143.189210	81.211	-41.7617
9143.555421	81.223	-42.0859
9143.921632	81.240	-42.5615
9144.287843	81.233	-43.0986
9144.654054	81.215	-43.4980
9145.020265	81.210	-43.8271
9145.386476	81.210	-44.2188
9145.752687	81.201	-44.5820
9146.118898	81.200	-44.8584
9146.485109	81.217	-45.1836
9146.851320	81.231	-45.6211
9147.217531	81.232	-46.0674
9147.583742	81.230	-46.4521
9147.949953	81.237	-46.8232
9148.316164	81.247	-47.2559
9148.682375	81.246	-47.7363
9149.048586	81.234	-48.1475
9149.414797	81.230	-48.4600
9149.781008	81.241	-48.8145
9150.147219	81.246	-49.2686
9150.513430	81.236	-49.6660
9150.879641	81.236	-49.9727
9151.245852	81.249	-50.3535
9151.612063	81.250	-50.8018
9151.978274	81.245	-51.1768
9152.344485	81.248	-51.5410
9152.710696	81.248	-51.9463
9153.076907	81.244	-52.2842
9153.443118	81.257	-52.6279
9153.809329	81.265	-53.1016
9154.175539	81.251	-53.5322
9154.541750	81.246	-53.8281
9154.907961	81.257	-54.1699
9155.274172	81.262	-54.5820
9155.640383	81.266	-54.9463
9156.006594	81.281	-55.3545
9156.372805	81.286	-55.8789
9156.739016	81.269	-56.3398
9157.105227	81.258	-56.6484
9157.471438	81.267	-56.9805
9157.837649	81.274	-57.4199
9158.203860	81.268	-57.8379
9158.570071	81.267	-58.1963
9158.936282	81.271	-58.5898
9159.302493	81.269	-58.9932
9159.668704	81.268	-59.3428
9160.034915	81.277	-59.7129
9160.401126	81.281	-60.1484
9160.767337	81.277	-60.5557
9161.133548	81.277	-60.9141
9161.499759	81.282	-61.3105
9161.865970	81.278	-61.7266
9162.232181	81.273	-62.0703
9162.598392	81.279	-62.3994
9162.964603	81.287	-62.7969
9163.330814	81.287	-63.1875
9163.697025	81.293	-63.5488
9164.063236	81.303	-63.9775
9164.429447	81.300	-64.4326
9164.795658	81.293	-64.8369
9165.161869	81.284	-65.2100
9165.528079	81.276	-65.4951
9165.894290	81.293	-65.7666
9166.260501	81.315	-66.2383
9166.626712	81.303	-66.7344
9166.992923	81.294	-67.0107
9167.359134	81.318	-67.3652
9167.725345	81.320	-67.9346
9168.091556	81.291	-68.3154
9168.457767	81.293	-68.4902
9168.823978	81.325	-68.8760
9169.190189	81.328	-69.4355
9169.556400	81.310	-69.8340
9169.922611	81.311	-70.1309
9170.288822	81.322	-70.5312
9170.655033	81.321	-70.9619
9171.021244	81.320	-71.3379
9171.387455	81.321	-71.7363
9171.753666	81.316	-72.1025
9172.119877	81.325	-72.4062
9172.486088	81.346	-72.8770
9172.852299	81.332	-73.4434
9173.218510	81.301	-73.7383
9173.584721	81.312	-73.9199
9173.950932	81.337	-74.3447
9174.317143	81.332	-74.8145
9174.683354	81.328	-75.1406
9175.049565	81.338	-75.5010
9175.415776	81.343	-75.9004
9175.781987	81.349	-76.2744
9176.148198	81.357	-76.7139
9176.514408	81.350	-77.1396
9176.880619	81.349	-77.4541
9177.246830	81.365	-77.8223
9177.613041	81.373	-78.3037
9177.979252	81.364	-78.7402
9178.345463	81.360	-79.0859
9178.711674	81.367	-79.4434
9179.077885	81.375	-79.8730
9179.444096	81.373	-80.3184
9179.810307	81.367	-80.7178
9180.176518	81.364	-81.1006
9180.542729	81.358	-81.4658
9180.908940	81.359	-81.7734
9181.275151	81.374	-82.1377
9181.641362	81.380	-82.6201
9182.007573	81.367	-83.0312
9182.373784	81.365	-83.3291
9182.739995	81.378	-83.7012
9183.106206	81.380	-84.1445
9183.472417	81.375	-84.5107
9183.838628	81.383	-84.8525
9184.204839	81.396	-85.2871
9184.571050	81.395	-85.7666
9184.937261	81.384	-86.1748
9185.303472	81.381	-86.5166
9185.669683	81.386	-86.8838
9186.035894	81.388	-87.2852
9186.402105	81.390	-87.6680
9186.768316	81.396	-88.0752
9187.134527	81.395	-88.5146
9187.500738	81.388	-88.8818
9187.866948	81.393	-89.2090
9188.233159	81.404	-89.6064
9188.599370	81.409	-90.0303
9188.965581	81.415	-90.4502
9189.331792	81.417	-90.9121
9189.698003	81.406	-91.3350
9190.064214	81.401	-91.6475
9190.430425	81.414	-91.9834
9190.796636	81.425	-92.4336
9191.162847	81.420	-92.8857
9191.529058	81.413	-93.2412
9191.895269	81.418	-93.5703
9192.261480	81.427	-93.9619
9192.627691	81.431	-94.3730
9192.993902	81.433	-94.7744
9193.360113	81.432	-95.2012
9193.726324	81.422	-95.5723
9194.092535	81.424	-95.8506
9194.458746	81.442	-96.2148
9194.824957	81.448	-96.7002
9195.191168	81.438	-97.1064
9195.557379	81.440	-97.4453
9195.923590	81.446	-97.8584
9196.289801	81.441	-98.2656
9196.656012	81.441	-98.6074
9197.022223	81.451	-99.0146
9197.388434	81.448	-99.4766
9197.754645	81.436	-99.8389
9198.120856	81.440	-100.1445
9198.487067	81.452	-100.5400
9198.853278	81.455	-100.9766
9199.219488	81.455	-101.3682
9199.585699	81.459	-101.7656
9199.951910	81.461	-102.1875
9200.318121	81.461	-102.5879
9200.684332	81.463	-102.9795
9201.050543	81.466	-103.3828
9201.416754	81.468	-103.7979
9201.782965	81.466	-104.2217
9202.149176	81.459	-104.6035
9202.515387	81.458	-104.9316
9202.881598	81.466	-105.2822
9203.247809	81.474	-105.6836
9203.614020	81.476	-106.0996
9203.980231	81.474	-106.4932
9204.346442	81.474	-106.8350
9204.712653	81.487	-107.1943
9205.078864	81.497	-107.6602
9205.445075	81.490	-108.1318
9205.811286	81.480	-108.4980
9206.177497	81.480	-108.8301
9206.543708	81.486	-109.2031
9206.909919	81.490	-109.6006
9207.276130	81.493	-110.0127
9207.642341	81.491	-110.4258
9208.008552	81.486	-110.8008
9208.374763	81.486	-111.1328
9208.740974	81.497	-111.4717
9209.107185	81.511	-111.8887
9209.473396	81.516	-112.3682
9209.839607	81.507	-112.7959
9210.205817	81.504	-113.1328
9210.572028	81.513	-113.5010
9210.938239	81.515	-113.9346
9211.304450	81.510	-114.3008
9211.670661	81.519	-114.6182
9212.036872	81.536	-115.0605
9212.403083	81.530	-115.5400
9212.769294	81.523	-115.8701
9213.135505	81.539	-116.2266
9213.501716	81.544	-116.7363
9213.867927	81.526	-117.1484
9214.234138	81.527	-117.4248
9214.600349	81.543	-117.8320
9214.966560	81.537	-118.3115
9215.332771	81.526	-118.6396
9215.698982	81.537	-118.9609
9216.065193	81.543	-119.4131
9216.431404	81.532	-119.7969
9216.797615	81.538	-120.0664
9217.163826	81.561	-120.4717
9217.530037	81.564	-120.9990
9217.896248	81.548	-121.3936
9218.262459	81.551	-121.6914
9218.628670	81.565	-122.0918
9218.994881	81.566	-122.5391
9219.361092	81.563	-122.9219
9219.727303	81.566	-123.2910
9220.093514	81.571	-123.6787
9220.459725	81.577	-124.0840
9220.825936	81.579	-124.5371
9221.192147	81.567	-124.9551
9221.558357	81.559	-125.2627
9221.924568	81.566	-125.5605
9222.290779	81.579	-125.9287
9222.656990	81.589	-126.3291
9223.023201	81.598	-126.7646
9223.389412	81.599	-127.2256
9223.755623	81.595	-127.6553
9224.121834	81.591	-128.0605
9224.488045	81.586	-128.4453
9224.854256	81.585	-128.8057
9225.220467	81.588	-129.1992
9225.586678	81.585	-129.5938
9225.952889	81.586	-129.9219
9226.319100	81.602	-130.3135
9226.685311	81.604	-130.8037
9227.051522	81.595	-131.1982
9227.417733	81.602	-131.5469
9227.783944	81.609	-132.0244
9228.150155	81.593	-132.4551
9228.516366	81.589	-132.7305
9228.882577	81.607	-133.0840
9229.248788	81.613	-133.5498
9229.614999	81.610	-133.9531
9229.981210	81.613	-134.3340
9230.347421	81.613	-134.7412
9230.713632	81.612	-135.1006
9231.079843	81.621	-135.4697
9231.446054	81.624	-135.9033
9231.812265	81.618	-136.2764
9232.178476	81.623	-136.5811
9232.544686	81.641	-136.9707
9232.910897	81.647	-137.4531
9233.277108	81.639	-137.8711
9233.643319	81.639	-138.2080
9234.009530	81.649	-138.6094
9234.375741	81.648	-139.0557
9234.741952	81.643	-139.4180
9235.108163	81.651	-139.7988
9235.474374	81.649	-140.2607
9235.840585	81.636	-140.6074
9236.206796	81.646	-140.8984
9236.573007	81.659	-141.3555
9236.939218	81.648	-141.7773
9237.305429	81.654	-142.0586
9237.671640	81.678	-142.5186
9238.037851	81.669	-143.0850
9238.404062	81.647	-143.4170
9238.770273	81.657	-143.7080
9239.136484	81.666	-144.1641
9239.502695	81.659	-144.5615
9239.868906	81.667	-144.9043
9240.235117	81.676	-145.3828
9240.601328	81.660	-145.8291
9240.967539	81.652	-146.1045
9241.333750	81.669	-146.4268
9241.699961	81.679	-146.8945
9242.066172	81.671	-147.3105
9242.432383	81.673	-147.6201
9242.798594	81.692	-147.9951
9243.164805	81.704	-148.4990
9243.531016	81.695	-148.9971
9243.897226	81.679	-149.3662
9244.263437	81.680	-149.6436
9244.629648	81.701	-150.0107
9244.995859	81.711	-150.5332
9245.362070	81.697	-151.0039
9245.728281	81.688	-151.3506
9246.094492	81.688	-151.7314
9246.460703	81.679	-152.0840
9246.826914	81.685	-152.3350
9247.193125	81.711	-152.7275
9247.559336	81.713	-153.2539
9247.925547	81.700	-153.6201
9248.291758	81.712	-153.9229
9248.657969	81.729	-154.3916
9249.024180	81.723	-154.8857
9249.390391	81.713	-155.2666
9249.756602	81.714	-155.6104
9250.122813	81.721	-155.9971
9250.489024	81.724	-156.4346
9250.855235	81.718	-156.8369
9251.221446	81.719	-157.1621
9251.587657	81.733	-157.5635
9251.953868	81.733	-158.0498
9252.320079	81.721	-158.4268
9252.686290	81.726	-158.7461
9253.052501	81.735	-159.1797
9253.418712	81.728	-159.6006
9253.784923	81.728	-159.9248
9254.151134	81.739	-160.3330
9254.517345	81.732	-160.7822
9254.883556	81.725	-161.0879
9255.249766	81.741	-161.4160
9255.615977	81.751	-161.9062
9255.982188	81.739	-162.3359
9256.348399	81.738	-162.6592
9256.714610	81.744	-163.0537
9257.080821	81.740	-163.4551
9257.447032	81.740	-163.7852
9257.813243	81.749	-164.1553
9258.179454	81.752	-164.5449
9258.545665	81.761	-164.9160
9258.911876	81.771	-165.3633
9259.278087	81.767	-165.8291
9259.644298	81.758	-166.1914
9260.010509	81.763	-166.5176
9260.376720	81.776	-166.9062
9260.742931	81.786	-167.3594
9261.109142	81.786	-167.8301
9261.475353	81.780	-168.2559
9261.841564	81.777	-168.6465
9262.207775	81.774	-169.0449
9262.573986	81.770	-169.4072
9262.940197	81.774	-169.7393
9263.306408	81.784	-170.1201
9263.672619	81.790	-170.5234
9264.038830	81.798	-170.9219
9264.405041	81.805	-171.3604
9264.771252	81.804	-171.7842
9265.137463	81.808	-172.1650
9265.503674	81.817	-172.6152
9265.869885	81.809	-173.1006
9266.236095	81.793	-173.4561
9266.602306	81.795	-173.7334
9266.968517	81.810	-174.0947
9267.334728	81.817	-174.5400
9267.700939	81.812	-174.9609
9268.067150	81.808	-175.2754
9268.433361	81.825	-175.5820
9268.799572	81.849	-176.0654
9269.165783	81.845	-176.6270
9269.531994	81.827	-177.0430
9269.898205	81.823	-177.3799
9270.264416	81.824	-177.7568
9270.630627	81.826	-178.1318
9270.996838	81.832	-178.5371
9271.363049	81.830	-178.9941
9271.729260	81.819	-179.3838
9272.095471	81.818	-179.7080
9272.461682	81.826	179.9131
9272.827893	81.829	179.4814
9273.194104	81.825	179.0684
9273.560315	81.820	178.7158
9273.926526	81.827	178.4014
9274.292737	81.846	177.9951
9274.658948	81.851	177.4697
9275.025159	81.834	177.0225
9275.391370	81.824	176.7393
9275.757581	81.839	176.4482
9276.123792	81.860	176.0225
9276.490003	81.867	175.5332
9276.856214	81.863	175.0752
9277.222425	81.857	174.6748
9277.588635	81.855	174.3262
9277.954846	81.863	173.9824
9278.321057	81.876	173.5723
9278.687268	81.880	173.1084
9279.053479	81.875	172.6816
9279.419690	81.871	172.3291
9279.785901	81.878	171.9795
9280.152112	81.888	171.5781
9280.518323	81.893	171.1553
9280.884534	81.896	170.7227
9281.250745	81.892	170.2891
9281.616956	81.884	169.9434
9281.983167	81.893	169.6436
9282.349378	81.913	169.2012
9282.715589	81.910	168.6758
9283.081800	81.892	168.3057
9283.448011	81.896	168.0303
9283.814222	81.913	167.6436
9284.180433	81.920	167.1650
9284.546644	81.913	166.7236
9284.912855	81.906	166.3691
9285.279066	81.914	166.0293
9285.645277	81.925	165.5918
9286.011488	81.921	165.1260
9286.377699	81.912	164.7568
9286.743910	81.914	164.4014
9287.110121	81.915	164.0264
9287.476332	81.921	163.6924
9287.842543	81.938	163.2803
9288.208754	81.938	162.7783
9288.574964	81.925	162.4092
9288.941175	81.936	162.0938
9289.307386	81.951	161.6064
9289.673597	81.939	161.1035
9290.039808	81.924	160.7744
9290.406019	81.931	160.4619
9290.772230	81.939	160.0400
9291.138441	81.933	159.6348
9291.504652	81.934	159.3232
9291.870863	81.952	158.9600
9292.237074	81.963	158.4639
9292.603285	81.955	158.0127
9292.969496	81.954	157.6611
9293.335707	81.963	157.2422
9293.701918	81.960	156.8037
9294.068129	81.960	156.4521
9294.434340	81.974	156.0283
9294.800551	81.970	155.5332
9295.166762	81.958	155.1719
9295.532973	81.967	154.8447
9295.899184	81.976	154.3994
9296.265395	81.972	153.9648
9296.631606	81.971	153.5898
9296.997817	81.972	153.1914
9297.364028	81.968	152.8252
9297.730239	81.974	152.4951
9298.096450	81.985	152.1006
9298.462661	81.988	151.6836
9298.828872	81.991	151.3096
9299.195083	82.001	150.9023
9299.561294	82.002	150.4453
9299.927504	81.994	150.0479
9300.293715	81.994	149.7354
9300.659926	82.010	149.3721
9301.026137	82.021	148.8740
9301.392348	82.008	148.3965
9301.758559	81.997	148.0791
9302.124770	82.010	147.7607
9302.490981	82.022	147.2773
9302.857192	82.010	146.8008
9303.223403	82.000	146.4834
9303.589614	82.013	146.1475
9303.955825	82.022	145.6846
9304.322036	82.017	145.2441
9304.688247	82.016	144.8682
9305.054458	82.021	144.4512
9305.420669	82.018	144.0254
9305.786880	82.016	143.6562
9306.153091	82.023	143.2881
9306.519302	82.032	142.8682
9306.885513	82.036	142.4082
9307.251724	82.029	141.9678
9307.617935	82.023	141.6221
9307.984146	82.033	141.2939
9308.350357	82.046	140.8486
9308.716568	82.041	140.3955
9309.082779	82.038	140.0586
9309.448990	82.051	139.6768
9309.815201	82.053	139.1904
9310.181412	82.038	138.8145
9310.547623	82.043	138.5430
9310.913833	82.063	138.1367
9311.280044	82.063	137.6426
9311.646255	82.052	137.2656
9312.012466	82.057	136.9355
9312.378677	82.066	136.5068
9312.744888	82.059	136.0713
9313.111099	82.052	135.7412
9313.477310	82.062	135.4268
9313.843521	82.079	134.9990
9314.209732	82.082	134.4854
9314.575943	82.066	134.0303
9314.942154	82.052	133.7227
9315.308365	82.061	133.4658
9315.674576	82.085	133.0664
9316.040787	82.093	132.5439
9316.406998	82.083	132.0996
9316.773209	82.084	131.7344
9317.139420	82.090	131.2803
9317.505631	82.076	130.8232
9317.871842	82.063	130.5439
9318.238053	82.079	130.2842
9318.604264	82.102	129.8408
9318.970475	82.103	129.3477
9319.336686	82.100	128.9492
9319.702897	82.105	128.5625
9320.069108	82.110	128.1416
9320.435319	82.113	127.7148
9320.801530	82.112	127.2744
9321.167741	82.106	126.8789
9321.533952	82.110	126.5303
9321.900163	82.120	126.0840
9322.266373	82.111	125.6123
9322.632584	82.100	125.2969
9322.998795	82.116	124.9658
9323.365006	82.126	124.4521
9323.731217	82.107	124.0000
9324.097428	82.099	123.7314
9324.463639	82.116	123.4082
9324.829850	82.126	122.9619
9325.196061	82.126	122.5449
9325.562272	82.130	122.1562
9325.928483	82.134	121.7422
9326.294694	82.136	121.3447
9326.660905	82.142	120.9492
9327.027116	82.146	120.5059
9327.393327	82.141	120.0830
9327.759538	82.138	119.7344
9328.125749	82.148	119.3604
9328.491960	82.152	118.9033
9328.858171	82.142	118.4932
9329.224382	82.140	118.1914
9329.590593	82.157	117.8398
9329.956804	82.168	117.3516
9330.323015	82.160	116.8789
9330.689226	82.151	116.5234
9331.055437	82.159	116.1719
9331.421648	82.168	115.7129
9331.787859	82.159	115.2363
9332.154070	82.145	114.9053
9332.520281	82.156	114.6182
9332.886492	82.175	114.1553
9333.252703	82.167	113.6543
9333.618913	82.160	113.3281
9333.985124	82.178	112.9619
9334.351335	82.186	112.4297
9334.717546	82.174	111.9756
9335.083757	82.171	111.6045
9335.449968	82.168	111.1865
9335.816179	82.160	110.8584
9336.182390	82.176	110.5488
9336.548601	82.191	110.0488
9336.914812	82.176	109.5859
9337.281023	82.171	109.3232
9337.647234	82.193	108.9717
9338.013445	82.200	108.4658
9338.379656	82.189	108.0498
9338.745867	82.189	107.7393
9339.112078	82.202	107.3799
9339.478289	82.213	106.9316
9339.844500	82.211	106.4727
9340.210711	82.206	106.0928
9340.576922	82.212	105.7295
9340.943133	82.219	105.2852
9341.309344	82.214	104.8564
9341.675555	82.215	104.4951
9342.041766	82.223	104.0693
9342.407977	82.219	103.6055
9342.774188	82.211	103.2432
9343.140399	82.220	102.8799
9343.506610	82.225	102.4072
9343.872821	82.212	101.9883
9344.239032	82.208	101.6885
9344.605242	82.221	101.3555
9344.971453	82.233	100.9531
9345.337664	82.245	100.5303
9345.703875	82.255	100.0537
9346.070086	82.252	99.5693
9346.436297	82.245	99.1426
9346.802508	82.239	98.7412
9347.168719	82.232	98.3828
9347.534930	82.235	98.0742
9347.901141	82.249	97.7090
9348.267352	82.258	97.2754
9348.633563	82.262	96.8438
9348.999774	82.265	96.4131
9349.365985	82.265	95.9863
9349.732196	82.265	95.5752
9350.098407	82.265	95.1582
9350.464618	82.264	94.7393
9350.830829	82.262	94.3359
9351.197040	82.261	93.9443
9351.563251	82.263	93.5469
9351.929462	82.263	93.1377
9352.295673	82.261	92.7500
9352.661884	82.265	92.3682
9353.028095	82.268	91.9434
9353.394306	82.263	91.5479
9353.760517	82.266	91.2070
9354.126728	82.275	90.8057
9354.492939	82.274	90.3945
9354.859150	82.276	90.0596
9355.225361	82.291	89.6660
9355.591572	82.294	89.2090
9355.957782	82.292	88.8154
9356.323993	82.295	88.4180
9356.690204	82.290	88.0205
9357.056415	82.289	87.7246
9357.422626	82.310	87.3760
9357.788837	82.321	86.8779
9358.155048	82.312	86.4482
9358.521259	82.316	86.1143
9358.887470	82.331	85.6562
9359.253681	82.324	85.1357
9359.619892	82.308	84.7656
9359.986103	82.313	84.4385
9360.352314	82.322	83.9707
9360.718525	82.309	83.5049
9361.084736	82.299	83.1787
9361.450947	82.310	82.8154
9361.817158	82.311	82.3389
9362.183369	82.298	81.9414
9362.549580	82.299	81.6445
9362.915791	82.316	81.2441
9363.282002	82.317	80.7432
9363.648213	82.304	80.3516
9364.014424	82.308	80.0684
9364.380635	82.331	79.6768
9364.746846	82.340	79.1426
9365.113057	82.328	78.6787
9365.479268	82.322	78.3389
9365.845479	82.330	77.9805
9366.211690	82.337	77.5703
9366.577901	82.342	77.1689
9366.944111	82.349	76.7578
9367.310322	82.355	76.3115
9367.676533	82.354	75.8613
9368.042744	82.349	75.4443
9368.408955	82.344	75.0605
9368.775166	82.343	74.6963
9369.141377	82.348	74.3418
9369.507588	82.359	73.9375
9369.873799	82.362	73.4600
9370.240010	82.350	73.0332
9370.606221	82.346	72.7158
9370.972432	82.358	72.3584
9371.338643	82.365	71.9033
9371.704854	82.362	71.4697
9372.071065	82.361	71.0732
9372.437276	82.360	70.6719
9372.803487	82.358	70.3105
9373.169698	82.368	69.9512
9373.535909	82.380	69.4961
9373.902120	82.375	69.0303
9374.268331	82.370	68.6777
9374.634542	82.383	68.3213
9375.000753	82.395	67.8428
9375.366964	82.391	67.3604
9375.733175	82.385	66.9648
9376.099386	82.385	66.5693
9376.465597	82.383	66.1670
9376.831808	82.382	65.8232
9377.198019	82.394	65.4707
9377.564230	82.408	65.0127
9377.930441	82.406	64.5264
9378.296651	82.398	64.1436
9378.662862	82.407	63.7822
9379.029073	82.416	63.2998
9379.395284	82.404	62.8252
9379.761495	82.393	62.4932
9380.127706	82.401	62.1416
9380.493917	82.403	61.7158
9380.860128	82.402	61.3564
9381.226339	82.415	60.9678
9381.592550	82.419	60.4609
9381.958761	82.403	60.0439
9382.324972	82.401	59.7441
9382.691183	82.414	59.3652
9383.057394	82.418	58.9180
9383.423605	82.416	58.5107
9383.789816	82.418	58.1318
9384.156027	82.424	57.7412
9384.522238	82.430	57.3203
9384.888449	82.433	56.8975
9385.254660	82.436	56.4883
9385.620871	82.441	56.0459
9385.987082	82.436	55.6025
9386.353293	82.431	55.2266
9386.719504	82.434	54.8643
9387.085715	82.439	54.4814
9387.451926	82.447	54.0869
9387.818137	82.454	53.6426
9388.184348	82.453	53.2012
9388.550559	82.452	52.8008
9388.916770	82.453	52.3662
9389.282981	82.442	51.9668
9389.649191	82.441	51.6816
9390.015402	82.462	51.3125
9390.381613	82.469	50.7939
9390.747824	82.454	50.3594
9391.114035	82.450	50.0498
9391.480246	82.461	49.7012
9391.846457	82.470	49.2793
9392.212668	82.474	48.8379
9392.578879	82.472	48.4033
9392.945090	82.467	48.0049
9393.311301	82.466	47.6387
9393.677512	82.469	47.2695
9394.043723	82.472	46.8936
9394.409934	82.479	46.5117
9394.776145	82.487	46.0957
9395.142356	82.488	45.6582
9395.508567	82.486	45.2715
9395.874778	82.493	44.9023
9396.240989	82.502	44.4541
9396.607200	82.498	43.9951
9396.973411	82.492	43.6191
9397.339622	82.496	43.2432
9397.705833	82.497	42.8262
9398.072044	82.496	42.4531
9398.438255	82.507	42.0771
9398.804466	82.517	41.5898
9399.170677	82.507	41.0830
9399.536888	82.490	40.6973
9399.903099	82.487	40.3799
9400.269310	82.494	40.0098
9400.635520	82.498	39.5967
9401.001731	82.499	39.1807
9401.367942	82.498	38.7617
9401.734153	82.497	38.3867
9402.100364	82.508	38.0117
9402.466575	82.519	37.4980
9402.832786	82.502	36.9854
9403.198997	82.484	36.6934
9403.565208	82.500	36.4219
9403.931419	82.520	35.9531
9404.297630	82.519	35.4639
9404.663841	82.516	35.0596
9405.030052	82.515	34.6553
9405.396263	82.515	34.2979
9405.762474	82.529	33.9453
9406.128685	82.545	33.4473
9406.494896	82.535	32.9355
9406.861107	82.522	32.5957
9407.227318	82.530	32.2852
9407.593529	82.544	31.8574
9407.959740	82.546	31.3867
9408.325951	82.539	30.9482
9408.692162	82.529	30.5674
9409.058373	82.525	30.2549
9409.424584	82.536	29.9219
9409.790795	82.546	29.4971
9410.157006	82.547	29.0654
9410.523217	82.549	28.6582
9410.889428	82.550	28.2188
9411.255639	82.544	27.7939
9411.621850	82.541	27.4297
9411.988060	82.547	27.0244
9412.354271	82.544	26.5820
9412.720482	82.539	26.2158
9413.086693	82.548	25.8525
9413.452904	82.556	25.3887
9413.819115	82.550	24.9434
9414.185326	82.549	24.5869
9414.551537	82.561	24.1836
9414.917748	82.564	23.7207
9415.283959	82.561	23.3203
9415.650170	82.570	22.9346
9416.016381	82.578	22.4629
9416.382592	82.571	22.0127
9416.748803	82.569	21.6631
9417.115014	82.581	21.2881
9417.481225	82.591	20.8184
9417.847436	82.587	20.3545
9418.213647	82.580	19.9609
9418.579858	82.580	19.6025
9418.946069	82.587	19.2236
9419.312280	82.592	18.8125
9419.678491	82.595	18.3906
9420.044702	82.597	17.9629
9420.410913	82.593	17.5254
9420.777124	82.581	17.1426
9421.143335	82.577	16.8584
9421.509546	82.595	16.5488
9421.875757	82.615	16.0762
9422.241968	82.610	15.5537
9422.608179	82.597	15.1826
9422.974389	82.606	14.8545
9423.340600	82.617	14.3682
9423.706811	82.602	13.9023
9424.073022	82.594	13.6318
9424.439233	82.619	13.2822
9424.805444	82.629	12.7178
9425.171655	82.608	12.2607
9425.537866	82.604	11.9814
9425.904077	82.624	11.5898
9426.270288	82.627	11.0684
9426.636499	82.614	10.6338
9427.002710	82.611	10.2822
9427.368921	82.615	9.8779
9427.735132	82.609	9.4688
9428.101343	82.607	9.1553
9428.467554	82.626	8.7969
9428.833765	82.637	8.2686
9429.199976	82.620	7.8115
9429.566187	82.616	7.5391
9429.932398	82.639	7.1592
9430.298609	82.645	6.6318
9430.664820	82.634	6.2129
9431.031031	82.639	5.8516
9431.397242	82.646	5.4033
9431.763453	82.644	4.9678
9432.129664	82.646	4.5566
9432.495875	82.645	4.1016
9432.862086	82.636	3.6934
9433.228297	82.635	3.3477
9433.594508	82.642	2.9463
9433.960719	82.640	2.5195
9434.326929	82.638	2.1504
9434.693140	82.643	1.7773
9435.059351	82.646	1.3711
9435.425562	82.646	1.0010
9435.791773	82.655	0.6475
9436.157984	82.669	0.2256
9436.524195	82.674	-0.2480
9436.890406	82.671	-0.6855
9437.256617	82.671	-1.0752
9437.622828	82.677	-1.4873
9437.989039	82.677	-1.9463
9438.355250	82.668	-2.3496
9438.721461	82.669	-2.6777
9439.087672	82.683	-3.0859
9439.453883	82.683	-3.5811
9439.820094	82.671	-3.9736
9440.186305	82.676	-4.2949
9440.552516	82.690	-4.7324
9440.918727	82.688	-5.2236
9441.284938	82.678	-5.6201
9441.651149	82.678	-5.9775
9442.017360	82.684	-6.3799
9442.383571	82.685	-6.8057
9442.749782	82.681	-7.2070
9443.115993	82.681	-7.5625
9443.482204	82.691	-7.9355
9443.848415	82.701	-8.3906
9444.214626	82.697	-8.8447
9444.580837	82.693	-9.2139
9444.947048	82.703	-9.5947
9445.313258	82.709	-10.0635
9445.679469	82.701	-10.5078
9446.045680	82.696	-10.8438
9446.411891	82.709	-11.1797
9446.778102	82.728	-11.6465
9447.144313	82.728	-12.1855
9447.510524	82.714	-12.6357
9447.876735	82.708	-12.9912
9448.242946	82.712	-13.3848
9448.609157	82.709	-13.8164
9448.975368	82.704	-14.1973
9449.341579	82.707	-14.5645
9449.707790	82.709	-14.9785
9450.074001	82.707	-15.3779
9450.440212	82.708	-15.7422
9450.806423	82.715	-16.1348
9451.172634	82.719	-16.5674
9451.538845	82.718	-17.0088
9451.905056	82.712	-17.4287
9452.271267	82.705	-17.7842
9452.637478	82.710	-18.1006
9453.003689	82.727	-18.5166
9453.369900	82.728	-19.0352
9453.736111	82.709	-19.4336
9454.102322	82.711	-19.6836
9454.468533	82.737	-20.0781
9454.834744	82.741	-20.6240
9455.200955	82.728	-21.0244
9455.567166	82.737	-21.3643
9455.933377	82.747	-21.8516
9456.299588	82.736	-22.2842
9456.665798	82.742	-22.6191
9457.032009	82.755	-23.1055
9457.398220	82.741	-23.5840
9457.764431	82.736	-23.8682
9458.130642	82.761	-24.2588
9458.496853	82.766	-24.8340
9458.863064	82.746	-25.2832
9459.229275	82.742	-25.6064
9459.595486	82.751	-25.9961
9459.961697	82.753	-26.4346
9460.327908	82.751	-26.8545
9460.694119	82.748	-27.2344
9461.060330	82.755	-27.5986
9461.426541	82.767	-28.0430
9461.792752	82.766	-28.5459
9462.158963	82.754	-28.9707
9462.525174	82.749	-29.3359
9462.891385	82.747	-29.7168
9463.257596	82.744	-30.0605
9463.623807	82.756	-30.3867
9463.990018	82.772	-30.8379
9464.356229	82.768	-31.3379
9464.722440	82.758	-31.6914
9465.088651	82.771	-32.0137
9465.454862	82.788	-32.5059
9465.821073	82.779	-33.0176
9466.187284	82.768	-33.3896
9466.553495	82.771	-33.7637
9466.919706	82.769	-34.1748
9467.285917	82.768	-34.5205
9467.652128	82.781	-34.9082
9468.018338	82.785	-35.3945
9468.384549	82.777	-35.8135
9468.750760	82.778	-36.1768
9469.116971	82.783	-36.6055
9469.483182	82.779	-37.0381
9469.849393	82.776	-37.4336
9470.215604	82.773	-37.8301
9470.581815	82.769	-38.1689
9470.948026	82.782	-38.4873
9471.314237	82.802	-38.9551
9471.680448	82.799	-39.5010
9472.046659	82.783	-39.9004
9472.412870	82.787	-40.2148
9472.779081	82.803	-40.6650
9473.145292	82.797	-41.2012
9473.511503	82.775	-41.5889
9473.877714	82.774	-41.8486
9474.243925	82.792	-42.2080
9474.610136	82.800	-42.6777
9474.976347	82.799	-43.0859
9475.342558	82.809	-43.4736
9475.708769	82.818	-43.9609
9476.074980	82.810	-44.4424
9476.441191	82.802	-44.8164
9476.807402	82.808	-45.1943
9477.173613	82.812	-45.6475
9477.539824	82.805	-46.0771
9477.906035	82.800	-46.4326
9478.272246	82.807	-46.7988
9478.638457	82.813	-47.2275
9479.004667	82.812	-47.6553
9479.370878	82.812	-48.0439
9479.737089	82.817	-48.4463
9480.103300	82.820	-48.8828
9480.469511	82.818	-49.3105
9480.835722	82.818	-49.7266
9481.201933	82.817	-50.1494
9481.568144	82.814	-50.5508
9481.934355	82.816	-50.9492
9482.300566	82.816	-51.3857
9482.666777	82.810	-51.7861
9483.032988	82.812	-52.1367
9483.399199	82.822	-52.5703
9483.765410	82.815	-53.0469
9484.131621	82.803	-53.3760
9484.497832	82.815	-53.6650
9484.864043	82.835	-54.1182
9485.230254	82.832	-54.5986
9485.596465	82.829	-54.9541
9485.962676	82.844	-55.3389
9486.328887	82.853	-55.8369
9486.695098	82.845	-56.2949
9487.061309	82.841	-56.6592
9487.427520	82.848	-57.0439
9487.793731	82.853	-57.4902
9488.159942	82.848	-57.9170
9488.526153	82.845	-58.2861
9488.892364	82.851	-58.6592
9489.258575	82.859	-59.0869
9489.624786	82.861	-59.5498
9489.990997	82.854	-60.0127
9490.357207	82.840	-60.4121
9490.723418	82.833	-60.7139
9491.089629	82.845	-61.0322
9491.455840	82.861	-61.4844
9491.822051	82.861	-62.0000
9492.188262	82.847	-62.4453
9492.554473	82.836	-62.7979
9492.920684	82.838	-63.1338
9493.286895	82.846	-63.5166
9493.653106	82.852	-63.9336
9494.019317	82.858	-64.3691
9494.385528	82.859	-64.8232
9494.751739	82.857	-65.2539
9495.117950	82.857	-65.6758
9495.484161	82.853	-66.1172
9495.850372	82.845	-66.4854
9496.216583	82.852	-66.8115
9496.582794	82.866	-67.2305
9496.949005	82.870	-67.6572
9497.315216	82.883	-68.0742
9497.681427	82.891	-68.6221
9498.047638	82.870	-69.1133
9498.413849	82.860	-69.3896
9498.780060	82.880	-69.7725
9499.146271	82.876	-70.3076
9499.512482	82.855	-70.6445
9499.878693	82.865	-70.8867
9500.244904	82.887	-71.3262
9500.611115	82.885	-71.8105
9500.977326	82.881	-72.1855
9501.343536	82.886	-72.5742
9501.709747	82.886	-72.9863
9502.075958	82.889	-73.3594
9502.442169	82.898	-73.7822
9502.808380	82.895	-74.2520
9503.174591	82.884	-74.6318
9503.540802	82.886	-74.9385
9503.907013	82.901	-75.3066
9504.273224	82.915	-75.7656
9504.639435	82.918	-76.2646
9505.005646	82.911	-76.7441
9505.371857	82.900	-77.1602
9505.738068	82.892	-77.5371
9506.104279	82.886	-77.8594
9506.470490	82.898	-78.1494
9506.836701	82.924	-78.5889
9507.202912	82.927	-79.1533
9507.569123	82.913	-79.5713
9507.935334	82.920	-79.9297
9508.301545	82.928	-80.4297
9508.667756	82.916	-80.8916
9509.033967	82.913	-81.2656
9509.400178	82.914	-81.7246
9509.766389	82.897	-82.1338
9510.132600	82.893	-82.4023
9510.498811	82.911	-82.7578
9510.865022	82.920	-83.2197
9511.231233	82.922	-83.6602
9511.597444	82.923	-84.1152
9511.963655	82.916	-84.5430
9512.329866	82.914	-84.8975
9512.696076	82.923	-85.3018
9513.062287	82.923	-85.7490
9513.428498	82.921	-86.1455
9513.794709	82.925	-86.5439
9514.160920	82.929	-86.9648
9514.527131	82.935	-87.3906
9514.893342	82.938	-87.8936
9515.259553	82.921	-88.3721
9515.625764	82.905	-88.6738
9515.991975	82.918	-88.9639
9516.358186	82.934	-89.4287
9516.724397	82.929	-89.9160
9517.090608	82.922	-90.2969
9517.456819	82.926	-90.6855
9517.823030	82.926	-91.1123
9518.189241	82.923	-91.4902
9518.555452	82.931	-91.8711
9518.921663	82.936	-92.3281
9519.287874	82.930	-92.7705
9519.654085	82.927	-93.1396
9520.020296	82.933	-93.5391
9520.386507	82.931	-93.9863
9520.752718	82.924	-94.3604
9521.118929	82.929	-94.6855
9521.485140	82.945	-95.1045
9521.851351	82.950	-95.5977
9522.217562	82.944	-96.0469
9522.583773	82.941	-96.4541
9522.949984	82.941	-96.8613
9523.316195	82.942	-97.2715
9523.682406	82.943	-97.7100
9524.048616	82.935	-98.1416
9524.414827	82.928	-98.4863
9524.781038	82.937	-98.8262
9525.147249	82.949	-99.2715
9525.513460	82.948	-99.7324
9525.879671	82.948	-100.1367
9526.245882	82.952	-100.5771
9526.612093	82.946	-101.0303
9526.978304	82.939	-101.3936
9527.344515	82.946	-101.7588
9527.710726	82.952	-102.2139
9528.076937	82.946	-102.6377
9528.443148	82.949	-103.0000
9528.809359	82.958	-103.4414
9529.175570	82.952	-103.9150
9529.541781	82.944	-104.2705
9529.907992	82.954	-104.6201
9530.274203	82.963	-105.0898
9530.640414	82.955	-105.5400
9531.006625	82.952	-105.9023
9531.372836	82.958	-106.2939
9531.739047	82.962	-106.7168
9532.105258	82.965	-107.1416
9532.471469	82.964	-107.5986
9532.837680	82.955	-107.9990
9533.203891	82.959	-108.3301
9533.570102	82.974	-108.7725
9533.936313	82.971	-109.2842
9534.302524	82.961	-109.6934
9534.668735	82.962	-110.0947
9535.034945	82.956	-110.5381
9535.401156	82.946	-110.8955
9535.767367	82.952	-111.2451
9536.133578	82.956	-111.6787
9536.499789	82.951	-112.0693
9536.866000	82.957	-112.4268
9537.232211	82.966	-112.8613
9537.598422	82.966	-113.3125
9537.964633	82.965	-113.7441
9538.330844	82.959	-114.1680
9538.697055	82.953	-114.5166
9539.063266	82.963	-114.8506
9539.429477	82.979	-115.2959
9539.795688	82.981	-115.7871
9540.161899	82.977	-116.2373
9540.528110	82.973	-116.6504
9540.894321	82.972	-117.0391
9541.260532	82.978	-117.4531
9541.626743	82.979	-117.9180
9541.992954	82.971	-118.3525
9542.359165	82.966	-118.7363
9542.725376	82.964	-119.1172
9543.091587	82.964	-119.4932
9543.457798	82.969	-119.8799
9543.824009	82.972	-120.3008
9544.190220	82.970	-120.7197
9544.556431	82.967	-121.0957
9544.922642	82.971	-121.4502
9545.288853	82.982	-121.8486
9545.655064	82.988	-122.3086
9546.021275	82.987	-122.7461
9546.387485	82.991	-123.1650
9546.753696	82.992	-123.6396
9547.119907	82.979	-124.0674
9547.486118	82.978	-124.3848
9547.852329	82.997	-124.7920
9548.218540	83.001	-125.3457
9548.584751	82.982	-125.8203
9548.950962	82.970	-126.1641
9549.317173	82.971	-126.5107
9549.683384	82.974	-126.8789
9550.049595	82.983	-127.2568
9550.415806	82.994	-127.7061
9550.782017	82.992	-128.1836
9551.148228	82.985	-128.5850
9551.514439	82.989	-128.9580
9551.880650	82.995	-129.3916
9552.246861	82.991	-129.8301
9552.613072	82.985	-130.1973
9552.979283	82.990	-130.5371
9553.345494	83.004	-130.9180
9553.711705	83.017	-131.3701
9554.077916	83.022	-131.8750
9554.444127	83.015	-132.3477
9554.810338	83.008	-132.7520
9555.176549	83.007	-133.1582
9555.542760	83.003	-133.5771
9555.908971	82.999	-133.9590
9556.275182	83.001	-134.3398
9556.641393	83.002	-134.7490
9557.007604	83.002	-135.1455
9557.373814	83.006	-135.5449
9557.740025	83.009	-135.9756
9558.106236	83.008	-136.3975
9558.472447	83.009	-136.8115
9558.838658	83.009	-137.2344
9559.204869	83.009	-137.6260
9559.571080	83.018	-138.0303
9559.937291	83.025	-138.5127
9560.303502	83.019	-138.9834
9560.669713	83.017	-139.3906
9561.035924	83.020	-139.8350
9561.402135	83.012	-140.3076
9561.768346	82.999	-140.6914
9562.134557	82.997	-141.0029
9562.500768	83.010	-141.3691
9562.866979	83.020	-141.8506
9563.233190	83.009	-142.3320
9563.599401	82.995	-142.6562
9563.965612	83.007	-142.9502
9564.331823	83.023	-143.4053
9564.698034	83.019	-143.8652
9565.064245	83.023	-144.2500
9565.430456	83.029	-144.7607
9565.796667	83.003	-145.2568
9566.162878	82.980	-145.4766
9566.529089	83.003	-145.6963
9566.895300	83.029	-146.1816
9567.261511	83.027	-146.7041
9567.627722	83.022	-147.1406
9567.993933	83.016	-147.5801
9568.360144	83.007	-147.9580
9568.726354	83.015	-148.3037
9569.092565	83.027	-148.7920
9569.458776	83.015	-149.3066
9569.824987	83.000	-149.6611
9570.191198	83.006	-149.9941
9570.557409	83.014	-150.4443
9570.923620	83.009	-150.8857
9571.289831	83.008	-151.2520
9571.656042	83.017	-151.6758
9572.022253	83.014	-152.1602
9572.388464	83.001	-152.5459
9572.754675	83.002	-152.8418
9573.120886	83.020	-153.2188
9573.487097	83.030	-153.7031
9573.853308	83.025	-154.1787
9574.219519	83.016	-154.5742
9574.585730	83.017	-154.9121
9574.951941	83.030	-155.3076
9575.318152	83.035	-155.8125
9575.684363	83.020	-156.2598
9576.050574	83.014	-156.5762
9576.416785	83.027	-156.9541
9576.782996	83.030	-157.4238
9577.149207	83.026	-157.8330
9577.515418	83.032	-158.2549
9577.881629	83.027	-158.7451
9578.247840	83.013	-159.1289
9578.614051	83.019	-159.4502
9578.980262	83.033	-159.9199
9579.346473	83.027	-160.4365
9579.712683	83.015	-160.8525
9580.078894	83.011	-161.2510
9580.445105	83.006	-161.6514
9580.811316	83.005	-162.0254
9581.177527	83.008	-162.4268
9581.543738	83.007	-162.8301
9581.909949	83.011	-163.2090
9582.276160	83.020	-163.6455
9582.642371	83.017	-164.1182
9583.008582	83.008	-164.5000
9583.374793	83.013	-164.8271
9583.741004	83.030	-165.2441
9584.107215	83.037	-165.7734
9584.473426	83.022	-166.2656
9584.839637	83.007	-166.6113
9585.205848	83.011	-166.9189
9585.572059	83.024	-167.3242
9585.938270	83.027	-167.7842
9586.304481	83.024	-168.2061
9586.670692	83.023	-168.5996
9587.036903	83.026	-168.9902
9587.403114	83.031	-169.3848
9587.769325	83.039	-169.8125
9588.135536	83.042	-170.2930
9588.501747	83.033	-170.7363
9588.867958	83.029	-171.0732
9589.234169	83.044	-171.4463
9589.600380	83.054	-171.9580
9589.966591	83.043	-172.4375
9590.332802	83.036	-172.8037
9590.699013	83.040	-173.2061
9591.065223	83.035	-173.6338
9591.431434	83.031	-173.9756
9591.797645	83.042	-174.3369
9592.163856	83.050	-174.7949
9592.530067	83.046	-175.2412
9592.896278	83.043	-175.6533
9593.262489	83.037	-176.0547
9593.628700	83.034	-176.4072
9593.994911	83.043	-176.7754
9594.361122	83.050	-177.2402
9594.727333	83.042	-177.7080
9595.093544	83.034	-178.1055
9595.459755	83.031	-178.5049
9595.825966	83.025	-178.9189
9596.192177	83.016	-179.2939
9596.558388	83.014	-179.6289
9596.924599	83.024	-179.9863
9597.290810	83.037	179.5674
9597.657021	83.038	179.0654
9598.023232	83.032	178.6035
9598.389443	83.028	178.1631
9598.755654	83.021	177.7129
9599.121865	83.010	177.3320
9599.488076	83.013	176.9883
9599.854287	83.024	176.5508
9600.220498	83.022	176.0742
9600.586709	83.015	175.6631
9600.952920	83.014	175.2920
9601.319131	83.020	174.9131
9601.685342	83.029	174.4795
9602.051553	83.028	174.0215
9602.417763	83.025	173.6582
9602.783974	83.043	173.2861
9603.150185	83.056	172.7295
9603.516396	83.036	172.2100
9603.882607	83.022	171.9014
9604.248818	83.034	171.5420
9604.615029	83.035	171.0547
9604.981240	83.022	170.6543
9605.347451	83.021	170.3086
9605.713662	83.021	169.9150
9606.079873	83.017	169.5674
9606.446084	83.027	169.2344
9606.812295	83.041	168.7852
9607.178506	83.039	168.3027
9607.544717	83.033	167.9111
9607.910928	83.041	167.5166
9608.277139	83.047	167.0088
9608.643350	83.031	166.5146
9609.009561	83.016	166.1836
9609.375772	83.029	165.8604
9609.741983	83.044	165.3389
9610.108194	83.030	164.7822
9610.474405	83.006	164.4082
9610.840616	83.004	164.1025
9611.206827	83.010	163.7275
9611.573038	83.014	163.3418
9611.939249	83.026	162.9424
9612.305460	83.037	162.4414
9612.671671	83.029	161.9248
9613.037882	83.016	161.5332
9613.404092	83.018	161.1875
9613.770303	83.025	160.7666
9614.136514	83.025	160.3262
9614.502725	83.024	159.9160
9614.868936	83.023	159.5029
9615.235147	83.022	159.1123
9615.601358	83.028	158.7266
9615.967569	83.034	158.2744
9616.333780	83.028	157.8213
9616.699991	83.021	157.4307
9617.066202	83.017	157.0508
9617.432413	83.014	156.6973
9617.798624	83.023	156.3516
9618.164835	83.034	155.8887
9618.531046	83.023	155.4131
9618.897257	83.012	155.0957
9619.263468	83.026	154.7676
9619.629679	83.038	154.2744
9619.995890	83.027	153.7969
9620.362101	83.020	153.4531
9620.728312	83.031	153.0781
9621.094523	83.036	152.5840
9621.460734	83.024	152.1309
9621.826945	83.020	151.7832
9622.193156	83.032	151.3682
9622.559367	83.030	150.8604
9622.925578	83.015	150.4570
9623.291789	83.018	150.1357
9623.658000	83.033	149.6953
9624.024211	83.032	149.1875
9624.390422	83.023	148.7549
9624.756632	83.020	148.3594
9625.122843	83.020	147.9619
9625.489054	83.024	147.5664
9625.855265	83.032	147.1143
9626.221476	83.027	146.6221
9626.587687	83.014	146.2207
9626.953898	83.015	145.8945
9627.320109	83.027	145.4824
9627.686320	83.027	144.9912
9628.052531	83.017	144.5869
9628.418742	83.021	144.2383
9628.784953	83.031	143.7793
9629.151164	83.022	143.2900
9629.517375	83.010	142.9268
9629.883586	83.015	142.5791
9630.249797	83.022	142.1426
9630.616008	83.019	141.7061
9630.982219	83.016	141.2998
9631.348430	83.015	140.8896
9631.714641	83.013	140.5020
9632.080852	83.017	140.1162
9632.447063	83.023	139.6797
9632.813274	83.022	139.2246
9633.179485	83.017	138.7988
9633.545696	83.013	138.3984
9633.911907	83.013	138.0068
9634.278118	83.015	137.5977
9634.644329	83.013	137.1689
9635.010540	83.007	136.7803
9635.376751	83.009	136.4258
9635.742961	83.019	136.0215
9636.109172	83.021	135.5625
9636.475383	83.016	135.1309
9636.841594	83.012	134.7422
9637.207805	83.013	134.3584
9637.574016	83.018	133.9561
9637.940227	83.021	133.5186
9638.306438	83.019	133.0820
9638.672649	83.018	132.6641
9639.038860	83.017	132.2070
9639.405071	83.005	131.7637
9639.771282	82.996	131.4385
9640.137493	83.009	131.0938
9640.503704	83.022	130.5820
9640.869915	83.009	130.0557
9641.236126	82.992	129.6650
9641.602337	82.989	129.3242
9641.968548	82.992	128.9336
9642.334759	82.993	128.5225
9642.700970	82.995	128.1338
9643.067181	83.002	127.7090
9643.433392	83.001	127.2324
9643.799603	82.990	126.8369
9644.165814	82.993	126.5098
9644.532025	83.007	126.0898
9644.898236	83.008	125.6250
9645.264447	83.008	125.2100
9645.630658	83.010	124.7627
9645.996869	82.999	124.3428
9646.363080	82.997	124.0449
9646.729291	83.018	123.6670
9647.095501	83.025	123.1299
9647.461712	83.010	122.6797
9647.827923	83.008	122.3369
9648.194134	83.014	121.9072
9648.560345	83.006	121.4512
9648.926556	82.998	121.0977
9649.292767	83.004	120.7275
9649.658978	83.005	120.2852
9650.025189	82.999	119.9043
9650.391400	83.009	119.5410
9650.757611	83.021	119.0410
9651.123822	83.011	118.5254
9651.490033	82.999	118.1289
9651.856244	83.000	117.7217
9652.222455	82.995	117.2559
9652.588666	82.982	116.8564
9652.954877	82.980	116.5098
9653.321088	82.986	116.1133
9653.687299	82.988	115.6768
9654.053510	82.985	115.2559
9654.419721	82.985	114.8574
9654.785932	82.989	114.4375
9655.152143	82.988	113.9961
9655.518354	82.985	113.5908
9655.884565	82.987	113.1963
9656.250776	82.989	112.7666
9656.616987	82.988	112.3516
9656.983198	82.991	111.9385
9657.349409	82.992	111.4678
9657.715620	82.979	111.0146
9658.081831	82.965	110.6621
9658.448041	82.962	110.3623
9658.814252	82.973	110.0273
9659.180463	82.986	109.6016
9659.546674	82.989	109.1240
9659.912885	82.983	108.6807
9660.279096	82.979	108.2598
9660.645307	82.970	107.8496
9661.011518	82.962	107.5146
9661.377729	82.971	107.1953
9661.743940	82.986	106.7617
9662.110151	82.987	106.2754
9662.476362	82.983	105.8564
9662.842573	82.988	105.4502
9663.208784	82.995	104.9629
9663.574995	82.987	104.4551
9663.941206	82.973	104.0352
9664.307417	82.968	103.6689
9664.673628	82.972	103.2637
9665.039839	82.972	102.8203
9665.406050	82.968	102.3818
9665.772261	82.961	101.9609
9666.138472	82.956	101.5713
9666.504683	82.957	101.1846
9666.870894	82.957	100.7520
9667.237105	82.948	100.3359
9667.603316	82.944	100.0020
9667.969527	82.954	99.6406
9668.335738	82.961	99.1797
9668.701949	82.955	98.7393
9669.068160	82.953	98.3604
9669.434370	82.956	97.9639
9669.800581	82.958	97.5586
9670.166792	82.964	97.1406
9670.533003	82.967	96.6621
9670.899214	82.958	96.2129
9671.265425	82.954	95.8330
9671.631636	82.958	95.3936
9671.997847	82.947	94.9316
9672.364058	82.935	94.5967
9672.730269	82.945	94.2734
9673.096480	82.958	93.7998
9673.462691	82.949	93.3027
9673.828902	82.937	92.9375
9674.195113	82.943	92.6016
9674.561324	82.955	92.1494
9674.927535	82.950	91.6621
9675.293746	82.939	91.2861
9675.659957	82.947	90.9570
9676.026168	82.965	90.5117
9676.392379	82.969	89.9570
9676.758590	82.952	89.4570
9677.124801	82.937	89.0977
9677.491012	82.940	88.7607
9677.857223	82.946	88.3193
9678.223434	82.937	87.8906
9678.589645	82.935	87.5703
9678.955856	82.953	87.1680
9679.322067	82.955	86.6338
9679.688278	82.939	86.2139
9680.054489	82.942	85.8818
9680.420700	82.952	85.4043
9680.786910	82.937	84.9102
9681.153121	82.924	84.6016
9681.519332	82.938	84.2549
9681.885543	82.941	83.7471
9682.251754	82.925	83.3457
9682.617965	82.930	83.0430
9682.984176	82.944	82.5762
9683.350387	82.934	82.0918
9683.716598	82.928	81.7539
9684.082809	82.940	81.3311
9684.449020	82.932	80.8379
9684.815231	82.921	80.4961
9685.181442	82.932	80.1484
9685.547653	82.939	79.6709
9685.913864	82.934	79.2324
9686.280075	82.932	78.8125
9686.646286	82.923	78.3887
9687.012497	82.918	78.0840
9687.378708	82.938	77.7295
9687.744919	82.949	77.1914
9688.111130	82.936	76.7158
9688.477341	82.932	76.3350
9688.843552	82.931	75.8779
9689.209763	82.914	75.4678
9689.575974	82.910	75.1680
9689.942185	82.920	74.7842
9690.308396	82.919	74.3418
9690.674607	82.916	73.9570
9691.040818	82.921	73.5303
9691.407029	82.912	73.0742
9691.773239	82.900	72.7402
9692.139450	82.913	72.4131
9692.505661	82.927	71.9004
9692.871872	82.911	71.3740
9693.238083	82.894	71.0459
9693.604294	82.907	70.7178
9693.970505	82.919	70.1748
9694.336716	82.899	69.6436
9694.702927	82.880	69.3164
9695.069138	82.887	68.9658
9695.435349	82.886	68.4824
9695.801560	82.869	68.1074
9696.167771	82.876	67.8320
9696.533982	82.899	67.3828
9696.900193	82.897	66.8193
9697.266404	82.879	66.3936
9697.632615	82.875	66.0635
9697.998826	82.884	65.6807
9698.365037	82.891	65.2432
9698.731248	82.894	64.7803
9699.097459	82.891	64.3154
9699.463670	82.883	63.8828
9699.829881	82.878	63.4814
9700.196092	82.875	63.0898
9700.562303	82.875	62.6787
9700.928514	82.871	62.2510
9701.294725	82.863	61.8633
9701.660936	82.863	61.5000
9702.027147	82.864	61.0928
9702.393358	82.861	60.6914
9702.759569	82.863	60.3184
9703.125779	82.868	59.8779
9703.491990	82.860	59.4189
9703.858201	82.852	59.0605
9704.224412	82.859	58.6973
9704.590623	82.864	58.2402
9704.956834	82.859	57.8164
9705.323045	82.864	57.4121
9705.689256	82.867	56.9170
9706.055467	82.852	56.4453
9706.421678	82.840	56.0977
9706.787889	82.843	55.7676
9707.154100	82.855	55.3789
9707.520311	82.866	54.9014
9707.886522	82.859	54.3887
9708.252733	82.844	54.0215
9708.618944	82.857	53.6934
9708.985155	82.871	53.1484
9709.351366	82.847	52.6387
9709.717577	82.834	52.3906
9710.083788	82.859	52.0264
9710.449999	82.861	51.4414
9710.816210	82.835	51.0391
9711.182421	82.839	50.7725
9711.548632	82.858	50.3125
9711.914843	82.850	49.7783
9712.281054	82.833	49.3721
9712.647265	82.825	49.0176
9713.013476	82.822	48.6758
9713.379687	82.830	48.3271
9713.745898	82.841	47.8682
9714.112108	82.833	47.3799
9714.478319	82.822	47.0068
9714.844530	82.826	46.6484
9715.210741	82.829	46.2178
9715.576952	82.827	45.8125
9715.943163	82.832	45.4189
9716.309374	82.836	44.9834
9716.675585	82.840	44.5703
9717.041796	82.850	44.1113
9717.408007	82.846	43.5859
9717.774218	82.831	43.1768
9718.140429	82.835	42.8066
9718.506640	82.835	42.3193
9718.872851	82.818	41.9316
9719.239062	82.824	41.6426
9719.605273	82.840	41.1709
9719.971484	82.826	40.6895
9720.337695	82.820	40.3906
9720.703906	82.838	39.9941
9721.070117	82.837	39.4648
9721.436328	82.821	39.0664
9721.802539	82.822	38.7256
9722.168750	82.826	38.3115
9722.534961	82.826	37.8857
9722.901172	82.826	37.4395
9723.267383	82.816	36.9844
9723.633594	82.803	36.6143
9723.999805	82.803	36.2676
9724.366016	82.805	35.8525
9724.732227	82.799	35.4346
9725.098438	82.794	35.0713
9725.464648	82.799	34.7041
9725.830859	82.806	34.2568
9726.197070	82.798	33.7871
9726.563281	82.787	33.4297
9726.929492	82.796	33.0947
9727.295703	82.809	32.6113
9727.661914	82.800	32.0918
9728.028125	82.784	31.6982
9728.394336	82.781	31.3525
9728.760547	82.785	30.9707
9729.126758	82.791	30.5430
9729.492969	82.790	30.0557
9729.859180	82.773	29.6240
9730.225391	82.766	29.3213
9730.591602	82.782	28.9600
9730.957813	82.791	28.4424
9731.324024	82.779	27.9414
9731.690235	82.765	27.5352
9732.056446	82.757	27.1670
9732.422657	82.758	26.8076
9732.788868	82.766	26.3848
9733.155079	82.764	25.8848
9733.521290	82.748	25.4580
9733.887501	82.743	25.1250
9734.253712	82.752	24.7344
9734.619923	82.755	24.2686
9734.986134	82.749	23.8164
9735.352345	82.741	23.4072
9735.718556	82.739	23.0557
9736.084767	82.751	22.6797
9736.450978	82.761	22.1650
9736.817188	82.745	21.6660
9737.183399	82.731	21.3594
9737.549610	82.746	21.0498
9737.915821	82.762	20.5840
9738.282032	82.762	20.1045
9738.648243	82.760	19.6660
9739.014454	82.756	19.2266
9739.380665	82.751	18.8398
9739.746876	82.756	18.4443
9740.113087	82.754	17.9658
9740.479298	82.736	17.5771
9740.845509	82.737	17.3115
9741.211720	82.757	16.9102
9741.577931	82.759	16.3770
9741.944142	82.744	15.9541
9742.310353	82.742	15.5879
9742.676564	82.740	15.1445
9743.042775	82.728	14.7529
9743.408986	82.729	14.4277
9743.775197	82.738	14.0000
9744.141408	82.732	13.5400
9744.507619	82.727	13.1533
9744.873830	82.729	12.7363
9745.240041	82.722	12.3105
9745.606252	82.722	11.9600
9745.972463	82.734	11.5322
9746.338674	82.733	11.0156
9746.704885	82.721	10.5938
9747.071096	82.721	10.1885
9747.437307	82.714	9.7285
9747.803517	82.702	9.3711
9748.169728	82.711	9.0479
9748.535939	82.725	8.5635
9748.902150	82.714	8.0391
9749.268361	82.694	7.6494
9749.634572	82.686	7.3672
9750.000783	82.701	7.0791
9750.366994	82.727	6.6221
9750.733205	82.729	6.0146
9751.099416	82.703	5.5537
9751.465627	82.697	5.2529
9751.831838	82.709	4.8154
9752.198049	82.696	4.3037
9752.564260	82.676	3.9766
9752.930471	82.684	3.6797
9753.296682	82.694	3.2363
9753.662893	82.690	2.7979
9754.029104	82.692	2.3994
9754.395315	82.693	1.9346
9754.761526	82.683	1.4961
9755.127737	82.679	1.1426
9755.493948	82.687	0.7383
9755.860159	82.688	0.2637
9756.226370	82.680	-0.1836
9756.592581	82.673	-0.5869
9756.958792	82.669	-0.9717
9757.325003	82.670	-1.3418
9757.691214	82.678	-1.7422
9758.057425	82.685	-2.2344
9758.423636	82.671	-2.7363
9758.789847	82.653	-3.0820
9759.156057	82.659	-3.3740
9759.522268	82.674	-3.8301
9759.888479	82.667	-4.3330
9760.254690	82.656	-4.7168
9760.620901	82.657	-5.1025
9760.987112	82.653	-5.5332
9761.353323	82.647	-5.9170
9761.719534	82.647	-6.3008
9762.085745	82.646	-6.7041
9762.451956	82.646	-7.0977
9762.818167	82.648	-7.5283
9763.184378	82.644	-7.9502
9763.550589	82.646	-8.3506
9763.916800	82.648	-8.8496
9764.283011	82.626	-9.3389
9764.649222	82.604	-9.6387
9765.015433	82.608	-9.8965
9765.381644	82.623	-10.2725
9765.747855	82.633	-10.7227
9766.114066	82.636	-11.2148
9766.480277	82.625	-11.6875
9766.846488	82.615	-12.0615
9767.212699	82.617	-12.4297
9767.578910	82.617	-12.8477
9767.945121	82.616	-13.2188
9768.311332	82.630	-13.5996
9768.677543	82.643	-14.1318
9769.043754	82.628	-14.6729
9769.409965	82.609	-15.0273
9769.776176	82.617	-15.3516
9770.142386	82.627	-15.8301
9770.508597	82.617	-16.3115
9770.874808	82.610	-16.6934
9771.241019	82.612	-17.1191
9771.607230	82.604	-17.5674
9771.973441	82.596	-17.9268
9772.339652	82.603	-18.3232
9772.705863	82.600	-18.8135
9773.072074	82.582	-19.2139
9773.438285	82.579	-19.5107
9773.804496	82.593	-19.8936
9774.170707	82.597	-20.3887
9774.536918	82.586	-20.8486
9774.903129	82.577	-21.2256
9775.269340	82.578	-21.6104
9775.635551	82.578	-22.0293
9776.001762	82.576	-22.4395
9776.367973	82.576	-22.8770
9776.734184	82.565	-23.3105
9777.100395	82.557	-23.6338
9777.466606	82.572	-23.9893
9777.832817	82.579	-24.5078
9778.199028	82.561	-24.9541
9778.565239	82.559	-25.2539
9778.931450	82.576	-25.6748
9779.297661	82.573	-26.1904
9779.663872	82.562	-26.5918
9780.030083	82.565	-26.9814
9780.396294	82.565	-27.4434
9780.762505	82.558	-27.8662
9781.128716	82.556	-28.2861
9781.494926	82.546	-28.7305
9781.861137	82.532	-29.0713
9782.227348	82.538	-29.3721
9782.593559	82.552	-29.8115
9782.959770	82.548	-30.3018
9783.325981	82.540	-30.7012
9783.692192	82.541	-31.1025
9784.058403	82.535	-31.5410
9784.424614	82.526	-31.8818
9784.790825	82.540	-32.2090
9785.157036	82.557	-32.7275
9785.523247	82.544	-33.2695
9785.889458	82.530	-33.6309
9786.255669	82.537	-34.0186
9786.621880	82.534	-34.5029
9786.988091	82.525	-34.8760
9787.354302	82.537	-35.2764
9787.720513	82.534	-35.8447
9788.086724	82.502	-36.2383
9788.452935	82.504	-36.4355
9788.819146	82.535	-36.8867
9789.185357	82.524	-37.4951
9789.551568	82.495	-37.8311
9789.917779	82.505	-38.0879
9790.283990	82.520	-38.5615
9790.650201	82.509	-39.0361
9791.016412	82.502	-39.3799
9791.382623	82.509	-39.7705
9791.748834	82.510	-40.2178
9792.115045	82.508	-40.6562
9792.481256	82.501	-41.1260
9792.847466	82.479	-41.5283
9793.213677	82.470	-41.7930
9793.579888	82.484	-42.1240
9793.946099	82.492	-42.5889
9794.312310	82.486	-43.0127
9794.678521	82.490	-43.4053
9795.044732	82.495	-43.8779
9795.410943	82.488	-44.3594
9795.777154	82.479	-44.7900
9796.143365	82.472	-45.2158
9796.509576	82.464	-45.6260
9796.875787	82.461	-46.0137
9797.241998	82.462	-46.4248
9797.608209	82.462	-46.8652
9797.974420	82.459	-47.3135
9798.340631	82.453	-47.7588
9798.706842	82.444	-48.1729
9799.073053	82.438	-48.5518
9799.439264	82.436	-48.9219
9799.805475	82.439	-49.2812
9800.171686	82.453	-49.6855
9800.537897	82.461	-50.2119
9800.904108	82.444	-50.7197
9801.270319	82.427	-51.0400
9801.636530	82.438	-51.3555
9802.002741	82.449	-51.8408
9802.368952	82.437	-52.3096
9802.735163	82.430	-52.6621
9803.101374	82.433	-53.0518
9803.467585	82.431	-53.4678
9803.833795	82.432	-53.8496
9804.200006	82.436	-54.3027
9804.566217	82.425	-54.7686
9804.932428	82.412	-55.1133
9805.298639	82.417	-55.4590
9805.664850	82.420	-55.8936
9806.031061	82.416	-56.3184
9806.397272	82.414	-56.7236
9806.763483	82.410	-57.1436
9807.129694	82.405	-57.5371
9807.495905	82.406	-57.9287
9807.862116	82.406	-58.3506
9808.228327	82.405	-58.7773
9808.594538	82.401	-59.2139
9808.960749	82.391	-59.6289
9809.326960	82.385	-59.9629
9809.693171	82.396	-60.3154
9810.059382	82.408	-60.7930
9810.425593	82.403	-61.3027
9810.791804	82.391	-61.7432
9811.158015	82.382	-62.1367
9811.524226	82.379	-62.5283
9811.890437	82.375	-62.9385
9812.256648	82.368	-63.3320
9812.622859	82.367	-63.6943
9812.989070	82.372	-64.1270
9813.355281	82.361	-64.6055
9813.721492	82.342	-64.9316
9814.087703	82.351	-65.1904
9814.453914	82.372	-65.6396
9814.820125	82.369	-66.1855
9815.186335	82.352	-66.6143
9815.552546	82.345	-66.9854
9815.918757	82.339	-67.3535
9816.284968	82.341	-67.6807
9816.651179	82.358	-68.0850
9817.017390	82.364	-68.6230
9817.383601	82.348	-69.1035
9817.749812	82.339	-69.4727
9818.116023	82.340	-69.8760
9818.482234	82.335	-70.2949
9818.848445	82.336	-70.6758
9819.214656	82.342	-71.1318
9819.580867	82.332	-71.6172
9819.947078	82.320	-71.9707
9820.313289	82.330	-72.3457
9820.679500	82.330	-72.8613
9821.045711	82.312	-73.2939
9821.411922	82.307	-73.6250
9821.778133	82.311	-74.0439
9822.144344	82.304	-74.4600
9822.510555	82.306	-74.8340
9822.876766	82.309	-75.3281
9823.242977	82.288	-75.7822
9823.609188	82.279	-76.0537
9823.975399	82.297	-76.4424
9824.341610	82.292	-76.9805
9824.707821	82.271	-77.3379
9825.074032	82.280	-77.6250
9825.440243	82.297	-78.1143
9825.806454	82.288	-78.6426
9826.172664	82.272	-79.0518
9826.538875	82.264	-79.4111
9826.905086	82.264	-79.7461
9827.271297	82.278	-80.1396
9827.637508	82.282	-80.6553
9828.003719	82.264	-81.1016
9828.369930	82.257	-81.4004
9828.736141	82.272	-81.7480
9829.102352	82.285	-82.2070
9829.468563	82.289	-82.7119
9829.834774	82.280	-83.2197
9830.200985	82.261	-83.6162
9830.567196	82.259	-83.9219
9830.933407	82.271	-84.3359
9831.299618	82.268	-84.8223
9831.665829	82.257	-85.2227
9832.032040	82.256	-85.5967
9832.398251	82.256	-86.0059
9832.764462	82.255	-86.4092
9833.130673	82.257	-86.8369
9833.496884	82.255	-87.3008
9833.863095	82.246	-87.7637
9834.229306	82.230	-88.1865
9834.595517	82.216	-88.5068
9834.961728	82.225	-88.8223
9835.327939	82.237	-89.3057
9835.694150	82.223	-89.8115
9836.060361	82.209	-90.1709
9836.426572	82.212	-90.5400
9836.792783	82.211	-90.9785
9837.158994	82.207	-91.3818
9837.525204	82.210	-91.8223
9837.891415	82.201	-92.3047
9838.257626	82.185	-92.6895
9838.623837	82.182	-93.0264
9838.990048	82.185	-93.4180
9839.356259	82.184	-93.8174
9839.722470	82.187	-94.2119
9840.088681	82.191	-94.6416
9840.454892	82.190	-95.0996
9840.821103	82.182	-95.5527
9841.187314	82.170	-95.9365
9841.553525	82.169	-96.2656
9841.919736	82.178	-96.6709
9842.285947	82.175	-97.1367
9842.652158	82.165	-97.5195
9843.018369	82.168	-97.8652
9843.384580	82.177	-98.3057
9843.750791	82.172	-98.7900
9844.117002	82.158	-99.2051
9844.483213	82.151	-99.5498
9844.849424	82.156	-99.9150
9845.215635	82.160	-100.3574
9845.581846	82.153	-100.7998
9845.948057	82.146	-101.1670
9846.314268	82.151	-101.5420
9846.680479	82.156	-101.9971
9847.046690	82.152	-102.4609
9847.412901	82.144	-102.8955
9847.779112	82.135	-103.3066
9848.145323	82.130	-103.6621
9848.511533	82.141	-104.0469
9848.877744	82.148	-104.5801
9849.243955	82.127	-105.1055
9849.610166	82.104	-105.4473
9849.976377	82.104	-105.7568
9850.342588	82.107	-106.1562
9850.708799	82.106	-106.5322
9851.075010	82.118	-106.9219
9851.441221	82.125	-107.4629
9851.807432	82.103	-107.9688
9852.173643	82.084	-108.2568
9852.539854	82.097	-108.5615
9852.906065	82.108	-109.0518
9853.272276	82.097	-109.5176
9853.638487	82.091	-109.8721
9854.004698	82.098	-110.2861
9854.370909	82.093	-110.7637
9854.737120	82.080	-111.1484
9855.103331	82.082	-111.4707
9855.469542	82.096	-111.9121
9855.835753	82.092	-112.4541
9856.201964	82.069	-112.8770
9856.568175	82.063	-113.1865
9856.934386	82.071	-113.6016
9857.300597	82.060	-114.0654
9857.666808	82.049	-114.3945
9858.033019	82.060	-114.7402
9858.399230	82.067	-115.2441
9858.765441	82.051	-115.7158
9859.131652	82.041	-116.0625
9859.497863	82.045	-116.4375
9859.864073	82.046	-116.8838
9860.230284	82.040	-117.3076
9860.596495	82.037	-117.6992
9860.962706	82.038	-118.1143
9861.328917	82.035	-118.5635
9861.695128	82.025	-118.9873
9862.061339	82.017	-119.3438
9862.427550	82.022	-119.6963
9862.793761	82.031	-120.1494
9863.159972	82.022	-120.6562
9863.526183	82.001	-121.0371
9863.892394	81.998	-121.3115
9864.258605	82.012	-121.6963
9864.624816	82.010	-122.1641
9864.991027	82.002	-122.5273
9865.357238	82.012	-122.8965
9865.723449	82.018	-123.4053
9866.089660	82.002	-123.8779
9866.455871	81.991	-124.2217
9866.822082	81.996	-124.6016
9867.188293	81.995	-125.0625
9867.554504	81.986	-125.4893
9867.920715	81.982	-125.8652
9868.286926	81.987	-126.2979
9868.653137	81.980	-126.7939
9869.019348	81.959	-127.1982
9869.385559	81.955	-127.4805
9869.751770	81.972	-127.8525
9870.117981	81.980	-128.3770
9870.484192	81.969	-128.8584
9870.850403	81.963	-129.2500
9871.216613	81.965	-129.6953
9871.582824	81.954	-130.1631
9871.949035	81.939	-130.5215
9872.315246	81.940	-130.8301
9872.681457	81.951	-131.2012
9873.047668	81.962	-131.6387
9873.413879	81.966	-132.1484
9873.780090	81.951	-132.6416
9874.146301	81.934	-132.9707
9874.512512	81.945	-133.3076
9874.878723	81.947	-133.8350
9875.244934	81.918	-134.2471
9875.611145	81.915	-134.4473
9875.977356	81.944	-134.8643
9876.343567	81.935	-135.4717
9876.709778	81.902	-135.8340
9877.075989	81.904	-136.0723
9877.442200	81.920	-136.5029
9877.808411	81.914	-137.0000
9878.174622	81.902	-137.4082
9878.540833	81.898	-137.7891
9878.907044	81.897	-138.1924
9879.273255	81.896	-138.6377
9879.639466	81.886	-139.0928
9880.005677	81.872	-139.4697
9880.371888	81.870	-139.7910
9880.738099	81.880	-140.1738
9881.104310	81.886	-140.6504
9881.470521	81.879	-141.1289
9881.836732	81.868	-141.5391
9882.202942	81.863	-141.9307
9882.569153	81.855	-142.3184
9882.935364	81.851	-142.6387
9883.301575	81.865	-142.9873
9883.667786	81.877	-143.4980
9884.033997	81.861	-144.0029
9884.400208	81.846	-144.3340
9884.766419	81.854	-144.6797
9885.132630	81.858	-145.1777
9885.498841	81.840	-145.6279
9885.865052	81.831	-145.9502
9886.231263	81.838	-146.3535
9886.597474	81.828	-146.8467
9886.963685	81.807	-147.1875
9887.329896	81.816	-147.4658
9887.696107	81.834	-147.9570
9888.062318	81.821	-148.5098
9888.428529	81.802	-148.8818
9888.794740	81.806	-149.2578
9889.160951	81.804	-149.7568
9889.527162	81.786	-150.1816
9889.893373	81.781	-150.5254
9890.259584	81.783	-150.9424
9890.625795	81.775	-151.3574
9890.992006	81.773	-151.7119
9891.358217	81.779	-152.1250
9891.724428	81.774	-152.5469
9892.090639	81.775	-152.8857
9892.456850	81.791	-153.3086
9892.823061	81.789	-153.8477
9893.189272	81.767	-154.2490
9893.555482	81.767	-154.5322
9893.921693	81.782	-154.9463
9894.287904	81.779	-155.4336
9894.654115	81.769	-155.8359
9895.020326	81.767	-156.2217
9895.386537	81.763	-156.6211
9895.752748	81.762	-157.0146
9896.118959	81.760	-157.4688
9896.485170	81.742	-157.8809
9896.851381	81.736	-158.1543
9897.217592	81.756	-158.5537
9897.583803	81.750	-159.1387
9897.950014	81.717	-159.5273
9898.316225	81.715	-159.7334
9898.682436	81.740	-160.1436
9899.048647	81.740	-160.7061
9899.414858	81.723	-161.1650
9899.781069	81.711	-161.5459
9900.147280	81.706	-161.9062
9900.513491	81.712	-162.2900
9900.879702	81.715	-162.7881
9901.245913	81.694	-163.2510
9901.612124	81.680	-163.5381
9901.978335	81.692	-163.8535
9902.344546	81.702	-164.3027
9902.710757	81.701	-164.7520
9903.076968	81.699	-165.1992
9903.443179	81.689	-165.6348
9903.809390	81.682	-165.9814
9904.175601	81.691	-166.3799
9904.541811	81.687	-166.8867
9904.908022	81.667	-167.2861
9905.274233	81.665	-167.5947
9905.640444	81.674	-168.0283
9906.006655	81.664	-168.5088
9906.372866	81.650	-168.8877
9906.739077	81.646	-169.2578
9907.105288	81.640	-169.6611
9907.471499	81.635	-170.0186
9907.837710	81.642	-170.4072
9908.203921	81.643	-170.9053
9908.570132	81.624	-171.3594
9908.936343	81.611	-171.6719
9909.302554	81.620	-172.0088
9909.668765	81.628	-172.4883
9910.034976	81.615	-172.9717
9910.401187	81.599	-173.3145
9910.767398	81.605	-173.6182
9911.133609	81.619	-174.0537
9911.499820	81.617	-174.5488
9911.866031	81.607	-174.9531
9912.232242	81.608	-175.3389
9912.598453	81.608	-175.7783
9912.964664	81.602	-176.1855
9913.330875	81.602	-176.5693
9913.697086	81.603	-176.9854
9914.063297	81.603	-177.4033
9914.429508	81.605	-177.8564
9914.795719	81.595	-178.3379
9915.161930	81.579	-178.7197
9915.528141	81.578	-179.0654
9915.894351	81.580	-179.5059
9916.260562	81.569	-179.9316
9916.626773	81.564	179.6992
9916.992984	81.562	179.2754
9917.359195	81.550	178.8691
9917.725406	81.547	178.5498
9918.091617	81.560	178.1387
9918.457828	81.558	177.6064
9918.824039	81.536	177.1699
9919.190250	81.525	176.8467
9919.556461	81.525	176.4941
9919.922672	81.526	176.1299
9920.288883	81.538	175.7529
9920.655094	81.549	175.2256
9921.021305	81.528	174.6729
9921.387516	81.498	174.3721
9921.753727	81.508	174.1680
9922.119938	81.537	173.7168
9922.486149	81.534	173.1328
9922.852360	81.513	172.7090
9923.218571	81.510	172.3691
9923.584782	81.514	171.9277
9923.950993	81.503	171.4668
9924.317204	81.491	171.1074
9924.683415	81.492	170.7354
9925.049626	81.488	170.2783
9925.415837	81.468	169.9053
9925.782048	81.467	169.6514
9926.148259	81.487	169.2705
9926.514470	81.490	168.7373
9926.880681	81.472	168.2998
9927.246891	81.467	167.9629
9927.613102	81.470	167.5547
9927.979313	81.464	167.1318
9928.345524	81.463	166.7646
9928.711735	81.471	166.3213
9929.077946	81.461	165.8213
9929.444157	81.444	165.4629
9929.810368	81.452	165.1436
9930.176579	81.464	164.6270
9930.542790	81.441	164.1016
9930.909001	81.419	163.8125
9931.275212	81.431	163.5273
9931.641423	81.444	163.0312
9932.007634	81.429	162.5361
9932.373845	81.415	162.1826
9932.740056	81.416	161.8301
9933.106267	81.417	161.4316
9933.472478	81.419	161.0205
9933.838689	81.419	160.5557
9934.204900	81.403	160.1035
9934.571111	81.387	159.7998
9934.937322	81.398	159.5186
9935.303533	81.415	159.0459
9935.669744	81.404	158.5195
9936.035955	81.386	158.1826
9936.402166	81.396	157.8701
9936.768377	81.405	157.3711
9937.134588	81.387	156.9072
9937.500799	81.380	156.6289
9937.867010	81.401	156.2480
9938.233220	81.405	155.6689
9938.599431	81.381	155.1992
9938.965642	81.372	154.8711
9939.331853	81.375	154.4346
9939.698064	81.357	153.9629
9940.064275	81.336	153.6670
9940.430486	81.344	153.3848
9940.796697	81.352	152.9365
9941.162908	81.339	152.5195
9941.529119	81.341	152.2080
9941.895330	81.356	151.7393
9942.261541	81.339	151.1943
9942.627752	81.313	150.8936
9942.993963	81.327	150.6211
9943.360174	81.340	150.1006
9943.726385	81.323	149.6230
9944.092596	81.320	149.2842
9944.458807	81.328	148.7734
9944.825018	81.301	148.2490
9945.191229	81.277	147.9775
9945.557440	81.287	147.6553
9945.923651	81.283	147.1816
9946.289862	81.267	146.8711
9946.656073	81.286	146.5869
9947.022284	81.305	146.0557
9947.388495	81.292	145.5234
9947.754706	81.280	145.1484
9948.120917	81.280	144.7373
9948.487128	81.270	144.3184
9948.853339	81.267	143.9980
9949.219550	81.284	143.6064
9949.585760	81.289	143.0586
9949.951971	81.268	142.5596
9950.318182	81.249	142.2266
9950.684393	81.252	141.9092
9951.050604	81.258	141.4707
9951.416815	81.247	141.0156
9951.783026	81.234	140.6582
9952.149237	81.233	140.3008
9952.515448	81.229	139.9023
9952.881659	81.223	139.5645
9953.247870	81.234	139.2246
9953.614081	81.247	138.7422
9953.980292	81.238	138.2178
9954.346503	81.222	137.7998
9954.712714	81.216	137.4229
9955.078925	81.213	136.9922
9955.445136	81.201	136.5645
9955.811347	81.191	136.2197
9956.177558	81.198	135.8770
9956.543769	81.208	135.3955
9956.909980	81.195	134.8623
9957.276191	81.171	134.4834
9957.642402	81.169	134.2002
9958.008613	81.181	133.7891
9958.374824	81.176	133.2891
9958.741035	81.159	132.9043
9959.107246	81.159	132.5791
9959.473457	81.164	132.1504
9959.839668	81.154	131.7285
9960.205879	81.151	131.4189
9960.572089	81.168	131.0146
9960.938300	81.166	130.4736
9961.304511	81.143	130.0605
9961.670722	81.139	129.7627
9962.036933	81.148	129.3379
9962.403144	81.136	128.8477
9962.769355	81.114	128.4922
9963.135566	81.109	128.2295
9963.501777	81.122	127.8887
9963.867988	81.130	127.4141
9964.234199	81.120	126.9375
9964.600410	81.108	126.5547
9964.966621	81.106	126.1523
9965.332832	81.097	125.7188
9965.699043	81.087	125.3701
9966.065254	81.093	124.9863
9966.431465	81.091	124.4922
9966.797676	81.075	124.0771
9967.163887	81.074	123.6943
9967.530098	81.068	123.2051
9967.896309	81.044	122.8154
9968.262520	81.042	122.5498
9968.628731	81.057	122.1270
9968.994942	81.048	121.6260
9969.361153	81.033	121.2734
9969.727364	81.036	120.9521
9970.093575	81.045	120.5596
9970.459786	81.055	120.1328
9970.825997	81.063	119.6094
9971.192208	81.045	119.0713
9971.558419	81.020	118.7207
9971.924629	81.020	118.4561
9972.290840	81.035	118.0479
9972.657051	81.031	117.5635
9973.023262	81.019	117.1709
9973.389473	81.018	116.8164
9973.755684	81.020	116.4014
9974.121895	81.013	115.9912
9974.488106	81.010	115.6211
9974.854317	81.010	115.2100
9975.220528	81.003	114.7861
9975.586739	80.995	114.4170
9975.952950	80.995	114.0391
9976.319161	80.993	113.6309
9976.685372	80.992	113.2178
9977.051583	80.987	112.7559
9977.417794	80.969	112.3447
9977.784005	80.963	112.0537
9978.150216	80.979	111.6445
9978.516427	80.972	111.0771
9978.882638	80.940	110.6758
9979.248849	80.934	110.4346
9979.615060	80.949	110.0498
9979.981271	80.948	109.5361
9980.347482	80.929	109.1055
9980.713693	80.918	108.7891
9981.079904	80.925	108.4590
9981.446115	80.934	108.0039
9981.812326	80.922	107.5205
9982.178537	80.906	107.1904
9982.544748	80.915	106.9082
9982.910958	80.935	106.4512
9983.277169	80.931	105.9023
9983.643380	80.913	105.4717
9984.009591	80.906	105.1152
9984.375802	80.903	104.7217
9984.742013	80.897	104.3516
9985.108224	80.903	104.0039
9985.474435	80.915	103.5400
9985.840646	80.908	103.0195
9986.206857	80.892	102.6016
9986.573068	80.886	102.2080
9986.939279	80.876	101.7783
9987.305490	80.862	101.4141
9987.671701	80.860	101.0791
9988.037912	80.862	100.6699
9988.404123	80.855	100.2510
9988.770334	80.847	99.8857
9989.136545	80.849	99.5361
9989.502756	80.859	99.1152
9989.868967	80.858	98.5830
9990.235178	80.833	98.1240
9990.601389	80.818	97.8506
9990.967600	80.832	97.5127
9991.333811	80.835	97.0029
9991.700022	80.817	96.5586
9992.066233	80.808	96.2158
9992.432444	80.807	95.8320
9992.798655	80.804	95.4219
9993.164866	80.798	95.0059
9993.531077	80.784	94.6152
9993.897288	80.778	94.3213
9994.263498	80.792	93.9648
9994.629709	80.795	93.4512
9994.995920	80.776	93.0322
9995.362131	80.774	92.7432
9995.728342	80.789	92.3193
9996.094553	80.784	91.8057
9996.460764	80.770	91.3857
9996.826975	80.763	90.9980
9997.193186	80.756	90.6045
9997.559397	80.754	90.2354
9997.925608	80.756	89.8203
9998.291819	80.751	89.3887
9998.658030	80.749	88.9922
9999.024241	80.750	88.5244
9999.390452	80.731	88.0361
9999.756663	80.707	87.7012
10000.122874	80.704	87.4258
10000.489085	80.708	87.0762
10000.855296	80.711	86.7090
10001.221507	80.719	86.3105
10001.587718	80.720	85.8506
10001.953929	80.710	85.4336
10002.320140	80.707	85.0732
10002.686351	80.710	84.6768
10003.052562	80.711	84.2441
10003.418773	80.707	83.8105
10003.784984	80.700	83.3916
10004.151195	80.695	82.9912
10004.517406	80.691	82.5645
10004.883617	80.679	82.1387
10005.249828	80.666	81.7910
10005.616038	80.666	81.4570
10005.982249	80.668	81.0508
10006.348460	80.663	80.6406
10006.714671	80.659	80.2715
10007.080882	80.663	79.8730
10007.447093	80.664	79.4092
10007.813304	80.651	78.9404
10008.179515	80.633	78.5508
10008.545726	80.622	78.2344
10008.911937	80.622	77.9053
10009.278148	80.626	77.5293
10009.644359	80.627	77.1133
10010.010570	80.623	76.6816
10010.376781	80.615	76.2842
10010.742992	80.613	75.9072
10011.109203	80.612	75.4854
10011.475414	80.602	75.0537
10011.841625	80.591	74.6875
10012.207836	80.590	74.3486
10012.574047	80.596	73.9492
10012.940258	80.596	73.4863
10013.306469	80.586	73.0391
10013.672680	80.577	72.6396
10014.038891	80.570	72.2422
10014.405102	80.562	71.8516
10014.771313	80.557	71.4961
10015.137524	80.562	71.1221
10015.503735	80.567	70.6826
10015.869946	80.562	70.2080
10016.236157	80.548	69.7900
10016.602367	80.543	69.4688
10016.968578	80.557	69.0605
10017.334789	80.549	68.4971
10017.701000	80.513	68.1357
10018.067211	80.515	68.0117
10018.433422	80.559	67.5928
10018.799633	80.555	66.8965
10019.165844	80.512	66.4951
10019.532055	80.508	66.3027
10019.898266	80.526	65.9033
10020.264477	80.518	65.4316
10020.630688	80.509	65.0938
10020.996899	80.518	64.7188
10021.363110	80.518	64.2373
10021.729321	80.506	63.7861
10022.095532	80.493	63.3877
10022.461743	80.481	63.0049
10022.827954	80.472	62.6572
10023.194165	80.472	62.3008
10023.560376	80.472	61.8770
10023.926587	80.462	61.4502
10024.292798	80.453	61.0742
10024.659009	80.448	60.6982
10025.025220	80.445	60.3115
10025.391431	80.444	59.9170
10025.757642	80.441	59.4834
10026.123853	80.430	59.0840
10026.490064	80.430	58.7510
10026.856275	80.442	58.3203
10027.222486	80.436	57.7939
10027.588697	80.416	57.3838
10027.954907	80.411	57.0596
10028.321118	80.416	56.6543
10028.687329	80.410	56.2031
10029.053540	80.397	55.8115
10029.419751	80.390	55.4883
10029.785962	80.396	55.1631
10030.152173	80.408	54.7393
10030.518384	80.408	54.2412
10030.884595	80.394	53.7861
10031.250806	80.378	53.4150
10031.617017	80.373	53.0908
10031.983228	80.378	52.7266
10032.349439	80.378	52.2812
10032.715650	80.367	51.8730
10033.081861	80.365	51.5303
10033.448072	80.370	51.0918
10033.814283	80.356	50.6133
10034.180494	80.336	50.2998
10034.546705	80.344	50.0234
10034.912916	80.359	49.5713
10035.279127	80.352	49.0713
10035.645338	80.340	48.6816
10036.011549	80.340	48.3086
10036.377760	80.340	47.8682
10036.743971	80.330	47.4287
10037.110182	80.319	47.0557
10037.476393	80.318	46.7012
10037.842604	80.320	46.2871
10038.208815	80.311	45.8506
10038.575026	80.299	45.5186
10038.941236	80.309	45.2139
10039.307447	80.326	44.7109
10039.673658	80.307	44.1279
10040.039869	80.271	43.8027
10040.406080	80.273	43.5957
10040.772291	80.290	43.1592
10041.138502	80.276	42.6641
10041.504713	80.261	42.3408
10041.870924	80.265	41.9678
10042.237135	80.253	41.5039
10042.603346	80.234	41.1943
10042.969557	80.242	40.8994
10043.335768	80.248	40.4287
10043.701979	80.232	40.0078
10044.068190	80.230	39.6934
10044.434401	80.238	39.2529
10044.800612	80.225	38.7842
10045.166823	80.215	38.4473
10045.533034	80.225	38.0508
10045.899245	80.220	37.5391
10046.265456	80.200	37.1396
10046.631667	80.198	36.8193
10046.997878	80.205	36.3789
10047.364089	80.194	35.9131
10047.730300	80.181	35.5605
10048.096511	80.183	35.2090
10048.462722	80.185	34.7910
10048.828933	80.182	34.3711
10049.195144	80.176	33.9600
10049.561355	80.168	33.5879
10049.927566	80.171	33.2529
10050.293776	80.183	32.8066
10050.659987	80.172	32.2930
10051.026198	80.151	31.9316
10051.392409	80.151	31.6270
10051.758620	80.155	31.1982
10052.124831	80.144	30.7832
10052.491042	80.139	30.4277
10052.857253	80.136	30.0137
10053.223464	80.121	29.6455
10053.589675	80.120	29.3701
10053.955886	80.135	28.9834
10054.322097	80.134	28.4961
10054.688308	80.121	28.0928
10055.054519	80.120	27.7334
10055.420730	80.121	27.3105
10055.786941	80.114	26.8691
10056.153152	80.103	26.4795
10056.519363	80.098	26.1279
10056.885574	80.098	25.7461
10057.251785	80.095	25.3418
10057.617996	80.092	24.9814
10057.984207	80.099	24.5918
10058.350418	80.099	24.1152
10058.716629	80.086	23.6855
10059.082840	80.079	23.3311
10059.449051	80.079	22.9316
10059.815262	80.072	22.5234
10060.181473	80.070	22.1455
10060.547684	80.068	21.7021
10060.913895	80.050	21.2773
10061.280106	80.038	20.9824
10061.646316	80.046	20.6396
10062.012527	80.045	20.1680
10062.378738	80.027	19.7744
10062.744949	80.023	19.4668
10063.111160	80.028	19.0635
10063.477371	80.018	18.6309
10063.843582	80.010	18.2988
10064.209793	80.020	17.9209
10064.576004	80.020	17.4160
10064.942215	80.000	16.9727
10065.308426	79.990	16.6406
10065.674637	79.993	16.2529
10066.040848	79.987	15.8027
10066.407059	79.975	15.4033
10066.773270	79.968	15.0400
10067.139481	79.966	14.6680
10067.505692	79.966	14.2842
10067.871903	79.968	13.8604
10068.238114	79.961	13.4209
10068.604325	79.953	13.0400
10068.970536	79.955	12.6602
10069.336747	79.954	12.1982
10069.702958	79.937	11.7705
10070.069169	79.925	11.4590
10070.435380	79.930	11.1348
10070.801591	79.935	10.7412
10071.167802	79.937	10.3398
10071.534013	79.940	9.8896
10071.900224	79.929	9.4336
10072.266435	79.917	9.0918
10072.632645	79.923	8.7256
10072.998856	79.920	8.2334
10073.365067	79.896	7.8379
10073.731278	79.889	7.5762
10074.097489	79.901	7.2070
10074.463700	79.900	6.7393
10074.829911	79.888	6.3330
10075.196122	79.882	5.9551
10075.562333	79.873	5.5586
10075.928544	79.864	5.2227
10076.294755	79.869	4.9053
10076.660966	79.881	4.4619
10077.027177	79.873	3.9482
10077.393388	79.851	3.5605
10077.759599	79.846	3.2617
10078.125810	79.853	2.8975
10078.492021	79.859	2.4727
10078.858232	79.863	1.9834
10079.224443	79.847	1.4570
10079.590654	79.816	1.0889
10079.956865	79.808	0.8486
10080.323076	79.816	0.4990
10080.689287	79.813	0.1289
10081.055498	79.823	-0.1855
10081.421709	79.845	-0.6816
10081.787920	79.831	-1.2725
10082.154131	79.802	-1.6318
10082.520342	79.805	-1.9375
10082.886553	79.806	-2.4209
10083.252764	79.781	-2.8525
10083.618975	79.765	-3.1162
10083.985185	79.770	-3.4111
10084.351396	79.777	-3.8027
10084.717607	79.777	-4.2334
10085.083818	79.769	-4.6680
10085.450029	79.756	-5.0439
10085.816240	79.752	-5.3896
10086.182451	79.750	-5.7871
10086.548662	79.741	-6.1855
10086.914873	79.733	-6.5342
10087.281084	79.732	-6.8779
10087.647295	79.736	-7.2451
10088.013506	79.743	-7.6787
10088.379717	79.738	-8.1807
10088.745928	79.718	-8.6133
10089.112139	79.706	-8.9443
10089.478350	79.706	-9.3115
10089.844561	79.701	-9.7207
10090.210772	79.694	-10.0996
10090.576983	79.690	-10.4844
10090.943194	79.681	-10.8584
10091.309405	79.680	-11.1650
10091.675616	79.697	-11.5537
10092.041827	79.698	-12.1035
10092.408038	79.670	-12.5469
10092.774249	79.658	-12.7920
10093.140460	79.673	-13.1338
10093.506671	79.672	-13.6045
10093.872882	79.662	-13.9619
10094.239093	79.674	-14.3213
10094.605304	79.678	-14.8564
10094.971514	79.651	-15.3164
10095.337725	79.637	-15.5742
10095.703936	79.651	-15.9043
10096.070147	79.656	-16.3994
10096.436358	79.641	-16.8574
10096.802569	79.629	-17.2090
10097.168780	79.630	-17.5674
10097.534991	79.632	-18.0020
10097.901202	79.622	-18.4521
10098.267413	79.609	-18.8369
10098.633624	79.605	-19.1924
10098.999835	79.603	-19.5938
10099.366046	79.595	-19.9990
10099.732257	79.587	-20.3398
10100.098468	79.594	-20.6807
10100.464679	79.603	-21.1289
10100.830890	79.596	-21.6182
10101.197101	79.582	-22.0107
10101.563312	79.581	-22.3682
10101.929523	79.583	-22.8096
10102.295734	79.570	-23.2500
10102.661945	79.558	-23.6035
10103.028156	79.556	-23.9697
10103.394367	79.547	-24.3574
10103.760578	79.540	-24.6631
10104.126789	79.551	-24.9902
10104.493000	79.560	-25.4766
10104.859211	79.543	-25.9434
10105.225422	79.529	-26.2549
10105.591633	79.534	-26.6064
10105.957844	79.528	-27.0439
10106.324054	79.516	-27.3838
10106.690265	79.523	-27.7236
10107.056476	79.524	-28.1963
10107.422687	79.505	-28.6025
10107.788898	79.500	-28.8984
10108.155109	79.508	-29.3047
10108.521320	79.498	-29.7754
10108.887531	79.481	-30.1240
10109.253742	79.480	-30.4336
10109.619953	79.485	-30.8242
10109.986164	79.484	-31.2559
10110.352375	79.477	-31.6777
10110.718586	79.467	-32.0654
10111.084797	79.462	-32.4170
10111.451008	79.465	-32.7861
10111.817219	79.468	-33.2275
10112.183430	79.458	-33.6934
10112.549641	79.440	-34.0664
10112.915852	79.434	-34.3457
10113.282063	79.446	-34.6875
10113.648274	79.454	-35.1572
10114.014485	79.444	-35.6396
10114.380696	79.427	-36.0430
10114.746907	79.413	-36.3760
10115.113118	79.409	-36.6836
10115.479329	79.413	-37.0293
10115.845540	79.414	-37.4170
10116.211751	79.413	-37.8037
10116.577962	79.413	-38.1943
10116.944173	79.411	-38.5938
10117.310383	79.409	-38.9854
10117.676594	79.409	-39.3906
10118.042805	79.406	-39.8213
10118.409016	79.399	-40.2520
10118.775227	79.388	-40.6680
10119.141438	79.375	-41.0254
10119.507649	79.374	-41.3496
10119.873860	79.381	-41.7559
10120.240071	79.377	-42.2178
10120.606282	79.368	-42.6230
10120.972493	79.365	-43.0342
10121.338704	79.353	-43.4766
10121.704915	79.335	-43.8193
10122.071126	79.334	-44.0996
10122.437337	79.346	-44.4766
10122.803548	79.348	-44.9404
10123.169759	79.338	-45.3789
10123.535970	79.328	-45.7578
10123.902181	79.325	-46.1250
10124.268392	79.321	-46.5254
10124.634603	79.312	-46.9160
10125.000814	79.304	-47.2432
10125.367025	79.308	-47.5752
10125.733236	79.314	-47.9854
10126.099447	79.312	-48.4307
10126.465658	79.304	-48.8730
10126.831869	79.288	-49.2910
10127.198080	79.271	-49.6172
10127.564291	79.271	-49.8955
10127.930502	79.282	-50.2979
10128.296713	79.273	-50.7744
10128.662923	79.254	-51.1094
10129.029134	79.260	-51.3877
10129.395345	79.275	-51.8281
10129.761556	79.270	-52.3271
10130.127767	79.259	-52.7490
10130.493978	79.250	-53.1719
10130.860189	79.235	-53.5537
10131.226400	79.232	-53.8613
10131.592611	79.241	-54.2764
10131.958822	79.229	-54.7412
10132.325033	79.216	-55.0430
10132.691244	79.229	-55.3691
10133.057455	79.234	-55.8682
10133.423666	79.215	-56.2764
10133.789877	79.215	-56.5723
10134.156088	79.225	-57.0098
10134.522299	79.211	-57.4785
10134.888510	79.196	-57.7832
10135.254721	79.203	-58.1104
10135.620932	79.203	-58.5723
10135.987143	79.183	-58.9629
10136.353354	79.175	-59.2393
10136.719565	79.181	-59.5762
10137.085776	79.181	-59.9824
10137.451987	79.175	-60.3604
10137.818198	79.174	-60.7432
10138.184409	79.168	-61.1533
10138.550620	79.159	-61.5234
10138.916831	79.157	-61.8828
10139.283042	79.156	-62.2949
10139.649253	79.149	-62.7129
10140.015463	79.140	-63.1016
10140.381674	79.134	-63.4756
10140.747885	79.132	-63.8525
10141.114096	79.132	-64.2666
10141.480307	79.125	-64.6973
10141.846518	79.115	-65.0664
10142.212729	79.116	-65.4131
10142.578940	79.122	-65.8262
10142.945151	79.120	-66.2861
10143.311362	79.110	-66.7158
10143.677573	79.100	-67.0791
10144.043784	79.101	-67.4395
10144.409995	79.099	-67.8760
10144.776206	79.082	-68.2842
10145.142417	79.068	-68.5420
10145.508628	79.082	-68.7998
10145.874839	79.102	-69.2480
10146.241050	79.096	-69.7871
10146.607261	79.069	-70.1855
10146.973472	79.058	-70.4297
10147.339683	79.071	-70.7471
10147.705894	79.077	-71.2363
10148.072105	79.056	-71.6914
10148.438316	79.037	-71.9785
10148.804527	79.040	-72.2617
10149.170738	79.047	-72.6650
10149.536949	79.041	-73.0879
10149.903160	79.035	-73.4580
10150.269371	79.035	-73.8486
10150.635582	79.031	-74.2783
10151.001792	79.021	-74.6777
10151.368003	79.016	-75.0547
10151.734214	79.013	-75.4482
10152.100425	79.009	-75.8389
10152.466636	79.008	-76.2539
10152.832847	78.999	-76.6924
10153.199058	78.985	-77.0410
10153.565269	78.987	-77.3584
10153.931480	78.992	-77.7852
10154.297691	78.981	-78.1914
10154.663902	78.979	-78.5010
10155.030113	78.990	-78.9033
10155.396324	78.985	-79.3770
10155.762535	78.972	-79.7559
10156.128746	78.969	-80.1260
10156.494957	78.960	-80.5205
10156.861168	78.951	-80.8242
10157.227379	78.962	-81.1689
10157.593590	78.963	-81.6553
10157.959801	78.943	-82.0752
10158.326012	78.932	-82.3877
10158.692223	78.930	-82.7549
10159.058434	78.920	-83.1309
10159.424645	78.913	-83.4434
10159.790856	78.917	-83.7812
10160.157067	78.920	-84.1709
10160.523278	78.922	-84.5830
10160.889489	78.919	-85.0244
10161.255700	78.909	-85.4424
10161.621911	78.903	-85.8174
10161.988122	78.900	-86.2227
10162.354332	78.890	-86.6240
10162.720543	78.885	-86.9688
10163.086754	78.890	-87.3604
10163.452965	78.884	-87.8125
10163.819176	78.870	-88.1787
10164.185387	78.871	-88.4961
10164.551598	78.877	-88.9141
10164.917809	78.867	-89.3389
10165.284020	78.861	-89.6602
10165.650231	78.871	-90.0225
10166.016442	78.874	-90.5068
10166.382653	78.858	-90.9473
10166.748864	78.845	-91.2764
10167.115075	78.847	-91.6162
10167.481286	78.847	-92.0322
10167.847497	78.836	-92.4531
10168.213708	78.822	-92.7949
10168.579919	78.820	-93.0928
10168.946130	78.827	-93.4590
10169.312341	78.828	-93.9043
10169.678552	78.816	-94.3213
10170.044763	78.806	-94.6680
10170.410974	78.805	-95.0205
10170.777185	78.804	-95.4268
10171.143396	78.795	-95.8213
10171.509607	78.788	-96.1582
10171.875818	78.792	-96.5000
10172.242029	78.801	-96.9287
10172.608240	78.795	-97.4307
10172.974451	78.771	-97.8564
10173.340661	78.754	-98.1006
10173.706872	78.771	-98.3760
10174.073083	78.785	-98.8916
10174.439294	78.761	-99.3848
10174.805505	78.743	-99.6455
10175.171716	78.756	-99.9629
10175.537927	78.757	-100.4482
10175.904138	78.738	-100.8281
10176.270349	78.737	-101.0947
10176.636560	78.753	-101.4902
10177.002771	78.751	-102.0195
10177.368982	78.724	-102.4590
10177.735193	78.705	-102.6982
10178.101404	78.720	-102.9570
10178.467615	78.736	-103.4424
10178.833826	78.721	-103.9287
10179.200037	78.711	-104.2646
10179.566248	78.715	-104.7002
10179.932459	78.692	-105.1777
10180.298670	78.666	-105.4121
10180.664881	78.680	-105.6299
10181.031092	78.695	-106.0762
10181.397303	78.687	-106.5068
10181.763514	78.688	-106.8486
10182.129725	78.696	-107.3096
10182.495936	78.679	-107.7842
10182.862147	78.661	-108.0830
10183.228358	78.669	-108.3545
10183.594569	78.684	-108.7910
10183.960780	78.677	-109.2832
10184.326991	78.661	-109.6533
10184.693201	78.661	-109.9863
10185.059412	78.662	-110.4062
10185.425623	78.651	-110.8096
10185.791834	78.644	-111.1543
10186.158045	78.641	-111.5430
10186.524256	78.629	-111.9062
10186.890467	78.624	-112.1914
10187.256678	78.632	-112.5273
10187.622889	78.638	-112.9121
10187.989100	78.646	-113.3232
10188.355311	78.647	-113.8428
10188.721522	78.621	-114.3076
10189.087733	78.604	-114.5869
10189.453944	78.611	-114.9326
10189.820155	78.604	-115.4043
10190.186366	78.582	-115.7588
10190.552577	78.578	-116.0361
10190.918788	78.582	-116.3896
10191.284999	78.584	-116.7773
10191.651210	78.585	-117.1953
10192.017421	78.577	-117.6406
10192.383632	78.564	-118.0107
10192.749843	78.562	-118.3613
10193.116054	78.559	-118.7812
10193.482265	78.545	-119.1836
10193.848476	78.532	-119.5010
10194.214687	78.531	-119.7803
10194.580898	78.545	-120.1064
10194.947109	78.559	-120.5625
10195.313320	78.552	-121.0605
10195.679531	78.539	-121.4531
10196.045741	78.536	-121.8320
10196.411952	78.526	-122.2471
10196.778163	78.514	-122.5547
10197.144374	78.525	-122.8535
10197.510585	78.538	-123.3350
10197.876796	78.522	-123.8291
10198.243007	78.503	-124.1670
10198.609218	78.499	-124.4648
10198.975429	78.502	-124.8027
10199.341640	78.508	-125.1855
10199.707851	78.508	-125.6191
10200.074062	78.499	-126.0322
10200.440273	78.492	-126.4062
10200.806484	78.484	-126.7793
10201.172695	78.477	-127.1064
10201.538906	78.483	-127.4346
10201.905117	78.489	-127.8711
10202.271328	78.479	-128.3076
10202.637539	78.470	-128.6602
10203.003750	78.467	-129.0303
10203.369961	78.460	-129.3955
10203.736172	78.461	-129.7148
10204.102383	78.471	-130.1367
10204.468594	78.463	-130.6348
10204.834805	78.440	-131.0166
10205.201016	78.429	-131.3096
10205.567227	78.427	-131.6055
10205.933438	78.434	-131.9072
10206.299649	78.450	-132.3223
10206.665860	78.447	-132.8398
10207.032070	78.427	-133.2334
10207.398281	78.424	-133.5479
10207.764492	78.427	-133.9766
10208.130703	78.413	-134.4053
10208.496914	78.403	-134.7549
10208.863125	78.396	-135.1426
10209.229336	78.379	-135.4922
10209.595547	78.375	-135.7607
10209.961758	78.383	-136.1221
10210.327969	78.379	-136.5176
10210.694180	78.381	-136.8428
10211.060391	78.396	-137.2891
10211.426602	78.386	-137.8389
10211.792813	78.359	-138.2334
10212.159024	78.348	-138.5293
10212.525235	78.346	-138.8682
10212.891446	78.345	-139.2070
10213.257657	78.352	-139.5918
10213.623868	78.350	-140.0459
10213.990079	78.337	-140.4346
10214.356290	78.331	-140.7578
10214.722501	78.334	-141.0928
10215.088712	78.345	-141.4717
10215.454923	78.352	-141.9600
10215.821134	78.334	-142.4531
10216.187345	78.313	-142.7598
10216.553556	78.319	-143.0537
10216.919767	78.321	-143.4922
10217.285978	78.304	-143.8496
10217.652189	78.307	-144.1064
10218.018400	78.323	-144.5029
10218.384610	78.321	-144.9639
10218.750821	78.315	-145.3428
10219.117032	78.318	-145.7598
10219.483243	78.308	-146.2246
10219.849454	78.291	-146.6064
10220.215665	78.281	-146.9590
10220.581876	78.267	-147.3047
10220.948087	78.257	-147.5576
10221.314298	78.272	-147.8252
10221.680509	78.290	-148.2822
10222.046720	78.281	-148.8066
10222.412931	78.256	-149.1699
10222.779142	78.252	-149.4160
10223.145353	78.268	-149.7637
10223.511564	78.272	-150.2529
10223.877775	78.254	-150.6836
10224.243986	78.244	-150.9707
10224.610197	78.255	-151.3057
10224.976408	78.257	-151.7617
10225.342619	78.244	-152.1436
10225.708830	78.247	-152.4531
10226.075041	78.257	-152.8936
10226.441252	78.244	-153.3613
10226.807463	78.230	-153.6709
10227.173674	78.238	-154.0049
10227.539885	78.239	-154.4756
10227.906096	78.221	-154.8779
10228.272307	78.212	-155.1836
10228.638518	78.210	-155.5312
10229.004729	78.205	-155.8691
10229.370939	78.211	-156.1963
10229.737150	78.217	-156.6318
10230.103361	78.203	-157.0527
10230.469572	78.197	-157.3389
10230.835783	78.211	-157.7061
10231.201994	78.210	-158.2197
10231.568205	78.188	-158.6182
10231.934416	78.185	-158.9014
10232.300627	78.194	-159.3154
10232.666838	78.182	-159.7822
10233.033049	78.167	-160.1240
10233.399260	78.166	-160.4658
10233.765471	78.159	-160.8662
10234.131682	78.148	-161.1738
10234.497893	78.158	-161.4717
10234.864104	78.170	-161.9346
10235.230315	78.157	-162.4141
10235.596526	78.140	-162.7490
10235.962737	78.140	-163.0605
10236.328948	78.143	-163.4365
10236.695159	78.142	-163.8252
10237.061370	78.141	-164.2188
10237.427581	78.138	-164.6230
10237.793792	78.134	-165.0332
10238.160003	78.124	-165.4502
10238.526214	78.108	-165.8057
10238.892425	78.102	-166.0850
10239.258636	78.109	-166.4170
10239.624847	78.113	-166.8301
10239.991058	78.109	-167.2266
10240.357269	78.108	-167.6406
10240.723479	78.095	-168.0771
10241.089690	78.074	-168.3711
10241.455901	78.081	-168.5781
10241.822112	78.107	-168.9805
10242.188323	78.108	-169.5361
10242.554534	78.086	-169.9707
10242.920745	78.073	-170.2803
10243.286956	78.074	-170.6055
10243.653167	78.080	-170.9785
10244.019378	78.083	-171.4189
10244.385589	78.071	-171.8730
10244.751800	78.055	-172.2158
10245.118011	78.055	-172.5293
10245.484222	78.057	-172.9365
10245.850433	78.046	-173.3262
10246.216644	78.041	-173.6406
10246.582855	78.045	-174.0010
10246.949066	78.042	-174.3906
10247.315277	78.041	-174.7461
10247.681488	78.045	-175.1396
10248.047699	78.040	-175.5703
10248.413910	78.030	-175.9512
10248.780121	78.026	-176.3105
10249.146332	78.020	-176.6924
10249.512543	78.010	-177.0430
10249.878754	78.008	-177.3447
10250.244965	78.016	-177.6943
10250.611176	78.019	-178.1309
10250.977387	78.008	-178.5332
10251.343598	78.003	-178.8594
10251.709808	78.009	-179.2559
10252.076019	77.998	-179.7012
10252.442230	77.983	179.9785
10252.808441	77.987	179.6836
10253.174652	77.993	179.2568
10253.540863	77.980	178.8633
10253.907074	77.980	178.5693
10254.273285	77.993	178.1729
10254.639496	77.991	177.6865
10255.005707	77.978	177.2861
10255.371918	77.974	176.9180
10255.738129	77.967	176.5146
10256.104340	77.958	176.1719
10256.470551	77.962	175.8379
10256.836762	77.966	175.3984
10257.202973	77.952	174.9824
10257.569184	77.945	174.6826
10257.935395	77.954	174.3369
10258.301606	77.957	173.9004
10258.667817	77.951	173.5068
10259.034028	77.951	173.1309
10259.400239	77.947	172.7090
10259.766450	77.935	172.3467
10260.132661	77.935	172.0410
10260.498872	77.942	171.6475
10260.865083	77.935	171.2314
10261.231294	77.928	170.9297
10261.597505	77.942	170.6006
10261.963716	77.952	170.1074
10262.329927	77.937	169.6230
10262.696138	77.919	169.2842
10263.062348	77.917	168.9600
10263.428559	77.914	168.5713
10263.794770	77.906	168.2051
10264.160981	77.903	167.8564
10264.527192	77.899	167.4619
10264.893403	77.886	167.1016
10265.259614	77.881	166.8105
10265.625825	77.888	166.4668
10265.992036	77.888	166.0527
10266.358247	77.881	165.6797
10266.724458	77.880	165.3252
10267.090669	77.880	164.9199
10267.456880	77.872	164.5156
10267.823091	77.862	164.1719
10268.189302	77.861	163.8564
10268.555513	77.870	163.4863
10268.921724	77.872	163.0303
10269.287935	77.860	162.6064
10269.654146	77.853	162.2695
10270.020357	77.856	161.8750
10270.386568	77.844	161.4375
10270.752779	77.827	161.1553
10271.118990	77.841	160.9053
10271.485201	77.861	160.4424
10271.851412	77.851	159.9287
10272.217623	77.834	159.5908
10272.583834	77.839	159.2822
10272.950045	77.847	158.8525
10273.316256	77.839	158.4131
10273.682467	77.830	158.0586
10274.048678	77.833	157.7021
10274.414888	77.834	157.2656
10274.781099	77.818	156.8379
10275.147310	77.800	156.5459
10275.513521	77.805	156.3262
10275.879732	77.829	155.9668
10276.245943	77.838	155.4248
10276.612154	77.814	154.9443
10276.978365	77.793	154.6797
10277.344576	77.803	154.4287
10277.710787	77.819	153.9795
10278.076998	77.806	153.4795
10278.443209	77.784	153.1416
10278.809420	77.780	152.8809
10279.175631	77.787	152.5342
10279.541842	77.786	152.1191
10279.908053	77.773	151.7617
10280.274264	77.771	151.5010
10280.640475	77.789	151.1797
10281.006686	77.801	150.6855
10281.372897	77.787	150.2246
10281.739108	77.780	149.9141
10282.105319	77.793	149.5186
10282.471530	77.788	148.9922
10282.837741	77.764	148.5889
10283.203952	77.755	148.2900
10283.570163	77.754	147.9111
10283.936374	77.742	147.5371
10284.302585	77.735	147.2432
10284.668796	77.740	146.9180
10285.035007	77.743	146.5361
10285.401217	77.743	146.1572
10285.767428	77.743	145.7715
10286.133639	77.742	145.3652
10286.499850	77.735	144.9570
10286.866061	77.723	144.5762
10287.232272	77.711	144.2783
10287.598483	77.716	144.0195
10287.964694	77.733	143.6445
10288.330905	77.736	143.1543
10288.697116	77.720	142.7344
10289.063327	77.712	142.4307
10289.429538	77.719	142.0957
10289.795749	77.724	141.6846
10290.161960	77.724	141.2744
10290.528171	77.727	140.8398
10290.894382	77.720	140.3486
10291.260593	77.697	139.9385
10291.626804	77.685	139.6484
10291.993015	77.689	139.2959
10292.359226	77.680	138.8838
10292.725437	77.668	138.5928
10293.091648	77.682	138.3193
10293.457859	77.700	137.8525
10293.824070	77.688	137.3379
10294.190281	77.668	136.9951
10294.556492	77.669	136.7217
10294.922703	77.681	136.3389
10295.288914	77.679	135.8857
10295.655125	77.667	135.5020
10296.021336	77.663	135.1973
10296.387547	77.671	134.8369
10296.753757	77.670	134.4062
10297.119968	77.659	134.0527
10297.486179	77.664	133.7412
10297.852390	77.671	133.3057
10298.218601	77.655	132.8643
10298.584812	77.639	132.5957
10298.951023	77.649	132.3213
10299.317234	77.656	131.9121
10299.683445	77.651	131.5352
10300.049656	77.657	131.1816
10300.415867	77.660	130.7178
10300.782078	77.643	130.2861
10301.148289	77.632	129.9893
10301.514500	77.639	129.6523
10301.880711	77.641	129.2129
10302.246922	77.632	128.7842
10302.613133	77.623	128.4014
10302.979344	77.616	128.0215
10303.345555	77.607	127.6318
10303.711766	77.594	127.2783
10304.077977	77.588	126.9873
10304.444188	77.595	126.6680
10304.810399	77.601	126.2715
10305.176610	77.602	125.8584
10305.542821	77.599	125.4346
10305.909032	77.587	125.0400
10306.275243	77.580	124.7324
10306.641454	77.586	124.4014
10307.007665	77.588	124.0010
10307.373876	77.584	123.6455
10307.740086	77.588	123.3027
10308.106297	77.592	122.9170
10308.472508	77.595	122.5332
10308.838719	77.599	122.1025
10309.204930	77.587	121.6680
10309.571141	77.575	121.3594
10309.937352	77.582	121.0420
10310.303563	77.583	120.6328
10310.669774	77.579	120.2822
10311.035985	77.587	119.9189
10311.402196	77.586	119.4580
10311.768407	77.573	119.0908
10312.134618	77.578	118.7617
10312.500829	77.580	118.2891
10312.867040	77.558	117.8994
10313.233251	77.557	117.6787
10313.599462	77.581	117.2764
10313.965673	77.573	116.7188
10314.331884	77.545	116.3965
10314.698095	77.554	116.1758
10315.064306	77.574	115.7119
10315.430517	77.559	115.2158
10315.796728	77.544	114.9199
10316.162939	77.553	114.5898
10316.529150	77.554	114.1475
10316.895361	77.545	113.7607
10317.261572	77.539	113.3877
10317.627783	77.527	113.0352
10317.993994	77.523	112.7920
10318.360205	77.541	112.4609
10318.726416	77.543	111.9717
10319.092626	77.524	111.6104
10319.458837	77.526	111.3613
10319.825048	77.543	110.9648
10320.191259	77.539	110.4736
10320.557470	77.519	110.1006
10320.923681	77.513	109.8467
10321.289892	77.530	109.5117
10321.656103	77.536	108.9902
10322.022314	77.508	108.5459
10322.388525	77.491	108.3496
10322.754736	77.515	108.0879
10323.120947	77.535	107.5596
10323.487158	77.518	107.0244
10323.853369	77.494	106.6729
10324.219580	77.490	106.3838
10324.585791	77.495	106.0059
10324.952002	77.487	105.5928
10325.318213	77.479	105.2754
10325.684424	77.487	104.9473
10326.050635	77.492	104.4854
10326.416846	77.475	104.0723
10326.783057	77.467	103.7852
10327.149268	77.471	103.4443
10327.515479	77.468	103.0771
10327.881690	77.469	102.7939
10328.247901	77.490	102.4492
10328.614112	77.506	101.9170
10328.980323	77.487	101.3574
10329.346534	77.451	101.0283
10329.712745	77.447	100.8750
10330.078956	77.475	100.5381
10330.445166	77.477	100.0039
10330.811377	77.454	99.6318
10331.177588	77.456	99.3779
10331.543799	77.468	98.9678
10331.910010	77.460	98.5371
10332.276221	77.456	98.2188
10332.642432	77.466	97.8213
10333.008643	77.458	97.3516
10333.374854	77.441	97.0156
10333.741065	77.442	96.7412
10334.107276	77.454	96.3691
10334.473487	77.457	95.9395
10334.839698	77.453	95.5098
10335.205909	77.441	95.1094
10335.572120	77.432	94.8047
10335.938331	77.442	94.4873
10336.304542	77.449	94.0098
10336.670753	77.427	93.5742
10337.036964	77.412	93.3525
10337.403175	77.429	93.0889
10337.769386	77.442	92.6592
10338.135597	77.442	92.2480
10338.501808	77.446	91.8457
10338.868019	77.443	91.4082
10339.234230	77.438	91.0391
10339.600441	77.444	90.6270
10339.966652	77.434	90.1191
10340.332863	77.406	89.7734
10340.699074	77.404	89.5391
10341.065285	77.415	89.1494
10341.431495	77.405	88.7354
10341.797706	77.400	88.4238
10342.163917	77.405	88.0469
10342.530128	77.398	87.6387
10342.896339	77.393	87.3057
10343.262550	77.394	86.9316
10343.628761	77.384	86.5439
10343.994972	77.376	86.2812
10344.361183	77.392	85.9971
10344.727394	77.408	85.5342
10345.093605	77.398	85.0537
10345.459816	77.384	84.7207
10345.826027	77.387	84.4316
10346.192238	77.399	84.0488
10346.558449	77.402	83.6143
10346.924660	77.399	83.2061
10347.290871	77.397	82.8047
10347.657082	77.391	82.4014
10348.023293	77.384	82.0381
10348.389504	77.384	81.6904
10348.755715	77.386	81.3027
10349.121926	77.382	80.9092
10349.488137	77.378	80.5605
10349.854348	77.382	80.2051
10350.220559	77.385	79.7881
10350.586770	77.378	79.3867
10350.952981	77.373	79.0439
10351.319192	77.375	78.6719
10351.685403	77.369	78.2832
10352.051614	77.364	77.9590
10352.417825	77.370	77.6201
10352.784035	77.373	77.2139
10353.150246	77.369	76.8389
10353.516457	77.371	76.4736
10353.882668	77.370	76.0654
10354.248879	77.364	75.6875
10354.615090	77.362	75.3252
10354.981301	77.358	74.9336
10355.347512	77.351	74.5908
10355.713723	77.353	74.2646
10356.079934	77.358	73.8779
10356.446145	77.358	73.4912
10356.812356	77.361	73.0869
10357.178567	77.355	72.6357
10357.544778	77.340	72.2754
10357.910989	77.339	71.9834
10358.277200	77.346	71.5957
10358.643411	77.341	71.2002
10359.009622	77.342	70.8672
10359.375833	77.351	70.4395
10359.742044	77.338	69.9717
10360.108255	77.319	69.6680
10360.474466	77.326	69.4053
10360.840677	77.337	68.9932
10361.206888	77.328	68.5801
10361.573099	77.325	68.2842
10361.939310	77.338	67.9180
10362.305521	77.338	67.4346
10362.671732	77.318	67.0547
10363.037943	77.313	66.7998
10363.404154	77.326	66.4678
10363.770364	77.331	66.0420
10364.136575	77.328	65.6465
10364.502786	77.329	65.2627
10364.868997	77.327	64.8506
10365.235208	77.320	64.4697
10365.601419	77.319	64.1104
10365.967630	77.321	63.7031
10366.333841	77.315	63.2803
10366.700052	77.306	62.9014
10367.066263	77.301	62.5273
10367.432474	77.292	62.1514
10367.798685	77.284	61.8477
10368.164896	77.293	61.5625
10368.531107	77.311	61.1357
10368.897318	77.307	60.6299
10369.263529	77.290	60.2373
10369.629740	77.285	59.9277
10369.995951	77.289	59.5645
10370.362162	77.289	59.1719
10370.728373	77.287	58.7920
10371.094584	77.285	58.4004
10371.460795	77.277	58.0303
10371.827006	77.273	57.7148
10372.193217	77.280	57.3848
10372.559428	77.287	56.9922
10372.925639	77.287	56.5752
10373.291850	77.283	56.1689
10373.658061	77.273	55.7881
10374.024272	77.264	55.4785
10374.390483	77.271	55.2021
10374.756694	77.289	54.7959
10375.122904	77.285	54.2871
10375.489115	77.262	53.9355
10375.855326	77.265	53.7168
10376.221537	77.289	53.3262
10376.587748	77.288	52.7930
10376.953959	77.267	52.3994
10377.320170	77.263	52.1104
10377.686381	77.267	51.7588
10378.052592	77.269	51.3975
10378.418803	77.277	51.0225
10378.785014	77.279	50.5645
10379.151225	77.266	50.1709
10379.517436	77.267	49.8711
10379.883647	77.278	49.4395
10380.249858	77.263	48.9814
10380.616069	77.251	48.7295
10380.982280	77.273	48.4219
10381.348491	77.281	47.8848
10381.714702	77.259	47.4688
10382.080913	77.258	47.2061
10382.447124	77.273	46.7852
10382.813335	77.265	46.3047
10383.179546	77.253	45.9404
10383.545757	77.249	45.5693
10383.911968	77.241	45.1953
10384.278179	77.239	44.8633
10384.644390	77.240	44.4678
10385.010601	77.227	44.0869
10385.376812	77.224	43.8115
10385.743023	77.237	43.4492
10386.109233	77.234	42.9863
10386.475444	77.221	42.6523
10386.841655	77.230	42.3525
10387.207866	77.241	41.8809
10387.574077	77.223	41.4199
10387.940288	77.208	41.1387
10388.306499	77.216	40.8291
10388.672710	77.217	40.4033
10389.038921	77.205	40.0586
10389.405132	77.209	39.7920
10389.771343	77.226	39.4121
10390.137554	77.228	38.9590
10390.503765	77.223	38.5732
10390.869976	77.226	38.1992
10391.236187	77.228	37.7627
10391.602398	77.220	37.3340
10391.968609	77.210	36.9717
10392.334820	77.206	36.6309
10392.701031	77.205	36.2793
10393.067242	77.206	35.9297
10393.433453	77.211	35.5449
10393.799664	77.206	35.1270
10394.165875	77.195	34.8115
10394.532086	77.206	34.5664
10394.898297	77.234	34.1289
10395.264508	77.229	33.5557
10395.630719	77.202	33.1982
10395.996930	77.206	32.9844
10396.363141	77.228	32.5762
10396.729352	77.224	32.0732
10397.095563	77.210	31.7266
10397.461773	77.217	31.4053
10397.827984	77.221	30.9688
10398.194195	77.211	30.5693
10398.560406	77.209	30.2500
10398.926617	77.217	29.8486
10399.292828	77.208	29.3906
10399.659039	77.189	29.0488
10400.025250	77.185	28.7822
10400.391461	77.191	28.4609
10400.757672	77.197	28.1113
10401.123883	77.207	27.7295
10401.490094	77.212	27.2471
10401.856305	77.194	26.7998
10402.222516	77.182	26.5117
10402.588727	77.192	26.1846
10402.954938	77.195	25.7246
10403.321149	77.182	25.3408
10403.687360	77.184	25.0322
10404.053571	77.194	24.6143
10404.419782	77.188	24.1787
10404.785993	77.186	23.8262
10405.152204	77.195	23.4111
10405.518415	77.189	22.9316
10405.884626	77.174	22.5596
10406.250837	77.172	22.2568
10406.617048	77.181	21.8926
10406.983259	77.186	21.4629
10407.349470	77.179	21.0205
10407.715681	77.162	20.6699
10408.081892	77.160	20.4375
10408.448103	77.182	20.1240
10408.814313	77.194	19.6338
10409.180524	77.179	19.1914
10409.546735	77.168	18.9170
10409.912946	77.179	18.6348
10410.279157	77.192	18.2285
10410.645368	77.191	17.7900
10411.011579	77.184	17.4180
10411.377790	77.184	17.0742
10411.744001	77.186	16.6855
10412.110212	77.181	16.2910
10412.476423	77.176	15.9316
10412.842634	77.173	15.5488
10413.208845	77.160	15.1934
10413.575056	77.158	14.9473
10413.941267	77.181	14.6094
10414.307478	77.190	14.0547
10414.673689	77.162	13.5869
10415.039900	77.145	13.3555
10415.406111	77.161	13.0732
10415.772322	77.174	12.6104
10416.138533	77.165	12.1504
10416.504744	77.154	11.7930
10416.870955	77.154	11.4795
10417.237166	77.166	11.1104
10417.603377	77.172	10.6475
10417.969588	77.162	10.2158
10418.335799	77.159	9.8779
10418.702010	77.167	9.4814
10419.068221	77.162	9.0234
10419.434432	77.149	8.6729
10419.800642	77.152	8.3789
10420.166853	77.163	8.0049
10420.533064	77.168	7.5918
10420.899275	77.170	7.1709
10421.265486	77.166	6.7402
10421.631697	77.158	6.3525
10421.997908	77.154	5.9893
10422.364119	77.148	5.6299
10422.730330	77.146	5.3164
10423.096541	77.156	4.9502
10423.462752	77.155	4.4922
10423.828963	77.138	4.1260
10424.195174	77.137	3.8496
10424.561385	77.147	3.4766
10424.927596	77.144	3.0547
10425.293807	77.137	2.7070
10425.660018	77.141	2.3662
10426.026229	77.146	1.9600
10426.392440	77.141	1.5430
10426.758651	77.134	1.1865
10427.124862	77.138	0.8408
10427.491073	77.142	0.4092
10427.857284	77.131	-0.0215
10428.223495	77.119	-0.3398
10428.589706	77.123	-0.6396
10428.955917	77.132	-1.0010
10429.322128	77.140	-1.4121
10429.688339	77.141	-1.8906
10430.054550	77.119	-2.3330
10430.420761	77.096	-2.5586
10430.786972	77.111	-2.6934
10431.153182	77.155	-3.0596
10431.519393	77.173	-3.6816
10431.885604	77.150	-4.2217
10432.251815	77.131	-4.5352
10432.618026	77.135	-4.8643
10432.984237	77.132	-5.2852
10433.350448	77.120	-5.6094
10433.716659	77.129	-5.9053
10434.082870	77.137	-6.3389
10434.449081	77.126	-6.7598
10434.815292	77.119	-7.0693
10435.181503	77.123	-7.3975
10435.547714	77.126	-7.7607
10435.913925	77.131	-8.1221
10436.280136	77.137	-8.5283
10436.646347	77.133	-8.9385
10437.012558	77.132	-9.2891
10437.378769	77.141	-9.6699
10437.744980	77.145	-10.1543
10438.111191	77.130	-10.6182
10438.477402	77.113	-10.9600
10438.843613	77.110	-11.2793
10439.209824	77.107	-11.6328
10439.576035	77.106	-11.9492
10439.942246	77.119	-12.3066
10440.308457	77.123	-12.7803
10440.674668	77.109	-13.2070
10441.040879	77.100	-13.5166
10441.407090	77.105	-13.8447
10441.773301	77.112	-14.2188
10442.139511	77.117	-14.6230
10442.505722	77.117	-15.0498
10442.871933	77.115	-15.4346
10443.238144	77.119	-15.8428
10443.604355	77.111	-16.3037
10443.970566	77.094	-16.6367
10444.336777	77.100	-16.9092
10444.702988	77.111	-17.3330
10445.069199	77.103	-17.7383
10445.435410	77.108	-18.0518
10445.801621	77.120	-18.5195
10446.167832	77.101	-19.0068
10446.534043	77.082	-19.2617
10446.900254	77.097	-19.5225
10447.266465	77.111	-19.9629
10447.632676	77.107	-20.4023
10447.998887	77.104	-20.7939
10448.365098	77.100	-21.1934
10448.731309	77.093	-21.5527
10449.097520	77.094	-21.8896
10449.463731	77.099	-22.2686
10449.829942	77.100	-22.6680
10450.196153	77.100	-23.0615
10450.562364	77.099	-23.4521
10450.928575	77.100	-23.8311
10451.294786	77.104	-24.2178
10451.660997	77.107	-24.6592
10452.027208	77.097	-25.1074
10452.393419	77.082	-25.4326
10452.759630	77.089	-25.6973
10453.125841	77.110	-26.1201
10453.492051	77.107	-26.6514
10453.858262	77.085	-27.0430
10454.224473	77.077	-27.3076
10454.590684	77.087	-27.6201
10454.956895	77.095	-28.0117
10455.323106	77.096	-28.4199
10455.689317	77.094	-28.7969
10456.055528	77.096	-29.1621
10456.421739	77.097	-29.5615
10456.787950	77.093	-29.9482
10457.154161	77.091	-30.3027
10457.520372	77.091	-30.6729
10457.886583	77.089	-31.0264
10458.252794	77.097	-31.3789
10458.619005	77.103	-31.8271
10458.985216	77.093	-32.2695
10459.351427	77.085	-32.6162
10459.717638	77.085	-32.9805
10460.083849	77.081	-33.3564
10460.450060	77.083	-33.6943
10460.816271	77.091	-34.1250
10461.182482	77.079	-34.5791
10461.548693	77.066	-34.8691
10461.914904	77.079	-35.1709
10462.281115	77.087	-35.6318
10462.647326	77.075	-36.0488
10463.013537	77.071	-36.3604
10463.379748	77.076	-36.6992
10463.745959	77.082	-37.0625
10464.112170	77.091	-37.4434
10464.478381	77.096	-37.8848
10464.844591	77.091	-38.3115
10465.210802	77.087	-38.6855
10465.577013	77.085	-39.0820
10465.943224	77.075	-39.4678
10466.309435	77.068	-39.7637
10466.675646	77.078	-40.0703
10467.041857	77.087	-40.5088
10467.408068	77.076	-40.9473
10467.774279	77.063	-41.2402
10468.140490	77.073	-41.5137
10468.506701	77.090	-41.9258
10468.872912	77.090	-42.4082
10469.239123	77.077	-42.8203
10469.605334	77.070	-43.1465
10469.971545	77.076	-43.4805
10470.337756	77.084	-43.9014
10470.703967	77.080	-44.3564
10471.070178	77.068	-44.7393
10471.436389	77.065	-45.0586
10471.802600	77.074	-45.4229
10472.168811	77.077	-45.8691
10472.535022	77.065	-46.2695
10472.901233	77.063	-46.5684
10473.267444	77.077	-46.9355
10473.633655	77.080	-47.4092
10473.999866	77.070	-47.8125
10474.366077	77.069	-48.1660
10474.732288	77.067	-48.5742
10475.098499	77.059	-48.9414
10475.464710	77.060	-49.2695
10475.830920	77.064	-49.6631
10476.197131	77.059	-50.0527
10476.563342	77.059	-50.4092
10476.929553	77.059	-50.8125
10477.295764	77.048	-51.1943
10477.661975	77.043	-51.4893
10478.028186	77.051	-51.7979
10478.394397	77.063	-52.1777
10478.760608	77.070	-52.6016
10479.126819	77.071	-53.0342
10479.493030	77.068	-53.4502
10479.859241	77.065	-53.8506
10480.225452	77.063	-54.2422
10480.591663	77.060	-54.6309
10480.957874	77.056	-55.0078
10481.324085	77.054	-55.3438
10481.690296	77.062	-55.6885
10482.056507	77.070	-56.1006
10482.422718	77.071	-56.5020
10482.788929	77.080	-56.9033
10483.155140	77.083	-57.4004
10483.521351	77.065	-57.8418
10483.887562	77.056	-58.1543
10484.253773	77.058	-58.5352
10484.619984	77.045	-58.9219
10484.986195	77.039	-59.1504
10485.352406	77.064	-59.4580
10485.718617	77.076	-59.9619
10486.084828	77.066	-60.4189
10486.451039	77.059	-60.8027
10486.817250	77.048	-61.1836
10487.183460	77.040	-61.4707
10487.549671	77.053	-61.7773
10487.915882	77.061	-62.2305
10488.282093	77.049	-62.6240
10488.648304	77.051	-62.9102
10489.014515	77.067	-63.3047
10489.380726	77.069	-63.7744
10489.746937	77.064	-64.1895
10490.113148	77.061	-64.6045
10490.479359	77.050	-65.0010
10490.845570	77.044	-65.3125
10491.211781	77.053	-65.6504
10491.577992	77.058	-66.0732
10491.944203	77.053	-66.4727
10492.310414	77.052	-66.8330
10492.676625	77.053	-67.2188
10493.042836	77.050	-67.5850
10493.409047	77.053	-67.9082
10493.775258	77.065	-68.2881
10494.141469	77.071	-68.7422
10494.507680	77.065	-69.1689
10494.873891	77.061	-69.5566
10495.240102	77.057	-69.9365
10495.606313	77.054	-70.2900
10495.972524	77.057	-70.6582
10496.338735	77.055	-71.0566
10496.704946	77.052	-71.3994
10497.071157	77.061	-71.7510
10497.437368	77.067	-72.2061
10497.803579	77.057	-72.6211
10498.169789	77.056	-72.9570
10498.536000	77.064	-73.3809
10498.902211	77.056	-73.8486
10499.268422	77.040	-74.2285
10499.634633	77.030	-74.5664
10500.000844	77.022	-74.8730
10500.367055	77.025	-75.1445
10500.733266	77.039	-75.4902
10501.099477	77.045	-75.9072
10501.465688	77.045	-76.2910
10501.831899	77.052	-76.6660
10502.198110	77.059	-77.1123
10502.564321	77.052	-77.5752
10502.930532	77.040	-77.9551
10503.296743	77.039	-78.2949
10503.662954	77.042	-78.6914
10504.029165	77.036	-79.1104
10504.395376	77.027	-79.4854
10504.761587	77.020	-79.8281
10505.127798	77.018	-80.1328
10505.494009	77.029	-80.4531
10505.860220	77.042	-80.8887
10506.226431	77.036	-81.3408
10506.592642	77.030	-81.6953
10506.958853	77.034	-82.0596
10507.325064	77.034	-82.4600
10507.691275	77.035	-82.8066
10508.057486	77.048	-83.1914
10508.423697	77.053	-83.6885
10508.789908	77.038	-84.1387
10509.156119	77.027	-84.4619
10509.522329	77.033	-84.7969
10509.888540	77.036	-85.2100
10510.254751	77.031	-85.5928
10510.620962	77.035	-85.9297
10510.987173	77.047	-86.3594
10511.353384	77.040	-86.8516
10511.719595	77.022	-87.2168
10512.085806	77.021	-87.5176
10512.452017	77.024	-87.9053
10512.818228	77.016	-88.2764
10513.184439	77.017	-88.5811
10513.550650	77.026	-88.9600
10513.916861	77.025	-89.3613
10514.283072	77.028	-89.7070
10514.649283	77.038	-90.1260
10515.015494	77.033	-90.5918
10515.381705	77.024	-90.9512
10515.747916	77.029	-91.3066
10516.114127	77.032	-91.7432
10516.480338	77.025	-92.1396
10516.846549	77.026	-92.4912
10517.212760	77.033	-92.9043
10517.578971	77.033	-93.3682
10517.945182	77.022	-93.8203
10518.311393	77.004	-94.1914
10518.677604	76.995	-94.4580
10519.043815	77.005	-94.7451
10519.410026	77.018	-95.1504
10519.776237	77.018	-95.5820
10520.142448	77.016	-95.9541
10520.508658	77.020	-96.3213
10520.874869	77.026	-96.7412
10521.241080	77.023	-97.1787
10521.607291	77.014	-97.5732
10521.973502	77.009	-97.9248
10522.339713	77.009	-98.2764
10522.705924	77.012	-98.6602
10523.072135	77.009	-99.0703
10523.438346	77.000	-99.4326
10523.804557	76.999	-99.7314
10524.170768	77.011	-100.0977
10524.536979	77.011	-100.5312
10524.903190	77.006	-100.8584
10525.269401	77.025	-101.1855
10525.635612	77.043	-101.7402
10526.001823	77.021	-102.2930
10526.368034	76.996	-102.5820
10526.734245	77.005	-102.8574
10527.100456	77.014	-103.2881
10527.466667	77.009	-103.6895
10527.832878	77.012	-104.0645
10528.199089	77.009	-104.4873
10528.565300	76.999	-104.8174
10528.931511	77.010	-105.1133
10529.297722	77.024	-105.5566
10529.663933	77.017	-105.9980
10530.030144	77.015	-106.3359
10530.396355	77.022	-106.7305
10530.762566	77.017	-107.1396
10531.128777	77.016	-107.4844
10531.494988	77.019	-107.8887
10531.861198	77.008	-108.2832
10532.227409	77.004	-108.5488
10532.593620	77.022	-108.8877
10532.959831	77.030	-109.3662
10533.326042	77.021	-109.8018
10533.692253	77.013	-110.1895
10534.058464	77.002	-110.5527
10534.424675	77.000	-110.8369
10534.790886	77.016	-111.1904
10535.157097	77.021	-111.6904
10535.523308	77.004	-112.1289
10535.889519	76.993	-112.4414
10536.255730	76.996	-112.7588
10536.621941	77.006	-113.1250
10536.988152	77.016	-113.5635
10537.354363	77.012	-114.0459
10537.720574	76.999	-114.4336
10538.086785	77.000	-114.7588
10538.452996	77.008	-115.1846
10538.819207	77.000	-115.6338
10539.185418	76.990	-115.9619
10539.551629	76.999	-116.2949
10539.917840	77.006	-116.7529
10540.284051	76.993	-117.1768
10540.650262	76.986	-117.4668
10541.016473	76.998	-117.7949
10541.382684	77.005	-118.2275
10541.748895	77.002	-118.6299
10542.115106	77.004	-119.0098
10542.481317	77.002	-119.4287
10542.847528	76.994	-119.7949
10543.213738	76.997	-120.1201
10543.579949	77.005	-120.5322
10543.946160	76.999	-120.9756
10544.312371	76.988	-121.3398
10544.678582	76.985	-121.6514
10545.044793	76.994	-121.9795
10545.411004	77.008	-122.4092
10545.777215	77.005	-122.9170
10546.143426	76.986	-123.2988
10546.509637	76.988	-123.5879
10546.875848	77.001	-124.0312
10547.242059	76.986	-124.5000
10547.608270	76.975	-124.7832
10547.974481	76.992	-125.1270
10548.340692	76.993	-125.6270
10548.706903	76.978	-125.9883
10549.073114	76.990	-126.2949
10549.439325	77.002	-126.8135
10549.805536	76.980	-127.2988
10550.171747	76.965	-127.5811
10550.537958	76.972	-127.9170
10550.904169	76.969	-128.3242
10551.270380	76.967	-128.6377
10551.636591	76.981	-128.9980
10552.002802	76.985	-129.4814
10552.369013	76.973	-129.9053
10552.735224	76.966	-130.2451
10553.101435	76.965	-130.5967
10553.467646	76.965	-130.9561
10553.833857	76.968	-131.3174
10554.200067	76.971	-131.6953
10554.566278	76.974	-132.0889
10554.932489	76.973	-132.4971
10555.298700	76.969	-132.8711
10555.664911	76.973	-133.2197
10556.031122	76.979	-133.6367
10556.397333	76.973	-134.0557
10556.763544	76.971	-134.3867
10557.129755	76.984	-134.7715
10557.495966	76.983	-135.2510
10557.862177	76.970	-135.6260
10558.228388	76.974	-135.9258
10558.594599	76.987	-136.3359
10558.960810	76.986	-136.7773
10559.327021	76.987	-137.1621
10559.693232	76.992	-137.6094
10560.059443	76.980	-138.0732
10560.425654	76.964	-138.3896
10560.791865	76.970	-138.6670
10561.158076	76.983	-139.0625
10561.524287	76.986	-139.4961
10561.890498	76.985	-139.9131
10562.256709	76.980	-140.3340
10562.622920	76.970	-140.7002
10562.989131	76.968	-141.0098
10563.355342	76.975	-141.3477
10563.721553	76.982	-141.7256
10564.087764	76.989	-142.1318
10564.453975	76.991	-142.5654
10564.820186	76.988	-142.9814
10565.186397	76.984	-143.3770
10565.552607	76.977	-143.7529
10565.918818	76.975	-144.0762
10566.285029	76.984	-144.4258
10566.651240	76.990	-144.8516
10567.017451	76.986	-145.2500
10567.383662	76.990	-145.6191
10567.749873	76.993	-146.0430
10568.116084	76.989	-146.4600
10568.482295	76.987	-146.8623
10568.848506	76.978	-147.2734
10569.214717	76.967	-147.5723
10569.580928	76.982	-147.8555
10569.947139	76.999	-148.3545
10570.313350	76.980	-148.8525
10570.679561	76.966	-149.1143
10571.045772	76.986	-149.4365
10571.411983	76.995	-149.9717
10571.778194	76.975	-150.4355
10572.144405	76.961	-150.7520
10572.510616	76.962	-151.0762
10572.876827	76.966	-151.4355
10573.243038	76.972	-151.8457
10573.609249	76.967	-152.2783
10573.975460	76.960	-152.6328
10574.341671	76.964	-152.9824
10574.707882	76.967	-153.3916
10575.074093	76.966	-153.7705
10575.440304	76.972	-154.1689
10575.806515	76.968	-154.6211
10576.172726	76.956	-154.9707
10576.538936	76.964	-155.2852
10576.905147	76.972	-155.7373
10577.271358	76.959	-156.1504
10577.637569	76.955	-156.4297
10578.003780	76.969	-156.7754
10578.369991	76.977	-157.1953
10578.736202	76.983	-157.6133
10579.102413	76.982	-158.1016
10579.468624	76.959	-158.5195
10579.834835	76.947	-158.7451
10580.201046	76.964	-159.0430
10580.567257	76.969	-159.4883
10580.933468	76.962	-159.8271
10581.299679	76.976	-160.1328
10581.665890	76.993	-160.6162
10582.032101	76.985	-161.1279
10582.398312	76.971	-161.5215
10582.764523	76.964	-161.8750
10583.130734	76.963	-162.2285
10583.496945	76.969	-162.6162
10583.863156	76.968	-163.0693
10584.229367	76.956	-163.4795
10584.595578	76.952	-163.8018
10584.961789	76.962	-164.1748
10585.328000	76.965	-164.6475
10585.694211	76.954	-165.0957
10586.060422	76.942	-165.4443
10586.426633	76.943	-165.7607
10586.792844	76.953	-166.1426
10587.159055	76.955	-166.5850
10587.525266	76.948	-166.9883
10587.891476	76.945	-167.3223
10588.257687	76.952	-167.6689
10588.623898	76.959	-168.0732
10588.990109	76.959	-168.4707
10589.356320	76.961	-168.8203
10589.722531	76.973	-169.1914
10590.088742	76.983	-169.6514
10590.454953	76.980	-170.1475
10590.821164	76.963	-170.5801
10591.187375	76.948	-170.9033
10591.553586	76.949	-171.1885
10591.919797	76.959	-171.5635
10592.286008	76.957	-172.0010
10592.652219	76.948	-172.3623
10593.018430	76.951	-172.7002
10593.384641	76.955	-173.1182
10593.750852	76.947	-173.5137
10594.117063	76.946	-173.8457
10594.483274	76.953	-174.2432
10594.849485	76.950	-174.6738
10595.215696	76.945	-175.0234
10595.581907	76.955	-175.3896
10595.948118	76.961	-175.8594
10596.314329	76.951	-176.3066
10596.680540	76.943	-176.6602
10597.046751	76.947	-177.0117
10597.412962	76.950	-177.4160
10597.779173	76.948	-177.8145
10598.145384	76.948	-178.1748
10598.511595	76.952	-178.5586
10598.877806	76.953	-178.9561
10599.244016	76.954	-179.3174
10599.610227	76.963	-179.7168
10599.976438	76.963	179.8301
10600.342649	76.956	179.4336
10600.708860	76.956	179.0430
10601.075071	76.947	178.5996
10601.441282	76.927	178.2764
10601.807493	76.931	178.0420
10602.173704	76.947	177.6514
10602.539915	76.943	177.2031
10602.906126	76.937	176.8838
10603.272337	76.950	176.5381
10603.638548	76.960	176.0615
10604.004759	76.953	175.5879
10604.370970	76.942	175.1768
10604.737181	76.933	174.8213
10605.103392	76.937	174.4785
10605.469603	76.942	174.0469
10605.835814	76.933	173.6123
10606.202025	76.928	173.2979
10606.568236	76.943	172.9248
10606.934447	76.944	172.4062
10607.300658	76.922	171.9941
10607.666869	76.915	171.7529
10608.033080	76.935	171.4375
10608.399291	76.949	170.9639
10608.765502	76.942	170.4814
10609.131713	76.928	170.1074
10609.497924	76.927	169.8164
10609.864135	76.942	169.4580
10610.230345	76.949	168.9619
10610.596556	76.930	168.5039
10610.962767	76.914	168.2295
10611.328978	76.926	167.9648
10611.695189	76.942	167.5254
10612.061400	76.934	167.0439
10612.427611	76.920	166.6904
10612.793822	76.921	166.3809
10613.160033	76.930	165.9941
10613.526244	76.931	165.5537
10613.892455	76.923	165.1270
10614.258666	76.912	164.7588
10614.624877	76.909	164.4492
10614.991088	76.920	164.1055
10615.357299	76.929	163.6602
10615.723510	76.924	163.1963
10616.089721	76.915	162.8135
10616.455932	76.916	162.4658
10616.822143	76.923	162.0479
10617.188354	76.919	161.5859
10617.554565	76.906	161.2139
10617.920776	76.908	160.8994
10618.286987	76.917	160.4824
10618.653198	76.909	160.0518
10619.019409	76.905	159.7627
10619.385620	76.928	159.4082
10619.751831	76.938	158.8418
10620.118042	76.914	158.3516
10620.484253	76.899	158.0693
10620.850464	76.907	157.7607
10621.216675	76.913	157.3662
10621.582885	76.918	156.9707
10621.949096	76.922	156.5264
10622.315307	76.912	156.0898
10622.681518	76.904	155.7686
10623.047729	76.912	155.4385
10623.413940	76.920	155.0166
10623.780151	76.920	154.5928
10624.146362	76.920	154.1738
10624.512573	76.913	153.7529
10624.878784	76.905	153.3896
10625.244995	76.905	153.0283
10625.611206	76.900	152.6367
10625.977417	76.892	152.3184
10626.343628	76.899	152.0322
10626.709839	76.915	151.6533
10627.076050	76.924	151.2119
10627.442261	76.926	150.7471
10627.808472	76.916	150.2881
10628.174683	76.900	149.9502
10628.540894	76.907	149.6709
10628.907105	76.923	149.2324
10629.273316	76.915	148.7305
10629.639527	76.899	148.3926
10630.005738	76.906	148.0879
10630.371949	76.914	147.6592
10630.738160	76.910	147.2441
10631.104371	76.912	146.8750
10631.470582	76.914	146.4297
10631.836793	76.901	146.0186
10632.203004	76.898	145.7334
10632.569214	76.915	145.3564
10632.935425	76.916	144.8389
10633.301636	76.895	144.4453
10633.667847	76.894	144.1738
10634.034058	76.907	143.7754
10634.400269	76.899	143.3086
10634.766480	76.883	142.9961
10635.132691	76.892	142.7549
10635.498902	76.917	142.3428
10635.865113	76.919	141.7891
10636.231324	76.896	141.3506
10636.597535	76.886	141.0664
10636.963746	76.894	140.7168
10637.329957	76.892	140.3037
10637.696168	76.889	139.9785
10638.062379	76.904	139.6045
10638.428590	76.908	139.0869
10638.794801	76.891	138.6514
10639.161012	76.886	138.3164
10639.527223	76.887	137.9082
10639.893434	76.878	137.5107
10640.259645	76.875	137.1836
10640.625856	76.881	136.8076
10640.992067	76.882	136.4180
10641.358278	76.888	136.0410
10641.724489	76.895	135.5820
10642.090700	76.885	135.1240
10642.456911	76.875	134.7832
10642.823122	76.881	134.4453
10643.189333	76.885	134.0352
10643.555544	76.884	133.6543
10643.921754	76.892	133.2969
10644.287965	76.904	132.8467
10644.654176	76.901	132.3320
10645.020387	76.883	131.9053
10645.386598	76.872	131.5771
10645.752809	76.872	131.2500
10646.119020	76.875	130.8955
10646.485231	76.881	130.5078
10646.851442	76.881	130.0820
10647.217653	76.874	129.6787
10647.583864	76.869	129.3262
10647.950075	76.869	128.9893
10648.316286	76.875	128.6328
10648.682497	76.882	128.2148
10649.048708	76.877	127.7793
10649.414919	76.869	127.4268
10649.781130	76.875	127.0908
10650.147341	76.883	126.6582
10650.513552	76.876	126.2188
10650.879763	76.869	125.8662
10651.245974	76.875	125.5029
10651.612185	76.878	125.0518
10651.978396	76.865	124.6221
10652.344607	76.854	124.2930
10652.710818	76.856	123.9619
10653.077029	76.857	123.5801
10653.443240	76.855	123.2305
10653.809451	76.862	122.8867
10654.175662	76.872	122.4707
10654.541873	76.875	122.0400
10654.908083	76.880	121.5898
10655.274294	76.875	121.0713
10655.640505	76.852	120.6309
10656.006716	76.836	120.3350
10656.372927	76.837	120.0215
10656.739138	76.837	119.6748
10657.105349	76.844	119.3740
10657.471560	76.866	118.9746
10657.837771	76.873	118.4297
10658.203982	76.856	117.9688
10658.570193	76.848	117.6377
10658.936404	76.853	117.2607
10659.302615	76.851	116.8398
10659.668826	76.846	116.4629
10660.035037	76.844	116.1006
10660.401248	76.843	115.7617
10660.767459	76.853	115.4277
10661.133670	76.867	114.9775
10661.499881	76.859	114.4824
10661.866092	76.843	114.1201
10662.232303	76.842	113.8164
10662.598514	76.848	113.4385
10662.964725	76.848	113.0420
10663.330936	76.849	112.6572
10663.697147	76.848	112.2344
10664.063358	76.840	111.8320
10664.429569	76.835	111.4824
10664.795780	76.836	111.1055
10665.161991	76.832	110.7109
10665.528202	76.829	110.3691
10665.894413	76.836	110.0059
10666.260623	76.841	109.5752
10666.626834	76.839	109.1709
10666.993045	76.843	108.7646
10667.359256	76.841	108.2920
10667.725467	76.825	107.9033
10668.091678	76.827	107.6182
10668.457889	76.844	107.2021
10668.824100	76.839	106.6943
10669.190311	76.822	106.3389
10669.556522	76.827	106.0498
10669.922733	76.841	105.6328
10670.288944	76.839	105.1592
10670.655155	76.829	104.7676
10671.021366	76.827	104.4248
10671.387577	76.831	104.0400
10671.753788	76.828	103.6221
10672.119999	76.821	103.2451
10672.486210	76.820	102.8848
10672.852421	76.820	102.4863
10673.218632	76.812	102.0986
10673.584843	76.807	101.7559
10673.951054	76.807	101.4131
10674.317265	76.811	101.0547
10674.683476	76.817	100.6621
10675.049687	76.820	100.2314
10675.415898	76.818	99.7998
10675.782109	76.814	99.3613
10676.148320	76.802	98.9424
10676.514531	76.790	98.6250
10676.880742	76.799	98.3184
10677.246953	76.810	97.8916
10677.613163	76.809	97.4424
10677.979374	76.808	97.0293
10678.345585	76.804	96.5723
10678.711796	76.784	96.1807
10679.078007	76.777	95.9463
10679.444218	76.798	95.6328
10679.810429	76.807	95.1484
10680.176640	76.795	94.7441
10680.542851	76.797	94.4482
10680.909062	76.812	94.0479
10681.275273	76.814	93.5762
10681.641484	76.807	93.1582
10682.007695	76.803	92.7549
10682.373906	76.796	92.3584
10682.740117	76.791	91.9961
10683.106328	76.789	91.6182
10683.472539	76.786	91.2305
10683.838750	76.781	90.8584
10684.204961	76.777	90.4980
10684.571172	76.779	90.1914
10684.937383	76.801	89.8164
10685.303594	76.811	89.2285
10685.669805	76.781	88.7148
10686.036016	76.763	88.4766
10686.402227	76.783	88.1475
10686.768438	76.785	87.6191
10687.134649	76.766	87.2197
10687.500860	76.766	86.9043
10687.867071	76.768	86.4834
10688.233282	76.757	86.1357
10688.599492	76.766	85.8613
10688.965703	76.786	85.4189
10689.331914	76.780	84.9189
10689.698125	76.768	84.5781
10690.064336	76.778	84.2441
10690.430547	76.785	83.7617
10690.796758	76.766	83.3174
10691.162969	76.752	83.0713
10691.529180	76.772	82.8066
10691.895391	76.791	82.3291
10692.261602	76.784	81.8301
10692.627813	76.774	81.4551
10692.994024	76.775	81.0664
10693.360235	76.769	80.6455
10693.726446	76.761	80.2803
10694.092657	76.759	79.9150
10694.458868	76.754	79.5557
10694.825079	76.758	79.2266
10695.191290	76.768	78.8115
10695.557501	76.763	78.3691
10695.923712	76.760	78.0361
10696.289923	76.776	77.6406
10696.656134	76.777	77.1006
10697.022345	76.755	76.6826
10697.388556	76.752	76.3994
10697.754767	76.766	75.9795
10698.120978	76.757	75.4795
10698.487189	76.739	75.1221
10698.853400	76.739	74.8027
10699.219611	76.738	74.3828
10699.585822	76.722	74.0117
10699.952032	76.717	73.7705
10700.318243	76.736	73.4492
10700.684454	76.745	72.9561
10701.050665	76.728	72.5127
10701.416876	76.715	72.2393
10701.783087	76.726	71.9668
10702.149298	76.743	71.5693
10702.515509	76.749	71.1162
10702.881720	76.751	70.6797
10703.247931	76.754	70.2363
10703.614142	76.752	69.7324
10703.980353	76.731	69.2451
10704.346564	76.706	68.9365
10704.712775	76.710	68.7002
10705.078986	76.727	68.2822
10705.445197	76.717	67.8115
10705.811408	76.706	67.5225
10706.177619	76.726	67.1973
10706.543830	76.735	66.6572
10706.910041	76.709	66.2236
10707.276252	76.703	66.0322
10707.642463	76.735	65.7012
10708.008674	76.747	65.1172
10708.374885	76.724	64.6514
10708.741096	76.716	64.3750
10709.107307	76.728	64.0020
10709.473518	76.725	63.5469
10709.839729	76.715	63.2002
10710.205940	76.721	62.8730
10710.572151	76.728	62.4453
10710.938361	76.723	62.0010
10711.304572	76.712	61.6182
10711.670783	76.708	61.2949
10712.036994	76.717	60.9434
10712.403205	76.723	60.4658
10712.769416	76.707	59.9961
10713.135627	76.691	59.6699
10713.501838	76.692	59.3428
10713.868049	76.690	58.9453
10714.234260	76.683	58.5840
10714.600471	76.683	58.2373
10714.966682	76.682	57.8867
10715.332893	76.691	57.5645
10715.699104	76.711	57.1270
10716.065315	76.709	56.5732
10716.431526	76.689	56.1504
10716.797737	76.684	55.8320
10717.163948	76.688	55.4268
10717.530159	76.680	55.0225
10717.896370	76.679	54.6787
10718.262581	76.682	54.2695
10718.628792	76.670	53.8789
10718.995003	76.668	53.6182
10719.361214	76.691	53.2812
10719.727425	76.703	52.7764
10720.093636	76.696	52.3105
10720.459847	76.693	51.9004
10720.826058	76.685	51.4492
10721.192269	76.666	51.0908
10721.558480	76.667	50.8232
10721.924691	76.681	50.4170
10722.290901	76.673	49.9297
10722.657112	76.654	49.5879
10723.023323	76.654	49.3066
10723.389534	76.662	48.9404
10723.755745	76.665	48.5410
10724.121956	76.666	48.1348
10724.488167	76.663	47.7227
10724.854378	76.660	47.3496
10725.220589	76.664	46.9512
10725.586800	76.660	46.4971
10725.953011	76.646	46.1221
10726.319222	76.646	45.8057
10726.685433	76.652	45.4023
10727.051644	76.647	44.9971
10727.417855	76.649	44.6641
10727.784066	76.663	44.2383
10728.150277	76.659	43.7285
10728.516488	76.644	43.3350
10728.882699	76.645	42.9863
10729.248910	76.645	42.5410
10729.615121	76.629	42.1367
10729.981332	76.621	41.8564
10730.347543	76.632	41.5596
10730.713754	76.647	41.1572
10731.079965	76.653	40.6904
10731.446176	76.646	40.2500
10731.812387	76.642	39.8740
10732.178598	76.643	39.4697
10732.544809	76.632	39.0527
10732.911020	76.622	38.7686
10733.277231	76.640	38.4766
10733.643441	76.657	37.9639
10734.009652	76.638	37.4502
10734.375863	76.619	37.1523
10734.742074	76.626	36.8652
10735.108285	76.635	36.4424
10735.474496	76.630	36.0088
10735.840707	76.624	35.6289
10736.206918	76.622	35.2441
10736.573129	76.619	34.8350
10736.939340	76.611	34.4404
10737.305551	76.606	34.0791
10737.671762	76.606	33.7021
10738.037973	76.604	33.2852
10738.404184	76.595	32.8848
10738.770395	76.587	32.5195
10739.136606	76.581	32.1846
10739.502817	76.583	31.8867
10739.869028	76.600	31.5234
10740.235239	76.611	31.0273
10740.601450	76.600	30.5557
10740.967661	76.591	30.2061
10741.333872	76.597	29.8418
10741.700083	76.600	29.4082
10742.066294	76.596	28.9971
10742.432505	76.594	28.6045
10742.798716	76.590	28.2002
10743.164927	76.584	27.8506
10743.531138	76.590	27.5293
10743.897349	76.602	27.1084
10744.263560	76.596	26.6436
10744.629770	76.584	26.2959
10744.995981	76.591	25.9951
10745.362192	76.604	25.5693
10745.728403	76.600	25.0791
10746.094614	76.582	24.6797
10746.460825	76.573	24.3984
10746.827036	76.585	24.1074
10747.193247	76.604	23.6357
10747.559458	76.593	23.0625
10747.925669	76.558	22.6826
10748.291880	76.548	22.4834
10748.658091	76.565	22.1738
10749.024302	76.573	21.7100
10749.390513	76.563	21.2637
10749.756724	76.552	20.8975
10750.122935	76.550	20.5557
10750.489146	76.551	20.1689
10750.855357	76.545	19.7812
10751.221568	76.545	19.4570
10751.587779	76.557	19.0674
10751.953990	76.556	18.5791
10752.320201	76.542	18.2031
10752.686412	76.546	17.8955
10753.052623	76.555	17.4580
10753.418834	76.546	17.0303
10753.785045	76.543	16.7148
10754.151256	76.554	16.3369
10754.517467	76.556	15.8887
10754.883678	76.550	15.4854
10755.249889	76.547	15.1172
10755.616100	76.548	14.7666
10755.982310	76.557	14.3721
10756.348521	76.557	13.8828
10756.714732	76.538	13.4600
10757.080943	76.525	13.1689
10757.447154	76.529	12.8506
10757.813365	76.531	12.4824
10758.179576	76.534	12.1133
10758.545787	76.536	11.6943
10758.911998	76.529	11.2793
10759.278209	76.523	10.9277
10759.644420	76.524	10.5547
10760.010631	76.522	10.1582
10760.376842	76.521	9.7969
10760.743053	76.528	9.4043
10761.109264	76.531	8.9316
10761.475475	76.519	8.4600
10761.841686	76.501	8.0811
10762.207897	76.494	7.7949
10762.574108	76.506	7.4668
10762.940319	76.515	7.0176
10763.306530	76.509	6.5664
10763.672741	76.502	6.2070
10764.038952	76.507	5.8408
10764.405163	76.509	5.3965
10764.771374	76.498	4.9805
10765.137585	76.490	4.6572
10765.503796	76.495	4.3369
10765.870007	76.504	3.9580
10766.236218	76.509	3.5273
10766.602429	76.503	3.0723
10766.968639	76.487	2.7246
10767.334850	76.492	2.4717
10767.701061	76.513	2.0371
10768.067272	76.503	1.4893
10768.433483	76.477	1.1680
10768.799694	76.485	0.9043
10769.165905	76.495	0.4404
10769.532116	76.480	0.0146
10769.898327	76.476	-0.3057
10770.264538	76.479	-0.7158
10770.630749	76.470	-1.1191
10770.996960	76.467	-1.4541
10771.363171	76.471	-1.8535
10771.729382	76.466	-2.2412
10772.095593	76.472	-2.5918
10772.461804	76.482	-3.0576
10772.828015	76.472	-3.5459
10773.194226	76.459	-3.9150
10773.560437	76.459	-4.2617
10773.926648	76.463	-4.6562
10774.292859	76.463	-5.0820
10774.659070	76.458	-5.5000
10775.025281	76.453	-5.8672
10775.391492	76.457	-6.2656
10775.757703	76.449	-6.7129
10776.123914	76.434	-7.0400
10776.490125	76.444	-7.3291
10776.856336	76.456	-7.8213
10777.222547	76.429	-8.3154
10777.588758	76.400	-8.5098
10777.954969	76.419	-8.6416
10778.321179	76.455	-9.0439
10778.687390	76.464	-9.5967
10779.053601	76.452	-10.0664
10779.419812	76.442	-10.4629
10779.786023	76.434	-10.8154
10780.152234	76.437	-11.1377
10780.518445	76.451	-11.5664
10780.884656	76.444	-12.1055
10781.250867	76.417	-12.5020
10781.617078	76.409	-12.7393
10781.983289	76.424	-13.0928
10782.349500	76.424	-13.5684
10782.715711	76.411	-13.9453
10783.081922	76.411	-14.2539
10783.448133	76.419	-14.6250
10783.814344	76.424	-15.0283
10784.180555	76.430	-15.4600
10784.546766	76.426	-15.9355
10784.912977	76.410	-16.3320
10785.279188	76.406	-16.6279
10785.645399	76.417	-16.9922
10786.011610	76.419	-17.4424
10786.377821	76.412	-17.8340
10786.744032	76.414	-18.1924
10787.110243	76.418	-18.6367
10787.476454	76.405	-19.0830
10787.842665	76.389	-19.4111
10788.208876	76.390	-19.7080
10788.575087	76.395	-20.0840
10788.941298	76.390	-20.4658
10789.307508	76.389	-20.7852
10789.673719	76.401	-21.1387
10790.039930	76.408	-21.5986
10790.406141	76.397	-22.0498
10790.772352	76.385	-22.3857
10791.138563	76.389	-22.7041
10791.504774	76.396	-23.1338
10791.870985	76.384	-23.5605
10792.237196	76.375	-23.8555
10792.603407	76.389	-24.1836
10792.969618	76.396	-24.6611
10793.335829	76.382	-25.0908
10793.702040	76.377	-25.4102
10794.068251	76.384	-25.7900
10794.434462	76.381	-26.2197
10794.800673	76.376	-26.5986
10795.166884	76.377	-26.9863
10795.533095	76.376	-27.4102
10795.899306	76.370	-27.8379
10796.265517	76.358	-28.2617
10796.631728	76.340	-28.6045
10796.997939	76.338	-28.8740
10797.364150	76.349	-29.2295
10797.730361	76.350	-29.6670
10798.096572	76.345	-30.0674
10798.462783	76.342	-30.4561
10798.828994	76.336	-30.8477
10799.195205	76.331	-31.1934
10799.561416	76.335	-31.5488
10799.927627	76.339	-31.9629
10800.293838	76.336	-32.3721
10800.660048	76.334	-32.7529
10801.026259	76.335	-33.1318
10801.392470	76.339	-33.5352
10801.758681	76.339	-33.9844
10802.124892	76.327	-34.4062
10802.491103	76.320	-34.7295
10802.857314	76.326	-35.0732
10803.223525	76.328	-35.4941
10803.589736	76.323	-35.8525
10803.955947	76.334	-36.1855
10804.322158	76.347	-36.6523
10804.688369	76.340	-37.1523
10805.054580	76.326	-37.5518
10805.420791	76.317	-37.9229
10805.787002	76.305	-38.2539
10806.153213	76.307	-38.5078
10806.519424	76.327	-38.8711
10806.885635	76.331	-39.3896
10807.251846	76.311	-39.8076
10807.618057	76.305	-40.0879
10807.984268	76.314	-40.4541
10808.350479	76.311	-40.8945
10808.716690	76.299	-41.2520
10809.082901	76.299	-41.5840
10809.449112	76.299	-41.9697
10809.815323	76.293	-42.3125
10810.181534	76.302	-42.6396
10810.547745	76.313	-43.1074
10810.913956	76.298	-43.6055
10811.280167	76.276	-43.9131
10811.646378	76.285	-44.1543
10812.012588	76.307	-44.6055
10812.378799	76.298	-45.1621
10812.745010	76.274	-45.5293
10813.111221	76.277	-45.8135
10813.477432	76.287	-46.2852
10813.843643	76.267	-46.7607
10814.209854	76.250	-47.0391
10814.576065	76.260	-47.3604
10814.942276	76.260	-47.7988
10815.308487	76.253	-48.1416
10815.674698	76.265	-48.5146
10816.040909	76.261	-49.0244
10816.407120	76.235	-49.3711
10816.773331	76.238	-49.5596
10817.139542	76.267	-49.9404
10817.505753	76.270	-50.4688
10817.871964	76.256	-50.8711
10818.238175	76.257	-51.1924
10818.604386	76.268	-51.5957
10818.970597	76.269	-52.0830
10819.336808	76.252	-52.5322
10819.703019	76.234	-52.8467
10820.069230	76.234	-53.1025
10820.435441	76.249	-53.4307
10820.801652	76.263	-53.8760
10821.167863	76.262	-54.3975
10821.534074	76.239	-54.8525
10821.900285	76.218	-55.1357
10822.266496	76.221	-55.3779
10822.632707	76.235	-55.7471
10822.998917	76.237	-56.1807
10823.365128	76.233	-56.5684
10823.731339	76.235	-56.9453
10824.097550	76.235	-57.3594
10824.463761	76.231	-57.7568
10824.829972	76.231	-58.1309
10825.196183	76.233	-58.5615
10825.562394	76.223	-58.9980
10825.928605	76.213	-59.3320
10826.294816	76.220	-59.6797
10826.661027	76.222	-60.1328
10827.027238	76.210	-60.5400
10827.393449	76.206	-60.8818
10827.759660	76.206	-61.2812
10828.125871	76.197	-61.6719
10828.492082	76.193	-61.9971
10828.858293	76.196	-62.3516
10829.224504	76.196	-62.7227
10829.590715	76.200	-63.0850
10829.956926	76.206	-63.5166
10830.323137	76.196	-63.9502
10830.689348	76.188	-64.2715
10831.055559	76.198	-64.6152
10831.421770	76.202	-65.0889
10831.787981	76.186	-65.5098
10832.154192	76.180	-65.7900
10832.520403	76.195	-66.1406
10832.886614	76.201	-66.6416
10833.252825	76.185	-67.0967
10833.619036	76.172	-67.4268
10833.985247	76.174	-67.7412
10834.351457	76.182	-68.1152
10834.717668	76.188	-68.5557
10835.083879	76.184	-69.0205
10835.450090	76.173	-69.4375
10835.816301	76.164	-69.8086
10836.182512	76.159	-70.1748
10836.548723	76.157	-70.5439
10836.914934	76.154	-70.9365
10837.281145	76.145	-71.3252
10837.647356	76.135	-71.6426
10838.013567	76.140	-71.9463
10838.379778	76.149	-72.3359
10838.745989	76.147	-72.7744
10839.112200	76.134	-73.1689
10839.478411	76.123	-73.4570
10839.844622	76.132	-73.7041
10840.210833	76.155	-74.1025
10840.577044	76.157	-74.6172
10840.943255	76.143	-75.0176
10841.309466	76.143	-75.3740
10841.675677	76.139	-75.8145
10842.041888	76.121	-76.1494
10842.408099	76.128	-76.3867
10842.774310	76.151	-76.8184
10843.140521	76.146	-77.3457
10843.506732	76.131	-77.7334
10843.872943	76.128	-78.1104
10844.239154	76.117	-78.5195
10844.605365	76.105	-78.8174
10844.971576	76.114	-79.1191
10845.337786	76.123	-79.5498
10845.703997	76.117	-79.9863
10846.070208	76.109	-80.3545
10846.436419	76.108	-80.6953
10846.802630	76.114	-81.0771
10847.168841	76.113	-81.5293
10847.535052	76.099	-81.9111
10847.901263	76.099	-82.2168
10848.267474	76.107	-82.6455
10848.633685	76.091	-83.0664
10848.999896	76.085	-83.3105
10849.366107	76.108	-83.6719
10849.732318	76.108	-84.2119
10850.098529	76.085	-84.5781
10850.464740	76.089	-84.8379
10850.830951	76.104	-85.2686
10851.197162	76.097	-85.7490
10851.563373	76.083	-86.1211
10851.929584	76.079	-86.4434
10852.295795	76.085	-86.7803
10852.662006	76.095	-87.2070
10853.028217	76.090	-87.7021
10853.394428	76.071	-88.0967
10853.760639	76.065	-88.3984
10854.126850	76.070	-88.7744
10854.493061	76.065	-89.1953
10854.859272	76.055	-89.5391
10855.225483	76.059	-89.8525
10855.591694	76.071	-90.2598
10855.957905	76.070	-90.7383
10856.324116	76.056	-91.1582
10856.690326	76.046	-91.4863
10857.056537	76.050	-91.8223
10857.422748	76.055	-92.2363
10857.788959	76.050	-92.6641
10858.155170	76.041	-93.0244
10858.521381	76.043	-93.3652
10858.887592	76.045	-93.7725
10859.253803	76.037	-94.1641
10859.620014	76.034	-94.4648
10859.986225	76.047	-94.8076
10860.352436	76.055	-95.2539
10860.718647	76.052	-95.6895
10861.084858	76.048	-96.1016
10861.451069	76.040	-96.5156
10861.817280	76.028	-96.8604
10862.183491	76.027	-97.1611
10862.549702	76.035	-97.5156
10862.915913	76.039	-97.9209
10863.282124	76.038	-98.3398
10863.648335	76.031	-98.7275
10864.014546	76.029	-99.0820
10864.380757	76.030	-99.4727
10864.746968	76.023	-99.8594
10865.113179	76.022	-100.1855
10865.479390	76.030	-100.5850
10865.845601	76.022	-101.0391
10866.211812	76.009	-101.3613
10866.578023	76.016	-101.6641
10866.944234	76.024	-102.0889
10867.310445	76.019	-102.4883
10867.676656	76.023	-102.8613
10868.042866	76.024	-103.3193
10868.409077	76.010	-103.7314
10868.775288	76.003	-104.0479
10869.141499	76.008	-104.4082
10869.507710	76.006	-104.8057
10869.873921	76.003	-105.1650
10870.240132	76.005	-105.5137
10870.606343	76.012	-105.8955
10870.972554	76.018	-106.3457
10871.338765	76.007	-106.8076
10871.704976	75.991	-107.1562
10872.071187	75.991	-107.4590
10872.437398	75.995	-107.8467
10872.803609	75.989	-108.2500
10873.169820	75.983	-108.6094
10873.536031	75.977	-108.9609
10873.902242	75.973	-109.2744
10874.268453	75.982	-109.5889
10874.634664	75.993	-110.0146
10875.000875	75.988	-110.4824
10875.367086	75.975	-110.8701
10875.733297	75.970	-111.2217
10876.099508	75.967	-111.5918
10876.465719	75.963	-111.9639
10876.831930	75.960	-112.3232
10877.198141	75.963	-112.6953
10877.564352	75.965	-113.1504
10877.930563	75.946	-113.5879
10878.296774	75.932	-113.8330
10878.662985	75.956	-114.1348
10879.029195	75.968	-114.7393
10879.395406	75.931	-115.2393
10879.761617	75.913	-115.4307
10880.127828	75.933	-115.7539
10880.494039	75.931	-116.2471
10880.860250	75.916	-116.5967
10881.226461	75.919	-116.9121
10881.592672	75.921	-117.2832
10881.958883	75.929	-117.6113
10882.325094	75.949	-118.0684
10882.691305	75.939	-118.6230
10883.057516	75.913	-118.9482
10883.423727	75.925	-119.1846
10883.789938	75.948	-119.6631
10884.156149	75.935	-120.2305
10884.522360	75.905	-120.5879
10884.888571	75.900	-120.7998
10885.254782	75.919	-121.1416
10885.620993	75.920	-121.6377
10885.987204	75.900	-122.0078
10886.353415	75.900	-122.2598
10886.719626	75.913	-122.6533
10887.085837	75.905	-123.0732
10887.452048	75.903	-123.3740
10887.818259	75.916	-123.7725
10888.184470	75.908	-124.2373
10888.550681	75.896	-124.5547
10888.916892	75.906	-124.8906
10889.283103	75.908	-125.3545
10889.649314	75.895	-125.7529
10890.015525	75.891	-126.0869
10890.381735	75.892	-126.4570
10890.747946	75.892	-126.8369
10891.114157	75.891	-127.2441
10891.480368	75.882	-127.6475
10891.846579	75.875	-127.9707
10892.212790	75.881	-128.3301
10892.579001	75.876	-128.7529
10892.945212	75.865	-129.0654
10893.311423	75.877	-129.3623
10893.677634	75.889	-129.8311
10894.043845	75.875	-130.2812
10894.410056	75.868	-130.5889
10894.776267	75.876	-130.9639
10895.142478	75.871	-131.3916
10895.508689	75.867	-131.7139
10895.874900	75.882	-132.1143
10896.241111	75.875	-132.6562
10896.607322	75.846	-133.0215
10896.973533	75.846	-133.2686
10897.339744	75.854	-133.7031
10897.705955	75.832	-134.1104
10898.072166	75.825	-134.3096
10898.438377	75.848	-134.6484
10898.804588	75.848	-135.1455
10899.170799	75.834	-135.4736
10899.537010	75.848	-135.7783
10899.903221	75.858	-136.2656
10900.269432	75.844	-136.7002
10900.635643	75.841	-137.0254
10901.001854	75.847	-137.4316
10901.368064	75.840	-137.8555
10901.734275	75.834	-138.2129
10902.100486	75.832	-138.5977
10902.466697	75.823	-138.9590
10902.832908	75.823	-139.2490
10903.199119	75.837	-139.6240
10903.565330	75.836	-140.0859
10903.931541	75.823	-140.4600
10904.297752	75.821	-140.7842
10904.663963	75.821	-141.1367
10905.030174	75.824	-141.4756
10905.396385	75.833	-141.8691
10905.762596	75.829	-142.3271
10906.128807	75.814	-142.6660
10906.495018	75.822	-142.9541
10906.861229	75.835	-143.4043
10907.227440	75.823	-143.8760
10907.593651	75.812	-144.2139
10907.959862	75.815	-144.5811
10908.326073	75.809	-145.0166
10908.692284	75.796	-145.3770
10909.058495	75.794	-145.7031
10909.424706	75.794	-146.0889
10909.790917	75.789	-146.4688
10910.157128	75.788	-146.8340
10910.523339	75.786	-147.2422
10910.889550	75.775	-147.6260
10911.255761	75.769	-147.9473
10911.621972	75.770	-148.2900
10911.988183	75.770	-148.6338
10912.354394	75.781	-148.9766
10912.720604	75.793	-149.4590
10913.086815	75.776	-149.9609
10913.453026	75.757	-150.2451
10913.819237	75.770	-150.5234
10914.185448	75.781	-151.0000
10914.551659	75.768	-151.4404
10914.917870	75.763	-151.7861
10915.284081	75.761	-152.1865
10915.650292	75.749	-152.5264
10916.016503	75.755	-152.7939
10916.382714	75.774	-153.2090
10916.748925	75.771	-153.7139
10917.115136	75.754	-154.0928
10917.481347	75.753	-154.3867
10917.847558	75.765	-154.7529
10918.213769	75.770	-155.2354
10918.579980	75.752	-155.6787
10918.946191	75.738	-155.9619
10919.312402	75.748	-156.2607
10919.678613	75.754	-156.6865
10920.044824	75.746	-157.0605
10920.411035	75.752	-157.3975
10920.777246	75.757	-157.8545
10921.143457	75.739	-158.2637
10921.509668	75.733	-158.5195
10921.875879	75.747	-158.8711
10922.242090	75.744	-159.3105
10922.608301	75.737	-159.6191
10922.974512	75.753	-159.9688
10923.340723	75.755	-160.4834
10923.706933	75.733	-160.8545
10924.073144	75.739	-161.1133
10924.439355	75.755	-161.6064
10924.805566	75.729	-162.1133
10925.171777	75.705	-162.3174
10925.537988	75.728	-162.5645
10925.904199	75.742	-163.0977
10926.270410	75.717	-163.5615
10926.636621	75.704	-163.8203
10927.002832	75.713	-164.1504
10927.369043	75.712	-164.5752
10927.735254	75.704	-164.9258
10928.101465	75.708	-165.2695
10928.467676	75.708	-165.6865
10928.833887	75.699	-166.0449
10929.200098	75.704	-166.3535
10929.566309	75.717	-166.7754
10929.932520	75.713	-167.2432
10930.298731	75.706	-167.6338
10930.664942	75.704	-168.0449
10931.031153	75.690	-168.4434
10931.397364	75.683	-168.7217
10931.763575	75.697	-169.0635
10932.129786	75.698	-169.5293
10932.495997	75.684	-169.8711
10932.862208	75.696	-170.1475
10933.228419	75.714	-170.6133
10933.594630	75.704	-171.1240
10933.960841	75.686	-171.4639
10934.327052	75.687	-171.7568
10934.693263	75.695	-172.1191
10935.059473	75.700	-172.5215
10935.425684	75.700	-172.9551
10935.791895	75.688	-173.3760
10936.158106	75.673	-173.7070
10936.524317	75.668	-173.9629
10936.890528	75.680	-174.2500
10937.256739	75.696	-174.6660
10937.622950	75.691	-175.1455
10937.989161	75.675	-175.5137
10938.355372	75.673	-175.8066
10938.721583	75.680	-176.1982
10939.087794	75.671	-176.6074
10939.454005	75.666	-176.9238
10939.820216	75.676	-177.3174
10940.186427	75.667	-177.8115
10940.552638	75.642	-178.1387
10940.918849	75.647	-178.3643
10941.285060	75.667	-178.8135
10941.651271	75.651	-179.3457
10942.017482	75.624	-179.6299
10942.383693	75.634	-179.8438
10942.749904	75.656	179.7441
10943.116115	75.659	179.2490
10943.482326	75.652	178.8086
10943.848537	75.643	178.4111
10944.214748	75.638	178.0625
10944.580959	75.643	177.7021
10944.947170	75.645	177.2773
10945.313381	75.639	176.8857
10945.679592	75.639	176.5312
10946.045803	75.639	176.1348
10946.412013	75.632	175.7764
10946.778224	75.635	175.4766
10947.144435	75.648	175.0840
10947.510646	75.646	174.6230
10947.876857	75.634	174.2529
10948.243068	75.632	173.9385
10948.609279	75.635	173.5752
10948.975490	75.632	173.1924
10949.341701	75.629	172.8359
10949.707912	75.629	172.4707
10950.074123	75.625	172.0879
10950.440334	75.620	171.7314
10950.806545	75.621	171.3779
10951.172756	75.621	170.9766
10951.538967	75.613	170.5713
10951.905178	75.603	170.2178
10952.271389	75.599	169.8838
10952.637600	75.597	169.5371
10953.003811	75.596	169.1934
10953.370022	75.599	168.8682
10953.736233	75.612	168.5068
10954.102444	75.622	168.0430
10954.468655	75.616	167.5596
10954.834866	75.605	167.1719
10955.201077	75.603	166.8066
10955.567288	75.599	166.4043
10955.933499	75.592	166.0459
10956.299710	75.594	165.7002
10956.665921	75.595	165.2969
10957.032132	75.587	164.9199
10957.398342	75.586	164.5938
10957.764553	75.592	164.2197
10958.130764	75.590	163.8037
10958.496975	75.581	163.4111
10958.863186	75.569	163.0742
10959.229397	75.564	162.8057
10959.595608	75.574	162.5312
10959.961819	75.590	162.1553
10960.328030	75.595	161.7129
10960.694241	75.591	161.2979
10961.060452	75.589	160.9072
10961.426663	75.585	160.4941
10961.792874	75.572	160.1182
10962.159085	75.567	159.8389
10962.525296	75.582	159.4941
10962.891507	75.583	158.9961
10963.257718	75.559	158.6201
10963.623929	75.559	158.4180
10963.990140	75.585	158.0410
10964.356351	75.584	157.5039
10964.722562	75.564	157.1211
10965.088773	75.562	156.8135
10965.454984	75.561	156.4482
10965.821195	75.561	156.1270
10966.187406	75.574	155.7500
10966.553617	75.573	155.2598
10966.919828	75.556	154.8828
10967.286039	75.554	154.5811
10967.652250	75.556	154.1875
10968.018461	75.548	153.8428
10968.384672	75.556	153.5332
10968.750882	75.564	153.0703
10969.117093	75.548	152.6455
10969.483304	75.543	152.3711
10969.849515	75.557	151.9805
10970.215726	75.548	151.5029
10970.581937	75.532	151.1895
10970.948148	75.541	150.8916
10971.314359	75.547	150.4473
10971.680570	75.536	150.0352
10972.046781	75.533	149.7012
10972.412992	75.534	149.3115
10972.779203	75.525	148.9336
10973.145414	75.523	148.6318
10973.511625	75.535	148.2598
10973.877836	75.534	147.7959
10974.244047	75.520	147.4131
10974.610258	75.517	147.1025
10974.976469	75.521	146.7363
10975.342680	75.519	146.3555
10975.708891	75.521	145.9912
10976.075102	75.524	145.5654
10976.441313	75.512	145.1338
10976.807524	75.499	144.8105
10977.173735	75.500	144.5059
10977.539946	75.505	144.1230
10977.906157	75.502	143.7305
10978.272368	75.498	143.3652
10978.638579	75.496	142.9961
10979.004790	75.495	142.6436
10979.371001	75.500	142.2812
10979.737211	75.505	141.8545
10980.103422	75.499	141.4316
10980.469633	75.494	141.0557
10980.835844	75.491	140.6670
10981.202055	75.484	140.3037
10981.568266	75.486	139.9844
10981.934477	75.495	139.5811
10982.300688	75.488	139.1455
10982.666899	75.479	138.8574
10983.033110	75.498	138.5518
10983.399321	75.511	138.0449
10983.765532	75.494	137.5947
10984.131743	75.488	137.3154
10984.497954	75.501	136.9287
10984.864165	75.493	136.4648
10985.230376	75.477	136.1699
10985.596587	75.486	135.8867
10985.962798	75.490	135.4727
10986.329009	75.479	135.1348
10986.695220	75.486	134.8564
10987.061431	75.496	134.4492
10987.427642	75.487	134.0635
10987.793853	75.489	133.7764
10988.160064	75.502	133.3672
10988.526275	75.492	132.8984
10988.892486	75.476	132.5840
10989.258697	75.480	132.2891
10989.624908	75.483	131.8965
10989.991119	75.478	131.5273
10990.357330	75.480	131.1621
10990.723541	75.476	130.7510
10991.089751	75.466	130.4141
10991.455962	75.474	130.1064
10991.822173	75.486	129.6641
10992.188384	75.478	129.1875
10992.554595	75.465	128.8154
10992.920806	75.463	128.4580
10993.287017	75.460	128.0811
10993.653228	75.460	127.7383
10994.019439	75.469	127.3408
10994.385650	75.466	126.8701
10994.751861	75.451	126.4863
10995.118072	75.448	126.1875
10995.484283	75.456	125.8184
10995.850494	75.454	125.4072
10996.216705	75.449	125.0605
10996.582916	75.453	124.7148
10996.949127	75.453	124.3184
10997.315338	75.446	123.9844
10997.681549	75.455	123.6885
10998.047760	75.469	123.2529
10998.413971	75.457	122.7881
10998.780182	75.444	122.5156
10999.146393	75.462	122.2188
10999.512604	75.472	121.6914
10999.878815	75.446	121.2305
11000.245026	75.428	120.9912
11000.611237	75.438	120.7217
11000.977448	75.448	120.3252
11001.343659	75.448	119.8809
11001.709870	75.433	119.4580
11002.076081	75.417	119.1719
11002.442291	75.427	118.9287
11002.808502	75.445	118.5020
11003.174713	75.438	118.0244
11003.540924	75.427	117.6826
11003.907135	75.430	117.3447
11004.273346	75.431	116.9521
11004.639557	75.428	116.6104
11005.005768	75.437	116.2715
11005.371979	75.448	115.8506
11005.738190	75.448	115.3926
11006.104401	75.438	114.9688
11006.470612	75.426	114.6250
11006.836823	75.424	114.3340
11007.203034	75.433	114.0029
11007.569245	75.438	113.6025
11007.935456	75.434	113.2080
11008.301667	75.428	112.8857
11008.667878	75.436	112.5830
11009.034089	75.450	112.1641
11009.400300	75.444	111.6719
11009.766511	75.422	111.2998
11010.132722	75.415	111.0381
11010.498933	75.420	110.7070
11010.865144	75.416	110.3340
11011.231355	75.414	110.0400
11011.597566	75.429	109.7051
11011.963777	75.438	109.2246
11012.329988	75.426	108.7666
11012.696199	75.417	108.4072
11013.062410	75.415	108.0146
11013.428620	75.404	107.6182
11013.794831	75.398	107.2988
11014.161042	75.402	106.9414
11014.527253	75.400	106.5244
11014.893464	75.393	106.1631
11015.259675	75.394	105.8203
11015.625886	75.396	105.4473
11015.992097	75.398	105.0781
11016.358308	75.404	104.6680
11016.724519	75.400	104.2178
11017.090730	75.387	103.8350
11017.456941	75.379	103.5215
11017.823152	75.379	103.2285
11018.189363	75.390	102.9258
11018.555574	75.409	102.5195
11018.921785	75.412	102.0156
11019.287996	75.398	101.5732
11019.654207	75.385	101.2383
11020.020418	75.384	100.9131
11020.386629	75.383	100.5547
11020.752840	75.380	100.1963
11021.119051	75.378	99.8721
11021.485262	75.383	99.5381
11021.851473	75.387	99.1416
11022.217684	75.381	98.7656
11022.583895	75.382	98.4619
11022.950106	75.396	98.0693
11023.316317	75.390	97.5781
11023.682528	75.366	97.2646
11024.048739	75.374	97.0752
11024.414950	75.403	96.6494
11024.781160	75.394	96.0938
11025.147371	75.367	95.7822
11025.513582	75.376	95.5596
11025.879793	75.393	95.1172
11026.246004	75.380	94.6396
11026.612215	75.364	94.3467
11026.978426	75.372	94.0693
11027.344637	75.383	93.6582
11027.710848	75.378	93.2266
11028.077059	75.371	92.8711
11028.443270	75.375	92.5078
11028.809481	75.373	92.0693
11029.175692	75.355	91.6895
11029.541903	75.349	91.4512
11029.908114	75.369	91.1514
11030.274325	75.383	90.6523
11030.640536	75.369	90.1797
11031.006747	75.357	89.8730
11031.372958	75.367	89.5371
11031.739169	75.370	89.1016
11032.105380	75.365	88.7080
11032.471591	75.365	88.3213
11032.837802	75.357	87.9131
11033.204013	75.347	87.6182
11033.570224	75.359	87.3389
11033.936435	75.372	86.9053
11034.302646	75.367	86.4951
11034.668857	75.371	86.1631
11035.035068	75.381	85.7100
11035.401279	75.366	85.2480
11035.767489	75.350	84.9609
11036.133700	75.357	84.6709
11036.499911	75.362	84.2842
11036.866122	75.358	83.9238
11037.232333	75.359	83.5928
11037.598544	75.364	83.2441
11037.964755	75.372	82.8789
11038.330966	75.381	82.4404
11038.697177	75.374	81.9570
11039.063388	75.354	81.5615
11039.429599	75.341	81.2725
11039.795810	75.343	80.9922
11040.162021	75.351	80.6484
11040.528232	75.357	80.2500
11040.894443	75.357	79.8379
11041.260654	75.353	79.4258
11041.626865	75.342	79.0283
11041.993076	75.329	78.7041
11042.359287	75.329	78.4404
11042.725498	75.343	78.1074
11043.091709	75.349	77.6699
11043.457920	75.340	77.2871
11043.824131	75.343	76.9854
11044.190342	75.357	76.5898
11044.556553	75.357	76.1250
11044.922764	75.348	75.7383
11045.288975	75.348	75.3740
11045.655186	75.345	74.9736
11046.021397	75.338	74.6143
11046.387608	75.337	74.2676
11046.753819	75.335	73.9043
11047.120029	75.333	73.5859
11047.486240	75.344	73.2383
11047.852451	75.349	72.7959
11048.218662	75.339	72.3809
11048.584873	75.331	72.0352
11048.951084	75.327	71.7021
11049.317295	75.325	71.3955
11049.683506	75.334	71.0771
11050.049717	75.343	70.6904
11050.415928	75.347	70.2949
11050.782139	75.353	69.8926
11051.148350	75.352	69.4346
11051.514561	75.340	69.0352
11051.880772	75.337	68.7109
11052.246983	75.340	68.3135
11052.613194	75.328	67.9297
11052.979405	75.327	67.6689
11053.345616	75.347	67.2930
11053.711827	75.344	66.7812
11054.078038	75.324	66.4492
11054.444249	75.333	66.1816
11054.810460	75.343	65.7227
11055.176671	75.324	65.3193
11055.542882	75.319	65.0859
11055.909093	75.334	64.7617
11056.275304	75.337	64.3730
11056.641515	75.343	64.0342
11057.007726	75.354	63.6143
11057.373937	75.348	63.1611
11057.740148	75.337	62.8311
11058.106358	75.341	62.5107
11058.472569	75.345	62.1055
11058.838780	75.337	61.7275
11059.204991	75.334	61.4180
11059.571202	75.343	61.0723
11059.937413	75.348	60.6318
11060.303624	75.338	60.1963
11060.669835	75.327	59.8457
11061.036046	75.323	59.4961
11061.402257	75.315	59.1406
11061.768468	75.311	58.8525
11062.134679	75.324	58.5244
11062.500890	75.332	58.0703
11062.867101	75.321	57.6309
11063.233312	75.312	57.2900
11063.599523	75.315	56.9551
11063.965734	75.320	56.5439
11064.331945	75.312	56.1143
11064.698156	75.301	55.7920
11065.064367	75.309	55.5049
11065.430578	75.323	55.0820
11065.796789	75.317	54.6416
11066.163000	75.314	54.3115
11066.529211	75.325	53.9355
11066.895422	75.325	53.4775
11067.261633	75.313	53.1016
11067.627844	75.310	52.8057
11067.994055	75.319	52.5078
11068.360266	75.339	52.1172
11068.726477	75.344	51.5869
11069.092688	75.319	51.1396
11069.458898	75.303	50.9209
11069.825109	75.318	50.6631
11070.191320	75.329	50.2441
11070.557531	75.323	49.8564
11070.923742	75.322	49.5273
11071.289953	75.324	49.1865
11071.656164	75.328	48.8379
11072.022375	75.331	48.4521
11072.388586	75.325	48.0928
11072.754797	75.329	47.8213
11073.121008	75.354	47.4434
11073.487219	75.362	46.8701
11073.853430	75.336	46.3740
11074.219641	75.314	46.0918
11074.585852	75.317	45.8213
11074.952063	75.323	45.4287
11075.318274	75.313	45.0342
11075.684485	75.305	44.7422
11076.050696	75.314	44.4668
11076.416907	75.331	44.0889
11076.783118	75.338	43.6250
11077.149329	75.331	43.1787
11077.515540	75.321	42.8145
11077.881751	75.319	42.5010
11078.247962	75.328	42.1582
11078.614173	75.337	41.7480
11078.980384	75.338	41.2861
11079.346595	75.325	40.8496
11079.712806	75.307	40.5352
11080.079017	75.307	40.2891
11080.445228	75.320	39.9688
11080.811438	75.329	39.5811
11081.177649	75.334	39.1846
11081.543860	75.335	38.7715
11081.910071	75.330	38.3779
11082.276282	75.327	38.0234
11082.642493	75.327	37.6543
11083.008704	75.325	37.2861
11083.374915	75.327	36.9102
11083.741126	75.323	36.4727
11084.107337	75.302	36.1084
11084.473548	75.294	35.9014
11084.839759	75.314	35.6006
11085.205970	75.321	35.1328
11085.572181	75.307	34.7539
11085.938392	75.309	34.4580
11086.304603	75.318	34.0576
11086.670814	75.312	33.6504
11087.037025	75.310	33.3193
11087.403236	75.317	32.9395
11087.769447	75.316	32.5322
11088.135658	75.316	32.1768
11088.501869	75.323	31.7803
11088.868080	75.322	31.3447
11089.234291	75.318	30.9570
11089.600502	75.318	30.5615
11089.966713	75.311	30.1553
11090.332924	75.303	29.8457
11090.699135	75.314	29.5400
11091.065346	75.325	29.1133
11091.431557	75.319	28.6885
11091.797767	75.315	28.3662
11092.163978	75.323	28.0371
11092.530189	75.330	27.6533
11092.896400	75.335	27.2695
11093.262611	75.342	26.8506
11093.628822	75.333	26.3984
11093.995033	75.313	26.0830
11094.361244	75.315	25.9053
11094.727455	75.344	25.6016
11095.093666	75.362	25.1035
11095.459877	75.356	24.6113
11095.826088	75.343	24.2051
11096.192299	75.330	23.8701
11096.558510	75.328	23.5840
11096.924721	75.336	23.2129
11097.290932	75.327	22.7852
11097.657143	75.310	22.5098
11098.023354	75.321	22.2764
11098.389565	75.337	21.8760
11098.755776	75.336	21.4736
11099.121987	75.344	21.1426
11099.488198	75.362	20.6562
11099.854409	75.348	20.0830
11100.220620	75.315	19.7246
11100.586831	75.308	19.5342
11100.953042	75.328	19.2295
11101.319253	75.340	18.7500
11101.685464	75.329	18.3066
11102.051675	75.323	17.9873
11102.417886	75.333	17.6133
11102.784097	75.329	17.1523
11103.150307	75.314	16.8115
11103.516518	75.320	16.5488
11103.882729	75.337	16.1445
11104.248940	75.334	15.6699
11104.615151	75.321	15.3115
11104.981362	75.322	15.0117
11105.347573	75.329	14.6523
11105.713784	75.330	14.2734
11106.079995	75.332	13.9365
11106.446206	75.343	13.5850
11106.812417	75.355	13.1328
11107.178628	75.348	12.6318
11107.544839	75.323	12.2539
11107.911050	75.312	12.0381
11108.277261	75.327	11.7910
11108.643472	75.346	11.3945
11109.009683	75.350	10.9521
11109.375894	75.349	10.5312
11109.742105	75.342	10.1279
11110.108316	75.333	9.7979
11110.474527	75.339	9.4990
11110.840738	75.351	9.1064
11111.206949	75.352	8.6641
11111.573160	75.346	8.2705
11111.939371	75.344	7.9102
11112.305582	75.344	7.5430
11112.671793	75.346	7.1514
11113.038004	75.341	6.7383
11113.404215	75.327	6.3730
11113.770426	75.318	6.1123
11114.136636	75.328	5.8857
11114.502847	75.354	5.5166
11114.869058	75.360	4.9971
11115.235269	75.340	4.6045
11115.601480	75.340	4.3906
11115.967691	75.368	4.0293
11116.333902	75.373	3.4834
11116.700113	75.352	3.0596
11117.066324	75.341	2.7949
11117.432535	75.351	2.5234
11117.798746	75.371	2.1533
11118.164957	75.383	1.6367
11118.531168	75.364	1.1172
11118.897379	75.335	0.8262
11119.263590	75.340	0.6543
11119.629801	75.368	0.2979
11119.996012	75.375	-0.2266
11120.362223	75.359	-0.6631
11120.728434	75.351	-0.9814
11121.094645	75.352	-1.3281
11121.460856	75.349	-1.6787
11121.827067	75.353	-1.9893
11122.193278	75.363	-2.3730
11122.559489	75.361	-2.7754
11122.925700	75.364	-3.0869
11123.291911	75.382	-3.4912
11123.658122	75.380	-4.0127
11124.024333	75.360	-4.3926
11124.390544	75.359	-4.6895
11124.756755	75.362	-5.0752
11125.122966	75.355	-5.4268
11125.489176	75.359	-5.7383
11125.855387	75.364	-6.1289
11126.221598	75.359	-6.4824
11126.587809	75.367	-6.7832
11126.954020	75.383	-7.2041
11127.320231	75.382	-7.6748
11127.686442	75.374	-8.0596
11128.052653	75.374	-8.4219
11128.418864	75.375	-8.8018
11128.785075	75.377	-9.1963
11129.151286	75.374	-9.6221
11129.517497	75.362	-10.0020
11129.883708	75.358	-10.2930
11130.249919	75.368	-10.6191
11130.616130	75.376	-11.0312
11130.982341	75.375	-11.4482
11131.348552	75.371	-11.8418
11131.714763	75.363	-12.1982
11132.080974	75.361	-12.4990
11132.447185	75.371	-12.8223
11132.813396	75.379	-13.2197
11133.179607	75.379	-13.6318
11133.545818	75.374	-14.0029
11133.912029	75.371	-14.3271
11134.278240	75.380	-14.6396
11134.644451	75.395	-15.0566
11135.010662	75.392	-15.5664
11135.376873	75.369	-15.9473
11135.743084	75.362	-16.1934
11136.109295	75.372	-16.5303
11136.475506	75.368	-16.9092
11136.841716	75.368	-17.1729
11137.207927	75.394	-17.5166
11137.574138	75.407	-18.0713
11137.940349	75.387	-18.5693
11138.306560	75.370	-18.8916
11138.672771	75.368	-19.2207
11139.038982	75.364	-19.5762
11139.405193	75.362	-19.8789
11139.771404	75.373	-20.2119
11140.137615	75.381	-20.6240
11140.503826	75.380	-21.0215
11140.870037	75.382	-21.3779
11141.236248	75.390	-21.7715
11141.602459	75.392	-22.2217
11141.968670	75.381	-22.6416
11142.334881	75.371	-22.9580
11142.701092	75.377	-23.2432
11143.067303	75.390	-23.6172
11143.433514	75.393	-24.0391
11143.799725	75.392	-24.4023
11144.165936	75.402	-24.7666
11144.532147	75.409	-25.2305
11144.898358	75.396	-25.6738
11145.264569	75.386	-25.9688
11145.630780	75.400	-26.2842
11145.996991	75.409	-26.7539
11146.363202	75.396	-27.1914
11146.729413	75.388	-27.5020
11147.095624	75.394	-27.8428
11147.461835	75.395	-28.2275
11147.828045	75.395	-28.5752
11148.194256	75.401	-28.9629
11148.560467	75.396	-29.3672
11148.926678	75.391	-29.6729
11149.292889	75.402	-29.9912
11149.659100	75.411	-30.4121
11150.025311	75.408	-30.8047
11150.391522	75.411	-31.1621
11150.757733	75.414	-31.5732
11151.123944	75.407	-31.9531
11151.490155	75.406	-32.2617
11151.856366	75.417	-32.6182
11152.222577	75.422	-33.0352
11152.588788	75.421	-33.4570
11152.954999	75.414	-33.8691
11153.321210	75.403	-34.2139
11153.687421	75.404	-34.5107
11154.053632	75.411	-34.8662
11154.419843	75.414	-35.2451
11154.786054	75.421	-35.6094
11155.152265	75.429	-36.0654
11155.518476	75.416	-36.5303
11155.884687	75.399	-36.8154
11156.250898	75.414	-37.0703
11156.617109	75.436	-37.5381
11156.983320	75.424	-38.0781
11157.349531	75.395	-38.3906
11157.715742	75.400	-38.5430
11158.081953	75.435	-38.8867
11158.448164	75.447	-39.4521
11158.814375	75.427	-39.8896
11159.180585	75.423	-40.1650
11159.546796	75.433	-40.5312
11159.913007	75.430	-40.9297
11160.279218	75.430	-41.2305
11160.645429	75.444	-41.5801
11161.011640	75.451	-42.0176
11161.377851	75.449	-42.4258
11161.744062	75.446	-42.8145
11162.110273	75.442	-43.1738
11162.476484	75.446	-43.5146
11162.842695	75.451	-43.9521
11163.208906	75.434	-44.3740
11163.575117	75.422	-44.6064
11163.941328	75.444	-44.8789
11164.307539	75.462	-45.3906
11164.673750	75.445	-45.8711
11165.039961	75.434	-46.1562
11165.406172	75.448	-46.5029
11165.772383	75.450	-46.9941
11166.138594	75.431	-47.3848
11166.504805	75.427	-47.6465
11166.871016	75.439	-47.9727
11167.237227	75.447	-48.3740
11167.603438	75.451	-48.7725
11167.969649	75.452	-49.1719
11168.335860	75.450	-49.5459
11168.702071	75.451	-49.8955
11169.068282	75.453	-50.2588
11169.434493	75.455	-50.5791
11169.800704	75.471	-50.9072
11170.166914	75.487	-51.3818
11170.533125	75.476	-51.8672
11170.899336	75.461	-52.1924
11171.265547	75.463	-52.4893
11171.631758	75.467	-52.8281
11171.997969	75.475	-53.1504
11172.364180	75.491	-53.5684
11172.730391	75.487	-54.0889
11173.096602	75.463	-54.4629
11173.462813	75.460	-54.7031
11173.829024	75.473	-55.0684
11174.195235	75.469	-55.5020
11174.561446	75.460	-55.8086
11174.927657	75.473	-56.1270
11175.293868	75.480	-56.5908
11175.660079	75.465	-56.9834
11176.026290	75.466	-57.2373
11176.392501	75.490	-57.6191
11176.758712	75.492	-58.1562
11177.124923	75.469	-58.5527
11177.491134	75.466	-58.7842
11177.857345	75.487	-59.1162
11178.223556	75.495	-59.5850
11178.589767	75.488	-59.9893
11178.955978	75.491	-60.3232
11179.322189	75.501	-60.7363
11179.688400	75.496	-61.1914
11180.054611	75.483	-61.5479
11180.420822	75.481	-61.8340
11180.787033	75.491	-62.1592
11181.153244	75.502	-62.5674
11181.519454	75.500	-63.0215
11181.885665	75.486	-63.3965
11182.251876	75.483	-63.6611
11182.618087	75.500	-63.9912
11182.984298	75.511	-64.4756
11183.350509	75.497	-64.9375
11183.716720	75.483	-65.2520
11184.082931	75.487	-65.5283
11184.449142	75.502	-65.9004
11184.815353	75.508	-66.3525
11185.181564	75.500	-66.7822
11185.547775	75.491	-67.1221
11185.913986	75.495	-67.4072
11186.280197	75.515	-67.7646
11186.646408	75.529	-68.2666
11187.012619	75.517	-68.7666
11187.378830	75.501	-69.1074
11187.745041	75.505	-69.4043
11188.111252	75.512	-69.8105
11188.477463	75.504	-70.2129
11188.843674	75.500	-70.5049
11189.209885	75.514	-70.8379
11189.576096	75.520	-71.2871
11189.942307	75.510	-71.6689
11190.308518	75.514	-71.9541
11190.674729	75.533	-72.3730
11191.040940	75.526	-72.9004
11191.407151	75.499	-73.2490
11191.773362	75.498	-73.4395
11192.139573	75.522	-73.7656
11192.505783	75.532	-74.2559
11192.871994	75.521	-74.6758
11193.238205	75.520	-74.9902
11193.604416	75.532	-75.3838
11193.970627	75.528	-75.8604
11194.336838	75.511	-76.2148
11194.703049	75.514	-76.4629
11195.069260	75.535	-76.8301
11195.435471	75.542	-77.3105
11195.801682	75.536	-77.7217
11196.167893	75.537	-78.0957
11196.534104	75.537	-78.5215
11196.900315	75.527	-78.9014
11197.266526	75.526	-79.1982
11197.632737	75.538	-79.5498
11197.998948	75.542	-79.9873
11198.365159	75.533	-80.3770
11198.731370	75.531	-80.6982
11199.097581	75.536	-81.0566
11199.463792	75.533	-81.4395
11199.830003	75.527	-81.7363
11200.196214	75.540	-82.0029
11200.562425	75.561	-82.4072
11200.928636	75.564	-82.8906
11201.294847	75.557	-83.2773
11201.661058	75.562	-83.6328
11202.027269	75.566	-84.0869
11202.393480	75.551	-84.5156
11202.759691	75.539	-84.7979
11203.125902	75.550	-85.0713
11203.492113	75.568	-85.4814
11203.858323	75.569	-85.9600
11204.224534	75.558	-86.3545
11204.590745	75.559	-86.6738
11204.956956	75.570	-87.0752
11205.323167	75.566	-87.5391
11205.689378	75.554	-87.8926
11206.055589	75.560	-88.2012
11206.421800	75.571	-88.6182
11206.788011	75.567	-89.0635
11207.154222	75.558	-89.4316
11207.520433	75.556	-89.7480
11207.886644	75.565	-90.0830
11208.252855	75.575	-90.4951
11208.619066	75.573	-90.9062
11208.985277	75.577	-91.2656
11209.351488	75.586	-91.7158
11209.717699	75.572	-92.1846
11210.083910	75.557	-92.4688
11210.450121	75.570	-92.7646
11210.816332	75.574	-93.2119
11211.182543	75.561	-93.5527
11211.548754	75.570	-93.8096
11211.914965	75.590	-94.2178
11212.281176	75.590	-94.6758
11212.647387	75.588	-95.0615
11213.013598	75.589	-95.4482
11213.379809	75.589	-95.8379
11213.746020	75.590	-96.2393
11214.112231	75.583	-96.6562
11214.478442	75.573	-96.9951
11214.844653	75.575	-97.3047
11215.210863	75.581	-97.6680
11215.577074	75.584	-98.0293
11215.943285	75.593	-98.4111
11216.309496	75.596	-98.8594
11216.675707	75.588	-99.2646
11217.041918	75.585	-99.6162
11217.408129	75.585	-99.9805
11217.774340	75.586	-100.3086
11218.140551	75.600	-100.6504
11218.506762	75.614	-101.1143
11218.872973	75.608	-101.5791
11219.239184	75.604	-101.9463
11219.605395	75.608	-102.3428
11219.971606	75.602	-102.7803
11220.337817	75.589	-103.1025
11220.704028	75.594	-103.3545
11221.070239	75.614	-103.7021
11221.436450	75.627	-104.1377
11221.802661	75.630	-104.5840
11222.168872	75.627	-105.0205
11222.535083	75.617	-105.3975
11222.901294	75.616	-105.7090
11223.267505	75.623	-106.0654
11223.633716	75.622	-106.4561
11223.999927	75.620	-106.7881
11224.366138	75.629	-107.1309
11224.732349	75.634	-107.5439
11225.098560	75.630	-107.9268
11225.464771	75.632	-108.2764
11225.830982	75.635	-108.6758
11226.197192	75.628	-109.0596
11226.563403	75.624	-109.3564
11226.929614	75.638	-109.6650
11227.295825	75.655	-110.0977
11227.662036	75.654	-110.5957
11228.028247	75.639	-110.9980
11228.394458	75.634	-111.2793
11228.760669	75.648	-111.6035
11229.126880	75.660	-112.0371
11229.493091	75.660	-112.4678
11229.859302	75.661	-112.8633
11230.225513	75.664	-113.2793
11230.591724	75.662	-113.7021
11230.957935	75.658	-114.1074
11231.324146	75.651	-114.5059
11231.690357	75.640	-114.8564
11232.056568	75.634	-115.1250
11232.422779	75.647	-115.3896
11232.788990	75.670	-115.7910
11233.155201	75.673	-116.3115
11233.521412	75.652	-116.7129
11233.887623	75.648	-116.9531
11234.253834	75.668	-117.3115
11234.620045	75.668	-117.8135
11234.986256	75.649	-118.1699
11235.352467	75.653	-118.4219
11235.718678	75.671	-118.8232
11236.084889	75.669	-119.2959
11236.451100	75.659	-119.6748
11236.817311	75.658	-120.0146
11237.183522	75.663	-120.3828
11237.549732	75.668	-120.7930
11237.915943	75.664	-121.2314
11238.282154	75.654	-121.5996
11238.648365	75.656	-121.9102
11239.014576	75.666	-122.2988
11239.380787	75.666	-122.7275
11239.746998	75.663	-123.0977
11240.113209	75.667	-123.4707
11240.479420	75.667	-123.8652
11240.845631	75.666	-124.2129
11241.211842	75.674	-124.5576
11241.578053	75.684	-124.9580
11241.944264	75.689	-125.3926
11242.310475	75.687	-125.8340
11242.676686	75.678	-126.2295
11243.042897	75.675	-126.5713
11243.409108	75.676	-126.9355
11243.775319	75.673	-127.2949
11244.141530	75.676	-127.6279
11244.507741	75.683	-128.0283
11244.873952	75.676	-128.4375
11245.240163	75.670	-128.7334
11245.606374	75.683	-129.0527
11245.972585	75.690	-129.4873
11246.338796	75.684	-129.8779
11246.705007	75.686	-130.2100
11247.071218	75.692	-130.5840
11247.437429	75.695	-130.9590
11247.803640	75.703	-131.3398
11248.169851	75.706	-131.7832
11248.536061	75.697	-132.1621
11248.902272	75.703	-132.4492
11249.268483	75.725	-132.8643
11249.634694	75.726	-133.3965
11250.000905	75.709	-133.7959
11250.367116	75.711	-134.1084
11250.733327	75.721	-134.5430
11251.099538	75.709	-134.9980
11251.465749	75.695	-135.3066
11251.831960	75.700	-135.5869
11252.198171	75.711	-135.9570
11252.564382	75.714	-136.3496
11252.930593	75.718	-136.7246
11253.296804	75.725	-137.1211
11253.663015	75.729	-137.5674
11254.029226	75.720	-138.0234
11254.395437	75.702	-138.3652
11254.761648	75.702	-138.5957
11255.127859	75.725	-138.9463
11255.494070	75.731	-139.4580
11255.860281	75.714	-139.8662
11256.226492	75.711	-140.1279
11256.592703	75.729	-140.4756
11256.958914	75.738	-140.9404
11257.325125	75.732	-141.3740
11257.691336	75.727	-141.7363
11258.057547	75.731	-142.0742
11258.423758	75.743	-142.4551
11258.789969	75.752	-142.9170
11259.156180	75.747	-143.3926
11259.522391	75.734	-143.7959
11259.888601	75.724	-144.1240
11260.254812	75.725	-144.4043
11260.621023	75.742	-144.7295
11260.987234	75.757	-145.1787
11261.353445	75.754	-145.6436
11261.719656	75.748	-146.0078
11262.085867	75.754	-146.3691
11262.452078	75.759	-146.8145
11262.818289	75.749	-147.2490
11263.184500	75.736	-147.5703
11263.550711	75.740	-147.8496
11263.916922	75.753	-148.2178
11264.283133	75.756	-148.6426
11264.649344	75.754	-149.0225
11265.015555	75.756	-149.4053
11265.381766	75.753	-149.7939
11265.747977	75.752	-150.1211
11266.114188	75.764	-150.5029
11266.480399	75.761	-150.9648
11266.846610	75.747	-151.2900
11267.212821	75.760	-151.5596
11267.579032	75.780	-152.0264
11267.945243	75.770	-152.5195
11268.311454	75.759	-152.8457
11268.677665	75.767	-153.1943
11269.043876	75.767	-153.6230
11269.410087	75.761	-153.9736
11269.776298	75.767	-154.3008
11270.142509	75.775	-154.6934
11270.508720	75.777	-155.0664
11270.874931	75.788	-155.4258
11271.241141	75.800	-155.8721
11271.607352	75.799	-156.3467
11271.973563	75.790	-156.7451
11272.339774	75.788	-157.1064
11272.705985	75.789	-157.4766
11273.072196	75.792	-157.8418
11273.438407	75.798	-158.2510
11273.804618	75.793	-158.6953
11274.170829	75.779	-159.0430
11274.537040	75.780	-159.3193
11274.903251	75.792	-159.6816
11275.269462	75.794	-160.1074
11275.635673	75.788	-160.4824
11276.001884	75.787	-160.8232
11276.368095	75.788	-161.1748
11276.734306	75.790	-161.5107
11277.100517	75.799	-161.8359
11277.466728	75.816	-162.2363
11277.832939	75.821	-162.7314
11278.199150	75.808	-163.1699
11278.565361	75.802	-163.4844
11278.931572	75.812	-163.8271
11279.297783	75.822	-164.2588
11279.663994	75.825	-164.7158
11280.030205	75.820	-165.1895
11280.396416	75.803	-165.6123
11280.762627	75.789	-165.9209
11281.128838	75.790	-166.2139
11281.495049	75.796	-166.5410
11281.861260	75.806	-166.8906
11282.227470	75.816	-167.3174
11282.593681	75.811	-167.7461
11282.959892	75.808	-168.0762
11283.326103	75.818	-168.4355
11283.692314	75.820	-168.8633
11284.058525	75.816	-169.2266
11284.424736	75.822	-169.5684
11284.790947	75.829	-169.9717
11285.157158	75.830	-170.3623
11285.523369	75.835	-170.7461
11285.889580	75.839	-171.1689
11286.255791	75.837	-171.5625
11286.622002	75.843	-171.9580
11286.988213	75.844	-172.4365
11287.354424	75.826	-172.8457
11287.720635	75.821	-173.1172
11288.086846	75.839	-173.4805
11288.453057	75.842	-173.9785
11288.819268	75.829	-174.4033
11289.185479	75.822	-174.7676
11289.551690	75.814	-175.1445
11289.917901	75.805	-175.4346
11290.284112	75.817	-175.7129
11290.650323	75.833	-176.1406
11291.016534	75.828	-176.5850
11291.382745	75.821	-176.9258
11291.748956	75.825	-177.2500
11292.115167	75.835	-177.5977
11292.481378	75.849	-178.0010
11292.847589	75.852	-178.4922
11293.213800	75.836	-178.9043
11293.580010	75.832	-179.1699
11293.946221	75.851	-179.5078
11294.312432	75.862	-179.9922
11294.678643	75.854	179.5557
11295.044854	75.847	179.1943
11295.411065	75.849	178.8379
11295.777276	75.854	178.4463
11296.143487	75.856	178.0244
11296.509698	75.850	177.6123
11296.875909	75.845	177.2695
11297.242120	75.853	176.9375
11297.608331	75.866	176.4961
11297.974542	75.859	176.0059
11298.340753	75.841	175.6494
11298.706964	75.842	175.3906
11299.073175	75.859	175.0244
11299.439386	75.862	174.5693
11299.805597	75.855	174.2080
11300.171808	75.865	173.8828
11300.538019	75.875	173.4316
11300.904230	75.863	172.9961
11301.270441	75.857	172.7373
11301.636652	75.882	172.4229
11302.002863	75.897	171.8711
11302.369074	75.872	171.4004
11302.735285	75.861	171.1982
11303.101496	75.892	170.8916
11303.467707	75.906	170.3008
11303.833918	75.878	169.8076
11304.200129	75.861	169.5586
11304.566339	75.873	169.2520
11304.932550	75.875	168.8242
11305.298761	75.867	168.4629
11305.664972	75.868	168.1484
11306.031183	75.874	167.7920
11306.397394	75.879	167.4258
11306.763605	75.887	167.0576
11307.129816	75.898	166.6416
11307.496027	75.903	166.1592
11307.862238	75.891	165.6953
11308.228449	75.876	165.3701
11308.594660	75.884	165.0811
11308.960871	75.897	164.6523
11309.327082	75.890	164.2148
11309.693293	75.887	163.8975
11310.059504	75.902	163.5312
11310.425715	75.906	163.0605
11310.791926	75.898	162.6543
11311.158137	75.899	162.3115
11311.524348	75.907	161.9072
11311.890559	75.905	161.4678
11312.256770	75.897	161.0811
11312.622981	75.893	160.7383
11312.989192	75.894	160.3994
11313.355403	75.900	160.0615
11313.721614	75.912	159.6826
11314.087825	75.920	159.2197
11314.454036	75.911	158.7793
11314.820247	75.905	158.4521
11315.186458	75.917	158.1035
11315.552669	75.926	157.6299
11315.918879	75.915	157.1562
11316.285090	75.898	156.8115
11316.651301	75.901	156.5449
11317.017512	75.921	156.1592
11317.383723	75.922	155.6260
11317.749934	75.897	155.2275
11318.116145	75.895	155.0137
11318.482356	75.920	154.6455
11318.848567	75.921	154.1133
11319.214778	75.901	153.7461
11319.580989	75.905	153.4814
11319.947200	75.918	153.0674
11320.313411	75.910	152.6514
11320.679622	75.908	152.3926
11321.045833	75.934	152.0527
11321.412044	75.945	151.5234
11321.778255	75.930	151.0947
11322.144466	75.931	150.8154
11322.510677	75.951	150.4072
11322.876888	75.950	149.9004
11323.243099	75.937	149.5098
11323.609310	75.936	149.1553
11323.975521	75.932	148.7773
11324.341732	75.931	148.4590
11324.707943	75.943	148.0879
11325.074154	75.941	147.6377
11325.440365	75.931	147.3027
11325.806576	75.942	146.9980
11326.172787	75.954	146.5430
11326.538998	75.945	146.0977
11326.905208	75.941	145.7441
11327.271419	75.943	145.3379
11327.637630	75.933	144.9453
11328.003841	75.931	144.6582
11328.370052	75.950	144.2803
11328.736263	75.952	143.7529
11329.102474	75.929	143.3291
11329.468685	75.920	143.0752
11329.834896	75.936	142.7754
11330.201107	75.951	142.3223
11330.567318	75.949	141.8389
11330.933529	75.939	141.4395
11331.299740	75.938	141.0908
11331.665951	75.943	140.7051
11332.032162	75.944	140.2871
11332.398373	75.941	139.9023
11332.764584	75.945	139.5322
11333.130795	75.951	139.1104
11333.497006	75.946	138.6855
11333.863217	75.941	138.3330
11334.229428	75.946	137.9951
11334.595639	75.955	137.5957
11334.961850	75.957	137.1807
11335.328061	75.958	136.7861
11335.694272	75.960	136.3721
11336.060483	75.956	135.9521
11336.426694	75.947	135.5957
11336.792905	75.948	135.2842
11337.159116	75.960	134.9326
11337.525327	75.969	134.4941
11337.891538	75.964	134.0312
11338.257748	75.950	133.6670
11338.623959	75.950	133.3867
11338.990170	75.964	133.0410
11339.356381	75.972	132.6055
11339.722592	75.970	132.1797
11340.088803	75.967	131.8018
11340.455014	75.969	131.4502
11340.821225	75.978	131.0654
11341.187436	75.983	130.6104
11341.553647	75.975	130.1836
11341.919858	75.971	129.8379
11342.286069	75.976	129.4629
11342.652280	75.975	129.0586
11343.018491	75.974	128.7188
11343.384702	75.988	128.3525
11343.750913	75.996	127.8633
11344.117124	75.983	127.3896
11344.483335	75.969	127.0459
11344.849546	75.969	126.7305
11345.215757	75.973	126.3555
11345.581968	75.970	125.9814
11345.948179	75.972	125.6426
11346.314390	75.980	125.2656
11346.680601	75.982	124.8262
11347.046812	75.973	124.4238
11347.413023	75.969	124.0986
11347.779234	75.975	123.7520
11348.145445	75.978	123.3496
11348.511656	75.975	122.9912
11348.877867	75.984	122.6641
11349.244078	76.000	122.2139
11349.610288	75.994	121.7021
11349.976499	75.975	121.3477
11350.342710	75.980	121.0820
11350.708921	75.998	120.6719
11351.075132	75.995	120.1904
11351.441343	75.985	119.8438
11351.807554	75.998	119.5156
11352.173765	76.009	119.0107
11352.539976	75.987	118.5381
11352.906187	75.970	118.3125
11353.272398	75.992	118.0615
11353.638609	76.011	117.5605
11354.004820	75.994	117.0986
11354.371031	75.987	116.8379
11354.737242	76.007	116.4971
11355.103453	76.014	115.9805
11355.469664	75.994	115.5449
11355.835875	75.983	115.2764
11356.202086	75.995	114.9824
11356.568297	76.007	114.5596
11356.934508	76.004	114.1250
11357.300719	76.003	113.7598
11357.666930	76.011	113.3525
11358.033141	76.007	112.8701
11358.399352	75.989	112.4834
11358.765563	75.985	112.2041
11359.131774	75.997	111.8467
11359.497985	76.001	111.4023
11359.864196	75.996	111.0010
11360.230407	75.996	110.6445
11360.596617	76.002	110.2656
11360.962828	76.009	109.8389
11361.329039	76.006	109.3789
11361.695250	75.993	108.9844
11362.061461	75.990	108.6963
11362.427672	76.004	108.3447
11362.793883	76.007	107.8818
11363.160094	75.996	107.5137
11363.526305	76.002	107.2246
11363.892516	76.016	106.8086
11364.258727	76.011	106.3789
11364.624938	76.011	106.0635
11364.991149	76.025	105.6670
11365.357360	76.022	105.1982
11365.723571	76.014	104.8623
11366.089782	76.028	104.4990
11366.455993	76.029	103.9834
11366.822204	76.007	103.5840
11367.188415	76.004	103.3096
11367.554626	76.013	102.9053
11367.920837	76.001	102.4912
11368.287048	75.997	102.2090
11368.653259	76.013	101.8418
11369.019470	76.012	101.3740
11369.385681	76.002	101.0312
11369.751892	76.016	100.7080
11370.118103	76.029	100.2158
11370.484314	76.016	99.7305
11370.850525	76.004	99.4043
11371.216736	76.013	99.0664
11371.582947	76.019	98.6279
11371.949157	76.013	98.2061
11372.315368	76.009	97.8486
11372.681579	76.012	97.5029
11373.047790	76.022	97.1299
11373.414001	76.033	96.6797
11373.780212	76.029	96.1777
11374.146423	76.010	95.7803
11374.512634	76.003	95.5186
11374.878845	76.017	95.2119
11375.245056	76.031	94.7920
11375.611267	76.036	94.3564
11375.977478	76.040	93.9004
11376.343689	76.030	93.4258
11376.709900	76.010	93.1025
11377.076111	76.018	92.8799
11377.442322	76.046	92.4531
11377.808533	76.043	91.8945
11378.174744	76.021	91.5391
11378.540955	76.029	91.2646
11378.907166	76.042	90.8115
11379.273377	76.030	90.3652
11379.639588	76.023	90.0645
11380.005799	76.032	89.7148
11380.372010	76.031	89.3115
11380.738221	76.031	88.9932
11381.104432	76.047	88.6357
11381.470643	76.055	88.1504
11381.836854	76.042	87.7100
11382.203065	76.033	87.4062
11382.569276	76.044	87.0947
11382.935486	76.058	86.6406
11383.301697	76.050	86.1357
11383.667908	76.030	85.7773
11384.034119	76.031	85.5127
11384.400330	76.047	85.1152
11384.766541	76.045	84.6260
11385.132752	76.031	84.2305
11385.498963	76.028	83.9014
11385.865174	76.033	83.5215
11386.231385	76.033	83.0908
11386.597596	76.026	82.6885
11386.963807	76.021	82.3486
11387.330018	76.029	81.9902
11387.696229	76.033	81.5586
11388.062440	76.027	81.1553
11388.428651	76.027	80.8135
11388.794862	76.036	80.4365
11389.161073	76.042	80.0137
11389.527284	76.043	79.5889
11389.893495	76.040	79.1729
11390.259706	76.036	78.7949
11390.625917	76.036	78.4375
11390.992128	76.038	78.0557
11391.358339	76.036	77.6875
11391.724550	76.037	77.3477
11392.090761	76.044	76.9824
11392.456972	76.049	76.5918
11392.823183	76.052	76.1846
11393.189394	76.049	75.7627
11393.555605	76.039	75.3955
11393.921816	76.038	75.0967
11394.288026	76.051	74.7266
11394.654237	76.052	74.2666
11395.020448	76.041	73.8867
11395.386659	76.045	73.5576
11395.752870	76.050	73.1230
11396.119081	76.038	72.7236
11396.485292	76.040	72.4551
11396.851503	76.064	72.0273
11397.217714	76.057	71.4473
11397.583925	76.027	71.1162
11397.950136	76.036	70.9189
11398.316347	76.062	70.4814
11398.682558	76.058	69.9717
11399.048769	76.049	69.6211
11399.414980	76.057	69.2725
11399.781191	76.064	68.8477
11400.147402	76.065	68.4326
11400.513613	76.065	68.0322
11400.879824	76.065	67.6426
11401.246035	76.066	67.2617
11401.612246	76.068	66.8682
11401.978457	76.068	66.4834
11402.344668	76.072	66.0879
11402.710879	76.071	65.6514
11403.077090	76.061	65.2490
11403.443301	76.054	64.9102
11403.809512	76.055	64.5586
11404.175723	76.054	64.1807
11404.541934	76.052	63.8193
11404.908145	76.054	63.4590
11405.274356	76.057	63.0693
11405.640566	76.057	62.6680
11406.006777	76.057	62.2822
11406.372988	76.060	61.8848
11406.739199	76.061	61.4404
11407.105410	76.050	61.0264
11407.471621	76.045	60.7119
11407.837832	76.059	60.3564
11408.204043	76.065	59.8877
11408.570254	76.058	59.4922
11408.936465	76.071	59.1416
11409.302676	76.084	58.5986
11409.668887	76.059	58.0732
11410.035098	76.038	57.8486
11410.401309	76.062	57.5859
11410.767520	76.076	57.0654
11411.133731	76.060	56.6572
11411.499942	76.069	56.3926
11411.866153	76.093	55.9072
11412.232364	76.077	55.3467
11412.598575	76.050	55.0625
11412.964786	76.062	54.8535
11413.330997	76.085	54.4248
11413.697208	76.081	53.9238
11414.063419	76.067	53.5693
11414.429630	76.070	53.2646
11414.795841	76.077	52.8730
11415.162052	76.075	52.4834
11415.528263	76.078	52.1426
11415.894474	76.087	51.7217
11416.260685	76.080	51.2793
11416.626895	76.074	50.9521
11416.993106	76.086	50.5703
11417.359317	76.080	50.0840
11417.725528	76.061	49.7646
11418.091739	76.073	49.5283
11418.457950	76.097	49.0771
11418.824161	76.094	48.5674
11419.190372	76.088	48.1689
11419.556583	76.088	47.7256
11419.922794	76.072	47.2998
11420.289005	76.064	47.0225
11420.655216	76.079	46.6738
11421.021427	76.080	46.1895
11421.387638	76.065	45.8213
11421.753849	76.068	45.5459
11422.120060	76.085	45.1572
11422.486271	76.089	44.6904
11422.852482	76.083	44.2568
11423.218693	76.074	43.8877
11423.584904	76.073	43.5977
11423.951115	76.094	43.2588
11424.317326	76.112	42.7295
11424.683537	76.097	42.1729
11425.049748	76.069	41.8291
11425.415959	76.069	41.6055
11425.782170	76.091	41.2490
11426.148381	76.099	40.7373
11426.514592	76.085	40.2793
11426.880803	76.077	39.9570
11427.247014	76.088	39.5801
11427.613225	76.086	39.0762
11427.979435	76.062	38.6797
11428.345646	76.054	38.4434
11428.711857	76.067	38.1328
11429.078068	76.074	37.7334
11429.444279	76.079	37.3721
11429.810490	76.092	36.9648
11430.176701	76.094	36.5088
11430.542912	76.091	36.1172
11430.909123	76.097	35.7109
11431.275334	76.095	35.2617
11431.641545	76.088	34.8926
11432.007756	76.094	34.5312
11432.373967	76.097	34.1006
11432.740178	76.094	33.7051
11433.106389	76.096	33.3145
11433.472600	76.091	32.8857
11433.838811	76.081	32.5566
11434.205022	76.091	32.2627
11434.571233	76.107	31.8125
11434.937444	76.098	31.3281
11435.303655	76.083	30.9854
11435.669866	76.084	30.6865
11436.036077	76.092	30.3242
11436.402288	76.095	29.9434
11436.768499	76.101	29.5576
11437.134710	76.106	29.1250
11437.500921	76.100	28.6875
11437.867132	76.091	28.3281
11438.233343	76.095	27.9863
11438.599554	76.101	27.5605
11438.965764	76.094	27.1172
11439.331975	76.083	26.7588
11439.698186	76.083	26.4453
11440.064397	76.093	26.0762
11440.430608	76.098	25.6377
11440.796819	76.092	25.2305
11441.163030	76.095	24.8867
11441.529241	76.106	24.4619
11441.895452	76.100	23.9785
11442.261663	76.087	23.6523
11442.627874	76.105	23.3555
11442.994085	76.125	22.8125
11443.360296	76.102	22.2549
11443.726507	76.075	21.9766
11444.092718	76.084	21.7383
11444.458929	76.098	21.3398
11444.825140	76.098	20.9473
11445.191351	76.106	20.5820
11445.557562	76.114	20.1230
11445.923773	76.104	19.6816
11446.289984	76.096	19.3496
11446.656195	76.101	19.0098
11447.022406	76.105	18.6211
11447.388617	76.108	18.2285
11447.754828	76.110	17.8184
11448.121039	76.106	17.4082
11448.487250	76.102	17.0391
11448.853461	76.105	16.6699
11449.219672	76.109	16.2637
11449.585883	76.109	15.8076
11449.952094	76.094	15.3584
11450.318304	76.075	15.0430
11450.684515	76.078	14.7959
11451.050726	76.095	14.3955
11451.416937	76.089	13.9199
11451.783148	76.074	13.5957
11452.149359	76.081	13.3242
11452.515570	76.097	12.9277
11452.881781	76.100	12.4883
11453.247992	76.101	12.0752
11453.614203	76.100	11.6504
11453.980414	76.094	11.2637
11454.346625	76.097	10.9082
11454.712836	76.102	10.4873
11455.079047	76.095	10.0684
11455.445258	76.092	9.7314
11455.811469	76.101	9.3574
11456.177680	76.103	8.9131
11456.543891	76.097	8.5098
11456.910102	76.096	8.1367
11457.276313	76.097	7.7471
11457.642524	76.098	7.3516
11458.008735	76.098	6.9287
11458.374946	76.091	6.5205
11458.741157	76.087	6.1631
11459.107368	76.088	5.7812
11459.473579	76.085	5.4033
11459.839790	76.090	5.0586
11460.206001	76.100	4.6191
11460.572212	76.090	4.1611
11460.938423	76.082	3.8516
11461.304633	76.096	3.4990
11461.670844	76.099	3.0166
11462.037055	76.087	2.6494
11462.403266	76.098	2.3477
11462.769477	76.114	1.8740
11463.135688	76.104	1.3750
11463.501899	76.092	1.0449
11463.868110	76.103	0.7119
11464.234321	76.111	0.2373
11464.600532	76.097	-0.2090
11464.966743	76.088	-0.5244
11465.332954	76.094	-0.8584
11465.699165	76.097	-1.2520
11466.065376	76.099	-1.6162
11466.431587	76.107	-2.0195
11466.797798	76.103	-2.4746
11467.164009	76.091	-2.8418
11467.530220	76.089	-3.1621
11467.896431	76.088	-3.5068
11468.262642	76.091	-3.7988
11468.628853	76.111	-4.1328
11468.995064	76.126	-4.6152
11469.361275	76.123	-5.0830
11469.727486	76.120	-5.4824
11470.093697	76.118	-5.8916
11470.459908	76.116	-6.2656
11470.826119	76.123	-6.6621
11471.192330	76.121	-7.1455
11471.558541	76.102	-7.5273
11471.924752	76.103	-7.7939
11472.290963	76.120	-8.2051
11472.657173	76.114	-8.7041
11473.023384	76.098	-9.0459
11473.389595	76.105	-9.3486
11473.755806	76.113	-9.7969
11474.122017	76.099	-10.2207
11474.488228	76.094	-10.5146
11474.854439	76.104	-10.8760
11475.220650	76.102	-11.2998
11475.586861	76.099	-11.6318
11475.953072	76.111	-12.0039
11476.319283	76.112	-12.4736
11476.685494	76.102	-12.8545
11477.051705	76.106	-13.2168
11477.417916	76.103	-13.6553
11477.784127	76.091	-13.9941
11478.150338	76.099	-14.3018
11478.516549	76.108	-14.7402
11478.882760	76.101	-15.1475
11479.248971	76.104	-15.5059
11479.615182	76.106	-15.9502
11479.981393	76.095	-16.3262
11480.347604	76.101	-16.6357
11480.713815	76.113	-17.0977
11481.080026	76.102	-17.5615
11481.446237	76.095	-17.9053
11481.812448	76.098	-18.3232
11482.178659	76.082	-18.7363
11482.544870	76.074	-18.9805
11482.911081	76.094	-19.2930
11483.277292	76.105	-19.7754
11483.643503	76.099	-20.2090
11484.009713	76.099	-20.6055
11484.375924	76.092	-21.0430
11484.742135	76.077	-21.3545
11485.108346	76.091	-21.5947
11485.474557	76.119	-22.0635
11485.840768	76.113	-22.6553
11486.206979	76.087	-23.0361
11486.573190	76.087	-23.3066
11486.939401	76.100	-23.7295
11487.305612	76.092	-24.2168
11487.671823	76.075	-24.5879
11488.038034	76.068	-24.8916
11488.404245	76.070	-25.2246
11488.770456	76.071	-25.5762
11489.136667	76.074	-25.9346
11489.502878	76.077	-26.3213
11489.869089	76.075	-26.7021
11490.235300	76.078	-27.0371
11490.601511	76.092	-27.4336
11490.967722	76.094	-27.9434
11491.333933	76.075	-28.3730
11491.700144	76.068	-28.6670
11492.066355	76.077	-29.0381
11492.432566	76.073	-29.4697
11492.798777	76.065	-29.7930
11493.164988	76.077	-30.1094
11493.531199	76.093	-30.5352
11493.897410	76.101	-31.0137
11494.263621	76.100	-31.5254
11494.629832	76.084	-31.9854
11494.996042	76.073	-32.3154
11495.362253	76.079	-32.6777
11495.728464	76.076	-33.1025
11496.094675	76.072	-33.4336
11496.460886	76.086	-33.7930
11496.827097	76.091	-34.2812
11497.193308	76.079	-34.6982
11497.559519	76.077	-35.0586
11497.925730	76.069	-35.4580
11498.291941	76.057	-35.7305
11498.658152	76.075	-35.9668
11499.024363	76.098	-36.4248
11499.390574	76.091	-36.9102
11499.756785	76.084	-37.2422
11500.122996	76.091	-37.6279
11500.489207	76.084	-38.0645
11500.855418	76.073	-38.3721
11501.221629	76.083	-38.6914
11501.587840	76.089	-39.1396
11501.954051	76.078	-39.5479
11502.320262	76.075	-39.8760
11502.686473	76.080	-40.2695
11503.052684	76.074	-40.6904
11503.418895	76.067	-41.0400
11503.785106	76.071	-41.3906
11504.151317	76.076	-41.8066
11504.517528	76.072	-42.2236
11504.883739	76.069	-42.5957
11505.249950	76.073	-42.9482
11505.616161	76.085	-43.3613
11505.982372	76.088	-43.8652
11506.348582	76.073	-44.3096
11506.714793	76.067	-44.6309
11507.081004	76.076	-45.0088
11507.447215	76.073	-45.4453
11507.813426	76.067	-45.7793
11508.179637	76.079	-46.1260
11508.545848	76.085	-46.5986
11508.912059	76.073	-47.0156
11509.278270	76.069	-47.3330
11509.644481	76.074	-47.6924
11510.010692	76.074	-48.0654
11510.376903	76.079	-48.4043
11510.743114	76.091	-48.8223
11511.109325	76.085	-49.3242
11511.475536	76.060	-49.6982
11511.841747	76.053	-49.8896
11512.207958	76.080	-50.1768
11512.574169	76.097	-50.7109
11512.940380	76.079	-51.2070
11513.306591	76.067	-51.5098
11513.672802	76.077	-51.8740
11514.039013	76.073	-52.3408
11514.405224	76.061	-52.6992
11514.771435	76.065	-53.0391
11515.137646	76.064	-53.4707
11515.503857	76.055	-53.8223
11515.870068	76.065	-54.1396
11516.236279	76.078	-54.6084
11516.602490	76.068	-55.0967
11516.968701	76.055	-55.4609
11517.334911	76.053	-55.7881
11517.701122	76.057	-56.1387
11518.067333	76.064	-56.5430
11518.433544	76.059	-56.9775
11518.799755	76.049	-57.2979
11519.165966	76.062	-57.5840
11519.532177	76.079	-58.0361
11519.898388	76.075	-58.5029
11520.264599	76.075	-58.8730
11520.630810	76.084	-59.3535
11520.997021	76.064	-59.8809
11521.363232	76.034	-60.1807
11521.729443	76.035	-60.3965
11522.095654	76.050	-60.7656
11522.461865	76.049	-61.1914
11522.828076	76.044	-61.5605
11523.194287	76.043	-61.9102
11523.560498	76.046	-62.2373
11523.926709	76.062	-62.5869
11524.292920	76.079	-63.0859
11524.659131	76.069	-63.6289
11525.025342	76.049	-63.9795
11525.391553	76.059	-64.2715
11525.757764	76.075	-64.7842
11526.123975	76.055	-65.3164
11526.490186	76.034	-65.6035
11526.856397	76.047	-65.9209
11527.222608	76.047	-66.4219
11527.588819	76.022	-66.7725
11527.955030	76.027	-66.9736
11528.321241	76.051	-67.3721
11528.687451	76.049	-67.8672
11529.053662	76.040	-68.2217
11529.419873	76.046	-68.5742
11529.786084	76.046	-68.9932
11530.152295	76.042	-69.3457
11530.518506	76.049	-69.7021
11530.884717	76.051	-70.1406
11531.250928	76.042	-70.5098
11531.617139	76.047	-70.8252
11531.983350	76.057	-71.2480
11532.349561	76.051	-71.6963
11532.715772	76.042	-72.0459
11533.081983	76.042	-72.3818
11533.448194	76.044	-72.7344
11533.814405	76.052	-73.0840
11534.180616	76.063	-73.5273
11534.546827	76.056	-74.0068
11534.913038	76.042	-74.3633
11535.279249	76.044	-74.6953
11535.645460	76.045	-75.1084
11536.011671	76.036	-75.4873
11536.377882	76.033	-75.8223
11536.744093	76.032	-76.1709
11537.110304	76.035	-76.4873
11537.476515	76.050	-76.8643
11537.842726	76.054	-77.3662
11538.208937	76.036	-77.7852
11538.575148	76.030	-78.0771
11538.941359	76.038	-78.4395
11539.307570	76.038	-78.8545
11539.673781	76.035	-79.2256
11540.039991	76.037	-79.6045
11540.406202	76.036	-79.9961
11540.772413	76.038	-80.3721
11541.138624	76.042	-80.7842
11541.504835	76.038	-81.2266
11541.871046	76.026	-81.6289
11542.237257	76.016	-81.9443
11542.603468	76.023	-82.2305
11542.969679	76.038	-82.6338
11543.335890	76.037	-83.0947
11543.702101	76.032	-83.4570
11544.068312	76.042	-83.8613
11544.434523	76.033	-84.3594
11544.800734	76.009	-84.6680
11545.166945	76.021	-84.8691
11545.533156	76.049	-85.3115
11545.899367	76.043	-85.8428
11546.265578	76.030	-86.1982
11546.631789	76.036	-86.5459
11546.998000	76.039	-86.9932
11547.364211	76.030	-87.4004
11547.730422	76.026	-87.7539
11548.096633	76.028	-88.1338
11548.462844	76.026	-88.5322
11548.829055	76.022	-88.9180
11549.195266	76.019	-89.2891
11549.561477	76.016	-89.6553
11549.927688	76.016	-90.0020
11550.293899	76.025	-90.3672
11550.660110	76.032	-90.8320
11551.026320	76.017	-91.2998
11551.392531	76.000	-91.5957
11551.758742	76.012	-91.8652
11552.124953	76.028	-92.3418
11552.491164	76.012	-92.8457
11552.857375	75.991	-93.1357
11553.223586	75.999	-93.3936
11553.589797	76.010	-93.7949
11553.956008	76.010	-94.1689
11554.322219	76.025	-94.5215
11554.688430	76.041	-95.0762
11555.054641	76.014	-95.6455
11555.420852	75.981	-95.9219
11555.787063	75.986	-96.1396
11556.153274	75.997	-96.5381
11556.519485	75.991	-96.9160
11556.885696	75.996	-97.2314
11557.251907	76.007	-97.6543
11557.618118	76.001	-98.1025
11557.984329	75.992	-98.4600
11558.350540	75.991	-98.7900
11558.716751	75.996	-99.1270
11559.082962	76.009	-99.5215
11559.449173	76.011	-100.0107
11559.815384	75.995	-100.4424
11560.181595	75.985	-100.7461
11560.547806	75.992	-101.0713
11560.914017	75.998	-101.4775
11561.280228	75.995	-101.8955
11561.646439	75.988	-102.2803
11562.012650	75.983	-102.6201
11562.378860	75.985	-102.9561
11562.745071	75.990	-103.3262
11563.111282	75.995	-103.7090
11563.477493	76.001	-104.1338
11563.843704	75.997	-104.5947
11564.209915	75.984	-104.9824
11564.576126	75.982	-105.3096
11564.942337	75.988	-105.7080
11565.308548	75.984	-106.1465
11565.674759	75.975	-106.5088
11566.040970	75.980	-106.8447
11566.407181	75.990	-107.2988
11566.773392	75.979	-107.8037
11567.139603	75.956	-108.1562
11567.505814	75.956	-108.4248
11567.872025	75.967	-108.8262
11568.238236	75.958	-109.2559
11568.604447	75.952	-109.5684
11568.970658	75.960	-109.9229
11569.336869	75.957	-110.3350
11569.703080	75.952	-110.6279
11570.069291	75.972	-110.9463
11570.435502	75.983	-111.4482
11570.801713	75.966	-111.8818
11571.167924	75.963	-112.1289
11571.534135	75.987	-112.4932
11571.900346	75.989	-113.0391
11572.266557	75.963	-113.4365
11572.632768	75.958	-113.6631
11572.998979	75.974	-114.0107
11573.365189	75.973	-114.4551
11573.731400	75.964	-114.7949
11574.097611	75.968	-115.1133
11574.463822	75.971	-115.4902
11574.830033	75.972	-115.8262
11575.196244	75.987	-116.2061
11575.562455	75.991	-116.7197
11575.928666	75.971	-117.1465
11576.294877	75.967	-117.4434
11576.661088	75.976	-117.8584
11577.027299	75.963	-118.3223
11577.393510	75.949	-118.6318
11577.759721	75.955	-118.9580
11578.125932	75.954	-119.3809
11578.492143	75.946	-119.7090
11578.858354	75.959	-120.0430
11579.224565	75.965	-120.5264
11579.590776	75.949	-120.9268
11579.956987	75.951	-121.2041
11580.323198	75.970	-121.6211
11580.689409	75.967	-122.1250
11581.055620	75.954	-122.5107
11581.421831	75.955	-122.8564
11581.788042	75.958	-123.2705
11582.154253	75.952	-123.6855
11582.520464	75.946	-124.0469
11582.886675	75.947	-124.4053
11583.252886	75.947	-124.8115
11583.619097	75.939	-125.1973
11583.985308	75.935	-125.5098
11584.351519	75.943	-125.8486
11584.717729	75.949	-126.2578
11585.083940	75.949	-126.6631
11585.450151	75.950	-127.0576
11585.816362	75.948	-127.4600
11586.182573	75.945	-127.8418
11586.548784	75.945	-128.2109
11586.914995	75.949	-128.5996
11587.281206	75.951	-129.0244
11587.647417	75.943	-129.4639
11588.013628	75.929	-129.8232
11588.379839	75.927	-130.1104
11588.746050	75.936	-130.4512
11589.112261	75.942	-130.8525
11589.478472	75.944	-131.2451
11589.844683	75.947	-131.6562
11590.210894	75.942	-132.0820
11590.577105	75.932	-132.4404
11590.943316	75.932	-132.7520
11591.309527	75.939	-133.1123
11591.675738	75.942	-133.5244
11592.041949	75.939	-133.9219
11592.408160	75.936	-134.2910
11592.774371	75.935	-134.6514
11593.140582	75.938	-135.0283
11593.506793	75.937	-135.4346
11593.873004	75.929	-135.8184
11594.239215	75.926	-136.1523
11594.605426	75.929	-136.5137
11594.971637	75.929	-136.9033
11595.337848	75.928	-137.2656
11595.704058	75.930	-137.6494
11596.070269	75.927	-138.0352
11596.436480	75.929	-138.3633
11596.802691	75.944	-138.7725
11597.168902	75.942	-139.2832
11597.535113	75.926	-139.6777
11597.901324	75.926	-140.0078
11598.267535	75.929	-140.4414
11598.633746	75.917	-140.8506
11598.999957	75.910	-141.1680
11599.366168	75.912	-141.5059
11599.732379	75.914	-141.8398
11600.098590	75.927	-142.1885
11600.464801	75.937	-142.6631
11600.831012	75.925	-143.1240
11601.197223	75.914	-143.4307
11601.563434	75.924	-143.7539
11601.929645	75.932	-144.1914
11602.295856	75.927	-144.6143
11602.662067	75.925	-145.0039
11603.028278	75.920	-145.4258
11603.394489	75.905	-145.8086
11603.760700	75.894	-146.0811
11604.126911	75.905	-146.3564
11604.493122	75.921	-146.7744
11604.859333	75.918	-147.2676
11605.225544	75.900	-147.6523
11605.591755	75.896	-147.9307
11605.957966	75.907	-148.2725
11606.324177	75.913	-148.7178
11606.690388	75.906	-149.1348
11607.056598	75.904	-149.4932
11607.422809	75.907	-149.8984
11607.789020	75.899	-150.3281
11608.155231	75.889	-150.6514
11608.521442	75.899	-150.9531
11608.887653	75.912	-151.4043
11609.253864	75.903	-151.8809
11609.620075	75.890	-152.2168
11609.986286	75.896	-152.5293
11610.352497	75.904	-152.9375
11610.718708	75.902	-153.3613
11611.084919	75.898	-153.7334
11611.451130	75.899	-154.0889
11611.817341	75.904	-154.4854
11612.183552	75.901	-154.9131
11612.549763	75.891	-155.2734
11612.915974	75.894	-155.5723
11613.282185	75.908	-155.9697
11613.648396	75.907	-156.4648
11614.014607	75.888	-156.8760
11614.380818	75.876	-157.1631
11614.747029	75.880	-157.4561
11615.113240	75.886	-157.8223
11615.479451	75.885	-158.1963
11615.845662	75.887	-158.5400
11616.211873	75.893	-158.9170
11616.578084	75.894	-159.3291
11616.944295	75.892	-159.7021
11617.310506	75.896	-160.0830
11617.676717	75.894	-160.5146
11618.042928	75.883	-160.8984
11618.409138	75.878	-161.2148
11618.775349	75.881	-161.5391
11619.141560	75.889	-161.8818
11619.507771	75.902	-162.2920
11619.873982	75.902	-162.7822
11620.240193	75.885	-163.1787
11620.606404	75.883	-163.4707
11620.972615	75.894	-163.8652
11621.338826	75.888	-164.3105
11621.705037	75.880	-164.6641
11622.071248	75.882	-165.0479
11622.437459	75.870	-165.4531
11622.803670	75.860	-165.7061
11623.169881	75.883	-166.0107
11623.536092	75.892	-166.5566
11623.902303	75.865	-166.9980
11624.268514	75.856	-167.2051
11624.634725	75.878	-167.5439
11625.000936	75.883	-168.0537
11625.367147	75.868	-168.4688
11625.733358	75.862	-168.8125
11626.099569	75.860	-169.1689
11626.465780	75.861	-169.5156
11626.831991	75.866	-169.9121
11627.198202	75.860	-170.3174
11627.564413	75.859	-170.6309
11627.930624	75.874	-171.0098
11628.296835	75.876	-171.5234
11628.663046	75.857	-171.9385
11629.029257	75.852	-172.2275
11629.395467	75.860	-172.6016
11629.761678	75.855	-173.0332
11630.127889	75.844	-173.3672
11630.494100	75.848	-173.6621
11630.860311	75.859	-174.0469
11631.226522	75.858	-174.4834
11631.592733	75.848	-174.8438
11631.958944	75.850	-175.1348
11632.325155	75.865	-175.5186
11632.691366	75.864	-176.0010
11633.057577	75.846	-176.3721
11633.423788	75.845	-176.6230
11633.789999	75.861	-176.9844
11634.156210	75.861	-177.4355
11634.522421	75.854	-177.7881
11634.888632	75.862	-178.1348
11635.254843	75.866	-178.5996
11635.621054	75.851	-179.0078
11635.987265	75.845	-179.3027
11636.353476	75.853	-179.6621
11636.719687	75.852	179.9258
11637.085898	75.847	179.5625
11637.452109	75.846	179.1934
11637.818320	75.841	178.8369
11638.184531	75.845	178.5381
11638.550742	75.861	178.1348
11638.916953	75.858	177.6387
11639.283164	75.843	177.2734
11639.649375	75.847	176.9482
11640.015586	75.848	176.4893
11640.381797	75.827	176.1094
11640.748007	75.823	175.8994
11641.114218	75.847	175.5615
11641.480429	75.853	175.0605
11641.846640	75.841	174.6631
11642.212851	75.844	174.3311
11642.579062	75.850	173.8711
11642.945273	75.831	173.4316
11643.311484	75.818	173.1973
11643.677695	75.841	172.9326
11644.043906	75.862	172.4072
11644.410117	75.843	171.8857
11644.776328	75.826	171.5928
11645.142539	75.837	171.2754
11645.508750	75.838	170.8154
11645.874961	75.824	170.4424
11646.241172	75.823	170.1357
11646.607383	75.824	169.7617
11646.973594	75.818	169.4326
11647.339805	75.825	169.1299
11647.706016	75.833	168.7236
11648.072227	75.826	168.3555
11648.438438	75.831	168.0713
11648.804649	75.847	167.6680
11649.170860	75.844	167.1992
11649.537071	75.833	166.8408
11649.903282	75.835	166.5029
11650.269493	75.836	166.1133
11650.635704	75.831	165.7461
11651.001915	75.832	165.3955
11651.368126	75.834	165.0225
11651.734336	75.836	164.6289
11652.100547	75.835	164.2100
11652.466758	75.827	163.8184
11652.832969	75.826	163.4697
11653.199180	75.830	163.0635
11653.565391	75.823	162.6113
11653.931602	75.809	162.2451
11654.297813	75.807	161.9297
11654.664024	75.811	161.5547
11655.030235	75.808	161.1504
11655.396446	75.801	160.7881
11655.762657	75.801	160.4727
11656.128868	75.811	160.1230
11656.495079	75.817	159.6787
11656.861290	75.806	159.2725
11657.227501	75.804	158.9941
11657.593712	75.822	158.6465
11657.959923	75.827	158.1602
11658.326134	75.813	157.7725
11658.692345	75.814	157.4912
11659.058556	75.828	157.1084
11659.424767	75.827	156.6689
11659.790978	75.818	156.3066
11660.157189	75.818	155.9883
11660.523400	75.825	155.6494
11660.889611	75.833	155.2500
11661.255822	75.830	154.8125
11661.622033	75.820	154.4473
11661.988244	75.820	154.1289
11662.354455	75.824	153.7373
11662.720666	75.817	153.3281
11663.086876	75.808	153.0000
11663.453087	75.811	152.6904
11663.819298	75.820	152.3164
11664.185509	75.824	151.8818
11664.551720	75.818	151.4365
11664.917931	75.803	151.0449
11665.284142	75.791	150.7480
11665.650353	75.798	150.4844
11666.016564	75.817	150.1016
11666.382775	75.822	149.5879
11666.748986	75.804	149.1416
11667.115197	75.791	148.8350
11667.481408	75.794	148.5303
11667.847619	75.799	148.1719
11668.213830	75.803	147.7959
11668.580041	75.804	147.4053
11668.946252	75.802	147.0420
11669.312463	75.807	146.6904
11669.678674	75.812	146.2725
11670.044885	75.805	145.8633
11670.411096	75.801	145.5264
11670.777307	75.804	145.1465
11671.143518	75.796	144.7451
11671.509729	75.786	144.4541
11671.875940	75.796	144.1709
11672.242151	75.808	143.7656
11672.608362	75.807	143.3350
11672.974573	75.804	142.9521
11673.340784	75.802	142.5752
11673.706995	75.801	142.2080
11674.073206	75.805	141.8193
11674.439416	75.802	141.3682
11674.805627	75.784	140.9932
11675.171838	75.781	140.7510
11675.538049	75.802	140.3975
11675.904260	75.805	139.8789
11676.270471	75.784	139.4990
11676.636682	75.787	139.2588
11677.002893	75.809	138.8457
11677.369104	75.803	138.3232
11677.735315	75.783	137.9814
11678.101526	75.787	137.7119
11678.467737	75.797	137.3135
11678.833948	75.790	136.9219
11679.200159	75.791	136.6270
11679.566370	75.806	136.2432
11679.932581	75.803	135.7480
11680.298792	75.779	135.3789
11680.665003	75.770	135.1807
11681.031214	75.788	134.9229
11681.397425	75.804	134.4990
11681.763636	75.799	134.0635
11682.129847	75.791	133.7363
11682.496058	75.799	133.4131
11682.862269	75.806	132.9902
11683.228480	75.798	132.5645
11683.594691	75.788	132.2314
11683.960902	75.791	131.9014
11684.327113	75.792	131.5215
11684.693324	75.790	131.1689
11685.059535	75.796	130.8340
11685.425745	75.807	130.4258
11685.791956	75.809	129.9756
11686.158167	75.806	129.5430
11686.524378	75.799	129.1172
11686.890589	75.786	128.7480
11687.256800	75.783	128.4521
11687.623011	75.792	128.0986
11687.989222	75.793	127.6807
11688.355433	75.786	127.3291
11688.721644	75.791	127.0088
11689.087855	75.798	126.6377
11689.454066	75.803	126.2568
11689.820277	75.810	125.8545
11690.186488	75.809	125.4053
11690.552699	75.796	125.0186
11690.918910	75.789	124.7246
11691.285121	75.796	124.4082
11691.651332	75.804	124.0156
11692.017543	75.802	123.6006
11692.383754	75.795	123.2178
11692.749965	75.791	122.8545
11693.116176	75.783	122.4873
11693.482387	75.772	122.1826
11693.848598	75.777	121.9287
11694.214809	75.795	121.5742
11694.581020	75.803	121.1016
11694.947231	75.795	120.6377
11695.313442	75.779	120.2490
11695.679653	75.768	119.9414
11696.045864	75.770	119.6396
11696.412075	75.773	119.2754
11696.778285	75.772	118.9453
11697.144496	75.786	118.6309
11697.510707	75.804	118.1631
11697.876918	75.798	117.6553
11698.243129	75.786	117.2607
11698.609340	75.780	116.8496
11698.975551	75.757	116.4902
11699.341762	75.751	116.3369
11699.707973	75.788	116.0537
11700.074184	75.804	115.4531
11700.440395	75.773	114.9775
11700.806606	75.756	114.7910
11701.172817	75.776	114.5391
11701.539028	75.793	114.1162
11701.905239	75.794	113.6797
11702.271450	75.789	113.2969
11702.637661	75.790	112.9580
11703.003872	75.800	112.5762
11703.370083	75.799	112.1250
11703.736294	75.788	111.7529
11704.102505	75.790	111.4414
11704.468716	75.798	111.0410
11704.834927	75.793	110.6279
11705.201138	75.790	110.2656
11705.567349	75.786	109.8760
11705.933560	75.774	109.5410
11706.299771	75.775	109.3105
11706.665982	75.798	108.9902
11707.032193	75.815	108.5156
11707.398404	75.811	108.0088
11707.764614	75.789	107.5830
11708.130825	75.768	107.3389
11708.497036	75.779	107.1631
11708.863247	75.808	106.7930
11709.229458	75.814	106.2979
11709.595669	75.805	105.9053
11709.961880	75.806	105.5469
11710.328091	75.804	105.1631
11710.694302	75.803	104.8291
11711.060513	75.812	104.4590
11711.426724	75.811	104.0127
11711.792935	75.801	103.6309
11712.159146	75.799	103.2705
11712.525357	75.790	102.8604
11712.891568	75.772	102.5527
11713.257779	75.774	102.3281
11713.623990	75.788	101.9844
11713.990201	75.789	101.5811
11714.356412	75.789	101.2334
11714.722623	75.795	100.8428
11715.088834	75.789	100.4268
11715.455045	75.780	100.1201
11715.821256	75.793	99.8242
11716.187467	75.809	99.3516
11716.553678	75.795	98.8184
11716.919889	75.763	98.5010
11717.286100	75.762	98.3506
11717.652311	75.791	98.0352
11718.018522	75.802	97.5186
11718.384733	75.786	97.1113
11718.750944	75.789	96.8242
11719.117154	75.804	96.4023
11719.483365	75.796	95.9248
11719.849576	75.782	95.5928
11720.215787	75.787	95.2764
11720.581998	75.788	94.8740
11720.948209	75.780	94.5381
11721.314420	75.787	94.2441
11721.680631	75.797	93.8516
11722.046842	75.794	93.4658
11722.413053	75.798	93.1631
11722.779264	75.816	92.7783
11723.145475	75.821	92.2832
11723.511686	75.807	91.8398
11723.877897	75.792	91.5127
11724.244108	75.790	91.2607
11724.610319	75.807	90.9521
11724.976530	75.820	90.4805
11725.342741	75.805	90.0127
11725.708952	75.788	89.7354
11726.075163	75.797	89.4844
11726.441374	75.810	89.0898
11726.807585	75.807	88.6836
11727.173796	75.806	88.3555
11727.540007	75.814	87.9902
11727.906218	75.816	87.5664
11728.272429	75.810	87.1797
11728.638640	75.808	86.8145
11729.004851	75.803	86.4346
11729.371062	75.796	86.1230
11729.737273	75.806	85.8223
11730.103483	75.816	85.3828
11730.469694	75.803	84.9600
11730.835905	75.798	84.7021
11731.202116	75.818	84.3701
11731.568327	75.824	83.8896
11731.934538	75.815	83.5137
11732.300749	75.826	83.1816
11732.666960	75.836	82.6768
11733.033171	75.814	82.1973
11733.399382	75.794	81.9502
11733.765593	75.809	81.7119
11734.131804	75.829	81.2666
11734.498015	75.821	80.7793
11734.864226	75.807	80.4248
11735.230437	75.806	80.0938
11735.596648	75.801	79.7256
11735.962859	75.793	79.4355
11736.329070	75.803	79.1553
11736.695281	75.814	78.7412
11737.061492	75.805	78.3438
11737.427703	75.803	78.0557
11737.793914	75.812	77.7109
11738.160125	75.812	77.3320
11738.526336	75.816	77.0254
11738.892547	75.834	76.6240
11739.258758	75.830	76.1143
11739.624969	75.810	75.7744
11739.991180	75.819	75.5225
11740.357391	75.838	75.0615
11740.723602	75.823	74.5762
11741.089813	75.812	74.3018
11741.456023	75.831	73.9600
11741.822234	75.832	73.4414
11742.188445	75.811	73.0664
11742.554656	75.812	72.8135
11742.920867	75.825	72.4307
11743.287078	75.823	72.0254
11743.653289	75.826	71.6953
11744.019500	75.837	71.3008
11744.385711	75.837	70.8604
11744.751922	75.829	70.4873
11745.118133	75.827	70.1631
11745.484344	75.833	69.8379
11745.850555	75.842	69.4561
11746.216766	75.839	69.0322
11746.582977	75.827	68.7090
11746.949188	75.832	68.4727
11747.315399	75.853	68.1250
11747.681610	75.860	67.6523
11748.047821	75.848	67.2432
11748.414032	75.841	66.9404
11748.780243	75.846	66.6162
11749.146454	75.848	66.2266
11749.512665	75.841	65.8564
11749.878876	75.835	65.5498
11750.245087	75.840	65.2539
11750.611298	75.851	64.8877
11750.977509	75.851	64.4609
11751.343720	75.842	64.1035
11751.709931	75.846	63.8057
11752.076142	75.858	63.4043
11752.442353	75.854	62.9629
11752.808563	75.847	62.6191
11753.174774	75.850	62.2725
11753.540985	75.852	61.8994
11753.907196	75.859	61.5430
11754.273407	75.867	61.0850
11754.639618	75.851	60.6309
11755.005829	75.839	60.3750
11755.372040	75.857	60.0781
11755.738251	75.864	59.5986
11756.104462	75.850	59.2119
11756.470673	75.852	58.9189
11756.836884	75.859	58.5186
11757.203095	75.848	58.1436
11757.569306	75.848	57.8818
11757.935517	75.865	57.5342
11758.301728	75.867	57.0938
11758.667939	75.858	56.7559
11759.034150	75.869	56.4658
11759.400361	75.885	56.0264
11759.766572	75.876	55.5430
11760.132783	75.860	55.2119
11760.498994	75.861	54.9414
11760.865205	75.871	54.5967
11761.231416	75.876	54.2275
11761.597627	75.883	53.8584
11761.963838	75.891	53.4590
11762.330049	75.896	53.0215
11762.696260	75.890	52.5605
11763.062471	75.872	52.2051
11763.428682	75.872	51.9766
11763.794892	75.893	51.6191
11764.161103	75.892	51.1250
11764.527314	75.872	50.8105
11764.893525	75.882	50.6133
11765.259736	75.908	50.2324
11765.625947	75.912	49.7578
11765.992158	75.907	49.3770
11766.358369	75.908	49.0088
11766.724580	75.904	48.6289
11767.090791	75.901	48.3125
11767.457002	75.908	47.9805
11767.823213	75.909	47.5840
11768.189424	75.903	47.2471
11768.555635	75.910	46.9365
11768.921846	75.916	46.5166
11769.288057	75.903	46.1357
11769.654268	75.903	45.8936
11770.020479	75.926	45.5215
11770.386690	75.926	44.9902
11770.752901	75.902	44.6094
11771.119112	75.898	44.3564
11771.485323	75.907	44.0225
11771.851534	75.911	43.6582
11772.217745	75.920	43.2959
11772.583956	75.928	42.8574
11772.950167	75.923	42.4170
11773.316378	75.916	42.0566
11773.682589	75.919	41.7100
11774.048800	75.924	41.3154
11774.415011	75.922	40.9043
11774.781222	75.916	40.5410
11775.147432	75.915	40.2188
11775.513643	75.920	39.8857
11775.879854	75.928	39.5254
11776.246065	75.933	39.1064
11776.612276	75.922	38.7012
11776.978487	75.910	38.4668
11777.344698	75.932	38.2363
11777.710909	75.953	37.7666
11778.077120	75.939	37.3213
11778.443331	75.934	37.0850
11778.809542	75.956	36.7266
11779.175753	75.951	36.2227
11779.541964	75.928	35.9346
11779.908175	75.940	35.7539
11780.274386	75.969	35.3389
11780.640597	75.966	34.8213
11781.006808	75.950	34.4658
11781.373019	75.954	34.1660
11781.739230	75.962	33.7568
11782.105441	75.957	33.3330
11782.471652	75.951	32.9775
11782.837863	75.951	32.6074
11783.204074	75.946	32.2207
11783.570285	75.941	31.8838
11783.936496	75.943	31.5371
11784.302707	75.939	31.1650
11784.668918	75.933	30.8896
11785.035129	75.952	30.6553
11785.401340	75.986	30.2119
11785.767551	75.987	29.5928
11786.133761	75.954	29.1807
11786.499972	75.949	29.0107
11786.866183	75.980	28.6611
11787.232394	75.981	28.1055
11787.598605	75.957	27.7393
11787.964816	75.957	27.5098
11788.331027	75.969	27.1602
11788.697238	75.972	26.7910
11789.063449	75.979	26.4355
11789.429660	75.980	26.0234
11789.795871	75.971	25.7266
11790.162082	75.992	25.4795
11790.528293	76.020	24.9902
11790.894504	76.010	24.4316
11791.260715	75.987	24.0928
11791.626926	75.986	23.8350
11791.993137	75.994	23.5156
11792.359348	76.004	23.1670
11792.725559	76.013	22.7666
11793.091770	76.012	22.3545
11793.457981	76.011	22.0107
11793.824192	76.019	21.6484
11794.190403	76.021	21.2275
11794.556614	76.014	20.8643
11794.922825	76.016	20.5361
11795.289036	76.017	20.1426
11795.655247	76.005	19.8105
11796.021458	76.007	19.6211
11796.387669	76.040	19.3320
11796.753880	76.063	18.8154
11797.120091	76.056	18.3115
11797.486301	76.045	17.9316
11797.852512	76.040	17.5762
11798.218723	76.036	17.2520
11798.584934	76.042	16.9316
11798.951145	76.048	16.5312
11799.317356	76.043	16.1455
11799.683567	76.044	15.8164
11800.049778	76.049	15.4209
11800.415989	76.041	15.0137
11800.782200	76.032	14.7178
11801.148411	76.039	14.4219
11801.514622	76.047	14.0537
11801.880833	76.051	13.6885
11802.247044	76.058	13.3164
11802.613255	76.063	12.9004
11802.979466	76.061	12.4883
11803.345677	76.056	12.1094
11803.711888	76.052	11.7520
11804.078099	76.050	11.4199
11804.444310	76.052	11.1094
11804.810521	76.063	10.7861
11805.176732	76.077	10.3965
11805.542943	76.083	9.9453
11805.909154	76.076	9.5283
11806.275365	76.071	9.1895
11806.641576	76.074	8.8643
11807.007787	76.080	8.5156
11807.373998	76.086	8.1572
11807.740209	76.094	7.7812
11808.106420	76.100	7.3604
11808.472631	76.094	6.9404
11808.838841	76.083	6.6211
11809.205052	76.088	6.3574
11809.571263	76.103	5.9980
11809.937474	76.105	5.5840
11810.303685	76.101	5.2441
11810.669896	76.107	4.9287
11811.036107	76.116	4.5713
11811.402318	76.125	4.1855
11811.768529	76.129	3.7656
11812.134740	76.123	3.3662
11812.500951	76.121	3.0273
11812.867162	76.125	2.6611
11813.233373	76.124	2.2607
11813.599584	76.117	1.9121
11813.965795	76.118	1.5967
11814.332006	76.125	1.2539
11814.698217	76.132	0.8594
11815.064428	76.130	0.4434
11815.430639	76.123	0.0977
11815.796850	76.129	-0.2158
11816.163061	76.138	-0.6006
11816.529272	76.139	-0.9912
11816.895483	76.144	-1.3643
11817.261694	76.148	-1.7832
11817.627905	76.143	-2.1621
11817.994116	76.148	-2.4932
11818.360327	76.158	-2.9053
11818.726538	76.154	-3.3252
11819.092749	76.153	-3.6719
11819.458960	76.157	-4.0508
11819.825170	76.153	-4.4170
11820.191381	76.158	-4.7168
11820.557592	76.174	-5.1172
11820.923803	76.169	-5.5811
11821.290014	76.155	-5.8799
11821.656225	76.167	-6.1270
11822.022436	76.184	-6.5137
11822.388647	76.187	-6.9111
11822.754858	76.195	-7.2676
11823.121069	76.203	-7.7109
11823.487280	76.190	-8.1260
11823.853491	76.185	-8.3867
11824.219702	76.202	-8.7148
11824.585913	76.204	-9.1973
11824.952124	76.181	-9.5400
11825.318335	76.180	-9.6875
11825.684546	76.214	-9.9473
11826.050757	76.242	-10.4453
11826.416968	76.239	-10.9902
11826.783179	76.223	-11.4121
11827.149390	76.215	-11.7578
11827.515601	76.209	-12.1240
11827.881812	76.197	-12.4463
11828.248023	76.199	-12.6846
11828.614234	76.219	-13.0195
11828.980445	76.227	-13.5059
11829.346656	76.211	-13.9199
11829.712867	76.203	-14.2012
11830.079078	76.210	-14.5059
11830.445289	76.218	-14.8506
11830.811500	76.228	-15.2090
11831.177710	76.237	-15.6250
11831.543921	76.235	-16.0166
11831.910132	76.243	-16.3398
11832.276343	76.262	-16.7686
11832.642554	76.259	-17.2871
11833.008765	76.242	-17.6406
11833.374976	76.249	-17.9023
11833.741187	76.265	-18.3076
11834.107398	76.261	-18.7285
11834.473609	76.264	-19.0244
11834.839820	76.285	-19.4043
11835.206031	76.288	-19.9199
11835.572242	76.268	-20.3164
11835.938453	76.260	-20.5674
11836.304664	76.267	-20.8447
11836.670875	76.275	-21.1504
11837.037086	76.289	-21.4551
11837.403297	76.307	-21.8438
11837.769508	76.311	-22.2891
11838.135719	76.305	-22.6484
11838.501930	76.312	-22.9580
11838.868141	76.324	-23.3613
11839.234352	76.321	-23.8066
11839.600563	76.310	-24.1582
11839.966774	76.311	-24.4795
11840.332985	76.311	-24.8555
11840.699196	76.304	-25.1875
11841.065407	76.309	-25.4688
11841.431618	76.322	-25.8330
11841.797829	76.324	-26.2314
11842.164039	76.328	-26.5762
11842.530250	76.341	-26.9883
11842.896461	76.337	-27.4746
11843.262672	76.318	-27.8291
11843.628883	76.317	-28.0684
11843.995094	76.334	-28.3867
11844.361305	76.345	-28.7861
11844.727516	76.352	-29.1826
11845.093727	76.357	-29.6143
11845.459938	76.348	-30.0342
11845.826149	76.338	-30.3115
11846.192360	76.354	-30.5605
11846.558571	76.376	-30.9902
11846.924782	76.372	-31.4609
11847.290993	76.365	-31.7578
11847.657204	76.385	-32.0820
11848.023415	76.396	-32.6055
11848.389626	76.374	-33.0439
11848.755837	76.366	-33.2715
11849.122048	76.386	-33.5928
11849.488259	76.392	-34.0811
11849.854470	76.376	-34.4658
11850.220681	76.376	-34.7441
11850.586892	76.387	-35.1133
11850.953103	76.386	-35.5166
11851.319314	76.385	-35.8389
11851.685525	76.397	-36.1826
11852.051736	76.406	-36.6094
11852.417947	76.405	-37.0254
11852.784158	76.405	-37.4033
11853.150369	76.405	-37.7764
11853.516579	76.406	-38.1191
11853.882790	76.416	-38.4590
11854.249001	76.427	-38.8848
11854.615212	76.422	-39.3193
11854.981423	76.416	-39.6387
11855.347634	76.428	-39.9512
11855.713845	76.441	-40.3887
11856.080056	76.434	-40.8262
11856.446267	76.427	-41.1494
11856.812478	76.434	-41.4707
11857.178689	76.440	-41.8574
11857.544900	76.440	-42.2461
11857.911111	76.438	-42.6191
11858.277322	76.435	-42.9766
11858.643533	76.433	-43.2930
11859.009744	76.438	-43.6074
11859.375955	76.447	-43.9502
11859.742166	76.458	-44.3291
11860.108377	76.464	-44.7705
11860.474588	76.455	-45.1973
11860.840799	76.444	-45.4941
11861.207010	76.452	-45.7539
11861.573221	76.468	-46.1143
11861.939432	76.474	-46.5137
11862.305643	76.478	-46.8691
11862.671854	76.487	-47.2158
11863.038065	76.499	-47.5957
11863.404276	76.508	-48.0107
11863.770487	76.512	-48.4336
11864.136698	76.511	-48.8428
11864.502908	76.507	-49.2344
11864.869119	76.499	-49.5596
11865.235330	76.506	-49.8320
11865.601541	76.523	-50.2051
11865.967752	76.525	-50.6660
11866.333963	76.513	-51.0205
11866.700174	76.516	-51.2949
11867.066385	76.531	-51.6572
11867.432596	76.535	-52.0811
11867.798807	76.533	-52.4707
11868.165018	76.532	-52.8379
11868.531229	76.533	-53.2158
11868.897440	76.529	-53.5859
11869.263651	76.527	-53.9092
11869.629862	76.536	-54.2275
11869.996073	76.549	-54.6240
11870.362284	76.553	-55.0537
11870.728495	76.553	-55.4668
11871.094706	76.547	-55.8613
11871.460917	76.543	-56.1631
11871.827128	76.561	-56.4707
11872.193339	76.576	-56.9707
11872.559550	76.558	-57.4277
11872.925761	76.549	-57.6523
11873.291972	76.570	-57.9580
11873.658183	76.577	-58.4014
11874.024394	76.575	-58.7314
11874.390605	76.593	-59.0850
11874.756816	76.595	-59.5742
11875.123027	76.576	-59.9141
11875.489238	76.583	-60.1113
11875.855448	76.613	-60.4863
11876.221659	76.617	-61.0078
11876.587870	76.600	-61.3926
11876.954081	76.601	-61.6504
11877.320292	76.618	-62.0195
11877.686503	76.618	-62.4756
11878.052714	76.608	-62.8213
11878.418925	76.613	-63.1328
11878.785136	76.620	-63.5244
11879.151347	76.619	-63.8887
11879.517558	76.627	-64.2383
11879.883769	76.632	-64.6465
11880.249980	76.633	-65.0215
11880.616191	76.643	-65.4180
11880.982402	76.640	-65.8945
11881.348613	76.621	-66.2256
11881.714824	76.629	-66.4463
11882.081035	76.653	-66.8486
11882.447246	76.651	-67.3203
11882.813457	76.644	-67.6533
11883.179668	76.651	-67.9775
11883.545879	76.657	-68.3438
11883.912090	76.664	-68.6855
11884.278301	76.677	-69.0850
11884.644512	76.675	-69.5205
11885.010723	76.669	-69.8525
11885.376934	76.678	-70.1562
11885.743145	76.691	-70.5605
11886.109356	76.690	-70.9990
11886.475567	76.681	-71.3594
11886.841778	76.681	-71.6338
11887.207988	76.700	-71.9561
11887.574199	76.714	-72.4404
11887.940410	76.700	-72.9102
11888.306621	76.686	-73.1816
11888.672832	76.702	-73.4639
11889.039043	76.714	-73.9199
11889.405254	76.705	-74.3311
11889.771465	76.706	-74.6348
11890.137676	76.717	-75.0312
11890.503887	76.710	-75.4463
11890.870098	76.708	-75.7236
11891.236309	76.729	-76.0596
11891.602520	76.738	-76.5576
11891.968731	76.724	-76.9512
11892.334942	76.730	-77.2051
11892.701153	76.756	-77.6211
11893.067364	76.755	-78.1621
11893.433575	76.737	-78.5342
11893.799786	76.741	-78.8389
11894.165997	76.745	-79.2588
11894.532208	76.733	-79.5898
11894.898419	76.747	-79.8340
11895.264630	76.771	-80.3018
11895.630841	76.755	-80.8184
11895.997052	76.736	-81.0479
11896.363263	76.760	-81.2822
11896.729474	76.779	-81.7607
11897.095685	76.771	-82.1816
11897.461896	76.776	-82.4883
11897.828107	76.790	-82.9092
11898.194317	76.784	-83.3379
11898.560528	76.783	-83.6416
11898.926739	76.801	-84.0156
11899.292950	76.805	-84.5186
11899.659161	76.786	-84.9248
11900.025372	76.777	-85.1592
11900.391583	76.794	-85.4189
11900.757794	76.813	-85.8184
11901.124005	76.819	-86.2412
11901.490216	76.823	-86.6279
11901.856427	76.827	-87.0371
11902.222638	76.824	-87.4189
11902.588849	76.827	-87.7432
11902.955060	76.838	-88.1309
11903.321271	76.837	-88.5703
11903.687482	76.826	-88.9043
11904.053693	76.832	-89.1689
11904.419904	76.849	-89.5312
11904.786115	76.853	-89.9619
11905.152326	76.849	-90.2949
11905.518537	76.866	-90.6104
11905.884748	76.882	-91.1035
11906.250959	76.864	-91.5762
11906.617170	76.852	-91.7920
11906.983381	76.881	-92.0576
11907.349592	76.902	-92.5889
11907.715803	76.890	-93.0713
11908.082014	76.885	-93.4033
11908.448225	76.890	-93.8027
11908.814436	76.880	-94.1934
11909.180647	76.879	-94.4707
11909.546857	76.895	-94.8184
11909.913068	76.898	-95.2559
11910.279279	76.891	-95.6025
11910.645490	76.897	-95.8975
11911.011701	76.909	-96.2500
11911.377912	76.919	-96.6123
11911.744123	76.933	-97.0029
11912.110334	76.939	-97.4648
11912.476545	76.930	-97.8516
11912.842756	76.935	-98.1348
11913.208967	76.955	-98.5293
11913.575178	76.955	-99.0020
11913.941389	76.946	-99.3506
11914.307600	76.952	-99.6631
11914.673811	76.962	-100.0410
11915.040022	76.969	-100.4258
11915.406233	76.977	-100.8750
11915.772444	76.963	-101.3340
11916.138655	76.945	-101.5928
11916.504866	76.961	-101.8047
11916.871077	76.986	-102.2324
11917.237288	76.983	-102.7100
11917.603499	76.976	-103.0449
11917.969710	76.987	-103.3682
11918.335921	76.999	-103.7891
11918.702132	76.999	-104.2393
11919.068343	76.991	-104.6299
11919.434554	76.988	-104.9502
11919.800765	76.997	-105.2695
11920.166976	77.010	-105.6562
11920.533186	77.016	-106.0996
11920.899397	77.012	-106.5107
11921.265608	77.010	-106.8457
11921.631819	77.018	-107.1865
11921.998030	77.026	-107.5684
11922.364241	77.035	-107.9453
11922.730452	77.046	-108.3730
11923.096663	77.042	-108.8389
11923.462874	77.030	-109.1602
11923.829085	77.044	-109.4238
11924.195296	77.068	-109.8984
11924.561507	77.054	-110.4336
11924.927718	77.028	-110.7139
11925.293929	77.039	-110.8926
11925.660140	77.066	-111.2764
11926.026351	77.068	-111.7627
11926.392562	77.056	-112.1016
11926.758773	77.065	-112.3730
11927.124984	77.081	-112.7617
11927.491195	77.081	-113.1709
11927.857406	77.083	-113.4941
11928.223617	77.097	-113.8438
11928.589828	77.108	-114.2559
11928.956039	77.115	-114.6738
11929.322250	77.118	-115.1260
11929.688461	77.107	-115.5322
11930.054672	77.104	-115.8125
11930.420883	77.122	-116.1543
11930.787094	77.129	-116.6182
11931.153305	77.122	-116.9844
11931.519516	77.134	-117.3057
11931.885726	77.147	-117.7773
11932.251937	77.135	-118.2236
11932.618148	77.130	-118.5039
11932.984359	77.148	-118.8486
11933.350570	77.155	-119.3311
11933.716781	77.143	-119.7314
11934.082992	77.143	-120.0361
11934.449203	77.151	-120.4092
11934.815414	77.149	-120.7979
11935.181625	77.148	-121.0908
11935.547836	77.166	-121.4111
11935.914047	77.180	-121.8496
11936.280258	77.181	-122.2852
11936.646469	77.182	-122.6855
11937.012680	77.177	-123.0986
11937.378891	77.167	-123.4111
11937.745102	77.179	-123.6602
11938.111313	77.202	-124.0586
11938.477524	77.207	-124.5205
11938.843735	77.209	-124.9082
11939.209946	77.216	-125.3516
11939.576157	77.205	-125.7900
11939.942368	77.197	-126.0742
11940.308579	77.212	-126.4033
11940.674790	77.217	-126.8525
11941.041001	77.208	-127.1973
11941.407212	77.216	-127.4805
11941.773423	77.230	-127.8652
11942.139634	77.232	-128.2393
11942.505845	77.245	-128.5518
11942.872056	77.269	-128.9824
11943.238266	77.271	-129.5176
11943.604477	77.253	-129.9199
11943.970688	77.248	-130.1699
11944.336899	77.263	-130.4648
11944.703110	77.277	-130.8252
11945.069321	77.294	-131.1846
11945.435532	77.316	-131.6465
11945.801743	77.316	-132.1797
11946.167954	77.301	-132.5781
11946.534165	77.302	-132.9072
11946.900376	77.304	-133.2998
11947.266587	77.301	-133.6582
11947.632798	77.306	-133.9980
11947.999009	77.309	-134.4023
11948.365220	77.302	-134.7617
11948.731431	77.304	-135.0615
11949.097642	77.313	-135.4053
11949.463853	77.320	-135.7656
11949.830064	77.329	-136.1396
11950.196275	77.335	-136.5410
11950.562486	77.340	-136.9238
11950.928697	77.347	-137.3506
11951.294908	77.338	-137.7881
11951.661119	77.327	-138.0527
11952.027330	77.350	-138.3125
11952.393541	77.373	-138.8105
11952.759752	77.360	-139.2822
11953.125963	77.357	-139.5469
11953.492174	77.382	-139.9014
11953.858385	77.392	-140.4258
11954.224595	77.378	-140.8525
11954.590806	77.375	-141.1436
11954.957017	77.390	-141.4766
11955.323228	77.402	-141.9111
11955.689439	77.401	-142.3545
11956.055650	77.395	-142.7197
11956.421861	77.400	-143.0576
11956.788072	77.407	-143.4492
11957.154283	77.407	-143.8594
11957.520494	77.401	-144.2256
11957.886705	77.400	-144.5439
11958.252916	77.407	-144.8516
11958.619127	77.421	-145.2168
11958.985338	77.429	-145.6436
11959.351549	77.428	-146.0566
11959.717760	77.427	-146.4277
11960.083971	77.432	-146.7969
11960.450182	77.436	-147.1982
11960.816393	77.435	-147.6104
11961.182604	77.430	-147.9678
11961.548815	77.435	-148.3008
11961.915026	77.442	-148.6836
11962.281237	77.443	-149.0537
11962.647448	77.453	-149.3867
11963.013659	77.470	-149.8193
11963.379870	77.467	-150.3008
11963.746081	77.456	-150.6250
11964.112292	77.472	-150.8896
11964.478503	77.497	-151.3262
11964.844714	77.500	-151.8447
11965.210925	77.490	-152.2500
11965.577135	77.488	-152.5859
11965.943346	77.491	-152.9385
11966.309557	77.493	-153.2764
11966.675768	77.500	-153.5996
11967.041979	77.511	-153.9365
11967.408190	77.525	-154.2910
11967.774401	77.542	-154.7158
11968.140612	77.543	-155.1895
11968.506823	77.535	-155.5527
11968.873034	77.544	-155.8535
11969.239245	77.560	-156.2910
11969.605456	77.553	-156.7559
11969.971667	77.545	-157.0645
11970.337878	77.560	-157.3623
11970.704089	77.581	-157.8125
11971.070300	77.583	-158.3350
11971.436511	77.567	-158.7793
11971.802722	77.556	-159.0840
11972.168933	77.567	-159.3818
11972.535144	77.581	-159.8115
11972.901355	77.579	-160.2490
11973.267566	77.578	-160.6035
11973.633777	77.584	-160.9863
11973.999988	77.584	-161.3525
11974.366199	77.596	-161.6533
11974.732410	77.621	-162.0850
11975.098621	77.622	-162.6172
11975.464832	77.608	-162.9873
11975.831043	77.617	-163.2734
11976.197254	77.634	-163.6934
11976.563464	77.635	-164.1514
11976.929675	77.633	-164.5332
11977.295886	77.637	-164.9277
11977.662097	77.631	-165.3340
11978.028308	77.622	-165.6416
11978.394519	77.630	-165.9014
11978.760730	77.648	-166.2559
11979.126941	77.657	-166.6729
11979.493152	77.662	-167.0479
11979.859363	77.675	-167.4473
11980.225574	77.678	-167.9326
11980.591785	77.662	-168.3369
11980.957996	77.661	-168.5986
11981.324207	77.682	-168.9697
11981.690418	77.683	-169.5000
11982.056629	77.657	-169.8672
11982.422840	77.657	-170.0332
11982.789051	77.690	-170.3486
11983.155262	77.708	-170.8848
11983.521473	77.695	-171.3604
11983.887684	77.684	-171.6729
11984.253895	77.692	-171.9561
11984.620106	77.709	-172.3193
11984.986317	77.720	-172.7471
11985.352528	77.724	-173.1699
11985.718739	77.726	-173.5801
11986.084950	77.722	-173.9717
11986.451161	77.719	-174.2637
11986.817372	77.740	-174.5254
11987.183583	77.772	-174.9766
11987.549794	77.777	-175.5469
11987.916004	77.762	-175.9717
11988.282215	77.762	-176.2988
11988.648426	77.769	-176.6953
11989.014637	77.766	-177.0869
11989.380848	77.769	-177.4180
11989.747059	77.782	-177.7959
11990.113270	77.788	-178.2539
11990.479481	77.778	-178.6855
11990.845692	77.765	-178.9707
11991.211903	77.780	-179.1807
11991.578114	77.817	-179.5879
11991.944325	77.825	179.8184
11992.310536	77.805	179.3906
11992.676747	77.809	179.1035
11993.042958	77.824	178.6484
11993.409169	77.810	178.1768
11993.775380	77.799	177.9189
11994.141591	77.821	177.6133
11994.507802	77.833	177.1299
11994.874013	77.827	176.7100
11995.240224	77.831	176.3516
11995.606435	77.835	175.9189
11995.972646	77.828	175.5391
11996.338857	77.833	175.2295
11996.705068	77.846	174.8291
11997.071279	77.845	174.4062
11997.437490	77.846	174.0674
11997.803701	77.857	173.7139
11998.169912	77.868	173.3223
11998.536123	77.882	172.9160
11998.902333	77.895	172.3936
11999.268544	77.876	171.8516
11999.634755	77.845	171.5654
12000.000966	77.852	171.4141
