* Measurement data measured by REW V5.40 beta 133
* Source: EXCL: Behringer UMC22 (USB Audio CODEC ), MICROPHONE (Master Volume), L, Volume: 1.000
* Format: 256k Log Swept Sine, 1 sweep at -20.0 dBFS using a loopback as calibration and timing reference
* Dated: Sep 6, 2026, 8:30:55 PM
* REW Settings:
*  C-weighting compensation: Off
*  Target level: 75.0 dB
* Note: DELAY 3.0171 ms (1.035 m, 3 ft 4.7 in) relative to Loopback as cal ref from  L to MICROPHONE (Master Volume) R with no timing offset
* Measurement: SB26-IW-020deg-tweeter-axis-1m-U22-260906-P1
* Smoothing: None
* Frequency Step: 0.36621097 Hz
* Start Frequency: 500.0 Hz
*
* Freq(Hz)	SPL(dB)	Phase(degrees)
499.877960	73.068	-40.3284
500.244171	73.076	-40.7678
500.610382	73.082	-41.3118
500.976593	73.068	-41.8141
501.342804	73.063	-42.1714
501.709015	73.078	-42.5890
502.075226	73.083	-43.0975
502.441437	73.083	-43.5332
502.807648	73.098	-43.9922
503.173859	73.105	-44.5741
503.540070	73.090	-45.1034
503.906281	73.081	-45.4995
504.272492	73.090	-45.8986
504.638703	73.103	-46.3992
505.004914	73.105	-46.9714
505.371125	73.090	-47.4944
505.737336	73.076	-47.8960
506.103547	73.078	-48.2555
506.469758	73.093	-48.6696
506.835969	73.109	-49.1736
507.202180	73.114	-49.7422
507.568391	73.106	-50.2611
507.934601	73.104	-50.6992
508.300812	73.111	-51.1685
508.667023	73.114	-51.6814
509.033234	73.113	-52.1687
509.399445	73.116	-52.6632
509.765656	73.113	-53.1818
510.131867	73.104	-53.6470
510.498078	73.104	-54.0469
510.864289	73.116	-54.4977
511.230500	73.121	-55.0576
511.596711	73.106	-55.5491
511.962922	73.106	-55.9048
512.329133	73.124	-56.4038
512.695344	73.110	-57.0021
513.061555	73.085	-57.2925
513.427766	73.120	-57.5233
513.793977	73.165	-58.2048
514.160188	73.141	-58.9734
514.526399	73.101	-59.3516
514.892610	73.104	-59.6105
515.258821	73.124	-60.0071
515.625032	73.144	-60.4951
515.991243	73.156	-61.0809
516.357454	73.149	-61.6499
516.723665	73.144	-62.1176
517.089876	73.150	-62.6934
517.456087	73.138	-63.3145
517.822298	73.122	-63.7727
518.188509	73.132	-64.2158
518.554720	73.141	-64.8347
518.920931	73.125	-65.4377
519.287141	73.111	-65.8950
519.653352	73.111	-66.3555
520.019563	73.109	-66.8425
520.385774	73.113	-67.2874
520.751985	73.129	-67.8149
521.118196	73.130	-68.4486
521.484407	73.113	-68.9592
521.850618	73.116	-69.3619
522.216829	73.134	-69.8926
522.583040	73.136	-70.4934
522.949251	73.135	-71.0249
523.315462	73.139	-71.5775
523.681673	73.137	-72.1426
524.047884	73.138	-72.6584
524.414095	73.145	-73.2557
524.780306	73.130	-73.8760
525.146517	73.110	-74.3037
525.512728	73.121	-74.6897
525.878939	73.139	-75.2366
526.245150	73.141	-75.8098
526.611361	73.143	-76.3386
526.977572	73.145	-76.8809
527.343783	73.145	-77.3917
527.709994	73.152	-77.9197
528.076205	73.150	-78.5063
528.442416	73.137	-78.9896
528.808627	73.141	-79.3943
529.174838	73.156	-79.9077
529.541049	73.157	-80.4568
529.907260	73.158	-80.9424
530.273470	73.169	-81.4672
530.639681	73.171	-82.0632
531.005892	73.160	-82.6399
531.372103	73.145	-83.1162
531.738314	73.146	-83.5349
532.104525	73.158	-84.0762
532.470736	73.146	-84.6919
532.836947	73.124	-85.1116
533.203158	73.139	-85.4512
533.569369	73.171	-86.0630
533.935580	73.162	-86.8369
534.301791	73.123	-87.3834
534.668002	73.111	-87.7078
535.034213	73.131	-88.1453
535.400424	73.139	-88.7612
535.766635	73.130	-89.3051
536.132846	73.136	-89.7864
536.499057	73.143	-90.3872
536.865268	73.130	-90.9581
537.231479	73.127	-91.3684
537.597690	73.139	-91.8342
537.963901	73.137	-92.3486
538.330112	73.136	-92.7677
538.696323	73.148	-93.2306
539.062534	73.147	-93.7529
539.428745	73.141	-94.1621
539.794956	73.154	-94.5570
540.161167	73.170	-95.0911
540.527378	73.165	-95.6510
540.893589	73.152	-96.1096
541.259800	73.148	-96.4988
541.626010	73.157	-96.9204
541.992221	73.164	-97.4546
542.358432	73.150	-98.0245
542.724643	73.121	-98.4446
543.090854	73.112	-98.7236
543.457065	73.127	-99.0946
543.823276	73.134	-99.6287
544.189487	73.119	-100.1279
544.555698	73.109	-100.5217
544.921909	73.108	-100.9417
545.288120	73.104	-101.3833
545.654331	73.104	-101.7866
546.020542	73.113	-102.2554
546.386753	73.108	-102.7830
546.752964	73.096	-103.1936
547.119175	73.107	-103.5667
547.485386	73.125	-104.1194
547.851597	73.115	-104.7341
548.217808	73.094	-105.1890
548.584019	73.089	-105.5520
548.950230	73.098	-105.9572
549.316441	73.110	-106.4283
549.682652	73.118	-106.9819
550.048863	73.109	-107.5513
550.415074	73.088	-108.0015
550.781285	73.080	-108.3350
551.147496	73.093	-108.6851
551.513707	73.114	-109.1849
551.879918	73.112	-109.7828
552.246129	73.091	-110.2417
552.612339	73.090	-110.5768
552.978550	73.103	-111.0460
553.344761	73.093	-111.5723
553.710972	73.079	-111.9246
554.077183	73.093	-112.2440
554.443394	73.116	-112.7378
554.809605	73.120	-113.3347
555.175816	73.103	-113.8652
555.542027	73.089	-114.2583
555.908238	73.095	-114.6436
556.274449	73.101	-115.1560
556.640660	73.087	-115.6553
557.006871	73.076	-116.0264
557.373082	73.083	-116.4106
557.739293	73.090	-116.8845
558.105504	73.089	-117.3857
558.471715	73.079	-117.8870
558.837926	73.072	-118.3198
559.204137	73.080	-118.7594
559.570348	73.088	-119.3225
559.936559	73.077	-119.9004
560.302770	73.062	-120.3738
560.668981	73.057	-120.8187
561.035192	73.054	-121.2964
561.401403	73.047	-121.7748
561.767614	73.040	-122.2181
562.133825	73.040	-122.6394
562.500036	73.046	-123.1124
562.866247	73.045	-123.6254
563.232458	73.040	-124.0845
563.598669	73.046	-124.5415
563.964879	73.050	-125.0762
564.331090	73.042	-125.5859
564.697301	73.040	-126.0148
565.063512	73.055	-126.5027
565.429723	73.061	-127.1345
565.795934	73.039	-127.7444
566.162145	73.013	-128.1484
566.528356	73.016	-128.4965
566.894567	73.028	-129.0132
567.260778	73.017	-129.5437
567.626989	73.013	-129.9366
567.993200	73.029	-130.4152
568.359411	73.029	-131.0413
568.725622	73.007	-131.5640
569.091833	72.996	-131.9529
569.458044	73.000	-132.3696
569.824255	73.007	-132.8586
570.190466	73.007	-133.3804
570.556677	73.001	-133.8696
570.922888	73.003	-134.3379
571.289099	73.006	-134.8706
571.655310	72.997	-135.4137
572.021521	72.987	-135.9058
572.387732	72.976	-136.4014
572.753943	72.958	-136.8149
573.120154	72.961	-137.1304
573.486365	72.984	-137.6012
573.852576	72.985	-138.1989
574.218787	72.974	-138.6587
574.584998	72.985	-139.1160
574.951209	72.985	-139.7231
575.317419	72.961	-140.2271
575.683630	72.954	-140.5664
576.049841	72.969	-140.9863
576.416052	72.980	-141.5232
576.782263	72.982	-142.0886
577.148474	72.973	-142.6731
577.514685	72.950	-143.1809
577.880896	72.934	-143.5532
578.247107	72.939	-143.9358
578.613318	72.944	-144.4158
578.979529	72.941	-144.8900
579.345740	72.944	-145.3214
579.711951	72.955	-145.8270
580.078162	72.953	-146.4192
580.444373	72.934	-146.9094
580.810584	72.925	-147.2766
581.176795	72.930	-147.6987
581.543006	72.925	-148.1836
581.909217	72.914	-148.5931
582.275428	72.915	-148.9722
582.641639	72.919	-149.4120
583.007850	72.917	-149.8484
583.374061	72.921	-150.2766
583.740272	72.925	-150.7709
584.106483	72.917	-151.2666
584.472694	72.909	-151.6941
584.838905	72.908	-152.1331
585.205116	72.901	-152.6182
585.571327	72.885	-153.0461
585.937538	72.879	-153.3904
586.303748	72.888	-153.7902
586.669959	72.889	-154.2991
587.036170	72.873	-154.7400
587.402381	72.872	-155.0607
587.768592	72.893	-155.5094
588.134803	72.893	-156.1317
588.501014	72.865	-156.6262
588.867225	72.853	-156.9524
589.233436	72.861	-157.3647
589.599647	72.857	-157.8667
589.965858	72.843	-158.2927
590.332069	72.840	-158.6667
590.698280	72.844	-159.0825
591.064491	72.845	-159.5453
591.430702	72.841	-160.0077
591.796913	72.838	-160.4407
592.163124	72.838	-160.9075
592.529335	72.826	-161.4055
592.895546	72.807	-161.7839
593.261757	72.809	-162.0896
593.627968	72.823	-162.5310
593.994179	72.821	-163.0480
594.360390	72.811	-163.4919
594.726601	72.807	-163.9196
595.092812	72.800	-164.3517
595.459023	72.795	-164.7471
595.825234	72.795	-165.1538
596.191445	72.795	-165.5720
596.557656	72.799	-165.9934
596.923867	72.802	-166.4758
597.290078	72.794	-166.9509
597.656288	72.789	-167.3407
598.022499	72.797	-167.7646
598.388710	72.800	-168.2860
598.754921	72.786	-168.7792
599.121132	72.773	-169.1631
599.487343	72.776	-169.5178
599.853554	72.786	-169.9789
600.219765	72.777	-170.4890
600.585976	72.762	-170.8392
600.952187	72.777	-171.1467
601.318398	72.798	-171.6980
601.684609	72.779	-172.2825
602.050820	72.758	-172.6047
602.417031	72.773	-172.9570
602.783242	72.775	-173.5249
603.149453	72.747	-173.9583
603.515664	72.744	-174.2351
603.881875	72.764	-174.6814
604.248086	72.761	-175.2461
604.614297	72.746	-175.7146
604.980508	72.736	-176.1401
605.346719	72.728	-176.5345
605.712930	72.733	-176.9263
606.079141	72.739	-177.4487
606.445352	72.722	-177.9661
606.811563	72.709	-178.3474
607.177774	72.710	-178.7697
607.543985	72.702	-179.2231
607.910196	72.700	-179.6104
608.276407	72.707	179.9069
608.642617	72.694	179.3999
609.008828	72.685	179.0579
609.375039	72.704	178.6296
609.741250	72.704	178.0168
610.107461	72.680	177.5382
610.473672	72.674	177.1794
610.839883	72.678	176.7200
611.206094	72.668	176.2543
611.572305	72.661	175.8767
611.938516	72.669	175.4816
612.304727	72.678	174.9886
612.670938	72.671	174.4470
613.037149	72.652	174.0149
613.403360	72.649	173.6902
613.769571	72.662	173.2571
614.135782	72.661	172.7480
614.501993	72.657	172.3214
614.868204	72.664	171.8206
615.234415	72.646	171.2402
615.600626	72.613	170.8860
615.966837	72.616	170.6440
616.333048	72.634	170.1917
616.699259	72.627	169.6892
617.065470	72.621	169.3162
617.431681	72.633	168.8821
617.797892	72.635	168.3450
618.164103	72.625	167.8389
618.530314	72.613	167.3440
618.896525	72.592	166.8883
619.262736	72.574	166.5527
619.628947	72.575	166.2317
619.995157	72.583	165.8149
620.361368	72.584	165.3386
620.727579	72.575	164.8785
621.093790	72.566	164.5012
621.460001	72.573	164.1403
621.826212	72.584	163.6436
622.192423	72.573	163.1045
622.558634	72.555	162.7148
622.924845	72.557	162.3811
623.291056	72.568	161.9353
623.657267	72.568	161.4143
624.023478	72.554	160.9340
624.389689	72.541	160.5531
624.755900	72.545	160.1930
625.122111	72.553	159.7151
625.488322	72.543	159.1993
625.854533	72.527	158.8074
626.220744	72.528	158.4465
626.586955	72.531	158.0020
626.953166	72.527	157.5664
627.319377	72.527	157.1733
627.685588	72.529	156.7227
628.051799	72.521	156.2471
628.418010	72.504	155.8385
628.784221	72.493	155.5137
629.150432	72.497	155.1938
629.516643	72.506	154.7798
629.882854	72.503	154.3252
630.249065	72.496	153.9392
630.615276	72.499	153.5604
630.981486	72.501	153.1331
631.347697	72.501	152.7047
631.713908	72.499	152.2434
632.080119	72.482	151.7991
632.446330	72.468	151.5154
632.812541	72.484	151.2177
633.178752	72.497	150.6954
633.544963	72.474	150.2228
633.911174	72.464	149.9800
634.277385	72.488	149.6338
634.643596	72.497	149.0647
635.009807	72.475	148.5751
635.376018	72.458	148.2361
635.742229	72.454	147.8988
636.108440	72.452	147.5541
636.474651	72.457	147.1846
636.840862	72.459	146.7463
637.207073	72.451	146.3241
637.573284	72.444	145.9507
637.939495	72.439	145.5754
638.305706	72.434	145.2268
638.671917	72.438	144.8894
639.038128	72.446	144.4943
639.404339	72.450	144.0686
639.770550	72.453	143.6221
640.136761	72.447	143.1526
640.502972	72.434	142.7600
640.869183	72.433	142.4126
641.235394	72.435	141.9845
641.601605	72.425	141.5748
641.967816	72.423	141.2566
642.334026	72.436	140.8618
642.700237	72.437	140.3680
643.066448	72.426	139.9296
643.432659	72.417	139.5569
643.798870	72.414	139.2017
644.165081	72.418	138.8379
644.531292	72.425	138.3967
644.897503	72.418	137.9240
645.263714	72.404	137.5330
645.629925	72.397	137.1943
645.996136	72.396	136.8551
646.362347	72.402	136.4935
646.728558	72.407	136.0623
647.094769	72.400	135.6406
647.460980	72.398	135.2898
647.827191	72.406	134.8704
648.193402	72.399	134.4056
648.559613	72.389	134.0461
648.925824	72.394	133.6587
649.292035	72.386	133.1979
649.658246	72.371	132.8837
650.024457	72.386	132.5841
650.390668	72.399	132.0490
650.756879	72.374	131.5522
651.123090	72.357	131.2939
651.489301	72.369	130.9690
651.855512	72.368	130.4949
652.221723	72.358	130.1421
652.587934	72.373	129.7964
652.954145	72.385	129.2484
653.320356	72.365	128.7305
653.686566	72.347	128.4014
654.052777	72.350	128.0522
654.418988	72.348	127.6379
654.785199	72.343	127.2937
655.151410	72.352	126.9434
655.517621	72.362	126.4885
655.883832	72.358	126.0305
656.250043	72.353	125.6382
656.616254	72.358	125.2363
656.982465	72.359	124.7791
657.348676	72.352	124.3397
657.714887	72.349	123.9550
658.081098	72.353	123.5270
658.447309	72.347	123.0553
658.813520	72.334	122.6804
659.179731	72.339	122.3538
659.545942	72.352	121.9108
659.912153	72.349	121.4159
660.278364	72.338	121.0115
660.644575	72.340	120.6489
661.010786	72.346	120.2166
661.376997	72.341	119.7590
661.743208	72.332	119.3977
662.109419	72.340	119.0590
662.475630	72.351	118.6062
662.841841	72.345	118.1553
663.208052	72.343	117.7926
663.574263	72.350	117.3839
663.940474	72.347	116.9604
664.306685	72.351	116.5872
664.672895	72.359	116.1143
665.039106	72.343	115.6323
665.405317	72.328	115.3445
665.771528	72.344	115.0211
666.137739	72.350	114.5215
666.503950	72.335	114.1143
666.870161	72.338	113.7844
667.236372	72.345	113.3284
667.602583	72.333	112.9082
667.968794	72.334	112.5938
668.335005	72.350	112.1426
668.701216	72.341	111.6189
669.067427	72.323	111.2695
669.433638	72.331	110.9645
669.799849	72.346	110.5166
670.166060	72.345	110.0308
670.532271	72.341	109.5890
670.898482	72.336	109.1628
671.264693	72.333	108.7799
671.630904	72.339	108.3889
671.997115	72.342	107.9116
672.363326	72.330	107.4725
672.729537	72.324	107.1494
673.095748	72.335	106.7825
673.461959	72.339	106.3247
673.828170	72.334	105.9177
674.194381	72.336	105.5525
674.560592	72.343	105.1143
674.926803	72.336	104.6516
675.293014	72.323	104.2783
675.659225	72.321	103.9657
676.025435	72.329	103.6108
676.391646	72.336	103.1941
676.757857	72.337	102.7632
677.124068	72.334	102.3411
677.490279	72.330	101.9561
677.856490	72.327	101.6050
678.222701	72.327	101.2424
678.588912	72.326	100.8738
678.955123	72.328	100.5251
679.321334	72.335	100.1289
679.687545	72.332	99.6814
680.053756	72.321	99.3158
680.419967	72.323	99.0012
680.786178	72.330	98.5955
681.152389	72.324	98.1741
681.518600	72.318	97.8291
681.884811	72.320	97.4661
682.251022	72.314	97.0906
682.617233	72.310	96.7980
682.983444	72.321	96.5052
683.349655	72.336	96.1036
683.715866	72.336	95.6587
684.082077	72.327	95.2773
684.448288	72.323	94.9653
684.814499	72.328	94.6484
685.180710	72.334	94.2863
685.546921	72.337	93.9103
685.913132	72.338	93.5410
686.279343	72.338	93.1707
686.645554	72.339	92.7888
687.011764	72.334	92.3943
687.377975	72.322	92.0593
687.744186	72.323	91.8020
688.110397	72.339	91.4639
688.476608	72.345	91.0065
688.842819	72.335	90.5996
689.209030	72.329	90.2620
689.575241	72.326	89.9198
689.941452	72.324	89.6226
690.307663	72.337	89.3173
690.673874	72.350	88.8888
691.040085	72.344	88.4639
691.406296	72.341	88.1541
691.772507	72.355	87.8027
692.138718	72.358	87.3464
692.504929	72.344	86.9766
692.871140	72.344	86.7358
693.237351	72.366	86.4019
693.603562	72.374	85.9258
693.969773	72.361	85.5444
694.335984	72.364	85.2888
694.702195	72.385	84.9199
695.068406	72.388	84.4375
695.434617	72.375	84.0485
695.800828	72.371	83.7473
696.167039	72.375	83.4261
696.533250	72.381	83.0790
696.899461	72.386	82.7024
697.265672	72.386	82.3188
697.631883	72.385	81.9751
697.998094	72.392	81.6102
698.364304	72.391	81.1990
698.730515	72.383	80.8472
699.096726	72.384	80.5471
699.462937	72.393	80.1849
699.829148	72.393	79.7871
700.195359	72.389	79.4387
700.561570	72.391	79.1210
700.927781	72.397	78.7874
701.293992	72.406	78.4194
701.660203	72.409	78.0249
702.026414	72.406	77.6592
702.392625	72.407	77.3420
702.758836	72.415	77.0215
703.125047	72.426	76.6697
703.491258	72.437	76.2698
703.857469	72.436	75.8361
704.223680	72.426	75.4731
704.589891	72.432	75.1873
704.956102	72.450	74.7793
705.322313	72.447	74.2953
705.688524	72.433	73.9865
706.054735	72.449	73.7292
706.420946	72.470	73.2830
706.787157	72.465	72.8169
707.153368	72.461	72.4971
707.519579	72.475	72.1553
707.885790	72.483	71.7235
708.252001	72.481	71.3384
708.618212	72.489	71.0015
708.984423	72.504	70.5964
709.350634	72.510	70.1193
709.716844	72.502	69.6868
710.083055	72.497	69.3568
710.449266	72.507	69.0233
710.815477	72.517	68.6025
711.181688	72.516	68.1909
711.547899	72.517	67.8486
711.914110	72.529	67.4783
712.280321	72.536	67.0579
712.646532	72.540	66.6644
713.012743	72.550	66.2576
713.378954	72.554	65.7820
713.745165	72.541	65.3630
714.111376	72.536	65.0811
714.477587	72.553	64.7744
714.843798	72.569	64.3242
715.210009	72.566	63.8687
715.576220	72.562	63.5316
715.942431	72.575	63.2035
716.308642	72.590	62.7577
716.674853	72.586	62.2996
717.041064	72.580	61.9760
717.407275	72.594	61.6709
717.773486	72.612	61.2336
718.139697	72.611	60.7963
718.505908	72.615	60.4556
718.872119	72.631	60.0542
719.238330	72.634	59.5852
719.604541	72.628	59.2145
719.970752	72.634	58.8967
720.336963	72.647	58.5281
720.703173	72.660	58.1416
721.069384	72.675	57.7101
721.435595	72.678	57.2283
721.801806	72.669	56.8313
722.168017	72.670	56.5222
722.534228	72.683	56.1777
722.900439	72.695	55.7908
723.266650	72.706	55.3799
723.632861	72.710	54.9497
723.999072	72.709	54.5945
724.365283	72.724	54.2920
724.731494	72.753	53.8401
725.097705	72.756	53.2603
725.463916	72.733	52.8386
725.830127	72.730	52.6040
726.196338	72.756	52.2704
726.562549	72.770	51.7684
726.928760	72.762	51.3204
727.294971	72.759	50.9851
727.661182	72.769	50.6298
728.027393	72.777	50.2271
728.393604	72.782	49.8232
728.759815	72.785	49.4324
729.126026	72.789	49.0725
729.492237	72.802	48.7015
729.858448	72.812	48.2626
730.224659	72.812	47.8359
730.590870	72.816	47.4771
730.957081	72.829	47.0808
731.323292	72.834	46.6265
731.689503	72.831	46.2280
732.055713	72.835	45.8975
732.421924	72.844	45.5403
732.788135	72.851	45.1824
733.154346	72.865	44.8330
733.520557	72.882	44.4076
733.886768	72.883	43.9443
734.252979	72.877	43.5898
734.619190	72.885	43.3009
734.985401	72.904	42.9158
735.351612	72.907	42.4849
735.717823	72.906	42.1484
736.084034	72.919	41.8318
736.450245	72.932	41.4335
736.816456	72.934	41.0585
737.182667	72.943	40.7534
737.548878	72.962	40.3770
737.915089	72.969	39.9255
738.281300	72.963	39.5653
738.647511	72.971	39.2831
739.013722	72.991	38.9158
739.379933	72.998	38.4758
739.746144	72.996	38.1116
740.112355	73.006	37.8059
740.478566	73.026	37.3973
740.844777	73.029	36.9094
741.210988	73.017	36.5439
741.577199	73.025	36.2743
741.943410	73.046	35.8743
742.309621	73.048	35.3835
742.675832	73.036	35.0300
743.042042	73.043	34.7625
743.408253	73.063	34.3849
743.774464	73.068	33.9500
744.140675	73.068	33.6074
744.506886	73.084	33.3018
744.873097	73.108	32.8972
745.239308	73.122	32.3975
745.605519	73.117	31.9150
745.971730	73.104	31.5576
746.337941	73.104	31.3274
746.704152	73.130	31.0570
747.070363	73.157	30.6155
747.436574	73.161	30.1479
747.802785	73.162	29.7979
748.168996	73.176	29.4431
748.535207	73.185	29.0325
748.901418	73.189	28.6843
749.267629	73.207	28.3192
749.633840	73.215	27.8329
750.000051	73.198	27.4358
750.366262	73.194	27.2358
750.732473	73.219	26.9961
751.098684	73.246	26.6045
751.464895	73.261	26.1790
751.831106	73.273	25.7524
752.197317	73.278	25.3191
752.563528	73.278	24.9365
752.929739	73.284	24.5978
753.295950	73.298	24.2493
753.662161	73.316	23.8512
754.028372	73.328	23.3837
754.394582	73.324	22.9310
754.760793	73.319	22.5911
755.127004	73.329	22.2856
755.493215	73.344	21.9022
755.859426	73.349	21.4907
756.225637	73.351	21.1440
756.591848	73.362	20.8347
756.958059	73.381	20.4800
757.324270	73.398	20.0717
757.690481	73.411	19.6340
758.056692	73.414	19.1793
758.422903	73.406	18.8113
758.789114	73.412	18.5673
759.155325	73.441	18.2239
759.521536	73.455	17.7220
759.887747	73.447	17.3423
760.253958	73.462	17.0696
760.620169	73.487	16.6348
760.986380	73.487	16.1672
761.352591	73.490	15.8621
761.718802	73.516	15.4951
762.085013	73.527	14.9902
762.451224	73.521	14.6041
762.817435	73.536	14.3125
763.183646	73.562	13.8771
763.549857	73.567	13.3718
763.916068	73.561	12.9945
764.282279	73.569	12.6896
764.648490	73.586	12.3448
765.014701	73.605	11.9819
765.380911	73.630	11.5807
765.747122	73.649	11.0780
766.113333	73.646	10.5835
766.479544	73.639	10.2515
766.845755	73.655	9.9849
767.211966	73.683	9.5801
767.578177	73.694	9.0891
767.944388	73.693	8.7025
768.310599	73.707	8.3630
768.676810	73.723	7.9238
769.043021	73.723	7.4946
769.409232	73.728	7.1760
769.775443	73.749	6.8130
770.141654	73.763	6.3417
770.507865	73.762	5.9141
770.874076	73.765	5.5782
771.240287	73.780	5.2266
771.606498	73.794	4.8057
771.972709	73.798	4.3971
772.338920	73.807	4.0684
772.705131	73.832	3.6940
773.071342	73.850	3.1833
773.437553	73.845	2.7217
773.803764	73.846	2.4060
774.169975	73.867	2.0652
774.536186	73.887	1.6379
774.902397	73.904	1.1890
775.268608	73.915	0.7104
775.634819	73.915	0.2645
776.001030	73.920	-0.0879
776.367241	73.939	-0.4708
776.733451	73.953	-0.9402
777.099662	73.955	-1.3728
777.465873	73.961	-1.7405
777.832084	73.976	-2.1326
778.198295	73.988	-2.5669
778.564506	73.993	-2.9829
778.930717	74.002	-3.3594
779.296928	74.017	-3.7676
779.663139	74.024	-4.2242
780.029350	74.023	-4.6099
780.395561	74.035	-4.9290
780.761772	74.059	-5.3567
781.127983	74.064	-5.8651
781.494194	74.058	-6.2565
781.860405	74.067	-6.5723
782.226616	74.084	-6.9739
782.592827	74.093	-7.4070
782.959038	74.102	-7.7949
783.325249	74.116	-8.2263
783.691460	74.119	-8.6951
784.057671	74.117	-9.0830
784.423882	74.124	-9.4342
784.790093	74.133	-9.8269
785.156304	74.139	-10.1978
785.522515	74.153	-10.5479
785.888726	74.171	-10.9609
786.254937	74.182	-11.4067
786.621148	74.186	-11.8180
786.987359	74.193	-12.1896
787.353570	74.208	-12.5525
787.719781	74.226	-12.9757
788.085991	74.234	-13.4392
788.452202	74.236	-13.8248
788.818413	74.249	-14.1616
789.184624	74.269	-14.5647
789.550835	74.283	-15.0071
789.917046	74.295	-15.4338
790.283257	74.307	-15.8684
790.649468	74.316	-16.3230
791.015679	74.318	-16.7617
791.381890	74.322	-17.1287
791.748101	74.341	-17.5031
792.114312	74.358	-17.9900
792.480523	74.358	-18.4641
792.846734	74.361	-18.8206
793.212945	74.378	-19.2139
793.579156	74.386	-19.6604
793.945367	74.394	-20.0366
794.311578	74.414	-20.4478
794.677789	74.424	-20.9301
795.044000	74.428	-21.3264
795.410211	74.447	-21.7271
795.776422	74.457	-22.2477
796.142633	74.447	-22.6765
796.508844	74.453	-22.9517
796.875055	74.483	-23.3230
797.241266	74.502	-23.8403
797.607477	74.503	-24.3147
797.973688	74.507	-24.6934
798.339899	74.524	-25.0864
798.706110	74.539	-25.5479
799.072320	74.547	-26.0100
799.438531	74.555	-26.4438
799.804742	74.563	-26.9014
800.170953	74.562	-27.3281
800.537164	74.568	-27.6650
800.903375	74.591	-28.0564
801.269586	74.605	-28.5461
801.635797	74.610	-28.9575
802.002008	74.630	-29.3412
802.368219	74.651	-29.8706
802.734430	74.647	-30.3837
803.100641	74.644	-30.7195
803.466852	74.668	-31.0618
803.833063	74.693	-31.5449
804.199274	74.703	-32.0704
804.565485	74.702	-32.5359
804.931696	74.704	-32.9133
805.297907	74.720	-33.2811
805.664118	74.739	-33.7393
806.030329	74.746	-34.2186
806.396540	74.751	-34.6442
806.762751	74.756	-35.0653
807.128962	74.759	-35.4453
807.495173	74.774	-35.7708
807.861384	74.802	-36.2119
808.227595	74.810	-36.7610
808.593806	74.801	-37.1829
808.960017	74.808	-37.4838
809.326228	74.834	-37.8704
809.692439	74.852	-38.3679
810.058650	74.857	-38.8506
810.424860	74.862	-39.2734
810.791071	74.874	-39.7148
811.157282	74.877	-40.1976
811.523493	74.871	-40.5887
811.889704	74.884	-40.8845
812.255915	74.917	-41.3088
812.622126	74.933	-41.8855
812.988337	74.927	-42.3856
813.354548	74.926	-42.7631
813.720759	74.937	-43.1389
814.086970	74.953	-43.5497
814.453181	74.970	-43.9998
814.819392	74.980	-44.4827
815.185603	74.983	-44.9260
815.551814	74.990	-45.3103
815.918025	75.008	-45.7222
816.284236	75.022	-46.2024
816.650447	75.024	-46.6658
817.016658	75.027	-47.0435
817.382869	75.044	-47.4186
817.749080	75.063	-47.8892
818.115291	75.066	-48.3776
818.481502	75.065	-48.7555
818.847713	75.084	-49.1069
819.213924	75.107	-49.6061
819.580135	75.106	-50.1462
819.946346	75.099	-50.5154
820.312557	75.117	-50.8674
820.678768	75.131	-51.3767
821.044979	75.124	-51.8130
821.411189	75.137	-52.1174
821.777400	75.167	-52.5847
822.143611	75.171	-53.1448
822.509822	75.163	-53.5437
822.876033	75.173	-53.8872
823.242244	75.187	-54.3020
823.608455	75.198	-54.7007
823.974666	75.216	-55.1139
824.340877	75.230	-55.5896
824.707088	75.235	-56.0336
825.073299	75.245	-56.4358
825.439510	75.258	-56.8538
825.805721	75.273	-57.2844
826.171932	75.287	-57.7532
826.538143	75.290	-58.2456
826.904354	75.283	-58.6340
827.270565	75.292	-58.9167
827.636776	75.321	-59.2886
828.002987	75.340	-59.8064
828.369198	75.337	-60.2737
828.735409	75.341	-60.6106
829.101620	75.362	-60.9873
829.467831	75.376	-61.4565
829.834042	75.381	-61.8843
830.200253	75.393	-62.2844
830.566464	75.406	-62.7561
830.932675	75.405	-63.2181
831.298886	75.405	-63.5895
831.665097	75.416	-63.9635
832.031308	75.425	-64.3883
832.397519	75.428	-64.7834
832.763729	75.438	-65.1240
833.129940	75.461	-65.4922
833.496151	75.486	-65.9648
833.862362	75.497	-66.4937
834.228573	75.497	-66.9487
834.594784	75.507	-67.3484
834.960995	75.522	-67.8206
835.327206	75.523	-68.3115
835.693417	75.521	-68.6953
836.059628	75.534	-69.0425
836.425839	75.556	-69.4766
836.792050	75.569	-69.9858
837.158261	75.567	-70.4600
837.524472	75.565	-70.8027
837.890683	75.588	-71.1248
838.256894	75.618	-71.6279
838.623105	75.620	-72.1938
838.989316	75.612	-72.5908
839.355527	75.626	-72.9365
839.721738	75.644	-73.4048
840.087949	75.646	-73.8865
840.454160	75.646	-74.2803
840.820371	75.655	-74.6548
841.186582	75.669	-75.0596
841.552793	75.683	-75.4927
841.919004	75.694	-75.9661
842.285215	75.695	-76.4419
842.651426	75.693	-76.8325
843.017637	75.704	-77.1792
843.383848	75.723	-77.6233
843.750059	75.728	-78.1113
844.116269	75.728	-78.4937
844.482480	75.745	-78.8779
844.848691	75.758	-79.3745
845.214902	75.754	-79.8101
845.581113	75.764	-80.1348
845.947324	75.790	-80.5547
846.313535	75.803	-81.0835
846.679746	75.802	-81.5491
847.045957	75.807	-81.9365
847.412168	75.822	-82.3511
847.778379	75.832	-82.8213
848.144590	75.832	-83.2510
848.510801	75.842	-83.5942
848.877012	75.869	-84.0264
849.243223	75.878	-84.5964
849.609434	75.865	-85.0303
849.975645	75.874	-85.3188
850.341856	75.901	-85.7668
850.708067	75.904	-86.3037
851.074278	75.898	-86.6897
851.440489	75.911	-87.0396
851.806700	75.927	-87.4629
852.172911	75.941	-87.9065
852.539122	75.953	-88.4106
852.905333	75.947	-88.9019
853.271544	75.941	-89.2300
853.637755	75.961	-89.5356
854.003966	75.991	-89.9990
854.370177	76.004	-90.5581
854.736388	76.000	-91.0872
855.102598	75.990	-91.4998
855.468809	75.993	-91.8242
855.835020	76.011	-92.1953
856.201231	76.027	-92.6128
856.567442	76.049	-93.0525
856.933653	76.067	-93.6030
857.299864	76.059	-94.1404
857.666075	76.051	-94.4890
858.032286	76.069	-94.8394
858.398497	76.085	-95.3293
858.764708	76.085	-95.7705
859.130919	76.097	-96.1511
859.497130	76.113	-96.6328
859.863341	76.110	-97.1074
860.229552	76.112	-97.4438
860.595763	76.136	-97.8101
860.961974	76.160	-98.3350
861.328185	76.162	-98.8838
861.694396	76.158	-99.3511
862.060607	76.155	-99.7766
862.426818	76.153	-100.1562
862.793029	76.162	-100.4844
863.159240	76.186	-100.8789
863.525451	76.204	-101.3882
863.891662	76.206	-101.8809
864.257873	76.209	-102.2869
864.624084	76.223	-102.6885
864.990295	76.239	-103.1489
865.356506	76.249	-103.6357
865.722717	76.256	-104.0996
866.088928	76.266	-104.5693
866.455138	76.269	-105.0779
866.821349	76.260	-105.5122
867.187560	76.263	-105.8293
867.553771	76.286	-106.2212
867.919982	76.298	-106.7344
868.286193	76.295	-107.1797
868.652404	76.302	-107.5562
869.018615	76.313	-107.9824
869.384826	76.319	-108.4053
869.751037	76.329	-108.7986
870.117248	76.343	-109.2354
870.483459	76.349	-109.6802
870.849670	76.358	-110.0830
871.215881	76.374	-110.5112
871.582092	76.387	-110.9988
871.948303	76.392	-111.4878
872.314514	76.394	-111.9385
872.680725	76.398	-112.3613
873.046936	76.407	-112.7744
873.413147	76.423	-113.2266
873.779358	76.434	-113.7612
874.145569	76.427	-114.2827
874.511780	76.418	-114.6753
874.877991	76.428	-115.0408
875.244202	76.440	-115.4980
875.610413	76.442	-115.9517
875.976624	76.448	-116.3496
876.342835	76.461	-116.7869
876.709046	76.466	-117.2471
877.075257	76.471	-117.6504
877.441467	76.487	-118.0640
877.807678	76.501	-118.5640
878.173889	76.500	-119.0479
878.540100	76.502	-119.4282
878.906311	76.520	-119.8376
879.272522	76.531	-120.3508
879.638733	76.526	-120.7900
880.004944	76.537	-121.1377
880.371155	76.559	-121.6099
880.737366	76.559	-122.1343
881.103577	76.555	-122.4858
881.469788	76.581	-122.8289
881.835999	76.608	-123.3833
882.202210	76.604	-123.9624
882.568421	76.595	-124.3770
882.934632	76.603	-124.7559
883.300843	76.612	-125.1973
883.667054	76.617	-125.6292
884.033265	76.625	-126.0356
884.399476	76.637	-126.4580
884.765687	76.651	-126.8999
885.131898	76.666	-127.3962
885.498109	76.668	-127.9424
885.864320	76.656	-128.3979
886.230531	76.655	-128.7410
886.596742	76.668	-129.1450
886.962953	76.670	-129.6077
887.329164	76.668	-129.9482
887.695375	76.693	-130.2659
888.061586	76.725	-130.8218
888.427797	76.719	-131.4675
888.794007	76.696	-131.8733
889.160218	76.703	-132.1580
889.526429	76.726	-132.5986
889.892640	76.730	-133.0916
890.258851	76.734	-133.4868
890.625062	76.752	-133.9121
890.991273	76.764	-134.4121
891.357484	76.768	-134.8765
891.723695	76.778	-135.3281
892.089906	76.787	-135.8093
892.456117	76.792	-136.2617
892.822328	76.805	-136.7129
893.188539	76.817	-137.2363
893.554750	76.814	-137.7693
893.920961	76.804	-138.2053
894.287172	76.804	-138.5493
894.653383	76.823	-138.9092
895.019594	76.847	-139.3921
895.385805	76.856	-139.9565
895.752016	76.850	-140.4468
896.118227	76.852	-140.8564
896.484438	76.861	-141.3191
896.850649	76.856	-141.7947
897.216860	76.852	-142.1450
897.583071	76.870	-142.4739
897.949282	76.895	-142.9507
898.315493	76.902	-143.4841
898.681704	76.903	-143.9358
899.047915	76.913	-144.3638
899.414126	76.925	-144.8606
899.780336	76.925	-145.3901
900.146547	76.914	-145.8318
900.512758	76.914	-146.1624
900.878969	76.934	-146.5391
901.245180	76.951	-147.0388
901.611391	76.955	-147.5327
901.977602	76.959	-147.9751
902.343813	76.965	-148.4238
902.710024	76.972	-148.8481
903.076235	76.989	-149.2817
903.442446	77.007	-149.8384
903.808657	77.001	-150.4316
904.174868	76.983	-150.8843
904.541079	76.979	-151.2275
904.907290	76.991	-151.6057
905.273501	77.002	-152.0566
905.639712	77.006	-152.4980
906.005923	77.016	-152.9019
906.372134	77.033	-153.3679
906.738345	77.038	-153.8923
907.104556	77.035	-154.3306
907.470767	77.046	-154.7224
907.836978	77.062	-155.2046
908.203189	77.068	-155.7046
908.569400	77.074	-156.1650
908.935611	77.081	-156.6636
909.301822	77.079	-157.1392
909.668033	77.084	-157.5400
910.034244	77.100	-158.0073
910.400455	77.103	-158.5320
910.766666	77.100	-158.9700
911.132876	77.109	-159.4009
911.499087	77.113	-159.8782
911.865298	77.116	-160.2705
912.231509	77.140	-160.6843
912.597720	77.156	-161.2917
912.963931	77.139	-161.8359
913.330142	77.132	-162.1401
913.696353	77.160	-162.5222
914.062564	77.177	-163.1108
914.428775	77.167	-163.6328
914.794986	77.163	-164.0300
915.161197	77.170	-164.4268
915.527408	77.182	-164.8271
915.893619	77.203	-165.2993
916.259830	77.210	-165.8762
916.626041	77.197	-166.3652
916.992252	77.195	-166.7202
917.358463	77.209	-167.1299
917.724674	77.218	-167.6360
918.090885	77.211	-168.1143
918.457096	77.203	-168.4800
918.823307	77.214	-168.7820
919.189518	77.244	-169.2043
919.555729	77.259	-169.7856
919.921940	77.251	-170.3037
920.288151	77.251	-170.7036
920.654362	77.263	-171.1658
921.020573	77.263	-171.6782
921.386784	77.259	-172.1067
921.752995	77.266	-172.5227
922.119206	77.272	-173.0024
922.485416	77.271	-173.4387
922.851627	77.283	-173.8354
923.217838	77.301	-174.3474
923.584049	77.299	-174.9216
923.950260	77.286	-175.3518
924.316471	77.292	-175.7051
924.682682	77.309	-176.1638
925.048893	77.314	-176.6709
925.415104	77.317	-177.1362
925.781315	77.321	-177.6157
926.147526	77.317	-178.0771
926.513737	77.317	-178.4529
926.879948	77.332	-178.8550
927.246159	77.343	-179.3589
927.612370	77.341	-179.8364
927.978581	77.342	179.7583
928.344792	77.351	179.3174
928.711003	77.351	178.8562
929.077214	77.351	178.4644
929.443425	77.362	178.0737
929.809636	77.372	177.6270
930.175847	77.381	177.1982
930.542058	77.399	176.7334
930.908269	77.407	176.1467
931.274480	77.391	175.6199
931.640691	77.381	175.2656
932.006902	77.392	174.8867
932.373113	77.400	174.4170
932.739324	77.403	173.9846
933.105535	77.414	173.5615
933.471745	77.426	173.0845
933.837956	77.436	172.5874
934.204167	77.442	172.0488
934.570378	77.433	171.5125
934.936589	77.417	171.1270
935.302800	77.424	170.8413
935.669011	77.453	170.4370
936.035222	77.471	169.8750
936.401433	77.468	169.3364
936.767644	77.463	168.9180
937.133855	77.471	168.4990
937.500066	77.474	168.0347
937.866277	77.474	167.6387
938.232488	77.490	167.2444
938.598699	77.502	166.7256
938.964910	77.494	166.2329
939.331121	77.491	165.8679
939.697332	77.503	165.4773
940.063543	77.514	165.0005
940.429754	77.514	164.5159
940.795965	77.509	164.0735
941.162176	77.509	163.6897
941.528387	77.520	163.2861
941.894598	77.528	162.8147
942.260809	77.530	162.3767
942.627020	77.544	161.9380
942.993231	77.554	161.3633
943.359442	77.536	160.8096
943.725653	77.518	160.4692
944.091864	77.531	160.1602
944.458075	77.550	159.6846
944.824285	77.549	159.1890
945.190496	77.553	158.8027
945.556707	77.573	158.3542
945.922918	77.578	157.7920
946.289129	77.567	157.3530
946.655340	77.578	157.0132
947.021551	77.601	156.5098
947.387762	77.598	155.9600
947.753973	77.595	155.5713
948.120184	77.612	155.1479
948.486395	77.618	154.6118
948.852606	77.612	154.1777
949.218817	77.625	153.7710
949.585028	77.635	153.2173
949.951239	77.617	152.7188
950.317450	77.608	152.4170
950.683661	77.629	152.0811
951.049872	77.649	151.5667
951.416083	77.647	151.0354
951.782294	77.640	150.6199
952.148505	77.646	150.2302
952.514716	77.655	149.7795
952.880927	77.657	149.3516
953.247138	77.671	148.9580
953.613349	77.694	148.4268
953.979560	77.690	147.7939
954.345771	77.663	147.3516
954.711982	77.664	147.0825
955.078193	77.693	146.6587
955.444404	77.703	146.0591
955.810614	77.691	145.5308
956.176825	77.683	145.0913
956.543036	77.675	144.6719
956.909247	77.674	144.3232
957.275458	77.693	143.9287
957.641669	77.704	143.3706
958.007880	77.688	142.8867
958.374091	77.689	142.5728
958.740302	77.715	142.1172
959.106513	77.716	141.4995
959.472724	77.693	141.0625
959.838935	77.694	140.7812
960.205146	77.717	140.3748
960.571357	77.727	139.8599
960.937568	77.728	139.3965
961.303779	77.736	138.9663
961.669990	77.748	138.4707
962.036201	77.747	137.9268
962.402412	77.732	137.4727
962.768623	77.729	137.1372
963.134834	77.745	136.7515
963.501045	77.756	136.2549
963.867256	77.754	135.7878
964.233467	77.755	135.3799
964.599678	77.761	134.9468
964.965889	77.762	134.5093
965.332100	77.764	134.1133
965.698311	77.772	133.7334
966.064522	77.788	133.3164
966.430733	77.803	132.8149
966.796944	77.805	132.2878
967.163154	77.801	131.8267
967.529365	77.802	131.3826
967.895576	77.800	130.9333
968.261787	77.802	130.5171
968.627998	77.809	130.0449
968.994209	77.802	129.5486
969.360420	77.793	129.1895
969.726631	77.808	128.8196
970.092842	77.818	128.3027
970.459053	77.811	127.8564
970.825264	77.821	127.4805
971.191475	77.836	126.9619
971.557686	77.828	126.4448
971.923897	77.825	126.0640
972.290108	77.837	125.6245
972.656319	77.837	125.1196
973.022530	77.832	124.7273
973.388741	77.847	124.3530
973.754952	77.865	123.8289
974.121163	77.860	123.2673
974.487374	77.846	122.8369
974.853585	77.846	122.4600
975.219796	77.850	122.0220
975.586007	77.845	121.6189
975.952218	77.853	121.2786
976.318429	77.871	120.8293
976.684640	77.873	120.3130
977.050851	77.868	119.9209
977.417062	77.885	119.5259
977.783273	77.898	118.9854
978.149484	77.892	118.4766
978.515694	77.892	118.0420
978.881905	77.894	117.5542
979.248116	77.885	117.1189
979.614327	77.893	116.7490
979.980538	77.909	116.2339
980.346749	77.897	115.6973
980.712960	77.887	115.3486
981.079171	77.902	114.9780
981.445382	77.911	114.4792
981.811593	77.908	114.0491
982.177804	77.917	113.6582
982.544015	77.928	113.1909
982.910226	77.931	112.7300
983.276437	77.937	112.2900
983.642648	77.942	111.8125
984.008859	77.937	111.3408
984.375070	77.929	110.9346
984.741281	77.929	110.5933
985.107492	77.944	110.2036
985.473703	77.950	109.7061
985.839914	77.940	109.2861
986.206125	77.950	108.9590
986.572336	77.973	108.4507
986.938547	77.964	107.8501
987.304758	77.943	107.4492
987.670969	77.947	107.1030
988.037180	77.954	106.6323
988.403391	77.950	106.1755
988.769602	77.954	105.7349
989.135813	77.953	105.2031
989.502023	77.930	104.7437
989.868234	77.917	104.4932
990.234445	77.942	104.2402
990.600656	77.979	103.7515
990.966867	77.990	103.1216
991.333078	77.976	102.6052
991.699289	77.972	102.2393
992.065500	77.988	101.8335
992.431711	77.999	101.3086
992.797922	77.991	100.8149
993.164133	77.985	100.4541
993.530344	77.999	100.1001
993.896555	78.016	99.6011
994.262766	78.007	99.0649
994.628977	77.989	98.7192
994.995188	78.000	98.4561
995.361399	78.024	98.0024
995.727610	78.023	97.4883
996.093821	78.021	97.0906
996.460032	78.031	96.6196
996.826243	78.023	96.1116
997.192454	78.019	95.7090
997.558665	78.023	95.1719
997.924876	77.992	94.6641
998.291087	77.984	94.4482
998.657298	78.021	93.8696
999.023509	77.959	93.0154
999.389720	77.852	93.1216
999.755931	77.921	93.6294
1000.122142	78.069	92.9824
1000.488353	78.069	91.8442
1000.854563	78.025	91.4241
1001.220774	78.057	91.0430
1001.586985	78.065	90.3135
1001.953196	78.039	89.8291
1002.319407	78.049	89.4546
1002.685618	78.058	88.8804
1003.051829	78.041	88.3936
1003.418040	78.040	88.0425
1003.784251	78.051	87.6333
1004.150462	78.061	87.1836
1004.516673	78.068	86.7146
1004.882884	78.067	86.2578
1005.249095	78.069	85.8640
1005.615306	78.080	85.4255
1005.981517	78.079	84.9404
1006.347728	78.071	84.5679
1006.713939	78.082	84.2363
1007.080150	78.101	83.7666
1007.446361	78.099	83.2524
1007.812572	78.093	82.8516
1008.178783	78.104	82.4531
1008.544994	78.111	81.9346
1008.911205	78.098	81.4595
1009.277416	78.096	81.1167
1009.643627	78.114	80.6780
1010.009838	78.114	80.1021
1010.376049	78.095	79.6548
1010.742260	78.095	79.3198
1011.108471	78.108	78.8655
1011.474682	78.104	78.3669
1011.840892	78.098	77.9731
1012.207103	78.108	77.5630
1012.573314	78.111	77.0693
1012.939525	78.102	76.6279
1013.305736	78.100	76.2671
1013.671947	78.108	75.8818
1014.038158	78.114	75.4629
1014.404369	78.120	75.0757
1014.770580	78.137	74.6841
1015.136791	78.158	74.1782
1015.503002	78.159	73.5845
1015.869213	78.137	73.1128
1016.235424	78.131	72.8252
1016.601635	78.156	72.4556
1016.967846	78.170	71.8574
1017.334057	78.149	71.3225
1017.700268	78.136	71.0068
1018.066479	78.152	70.6221
1018.432690	78.154	70.0852
1018.798901	78.137	69.6709
1019.165112	78.142	69.3618
1019.531323	78.161	68.9153
1019.897534	78.163	68.3860
1020.263745	78.157	67.9426
1020.629956	78.161	67.5388
1020.996167	78.171	67.0605
1021.362378	78.170	66.5278
1021.728589	78.157	66.0508
1022.094800	78.146	65.6509
1022.461011	78.140	65.2910
1022.827222	78.144	64.9824
1023.193432	78.170	64.5928
1023.559643	78.184	63.9971
1023.925854	78.161	63.4875
1024.292065	78.152	63.2437
1024.658276	78.185	62.8865
1025.024487	78.201	62.2666
1025.390698	78.181	61.7327
1025.756909	78.168	61.3958
1026.123120	78.176	61.0657
1026.489331	78.193	60.6384
1026.855542	78.201	60.1233
1027.221753	78.194	59.6418
1027.587964	78.192	59.2581
1027.954175	78.203	58.8330
1028.320386	78.207	58.3296
1028.686597	78.201	57.8762
1029.052808	78.202	57.4573
1029.419019	78.204	56.9836
1029.785230	78.194	56.5378
1030.151441	78.190	56.2083
1030.517652	78.210	55.8391
1030.883863	78.226	55.2878
1031.250074	78.215	54.7600
1031.616285	78.210	54.3896
1031.982496	78.224	53.9275
1032.348707	78.216	53.3735
1032.714918	78.197	53.0049
1033.081129	78.209	52.6738
1033.447340	78.220	52.1643
1033.813551	78.208	51.6982
1034.179761	78.209	51.3516
1034.545972	78.224	50.9072
1034.912183	78.225	50.3752
1035.278394	78.211	49.9250
1035.644605	78.204	49.6033
1036.010816	78.222	49.2957
1036.377027	78.253	48.7971
1036.743238	78.258	48.1516
1037.109449	78.236	47.6404
1037.475660	78.226	47.2722
1037.841871	78.229	46.8796
1038.208082	78.232	46.4626
1038.574293	78.236	46.0281
1038.940504	78.235	45.5833
1039.306715	78.233	45.2058
1039.672926	78.244	44.8130
1040.039137	78.250	44.3286
1040.405348	78.245	43.9094
1040.771559	78.254	43.5359
1041.137770	78.266	43.0376
1041.503981	78.258	42.5422
1041.870192	78.254	42.1543
1042.236403	78.259	41.7202
1042.602614	78.254	41.2681
1042.968825	78.254	40.8809
1043.335036	78.261	40.4324
1043.701247	78.256	39.9658
1044.067458	78.255	39.5833
1044.433669	78.267	39.1206
1044.799880	78.260	38.5916
1045.166091	78.247	38.2092
1045.532301	78.258	37.8586
1045.898512	78.273	37.3674
1046.264723	78.274	36.8430
1046.630934	78.271	36.3518
1046.997145	78.264	35.8777
1047.363356	78.257	35.4709
1047.729567	78.263	35.0759
1048.095778	78.269	34.5994
1048.461989	78.260	34.1423
1048.828200	78.254	33.8259
1049.194411	78.277	33.5134
1049.560622	78.307	33.0034
1049.926833	78.310	32.4109
1050.293044	78.302	31.9407
1050.659255	78.305	31.4817
1051.025466	78.295	30.9705
1051.391677	78.276	30.6079
1051.757888	78.281	30.3335
1052.124099	78.300	29.9180
1052.490310	78.306	29.4331
1052.856521	78.309	28.9675
1053.222732	78.307	28.4749
1053.588943	78.297	28.0322
1053.955154	78.295	27.6316
1054.321365	78.295	27.1719
1054.687576	78.288	26.7327
1055.053787	78.287	26.3113
1055.419998	78.281	25.8381
1055.786209	78.266	25.4695
1056.152420	78.278	25.1575
1056.518631	78.299	24.6340
1056.884841	78.285	24.0774
1057.251052	78.272	23.7346
1057.617263	78.288	23.3625
1057.983474	78.297	22.8440
1058.349685	78.292	22.3877
1058.715896	78.297	21.9641
1059.082107	78.297	21.4900
1059.448318	78.292	21.1089
1059.814529	78.311	20.7644
1060.180740	78.338	20.2170
1060.546951	78.332	19.5691
1060.913162	78.305	19.1064
1061.279373	78.295	18.7969
1061.645584	78.304	18.4316
1062.011795	78.309	17.9861
1062.378006	78.308	17.5452
1062.744217	78.305	17.1289
1063.110428	78.303	16.7307
1063.476639	78.305	16.3333
1063.842850	78.306	15.9080
1064.209061	78.302	15.5073
1064.575272	78.306	15.1680
1064.941483	78.325	14.7507
1065.307694	78.333	14.1799
1065.673905	78.313	13.6711
1066.040116	78.298	13.3596
1066.406327	78.312	13.0354
1066.772538	78.328	12.5515
1067.138749	78.326	12.0466
1067.504960	78.322	11.6208
1067.871170	78.327	11.2000
1068.237381	78.335	10.7092
1068.603592	78.329	10.1770
1068.969803	78.310	9.7351
1069.336014	78.302	9.4136
1069.702225	78.312	9.0505
1070.068436	78.320	8.5981
1070.434647	78.322	8.1584
1070.800858	78.328	7.7053
1071.167069	78.327	7.2073
1071.533280	78.317	6.7444
1071.899491	78.306	6.3403
1072.265702	78.298	6.0090
1072.631913	78.310	5.7014
1072.998124	78.334	5.2212
1073.364335	78.328	4.6396
1073.730546	78.306	4.2593
1074.096757	78.315	3.9707
1074.462968	78.335	3.4912
1074.829179	78.330	2.9578
1075.195390	78.320	2.5388
1075.561601	78.320	2.1270
1075.927812	78.315	1.7192
1076.294023	78.321	1.3701
1076.660234	78.341	0.9233
1077.026445	78.344	0.3516
1077.392656	78.328	-0.1094
1077.758867	78.331	-0.4800
1078.125078	78.341	-0.9910
1078.491289	78.326	-1.5044
1078.857500	78.317	-1.8259
1079.223710	78.338	-2.2344
1079.589921	78.339	-2.8420
1079.956132	78.311	-3.2617
1080.322343	78.316	-3.5010
1080.688554	78.347	-3.9766
1081.054765	78.344	-4.6003
1081.420976	78.321	-5.0337
1081.787187	78.317	-5.3523
1082.153398	78.328	-5.7080
1082.519609	78.347	-6.1270
1082.885820	78.363	-6.6782
1083.252031	78.352	-7.2476
1083.618242	78.334	-7.6345
1083.984453	78.341	-7.9712
1084.350664	78.356	-8.4492
1084.716875	78.353	-8.9795
1085.083086	78.339	-9.4341
1085.449297	78.329	-9.7944
1085.815508	78.335	-10.1274
1086.181719	78.351	-10.5679
1086.547930	78.352	-11.0920
1086.914141	78.342	-11.5403
1087.280352	78.339	-11.9331
1087.646563	78.339	-12.3555
1088.012774	78.338	-12.7603
1088.378985	78.344	-13.1689
1088.745196	78.349	-13.6519
1089.111407	78.342	-14.1277
1089.477618	78.335	-14.5303
1089.843829	78.335	-14.9304
1090.210039	78.335	-15.3560
1090.576250	78.332	-15.7568
1090.942461	78.335	-16.1316
1091.308672	78.345	-16.5332
1091.674883	78.355	-16.9893
1092.041094	78.359	-17.4700
1092.407305	78.358	-17.9365
1092.773516	78.354	-18.3752
1093.139727	78.353	-18.7793
1093.505938	78.360	-19.1860
1093.872149	78.369	-19.6606
1094.238360	78.366	-20.1724
1094.604571	78.354	-20.6218
1094.970782	78.347	-20.9937
1095.336993	78.353	-21.3645
1095.703204	78.364	-21.8140
1096.069415	78.365	-22.3315
1096.435626	78.354	-22.8013
1096.801837	78.349	-23.1824
1097.168048	78.357	-23.6128
1097.534259	78.355	-24.1396
1097.900470	78.337	-24.5684
1098.266681	78.338	-24.8806
1098.632892	78.359	-25.3496
1098.999103	78.352	-25.9404
1099.365314	78.330	-26.3337
1099.731525	78.338	-26.6438
1100.097736	78.356	-27.1475
1100.463947	78.348	-27.6855
1100.830158	78.337	-28.1030
1101.196369	78.334	-28.4946
1101.562579	78.335	-28.8557
1101.928790	78.353	-29.2517
1102.295001	78.366	-29.8057
1102.661212	78.352	-30.3354
1103.027423	78.339	-30.7239
1103.393634	78.335	-31.0972
1103.759845	78.334	-31.4402
1104.126056	78.349	-31.8013
1104.492267	78.361	-32.3223
1104.858478	78.346	-32.7942
1105.224689	78.344	-33.1021
1105.590900	78.363	-33.5376
1105.957111	78.359	-34.0913
1106.323322	78.341	-34.4946
1106.689533	78.342	-34.8457
1107.055744	78.344	-35.2676
1107.421955	78.344	-35.6533
1107.788166	78.357	-36.0698
1108.154377	78.363	-36.6121
1108.520588	78.347	-37.1021
1108.886799	78.338	-37.4500
1109.253010	78.350	-37.8291
1109.619221	78.361	-38.3350
1109.985432	78.354	-38.8665
1110.351643	78.337	-39.2898
1110.717854	78.334	-39.6111
1111.084065	78.350	-40.0015
1111.450276	78.359	-40.5244
1111.816487	78.350	-41.0181
1112.182698	78.341	-41.4094
1112.548909	78.342	-41.7808
1112.915119	78.350	-42.1738
1113.281330	78.361	-42.6318
1113.647541	78.361	-43.1538
1114.013752	78.347	-43.5991
1114.379963	78.343	-43.9424
1114.746174	78.355	-44.3413
1115.112385	78.361	-44.8435
1115.478596	78.354	-45.3486
1115.844807	78.340	-45.7727
1116.211018	78.336	-46.1494
1116.577229	78.338	-46.5728
1116.943440	78.332	-46.9961
1117.309651	78.332	-47.3550
1117.675862	78.345	-47.7827
1118.042073	78.346	-48.3079
1118.408284	78.334	-48.7642
1118.774495	78.328	-49.1536
1119.140706	78.327	-49.5520
1119.506917	78.328	-49.9282
1119.873128	78.338	-50.3313
1120.239339	78.344	-50.7942
1120.605550	78.344	-51.2268
1120.971761	78.350	-51.6484
1121.337972	78.357	-52.1292
1121.704183	78.355	-52.6218
1122.070394	78.347	-53.0747
1122.436605	78.341	-53.4683
1122.802816	78.346	-53.8574
1123.169027	78.351	-54.3447
1123.535238	78.338	-54.8096
1123.901448	78.333	-55.1274
1124.267659	78.353	-55.5361
1124.633870	78.355	-56.1284
1125.000081	78.328	-56.5767
1125.366292	78.324	-56.8486
1125.732503	78.343	-57.2534
1126.098714	78.345	-57.7712
1126.464925	78.337	-58.2124
1126.831136	78.336	-58.6184
1127.197347	78.337	-59.0322
1127.563558	78.342	-59.4434
1127.929769	78.348	-59.9104
1128.295980	78.344	-60.3906
1128.662191	78.337	-60.8076
1129.028402	78.335	-61.2083
1129.394613	78.334	-61.6025
1129.760824	78.339	-61.9949
1130.127035	78.344	-62.4355
1130.493246	78.342	-62.8618
1130.859457	78.345	-63.2583
1131.225668	78.350	-63.7036
1131.591879	78.350	-64.1299
1131.958090	78.360	-64.5784
1132.324301	78.356	-65.1760
1132.690512	78.316	-65.6204
1133.056723	78.304	-65.7505
1133.422934	78.346	-66.0818
1133.789145	78.359	-66.7693
1134.155356	78.323	-67.2646
1134.521567	78.317	-67.5010
1134.887778	78.341	-67.9197
1135.253988	78.340	-68.4956
1135.620199	78.321	-68.9053
1135.986410	78.329	-69.2280
1136.352621	78.349	-69.7307
1136.718832	78.342	-70.3286
1137.085043	78.317	-70.7471
1137.451254	78.318	-71.0337
1137.817465	78.340	-71.4719
1138.183676	78.341	-72.0630
1138.549887	78.316	-72.5220
1138.916098	78.307	-72.8003
1139.282309	78.323	-73.1489
1139.648520	78.330	-73.6184
1140.014731	78.329	-74.0320
1140.380942	78.338	-74.4397
1140.747153	78.340	-74.9338
1141.113364	78.328	-75.3440
1141.479575	78.333	-75.6826
1141.845786	78.344	-76.1592
1142.211997	78.331	-76.6326
1142.578208	78.322	-76.9326
1142.944419	78.341	-77.2749
1143.310630	78.357	-77.7871
1143.676841	78.352	-78.3218
1144.043052	78.338	-78.7783
1144.409263	78.328	-79.1406
1144.775474	78.335	-79.5032
1145.141685	78.342	-79.9854
1145.507896	78.330	-80.4463
1145.874107	78.327	-80.7759
1146.240317	78.346	-81.2065
1146.606528	78.344	-81.7859
1146.972739	78.318	-82.2065
1147.338950	78.317	-82.4722
1147.705161	78.337	-82.8945
1148.071372	78.335	-83.4336
1148.437583	78.317	-83.8184
1148.803794	78.323	-84.1162
1149.170005	78.341	-84.5503
1149.536216	78.344	-85.0667
1149.902427	78.339	-85.5305
1150.268638	78.334	-85.9788
1150.634849	78.324	-86.4102
1151.001060	78.318	-86.7615
1151.367271	78.329	-87.1387
1151.733482	78.337	-87.6440
1152.099693	78.327	-88.1431
1152.465904	78.318	-88.5435
1152.832115	78.320	-88.9658
1153.198326	78.316	-89.4551
1153.564537	78.299	-89.8843
1153.930748	78.292	-90.2021
1154.296959	78.306	-90.5439
1154.663170	78.323	-91.0430
1155.029381	78.318	-91.5955
1155.395592	78.303	-92.0217
1155.761803	78.304	-92.3943
1156.128014	78.308	-92.8516
1156.494225	78.301	-93.2993
1156.860436	78.297	-93.6660
1157.226647	78.302	-94.0596
1157.592857	78.304	-94.4727
1157.959068	78.311	-94.8376
1158.325279	78.331	-95.2974
1158.691490	78.330	-95.9038
1159.057701	78.299	-96.3613
1159.423912	78.288	-96.5776
1159.790123	78.314	-96.9065
1160.156334	78.326	-97.4580
1160.522545	78.312	-97.9331
1160.888756	78.309	-98.3091
1161.254967	78.311	-98.7739
1161.621178	78.298	-99.2202
1161.987389	78.291	-99.5703
1162.353600	78.294	-99.9692
1162.719811	78.290	-100.3809
1163.086022	78.295	-100.7451
1163.452233	78.308	-101.2249
1163.818444	78.299	-101.7693
1164.184655	78.280	-102.1365
1164.550866	78.290	-102.4561
1164.917077	78.305	-102.9771
1165.283288	78.288	-103.5024
1165.649499	78.274	-103.8049
1166.015710	78.296	-104.1509
1166.381921	78.309	-104.7378
1166.748132	78.286	-105.2466
1167.114343	78.276	-105.5332
1167.480554	78.296	-105.9180
1167.846765	78.301	-106.4692
1168.212976	78.284	-106.9260
1168.579186	78.278	-107.2754
1168.945397	78.280	-107.6545
1169.311608	78.283	-108.0415
1169.677819	78.293	-108.4392
1170.044030	78.302	-108.9263
1170.410241	78.292	-109.4241
1170.776452	78.280	-109.7852
1171.142663	78.291	-110.1211
1171.508874	78.307	-110.6396
1171.875085	78.292	-111.1877
1172.241296	78.272	-111.5259
1172.607507	78.284	-111.8479
1172.973718	78.298	-112.3601
1173.339929	78.288	-112.8867
1173.706140	78.274	-113.3220
1174.072351	78.261	-113.7188
1174.438562	78.252	-114.0278
1174.804773	78.267	-114.3438
1175.170984	78.284	-114.8335
1175.537195	78.279	-115.3530
1175.903406	78.269	-115.7610
1176.269617	78.269	-116.1589
1176.635828	78.268	-116.5615
1177.002039	78.273	-116.9651
1177.368250	78.273	-117.4268
1177.734461	78.263	-117.8149
1178.100672	78.275	-118.1270
1178.466883	78.301	-118.6626
1178.833094	78.282	-119.3120
1179.199305	78.242	-119.6445
1179.565516	78.248	-119.8269
1179.931726	78.274	-120.2739
1180.297937	78.268	-120.8350
1180.664148	78.247	-121.2175
1181.030359	78.247	-121.5132
1181.396570	78.264	-121.9160
1181.762781	78.270	-122.4683
1182.128992	78.247	-122.9924
1182.495203	78.221	-123.2869
1182.861414	78.229	-123.5273
1183.227625	78.248	-123.9573
1183.593836	78.248	-124.4258
1183.960047	78.249	-124.8284
1184.326258	78.253	-125.2886
1184.692469	78.245	-125.7241
1185.058680	78.247	-126.0693
1185.424891	78.262	-126.5024
1185.791102	78.263	-127.0110
1186.157313	78.257	-127.4497
1186.523524	78.255	-127.8599
1186.889735	78.254	-128.2676
1187.255946	78.258	-128.6682
1187.622157	78.260	-129.1123
1187.988368	78.254	-129.5076
1188.354579	78.264	-129.8413
1188.720790	78.286	-130.3311
1189.087001	78.282	-130.9214
1189.453212	78.261	-131.3638
1189.819423	78.252	-131.7378
1190.185634	78.243	-132.1204
1190.551845	78.239	-132.4031
1190.918056	78.262	-132.7544
1191.284266	78.273	-133.3123
1191.650477	78.256	-133.7847
1192.016688	78.254	-134.1113
1192.382899	78.268	-134.5820
1192.749110	78.256	-135.1130
1193.115321	78.240	-135.4790
1193.481532	78.244	-135.8425
1193.847743	78.244	-136.3096
1194.213954	78.233	-136.7168
1194.580165	78.234	-137.0684
1194.946376	78.241	-137.4937
1195.312587	78.239	-137.9443
1195.678798	78.238	-138.3438
1196.045009	78.245	-138.7729
1196.411220	78.245	-139.2783
1196.777431	78.229	-139.7175
1197.143642	78.223	-140.0339
1197.509853	78.238	-140.4189
1197.876064	78.243	-140.9336
1198.242275	78.231	-141.4026
1198.608486	78.222	-141.8010
1198.974697	78.214	-142.1902
1199.340908	78.208	-142.5137
1199.707119	78.220	-142.8508
1200.073330	78.230	-143.3159
1200.439541	78.221	-143.7446
1200.805752	78.224	-144.0576
1201.171963	78.247	-144.4639
1201.538174	78.261	-145.0269
1201.904385	78.252	-145.6060
1202.270595	78.228	-146.0850
1202.636806	78.207	-146.3960
1203.003017	78.216	-146.6777
1203.369228	78.233	-147.1431
1203.735439	78.226	-147.6401
1204.101650	78.220	-148.0107
1204.467861	78.229	-148.4512
1204.834072	78.220	-148.9370
1205.200283	78.213	-149.2703
1205.566494	78.232	-149.6826
1205.932705	78.228	-150.2905
1206.298916	78.192	-150.7043
1206.665127	78.183	-150.8735
1207.031338	78.213	-151.1729
1207.397549	78.237	-151.6938
1207.763760	78.237	-152.2725
1208.129971	78.217	-152.7563
1208.496182	78.204	-153.0898
1208.862393	78.212	-153.4534
1209.228604	78.212	-153.9243
1209.594815	78.201	-154.3032
1209.961026	78.208	-154.6458
1210.327237	78.215	-155.1206
1210.693448	78.203	-155.5376
1211.059659	78.208	-155.8457
1211.425870	78.229	-156.3054
1211.792081	78.226	-156.8706
1212.158292	78.208	-157.3169
1212.524503	78.200	-157.6875
1212.890714	78.198	-158.0796
1213.256925	78.194	-158.4741
1213.623135	78.190	-158.8291
1213.989346	78.199	-159.1621
1214.355557	78.219	-159.6057
1214.721768	78.222	-160.1650
1215.087979	78.206	-160.6421
1215.454190	78.196	-161.0229
1215.820401	78.191	-161.4126
1216.186612	78.186	-161.7573
1216.552823	78.195	-162.0996
1216.919034	78.206	-162.5571
1217.285245	78.202	-163.0132
1217.651456	78.200	-163.3979
1218.017667	78.205	-163.8281
1218.383878	78.199	-164.2642
1218.750089	78.196	-164.6191
1219.116300	78.208	-165.0112
1219.482511	78.215	-165.5020
1219.848722	78.209	-165.9885
1220.214933	78.199	-166.4321
1220.581144	78.187	-166.8484
1220.947355	78.176	-167.2002
1221.313566	78.176	-167.5007
1221.679777	78.192	-167.8564
1222.045988	78.208	-168.3286
1222.412199	78.210	-168.8582
1222.778410	78.201	-169.3635
1223.144621	78.184	-169.8074
1223.510832	78.169	-170.1582
1223.877043	78.170	-170.4556
1224.243254	78.185	-170.8506
1224.609464	78.186	-171.3521
1224.975675	78.172	-171.7549
1225.341886	78.175	-172.0632
1225.708097	78.189	-172.4932
1226.074308	78.184	-172.9683
1226.440519	78.179	-173.3066
1226.806730	78.197	-173.6826
1227.172941	78.205	-174.2227
1227.539152	78.189	-174.7029
1227.905363	78.181	-175.0574
1228.271574	78.185	-175.4634
1228.637785	78.177	-175.8994
1229.003996	78.170	-176.2451
1229.370207	78.178	-176.6001
1229.736418	78.184	-177.0676
1230.102629	78.174	-177.5103
1230.468840	78.170	-177.8516
1230.835051	78.179	-178.2612
1231.201262	78.175	-178.7388
1231.567473	78.166	-179.1023
1231.933684	78.178	-179.4780
1232.299895	78.181	-179.9951
1232.666106	78.166	179.5806
1233.032317	78.171	179.2351
1233.398528	78.179	178.7192
1233.764739	78.158	178.2354
1234.130950	78.147	177.9614
1234.497161	78.167	177.6055
1234.863372	78.175	177.0984
1235.229583	78.172	176.6384
1235.595794	78.174	176.1807
1235.962004	78.166	175.6938
1236.328215	78.151	175.2981
1236.694426	78.150	174.9541
1237.060637	78.155	174.5566
1237.426848	78.154	174.1208
1237.793059	78.147	173.7419
1238.159270	78.153	173.4263
1238.525481	78.174	172.9805
1238.891692	78.170	172.4104
1239.257903	78.144	172.0386
1239.624114	78.150	171.7954
1239.990325	78.170	171.3555
1240.356536	78.165	170.8813
1240.722747	78.168	170.5195
1241.088958	78.181	170.0110
1241.455169	78.160	169.4609
1241.821380	78.132	169.1792
1242.187591	78.144	168.9351
1242.553802	78.160	168.4810
1242.920013	78.155	168.0144
1243.286224	78.150	167.6357
1243.652435	78.153	167.2290
1244.018646	78.149	166.8027
1244.384857	78.144	166.4111
1244.751068	78.143	166.0503
1245.117279	78.150	165.6929
1245.483490	78.165	165.2495
1245.849701	78.167	164.7080
1246.215912	78.150	164.2229
1246.582123	78.134	163.8633
1246.948334	78.131	163.5378
1247.314544	78.137	163.1802
1247.680755	78.145	162.7703
1248.046966	78.148	162.3279
1248.413177	78.150	161.8931
1248.779388	78.151	161.4199
1249.145599	78.136	160.9460
1249.511810	78.119	160.6343
1249.878021	78.132	160.3647
1250.244232	78.154	159.8989
1250.610443	78.153	159.3682
1250.976654	78.147	158.9170
1251.342865	78.141	158.4531
1251.709076	78.126	158.0391
1252.075287	78.124	157.6963
1252.441498	78.128	157.2378
1252.807709	78.108	156.7983
1253.173920	78.097	156.5732
1253.540131	78.125	156.2607
1253.906342	78.140	155.7065
1254.272553	78.125	155.2280
1254.638764	78.122	154.8779
1255.004975	78.128	154.4663
1255.371186	78.128	154.0396
1255.737397	78.133	153.6172
1256.103608	78.131	153.1375
1256.469819	78.118	152.7356
1256.836030	78.121	152.4087
1257.202241	78.130	151.9541
1257.568452	78.115	151.5137
1257.934663	78.112	151.2710
1258.300873	78.145	150.9136
1258.667084	78.158	150.2996
1259.033295	78.133	149.8220
1259.399506	78.128	149.5439
1259.765717	78.144	149.1504
1260.131928	78.145	148.6875
1260.498139	78.146	148.2886
1260.864350	78.151	147.8252
1261.230561	78.138	147.3730
1261.596772	78.132	147.0649
1261.962983	78.148	146.6807
1262.329194	78.150	146.1458
1262.695405	78.132	145.7007
1263.061616	78.122	145.3469
1263.427827	78.117	144.9695
1263.794038	78.112	144.6313
1264.160249	78.121	144.2859
1264.526460	78.130	143.8335
1264.892671	78.128	143.3687
1265.258882	78.125	142.9268
1265.625093	78.116	142.4595
1265.991304	78.099	142.0742
1266.357515	78.099	141.7817
1266.723726	78.117	141.3716
1267.089937	78.120	140.8174
1267.456148	78.100	140.3430
1267.822359	78.087	140.0278
1268.188570	78.098	139.7070
1268.554781	78.113	139.2458
1268.920992	78.110	138.7373
1269.287203	78.099	138.3413
1269.653413	78.105	137.9995
1270.019624	78.120	137.5420
1270.385835	78.117	137.0093
1270.752046	78.096	136.5996
1271.118257	78.091	136.3401
1271.484468	78.112	136.0303
1271.850679	78.134	135.5308
1272.216890	78.128	134.9844
1272.583101	78.111	134.5774
1272.949312	78.107	134.2319
1273.315523	78.103	133.8467
1273.681734	78.096	133.5300
1274.047945	78.110	133.2520
1274.414156	78.135	132.7881
1274.780367	78.132	132.2104
1275.146578	78.108	131.7754
1275.512789	78.097	131.4541
1275.879000	78.098	131.1189
1276.245211	78.105	130.7471
1276.611422	78.114	130.2852
1276.977633	78.106	129.7920
1277.343844	78.093	129.4155
1277.710055	78.098	129.0549
1278.076266	78.104	128.5823
1278.442477	78.097	128.1113
1278.808688	78.090	127.6890
1279.174899	78.083	127.2842
1279.541110	78.081	126.9458
1279.907321	78.099	126.5515
1280.273532	78.107	125.9944
1280.639742	78.088	125.5181
1281.005953	78.082	125.2012
1281.372164	78.094	124.7991
1281.738375	78.094	124.3276
1282.104586	78.091	123.9233
1282.470797	78.091	123.4971
1282.837008	78.080	123.0945
1283.203219	78.076	122.8188
1283.569430	78.095	122.4941
1283.935641	78.111	122.0352
1284.301852	78.114	121.5605
1284.668063	78.109	121.0938
1285.034274	78.094	120.7114
1285.400485	78.096	120.4514
1285.766696	78.123	120.0498
1286.132907	78.126	119.4468
1286.499118	78.096	118.9846
1286.865329	78.081	118.7261
1287.231540	78.091	118.4214
1287.597751	78.100	118.0254
1287.963962	78.108	117.6152
1288.330173	78.117	117.1406
1288.696384	78.109	116.6099
1289.062595	78.084	116.2021
1289.428806	78.078	115.9565
1289.795017	78.100	115.6074
1290.161228	78.109	115.0581
1290.527439	78.088	114.6106
1290.893650	78.085	114.3398
1291.259861	78.107	113.9517
1291.626072	78.114	113.4292
1291.992282	78.108	112.9712
1292.358493	78.106	112.5288
1292.724704	78.095	112.0776
1293.090915	78.084	111.7476
1293.457126	78.094	111.4409
1293.823337	78.113	110.9834
1294.189548	78.112	110.4514
1294.555759	78.096	109.9849
1294.921970	78.077	109.6411
1295.288181	78.077	109.3923
1295.654392	78.100	109.0435
1296.020603	78.110	108.5215
1296.386814	78.095	108.0850
1296.753025	78.097	107.7839
1297.119236	78.116	107.3315
1297.485447	78.107	106.7903
1297.851658	78.086	106.4575
1298.217869	78.097	106.1748
1298.584080	78.111	105.7046
1298.950291	78.102	105.2612
1299.316502	78.105	104.9390
1299.682713	78.125	104.4731
1300.048924	78.119	103.9023
1300.415135	78.097	103.4956
1300.781346	78.095	103.1511
1301.147557	78.094	102.7104
1301.513768	78.080	102.3284
1301.879979	78.079	102.0425
1302.246190	78.095	101.6741
1302.612401	78.106	101.1990
1302.978611	78.104	100.7063
1303.344822	78.093	100.2490
1303.711033	78.082	99.8799
1304.077244	78.084	99.5420
1304.443455	78.092	99.1274
1304.809666	78.092	98.6768
1305.175877	78.089	98.2488
1305.542088	78.083	97.8401
1305.908299	78.080	97.4834
1306.274510	78.092	97.1052
1306.640721	78.099	96.5986
1307.006932	78.083	96.1289
1307.373143	78.074	95.8220
1307.739354	78.088	95.4556
1308.105565	78.090	94.9546
1308.471776	78.075	94.5708
1308.837987	78.083	94.2788
1309.204198	78.105	93.8013
1309.570409	78.096	93.2278
1309.936620	78.070	92.8379
1310.302831	78.065	92.5537
1310.669042	78.072	92.1938
1311.035253	78.074	91.8032
1311.401464	78.078	91.4092
1311.767675	78.078	90.9934
1312.133886	78.078	90.6287
1312.500097	78.093	90.2295
1312.866308	78.098	89.6714
1313.232519	78.072	89.1841
1313.598730	78.053	88.9238
1313.964941	78.064	88.6411
1314.331151	78.075	88.2473
1314.697362	78.085	87.8645
1315.063573	78.103	87.3809
1315.429784	78.096	86.8013
1315.795995	78.069	86.4131
1316.162206	78.070	86.1675
1316.528417	78.091	85.7773
1316.894628	78.099	85.2739
1317.260839	78.094	84.8130
1317.627050	78.089	84.3989
1317.993261	78.089	84.0049
1318.359472	78.092	83.5757
1318.725683	78.084	83.1235
1319.091894	78.072	82.7810
1319.458105	78.079	82.4800
1319.824316	78.091	82.0576
1320.190527	78.087	81.6519
1320.556738	78.095	81.3481
1320.922949	78.123	80.8970
1321.289160	78.125	80.2778
1321.655371	78.098	79.8022
1322.021582	78.083	79.5098
1322.387793	78.090	79.1758
1322.754004	78.092	78.7627
1323.120215	78.088	78.3882
1323.486426	78.095	78.0371
1323.852637	78.106	77.5896
1324.218848	78.101	77.0786
1324.585059	78.083	76.6721
1324.951270	78.077	76.3486
1325.317481	78.079	75.9722
1325.683691	78.074	75.6057
1326.049902	78.081	75.2886
1326.416113	78.101	74.8499
1326.782324	78.100	74.3145
1327.148535	78.087	73.8857
1327.514746	78.088	73.4990
1327.880957	78.087	73.0269
1328.247168	78.070	72.5991
1328.613379	78.060	72.3062
1328.979590	78.074	72.0078
1329.345801	78.095	71.5671
1329.712012	78.100	71.0369
1330.078223	78.092	70.5747
1330.444434	78.091	70.1809
1330.810645	78.095	69.7314
1331.176856	78.087	69.2773
1331.543067	78.080	68.9150
1331.909278	78.087	68.5452
1332.275489	78.093	68.0981
1332.641700	78.089	67.6528
1333.007911	78.081	67.2683
1333.374122	78.080	66.9385
1333.740333	78.091	66.5806
1334.106544	78.100	66.1377
1334.472755	78.098	65.7168
1334.838966	78.104	65.3352
1335.205177	78.112	64.8560
1335.571388	78.097	64.3755
1335.937599	78.083	64.0571
1336.303810	78.092	63.7385
1336.670020	78.100	63.2812
1337.036231	78.090	62.8450
1337.402442	78.083	62.5093
1337.768653	78.090	62.1580
1338.134864	78.099	61.7375
1338.501075	78.101	61.2715
1338.867286	78.091	60.8198
1339.233497	78.080	60.4790
1339.599708	78.091	60.1753
1339.965919	78.114	59.6995
1340.332130	78.109	59.1201
1340.698341	78.086	58.7012
1341.064552	78.084	58.3979
1341.430763	78.096	57.9966
1341.796974	78.097	57.5244
1342.163185	78.090	57.1221
1342.529396	78.096	56.7593
1342.895607	78.109	56.2876
1343.261818	78.099	55.7388
1343.628029	78.071	55.3799
1343.994240	78.075	55.1802
1344.360451	78.106	54.7649
1344.726662	78.105	54.1931
1345.092873	78.087	53.8101
1345.459084	78.094	53.4534
1345.825295	78.090	52.9600
1346.191506	78.065	52.6274
1346.557717	78.073	52.4414
1346.923928	78.104	52.0449
1347.290139	78.109	51.5034
1347.656350	78.098	51.0894
1348.022560	78.104	50.7283
1348.388771	78.114	50.2444
1348.754982	78.102	49.7339
1349.121193	78.085	49.3735
1349.487404	78.089	49.0449
1349.853615	78.093	48.5825
1350.219826	78.077	48.1768
1350.586037	78.078	47.9102
1350.952248	78.102	47.4858
1351.318459	78.099	46.9202
1351.684670	78.077	46.5298
1352.050881	78.078	46.2412
1352.417092	78.091	45.8442
1352.783303	78.096	45.3828
1353.149514	78.091	44.9172
1353.515725	78.075	44.5291
1353.881936	78.073	44.2852
1354.248147	78.103	43.9614
1354.614358	78.126	43.3843
1354.980569	78.109	42.8047
1355.346780	78.084	42.4434
1355.712991	78.082	42.1733
1356.079202	78.094	41.8418
1356.445413	78.108	41.4395
1356.811624	78.121	40.9639
1357.177835	78.119	40.4277
1357.544046	78.099	39.9668
1357.910257	78.084	39.6587
1358.276468	78.092	39.3352
1358.642679	78.097	38.8838
1359.008889	78.085	38.4727
1359.375100	78.083	38.1733
1359.741311	78.100	37.7905
1360.107522	78.105	37.2681
1360.473733	78.087	36.8071
1360.839944	78.074	36.5151
1361.206155	78.087	36.2231
1361.572366	78.105	35.7605
1361.938577	78.099	35.2878
1362.304788	78.101	34.9573
1362.670999	78.128	34.4937
1363.037210	78.124	33.8162
1363.403421	78.081	33.3726
1363.769632	78.071	33.1907
1364.135843	78.093	32.8262
1364.502054	78.091	32.3459
1364.868265	78.086	32.0308
1365.234476	78.108	31.6765
1365.600687	78.123	31.1436
1365.966898	78.116	30.6348
1366.333109	78.107	30.2183
1366.699320	78.103	29.8530
1367.065531	78.111	29.4966
1367.431742	78.124	29.0293
1367.797953	78.117	28.5264
1368.164164	78.107	28.1553
1368.530375	78.113	27.7803
1368.896586	78.112	27.3123
1369.262797	78.099	26.9336
1369.629008	78.103	26.6179
1369.995219	78.111	26.1970
1370.361429	78.104	25.7896
1370.727640	78.108	25.4707
1371.093851	78.125	25.0481
1371.460062	78.123	24.5396
1371.826273	78.112	24.1416
1372.192484	78.115	23.7571
1372.558695	78.110	23.2910
1372.924906	78.091	22.9495
1373.291117	78.098	22.7090
1373.657328	78.122	22.2935
1374.023539	78.123	21.7920
1374.389750	78.120	21.4111
1374.755961	78.134	20.9795
1375.122172	78.132	20.4224
1375.488383	78.106	20.0049
1375.854594	78.102	19.7603
1376.220805	78.125	19.4075
1376.587016	78.139	18.8652
1376.953227	78.126	18.3506
1377.319438	78.112	17.9888
1377.685649	78.116	17.6455
1378.051860	78.121	17.2285
1378.418071	78.122	16.8267
1378.784282	78.130	16.4209
1379.150493	78.133	15.9307
1379.516704	78.118	15.4966
1379.882915	78.113	15.1899
1380.249126	78.127	14.8252
1380.615337	78.134	14.3555
1380.981548	78.129	13.9185
1381.347759	78.127	13.5283
1381.713969	78.128	13.1406
1382.080180	78.132	12.7524
1382.446391	78.138	12.3354
1382.812602	78.141	11.8970
1383.178813	78.142	11.4646
1383.545024	78.144	11.0054
1383.911235	78.135	10.5410
1384.277446	78.121	10.1648
1384.643657	78.119	9.8542
1385.009868	78.129	9.4937
1385.376079	78.137	9.0728
1385.742290	78.141	8.6460
1386.108501	78.145	8.1926
1386.474712	78.139	7.7234
1386.840923	78.125	7.3398
1387.207134	78.122	7.0332
1387.573345	78.132	6.7002
1387.939556	78.146	6.3091
1388.305767	78.157	5.8354
1388.671978	78.149	5.3428
1389.038189	78.135	5.0227
1389.404400	78.155	4.7397
1389.770611	78.180	4.1792
1390.136822	78.158	3.5852
1390.503033	78.131	3.3035
1390.869244	78.148	3.0166
1391.235455	78.155	2.4932
1391.601666	78.133	2.0840
1391.967877	78.133	1.8501
1392.334088	78.158	1.4504
1392.700298	78.161	0.9187
1393.066509	78.151	0.4905
1393.432720	78.150	0.1011
1393.798931	78.147	-0.3206
1394.165142	78.142	-0.6904
1394.531353	78.150	-1.0437
1394.897564	78.162	-1.4868
1395.263775	78.162	-1.9829
1395.629986	78.152	-2.4294
1395.996197	78.145	-2.8091
1396.362408	78.144	-3.1836
1396.728619	78.144	-3.5610
1397.094830	78.148	-3.9043
1397.461041	78.166	-4.3057
1397.827252	78.175	-4.8472
1398.193463	78.158	-5.3447
1398.559674	78.146	-5.6743
1398.925885	78.154	-6.0239
1399.292096	78.159	-6.4834
1399.658307	78.152	-6.9146
1400.024518	78.148	-7.2961
1400.390729	78.145	-7.6772
1400.756940	78.145	-8.0156
1401.123151	78.159	-8.3672
1401.489362	78.175	-8.8599
1401.855573	78.166	-9.3945
1402.221784	78.146	-9.7612
1402.587995	78.150	-10.0234
1402.954206	78.173	-10.4248
1403.320417	78.181	-10.9600
1403.686628	78.170	-11.4219
1404.052838	78.168	-11.8066
1404.419049	78.170	-12.2378
1404.785260	78.162	-12.6682
1405.151471	78.154	-13.0151
1405.517682	78.159	-13.3372
1405.883893	78.172	-13.7144
1406.250104	78.182	-14.1606
1406.616315	78.181	-14.6140
1406.982526	78.178	-14.9956
1407.348737	78.186	-15.3584
1407.714948	78.198	-15.8188
1408.081159	78.192	-16.3132
1408.447370	78.179	-16.6895
1408.813581	78.183	-17.0078
1409.179792	78.196	-17.4355
1409.546003	78.192	-17.9153
1409.912214	78.182	-18.2866
1410.278425	78.187	-18.6238
1410.644636	78.197	-19.0586
1411.010847	78.195	-19.5005
1411.377058	78.197	-19.8899
1411.743269	78.206	-20.3496
1412.109480	78.199	-20.8691
1412.475691	78.180	-21.2869
1412.841902	78.173	-21.5996
1413.208113	78.182	-21.9558
1413.574324	78.191	-22.4136
1413.940535	78.187	-22.8936
1414.306746	78.177	-23.3088
1414.672957	78.174	-23.6787
1415.039167	78.176	-24.0803
1415.405378	78.174	-24.4963
1415.771589	78.172	-24.8635
1416.137800	78.181	-25.2524
1416.504011	78.184	-25.7275
1416.870222	78.173	-26.1523
1417.236433	78.171	-26.4790
1417.602644	78.181	-26.8765
1417.968855	78.178	-27.3154
1418.335066	78.176	-27.6438
1418.701277	78.196	-28.0217
1419.067488	78.204	-28.5706
1419.433699	78.185	-29.0493
1419.799910	78.173	-29.3584
1420.166121	78.181	-29.6699
1420.532332	78.197	-30.0566
1420.898543	78.213	-30.5444
1421.264754	78.209	-31.1157
1421.630965	78.184	-31.5635
1421.997176	78.174	-31.8511
1422.363387	78.183	-32.2131
1422.729598	78.182	-32.6487
1423.095809	78.179	-32.9917
1423.462020	78.193	-33.3589
1423.828231	78.202	-33.8577
1424.194442	78.193	-34.3081
1424.560653	78.193	-34.6802
1424.926864	78.199	-35.1357
1425.293075	78.188	-35.5920
1425.659286	78.179	-35.9260
1426.025497	78.187	-36.2773
1426.391707	78.193	-36.6953
1426.757918	78.197	-37.0771
1427.124129	78.213	-37.5085
1427.490340	78.217	-38.0571
1427.856551	78.199	-38.5278
1428.222762	78.191	-38.8545
1428.588973	78.202	-39.2441
1428.955184	78.201	-39.7373
1429.321395	78.187	-40.1335
1429.687606	78.189	-40.4363
1430.053817	78.206	-40.8616
1430.420028	78.204	-41.3674
1430.786239	78.192	-41.7490
1431.152450	78.199	-42.0898
1431.518661	78.208	-42.5337
1431.884872	78.204	-42.9705
1432.251083	78.205	-43.3508
1432.617294	78.210	-43.7749
1432.983505	78.207	-44.2036
1433.349716	78.206	-44.5662
1433.715927	78.214	-44.9521
1434.082138	78.217	-45.3979
1434.448349	78.213	-45.7930
1434.814560	78.218	-46.1404
1435.180771	78.230	-46.5715
1435.546982	78.227	-47.0234
1435.913193	78.228	-47.3721
1436.279404	78.247	-47.7974
1436.645615	78.248	-48.3862
1437.011826	78.219	-48.8330
1437.378036	78.209	-49.0869
1437.744247	78.223	-49.4395
1438.110458	78.227	-49.8936
1438.476669	78.224	-50.3149
1438.842880	78.221	-50.7471
1439.209091	78.209	-51.1389
1439.575302	78.207	-51.4341
1439.941513	78.223	-51.7871
1440.307724	78.234	-52.2651
1440.673935	78.228	-52.7339
1441.040146	78.222	-53.1011
1441.406357	78.233	-53.4526
1441.772568	78.248	-53.9360
1442.138779	78.242	-54.4690
1442.504990	78.227	-54.8635
1442.871201	78.230	-55.2219
1443.237412	78.234	-55.6648
1443.603623	78.230	-56.0757
1443.969834	78.234	-56.4734
1444.336045	78.233	-56.9409
1444.702256	78.221	-57.3486
1445.068467	78.218	-57.6704
1445.434678	78.227	-58.0283
1445.800889	78.239	-58.4429
1446.167100	78.247	-58.9312
1446.533311	78.237	-59.4380
1446.899522	78.220	-59.8074
1447.265733	78.221	-60.1353
1447.631944	78.224	-60.5483
1447.998155	78.219	-60.9048
1448.364366	78.234	-61.2539
1448.730576	78.244	-61.7654
1449.096787	78.230	-62.2275
1449.462998	78.228	-62.5415
1449.829209	78.243	-62.9731
1450.195420	78.238	-63.4724
1450.561631	78.230	-63.8320
1450.927842	78.241	-64.2239
1451.294053	78.240	-64.7148
1451.660264	78.230	-65.0962
1452.026475	78.241	-65.4451
1452.392686	78.252	-65.9409
1452.758897	78.241	-66.4292
1453.125108	78.230	-66.7822
1453.491319	78.235	-67.1357
1453.857530	78.238	-67.5469
1454.223741	78.238	-67.9211
1454.589952	78.247	-68.2900
1454.956163	78.256	-68.7437
1455.322374	78.251	-69.1836
1455.688585	78.251	-69.5474
1456.054796	78.257	-69.9668
1456.421007	78.250	-70.4082
1456.787218	78.242	-70.7197
1457.153429	78.257	-71.0381
1457.519640	78.272	-71.5154
1457.885851	78.265	-72.0078
1458.252062	78.252	-72.3984
1458.618273	78.247	-72.7244
1458.984484	78.256	-73.0605
1459.350695	78.268	-73.4980
1459.716906	78.266	-73.9756
1460.083116	78.260	-74.3823
1460.449327	78.261	-74.8032
1460.815538	78.253	-75.2358
1461.181749	78.247	-75.5688
1461.547960	78.261	-75.9419
1461.914171	78.266	-76.4375
1462.280382	78.257	-76.8582
1462.646593	78.264	-77.2314
1463.012804	78.274	-77.7349
1463.379015	78.262	-78.2300
1463.745226	78.253	-78.5959
1464.111437	78.260	-79.0034
1464.477648	78.256	-79.4854
1464.843859	78.242	-79.8682
1465.210070	78.244	-80.1821
1465.576281	78.256	-80.5815
1465.942492	78.257	-81.0010
1466.308703	78.265	-81.3652
1466.674914	78.285	-81.8381
1467.041125	78.280	-82.4207
1467.407336	78.253	-82.8191
1467.773547	78.254	-83.0671
1468.139758	78.274	-83.4939
1468.505969	78.266	-84.0203
1468.872180	78.246	-84.3459
1469.238391	78.256	-84.5894
1469.604602	78.281	-84.9978
1469.970813	78.291	-85.5171
1470.337024	78.286	-86.0273
1470.703235	78.270	-86.4861
1471.069445	78.251	-86.8145
1471.435656	78.255	-87.0591
1471.801867	78.279	-87.4421
1472.168078	78.284	-87.9700
1472.534289	78.269	-88.3770
1472.900500	78.276	-88.6694
1473.266711	78.298	-89.1382
1473.632922	78.289	-89.6968
1473.999133	78.270	-90.0332
1474.365344	78.285	-90.3276
1474.731555	78.302	-90.8516
1475.097766	78.287	-91.3521
1475.463977	78.279	-91.6758
1475.830188	78.291	-92.0793
1476.196399	78.286	-92.5508
1476.562610	78.279	-92.9014
1476.928821	78.290	-93.2759
1477.295032	78.293	-93.7471
1477.661243	78.287	-94.1335
1478.027454	78.299	-94.5029
1478.393665	78.309	-95.0200
1478.759876	78.295	-95.5303
1479.126087	78.279	-95.8936
1479.492298	78.277	-96.2175
1479.858509	78.284	-96.5737
1480.224720	78.295	-96.9788
1480.590931	78.302	-97.4683
1480.957142	78.292	-97.9436
1481.323353	78.282	-98.3142
1481.689564	78.284	-98.6951
1482.055775	78.279	-99.1150
1482.421985	78.270	-99.4414
1482.788196	78.282	-99.7410
1483.154407	78.302	-100.1816
1483.520618	78.304	-100.6914
1483.886829	78.295	-101.1245
1484.253040	78.293	-101.5002
1484.619251	78.298	-101.9021
1484.985462	78.302	-102.3547
1485.351673	78.297	-102.8135
1485.717884	78.289	-103.2397
1486.084095	78.279	-103.6357
1486.450306	78.270	-103.9634
1486.816517	78.278	-104.2524
1487.182728	78.298	-104.6616
1487.548939	78.303	-105.1731
1487.915150	78.295	-105.5986
1488.281361	78.301	-105.9819
1488.647572	78.308	-106.4697
1489.013783	78.297	-106.9722
1489.379994	78.280	-107.3591
1489.746205	78.275	-107.6826
1490.112416	78.279	-108.0320
1490.478627	78.284	-108.4153
1490.844838	78.290	-108.8064
1491.211049	78.299	-109.2205
1491.577260	78.306	-109.6895
1491.943471	78.301	-110.1743
1492.309682	78.289	-110.5938
1492.675893	78.282	-110.9419
1493.042104	78.287	-111.3123
1493.408314	78.286	-111.7383
1493.774525	78.279	-112.1025
1494.140736	78.287	-112.4204
1494.506947	78.303	-112.8823
1494.873158	78.293	-113.3845
1495.239369	78.281	-113.6997
1495.605580	78.298	-114.0298
1495.971791	78.308	-114.5369
1496.338002	78.298	-114.9702
1496.704213	78.305	-115.3379
1497.070424	78.310	-115.8538
1497.436635	78.289	-116.2944
1497.802846	78.288	-116.5435
1498.169057	78.316	-116.9749
1498.535268	78.310	-117.5918
1498.901479	78.276	-117.9565
1499.267690	78.281	-118.1484
1499.633901	78.310	-118.5710
1500.000112	78.307	-119.1177
1500.366323	78.290	-119.4805
1500.732534	78.299	-119.7822
1501.098745	78.313	-120.2346
1501.464956	78.306	-120.7068
1501.831167	78.296	-121.0278
1502.197378	78.311	-121.3306
1502.563589	78.333	-121.8164
1502.929800	78.324	-122.3630
1503.296011	78.303	-122.7080
1503.662222	78.314	-122.9675
1504.028433	78.339	-123.4348
1504.394644	78.334	-123.9988
1504.760854	78.316	-124.4028
1505.127065	78.316	-124.7485
1505.493276	78.319	-125.1824
1505.859487	78.311	-125.6011
1506.225698	78.308	-125.9426
1506.591909	78.319	-126.3179
1506.958120	78.327	-126.7847
1507.324331	78.323	-127.2578
1507.690542	78.318	-127.6772
1508.056753	78.317	-128.1101
1508.422964	78.308	-128.5630
1508.789175	78.291	-128.9092
1509.155386	78.294	-129.1646
1509.521597	78.318	-129.5190
1509.887808	78.335	-130.0266
1510.254019	78.332	-130.5630
1510.620230	78.315	-131.0112
1510.986441	78.303	-131.3330
1511.352652	78.311	-131.6162
1511.718863	78.333	-132.0269
1512.085074	78.340	-132.5662
1512.451285	78.324	-133.0327
1512.817496	78.316	-133.3530
1513.183707	78.327	-133.6929
1513.549918	78.340	-134.1436
1513.916129	78.341	-134.6282
1514.282340	78.335	-135.1082
1514.648551	78.317	-135.5234
1515.014762	78.308	-135.8027
1515.380973	78.326	-136.1267
1515.747184	78.338	-136.6365
1516.113394	78.324	-137.0930
1516.479605	78.321	-137.4131
1516.845816	78.333	-137.8291
1517.212027	78.329	-138.2986
1517.578238	78.323	-138.6648
1517.944449	78.329	-139.0552
1518.310660	78.328	-139.4929
1518.676871	78.326	-139.8621
1519.043082	78.334	-140.2656
1519.409293	78.333	-140.7378
1519.775504	78.324	-141.1323
1520.141715	78.325	-141.4941
1520.507926	78.327	-141.9038
1520.874137	78.325	-142.2917
1521.240348	78.327	-142.6719
1521.606559	78.329	-143.0669
1521.972770	78.333	-143.4294
1522.338981	78.347	-143.8469
1522.705192	78.350	-144.3521
1523.071403	78.341	-144.8042
1523.437614	78.336	-145.2175
1523.803825	78.327	-145.6416
1524.170036	78.317	-145.9700
1524.536247	78.328	-146.3027
1524.902458	78.333	-146.7834
1525.268669	78.316	-147.1763
1525.634880	78.321	-147.4087
1526.001091	78.353	-147.8223
1526.367302	78.357	-148.4231
1526.733513	78.334	-148.8606
1527.099723	78.331	-149.1533
1527.465934	78.346	-149.5459
1527.832145	78.350	-150.0342
1528.198356	78.341	-150.4946
1528.564567	78.328	-150.8679
1528.930778	78.327	-151.1636
1529.296989	78.344	-151.5059
1529.663200	78.359	-151.9893
1530.029411	78.354	-152.4995
1530.395622	78.341	-152.9077
1530.761833	78.334	-153.2417
1531.128044	78.339	-153.5481
1531.494255	78.359	-153.9019
1531.860466	78.379	-154.4219
1532.226677	78.368	-154.9702
1532.592888	78.353	-155.3188
1532.959099	78.367	-155.6719
1533.325310	78.370	-156.2156
1533.691521	78.344	-156.6289
1534.057732	78.343	-156.8374
1534.423943	78.370	-157.2236
1534.790154	78.373	-157.7588
1535.156365	78.362	-158.1523
1535.522576	78.369	-158.5273
1535.888787	78.368	-158.9893
1536.254998	78.357	-159.3582
1536.621209	78.363	-159.6636
1536.987420	78.378	-160.0815
1537.353631	78.379	-160.5620
1537.719842	78.370	-160.9722
1538.086053	78.367	-161.3035
1538.452263	78.378	-161.6436
1538.818474	78.395	-162.0991
1539.184685	78.395	-162.6421
1539.550896	78.375	-163.0928
1539.917107	78.362	-163.4019
1540.283318	78.369	-163.7285
1540.649529	78.377	-164.1501
1541.015740	78.376	-164.5916
1541.381951	78.370	-165.0239
1541.748162	78.355	-165.4004
1542.114373	78.349	-165.6523
1542.480584	78.371	-165.9336
1542.846795	78.396	-166.4097
1543.213006	78.399	-166.9553
1543.579217	78.388	-167.4546
1543.945428	78.366	-167.8718
1544.311639	78.350	-168.0981
1544.677850	78.376	-168.3188
1545.044061	78.409	-168.8521
1545.410272	78.394	-169.4529
1545.776483	78.371	-169.7715
1546.142694	78.383	-170.0469
1546.508905	78.398	-170.5078
1546.875116	78.395	-170.9717
1547.241327	78.393	-171.3682
1547.607538	78.394	-171.8005
1547.973749	78.386	-172.2053
1548.339960	78.387	-172.5396
1548.706171	78.400	-172.9473
1549.072382	78.402	-173.4521
1549.438592	78.388	-173.8840
1549.804803	78.383	-174.2170
1550.171014	78.390	-174.5918
1550.537225	78.393	-175.0210
1550.903436	78.391	-175.4204
1551.269647	78.395	-175.8081
1551.635858	78.399	-176.2217
1552.002069	78.401	-176.6243
1552.368280	78.410	-177.0254
1552.734491	78.419	-177.4941
1553.100702	78.415	-177.9863
1553.466913	78.404	-178.3862
1553.833124	78.406	-178.7437
1554.199335	78.412	-179.1787
1554.565546	78.405	-179.6069
1554.931757	78.402	-179.9402
1555.297968	78.415	179.6836
1555.664179	78.418	179.2173
1556.030390	78.409	178.8286
1556.396601	78.416	178.5020
1556.762812	78.431	178.0518
1557.129023	78.425	177.5474
1557.495234	78.411	177.1729
1557.861445	78.412	176.8435
1558.227656	78.416	176.4377
1558.593867	78.413	176.0522
1558.960078	78.419	175.6782
1559.326289	78.420	175.2148
1559.692500	78.404	174.8354
1560.058711	78.410	174.5879
1560.424922	78.438	174.1357
1560.791132	78.428	173.5415
1561.157343	78.398	173.2324
1561.523554	78.414	173.0273
1561.889765	78.440	172.5415
1562.255976	78.430	172.0332
1562.622187	78.424	171.7446
1562.988398	78.451	171.3794
1563.354609	78.466	170.8022
1563.720820	78.451	170.2710
1564.087031	78.435	169.9072
1564.453242	78.437	169.5969
1564.819453	78.451	169.2231
1565.185664	78.462	168.7600
1565.551875	78.461	168.2754
1565.918086	78.452	167.8579
1566.284297	78.450	167.5146
1566.650508	78.462	167.1470
1567.016719	78.472	166.6516
1567.382930	78.456	166.1409
1567.749141	78.431	165.8413
1568.115352	78.439	165.6553
1568.481563	78.470	165.2759
1568.847774	78.479	164.7451
1569.213985	78.470	164.3247
1569.580196	78.476	163.9717
1569.946407	78.487	163.5181
1570.312618	78.485	163.0234
1570.678829	78.474	162.5938
1571.045040	78.467	162.2065
1571.411251	78.463	161.8372
1571.777461	78.464	161.4763
1572.143672	78.468	161.0767
1572.509883	78.466	160.6533
1572.876094	78.461	160.2939
1573.242305	78.469	159.9595
1573.608516	78.483	159.5254
1573.974727	78.482	159.0493
1574.340938	78.476	158.6602
1574.707149	78.480	158.2935
1575.073360	78.488	157.8745
1575.439571	78.492	157.4453
1575.805782	78.497	156.9785
1576.171993	78.487	156.4951
1576.538204	78.472	156.1482
1576.904415	78.480	155.8455
1577.270626	78.492	155.3921
1577.636837	78.482	154.9590
1578.003048	78.483	154.6689
1578.369259	78.508	154.2571
1578.735470	78.511	153.7021
1579.101681	78.498	153.2773
1579.467892	78.502	152.8994
1579.834103	78.503	152.4253
1580.200314	78.493	152.0298
1580.566525	78.501	151.6646
1580.932736	78.506	151.1475
1581.298947	78.483	150.7109
1581.665158	78.480	150.4658
1582.031369	78.506	150.0703
1582.397580	78.507	149.4976
1582.763791	78.485	149.0732
1583.130001	78.479	148.7781
1583.496212	78.486	148.4287
1583.862423	78.490	148.0662
1584.228634	78.501	147.7253
1584.594845	78.521	147.3066
1584.961056	78.531	146.7881
1585.327267	78.522	146.3066
1585.693478	78.516	145.9546
1586.059689	78.529	145.5891
1586.425900	78.538	145.0815
1586.792111	78.525	144.5967
1587.158322	78.514	144.2500
1587.524533	78.516	143.9019
1587.890744	78.517	143.5183
1588.256955	78.521	143.1680
1588.623166	78.534	142.7734
1588.989377	78.542	142.3022
1589.355588	78.540	141.8428
1589.721799	78.536	141.4048
1590.088010	78.529	140.9858
1590.454221	78.523	140.6057
1590.820432	78.523	140.2224
1591.186643	78.521	139.8389
1591.552854	78.524	139.4749
1591.919065	78.530	139.0791
1592.285276	78.533	138.6870
1592.651487	78.546	138.3000
1593.017698	78.560	137.7852
1593.383909	78.546	137.2744
1593.750120	78.537	136.9668
1594.116331	78.561	136.6025
1594.482541	78.574	136.0203
1594.848752	78.558	135.5054
1595.214963	78.548	135.1086
1595.581174	78.539	134.7000
1595.947385	78.530	134.3867
1596.313596	78.544	134.0916
1596.679807	78.561	133.6299
1597.046018	78.559	133.1748
1597.412229	78.564	132.7874
1597.778440	78.570	132.3101
1598.144651	78.558	131.8667
1598.510862	78.554	131.5288
1598.877073	78.557	131.1562
1599.243284	78.560	130.8159
1599.609495	78.582	130.4521
1599.975706	78.597	129.8723
1600.341917	78.573	129.3740
1600.708128	78.566	129.1338
1601.074339	78.596	128.7271
1601.440550	78.594	128.1235
1601.806761	78.570	127.7290
1602.172972	78.576	127.4326
1602.539183	78.591	126.9600
1602.905394	78.583	126.4453
1603.271605	78.567	126.0386
1603.637816	78.559	125.7104
1604.004027	78.566	125.3882
1604.370238	78.578	124.9771
1604.736449	78.580	124.5212
1605.102660	78.577	124.1411
1605.468870	78.587	123.7739
1605.835081	78.601	123.3198
1606.201292	78.604	122.8296
1606.567503	78.600	122.3818
1606.933714	78.601	121.9624
1607.299925	78.602	121.5090
1607.666136	78.593	121.0728
1608.032347	78.588	120.7588
1608.398558	78.609	120.4165
1608.764769	78.626	119.8652
1609.130980	78.610	119.3271
1609.497191	78.595	118.9963
1609.863402	78.605	118.6621
1610.229613	78.613	118.2178
1610.595824	78.614	117.8047
1610.962035	78.624	117.3857
1611.328246	78.628	116.8662
1611.694457	78.613	116.3799
1612.060668	78.600	116.0186
1612.426879	78.601	115.6553
1612.793090	78.599	115.2241
1613.159301	78.587	114.8420
1613.525512	78.585	114.5459
1613.891723	78.598	114.1943
1614.257934	78.605	113.7532
1614.624145	78.602	113.3442
1614.990356	78.605	112.9683
1615.356567	78.611	112.5742
1615.722778	78.620	112.1777
1616.088989	78.634	111.6992
1616.455200	78.629	111.1475
1616.821410	78.609	110.7402
1617.187621	78.610	110.4392
1617.553832	78.624	110.0149
1617.920043	78.626	109.5352
1618.286254	78.626	109.0894
1618.652465	78.622	108.5864
1619.018676	78.599	108.1597
1619.384887	78.591	107.9221
1619.751098	78.615	107.6035
1620.117309	78.631	107.0881
1620.483520	78.625	106.6187
1620.849731	78.628	106.2207
1621.215942	78.634	105.7461
1621.582153	78.625	105.2942
1621.948364	78.624	104.9368
1622.314575	78.636	104.4985
1622.680786	78.631	103.9932
1623.046997	78.618	103.6294
1623.413208	78.630	103.2927
1623.779419	78.642	102.7739
1624.145630	78.624	102.2817
1624.511841	78.612	102.0034
1624.878052	78.633	101.6777
1625.244263	78.648	101.1523
1625.610474	78.639	100.6445
1625.976685	78.630	100.2373
1626.342896	78.625	99.8313
1626.709107	78.619	99.4458
1627.075318	78.618	99.0894
1627.441529	78.621	98.7158
1627.807739	78.628	98.3459
1628.173950	78.642	97.9138
1628.540161	78.642	97.3784
1628.906372	78.621	96.9546
1629.272583	78.617	96.6851
1629.638794	78.634	96.3145
1630.005005	78.638	95.8652
1630.371216	78.644	95.4873
1630.737427	78.662	95.0146
1631.103638	78.658	94.4297
1631.469849	78.634	93.9856
1631.836060	78.622	93.6538
1632.202271	78.616	93.3237
1632.568482	78.620	93.0635
1632.934693	78.652	92.7095
1633.300904	78.672	92.0891
1633.667115	78.647	91.5276
1634.033326	78.629	91.2500
1634.399537	78.651	90.9158
1634.765748	78.661	90.3286
1635.131959	78.633	89.8193
1635.498170	78.613	89.5791
1635.864381	78.634	89.3213
1636.230592	78.658	88.8235
1636.596803	78.654	88.2783
1636.963014	78.643	87.8799
1637.329225	78.652	87.4854
1637.695436	78.657	86.9600
1638.061647	78.640	86.4580
1638.427858	78.620	86.1143
1638.794069	78.618	85.8330
1639.160279	78.629	85.5303
1639.526490	78.655	85.1616
1639.892701	78.681	84.6143
1640.258912	78.673	83.9836
1640.625123	78.644	83.5723
1640.991334	78.645	83.3145
1641.357545	78.665	82.8879
1641.723756	78.662	82.3787
1642.089967	78.653	82.0254
1642.456178	78.668	81.6606
1642.822389	78.675	81.1450
1643.188600	78.661	80.6995
1643.554811	78.659	80.3750
1643.921022	78.672	79.9707
1644.287233	78.674	79.4980
1644.653444	78.670	79.0630
1645.019655	78.665	78.6357
1645.385866	78.655	78.2588
1645.752077	78.658	77.9480
1646.118288	78.675	77.5281
1646.484499	78.674	77.0149
1646.850710	78.663	76.6211
1647.216921	78.671	76.2520
1647.583132	78.678	75.7324
1647.949343	78.658	75.2520
1648.315554	78.645	74.9385
1648.681765	78.654	74.5879
1649.047976	78.658	74.1367
1649.414187	78.655	73.7212
1649.780398	78.660	73.3074
1650.146609	78.661	72.8284
1650.512819	78.651	72.3862
1650.879030	78.647	72.0015
1651.245241	78.646	71.5842
1651.611452	78.639	71.1802
1651.977663	78.637	70.8469
1652.343874	78.649	70.4839
1652.710085	78.660	70.0312
1653.076296	78.663	69.5552
1653.442507	78.659	69.0996
1653.808718	78.653	68.6802
1654.174929	78.650	68.3008
1654.541140	78.654	67.9331
1654.907351	78.664	67.5400
1655.273562	78.676	67.0610
1655.639773	78.670	66.5371
1656.005984	78.652	66.1543
1656.372195	78.658	65.8545
1656.738406	78.673	65.3970
1657.104617	78.662	64.9209
1657.470828	78.657	64.6157
1657.837039	78.676	64.2373
1658.203250	78.679	63.7285
1658.569461	78.671	63.3462
1658.935672	78.686	62.9751
1659.301883	78.695	62.4399
1659.668094	78.681	61.9585
1660.034305	78.675	61.5872
1660.400516	78.675	61.1760
1660.766727	78.672	60.7793
1661.132938	78.677	60.3850
1661.499148	78.677	59.9106
1661.865359	78.664	59.5220
1662.231570	78.674	59.2168
1662.597781	78.697	58.7114
1662.963992	78.686	58.1008
1663.330203	78.657	57.7195
1663.696414	78.659	57.4531
1664.062625	78.678	57.0129
1664.428836	78.676	56.4685
1664.795047	78.660	56.0164
1665.161258	78.649	55.6631
1665.527469	78.652	55.3247
1665.893680	78.663	54.9236
1666.259891	78.669	54.4441
1666.626102	78.663	53.9878
1666.992313	78.660	53.5981
1667.358524	78.665	53.1907
1667.724735	78.668	52.7554
1668.090946	78.670	52.3228
1668.457157	78.669	51.8643
1668.823368	78.660	51.4565
1669.189579	78.662	51.1392
1669.555790	78.683	50.7065
1669.922001	78.681	50.1416
1670.288212	78.659	49.7397
1670.654423	78.662	49.4683
1671.020634	78.683	49.0151
1671.386845	78.675	48.4673
1671.753056	78.654	48.1094
1672.119267	78.662	47.8174
1672.485478	78.677	47.3569
1672.851688	78.669	46.8560
1673.217899	78.658	46.4836
1673.584110	78.663	46.1196
1673.950321	78.667	45.6729
1674.316532	78.664	45.2524
1674.682743	78.668	44.8459
1675.048954	78.671	44.3525
1675.415165	78.658	43.8962
1675.781376	78.653	43.5496
1676.147587	78.663	43.1191
1676.513798	78.656	42.6245
1676.880009	78.645	42.2620
1677.246220	78.655	41.8809
1677.612431	78.653	41.3779
1677.978642	78.635	41.0342
1678.344853	78.652	40.7881
1678.711064	78.685	40.2649
1679.077275	78.675	39.6289
1679.443486	78.648	39.2515
1679.809697	78.653	38.9771
1680.175908	78.671	38.5400
1680.542119	78.670	38.0264
1680.908330	78.658	37.6104
1681.274541	78.658	37.2715
1681.640752	78.672	36.8467
1682.006963	78.672	36.3188
1682.373174	78.655	35.8596
1682.739385	78.641	35.5127
1683.105596	78.639	35.1877
1683.471807	78.647	34.8232
1683.838017	78.652	34.3721
1684.204228	78.641	33.9453
1684.570439	78.639	33.6584
1684.936650	78.665	33.2627
1685.302861	78.671	32.6499
1685.669072	78.644	32.1855
1686.035283	78.640	31.9001
1686.401494	78.656	31.4458
1686.767705	78.645	30.9170
1687.133916	78.628	30.5679
1687.500127	78.636	30.2354
1687.866338	78.645	29.7695
1688.232549	78.640	29.2988
1688.598760	78.634	28.8892
1688.964971	78.632	28.4868
1689.331182	78.630	28.1011
1689.697393	78.637	27.7437
1690.063604	78.655	27.3042
1690.429815	78.661	26.7334
1690.796026	78.639	26.2319
1691.162237	78.625	25.9214
1691.528448	78.637	25.5962
1691.894659	78.650	25.1250
1692.260870	78.648	24.6377
1692.627081	78.643	24.1921
1692.993292	78.637	23.7554
1693.359503	78.630	23.3496
1693.725714	78.628	22.9399
1694.091925	78.621	22.4998
1694.458136	78.608	22.1328
1694.824347	78.611	21.8245
1695.190557	78.625	21.3962
1695.556768	78.620	20.8765
1695.922979	78.600	20.4878
1696.289190	78.597	20.2109
1696.655401	78.612	19.8457
1697.021612	78.620	19.3972
1697.387823	78.624	18.9536
1697.754034	78.626	18.4839
1698.120245	78.619	18.0259
1698.486456	78.613	17.6411
1698.852667	78.615	17.2625
1699.218878	78.622	16.8745
1699.585089	78.638	16.4424
1699.951300	78.647	15.8611
1700.317511	78.624	15.3188
1700.683722	78.606	15.0068
1701.049933	78.618	14.6523
1701.416144	78.617	14.1318
1701.782355	78.594	13.7476
1702.148566	78.593	13.5151
1702.514777	78.616	13.1790
1702.880988	78.636	12.6909
1703.247199	78.639	12.1240
1703.613410	78.618	11.6289
1703.979621	78.602	11.3271
1704.345832	78.615	11.0029
1704.712043	78.623	10.5017
1705.078254	78.609	10.0674
1705.444465	78.611	9.7380
1705.810676	78.624	9.2656
1706.176886	78.610	8.7466
1706.543097	78.593	8.4106
1706.909308	78.603	8.0923
1707.275519	78.614	7.5962
1707.641730	78.600	7.0889
1708.007941	78.583	6.7400
1708.374152	78.586	6.4346
1708.740363	78.598	6.0208
1709.106574	78.598	5.5488
1709.472785	78.590	5.1440
1709.838996	78.592	4.7871
1710.205207	78.600	4.3799
1710.571418	78.604	3.9395
1710.937629	78.608	3.5044
1711.303840	78.609	3.0325
1711.670051	78.598	2.5781
1712.036262	78.588	2.2368
1712.402473	78.596	1.9014
1712.768684	78.606	1.4731
1713.134895	78.610	1.0276
1713.501106	78.615	0.5696
1713.867317	78.611	0.0723
1714.233528	78.595	-0.3660
1714.599739	78.585	-0.7319
1714.965950	78.581	-1.0977
1715.332161	78.580	-1.4414
1715.698372	78.590	-1.8108
1716.064583	78.600	-2.2891
1716.430794	78.594	-2.7744
1716.797005	78.587	-3.1904
1717.163216	78.586	-3.6172
1717.529426	78.582	-4.0610
1717.895637	78.576	-4.4841
1718.261848	78.569	-4.8901
1718.628059	78.564	-5.2524
1718.994270	78.572	-5.6147
1719.360481	78.582	-6.0642
1719.726692	78.582	-6.5303
1720.092903	78.584	-6.9609
1720.459114	78.586	-7.4407
1720.825325	78.576	-7.9111
1721.191536	78.567	-8.2739
1721.557747	78.574	-8.6643
1721.923958	78.572	-9.1492
1722.290169	78.556	-9.5444
1722.656380	78.555	-9.8296
1723.022591	78.570	-10.2061
1723.388802	78.574	-10.6792
1723.755013	78.567	-11.0908
1724.121224	78.569	-11.4624
1724.487435	78.573	-11.8909
1724.853646	78.568	-12.3186
1725.219857	78.565	-12.7026
1725.586068	78.565	-13.1104
1725.952279	78.561	-13.5232
1726.318490	78.558	-13.9036
1726.684701	78.559	-14.3235
1727.050912	78.551	-14.7468
1727.417123	78.544	-15.0781
1727.783334	78.556	-15.4448
1728.149545	78.562	-15.9360
1728.515756	78.551	-16.3821
1728.881966	78.549	-16.7502
1729.248177	78.554	-17.1965
1729.614388	78.545	-17.6675
1729.980599	78.535	-18.0425
1730.346810	78.536	-18.4163
1730.713021	78.536	-18.8391
1731.079232	78.533	-19.2192
1731.445443	78.541	-19.6045
1731.811654	78.546	-20.0737
1732.177865	78.538	-20.5073
1732.544076	78.539	-20.8643
1732.910287	78.548	-21.2852
1733.276498	78.548	-21.7498
1733.642709	78.546	-22.1616
1734.008920	78.549	-22.6147
1734.375131	78.536	-23.0881
1734.741342	78.520	-23.3945
1735.107553	78.535	-23.6768
1735.473764	78.554	-24.1919
1735.839975	78.536	-24.7412
1736.206186	78.512	-25.0591
1736.572397	78.516	-25.3181
1736.938608	78.529	-25.7031
1737.304819	78.534	-26.1270
1737.671030	78.539	-26.5618
1738.037241	78.537	-27.0366
1738.403452	78.526	-27.4316
1738.769663	78.532	-27.7620
1739.135874	78.550	-28.2446
1739.502085	78.543	-28.8271
1739.868295	78.517	-29.2529
1740.234506	78.510	-29.5518
1740.600717	78.520	-29.9136
1740.966928	78.530	-30.3777
1741.333139	78.528	-30.8975
1741.699350	78.510	-31.3608
1742.065561	78.496	-31.6758
1742.431772	78.507	-31.9980
1742.797983	78.517	-32.4878
1743.164194	78.502	-32.9604
1743.530405	78.490	-33.2373
1743.896616	78.512	-33.5225
1744.262827	78.540	-34.0588
1744.629038	78.528	-34.6904
1744.995249	78.493	-35.0852
1745.361460	78.487	-35.2847
1745.727671	78.513	-35.6238
1746.093882	78.525	-36.1479
1746.460093	78.517	-36.6240
1746.826304	78.513	-37.0454
1747.192515	78.506	-37.5137
1747.558726	78.486	-37.9053
1747.924937	78.480	-38.1670
1748.291148	78.498	-38.5095
1748.657359	78.508	-39.0081
1749.023570	78.499	-39.4941
1749.389781	78.489	-39.9001
1749.755992	78.484	-40.2881
1750.122203	78.482	-40.6855
1750.488414	78.479	-41.1003
1750.854625	78.472	-41.5027
1751.220835	78.469	-41.8560
1751.587046	78.476	-42.2493
1751.953257	78.473	-42.6997
1752.319468	78.465	-43.0493
1752.685679	78.482	-43.3831
1753.051890	78.499	-43.9475
1753.418101	78.471	-44.5137
1753.784312	78.442	-44.7439
1754.150523	78.466	-44.9399
1754.516734	78.497	-45.4595
1754.882945	78.489	-46.0356
1755.249156	78.475	-46.4204
1755.615367	78.480	-46.8086
1755.981578	78.479	-47.2712
1756.347789	78.472	-47.6787
1756.714000	78.474	-48.0864
1757.080211	78.469	-48.5315
1757.446422	78.460	-48.9016
1757.812633	78.467	-49.2632
1758.178844	78.473	-49.7317
1758.545055	78.465	-50.1787
1758.911266	78.464	-50.5518
1759.277477	78.470	-51.0139
1759.643688	78.457	-51.5115
1760.009899	78.439	-51.8433
1760.376110	78.447	-52.1357
1760.742321	78.461	-52.5979
1761.108532	78.452	-53.0674
1761.474743	78.448	-53.4023
1761.840954	78.463	-53.8198
1762.207164	78.458	-54.3499
1762.573375	78.437	-54.7061
1762.939586	78.446	-54.9578
1763.305797	78.472	-55.4141
1763.672008	78.470	-55.9712
1764.038219	78.455	-56.3958
1764.404430	78.453	-56.7781
1764.770641	78.450	-57.1987
1765.136852	78.443	-57.5820
1765.503063	78.444	-57.9504
1765.869274	78.447	-58.3684
1766.235485	78.441	-58.8022
1766.601696	78.430	-59.1733
1766.967907	78.429	-59.4697
1767.334118	78.447	-59.8408
1767.700329	78.455	-60.3694
1768.066540	78.437	-60.8501
1768.432751	78.424	-61.1765
1768.798962	78.430	-61.5332
1769.165173	78.431	-61.9685
1769.531384	78.428	-62.3711
1769.897595	78.432	-62.7832
1770.263806	78.431	-63.2563
1770.630017	78.422	-63.7043
1770.996228	78.416	-64.0974
1771.362439	78.417	-64.5227
1771.728650	78.411	-65.0098
1772.094861	78.391	-65.4287
1772.461072	78.382	-65.7188
1772.827283	78.395	-66.0669
1773.193494	78.401	-66.5417
1773.559704	78.395	-66.9658
1773.925915	78.399	-67.3572
1774.292126	78.402	-67.8174
1774.658337	78.397	-68.2327
1775.024548	78.404	-68.6406
1775.390759	78.405	-69.1587
1775.756970	78.386	-69.6030
1776.123181	78.380	-69.9358
1776.489392	78.382	-70.3472
1776.855603	78.371	-70.7339
1777.221814	78.375	-71.0454
1777.588025	78.386	-71.4902
1777.954236	78.372	-71.9297
1778.320447	78.368	-72.1870
1778.686658	78.393	-72.5522
1779.052869	78.398	-73.0801
1779.419080	78.388	-73.4753
1779.785291	78.401	-73.8486
1780.151502	78.408	-74.4092
1780.517713	78.383	-74.9070
1780.883924	78.366	-75.1841
1781.250135	78.379	-75.5122
1781.616346	78.386	-76.0217
1781.982557	78.368	-76.4768
1782.348768	78.362	-76.7930
1782.714979	78.373	-77.2156
1783.081190	78.362	-77.7415
1783.447401	78.337	-78.0649
1783.813612	78.348	-78.3030
1784.179823	78.371	-78.7979
1784.546034	78.355	-79.3325
1784.912244	78.341	-79.6262
1785.278455	78.364	-79.9934
1785.644666	78.369	-80.6011
1786.010877	78.337	-81.0774
1786.377088	78.324	-81.3313
1786.743299	78.338	-81.6702
1787.109510	78.346	-82.1431
1787.475721	78.341	-82.5991
1787.841932	78.334	-83.0205
1788.208143	78.328	-83.4055
1788.574354	78.331	-83.7727
1788.940565	78.337	-84.2051
1789.306776	78.333	-84.6523
1789.672987	78.330	-85.0518
1790.039198	78.330	-85.4736
1790.405409	78.325	-85.8779
1790.771620	78.329	-86.2388
1791.137831	78.340	-86.7202
1791.504042	78.325	-87.2383
1791.870253	78.307	-87.5625
1792.236464	78.318	-87.8853
1792.602675	78.325	-88.3931
1792.968886	78.306	-88.8286
1793.335097	78.303	-89.1243
1793.701308	78.319	-89.5557
1794.067519	78.311	-90.0913
1794.433730	78.287	-90.4709
1794.799941	78.285	-90.7422
1795.166152	78.300	-91.1206
1795.532363	78.307	-91.6150
1795.898573	78.299	-92.1089
1796.264784	78.283	-92.5381
1796.630995	78.271	-92.8821
1796.997206	78.275	-93.2170
1797.363417	78.283	-93.6631
1797.729628	78.273	-94.1372
1798.095839	78.259	-94.4854
1798.462050	78.265	-94.8049
1798.828261	78.275	-95.2246
1799.194472	78.278	-95.6702
1799.560683	78.281	-96.1104
1799.926894	78.281	-96.5906
1800.293105	78.271	-97.0305
1800.659316	78.269	-97.4087
1801.025527	78.275	-97.8743
1801.391738	78.260	-98.3853
1801.757949	78.235	-98.7131
1802.124160	78.243	-98.9587
1802.490371	78.264	-99.4187
1802.856582	78.255	-99.9609
1803.222793	78.239	-100.3264
1803.589004	78.245	-100.6975
1803.955215	78.241	-101.1912
1804.321426	78.222	-101.5715
1804.687637	78.223	-101.8755
1805.053848	78.231	-102.3105
1805.420059	78.222	-102.7451
1805.786270	78.220	-103.1050
1806.152481	78.222	-103.5225
1806.518692	78.216	-103.9153
1806.884903	78.225	-104.2593
1807.251113	78.242	-104.7600
1807.617324	78.230	-105.3291
1807.983535	78.204	-105.7100
1808.349746	78.202	-105.9788
1808.715957	78.218	-106.3357
1809.082168	78.232	-106.8103
1809.448379	78.232	-107.3032
1809.814590	78.230	-107.7480
1810.180801	78.232	-108.2346
1810.547012	78.216	-108.7478
1810.913223	78.193	-109.0845
1811.279434	78.201	-109.3589
1811.645645	78.217	-109.8420
1812.011856	78.203	-110.3577
1812.378067	78.187	-110.6968
1812.744278	78.192	-111.0515
1813.110489	78.190	-111.4985
1813.476700	78.180	-111.8765
1813.842911	78.183	-112.2146
1814.209122	78.190	-112.6426
1814.575333	78.185	-113.1040
1814.941544	78.175	-113.4744
1815.307755	78.181	-113.8154
1815.673966	78.193	-114.2737
1816.040177	78.188	-114.7781
1816.406388	78.178	-115.2056
1816.772599	78.173	-115.6304
1817.138810	78.162	-116.0593
1817.505021	78.153	-116.4058
1817.871232	78.158	-116.7769
1818.237442	78.156	-117.2209
1818.603653	78.148	-117.5825
1818.969864	78.159	-117.9092
1819.336075	78.178	-118.3987
1819.702286	78.172	-118.9717
1820.068497	78.147	-119.4014
1820.434708	78.138	-119.6919
1820.800919	78.151	-120.0400
1821.167130	78.160	-120.5227
1821.533341	78.152	-121.0078
1821.899552	78.140	-121.4023
1822.265763	78.136	-121.7622
1822.631974	78.138	-122.1470
1822.998185	78.140	-122.5684
1823.364396	78.136	-122.9946
1823.730607	78.129	-123.3779
1824.096818	78.129	-123.7427
1824.463029	78.133	-124.1252
1824.829240	78.139	-124.5215
1825.195451	78.148	-124.9727
1825.561662	78.147	-125.4856
1825.927873	78.130	-125.9409
1826.294084	78.118	-126.2744
1826.660295	78.126	-126.5950
1827.026506	78.143	-127.0544
1827.392717	78.138	-127.6172
1827.758928	78.114	-128.0510
1828.125139	78.107	-128.3457
1828.491350	78.119	-128.7563
1828.857561	78.111	-129.2629
1829.223772	78.093	-129.6409
1829.589982	78.090	-129.9595
1829.956193	78.093	-130.3435
1830.322404	78.094	-130.7349
1830.688615	78.097	-131.1492
1831.054826	78.092	-131.5891
1831.421037	78.085	-131.9558
1831.787248	78.091	-132.3218
1832.153459	78.096	-132.7734
1832.519670	78.092	-133.2188
1832.885881	78.089	-133.6567
1833.252092	78.078	-134.0974
1833.618303	78.068	-134.4419
1833.984514	78.077	-134.8120
1834.350725	78.076	-135.3132
1834.716936	78.056	-135.7053
1835.083147	78.059	-135.9839
1835.449358	78.075	-136.4424
1835.815569	78.063	-136.9492
1836.181780	78.051	-137.2771
1836.547991	78.063	-137.6433
1836.914202	78.064	-138.1191
1837.280413	78.059	-138.5068
1837.646624	78.071	-138.9229
1838.012835	78.071	-139.4729
1838.379046	78.050	-139.9233
1838.745257	78.044	-140.2622
1839.111468	78.047	-140.6909
1839.477679	78.037	-141.1372
1839.843890	78.027	-141.4946
1840.210101	78.029	-141.8623
1840.576311	78.029	-142.2800
1840.942522	78.026	-142.6929
1841.308733	78.023	-143.0942
1841.674944	78.020	-143.4917
1842.041155	78.018	-143.8889
1842.407366	78.018	-144.2886
1842.773577	78.019	-144.6926
1843.139788	78.021	-145.1257
1843.505999	78.019	-145.5898
1843.872210	78.010	-146.0415
1844.238421	77.997	-146.4385
1844.604632	77.992	-146.7783
1844.970843	78.000	-147.1594
1845.337054	78.002	-147.6470
1845.703265	77.986	-148.0925
1846.069476	77.978	-148.4177
1846.435687	77.986	-148.7966
1846.801898	77.984	-149.2424
1847.168109	77.979	-149.5916
1847.534320	77.996	-149.9580
1847.900531	78.009	-150.5078
1848.266742	77.993	-151.0627
1848.632953	77.969	-151.4485
1848.999164	77.961	-151.7483
1849.365375	77.968	-152.0632
1849.731586	77.985	-152.4795
1850.097797	77.989	-153.0317
1850.464008	77.965	-153.5112
1850.830219	77.950	-153.7852
1851.196430	77.964	-154.0996
1851.562641	77.973	-154.5823
1851.928851	77.960	-155.0117
1852.295062	77.959	-155.3242
1852.661273	77.976	-155.7427
1853.027484	77.976	-156.3105
1853.393695	77.948	-156.8120
1853.759906	77.918	-157.1021
1854.126117	77.919	-157.3103
1854.492328	77.937	-157.6653
1854.858539	77.942	-158.1289
1855.224750	77.939	-158.5322
1855.590961	77.946	-158.9695
1855.957172	77.936	-159.4902
1856.323383	77.909	-159.8491
1856.689594	77.910	-160.0662
1857.055805	77.934	-160.4600
1857.422016	77.935	-161.0000
1857.788227	77.918	-161.4231
1858.154438	77.913	-161.7480
1858.520649	77.919	-162.1152
1858.886860	77.925	-162.5449
1859.253071	77.923	-163.0093
1859.619282	77.911	-163.4324
1859.985493	77.903	-163.7698
1860.351704	77.908	-164.1318
1860.717915	77.908	-164.5723
1861.084126	77.897	-164.9609
1861.450337	77.897	-165.2783
1861.816548	77.909	-165.6924
1862.182759	77.903	-166.1960
1862.548970	77.880	-166.5659
1862.915181	77.879	-166.8101
1863.281391	77.900	-167.1965
1863.647602	77.901	-167.7339
1864.013813	77.881	-168.1589
1864.380024	77.877	-168.4709
1864.746235	77.887	-168.8784
1865.112446	77.886	-169.3672
1865.478657	77.874	-169.8223
1865.844868	77.860	-170.2300
1866.211079	77.848	-170.5679
1866.577290	77.854	-170.9065
1866.943501	77.860	-171.3779
1867.309712	77.844	-171.8457
1867.675923	77.832	-172.1548
1868.042134	77.843	-172.5068
1868.408345	77.845	-173.0044
1868.774556	77.826	-173.4102
1869.140767	77.822	-173.6841
1869.506978	77.838	-174.0420
1869.873189	77.846	-174.5015
1870.239400	77.847	-174.9453
1870.605611	77.849	-175.4089
1870.971822	77.839	-175.8965
1871.338033	77.821	-176.2759
1871.704244	77.818	-176.5876
1872.070455	77.823	-176.9868
1872.436666	77.817	-177.3792
1872.802877	77.822	-177.7097
1873.169088	77.837	-178.1875
1873.535299	77.820	-178.7163
1873.901510	77.799	-179.0061
1874.267720	77.816	-179.2905
1874.633931	77.830	-179.8262
1875.000142	77.811	179.6707
1875.366353	77.796	179.3232
1875.732564	77.792	178.9541
1876.098775	77.784	178.6194
1876.464986	77.795	178.3037
1876.831197	77.808	177.8169
1877.197408	77.793	177.3247
1877.563619	77.780	177.0227
1877.929830	77.795	176.6760
1878.296041	77.800	176.1609
1878.662252	77.781	175.7041
1879.028463	77.767	175.3940
1879.394674	77.772	175.0959
1879.760885	77.786	174.6919
1880.127096	77.788	174.1748
1880.493307	77.767	173.7163
1880.859518	77.751	173.4390
1881.225729	77.763	173.1265
1881.591940	77.766	172.6494
1881.958151	77.749	172.2783
1882.324362	77.758	172.0249
1882.690573	77.784	171.5352
1883.056784	77.770	170.9202
1883.422995	77.738	170.5591
1883.789206	77.736	170.3140
1884.155417	77.749	169.9331
1884.521628	77.755	169.4836
1884.887839	77.755	169.0022
1885.254050	77.741	168.5300
1885.620260	77.728	168.1902
1885.986471	77.737	167.8362
1886.352682	77.740	167.3213
1886.718893	77.718	166.8716
1887.085104	77.706	166.6003
1887.451315	77.720	166.2810
1887.817526	77.732	165.8052
1888.183737	77.722	165.3103
1888.549948	77.703	164.9382
1888.916159	77.699	164.6792
1889.282370	77.718	164.3547
1889.648581	77.734	163.8516
1890.014792	77.721	163.3318
1890.381003	77.699	162.9834
1890.747214	77.699	162.7148
1891.113425	77.710	162.3384
1891.479636	77.708	161.8994
1891.845847	77.700	161.5461
1892.212058	77.706	161.2048
1892.578269	77.711	160.7676
1892.944480	77.704	160.3503
1893.310691	77.703	159.9880
1893.676902	77.707	159.5339
1894.043113	77.691	159.0688
1894.409324	77.674	158.7639
1894.775535	77.684	158.4578
1895.141746	77.694	157.9822
1895.507957	77.683	157.4871
1895.874168	77.666	157.0913
1896.240379	77.656	156.7588
1896.606589	77.659	156.4541
1896.972800	77.678	156.0342
1897.339011	77.678	155.4558
1897.705222	77.649	155.0105
1898.071433	77.641	154.7573
1898.437644	77.658	154.3652
1898.803855	77.655	153.8452
1899.170066	77.638	153.4690
1899.536277	77.643	153.1304
1899.902488	77.647	152.6804
1900.268699	77.639	152.2612
1900.634910	77.639	151.8899
1901.001121	77.641	151.4519
1901.367332	77.633	151.0090
1901.733543	77.624	150.6272
1902.099754	77.621	150.2498
1902.465965	77.616	149.8696
1902.832176	77.615	149.5081
1903.198387	77.620	149.1042
1903.564598	77.615	148.6479
1903.930809	77.601	148.2656
1904.297020	77.600	147.9492
1904.663231	77.608	147.5200
1905.029442	77.594	147.0671
1905.395653	77.583	146.7876
1905.761864	77.604	146.4355
1906.128075	77.606	145.8472
1906.494286	77.570	145.4314
1906.860497	77.565	145.2729
1907.226708	77.598	144.8953
1907.592919	77.600	144.2915
1907.959129	77.574	143.8711
1908.325340	77.570	143.5786
1908.691551	77.578	143.1694
1909.057762	77.571	142.7488
1909.423973	77.569	142.4080
1909.790184	77.577	142.0093
1910.156395	77.576	141.5552
1910.522606	77.571	141.1641
1910.888817	77.573	140.7612
1911.255028	77.568	140.3074
1911.621239	77.555	139.9531
1911.987450	77.562	139.6304
1912.353661	77.571	139.1548
1912.719872	77.556	138.6936
1913.086083	77.548	138.3608
1913.452294	77.553	137.9314
1913.818505	77.532	137.4788
1914.184716	77.513	137.2634
1914.550927	77.539	137.0176
1914.917138	77.559	136.4675
1915.283349	77.537	135.9619
1915.649560	77.527	135.6943
1916.015771	77.547	135.3196
1916.381982	77.548	134.7734
1916.748193	77.528	134.3477
1917.114404	77.524	134.0073
1917.480615	77.525	133.5876
1917.846826	77.518	133.1772
1918.213037	77.516	132.7830
1918.579248	77.507	132.3467
1918.945459	77.489	132.0281
1919.311669	77.499	131.7961
1919.677880	77.527	131.3540
1920.044091	77.524	130.7673
1920.410302	77.500	130.3440
1920.776513	77.494	130.0273
1921.142724	77.497	129.6113
1921.508935	77.484	129.1741
1921.875146	77.468	128.8760
1922.241357	77.478	128.6035
1922.607568	77.494	128.1479
1922.973779	77.482	127.6394
1923.339990	77.463	127.3218
1923.706201	77.473	127.0403
1924.072412	77.487	126.5923
1924.438623	77.484	126.1152
1924.804834	77.479	125.6716
1925.171045	77.467	125.2000
1925.537256	77.443	124.8381
1925.903467	77.438	124.5962
1926.269678	77.453	124.2473
1926.635889	77.456	123.8027
1927.002100	77.453	123.4126
1927.368311	77.458	123.0225
1927.734522	77.460	122.5835
1928.100733	77.457	122.1555
1928.466944	77.454	121.7334
1928.833155	77.448	121.3040
1929.199366	77.438	120.9109
1929.565577	77.432	120.5552
1929.931788	77.432	120.1973
1930.297998	77.436	119.8198
1930.664209	77.441	119.4038
1931.030420	77.442	118.9209
1931.396631	77.425	118.4424
1931.762842	77.401	118.1135
1932.129053	77.401	117.8682
1932.495264	77.415	117.4900
1932.861475	77.414	117.0261
1933.227686	77.405	116.6475
1933.593897	77.407	116.2830
1933.960108	77.409	115.8669
1934.326319	77.408	115.4622
1934.692530	77.409	115.0244
1935.058741	77.398	114.5820
1935.424952	77.388	114.2556
1935.791163	77.400	113.9050
1936.157374	77.405	113.4067
1936.523585	77.389	112.9617
1936.889796	77.381	112.6404
1937.256007	77.388	112.2727
1937.622218	77.390	111.8442
1937.988429	77.388	111.4309
1938.354640	77.385	111.0291
1938.720851	77.382	110.6506
1939.087062	77.386	110.2712
1939.453273	77.390	109.8289
1939.819484	77.382	109.3875
1940.185695	77.374	109.0330
1940.551906	77.382	108.6641
1940.918117	77.386	108.1663
1941.284328	77.365	107.6831
1941.650538	77.343	107.3875
1942.016749	77.347	107.1335
1942.382960	77.361	106.7361
1942.749171	77.362	106.2812
1943.115382	77.359	105.8501
1943.481593	77.351	105.4155
1943.847804	77.338	105.0403
1944.214015	77.337	104.7124
1944.580226	77.344	104.3037
1944.946437	77.339	103.8457
1945.312648	77.328	103.4363
1945.678859	77.318	103.0757
1946.045070	77.314	102.7559
1946.411281	77.322	102.4077
1946.777492	77.328	101.9758
1947.143703	77.324	101.5659
1947.509914	77.328	101.1812
1947.876125	77.329	100.7158
1948.242336	77.315	100.2898
1948.608547	77.310	99.9724
1948.974758	77.319	99.5723
1949.340969	77.312	99.1184
1949.707180	77.303	98.7788
1950.073391	77.310	98.3989
1950.439602	77.303	97.9224
1950.805813	77.283	97.6086
1951.172024	77.295	97.3691
1951.538235	77.318	96.8911
1951.904446	77.305	96.3411
1952.270657	77.282	95.9985
1952.636867	77.284	95.7219
1953.003078	77.297	95.3293
1953.369289	77.300	94.8540
1953.735500	77.289	94.3979
1954.101711	77.276	94.0466
1954.467922	77.281	93.7002
1954.834133	77.283	93.2300
1955.200344	77.263	92.8264
1955.566555	77.261	92.5654
1955.932766	77.279	92.1580
1956.298977	77.271	91.6377
1956.665188	77.252	91.2881
1957.031399	77.256	90.9702
1957.397610	77.255	90.5415
1957.763821	77.245	90.1907
1958.130032	77.254	89.8633
1958.496243	77.260	89.3916
1958.862454	77.246	88.9626
1959.228665	77.242	88.6577
1959.594876	77.254	88.2527
1959.961087	77.248	87.7524
1960.327298	77.228	87.3672
1960.693509	77.222	87.0796
1961.059720	77.230	86.7383
1961.425931	77.236	86.3291
1961.792142	77.239	85.9136
1962.158353	77.242	85.4797
1962.524564	77.239	85.0176
1962.890775	77.228	84.5984
1963.256986	77.224	84.2231
1963.623197	77.222	83.8093
1963.989407	77.213	83.3979
1964.355618	77.205	83.0603
1964.721829	77.211	82.7139
1965.088040	77.216	82.2900
1965.454251	77.212	81.8508
1965.820462	77.203	81.4668
1966.186673	77.202	81.1372
1966.552884	77.214	80.7480
1966.919095	77.217	80.2288
1967.285306	77.196	79.7578
1967.651517	77.180	79.4519
1968.017728	77.185	79.1118
1968.383939	77.181	78.6685
1968.750150	77.166	78.3147
1969.116361	77.167	78.0220
1969.482572	77.176	77.6211
1969.848783	77.172	77.1938
1970.214994	77.170	76.8311
1970.581205	77.175	76.4294
1970.947416	77.172	75.9902
1971.313627	77.167	75.6082
1971.679838	77.172	75.2153
1972.046049	77.173	74.7432
1972.412260	77.159	74.2908
1972.778471	77.143	73.9512
1973.144682	77.143	73.6836
1973.510893	77.162	73.3379
1973.877104	77.175	72.8210
1974.243315	77.159	72.3047
1974.609526	77.137	71.9763
1974.975736	77.137	71.7092
1975.341947	77.146	71.3643
1975.708158	77.154	70.9949
1976.074369	77.166	70.5745
1976.440580	77.165	70.0786
1976.806791	77.149	69.6582
1977.173002	77.141	69.3308
1977.539213	77.142	68.9827
1977.905424	77.145	68.6260
1978.271635	77.155	68.2244
1978.637846	77.156	67.7231
1979.004057	77.137	67.2837
1979.370268	77.128	66.9634
1979.736479	77.132	66.5916
1980.102690	77.130	66.1580
1980.468901	77.124	65.7534
1980.835112	77.119	65.3491
1981.201323	77.112	64.9504
1981.567534	77.106	64.5847
1981.933745	77.105	64.2141
1982.299956	77.105	63.8286
1982.666167	77.106	63.4272
1983.032378	77.104	63.0154
1983.398589	77.102	62.6206
1983.764800	77.102	62.2100
1984.131011	77.095	61.8059
1984.497222	77.093	61.4673
1984.863433	77.105	61.0669
1985.229644	77.102	60.5728
1985.595855	77.085	60.1926
1985.962066	77.086	59.8831
1986.328276	77.092	59.4622
1986.694487	77.083	59.0542
1987.060698	77.083	58.7329
1987.426909	77.095	58.3201
1987.793120	77.090	57.8259
1988.159331	77.071	57.4351
1988.525542	77.064	57.1396
1988.891753	77.071	56.8088
1989.257964	77.078	56.4060
1989.624175	77.081	55.9673
1989.990386	77.076	55.5100
1990.356597	77.061	55.0828
1990.722808	77.045	54.7634
1991.089019	77.049	54.4753
1991.455230	77.060	54.0657
1991.821441	77.054	53.6047
1992.187652	77.041	53.2456
1992.553863	77.044	52.9187
1992.920074	77.051	52.5027
1993.286285	77.049	52.0476
1993.652496	77.041	51.6248
1994.018707	77.033	51.2173
1994.384918	77.022	50.8384
1994.751129	77.018	50.5032
1995.117340	77.023	50.1165
1995.483551	77.017	49.6831
1995.849762	77.007	49.3726
1996.215973	77.028	49.0688
1996.582184	77.049	48.4771
1996.948395	77.013	47.8931
1997.314606	76.980	47.7590
1997.680816	77.024	47.6052
1998.047027	77.063	46.9304
1998.413238	77.031	46.3342
1998.779449	77.027	46.1206
1999.145660	77.069	45.5349
1999.511871	77.023	44.6804
1999.878082	76.933	44.5315
2000.244293	76.950	44.7124
2000.610504	77.013	44.2900
2000.976715	77.004	43.6692
2001.342926	76.987	43.3940
2001.709137	77.007	43.0474
2002.075348	77.003	42.5442
2002.441559	76.986	42.2278
2002.807770	76.996	41.9268
2003.173981	77.001	41.4902
2003.540192	76.995	41.1287
2003.906403	77.005	40.7690
2004.272614	77.008	40.2610
2004.638825	76.985	39.8181
2005.005036	76.969	39.5576
2005.371247	76.980	39.2798
2005.737458	76.995	38.8550
2006.103669	76.995	38.3635
2006.469880	76.983	37.9216
2006.836091	76.972	37.5361
2007.202302	76.964	37.1702
2007.568513	76.958	36.8523
2007.934724	76.970	36.5210
2008.300935	76.983	36.0303
2008.667145	76.966	35.5078
2009.033356	76.940	35.1946
2009.399567	76.944	34.9614
2009.765778	76.962	34.5696
2010.131989	76.961	34.1008
2010.498200	76.951	33.7234
2010.864411	76.952	33.3965
2011.230622	76.961	33.0046
2011.596833	76.960	32.5669
2011.963044	76.955	32.1819
2012.329255	76.956	31.8083
2012.695466	76.955	31.3818
2013.061677	76.945	31.0151
2013.427888	76.948	30.7048
2013.794099	76.959	30.2764
2014.160310	76.950	29.8159
2014.526521	76.939	29.4998
2014.892732	76.950	29.1882
2015.258943	76.963	28.7385
2015.625154	76.960	28.2561
2015.991365	76.950	27.8430
2016.357576	76.947	27.4731
2016.723787	76.949	27.0498
2017.089998	76.935	26.5928
2017.456209	76.913	26.2998
2017.822420	76.924	26.1033
2018.188631	76.954	25.6636
2018.554842	76.946	25.0916
2018.921053	76.921	24.7593
2019.287264	76.930	24.4912
2019.653475	76.940	24.0225
2020.019685	76.924	23.5984
2020.385896	76.920	23.3196
2020.752107	76.933	22.9268
2021.118318	76.926	22.4656
2021.484529	76.914	22.1184
2021.850740	76.914	21.7798
2022.216951	76.913	21.4219
2022.583162	76.918	21.0935
2022.949373	76.932	20.6560
2023.315584	76.925	20.1550
2023.681795	76.909	19.7817
2024.048006	76.907	19.4343
2024.414217	76.901	19.0552
2024.780428	76.899	18.7664
2025.146639	76.920	18.4285
2025.512850	76.937	17.8975
2025.879061	76.926	17.3528
2026.245272	76.904	16.9224
2026.611483	76.884	16.6101
2026.977694	76.885	16.3853
2027.343905	76.912	16.0208
2027.710116	76.917	15.4478
2028.076327	76.888	15.0032
2028.442538	76.875	14.7878
2028.808749	76.894	14.5022
2029.174960	76.909	14.0469
2029.541171	76.908	13.5803
2029.907382	76.903	13.1484
2030.273593	76.894	12.7214
2030.639804	76.881	12.3391
2031.006014	76.873	12.0066
2031.372225	76.871	11.6641
2031.738436	76.868	11.3176
2032.104647	76.871	10.9878
2032.470858	76.880	10.6003
2032.837069	76.881	10.1489
2033.203280	76.872	9.7439
2033.569491	76.868	9.3909
2033.935702	76.870	9.0269
2034.301913	76.874	8.6543
2034.668124	76.884	8.2205
2035.034335	76.879	7.7112
2035.400546	76.856	7.3054
2035.766757	76.847	7.0540
2036.132968	76.862	6.7476
2036.499179	76.876	6.3064
2036.865390	76.876	5.8540
2037.231601	76.875	5.4214
2037.597812	76.870	4.9753
2037.964023	76.857	4.5701
2038.330234	76.846	4.2439
2038.696445	76.845	3.9482
2039.062656	76.854	3.6233
2039.428867	76.866	3.2236
2039.795078	76.868	2.7681
2040.161289	76.860	2.3567
2040.527500	76.855	2.0037
2040.893711	76.855	1.6377
2041.259922	76.854	1.2827
2041.626133	76.861	0.9309
2041.992344	76.870	0.4761
2042.358554	76.859	0.0024
2042.724765	76.843	-0.3279
2043.090976	76.849	-0.6423
2043.457187	76.853	-1.0764
2043.823398	76.843	-1.4788
2044.189609	76.841	-1.7903
2044.555820	76.854	-2.1921
2044.922031	76.849	-2.6902
2045.288242	76.829	-3.0735
2045.654453	76.826	-3.3486
2046.020664	76.838	-3.7336
2046.386875	76.833	-4.1953
2046.753086	76.822	-4.5325
2047.119297	76.831	-4.8579
2047.485508	76.837	-5.3289
2047.851719	76.823	-5.7405
2048.217930	76.824	-6.0266
2048.584141	76.842	-6.4604
2048.950352	76.834	-7.0034
2049.316563	76.810	-7.3645
2049.682774	76.812	-7.6494
2050.048985	76.820	-8.0803
2050.415196	76.807	-8.5005
2050.781407	76.801	-8.7883
2051.147618	76.815	-9.1467
2051.513829	76.817	-9.6262
2051.880040	76.802	-10.0046
2052.246251	76.805	-10.2893
2052.612462	76.822	-10.6943
2052.978673	76.823	-11.1882
2053.344884	76.812	-11.6248
2053.711094	76.799	-12.0085
2054.077305	76.788	-12.3164
2054.443516	76.796	-12.5850
2054.809727	76.816	-13.0237
2055.175938	76.804	-13.5396
2055.542149	76.783	-13.8306
2055.908360	76.798	-14.0872
2056.274571	76.813	-14.5815
2056.640782	76.794	-15.0344
2057.006993	76.786	-15.2908
2057.373204	76.803	-15.6516
2057.739415	76.801	-16.1304
2058.105626	76.787	-16.4746
2058.471837	76.793	-16.7612
2058.838048	76.808	-17.1667
2059.204259	76.811	-17.6416
2059.570470	76.803	-18.0947
2059.936681	76.790	-18.4761
2060.302892	76.786	-18.7905
2060.669103	76.796	-19.1523
2061.035314	76.800	-19.6023
2061.401525	76.792	-20.0330
2061.767736	76.785	-20.4058
2062.133947	76.782	-20.7664
2062.500158	76.783	-21.1208
2062.866369	76.791	-21.5037
2063.232580	76.795	-21.9595
2063.598791	76.785	-22.4094
2063.965002	76.772	-22.7659
2064.331213	76.770	-23.0779
2064.697423	76.778	-23.4163
2065.063634	76.790	-23.8152
2065.429845	76.795	-24.3000
2065.796056	76.782	-24.7678
2066.162267	76.767	-25.0969
2066.528478	76.771	-25.4099
2066.894689	76.774	-25.8171
2067.260900	76.767	-26.1685
2067.627111	76.777	-26.4668
2067.993322	76.796	-26.9348
2068.359533	76.785	-27.4709
2068.725744	76.763	-27.8103
2069.091955	76.766	-28.0918
2069.458166	76.771	-28.5068
2069.824377	76.759	-28.8774
2070.190588	76.761	-29.1309
2070.556799	76.782	-29.4885
2070.923010	76.793	-29.9778
2071.289221	76.789	-30.4541
2071.655432	76.780	-30.9128
2072.021643	76.760	-31.3101
2072.387854	76.749	-31.5850
2072.754065	76.759	-31.9038
2073.120276	76.761	-32.3386
2073.486487	76.752	-32.7156
2073.852698	76.756	-33.0640
2074.218909	76.755	-33.5186
2074.585120	76.733	-33.9016
2074.951331	76.726	-34.0991
2075.317542	76.752	-34.3831
2075.683753	76.771	-34.8933
2076.049963	76.760	-35.3855
2076.416174	76.751	-35.7332
2076.782385	76.756	-36.1006
2077.148596	76.756	-36.5386
2077.514807	76.748	-36.9282
2077.881018	76.748	-37.2837
2078.247229	76.750	-37.6833
2078.613440	76.747	-38.0771
2078.979651	76.748	-38.4531
2079.345862	76.750	-38.8774
2079.712073	76.741	-39.2952
2080.078284	76.733	-39.6213
2080.444495	76.740	-39.9397
2080.810706	76.751	-40.3662
2081.176917	76.746	-40.8323
2081.543128	76.734	-41.1912
2081.909339	76.738	-41.5024
2082.275550	76.749	-41.9307
2082.641761	76.742	-42.3987
2083.007972	76.730	-42.7581
2083.374183	76.732	-43.1023
2083.740394	76.732	-43.5046
2084.106605	76.728	-43.8826
2084.472816	76.730	-44.2559
2084.839027	76.730	-44.6733
2085.205238	76.722	-45.0579
2085.571449	76.721	-45.3945
2085.937660	76.728	-45.7725
2086.303871	76.730	-46.2104
2086.670082	76.722	-46.6199
2087.036292	76.719	-46.9673
2087.402503	76.724	-47.3677
2087.768714	76.715	-47.8140
2088.134925	76.698	-48.1108
2088.501136	76.711	-48.3582
2088.867347	76.730	-48.8098
2089.233558	76.720	-49.2834
2089.599769	76.713	-49.5791
2089.965980	76.730	-49.9333
2090.332191	76.735	-50.4382
2090.698402	76.719	-50.8762
2091.064613	76.708	-51.2043
2091.430824	76.707	-51.5173
2091.797035	76.713	-51.8591
2092.163246	76.719	-52.2556
2092.529457	76.717	-52.6484
2092.895668	76.717	-52.9915
2093.261879	76.725	-53.3596
2093.628090	76.730	-53.7693
2093.994301	76.732	-54.1758
2094.360512	76.734	-54.5808
2094.726723	76.736	-54.9709
2095.092934	76.743	-55.3865
2095.459145	76.743	-55.8752
2095.825356	76.727	-56.3035
2096.191567	76.721	-56.6287
2096.557778	76.725	-57.0271
2096.923989	76.714	-57.4492
2097.290200	76.704	-57.7302
2097.656411	76.718	-58.0359
2098.022622	76.730	-58.5024
2098.388832	76.720	-58.9595
2098.755043	76.708	-59.3235
2099.121254	76.702	-59.6450
2099.487465	76.704	-59.9531
2099.853676	76.712	-60.3325
2100.219887	76.708	-60.7356
2100.586098	76.705	-61.0347
2100.952309	76.722	-61.3940
2101.318520	76.725	-61.8977
2101.684731	76.707	-62.2844
2102.050942	76.708	-62.5710
2102.417153	76.717	-62.9885
2102.783364	76.707	-63.4104
2103.149575	76.702	-63.7222
2103.515786	76.709	-64.0837
2103.881997	76.708	-64.4807
2104.248208	76.710	-64.8171
2104.614419	76.725	-65.2212
2104.980630	76.726	-65.7283
2105.346841	76.708	-66.1455
2105.713052	76.703	-66.4304
2106.079263	76.718	-66.7756
2106.445474	76.727	-67.2471
2106.811685	76.722	-67.6975
2107.177896	76.719	-68.1060
2107.544107	76.713	-68.5447
2107.910318	76.696	-68.9038
2108.276529	76.695	-69.1628
2108.642740	76.709	-69.5027
2109.008951	76.717	-69.8982
2109.375161	76.728	-70.2776
2109.741372	76.741	-70.7744
2110.107583	76.726	-71.2815
2110.473794	76.709	-71.5776
2110.840005	76.724	-71.8816
2111.206216	76.733	-72.3752
2111.572427	76.717	-72.8069
2111.938638	76.714	-73.1169
2112.304849	76.722	-73.5210
2112.671060	76.715	-73.9663
2113.037271	76.705	-74.3125
2113.403482	76.706	-74.6492
2113.769693	76.707	-75.0171
2114.135904	76.710	-75.3716
2114.502115	76.718	-75.7815
2114.868326	76.715	-76.2300
2115.234537	76.707	-76.5896
2115.600748	76.714	-76.9331
2115.966959	76.722	-77.3799
2116.333170	76.716	-77.8447
2116.699381	76.703	-78.2422
2117.065592	76.693	-78.5764
2117.431803	76.695	-78.8777
2117.798014	76.705	-79.2397
2118.164225	76.708	-79.6545
2118.530436	76.709	-80.0288
2118.896647	76.716	-80.4512
2119.262858	76.704	-80.9014
2119.629069	76.689	-81.1619
2119.995280	76.712	-81.4180
2120.361491	76.732	-81.9487
2120.727701	76.709	-82.4319
2121.093912	76.697	-82.6458
2121.460123	76.723	-82.9592
2121.826334	76.731	-83.4736
2122.192545	76.717	-83.8774
2122.558756	76.720	-84.1904
2122.924967	76.729	-84.6172
2123.291178	76.721	-85.0564
2123.657389	76.713	-85.3833
2124.023600	76.719	-85.7192
2124.389811	76.724	-86.1379
2124.756022	76.717	-86.5276
2125.122233	76.718	-86.8555
2125.488444	76.728	-87.2258
2125.854655	76.735	-87.6719
2126.220866	76.730	-88.1294
2126.587077	76.719	-88.5364
2126.953288	76.712	-88.8831
2127.319499	76.712	-89.2285
2127.685710	76.713	-89.6035
2128.051921	76.714	-89.9878
2128.418132	76.713	-90.3914
2128.784343	76.706	-90.7788
2129.150554	76.702	-91.1052
2129.516765	76.708	-91.4500
2129.882976	76.712	-91.8357
2130.249187	76.717	-92.2107
2130.615398	76.725	-92.6436
2130.981609	76.719	-93.1038
2131.347820	76.709	-93.4570
2131.714031	76.714	-93.8098
2132.080241	76.714	-94.2356
2132.446452	76.709	-94.6006
2132.812663	76.715	-94.9707
2133.178874	76.715	-95.4270
2133.545085	76.702	-95.8062
2133.911296	76.703	-96.1392
2134.277507	76.703	-96.5632
2134.643718	76.687	-96.9126
2135.009929	76.690	-97.1313
2135.376140	76.716	-97.4678
2135.742351	76.730	-97.9695
2136.108562	76.724	-98.4453
2136.474773	76.715	-98.8252
2136.840984	76.715	-99.1626
2137.207195	76.724	-99.5283
2137.573406	76.733	-99.9751
2137.939617	76.729	-100.4565
2138.305828	76.714	-100.8533
2138.672039	76.710	-101.1689
2139.038250	76.717	-101.5503
2139.404461	76.712	-101.9929
2139.770672	76.698	-102.3201
2140.136883	76.707	-102.5984
2140.503094	76.721	-103.0410
2140.869305	76.709	-103.5034
2141.235516	76.698	-103.7856
2141.601727	76.715	-104.0928
2141.967938	76.726	-104.5630
2142.334149	76.719	-105.0056
2142.700360	76.715	-105.3835
2143.066570	76.712	-105.7910
2143.432781	76.703	-106.1482
2143.798992	76.707	-106.4731
2144.165203	76.713	-106.8867
2144.531414	76.706	-107.2773
2144.897625	76.710	-107.5957
2145.263836	76.724	-108.0322
2145.630047	76.714	-108.5215
2145.996258	76.697	-108.8381
2146.362469	76.706	-109.1099
2146.728680	76.721	-109.5217
2147.094891	76.722	-109.9673
2147.461102	76.720	-110.3550
2147.827313	76.723	-110.7419
2148.193524	76.725	-111.1565
2148.559735	76.721	-111.5664
2148.925946	76.715	-111.9119
2149.292157	76.722	-112.2295
2149.658368	76.734	-112.6523
2150.024579	76.727	-113.1028
2150.390790	76.719	-113.4067
2150.757001	76.736	-113.7185
2151.123212	76.749	-114.2178
2151.489423	76.731	-114.6829
2151.855634	76.720	-114.9539
2152.221845	76.734	-115.2642
2152.588056	76.740	-115.7129
2152.954267	76.732	-116.0923
2153.320478	76.738	-116.4119
2153.686689	76.748	-116.8518
2154.052900	76.739	-117.2969
2154.419110	76.733	-117.6138
2154.785321	76.744	-117.9797
2155.151532	76.745	-118.4438
2155.517743	76.735	-118.8240
2155.883954	76.740	-119.1731
2156.250165	76.745	-119.6257
2156.616376	76.735	-120.0598
2156.982587	76.728	-120.4043
2157.348798	76.730	-120.7739
2157.715009	76.729	-121.1653
2158.081220	76.729	-121.5208
2158.447431	76.735	-121.9155
2158.813642	76.733	-122.3506
2159.179853	76.726	-122.7073
2159.546064	76.733	-123.0437
2159.912275	76.740	-123.5007
2160.278486	76.724	-123.9521
2160.644697	76.707	-124.2117
2161.010908	76.721	-124.4268
2161.377119	76.747	-124.8364
2161.743330	76.750	-125.3489
2162.109541	76.737	-125.7351
2162.475752	76.741	-126.0417
2162.841963	76.755	-126.4587
2163.208174	76.751	-126.9380
2163.574385	76.738	-127.3020
2163.940596	76.741	-127.6011
2164.306807	76.754	-127.9866
2164.673018	76.759	-128.4409
2165.039229	76.756	-128.8889
2165.405439	76.748	-129.3105
2165.771650	76.738	-129.6716
2166.137861	76.739	-129.9888
2166.504072	76.751	-130.3728
2166.870283	76.755	-130.8428
2167.236494	76.744	-131.2639
2167.602705	76.741	-131.5906
2167.968916	76.752	-131.9695
2168.335127	76.753	-132.4539
2168.701338	76.736	-132.8655
2169.067549	76.729	-133.1514
2169.433760	76.738	-133.4829
2169.799971	76.741	-133.8772
2170.166182	76.742	-134.2283
2170.532393	76.751	-134.5994
2170.898604	76.754	-135.0210
2171.264815	76.752	-135.3918
2171.631026	76.759	-135.7725
2171.997237	76.757	-136.2278
2172.363448	76.741	-136.5811
2172.729659	76.745	-136.8191
2173.095870	76.770	-137.1904
2173.462081	76.780	-137.7024
2173.828292	76.774	-138.1694
2174.194503	76.769	-138.6045
2174.560714	76.758	-139.0444
2174.926925	76.742	-139.4058
2175.293136	76.736	-139.6968
2175.659347	76.743	-139.9988
2176.025558	76.759	-140.3760
2176.391769	76.766	-140.8621
2176.757979	76.752	-141.3093
2177.124190	76.745	-141.5959
2177.490401	76.763	-141.9346
2177.856612	76.771	-142.4397
2178.222823	76.756	-142.8743
2178.589034	76.751	-143.1963
2178.955245	76.752	-143.5640
2179.321456	76.749	-143.9043
2179.687667	76.758	-144.2119
2180.053878	76.771	-144.6465
2180.420089	76.762	-145.0757
2180.786300	76.760	-145.3748
2181.152511	76.773	-145.7588
2181.518722	76.767	-146.2087
2181.884933	76.758	-146.5027
2182.251144	76.775	-146.8164
2182.617355	76.784	-147.3008
2182.983566	76.772	-147.7109
2183.349777	76.774	-148.0193
2183.715988	76.785	-148.4304
2184.082199	76.784	-148.8779
2184.448410	76.781	-149.2725
2184.814621	76.781	-149.6929
2185.180832	76.774	-150.0955
2185.547043	76.772	-150.4399
2185.913254	76.779	-150.8230
2186.279465	76.782	-151.2383
2186.645676	76.786	-151.6533
2187.011887	76.786	-152.1250
2187.378098	76.770	-152.5659
2187.744309	76.756	-152.8550
2188.110519	76.766	-153.1299
2188.476730	76.781	-153.5396
2188.842941	76.780	-153.9878
2189.209152	76.774	-154.3655
2189.575363	76.775	-154.7119
2189.941574	76.779	-155.0884
2190.307785	76.777	-155.4854
2190.673996	76.771	-155.8313
2191.040207	76.775	-156.1157
2191.406418	76.794	-156.4790
2191.772629	76.801	-156.9746
2192.138840	76.785	-157.4077
2192.505051	76.776	-157.6777
2192.871262	76.793	-157.9700
2193.237473	76.814	-158.4368
2193.603684	76.811	-158.9878
2193.969895	76.787	-159.4343
2194.336106	76.770	-159.7163
2194.702317	76.776	-159.9797
2195.068528	76.790	-160.3550
2195.434739	76.795	-160.7788
2195.800950	76.798	-161.1846
2196.167161	76.801	-161.5979
2196.533372	76.802	-161.9980
2196.899583	76.808	-162.3865
2197.265794	76.816	-162.8330
2197.632005	76.812	-163.2954
2197.998216	76.804	-163.6768
2198.364427	76.807	-164.0288
2198.730638	76.812	-164.4336
2199.096848	76.810	-164.8403
2199.463059	76.809	-165.1956
2199.829270	76.815	-165.5540
2200.195481	76.821	-165.9456
2200.561692	76.825	-166.3352
2200.927903	76.832	-166.7449
2201.294114	76.831	-167.1980
2201.660325	76.818	-167.6077
2202.026536	76.808	-167.9089
2202.392747	76.814	-168.1865
2202.758958	76.831	-168.5654
2203.125169	76.836	-169.0349
2203.491380	76.826	-169.4629
2203.857591	76.820	-169.8120
2204.223802	76.822	-170.1694
2204.590013	76.823	-170.5432
2204.956224	76.827	-170.9119
2205.322435	76.834	-171.3376
2205.688646	76.830	-171.7834
2206.054857	76.824	-172.1453
2206.421068	76.831	-172.5027
2206.787279	76.838	-172.9583
2207.153490	76.830	-173.4089
2207.519701	76.821	-173.7573
2207.885912	76.826	-174.0962
2208.252123	76.832	-174.4995
2208.618334	76.832	-174.8945
2208.984545	76.835	-175.2786
2209.350756	76.835	-175.7070
2209.716967	76.824	-176.0667
2210.083178	76.827	-176.3315
2210.449388	76.845	-176.7070
2210.815599	76.846	-177.1538
2211.181810	76.842	-177.4819
2211.548021	76.855	-177.8325
2211.914232	76.859	-178.2920
2212.280443	76.849	-178.6636
2212.646654	76.854	-178.9768
2213.012865	76.864	-179.3833
2213.379076	76.863	-179.8057
2213.745287	76.861	179.8049
2214.111498	76.860	179.4036
2214.477709	76.856	179.0110
2214.843920	76.851	178.6372
2215.210131	76.847	178.2969
2215.576342	76.854	177.9749
2215.942553	76.869	177.5571
2216.308764	76.869	177.0708
2216.674975	76.860	176.6587
2217.041186	76.858	176.2949
2217.407397	76.861	175.9153
2217.773608	76.866	175.5288
2218.139819	76.874	175.1023
2218.506030	76.876	174.6423
2218.872241	76.872	174.1965
2219.238452	76.865	173.7639
2219.604663	76.854	173.3828
2219.970874	76.849	173.0713
2220.337085	76.857	172.7356
2220.703296	76.865	172.3337
2221.069507	76.866	171.9143
2221.435717	76.861	171.5283
2221.801928	76.860	171.2080
2222.168139	76.872	170.8787
2222.534350	76.885	170.4512
2222.900561	76.885	170.0049
2223.266772	76.881	169.6182
2223.632983	76.882	169.2468
2223.999194	76.884	168.8723
2224.365405	76.889	168.4907
2224.731616	76.891	168.0918
2225.097827	76.893	167.7051
2225.464038	76.898	167.3018
2225.830249	76.897	166.8682
2226.196460	76.891	166.4939
2226.562671	76.896	166.1345
2226.928882	76.899	165.6936
2227.295093	76.887	165.3040
2227.661304	76.887	165.0210
2228.027515	76.905	164.6582
2228.393726	76.912	164.1841
2228.759937	76.907	163.7439
2229.126148	76.903	163.3608
2229.492359	76.903	162.9775
2229.858570	76.902	162.5718
2230.224781	76.896	162.1934
2230.590992	76.896	161.8818
2230.957203	76.910	161.5117
2231.323414	76.914	161.0344
2231.689625	76.903	160.6409
2232.055836	76.907	160.3147
2232.422047	76.915	159.8799
2232.788257	76.905	159.4722
2233.154468	76.906	159.1816
2233.520679	76.924	158.7883
2233.886890	76.925	158.2952
2234.253101	76.915	157.8921
2234.619312	76.913	157.5435
2234.985523	76.915	157.1914
2235.351734	76.924	156.8289
2235.717945	76.934	156.3789
2236.084156	76.928	155.9197
2236.450367	76.922	155.5603
2236.816578	76.927	155.1716
2237.182789	76.921	154.7288
2237.549000	76.907	154.4006
2237.915211	76.914	154.1277
2238.281422	76.929	153.7378
2238.647633	76.931	153.2964
2239.013844	76.927	152.9199
2239.380055	76.930	152.5684
2239.746266	76.937	152.1917
2240.112477	76.944	151.7969
2240.478688	76.952	151.3569
2240.844899	76.949	150.8838
2241.211110	76.936	150.4902
2241.577321	76.934	150.1753
2241.943532	76.942	149.8000
2242.309743	76.942	149.3828
2242.675954	76.942	149.0139
2243.042165	76.948	148.6145
2243.408376	76.944	148.1799
2243.774586	76.937	147.8259
2244.140797	76.942	147.4839
2244.507008	76.947	147.0806
2244.873219	76.948	146.6921
2245.239430	76.952	146.2893
2245.605641	76.949	145.8586
2245.971852	76.943	145.5032
2246.338063	76.949	145.1445
2246.704274	76.950	144.7166
2247.070485	76.944	144.3564
2247.436696	76.954	144.0046
2247.802907	76.959	143.5420
2248.169118	76.947	143.1448
2248.535329	76.951	142.8335
2248.901540	76.962	142.4094
2249.267751	76.956	141.9783
2249.633962	76.957	141.6541
2250.000173	76.974	141.2378
2250.366384	76.972	140.7290
2250.732595	76.957	140.3442
2251.098806	76.958	140.0334
2251.465017	76.969	139.6631
2251.831228	76.980	139.2500
2252.197439	76.990	138.7693
2252.563650	76.981	138.2520
2252.929861	76.959	137.8796
2253.296072	76.959	137.6226
2253.662283	76.976	137.2573
2254.028494	76.982	136.7837
2254.394705	76.975	136.3499
2254.760916	76.968	135.9783
2255.127126	76.964	135.6458
2255.493337	76.968	135.3311
2255.859548	76.980	134.9763
2256.225759	76.991	134.5720
2256.591970	76.999	134.1277
2256.958181	76.998	133.6519
2257.324392	76.984	133.2473
2257.690603	76.980	132.9351
2258.056814	76.986	132.5696
2258.423025	76.982	132.1729
2258.789236	76.979	131.8870
2259.155447	76.999	131.5837
2259.521658	77.020	131.1001
2259.887869	77.015	130.5906
2260.254080	77.005	130.1980
2260.620291	77.004	129.8320
2260.986502	77.004	129.4536
2261.352713	77.006	129.0964
2261.718924	77.014	128.7036
2262.085135	77.015	128.2686
2262.451346	77.010	127.8843
2262.817557	77.013	127.5378
2263.183768	77.022	127.1404
2263.549979	77.024	126.7036
2263.916190	77.022	126.2874
2264.282401	77.019	125.9009
2264.648612	77.019	125.5195
2265.014823	77.019	125.1309
2265.381034	77.019	124.7593
2265.747245	77.024	124.4006
2266.113456	77.033	123.9868
2266.479666	77.033	123.5259
2266.845877	77.023	123.1379
2267.212088	77.026	122.8250
2267.578299	77.042	122.4109
2267.944510	77.039	121.8760
2268.310721	77.012	121.4907
2268.676932	77.008	121.3240
2269.043143	77.044	121.0107
2269.409354	77.061	120.4136
2269.775565	77.037	119.9231
2270.141776	77.029	119.6682
2270.507987	77.049	119.3032
2270.874198	77.049	118.7908
2271.240409	77.031	118.4299
2271.606620	77.036	118.1753
2271.972831	77.056	117.7783
2272.339042	77.058	117.3088
2272.705253	77.052	116.9421
2273.071464	77.061	116.6084
2273.437675	77.074	116.2012
2273.803886	77.080	115.7700
2274.170097	77.087	115.3486
2274.536308	77.093	114.8816
2274.902519	77.088	114.3855
2275.268730	77.072	113.9692
2275.634941	77.062	113.6521
2276.001152	77.066	113.3284
2276.367363	77.071	112.9575
2276.733574	77.076	112.5769
2277.099785	77.082	112.1543
2277.465995	77.076	111.7131
2277.832206	77.066	111.3789
2278.198417	77.075	111.0681
2278.564628	77.084	110.6294
2278.930839	77.075	110.2134
2279.297050	77.075	109.9031
2279.663261	77.086	109.5203
2280.029472	77.086	109.0977
2280.395683	77.089	108.7415
2280.761894	77.101	108.3035
2281.128105	77.093	107.8091
2281.494316	77.076	107.4675
2281.860527	77.080	107.1929
2282.226738	77.095	106.8125
2282.592949	77.101	106.3621
2282.959160	77.096	105.9434
2283.325371	77.094	105.6133
2283.691582	77.110	105.2625
2284.057793	77.123	104.7646
2284.424004	77.113	104.2878
2284.790215	77.107	103.9329
2285.156426	77.111	103.5344
2285.522637	77.106	103.1394
2285.888848	77.110	102.8259
2286.255059	77.128	102.3960
2286.621270	77.125	101.8770
2286.987481	77.109	101.4775
2287.353692	77.103	101.1367
2287.719903	77.099	100.8096
2288.086114	77.107	100.5083
2288.452325	77.124	100.0947
2288.818535	77.122	99.6318
2289.184746	77.118	99.2766
2289.550957	77.129	98.8853
2289.917168	77.128	98.4126
2290.283379	77.118	98.0227
2290.649590	77.117	97.6804
2291.015801	77.122	97.3003
2291.382012	77.127	96.8923
2291.748223	77.126	96.4551
2292.114434	77.117	96.0774
2292.480645	77.122	95.7666
2292.846856	77.136	95.3486
2293.213067	77.133	94.8845
2293.579278	77.128	94.5381
2293.945489	77.140	94.1753
2294.311700	77.147	93.7183
2294.677911	77.143	93.3047
2295.044122	77.144	92.9292
2295.410333	77.147	92.5398
2295.776544	77.151	92.1768
2296.142755	77.164	91.7749
2296.508966	77.168	91.2998
2296.875177	77.159	90.8889
2297.241388	77.160	90.5488
2297.607599	77.169	90.1418
2297.973810	77.166	89.7036
2298.340021	77.159	89.3486
2298.706232	77.164	89.0112
2299.072443	77.170	88.6101
2299.438654	77.168	88.2195
2299.804864	77.170	87.8777
2300.171075	77.181	87.4929
2300.537286	77.187	87.0293
2300.903497	77.180	86.5757
2301.269708	77.169	86.2083
2301.635919	77.169	85.8845
2302.002130	77.176	85.5068
2302.368341	77.177	85.0933
2302.734552	77.177	84.7283
2303.100763	77.189	84.3386
2303.466974	77.194	83.8337
2303.833185	77.176	83.3750
2304.199396	77.163	83.0959
2304.565607	77.178	82.8022
2304.931818	77.193	82.3428
2305.298029	77.187	81.8921
2305.664240	77.185	81.5547
2306.030451	77.199	81.1643
2306.396662	77.202	80.6775
2306.762873	77.191	80.2695
2307.129084	77.190	79.9651
2307.495295	77.205	79.6067
2307.861506	77.217	79.1404
2308.227717	77.213	78.6570
2308.593928	77.199	78.2644
2308.960139	77.196	77.9622
2309.326350	77.208	77.6021
2309.692561	77.209	77.1562
2310.058772	77.199	76.8103
2310.424983	77.210	76.5286
2310.791194	77.230	76.0750
2311.157404	77.222	75.5742
2311.523615	77.209	75.2705
2311.889826	77.228	74.9658
2312.256037	77.246	74.4512
2312.622248	77.235	73.9272
2312.988459	77.219	73.5476
2313.354670	77.214	73.2212
2313.720881	77.217	72.8970
2314.087092	77.232	72.5271
2314.453303	77.244	72.0376
2314.819514	77.234	71.5391
2315.185725	77.219	71.1821
2315.551936	77.224	70.8772
2315.918147	77.237	70.4724
2316.284358	77.240	70.0073
2316.650569	77.233	69.5952
2317.016780	77.231	69.2485
2317.382991	77.239	68.8984
2317.749202	77.252	68.4675
2318.115413	77.251	67.9856
2318.481624	77.239	67.5952
2318.847835	77.239	67.3115
2319.214046	77.258	66.9622
2319.580257	77.272	66.4817
2319.946468	77.269	65.9912
2320.312679	77.259	65.5791
2320.678890	77.255	65.2183
2321.045101	77.256	64.8481
2321.411312	77.256	64.4573
2321.777523	77.253	64.0889
2322.143734	77.256	63.7439
2322.509944	77.263	63.3696
2322.876155	77.268	62.9595
2323.242366	77.270	62.5452
2323.608577	77.269	62.1345
2323.974788	77.265	61.7339
2324.340999	77.261	61.3848
2324.707210	77.268	61.0747
2325.073421	77.288	60.6604
2325.439632	77.291	60.1082
2325.805843	77.266	59.6738
2326.172054	77.258	59.4482
2326.538265	77.282	59.1301
2326.904476	77.295	58.6072
2327.270687	77.280	58.1445
2327.636898	77.272	57.8225
2328.003109	77.278	57.4790
2328.369320	77.283	57.0967
2328.735531	77.290	56.7161
2329.101742	77.298	56.2781
2329.467953	77.292	55.8286
2329.834164	77.284	55.4768
2330.200375	77.290	55.1396
2330.566586	77.297	54.7278
2330.932797	77.295	54.3372
2331.299008	77.300	53.9849
2331.665219	77.310	53.5764
2332.031430	77.313	53.1523
2332.397641	77.319	52.7478
2332.763852	77.326	52.2881
2333.130063	77.320	51.8191
2333.496273	77.311	51.4336
2333.862484	77.311	51.0762
2334.228695	77.316	50.6868
2334.594906	77.320	50.2678
2334.961117	77.320	49.8262
2335.327328	77.313	49.4192
2335.693539	77.310	49.0718
2336.059750	77.317	48.7131
2336.425961	77.325	48.2996
2336.792172	77.327	47.8572
2337.158383	77.321	47.4534
2337.524594	77.322	47.1216
2337.890805	77.338	46.7388
2338.257016	77.345	46.2229
2338.623227	77.327	45.7607
2338.989438	77.316	45.4692
2339.355649	77.327	45.1653
2339.721860	77.341	44.7427
2340.088071	77.344	44.3015
2340.454282	77.344	43.8694
2340.820493	77.338	43.4436
2341.186704	77.331	43.1042
2341.552915	77.340	42.7937
2341.919126	77.357	42.3613
2342.285337	77.358	41.8740
2342.651548	77.350	41.4707
2343.017759	77.350	41.1172
2343.383970	77.357	40.7585
2343.750181	77.373	40.3464
2344.116392	77.382	39.8113
2344.482603	77.363	39.3098
2344.848813	77.347	39.0063
2345.215024	77.359	38.6782
2345.581235	77.361	38.2063
2345.947446	77.346	37.8525
2346.313657	77.355	37.5920
2346.679868	77.376	37.1631
2347.046079	77.374	36.6858
2347.412290	77.372	36.3235
2347.778501	77.383	35.9258
2348.144712	77.385	35.4529
2348.510923	77.377	35.0244
2348.877134	77.370	34.6636
2349.243345	77.372	34.3474
2349.609556	77.389	33.9753
2349.975767	77.398	33.4771
2350.341978	77.388	33.0205
2350.708189	77.385	32.6682
2351.074400	77.392	32.2527
2351.440611	77.384	31.8257
2351.806822	77.381	31.5132
2352.173033	77.397	31.1572
2352.539244	77.406	30.6829
2352.905455	77.401	30.2517
2353.271666	77.401	29.8687
2353.637877	77.402	29.4568
2354.004088	77.398	29.0945
2354.370299	77.408	28.7676
2354.736510	77.425	28.3352
2355.102721	77.429	27.8438
2355.468932	77.426	27.4023
2355.835142	77.423	26.9517
2356.201353	77.408	26.5217
2356.567564	77.395	26.2380
2356.933775	77.408	25.9629
2357.299986	77.425	25.5205
2357.666197	77.422	25.0593
2358.032408	77.418	24.7021
2358.398619	77.427	24.3257
2358.764830	77.431	23.8950
2359.131041	77.432	23.4839
2359.497252	77.436	23.0664
2359.863463	77.434	22.6267
2360.229674	77.428	22.2339
2360.595885	77.429	21.8860
2360.962096	77.437	21.4932
2361.328307	77.439	21.0588
2361.694518	77.438	20.6782
2362.060729	77.448	20.3000
2362.426940	77.455	19.8083
2362.793151	77.440	19.3440
2363.159362	77.428	19.0549
2363.525573	77.441	18.7668
2363.891784	77.458	18.3442
2364.257995	77.463	17.8860
2364.624206	77.462	17.4480
2364.990417	77.458	17.0479
2365.356628	77.462	16.6816
2365.722839	77.471	16.2300
2366.089050	77.460	15.7524
2366.455261	77.445	15.4421
2366.821472	77.456	15.1587
2367.187682	77.471	14.7175
2367.553893	77.468	14.2832
2367.920104	77.473	13.9155
2368.286315	77.482	13.4529
2368.652526	77.471	12.9883
2369.018737	77.463	12.6719
2369.384948	77.479	12.3232
2369.751159	77.487	11.8237
2370.117370	77.474	11.3767
2370.483581	77.468	11.0654
2370.849792	77.480	10.7180
2371.216003	77.490	10.2793
2371.582214	77.492	9.8357
2371.948425	77.492	9.3943
2372.314636	77.485	8.9639
2372.680847	77.476	8.6042
2373.047058	77.477	8.2920
2373.413269	77.489	7.9480
2373.779480	77.505	7.5188
2374.145691	77.508	7.0154
2374.511902	77.494	6.5813
2374.878113	77.489	6.2764
2375.244324	77.502	5.9148
2375.610535	77.506	5.4507
2375.976746	77.497	5.0786
2376.342957	77.506	4.7585
2376.709168	77.519	4.3137
2377.075379	77.514	3.8652
2377.441590	77.513	3.5312
2377.807801	77.529	3.1389
2378.174011	77.534	2.6438
2378.540222	77.525	2.2224
2378.906433	77.525	1.8633
2379.272644	77.530	1.4570
2379.638855	77.530	1.0603
2380.005066	77.536	0.6716
2380.371277	77.539	0.2124
2380.737488	77.527	-0.1936
2381.103699	77.527	-0.4673
2381.469910	77.551	-0.8411
2381.836121	77.559	-1.4036
2382.202332	77.536	-1.8672
2382.568543	77.525	-2.1223
2382.934754	77.544	-2.4438
2383.300965	77.554	-2.9382
2383.667176	77.542	-3.3652
2384.033387	77.542	-3.6797
2384.399598	77.554	-4.0906
2384.765809	77.551	-4.5452
2385.132020	77.548	-4.8843
2385.498231	77.563	-5.2688
2385.864442	77.568	-5.7734
2386.230653	77.558	-6.1909
2386.596864	77.563	-6.5603
2386.963075	77.567	-7.0383
2387.329286	77.554	-7.4751
2387.695497	77.549	-7.7959
2388.061708	77.557	-8.1667
2388.427919	77.557	-8.5750
2388.794130	77.558	-8.9204
2389.160341	77.571	-9.2856
2389.526551	77.582	-9.7195
2389.892762	77.587	-10.1484
2390.258973	77.594	-10.5708
2390.625184	77.599	-11.0371
2390.991395	77.592	-11.5122
2391.357606	77.577	-11.8943
2391.723817	77.574	-12.1733
2392.090028	77.592	-12.4983
2392.456239	77.609	-12.9719
2392.822450	77.604	-13.4810
2393.188661	77.590	-13.8799
2393.554872	77.588	-14.2188
2393.921083	77.591	-14.6145
2394.287294	77.584	-15.0071
2394.653505	77.583	-15.3103
2395.019716	77.602	-15.6743
2395.385927	77.609	-16.1970
2395.752138	77.590	-16.6350
2396.118349	77.586	-16.8782
2396.484560	77.615	-17.2239
2396.850771	77.632	-17.7993
2397.216982	77.618	-18.3396
2397.583193	77.603	-18.7322
2397.949404	77.599	-19.1189
2398.315615	77.592	-19.4949
2398.681826	77.593	-19.7959
2399.048037	77.612	-20.1682
2399.414248	77.621	-20.6760
2399.780459	77.611	-21.1194
2400.146670	77.611	-21.4653
2400.512881	77.621	-21.8999
2400.879091	77.613	-22.3572
2401.245302	77.606	-22.6785
2401.611513	77.621	-23.0256
2401.977724	77.630	-23.5183
2402.343935	77.616	-23.9531
2402.710146	77.612	-24.2607
2403.076357	77.623	-24.6111
2403.442568	77.632	-25.0254
2403.808779	77.639	-25.4441
2404.174990	77.644	-25.9141
2404.541201	77.635	-26.3850
2404.907412	77.624	-26.7451
2405.273623	77.628	-27.0835
2405.639834	77.634	-27.5110
2406.006045	77.629	-27.9360
2406.372256	77.625	-28.2815
2406.738467	77.633	-28.6284
2407.104678	77.646	-29.0542
2407.470889	77.648	-29.5251
2407.837100	77.643	-29.9521
2408.203311	77.641	-30.3218
2408.569522	77.646	-30.7080
2408.935733	77.651	-31.1152
2409.301944	77.656	-31.5210
2409.668155	77.661	-31.9756
2410.034366	77.652	-32.4097
2410.400577	77.648	-32.7090
2410.766788	77.669	-33.0527
2411.132999	77.683	-33.5959
2411.499210	77.665	-34.0879
2411.865420	77.653	-34.3799
2412.231631	77.666	-34.7085
2412.597842	77.674	-35.1553
2412.964053	77.672	-35.5632
2413.330264	77.678	-35.9604
2413.696475	77.678	-36.4204
2414.062686	77.667	-36.8247
2414.428897	77.666	-37.1589
2414.795108	77.673	-37.5657
2415.161319	77.667	-38.0063
2415.527530	77.658	-38.3496
2415.893741	77.665	-38.6787
2416.259952	77.673	-39.1060
2416.626163	77.666	-39.5120
2416.992374	77.669	-39.8110
2417.358585	77.693	-40.1970
2417.724796	77.704	-40.7776
2418.091007	77.680	-41.2778
2418.457218	77.666	-41.5330
2418.823429	77.688	-41.8384
2419.189640	77.704	-42.3704
2419.555851	77.690	-42.8521
2419.922062	77.685	-43.1748
2420.288273	77.699	-43.5903
2420.654484	77.694	-44.1030
2421.020695	77.674	-44.4551
2421.386906	77.679	-44.6997
2421.753117	77.702	-45.0984
2422.119328	77.706	-45.5969
2422.485539	77.700	-45.9788
2422.851750	77.713	-46.3425
2423.217960	77.724	-46.8625
2423.584171	77.707	-47.3628
2423.950382	77.692	-47.6809
2424.316593	77.700	-47.9993
2424.682804	77.706	-48.4045
2425.049015	77.709	-48.7739
2425.415226	77.725	-49.1777
2425.781437	77.731	-49.7012
2426.147648	77.717	-50.1736
2426.513859	77.707	-50.5332
2426.880070	77.706	-50.8972
2427.246281	77.703	-51.2585
2427.612492	77.707	-51.5923
2427.978703	77.719	-51.9629
2428.344914	77.732	-52.3818
2428.711125	77.742	-52.8672
2429.077336	77.735	-53.3882
2429.443547	77.715	-53.7734
2429.809758	77.716	-54.0378
2430.175969	77.737	-54.4170
2430.542180	77.746	-54.9387
2430.908391	77.734	-55.4224
2431.274602	77.719	-55.7798
2431.640813	77.722	-56.0701
2432.007024	77.742	-56.4565
2432.373235	77.750	-56.9998
2432.739446	77.730	-57.4829
2433.105657	77.715	-57.7749
2433.471868	77.728	-58.0728
2433.838079	77.744	-58.5134
2434.204289	77.746	-58.9919
2434.570500	77.743	-59.4370
2434.936711	77.739	-59.8660
2435.302922	77.733	-60.2507
2435.669133	77.737	-60.6113
2436.035344	77.747	-61.0549
2436.401555	77.740	-61.5400
2436.767766	77.726	-61.8867
2437.133977	77.737	-62.1628
2437.500188	77.763	-62.6289
2437.866399	77.759	-63.2109
2438.232610	77.736	-63.6108
2438.598821	77.737	-63.8965
2438.965032	77.749	-64.3015
2439.331243	77.746	-64.7324
2439.697454	77.747	-65.0688
2440.063665	77.762	-65.4629
2440.429876	77.767	-65.9517
2440.796087	77.760	-66.3782
2441.162298	77.760	-66.7600
2441.528509	77.760	-67.1719
2441.894720	77.757	-67.5430
2442.260931	77.763	-67.8931
2442.627142	77.771	-68.3120
2442.993353	77.772	-68.7317
2443.359564	77.776	-69.1165
2443.725775	77.784	-69.5542
2444.091986	77.783	-70.0256
2444.458197	77.774	-70.4453
2444.824408	77.769	-70.8228
2445.190619	77.769	-71.1941
2445.556829	77.771	-71.5771
2445.923040	77.774	-71.9783
2446.289251	77.776	-72.3909
2446.655462	77.776	-72.8113
2447.021673	77.773	-73.2109
2447.387884	77.774	-73.5864
2447.754095	77.780	-74.0095
2448.120306	77.777	-74.4678
2448.486517	77.766	-74.8496
2448.852728	77.768	-75.1750
2449.218939	77.779	-75.5674
2449.585150	77.783	-76.0225
2449.951361	77.778	-76.4253
2450.317572	77.783	-76.7751
2450.683783	77.799	-77.2122
2451.049994	77.801	-77.7451
2451.416205	77.787	-78.2166
2451.782416	77.775	-78.5994
2452.148627	77.768	-78.9512
2452.514838	77.769	-79.2576
2452.881049	77.787	-79.6287
2453.247260	77.793	-80.1501
2453.613471	77.775	-80.5818
2453.979682	77.774	-80.8418
2454.345893	77.800	-81.2512
2454.712104	77.799	-81.8337
2455.078315	77.772	-82.2341
2455.444526	77.772	-82.4795
2455.810737	77.791	-82.8721
2456.176948	77.793	-83.3633
2456.543159	77.786	-83.7727
2456.909369	77.786	-84.1560
2457.275580	77.787	-84.5520
2457.641791	77.792	-84.9456
2458.008002	77.796	-85.4053
2458.374213	77.786	-85.8523
2458.740424	77.781	-86.1821
2459.106635	77.792	-86.5625
2459.472846	77.792	-87.0269
2459.839057	77.787	-87.3838
2460.205268	77.803	-87.7517
2460.571479	77.812	-88.2781
2460.937690	77.797	-88.7336
2461.303901	77.794	-89.0576
2461.670112	77.806	-89.4622
2462.036323	77.805	-89.9141
2462.402534	77.802	-90.2864
2462.768745	77.812	-90.6575
2463.134956	77.824	-91.1143
2463.501167	77.823	-91.6257
2463.867378	77.806	-92.0659
2464.233589	77.795	-92.3503
2464.599800	77.810	-92.6414
2464.966011	77.829	-93.1008
2465.332222	77.826	-93.5811
2465.698433	77.822	-93.9592
2466.064644	77.831	-94.3618
2466.430855	77.833	-94.8357
2466.797066	77.824	-95.2751
2467.163277	77.815	-95.6541
2467.529488	77.812	-96.0002
2467.895698	77.819	-96.3511
2468.261909	77.829	-96.7908
2468.628120	77.824	-97.2698
2468.994331	77.812	-97.6326
2469.360542	77.818	-97.9629
2469.726753	77.828	-98.4243
2470.092964	77.817	-98.8835
2470.459175	77.808	-99.2068
2470.825386	77.818	-99.5391
2471.191597	77.829	-99.9702
2471.557808	77.831	-100.4148
2471.924019	77.831	-100.8340
2472.290230	77.833	-101.2466
2472.656441	77.836	-101.6689
2473.022652	77.838	-102.1147
2473.388863	77.834	-102.5559
2473.755074	77.827	-102.9548
2474.121285	77.827	-103.3193
2474.487496	77.833	-103.7063
2474.853707	77.837	-104.1536
2475.219918	77.830	-104.5735
2475.586129	77.829	-104.9214
2475.952340	77.838	-105.3284
2476.318551	77.834	-105.7786
2476.684762	77.828	-106.1289
2477.050973	77.838	-106.4836
2477.417184	77.845	-106.9290
2477.783395	77.845	-107.3501
2478.149606	77.851	-107.7966
2478.515817	77.841	-108.2878
2478.882028	77.824	-108.6365
2479.248238	77.830	-108.9446
2479.614449	77.838	-109.3948
2479.980660	77.828	-109.8066
2480.346871	77.831	-110.1536
2480.713082	77.836	-110.6128
2481.079293	77.820	-111.0232
2481.445504	77.820	-111.2974
2481.811715	77.839	-111.6919
2482.177926	77.841	-112.1941
2482.544137	77.832	-112.6040
2482.910348	77.832	-112.9841
2483.276559	77.831	-113.3755
2483.642770	77.835	-113.7188
2484.008981	77.852	-114.1189
2484.375192	77.862	-114.6411
2484.741403	77.853	-115.1562
2485.107614	77.839	-115.5664
2485.473825	77.834	-115.9065
2485.840036	77.839	-116.2734
2486.206247	77.843	-116.6887
2486.572458	77.844	-117.0723
2486.938669	77.854	-117.4597
2487.304880	77.861	-117.9280
2487.671091	77.856	-118.3596
2488.037302	77.862	-118.7312
2488.403513	77.874	-119.2212
2488.769724	77.861	-119.7412
2489.135935	77.843	-120.0662
2489.502146	77.857	-120.3679
2489.868357	77.872	-120.8745
2490.234567	77.857	-121.3972
2490.600778	77.835	-121.7324
2490.966989	77.834	-121.9917
2491.333200	77.848	-122.3113
2491.699411	77.866	-122.7158
2492.065622	77.878	-123.2117
2492.431833	77.871	-123.7192
2492.798044	77.857	-124.1135
2493.164255	77.857	-124.4341
2493.530466	77.869	-124.8325
2493.896677	77.871	-125.3196
2494.262888	77.859	-125.7444
2494.629099	77.857	-126.0725
2494.995310	77.869	-126.4805
2495.361521	77.864	-126.9880
2495.727732	77.843	-127.3535
2496.093943	77.846	-127.5916
2496.460154	77.870	-127.9753
2496.826365	77.877	-128.4714
2497.192576	77.876	-128.9146
2497.558787	77.876	-129.3716
2497.924998	77.863	-129.7996
2498.291209	77.860	-130.1101
2498.657420	77.876	-130.5042
2499.023631	77.876	-131.0225
2499.389842	77.860	-131.4326
2499.756053	77.857	-131.7644
2500.122264	77.859	-132.1299
2500.488475	77.864	-132.4785
2500.854686	77.878	-132.8911
2501.220897	77.879	-133.3813
2501.587107	77.871	-133.7698
2501.953318	77.880	-134.1404
2502.319529	77.887	-134.6431
2502.685740	77.873	-135.1143
2503.051951	77.861	-135.4646
2503.418162	77.862	-135.7981
2503.784373	77.871	-136.1621
2504.150584	77.882	-136.6140
2504.516795	77.878	-137.1086
2504.883006	77.868	-137.4841
2505.249217	77.878	-137.8511
2505.615428	77.884	-138.3652
2505.981639	77.866	-138.8230
2506.347850	77.859	-139.1233
2506.714061	77.874	-139.4937
2507.080272	77.880	-139.9937
2507.446483	77.868	-140.4478
2507.812694	77.860	-140.7803
2508.178905	77.873	-141.1038
2508.545116	77.892	-141.5813
2508.911327	77.886	-142.1360
2509.277538	77.867	-142.5254
2509.643749	77.869	-142.8257
2510.009960	77.881	-143.2527
2510.376171	77.876	-143.6860
2510.742382	77.877	-144.0271
2511.108593	77.890	-144.4409
2511.474804	77.890	-144.9097
2511.841015	77.887	-145.3132
2512.207226	77.888	-145.7366
2512.573436	77.878	-146.1497
2512.939647	77.875	-146.4290
2513.305858	77.901	-146.7739
2513.672069	77.918	-147.3623
2514.038280	77.893	-147.9128
2514.404491	77.870	-148.1895
2514.770702	77.886	-148.4438
2515.136913	77.908	-148.9443
2515.503124	77.897	-149.5110
2515.869335	77.873	-149.8853
2516.235546	77.871	-150.1724
2516.601757	77.879	-150.5356
2516.967968	77.885	-150.9268
2517.334179	77.895	-151.3359
2517.700390	77.900	-151.7986
2518.066601	77.897	-152.2222
2518.432812	77.904	-152.6143
2518.799023	77.914	-153.1052
2519.165234	77.902	-153.6108
2519.531445	77.886	-153.9622
2519.897656	77.893	-154.2551
2520.263867	77.911	-154.6741
2520.630078	77.914	-155.1772
2520.996289	77.904	-155.6084
2521.362500	77.901	-155.9644
2521.728711	77.906	-156.3430
2522.094922	77.909	-156.7598
2522.461133	77.907	-157.1748
2522.827344	77.902	-157.5486
2523.193555	77.906	-157.8691
2523.559766	77.926	-158.2815
2523.925976	77.929	-158.8564
2524.292187	77.900	-159.3201
2524.658398	77.886	-159.5566
2525.024609	77.904	-159.8870
2525.390820	77.908	-160.3865
2525.757031	77.894	-160.7893
2526.123242	77.896	-161.1294
2526.489453	77.899	-161.5466
2526.855664	77.897	-161.9326
2527.221875	77.909	-162.3250
2527.588086	77.915	-162.8408
2527.954297	77.901	-163.2993
2528.320508	77.901	-163.6538
2528.686719	77.912	-164.1321
2529.052930	77.898	-164.6548
2529.419141	77.880	-164.9827
2529.785352	77.892	-165.2654
2530.151563	77.914	-165.7410
2530.517774	77.911	-166.2981
2530.883985	77.893	-166.7097
2531.250196	77.895	-167.0186
2531.616407	77.912	-167.4446
2531.982618	77.910	-167.9697
2532.348829	77.893	-168.3640
2532.715040	77.893	-168.6628
2533.081251	77.904	-169.0537
2533.447462	77.904	-169.4622
2533.813673	77.910	-169.8184
2534.179884	77.923	-170.2605
2534.546095	77.919	-170.7561
2534.912306	77.906	-171.1465
2535.278516	77.906	-171.4944
2535.644727	77.908	-171.8904
2536.010938	77.906	-172.2849
2536.377149	77.905	-172.6680
2536.743360	77.906	-173.0542
2537.109571	77.912	-173.4453
2537.475782	77.922	-173.9172
2537.841993	77.914	-174.4595
2538.208204	77.888	-174.9001
2538.574415	77.871	-175.1897
2538.940626	77.877	-175.4727
2539.306837	77.893	-175.8682
2539.673048	77.900	-176.3669
2540.039259	77.892	-176.8584
2540.405470	77.879	-177.2583
2540.771681	77.876	-177.6138
2541.137892	77.881	-178.0020
2541.504103	77.884	-178.4268
2541.870314	77.884	-178.8545
2542.236525	77.884	-179.2505
2542.602736	77.891	-179.6516
2542.968947	77.897	179.8721
2543.335158	77.889	179.4028
2543.701369	77.883	179.0354
2544.067580	77.891	178.6506
2544.433791	77.896	178.1643
2544.800002	77.884	177.7034
2545.166213	77.871	177.3477
2545.532424	77.871	177.0298
2545.898635	77.881	176.6704
2546.264845	77.889	176.2434
2546.631056	77.888	175.8132
2546.997267	77.889	175.4343
2547.363478	77.898	175.0188
2547.729689	77.898	174.5391
2548.095900	77.888	174.1228
2548.462111	77.886	173.7595
2548.828322	77.888	173.3455
2549.194533	77.881	172.9617
2549.560744	77.886	172.6399
2549.926955	77.902	172.2139
2550.293166	77.902	171.7192
2550.659377	77.897	171.3242
2551.025588	77.906	170.9038
2551.391799	77.902	170.3755
2551.758010	77.879	169.9741
2552.124221	77.877	169.7051
2552.490432	77.893	169.3042
2552.856643	77.891	168.8167
2553.222854	77.881	168.4316
2553.589065	77.885	168.0693
2553.955276	77.888	167.6355
2554.321487	77.883	167.2092
2554.687698	77.877	166.8384
2555.053909	77.879	166.4832
2555.420120	77.886	166.0994
2555.786331	77.892	165.6843
2556.152542	77.898	165.2471
2556.518753	77.899	164.7825
2556.884964	77.892	164.3420
2557.251175	77.890	163.9624
2557.617385	77.897	163.5371
2557.983596	77.892	163.0457
2558.349807	77.877	162.6450
2558.716018	77.876	162.3176
2559.082229	77.883	161.9033
2559.448440	77.879	161.4543
2559.814651	77.872	161.0947
2560.180862	77.882	160.7354
2560.547073	77.893	160.2588
2560.913284	77.886	159.7456
2561.279495	77.871	159.3232
2561.645706	77.862	158.9768
2562.011917	77.864	158.6357
2562.378128	77.873	158.2419
2562.744339	77.876	157.7703
2563.110550	77.865	157.3491
2563.476761	77.866	157.0508
2563.842972	77.892	156.6333
2564.209183	77.897	156.0210
2564.575394	77.871	155.5454
2564.941605	77.864	155.2422
2565.307816	77.874	154.8201
2565.674027	77.865	154.3530
2566.040238	77.857	154.0256
2566.406449	77.870	153.6560
2566.772660	77.873	153.1685
2567.138871	77.864	152.7622
2567.505082	77.868	152.4092
2567.871293	77.876	151.9670
2568.237504	77.872	151.5210
2568.603714	77.870	151.1196
2568.969925	77.868	150.6980
2569.336136	77.862	150.3123
2569.702347	77.866	149.9458
2570.068558	77.867	149.5022
2570.434769	77.855	149.1189
2570.800980	77.860	148.8311
2571.167191	77.878	148.3979
2571.533402	77.872	147.8989
2571.899613	77.863	147.5610
2572.265824	77.879	147.1716
2572.632035	77.877	146.6235
2572.998246	77.851	146.2283
2573.364457	77.851	145.9800
2573.730668	77.870	145.5742
2574.096879	77.868	145.0703
2574.463090	77.856	144.6877
2574.829301	77.863	144.3406
2575.195512	77.874	143.8684
2575.561723	77.865	143.3621
2575.927934	77.849	142.9709
2576.294145	77.845	142.6370
2576.660356	77.849	142.2620
2577.026567	77.851	141.8816
2577.392778	77.861	141.4875
2577.758989	77.869	141.0117
2578.125200	77.862	140.5298
2578.491411	77.852	140.1387
2578.857622	77.852	139.7683
2579.223833	77.854	139.3484
2579.590044	77.851	138.9368
2579.956254	77.851	138.5542
2580.322465	77.854	138.1265
2580.688676	77.846	137.6809
2581.054887	77.835	137.3418
2581.421098	77.844	137.0444
2581.787309	77.864	136.5942
2582.153520	77.861	136.0454
2582.519731	77.841	135.6282
2582.885942	77.839	135.3174
2583.252153	77.851	134.8977
2583.618364	77.848	134.3809
2583.984575	77.830	133.9587
2584.350786	77.824	133.6284
2584.716997	77.830	133.2490
2585.083208	77.834	132.8027
2585.449419	77.831	132.3379
2585.815630	77.819	131.8994
2586.181841	77.807	131.5503
2586.548052	77.811	131.2358
2586.914263	77.825	130.8225
2587.280474	77.828	130.3379
2587.646685	77.820	129.9104
2588.012896	77.819	129.5510
2588.379107	77.830	129.1572
2588.745318	77.837	128.6689
2589.111529	77.828	128.2039
2589.477740	77.824	127.8567
2589.843951	77.838	127.4553
2590.210162	77.838	126.9258
2590.576373	77.818	126.5142
2590.942584	77.818	126.2444
2591.308794	77.839	125.8413
2591.675005	77.841	125.3147
2592.041216	77.826	124.8870
2592.407427	77.822	124.5364
2592.773638	77.824	124.1494
2593.139849	77.824	123.7502
2593.506060	77.824	123.3621
2593.872271	77.826	122.9609
2594.238482	77.826	122.5576
2594.604693	77.829	122.1516
2594.970904	77.830	121.7166
2595.337115	77.826	121.2805
2595.703326	77.820	120.8823
2596.069537	77.818	120.5095
2596.435748	77.822	120.1404
2596.801959	77.832	119.7178
2597.168170	77.834	119.2024
2597.534381	77.816	118.7515
2597.900592	77.808	118.4688
2598.266803	77.828	118.1040
2598.633014	77.833	117.5632
2598.999225	77.815	117.1589
2599.365436	77.825	116.8721
2599.731647	77.850	116.3542
2600.097858	77.835	115.7458
2600.464069	77.806	115.3752
2600.830280	77.802	115.0852
2601.196491	77.804	114.7100
2601.562702	77.803	114.3628
2601.928913	77.813	114.0024
2602.295123	77.818	113.5522
2602.661334	77.812	113.1533
2603.027545	77.817	112.8047
2603.393756	77.830	112.3484
2603.759967	77.826	111.8359
2604.126178	77.811	111.3972
2604.492389	77.800	111.0232
2604.858600	77.796	110.6755
2605.224811	77.800	110.3047
2605.591022	77.802	109.8655
2605.957233	77.794	109.4370
2606.323444	77.790	109.0825
2606.689655	77.797	108.7009
2607.055866	77.801	108.2424
2607.422077	77.796	107.8142
2607.788288	77.798	107.4177
2608.154499	77.801	106.9514
2608.520710	77.790	106.4983
2608.886921	77.782	106.1631
2609.253132	77.792	105.8022
2609.619343	77.796	105.3501
2609.985554	77.793	104.9600
2610.351765	77.803	104.5825
2610.717976	77.811	104.0828
2611.084187	77.799	103.6213
2611.450398	77.794	103.2776
2611.816609	77.801	102.8757
2612.182820	77.798	102.4392
2612.549031	77.795	102.0679
2612.915242	77.798	101.6597
2613.281453	77.791	101.2444
2613.647663	77.790	100.9192
2614.013874	77.805	100.5186
2614.380085	77.806	99.9932
2614.746296	77.788	99.5542
2615.112507	77.779	99.2107
2615.478718	77.778	98.8469
2615.844929	77.779	98.4746
2616.211140	77.784	98.0535
2616.577351	77.778	97.5901
2616.943562	77.766	97.2329
2617.309773	77.773	96.9185
2617.675984	77.788	96.4707
2618.042195	77.786	95.9746
2618.408406	77.777	95.5481
2618.774617	77.773	95.1567
2619.140828	77.773	94.7876
2619.507039	77.783	94.3962
2619.873250	77.792	93.9106
2620.239461	77.786	93.4077
2620.605672	77.773	92.9819
2620.971883	77.765	92.6077
2621.338094	77.762	92.2532
2621.704305	77.765	91.9021
2622.070516	77.772	91.5156
2622.436727	77.778	91.0771
2622.802938	77.776	90.6191
2623.169149	77.769	90.1985
2623.535360	77.767	89.8040
2623.901571	77.767	89.3604
2624.267782	77.754	88.9167
2624.633992	77.739	88.5862
2625.000203	77.745	88.2888
2625.366414	77.761	87.8618
2625.732625	77.761	87.3384
2626.098836	77.744	86.8826
2626.465047	77.731	86.5432
2626.831258	77.734	86.2083
2627.197469	77.743	85.7827
2627.563680	77.741	85.3137
2627.929891	77.734	84.8806
2628.296102	77.727	84.4827
2628.662313	77.724	84.0947
2629.028524	77.725	83.7012
2629.394735	77.726	83.2847
2629.760946	77.724	82.8662
2630.127157	77.725	82.4680
2630.493368	77.729	82.0396
2630.859579	77.728	81.5598
2631.225790	77.715	81.1282
2631.592001	77.709	80.7874
2631.958212	77.719	80.4148
2632.324423	77.727	79.9368
2632.690634	77.721	79.4431
2633.056845	77.709	79.0103
2633.423056	77.700	78.6304
2633.789267	77.700	78.2627
2634.155478	77.705	77.8325
2634.521689	77.700	77.3503
2634.887900	77.685	76.9468
2635.254111	77.681	76.6116
2635.620322	77.685	76.2136
2635.986532	77.682	75.8003
2636.352743	77.682	75.4397
2636.718954	77.692	75.0107
2637.085165	77.687	74.5247
2637.451376	77.674	74.1541
2637.817587	77.680	73.8274
2638.183798	77.691	73.3743
2638.550009	77.685	72.8955
2638.916220	77.677	72.5137
2639.282431	77.681	72.1187
2639.648642	77.678	71.6592
2640.014853	77.666	71.2688
2640.381064	77.667	70.9414
2640.747275	77.678	70.5107
2641.113486	77.672	70.0127
2641.479697	77.655	69.6279
2641.845908	77.653	69.3169
2642.212119	77.663	68.9297
2642.578330	77.667	68.4736
2642.944541	77.662	68.0085
2643.310752	77.650	67.5762
2643.676963	77.639	67.2261
2644.043174	77.642	66.8923
2644.409385	77.648	66.4817
2644.775596	77.648	66.0579
2645.141807	77.650	65.6567
2645.508018	77.655	65.2000
2645.874229	77.647	64.7246
2646.240440	77.635	64.3320
2646.606651	77.632	63.9753
2646.972861	77.634	63.5862
2647.339072	77.635	63.1912
2647.705283	77.639	62.7805
2648.071494	77.638	62.3252
2648.437705	77.628	61.9050
2648.803916	77.624	61.5496
2649.170127	77.628	61.1465
2649.536338	77.621	60.7104
2649.902549	77.612	60.3691
2650.268760	77.622	60.0303
2650.634971	77.631	59.5583
2651.001182	77.621	59.0955
2651.367393	77.615	58.7341
2651.733604	77.620	58.3176
2652.099815	77.613	57.8416
2652.466026	77.598	57.4741
2652.832237	77.602	57.1562
2653.198448	77.615	56.7085
2653.564659	77.609	56.1882
2653.930870	77.591	55.7688
2654.297081	77.584	55.4343
2654.663292	77.588	55.0657
2655.029503	77.592	54.6472
2655.395714	77.594	54.1958
2655.761925	77.587	53.7278
2656.128136	77.575	53.3342
2656.494347	77.575	52.9922
2656.860558	77.582	52.5583
2657.226769	77.575	52.1040
2657.592980	77.571	51.7290
2657.959191	77.576	51.2905
2658.325401	77.563	50.8191
2658.691612	77.548	50.5005
2659.057823	77.558	50.1814
2659.424034	77.564	49.7205
2659.790245	77.556	49.3010
2660.156456	77.557	48.9326
2660.522667	77.560	48.4827
2660.888878	77.549	48.0583
2661.255089	77.545	47.7148
2661.621300	77.549	47.3323
2661.987511	77.551	46.9165
2662.353722	77.552	46.5095
2662.719933	77.554	46.0713
2663.086144	77.549	45.6353
2663.452355	77.544	45.2432
2663.818566	77.546	44.8328
2664.184777	77.543	44.3835
2664.550988	77.532	43.9766
2664.917199	77.528	43.6274
2665.283410	77.533	43.2393
2665.649621	77.533	42.7896
2666.015832	77.524	42.3760
2666.382043	77.520	42.0137
2666.748254	77.523	41.6260
2667.114465	77.524	41.2021
2667.480676	77.520	40.7764
2667.846887	77.514	40.3691
2668.213098	77.510	39.9902
2668.579309	77.511	39.5913
2668.945520	77.507	39.1562
2669.311731	77.499	38.7671
2669.677941	77.500	38.4033
2670.044152	77.504	37.9561
2670.410363	77.492	37.5068
2670.776574	77.483	37.1748
2671.142785	77.495	36.8159
2671.508996	77.501	36.3169
2671.875207	77.489	35.8447
2672.241418	77.481	35.4746
2672.607629	77.483	35.0688
2672.973840	77.477	34.6348
2673.340051	77.474	34.2646
2673.706262	77.482	33.8574
2674.072473	77.482	33.3687
2674.438684	77.471	32.9419
2674.804895	77.470	32.5591
2675.171106	77.469	32.0986
2675.537317	77.453	31.6738
2675.903528	77.445	31.3838
2676.269739	77.460	31.0391
2676.635950	77.468	30.5488
2677.002161	77.458	30.0928
2677.368372	77.453	29.7100
2677.734583	77.450	29.2866
2678.100794	77.438	28.8984
2678.467005	77.437	28.5996
2678.833216	77.453	28.2051
2679.199427	77.454	27.6846
2679.565638	77.436	27.2451
2679.931849	77.427	26.9146
2680.298060	77.432	26.5479
2680.664270	77.435	26.0986
2681.030481	77.425	25.6377
2681.396692	77.412	25.2612
2681.762903	77.412	24.9253
2682.129114	77.419	24.4863
2682.495325	77.408	24.0190
2682.861536	77.395	23.6812
2683.227747	77.404	23.3540
2683.593958	77.417	22.8887
2683.960169	77.413	22.3730
2684.326380	77.398	21.9277
2684.692591	77.387	21.5664
2685.058802	77.387	21.2119
2685.425013	77.389	20.7998
2685.791224	77.383	20.4111
2686.157435	77.387	20.0723
2686.523646	77.401	19.6445
2686.889857	77.401	19.1377
2687.256068	77.388	18.6934
2687.622279	77.376	18.3223
2687.988490	77.371	18.0068
2688.354701	77.382	17.6865
2688.720912	77.398	17.2158
2689.087123	77.388	16.6968
2689.453334	77.371	16.3447
2689.819545	77.377	16.0215
2690.185756	77.384	15.5508
2690.551967	77.371	15.0889
2690.918178	77.360	14.7354
2691.284389	77.361	14.3789
2691.650600	77.363	13.9751
2692.016810	77.363	13.5479
2692.383021	77.359	13.1123
2692.749232	77.352	12.7002
2693.115443	77.348	12.3057
2693.481654	77.347	11.9053
2693.847865	77.348	11.5000
2694.214076	77.350	11.0645
2694.580287	77.349	10.6055
2694.946498	77.345	10.1631
2695.312709	77.340	9.7012
2695.678920	77.324	9.2471
2696.045131	77.307	8.9336
2696.411342	77.318	8.6592
2696.777553	77.337	8.1953
2697.143764	77.328	7.6748
2697.509975	77.315	7.3301
2697.876186	77.327	6.9956
2698.242397	77.337	6.4912
2698.608608	77.323	6.0059
2698.974819	77.310	5.6626
2699.341030	77.314	5.3164
2699.707241	77.318	4.8994
2700.073452	77.316	4.4766
2700.439663	77.312	4.0811
2700.805874	77.313	3.6953
2701.172085	77.316	3.2539
2701.538296	77.305	2.7832
2701.904507	77.287	2.4297
2702.270718	77.288	2.1377
2702.636929	77.297	1.7339
2703.003139	77.294	1.3149
2703.369350	77.298	0.9502
2703.735561	77.309	0.4678
2704.101772	77.295	-0.0723
2704.467983	77.271	-0.4312
2704.834194	77.273	-0.7314
2705.200405	77.281	-1.1914
2705.566616	77.264	-1.6670
2705.932827	77.244	-1.9653
2706.299038	77.253	-2.2153
2706.665249	77.276	-2.6426
2707.031460	77.276	-3.1982
2707.397671	77.255	-3.6289
2707.763882	77.250	-3.9116
2708.130093	77.268	-4.2910
2708.496304	77.274	-4.8311
2708.862515	77.258	-5.3394
2709.228726	77.238	-5.7314
2709.594937	77.226	-6.0645
2709.961148	77.223	-6.3643
2710.327359	77.235	-6.6992
2710.693570	77.248	-7.1553
2711.059781	77.243	-7.6484
2711.425992	77.233	-8.0498
2711.792203	77.234	-8.4253
2712.158414	77.237	-8.8770
2712.524625	77.226	-9.3198
2712.890836	77.219	-9.6768
2713.257047	77.223	-10.0498
2713.623258	77.224	-10.4873
2713.989469	77.219	-10.8872
2714.355679	77.221	-11.2627
2714.721890	77.225	-11.6958
2715.088101	77.221	-12.1182
2715.454312	77.224	-12.5098
2715.820523	77.228	-12.9863
2716.186734	77.214	-13.4800
2716.552945	77.194	-13.8325
2716.919156	77.192	-14.1387
2717.285367	77.196	-14.5220
2717.651578	77.193	-14.8975
2718.017789	77.200	-15.2520
2718.384000	77.211	-15.7163
2718.750211	77.203	-16.2393
2719.116422	77.184	-16.6572
2719.482633	77.175	-17.0127
2719.848844	77.168	-17.3936
2720.215055	77.160	-17.7393
2720.581266	77.166	-18.0698
2720.947477	77.177	-18.5117
2721.313688	77.171	-19.0068
2721.679899	77.158	-19.4116
2722.046110	77.156	-19.7710
2722.412321	77.160	-20.1904
2722.778532	77.157	-20.6475
2723.144743	77.148	-21.0669
2723.510954	77.142	-21.4468
2723.877165	77.143	-21.8438
2724.243376	77.139	-22.2559
2724.609587	77.137	-22.6230
2724.975798	77.146	-23.0127
2725.342009	77.150	-23.5088
2725.708219	77.133	-23.9644
2726.074430	77.119	-24.2656
2726.440641	77.128	-24.5703
2726.806852	77.139	-25.0142
2727.173063	77.133	-25.4912
2727.539274	77.119	-25.8848
2727.905485	77.112	-26.2119
2728.271696	77.118	-26.5723
2728.637907	77.119	-27.0254
2729.004118	77.106	-27.4590
2729.370329	77.095	-27.7979
2729.736540	77.096	-28.1836
2730.102751	77.083	-28.6040
2730.468962	77.071	-28.8838
2730.835173	77.088	-29.1885
2731.201384	77.102	-29.7324
2731.567595	77.078	-30.2524
2731.933806	77.059	-30.5591
2732.300017	77.065	-30.9033
2732.666228	77.063	-31.3574
2733.032439	77.052	-31.7344
2733.398650	77.055	-32.0791
2733.764861	77.063	-32.5239
2734.131072	77.059	-32.9980
2734.497283	77.050	-33.4209
2734.863494	77.046	-33.8252
2735.229705	77.042	-34.2490
2735.595916	77.033	-34.6660
2735.962127	77.024	-35.0283
2736.328338	77.025	-35.3755
2736.694548	77.029	-35.7812
2737.060759	77.025	-36.2002
2737.426970	77.022	-36.5918
2737.793181	77.018	-36.9990
2738.159392	77.008	-37.3716
2738.525603	77.007	-37.6836
2738.891814	77.017	-38.0718
2739.258025	77.014	-38.5283
2739.624236	77.004	-38.8965
2739.990447	77.008	-39.2534
2740.356658	77.011	-39.7197
2740.722869	76.995	-40.1655
2741.089080	76.980	-40.4985
2741.455291	76.979	-40.8174
2741.821502	76.983	-41.1895
2742.187713	76.985	-41.6099
2742.553924	76.979	-42.0264
2742.920135	76.975	-42.3877
2743.286346	76.983	-42.7900
2743.652557	76.982	-43.3027
2744.018768	76.960	-43.7422
2744.384979	76.949	-44.0361
2744.751190	76.959	-44.4019
2745.117401	76.958	-44.8794
2745.483612	76.943	-45.2773
2745.849823	76.941	-45.6084
2746.216034	76.945	-46.0059
2746.582245	76.942	-46.4209
2746.948456	76.942	-46.8130
2747.314667	76.942	-47.2568
2747.680878	76.928	-47.6836
2748.047088	76.918	-47.9893
2748.413299	76.931	-48.3291
2748.779510	76.939	-48.8320
2749.145721	76.921	-49.3242
2749.511932	76.901	-49.6709
2749.878143	76.895	-49.9775
2750.244354	76.897	-50.3242
2750.610565	76.900	-50.7085
2750.976776	76.898	-51.1279
2751.342987	76.890	-51.5234
2751.709198	76.886	-51.8594
2752.075409	76.894	-52.2324
2752.441620	76.898	-52.6992
2752.807831	76.888	-53.1689
2753.174042	76.873	-53.5640
2753.540253	76.865	-53.9072
2753.906464	76.865	-54.2583
2754.272675	76.868	-54.6572
2754.638886	76.865	-55.0859
2755.005097	76.858	-55.4727
2755.371308	76.860	-55.8301
2755.737519	76.869	-56.2803
2756.103730	76.859	-56.7861
2756.469941	76.840	-57.1597
2756.836152	76.842	-57.4707
2757.202363	76.851	-57.9312
2757.568574	76.834	-58.4277
2757.934785	76.812	-58.7485
2758.300996	76.814	-59.0107
2758.667207	76.826	-59.3906
2759.033417	76.828	-59.8364
2759.399628	76.821	-60.2393
2759.765839	76.821	-60.5967
2760.132050	76.829	-61.0015
2760.498261	76.829	-61.4941
2760.864472	76.811	-61.9365
2761.230683	76.798	-62.2549
2761.596894	76.802	-62.5908
2761.963105	76.804	-63.0039
2762.329316	76.801	-63.4199
2762.695527	76.793	-63.8276
2763.061738	76.782	-64.1846
2763.427949	76.784	-64.4868
2763.794160	76.799	-64.9072
2764.160371	76.793	-65.4336
2764.526582	76.770	-65.8184
2764.892793	76.768	-66.1074
2765.259004	76.778	-66.5273
2765.625215	76.769	-67.0137
2765.991426	76.751	-67.4062
2766.357637	76.739	-67.7349
2766.723848	76.735	-68.0542
2767.090059	76.740	-68.3887
2767.456270	76.750	-68.8022
2767.822481	76.749	-69.2871
2768.188692	76.734	-69.7061
2768.554903	76.730	-70.0356
2768.921114	76.739	-70.4600
2769.287325	76.728	-70.9644
2769.653536	76.705	-71.2959
2770.019747	76.713	-71.5522
2770.385957	76.731	-72.0181
2770.752168	76.721	-72.5220
2771.118379	76.714	-72.8892
2771.484590	76.718	-73.3350
2771.850801	76.700	-73.8101
2772.217012	76.684	-74.0967
2772.583223	76.697	-74.4180
2772.949434	76.701	-74.9121
2773.315645	76.685	-75.3218
2773.681856	76.684	-75.6484
2774.048067	76.687	-76.0747
2774.414278	76.675	-76.4844
2774.780489	76.671	-76.7974
2775.146700	76.681	-77.1816
2775.512911	76.679	-77.6445
2775.879122	76.668	-78.0322
2776.245333	76.667	-78.3901
2776.611544	76.666	-78.8232
2776.977755	76.652	-79.2310
2777.343966	76.644	-79.5430
2777.710177	76.650	-79.8989
2778.076388	76.650	-80.3438
2778.442599	76.638	-80.7500
2778.808810	76.629	-81.0947
2779.175021	76.627	-81.4316
2779.541232	76.633	-81.7915
2779.907443	76.639	-82.2388
2780.273654	76.629	-82.7183
2780.639865	76.613	-83.0806
2781.006076	76.614	-83.4102
2781.372286	76.617	-83.8491
2781.738497	76.604	-84.2822
2782.104708	76.595	-84.6143
2782.470919	76.599	-84.9570
2782.837130	76.605	-85.3745
2783.203341	76.605	-85.8320
2783.569552	76.595	-86.2734
2783.935763	76.585	-86.6436
2784.301974	76.586	-87.0088
2784.668185	76.586	-87.4531
2785.034396	76.572	-87.8643
2785.400607	76.565	-88.1704
2785.766818	76.576	-88.5205
2786.133029	76.581	-88.9746
2786.499240	76.573	-89.4121
2786.865451	76.566	-89.7803
2787.231662	76.568	-90.1431
2787.597873	76.573	-90.5654
2787.964084	76.568	-91.0146
2788.330295	76.558	-91.4092
2788.696506	76.554	-91.7881
2789.062717	76.549	-92.2036
2789.428928	76.538	-92.5752
2789.795139	76.537	-92.9219
2790.161350	76.537	-93.3408
2790.527561	76.526	-93.7515
2790.893772	76.517	-94.0996
2791.259983	76.514	-94.4702
2791.626194	76.508	-94.8369
2791.992405	76.508	-95.1787
2792.358616	76.514	-95.5972
2792.724826	76.506	-96.0547
2793.091037	76.491	-96.4297
2793.457248	76.487	-96.7568
2793.823459	76.491	-97.1250
2794.189670	76.493	-97.5391
2794.555881	76.491	-97.9492
2794.922092	76.491	-98.3652
2795.288303	76.488	-98.8296
2795.654514	76.472	-99.2476
2796.020725	76.465	-99.5732
2796.386936	76.470	-99.9629
2796.753147	76.463	-100.3975
2797.119358	76.457	-100.7363
2797.485569	76.467	-101.1182
2797.851780	76.468	-101.6206
2798.217991	76.451	-102.0586
2798.584202	76.439	-102.4092
2798.950413	76.433	-102.7480
2799.316624	76.436	-103.0796
2799.682835	76.444	-103.4922
2800.049046	76.438	-103.9434
2800.415257	76.433	-104.3096
2800.781468	76.438	-104.7446
2801.147679	76.421	-105.2402
2801.513890	76.397	-105.5234
2801.880101	76.410	-105.7798
2802.246312	76.422	-106.2900
2802.612523	76.397	-106.7466
2802.978734	76.388	-106.9912
2803.344945	76.405	-107.3735
2803.711156	76.398	-107.8818
2804.077366	76.379	-108.2119
2804.443577	76.387	-108.5161
2804.809788	76.392	-108.9873
2805.175999	76.375	-109.3955
2805.542210	76.373	-109.6846
2805.908421	76.384	-110.0820
2806.274632	76.380	-110.5278
2806.640843	76.376	-110.8887
2807.007054	76.383	-111.3008
2807.373265	76.377	-111.7676
2807.739476	76.365	-112.1431
2808.105687	76.365	-112.5068
2808.471898	76.363	-112.9287
2808.838109	76.354	-113.3184
2809.204320	76.350	-113.6880
2809.570531	76.346	-114.0693
2809.936742	76.345	-114.4355
2810.302953	76.348	-114.8457
2810.669164	76.341	-115.2949
2811.035375	76.328	-115.6748
2811.401586	76.325	-116.0283
2811.767797	76.323	-116.4307
2812.134008	76.315	-116.8252
2812.500219	76.310	-117.1973
2812.866430	76.306	-117.5830
2813.232641	76.302	-117.9609
2813.598852	76.302	-118.3447
2813.965063	76.299	-118.7686
2814.331274	76.290	-119.1689
2814.697485	76.286	-119.5195
2815.063695	76.290	-119.9121
2815.429906	76.287	-120.3457
2815.796117	76.282	-120.7344
2816.162328	76.286	-121.1504
2816.528539	76.278	-121.6445
2816.894750	76.254	-122.0347
2817.260961	76.247	-122.2822
2817.627172	76.262	-122.6211
2817.993383	76.268	-123.0850
2818.359594	76.262	-123.5093
2818.725805	76.261	-123.9033
2819.092016	76.260	-124.3223
2819.458227	76.255	-124.7432
2819.824438	76.247	-125.1641
2820.190649	76.233	-125.5195
2820.556860	76.234	-125.7944
2820.923071	76.251	-126.1807
2821.289282	76.252	-126.6841
2821.655493	76.238	-127.0801
2822.021704	76.241	-127.4263
2822.387915	76.244	-127.8818
2822.754126	76.229	-128.3105
2823.120337	76.220	-128.6289
2823.486548	76.226	-128.9766
2823.852759	76.229	-129.3926
2824.218970	76.227	-129.8184
2824.585181	76.220	-130.2471
2824.951392	76.207	-130.6440
2825.317603	76.195	-130.9785
2825.683814	76.193	-131.2822
2826.050025	76.202	-131.6343
2826.416235	76.208	-132.1016
2826.782446	76.192	-132.5752
2827.148657	76.171	-132.8945
2827.514868	76.171	-133.1685
2827.881079	76.178	-133.5537
2828.247290	76.175	-133.9600
2828.613501	76.173	-134.3340
2828.979712	76.172	-134.7471
2829.345923	76.164	-135.1543
2829.712134	76.160	-135.5186
2830.078345	76.160	-135.9219
2830.444556	76.153	-136.3486
2830.810767	76.145	-136.7310
2831.176978	76.142	-137.1143
2831.543189	76.136	-137.5225
2831.909400	76.128	-137.8984
2832.275611	76.127	-138.2583
2832.641822	76.127	-138.6572
2833.008033	76.124	-139.0596
2833.374244	76.121	-139.4351
2833.740455	76.121	-139.8232
2834.106666	76.118	-140.2246
2834.472877	76.113	-140.6045
2834.839088	76.111	-140.9707
2835.205299	76.111	-141.3389
2835.571510	76.114	-141.7256
2835.937721	76.114	-142.1553
2836.303932	76.103	-142.5547
2836.670143	76.098	-142.8701
2837.036354	76.109	-143.2354
2837.402564	76.112	-143.7266
2837.768775	76.092	-144.1650
2838.134986	76.078	-144.4517
2838.501197	76.086	-144.7607
2838.867408	76.092	-145.2090
2839.233619	76.078	-145.6538
2839.599830	76.064	-145.9766
2839.966041	76.067	-146.3018
2840.332252	76.067	-146.7183
2840.698463	76.056	-147.0972
2841.064674	76.055	-147.4131
2841.430885	76.062	-147.8096
2841.797096	76.056	-148.2500
2842.163307	76.046	-148.6162
2842.529518	76.042	-148.9639
2842.895729	76.040	-149.3096
2843.261940	76.047	-149.6494
2843.628151	76.059	-150.1108
2843.994362	76.045	-150.6133
2844.360573	76.024	-150.9307
2844.726784	76.030	-151.2100
2845.092995	76.039	-151.6533
2845.459206	76.025	-152.0840
2845.825417	76.016	-152.3867
2846.191628	76.021	-152.7090
2846.557839	76.027	-153.0840
2846.924050	76.036	-153.4863
2847.290261	76.040	-153.9824
2847.656472	76.019	-154.4761
2848.022683	75.991	-154.7695
2848.388894	75.995	-154.9727
2848.755104	76.017	-155.3682
2849.121315	76.012	-155.8887
2849.487526	75.990	-156.2480
2849.853737	75.990	-156.5127
2850.219948	76.002	-156.9067
2850.586159	75.997	-157.3477
2850.952370	75.990	-157.7148
2851.318581	75.990	-158.0879
2851.684792	75.986	-158.4668
2852.051003	75.985	-158.8052
2852.417214	75.993	-159.1865
2852.783425	75.995	-159.6250
2853.149636	75.989	-160.0288
2853.515847	75.988	-160.4004
2853.882058	75.990	-160.8096
2854.248269	75.985	-161.2466
2854.614480	75.973	-161.6318
2854.980691	75.967	-161.9688
2855.346902	75.966	-162.3301
2855.713113	75.962	-162.6836
2856.079324	75.966	-163.0137
2856.445535	75.975	-163.4443
2856.811746	75.964	-163.9141
2857.177957	75.946	-164.2402
2857.544168	75.949	-164.5444
2857.910379	75.950	-164.9546
2858.276590	75.940	-165.3213
2858.642801	75.940	-165.6436
2859.009012	75.943	-166.0444
2859.375223	75.938	-166.4473
2859.741434	75.935	-166.8311
2860.107644	75.926	-167.2412
2860.473855	75.913	-167.5684
2860.840066	75.919	-167.8701
2861.206277	75.927	-168.3076
2861.572488	75.916	-168.7285
2861.938699	75.915	-169.0605
2862.304910	75.922	-169.5078
2862.671121	75.905	-169.9839
2863.037332	75.887	-170.2788
2863.403543	75.896	-170.5791
2863.769754	75.903	-171.0356
2864.135965	75.892	-171.4761
2864.502176	75.883	-171.8433
2864.868387	75.876	-172.2148
2865.234598	75.867	-172.5439
2865.600809	75.872	-172.8506
2865.967020	75.883	-173.2666
2866.333231	75.876	-173.7354
2866.699442	75.861	-174.0938
2867.065653	75.860	-174.3916
2867.431864	75.868	-174.7715
2867.798075	75.865	-175.2036
2868.164286	75.853	-175.5742
2868.530497	75.850	-175.8726
2868.896708	75.859	-176.1963
2869.262919	75.871	-176.6133
2869.629130	75.871	-177.0635
2869.995341	75.867	-177.4854
2870.361552	75.862	-177.9170
2870.727763	75.846	-178.3164
2871.093973	75.836	-178.5977
2871.460184	75.849	-178.9097
2871.826395	75.856	-179.3896
2872.192606	75.836	-179.8267
2872.558817	75.824	179.9204
2872.925028	75.839	179.6133
2873.291239	75.846	179.1396
2873.657450	75.830	178.7373
2874.023661	75.828	178.4492
2874.389872	75.840	178.0498
2874.756083	75.831	177.5723
2875.122294	75.812	177.2393
2875.488505	75.814	176.9668
2875.854716	75.822	176.5732
2876.220927	75.814	176.1694
2876.587138	75.810	175.8555
2876.953349	75.819	175.4990
2877.319560	75.823	175.0483
2877.685771	75.815	174.6069
2878.051982	75.802	174.2139
2878.418193	75.790	173.8726
2878.784404	75.788	173.5840
2879.150615	75.801	173.2422
2879.516826	75.810	172.7637
2879.883037	75.799	172.2744
2880.249248	75.782	171.9043
2880.615459	75.779	171.5654
2880.981670	75.777	171.1748
2881.347881	75.771	170.8066
2881.714092	75.773	170.4570
2882.080303	75.779	170.0264
2882.446513	75.771	169.5684
2882.812724	75.757	169.1924
2883.178935	75.752	168.8652
2883.545146	75.754	168.5146
2883.911357	75.757	168.1226
2884.277568	75.755	167.7129
2884.643779	75.748	167.3301
2885.009990	75.744	166.9736
2885.376201	75.742	166.6240
2885.742412	75.746	166.2686
2886.108623	75.750	165.8467
2886.474834	75.739	165.4092
2886.841045	75.723	165.1133
2887.207256	75.734	164.8403
2887.573467	75.748	164.3770
2887.939678	75.733	163.8955
2888.305889	75.716	163.5771
2888.672100	75.718	163.2637
2889.038311	75.717	162.8809
2889.404522	75.712	162.5273
2889.770733	75.715	162.1748
2890.136944	75.718	161.7666
2890.503155	75.713	161.3516
2890.869366	75.706	160.9648
2891.235577	75.700	160.5986
2891.601788	75.696	160.2373
2891.967999	75.694	159.8896
2892.334210	75.700	159.5391
2892.700421	75.707	159.1055
2893.066632	75.698	158.6426
2893.432842	75.683	158.3096
2893.799053	75.689	158.0225
2894.165264	75.702	157.6040
2894.531475	75.697	157.1528
2894.897686	75.689	156.7959
2895.263897	75.693	156.4395
2895.630108	75.694	156.0142
2895.996319	75.683	155.6260
2896.362530	75.679	155.3340
2896.728741	75.692	154.9966
2897.094952	75.700	154.5127
2897.461163	75.682	154.0576
2897.827374	75.666	153.7588
2898.193585	75.669	153.4507
2898.559796	75.669	153.0610
2898.926007	75.662	152.7192
2899.292218	75.666	152.3809
2899.658429	75.667	151.9502
2900.024640	75.654	151.5537
2900.390851	75.645	151.2471
2900.757062	75.648	150.9092
2901.123273	75.648	150.5449
2901.489484	75.654	150.1846
2901.855695	75.661	149.7275
2902.221906	75.649	149.2275
2902.588117	75.628	148.8579
2902.954328	75.622	148.5479
2903.320539	75.619	148.1777
2903.686750	75.612	147.8364
2904.052961	75.616	147.5381
2904.419172	75.631	147.1357
2904.785382	75.632	146.6460
2905.151593	75.619	146.2114
2905.517804	75.609	145.8525
2905.884015	75.607	145.4941
2906.250226	75.604	145.1055
2906.616437	75.596	144.7339
2906.982648	75.591	144.4292
2907.348859	75.600	144.1162
2907.715070	75.613	143.6938
2908.081281	75.610	143.2358
2908.447492	75.602	142.8574
2908.813703	75.604	142.4854
2909.179914	75.600	142.0449
2909.546125	75.583	141.6772
2909.912336	75.581	141.4336
2910.278547	75.602	141.0688
2910.644758	75.603	140.5264
2911.010969	75.574	140.1328
2911.377180	75.568	139.9385
2911.743391	75.592	139.5952
2912.109602	75.595	139.0781
2912.475813	75.576	138.6846
2912.842024	75.573	138.3965
2913.208235	75.581	138.0181
2913.574446	75.581	137.5879
2913.940657	75.575	137.1738
2914.306868	75.563	136.7632
2914.673079	75.547	136.4268
2915.039290	75.543	136.1592
2915.405501	75.552	135.8184
2915.771711	75.555	135.3940
2916.137922	75.547	134.9893
2916.504133	75.538	134.6318
2916.870344	75.534	134.2988
2917.236555	75.537	133.9541
2917.602766	75.542	133.5537
2917.968977	75.540	133.1143
2918.335188	75.528	132.7065
2918.701399	75.517	132.3711
2919.067610	75.518	132.0420
2919.433821	75.519	131.6455
2919.800032	75.510	131.2900
2920.166243	75.517	131.0093
2920.532454	75.538	130.5698
2920.898665	75.529	130.0029
2921.264876	75.499	129.6582
2921.631087	75.502	129.4453
2921.997298	75.521	129.0308
2922.363509	75.513	128.5469
2922.729720	75.499	128.2100
2923.095931	75.500	127.8838
2923.462142	75.499	127.5093
2923.828353	75.496	127.1807
2924.194564	75.504	126.8340
2924.560775	75.508	126.4150
2924.926986	75.502	126.0176
2925.293197	75.499	125.6582
2925.659408	75.500	125.2827
2926.025619	75.498	124.8950
2926.391830	75.495	124.5073
2926.758041	75.490	124.1323
2927.124251	75.489	123.7856
2927.490462	75.494	123.4087
2927.856673	75.496	122.9707
2928.222884	75.489	122.5493
2928.589095	75.483	122.1558
2928.955306	75.477	121.7510
2929.321517	75.466	121.3877
2929.687728	75.464	121.0615
2930.053939	75.469	120.6680
2930.420150	75.461	120.2461
2930.786361	75.450	119.9111
2931.152572	75.452	119.5996
2931.518783	75.457	119.2207
2931.884994	75.454	118.8418
2932.251205	75.456	118.5078
2932.617416	75.466	118.1260
2932.983627	75.469	117.6636
2933.349838	75.457	117.2168
2933.716049	75.441	116.8540
2934.082260	75.434	116.5479
2934.448471	75.435	116.2168
2934.814682	75.432	115.8467
2935.180893	75.426	115.5322
2935.547104	75.436	115.2246
2935.913315	75.449	114.7627
2936.279526	75.433	114.2881
2936.645737	75.418	114.0088
2937.011948	75.434	113.6924
2937.378159	75.440	113.1611
2937.744370	75.414	112.7056
2938.110581	75.397	112.4512
2938.476791	75.406	112.1504
2938.843002	75.410	111.7402
2939.209213	75.406	111.3564
2939.575424	75.407	110.9844
2939.941635	75.407	110.5708
2940.307846	75.400	110.1724
2940.674057	75.395	109.8135
2941.040268	75.394	109.4419
2941.406479	75.388	109.0742
2941.772690	75.385	108.7549
2942.138901	75.391	108.4189
2942.505112	75.396	108.0259
2942.871323	75.394	107.6533
2943.237534	75.399	107.2974
2943.603745	75.403	106.8750
2943.969956	75.395	106.4541
2944.336167	75.386	106.1152
2944.702378	75.386	105.7910
2945.068589	75.389	105.4346
2945.434800	75.391	105.0757
2945.801011	75.397	104.6895
2946.167222	75.397	104.2568
2946.533433	75.387	103.8408
2946.899644	75.375	103.5010
2947.265855	75.376	103.1909
2947.632066	75.384	102.7949
2947.998277	75.377	102.3257
2948.364488	75.355	101.9609
2948.730699	75.349	101.7134
2949.096910	75.361	101.3828
2949.463120	75.364	100.9546
2949.829331	75.359	100.5781
2950.195542	75.364	100.2021
2950.561753	75.364	99.7368
2950.927964	75.345	99.3135
2951.294175	75.330	99.0322
2951.660386	75.336	98.7793
2952.026597	75.354	98.4165
2952.392808	75.362	97.9438
2952.759019	75.351	97.4956
2953.125230	75.340	97.1738
2953.491441	75.348	96.8760
2953.857652	75.361	96.4575
2954.223863	75.356	96.0059
2954.590074	75.347	95.6621
2954.956285	75.353	95.3369
2955.322496	75.358	94.9268
2955.688707	75.353	94.5420
2956.054918	75.355	94.2139
2956.421129	75.363	93.8086
2956.787340	75.356	93.3701
2957.153551	75.344	93.0400
2957.519762	75.347	92.7266
2957.885973	75.349	92.3447
2958.252184	75.346	91.9893
2958.618395	75.349	91.6421
2958.984606	75.351	91.2290
2959.350817	75.342	90.8418
2959.717028	75.338	90.5107
2960.083239	75.339	90.1396
2960.449450	75.335	89.7437
2960.815660	75.329	89.3716
2961.181871	75.323	89.0054
2961.548082	75.317	88.6621
2961.914293	75.317	88.3232
2962.280504	75.316	87.9409
2962.646715	75.310	87.5864
2963.012926	75.313	87.2656
2963.379137	75.321	86.8760
2963.745348	75.320	86.4614
2964.111559	75.319	86.0806
2964.477770	75.319	85.6641
2964.843981	75.310	85.2676
2965.210192	75.308	84.9502
2965.576403	75.317	84.5640
2965.942614	75.313	84.1123
2966.308825	75.301	83.7617
2966.675036	75.303	83.4580
2967.041247	75.312	83.0781
2967.407458	75.315	82.6582
2967.773669	75.311	82.2446
2968.139880	75.302	81.8647
2968.506091	75.297	81.5430
2968.872302	75.301	81.2280
2969.238513	75.311	80.8604
2969.604724	75.318	80.4238
2969.970935	75.311	79.9736
2970.337146	75.297	79.6191
2970.703357	75.296	79.3174
2971.069568	75.302	78.9492
2971.435779	75.300	78.5698
2971.801989	75.301	78.2183
2972.168200	75.305	77.8169
2972.534411	75.298	77.4170
2972.900622	75.292	77.0908
2973.266833	75.297	76.7549
2973.633044	75.302	76.3613
2973.999255	75.301	75.9424
2974.365466	75.291	75.5435
2974.731677	75.280	75.2314
2975.097888	75.287	74.9395
2975.464099	75.297	74.5210
2975.830310	75.287	74.0674
2976.196521	75.270	73.7461
2976.562732	75.270	73.4863
2976.928943	75.282	73.1631
2977.295154	75.293	72.7578
2977.661365	75.295	72.2832
2978.027576	75.279	71.8340
2978.393787	75.260	71.5220
2978.759998	75.260	71.2690
2979.126209	75.272	70.9331
2979.492420	75.279	70.5151
2979.858631	75.277	70.0820
2980.224842	75.267	69.7031
2980.591053	75.266	69.3936
2980.957264	75.280	69.0234
2981.323475	75.285	68.5381
2981.689686	75.273	68.0850
2982.055897	75.262	67.7109
2982.422108	75.254	67.3535
2982.788319	75.250	67.0283
2983.154529	75.254	66.6758
2983.520740	75.251	66.2573
2983.886951	75.236	65.9473
2984.253162	75.244	65.7354
2984.619373	75.272	65.3511
2984.985584	75.277	64.8223
2985.351795	75.262	64.4004
2985.718006	75.255	64.0781
2986.084217	75.256	63.7305
2986.450428	75.254	63.3672
2986.816639	75.252	63.0166
2987.182850	75.251	62.6787
2987.549061	75.254	62.3486
2987.915272	75.262	61.9824
2988.281483	75.265	61.5527
2988.647694	75.255	61.1382
2989.013905	75.244	60.8193
2989.380116	75.248	60.5288
2989.746327	75.259	60.1519
2990.112538	75.262	59.7148
2990.478749	75.257	59.2935
2990.844960	75.248	58.8931
2991.211171	75.237	58.5342
2991.577382	75.232	58.2314
2991.943593	75.240	57.9072
2992.309804	75.250	57.4854
2992.676015	75.245	57.0107
2993.042226	75.224	56.6426
2993.408437	75.219	56.4224
2993.774648	75.243	56.1064
2994.140859	75.254	55.5737
2994.507069	75.231	55.1240
2994.873280	75.219	54.8892
2995.239491	75.236	54.5884
2995.605702	75.243	54.1436
2995.971913	75.233	53.7520
2996.338124	75.229	53.4395
2996.704335	75.232	53.1221
2997.070546	75.238	52.7798
2997.436757	75.244	52.4160
2997.802968	75.250	52.0283
2998.169179	75.249	51.5918
2998.535390	75.230	51.1895
2998.901601	75.212	51.0049
2999.267812	75.240	50.8667
2999.634023	75.287	50.3711
3000.000234	75.281	49.6768
3000.366445	75.241	49.2637
3000.732656	75.231	49.0498
3001.098867	75.243	48.6963
3001.465078	75.240	48.2500
3001.831289	75.229	47.8691
3002.197500	75.224	47.5181
3002.563711	75.220	47.1582
3002.929922	75.217	46.8086
3003.296133	75.217	46.4385
3003.662344	75.214	46.0625
3004.028555	75.212	45.7310
3004.394766	75.222	45.3735
3004.760977	75.228	44.9229
3005.127188	75.218	44.4990
3005.493398	75.213	44.1675
3005.859609	75.220	43.7935
3006.225820	75.218	43.3618
3006.592031	75.209	43.0010
3006.958242	75.211	42.6602
3007.324453	75.211	42.2622
3007.690664	75.202	41.9160
3008.056875	75.205	41.6338
3008.423086	75.218	41.2793
3008.789297	75.224	40.8667
3009.155508	75.227	40.4668
3009.521719	75.228	40.0410
3009.887930	75.220	39.6191
3010.254141	75.210	39.2764
3010.620352	75.209	38.9492
3010.986563	75.210	38.5835
3011.352774	75.208	38.2363
3011.718985	75.213	37.8945
3012.085196	75.220	37.4897
3012.451407	75.216	37.0752
3012.817618	75.212	36.7124
3013.183829	75.215	36.3379
3013.550040	75.213	35.9219
3013.916251	75.202	35.5581
3014.282462	75.202	35.2544
3014.648673	75.210	34.8867
3015.014884	75.208	34.4604
3015.381095	75.197	34.1211
3015.747306	75.200	33.8418
3016.113517	75.212	33.4775
3016.479728	75.213	33.0664
3016.845938	75.211	32.7012
3017.212149	75.211	32.3335
3017.578360	75.206	31.9883
3017.944571	75.212	31.7139
3018.310782	75.236	31.3174
3018.676993	75.237	30.7456
3019.043204	75.205	30.3354
3019.409415	75.195	30.1309
3019.775626	75.210	29.8086
3020.141837	75.209	29.3975
3020.508048	75.207	29.0742
3020.874259	75.219	28.7002
3021.240470	75.219	28.2432
3021.606681	75.209	27.8457
3021.972892	75.203	27.4683
3022.339103	75.193	27.1123
3022.705314	75.193	26.8232
3023.071525	75.206	26.4258
3023.437736	75.197	25.9443
3023.803947	75.175	25.6475
3024.170158	75.184	25.4131
3024.536369	75.199	24.9966
3024.902580	75.192	24.5767
3025.268791	75.189	24.2715
3025.635002	75.200	23.9033
3026.001213	75.200	23.4766
3026.367424	75.195	23.1123
3026.733635	75.198	22.7490
3027.099846	75.196	22.3574
3027.466057	75.191	22.0083
3027.832267	75.193	21.6758
3028.198478	75.197	21.3057
3028.564689	75.198	20.9302
3028.930900	75.201	20.5742
3029.297111	75.210	20.1807
3029.663322	75.212	19.6885
3030.029533	75.191	19.2217
3030.395744	75.166	18.9531
3030.761955	75.171	18.7363
3031.128166	75.185	18.3696
3031.494377	75.184	17.9941
3031.860588	75.192	17.6738
3032.226799	75.207	17.2290
3032.593010	75.199	16.7441
3032.959221	75.186	16.3901
3033.325432	75.186	16.0449
3033.691643	75.183	15.6685
3034.057854	75.180	15.3506
3034.424065	75.188	15.0020
3034.790276	75.190	14.5898
3035.156487	75.186	14.2227
3035.522698	75.188	13.8594
3035.888909	75.184	13.4736
3036.255120	75.178	13.1592
3036.621331	75.186	12.8555
3036.987542	75.196	12.4541
3037.353753	75.194	12.0459
3037.719964	75.193	11.6963
3038.086175	75.199	11.3169
3038.452386	75.199	10.8857
3038.818597	75.190	10.4863
3039.184807	75.182	10.1431
3039.551018	75.181	9.8091
3039.917229	75.184	9.4463
3040.283440	75.182	9.0645
3040.649651	75.179	8.7119
3041.015862	75.183	8.3711
3041.382073	75.188	7.9712
3041.748284	75.182	7.5723
3042.114495	75.180	7.2578
3042.480706	75.193	6.9136
3042.846917	75.201	6.4521
3043.213128	75.191	6.0176
3043.579339	75.183	5.6826
3043.945550	75.187	5.3389
3044.311761	75.188	4.9521
3044.677972	75.185	4.5811
3045.044183	75.183	4.2471
3045.410394	75.189	3.9155
3045.776605	75.200	3.5137
3046.142816	75.197	3.0488
3046.509027	75.180	2.6768
3046.875238	75.177	2.4111
3047.241449	75.190	2.0537
3047.607660	75.188	1.6006
3047.973871	75.173	1.2461
3048.340082	75.170	0.9614
3048.706293	75.175	0.6279
3049.072504	75.179	0.2939
3049.438715	75.191	-0.0649
3049.804926	75.198	-0.5234
3050.171136	75.189	-0.9473
3050.537347	75.186	-1.2734
3050.903558	75.196	-1.6587
3051.269769	75.195	-2.1201
3051.635980	75.183	-2.5186
3052.002191	75.175	-2.8340
3052.368402	75.179	-3.1396
3052.734613	75.189	-3.5039
3053.100824	75.193	-3.9062
3053.467035	75.194	-4.2812
3053.833246	75.198	-4.6763
3054.199457	75.192	-5.0947
3054.565668	75.182	-5.4155
3054.931879	75.189	-5.7056
3055.298090	75.198	-6.1016
3055.664301	75.193	-6.5059
3056.030512	75.188	-6.8545
3056.396723	75.184	-7.1953
3056.762934	75.181	-7.4951
3057.129145	75.193	-7.8203
3057.495356	75.199	-8.2705
3057.861567	75.185	-8.6899
3058.227778	75.175	-8.9863
3058.593989	75.180	-9.3115
3058.960200	75.182	-9.7114
3059.326411	75.177	-10.0986
3059.692622	75.173	-10.4575
3060.058833	75.173	-10.8281
3060.425044	75.171	-11.2256
3060.791255	75.165	-11.5952
3061.157466	75.167	-11.9316
3061.523676	75.173	-12.3311
3061.889887	75.167	-12.7275
3062.256098	75.167	-13.0176
3062.622309	75.187	-13.3774
3062.988520	75.195	-13.8774
3063.354731	75.183	-14.2915
3063.720942	75.182	-14.6006
3064.087153	75.193	-14.9600
3064.453364	75.199	-15.3613
3064.819575	75.202	-15.7607
3065.185786	75.202	-16.1582
3065.551997	75.201	-16.5269
3065.918208	75.201	-16.8872
3066.284419	75.201	-17.2466
3066.650630	75.201	-17.5889
3067.016841	75.203	-17.9287
3067.383052	75.207	-18.2383
3067.749263	75.224	-18.5859
3068.115474	75.234	-19.0835
3068.481685	75.215	-19.5205
3068.847896	75.207	-19.7520
3069.214107	75.229	-20.0791
3069.580318	75.236	-20.5771
3069.946529	75.225	-20.9780
3070.312740	75.228	-21.3408
3070.678951	75.224	-21.7808
3071.045162	75.210	-22.1279
3071.411373	75.213	-22.4043
3071.777584	75.225	-22.7817
3072.143795	75.227	-23.2017
3072.510006	75.225	-23.5854
3072.876216	75.225	-23.9600
3073.242427	75.225	-24.3174
3073.608638	75.229	-24.6836
3073.974849	75.230	-25.0801
3074.341060	75.225	-25.4404
3074.707271	75.227	-25.7578
3075.073482	75.236	-26.1187
3075.439693	75.237	-26.5254
3075.805904	75.229	-26.8755
3076.172115	75.231	-27.1406
3076.538326	75.250	-27.4736
3076.904537	75.258	-27.9453
3077.270748	75.243	-28.3398
3077.636959	75.241	-28.5752
3078.003170	75.264	-28.9111
3078.369381	75.270	-29.3940
3078.735592	75.257	-29.7578
3079.101803	75.265	-30.0312
3079.468014	75.283	-30.4492
3079.834225	75.281	-30.9248
3080.200436	75.273	-31.2979
3080.566647	75.276	-31.6792
3080.932858	75.268	-32.0981
3081.299069	75.256	-32.4087
3081.665280	75.264	-32.6895
3082.031491	75.275	-33.1035
3082.397702	75.264	-33.5137
3082.763913	75.258	-33.7651
3083.130124	75.279	-34.0459
3083.496335	75.298	-34.5195
3083.862545	75.289	-34.9971
3084.228756	75.279	-35.3242
3084.594967	75.285	-35.6602
3084.961178	75.285	-36.0620
3085.327389	75.280	-36.3857
3085.693600	75.292	-36.6982
3086.059811	75.303	-37.1279
3086.426022	75.299	-37.5488
3086.792233	75.298	-37.9004
3087.158444	75.301	-38.2852
3087.524655	75.300	-38.6670
3087.890866	75.302	-39.0220
3088.257077	75.305	-39.4180
3088.623288	75.302	-39.7891
3088.989499	75.308	-40.1377
3089.355710	75.312	-40.5625
3089.721921	75.302	-40.9453
3090.088132	75.302	-41.2217
3090.454343	75.318	-41.5762
3090.820554	75.323	-42.0098
3091.186765	75.321	-42.3740
3091.552976	75.330	-42.7197
3091.919187	75.340	-43.1367
3092.285398	75.340	-43.5845
3092.651609	75.332	-43.9849
3093.017820	75.326	-44.3101
3093.384031	75.332	-44.6353
3093.750242	75.339	-45.0200
3094.116453	75.340	-45.4019
3094.482664	75.343	-45.7749
3094.848875	75.344	-46.1826
3095.215085	75.337	-46.5537
3095.581296	75.338	-46.8706
3095.947507	75.347	-47.2432
3096.313718	75.347	-47.6685
3096.679929	75.339	-48.0332
3097.046140	75.341	-48.3560
3097.412351	75.348	-48.7534
3097.778562	75.339	-49.1738
3098.144773	75.325	-49.4463
3098.510984	75.340	-49.6729
3098.877195	75.365	-50.0996
3099.243406	75.360	-50.5908
3099.609617	75.349	-50.9043
3099.975828	75.363	-51.2041
3100.342039	75.376	-51.6562
3100.708250	75.369	-52.0986
3101.074461	75.363	-52.4385
3101.440672	75.367	-52.7793
3101.806883	75.371	-53.1597
3102.173094	75.372	-53.5405
3102.539305	75.372	-53.9058
3102.905516	75.374	-54.2681
3103.271727	75.374	-54.6289
3103.637938	75.376	-54.9590
3104.004149	75.388	-55.3081
3104.370360	75.398	-55.7646
3104.736571	75.386	-56.2056
3105.102782	75.376	-56.4922
3105.468993	75.390	-56.7959
3105.835204	75.398	-57.2471
3106.201414	75.387	-57.6484
3106.567625	75.385	-57.9336
3106.933836	75.397	-58.3027
3107.300047	75.393	-58.7207
3107.666258	75.387	-59.0122
3108.032469	75.402	-59.3076
3108.398680	75.416	-59.7368
3108.764891	75.416	-60.1475
3109.131102	75.422	-60.5332
3109.497313	75.423	-61.0127
3109.863524	75.402	-61.4185
3110.229735	75.392	-61.6484
3110.595946	75.408	-61.9272
3110.962157	75.422	-62.3359
3111.328368	75.425	-62.7490
3111.694579	75.426	-63.1592
3112.060790	75.421	-63.5566
3112.427001	75.418	-63.8896
3112.793212	75.426	-64.2373
3113.159423	75.431	-64.6621
3113.525634	75.425	-65.0791
3113.891845	75.417	-65.4199
3114.258056	75.420	-65.7041
3114.624267	75.438	-66.0449
3114.990478	75.453	-66.5249
3115.356689	75.444	-67.0137
3115.722900	75.430	-67.3594
3116.089111	75.433	-67.6504
3116.455322	75.444	-68.0137
3116.821533	75.450	-68.4258
3117.187744	75.449	-68.8340
3117.553954	75.443	-69.1865
3117.920165	75.447	-69.4756
3118.286376	75.465	-69.8252
3118.652587	75.474	-70.2920
3119.018798	75.465	-70.7070
3119.385009	75.463	-71.0098
3119.751220	75.474	-71.3662
3120.117431	75.475	-71.7988
3120.483642	75.465	-72.1392
3120.849853	75.471	-72.4160
3121.216064	75.485	-72.7900
3121.582275	75.486	-73.2100
3121.948486	75.483	-73.5581
3122.314697	75.490	-73.9033
3122.680908	75.495	-74.3076
3123.047119	75.493	-74.7012
3123.413330	75.493	-75.0635
3123.779541	75.495	-75.4375
3124.145752	75.496	-75.8096
3124.511963	75.499	-76.1724
3124.878174	75.505	-76.5713
3125.244385	75.505	-76.9917
3125.610596	75.500	-77.3770
3125.976807	75.498	-77.7344
3126.343018	75.499	-78.0928
3126.709229	75.501	-78.4443
3127.075440	75.508	-78.8042
3127.441651	75.514	-79.2051
3127.807862	75.512	-79.5986
3128.174073	75.512	-79.9209
3128.540284	75.526	-80.2617
3128.906494	75.538	-80.7314
3129.272705	75.526	-81.1895
3129.638916	75.514	-81.4746
3130.005127	75.528	-81.7490
3130.371338	75.543	-82.1943
3130.737549	75.533	-82.6436
3131.103760	75.522	-82.9307
3131.469971	75.534	-83.2227
3131.836182	75.543	-83.6416
3132.202393	75.537	-84.0220
3132.568604	75.540	-84.3135
3132.934815	75.555	-84.6968
3133.301026	75.555	-85.1514
3133.667237	75.547	-85.5098
3134.033448	75.553	-85.8486
3134.399659	75.557	-86.2793
3134.765870	75.546	-86.6660
3135.132081	75.543	-86.9561
3135.498292	75.556	-87.2954
3135.864503	75.563	-87.7295
3136.230714	75.557	-88.1606
3136.596925	75.545	-88.4941
3136.963136	75.547	-88.7480
3137.329347	75.568	-89.0879
3137.695558	75.578	-89.5586
3138.061769	75.570	-89.9575
3138.427980	75.575	-90.2695
3138.794191	75.589	-90.7021
3139.160402	75.579	-91.1660
3139.526613	75.566	-91.4434
3139.892823	75.584	-91.7129
3140.259034	75.600	-92.1719
3140.625245	75.591	-92.6045
3140.991456	75.589	-92.8965
3141.357667	75.605	-93.2568
3141.723878	75.608	-93.6973
3142.090089	75.606	-94.0693
3142.456300	75.610	-94.4404
3142.822511	75.608	-94.8379
3143.188722	75.605	-95.1416
3143.554933	75.623	-95.4717
3143.921144	75.635	-95.9697
3144.287355	75.618	-96.4219
3144.653566	75.606	-96.6782
3145.019777	75.621	-96.9512
3145.385988	75.637	-97.3789
3145.752199	75.634	-97.8188
3146.118410	75.628	-98.1621
3146.484621	75.632	-98.4707
3146.850832	75.644	-98.8281
3147.217043	75.653	-99.2432
3147.583254	75.652	-99.6587
3147.949465	75.648	-100.0156
3148.315676	75.651	-100.3403
3148.681887	75.660	-100.7012
3149.048098	75.665	-101.0928
3149.414309	75.667	-101.4707
3149.780520	75.671	-101.8389
3150.146731	75.676	-102.2163
3150.512942	75.679	-102.6089
3150.879153	75.678	-102.9990
3151.245363	75.677	-103.3477
3151.611574	75.684	-103.7021
3151.977785	75.689	-104.1240
3152.343996	75.682	-104.5317
3152.710207	75.676	-104.8701
3153.076418	75.677	-105.2041
3153.442629	75.678	-105.5371
3153.808840	75.687	-105.8794
3154.175051	75.694	-106.2944
3154.541262	75.687	-106.6797
3154.907473	75.689	-106.9746
3155.273684	75.704	-107.3389
3155.639895	75.709	-107.7583
3156.006106	75.714	-108.1279
3156.372317	75.727	-108.5811
3156.738528	75.715	-109.0771
3157.104739	75.697	-109.3730
3157.470950	75.710	-109.6211
3157.837161	75.729	-110.0503
3158.203372	75.729	-110.5127
3158.569583	75.724	-110.9160
3158.935794	75.717	-111.2891
3159.302005	75.714	-111.5586
3159.668216	75.738	-111.8740
3160.034427	75.753	-112.4072
3160.400638	75.732	-112.8730
3160.766849	75.722	-113.1211
3161.133060	75.738	-113.4307
3161.499271	75.746	-113.8477
3161.865482	75.750	-114.2275
3162.231692	75.757	-114.6455
3162.597903	75.750	-115.0840
3162.964114	75.740	-115.4165
3163.330325	75.744	-115.7271
3163.696536	75.749	-116.0786
3164.062747	75.756	-116.4229
3164.428958	75.768	-116.8252
3164.795169	75.767	-117.2676
3165.161380	75.760	-117.6172
3165.527591	75.766	-117.9453
3165.893802	75.773	-118.3403
3166.260013	75.772	-118.7168
3166.626224	75.777	-119.0698
3166.992435	75.782	-119.4629
3167.358646	75.781	-119.8398
3167.724857	75.783	-120.1689
3168.091068	75.793	-120.5117
3168.457279	75.804	-120.9053
3168.823490	75.809	-121.3369
3169.189701	75.805	-121.7334
3169.555912	75.806	-122.0688
3169.922123	75.815	-122.4443
3170.288334	75.815	-122.8706
3170.654545	75.809	-123.2222
3171.020756	75.815	-123.5352
3171.386967	75.826	-123.9443
3171.753178	75.821	-124.3809
3172.119389	75.812	-124.7217
3172.485600	75.815	-125.0283
3172.851811	75.823	-125.3877
3173.218022	75.827	-125.7710
3173.584232	75.829	-126.1562
3173.950443	75.828	-126.5430
3174.316654	75.825	-126.8755
3174.682865	75.834	-127.1943
3175.049076	75.845	-127.6152
3175.415287	75.840	-128.0386
3175.781498	75.838	-128.3457
3176.147709	75.853	-128.7061
3176.513920	75.854	-129.1611
3176.880131	75.846	-129.4888
3177.246342	75.862	-129.7817
3177.612553	75.881	-130.2725
3177.978764	75.869	-130.7637
3178.344975	75.858	-131.0801
3178.711186	75.866	-131.4238
3179.077397	75.864	-131.8350
3179.443608	75.859	-132.1567
3179.809819	75.868	-132.4717
3180.176030	75.877	-132.8828
3180.542241	75.873	-133.2729
3180.908452	75.874	-133.6069
3181.274663	75.881	-133.9639
3181.640874	75.886	-134.3516
3182.007085	75.889	-134.7373
3182.373296	75.892	-135.0977
3182.739507	75.905	-135.4546
3183.105718	75.921	-135.9302
3183.471929	75.912	-136.4595
3183.838140	75.891	-136.7896
3184.204351	75.901	-137.0283
3184.570561	75.923	-137.4717
3184.936772	75.917	-137.9570
3185.302983	75.910	-138.2676
3185.669194	75.927	-138.6187
3186.035405	75.932	-139.0938
3186.401616	75.924	-139.4824
3186.767827	75.929	-139.8203
3187.134038	75.933	-140.2251
3187.500249	75.929	-140.5811
3187.866460	75.938	-140.8945
3188.232671	75.950	-141.2935
3188.598882	75.951	-141.7002
3188.965093	75.954	-142.0439
3189.331304	75.965	-142.4185
3189.697515	75.973	-142.8525
3190.063726	75.971	-143.2881
3190.429937	75.963	-143.6729
3190.796148	75.960	-143.9893
3191.162359	75.970	-144.3311
3191.528570	75.975	-144.7495
3191.894781	75.972	-145.1279
3192.260992	75.979	-145.4746
3192.627203	75.986	-145.9141
3192.993414	75.977	-146.3418
3193.359625	75.972	-146.6611
3193.725836	75.981	-147.0176
3194.092047	75.981	-147.4238
3194.458258	75.980	-147.7471
3194.824469	75.996	-148.0986
3195.190680	76.004	-148.5781
3195.556891	75.991	-148.9883
3195.923101	75.990	-149.2549
3196.289312	76.011	-149.5850
3196.655523	76.027	-150.0601
3197.021734	76.023	-150.5396
3197.387945	76.013	-150.9126
3197.754156	76.015	-151.2271
3198.120367	76.025	-151.5918
3198.486578	76.028	-151.9858
3198.852789	76.033	-152.3320
3199.219000	76.048	-152.7212
3199.585211	76.054	-153.2080
3199.951422	76.042	-153.6333
3200.317633	76.037	-153.9541
3200.683844	76.044	-154.2979
3201.050055	76.049	-154.6719
3201.416266	76.056	-155.0601
3201.782477	76.057	-155.4834
3202.148688	76.050	-155.8369
3202.514899	76.060	-156.1284
3202.881110	76.080	-156.5527
3203.247321	76.079	-157.0557
3203.613532	76.068	-157.4248
3203.979743	76.074	-157.7456
3204.345954	76.083	-158.1577
3204.712165	76.081	-158.5654
3205.078376	76.082	-158.9170
3205.444587	76.088	-159.2939
3205.810798	76.090	-159.6826
3206.177009	76.092	-160.0347
3206.543220	76.101	-160.3926
3206.909431	76.108	-160.7803
3207.275641	76.115	-161.1670
3207.641852	76.123	-161.5684
3208.008063	76.128	-162.0137
3208.374274	76.121	-162.4414
3208.740485	76.113	-162.7754
3209.106696	76.120	-163.0742
3209.472907	76.136	-163.4619
3209.839118	76.140	-163.9209
3210.205329	76.133	-164.3271
3210.571540	76.132	-164.6602
3210.937751	76.140	-165.0107
3211.303962	76.148	-165.4155
3211.670173	76.151	-165.8271
3212.036384	76.152	-166.2227
3212.402595	76.153	-166.6074
3212.768806	76.156	-166.9736
3213.135017	76.164	-167.3418
3213.501228	76.175	-167.7583
3213.867439	76.179	-168.2144
3214.233650	76.175	-168.6523
3214.599861	76.166	-169.0273
3214.966072	76.164	-169.3408
3215.332283	76.174	-169.6606
3215.698494	76.186	-170.0391
3216.064705	76.195	-170.4453
3216.430916	76.200	-170.8706
3216.797127	76.196	-171.2891
3217.163338	76.190	-171.6089
3217.529549	76.203	-171.9033
3217.895760	76.218	-172.3223
3218.261970	76.217	-172.7393
3218.628181	76.223	-173.0654
3218.994392	76.239	-173.4937
3219.360603	76.233	-173.9707
3219.726814	76.225	-174.2837
3220.093025	76.241	-174.6206
3220.459236	76.247	-175.1152
3220.825447	76.231	-175.5088
3221.191658	76.232	-175.7881
3221.557869	76.244	-176.1675
3221.924080	76.243	-176.5728
3222.290291	76.246	-176.9150
3222.656502	76.255	-177.2959
3223.022713	76.258	-177.7007
3223.388924	76.262	-178.0889
3223.755135	76.265	-178.4902
3224.121346	76.266	-178.8579
3224.487557	76.278	-179.2300
3224.853768	76.286	-179.7021
3225.219979	76.277	179.8672
3225.586190	76.277	179.5488
3225.952401	76.291	179.1504
3226.318612	76.292	178.6807
3226.684823	76.286	178.2988
3227.051034	76.292	177.9121
3227.417245	76.289	177.4590
3227.783456	76.275	177.1113
3228.149667	76.279	176.8564
3228.515878	76.300	176.4897
3228.882089	76.307	176.0186
3229.248300	76.300	175.6191
3229.614510	76.303	175.3037
3229.980721	76.319	174.9160
3230.346932	76.323	174.4209
3230.713143	76.306	174.0049
3231.079354	76.298	173.7500
3231.445565	76.315	173.4736
3231.811776	76.334	173.0586
3232.177987	76.339	172.6079
3232.544198	76.339	172.1919
3232.910409	76.338	171.7900
3233.276620	76.335	171.4199
3233.642831	76.338	171.0713
3234.009042	76.345	170.6934
3234.375253	76.348	170.3018
3234.741464	76.354	169.9131
3235.107675	76.358	169.4858
3235.473886	76.352	169.0620
3235.840097	76.346	168.7266
3236.206308	76.354	168.4092
3236.572519	76.366	168.0078
3236.938730	76.370	167.5791
3237.304941	76.372	167.1836
3237.671152	76.375	166.7749
3238.037363	76.373	166.3667
3238.403574	76.371	166.0312
3238.769785	76.384	165.6982
3239.135996	76.400	165.2563
3239.502207	76.399	164.7876
3239.868418	76.394	164.4082
3240.234629	76.398	164.0527
3240.600839	76.403	163.6641
3240.967050	76.408	163.2803
3241.333261	76.414	162.8765
3241.699472	76.412	162.4590
3242.065683	76.409	162.1055
3242.431894	76.414	161.7549
3242.798105	76.415	161.3643
3243.164316	76.412	161.0557
3243.530527	76.430	160.7549
3243.896738	76.448	160.2808
3244.262949	76.438	159.8018
3244.629160	76.427	159.5039
3244.995371	76.441	159.1958
3245.361582	76.452	158.7549
3245.727793	76.447	158.3472
3246.094004	76.448	158.0225
3246.460215	76.461	157.6548
3246.826426	76.470	157.2129
3247.192637	76.469	156.7690
3247.558848	76.464	156.3779
3247.925059	76.463	156.0400
3248.291270	76.472	155.7026
3248.657481	76.485	155.3208
3249.023692	76.497	154.8931
3249.389903	76.502	154.4238
3249.756114	76.494	153.9800
3250.122325	76.486	153.6670
3250.488536	76.503	153.3828
3250.854747	76.526	152.9121
3251.220958	76.518	152.3838
3251.587169	76.501	152.0771
3251.953379	76.517	151.8350
3252.319590	76.542	151.3721
3252.685801	76.536	150.8457
3253.052012	76.519	150.5044
3253.418223	76.524	150.2412
3253.784434	76.540	149.8828
3254.150645	76.549	149.4536
3254.516856	76.551	149.0415
3254.883067	76.553	148.6553
3255.249278	76.557	148.2559
3255.615489	76.557	147.8408
3255.981700	76.553	147.4517
3256.347911	76.552	147.0972
3256.714122	76.556	146.7383
3257.080333	76.562	146.3408
3257.446544	76.561	145.9316
3257.812755	76.558	145.5752
3258.178966	76.564	145.2446
3258.545177	76.577	144.8452
3258.911388	76.580	144.3926
3259.277599	76.574	143.9932
3259.643810	76.573	143.6689
3260.010021	76.586	143.3213
3260.376232	76.599	142.8696
3260.742443	76.593	142.4062
3261.108654	76.584	142.0596
3261.474865	76.589	141.7451
3261.841076	76.597	141.3550
3262.207287	76.596	140.9844
3262.573498	76.603	140.6758
3262.939709	76.621	140.3145
3263.305919	76.635	139.8730
3263.672130	76.640	139.4229
3264.038341	76.640	139.0020
3264.404552	76.643	138.5986
3264.770763	76.644	138.1748
3265.136974	76.638	137.7832
3265.503185	76.640	137.4775
3265.869396	76.659	137.0952
3266.235607	76.663	136.5889
3266.601818	76.650	136.1992
3266.968029	76.656	135.8965
3267.334240	76.669	135.4453
3267.700451	76.656	135.0122
3268.066662	76.653	134.7578
3268.432873	76.676	134.3999
3268.799084	76.679	133.8823
3269.165295	76.661	133.5298
3269.531506	76.669	133.3008
3269.897717	76.694	132.8970
3270.263928	76.696	132.4102
3270.630139	76.690	132.0557
3270.996350	76.703	131.7026
3271.362561	76.710	131.2271
3271.728772	76.697	130.8037
3272.094983	76.692	130.5176
3272.461194	76.707	130.2026
3272.827405	76.723	129.7793
3273.193616	76.728	129.3027
3273.559827	76.720	128.8320
3273.926038	76.703	128.4795
3274.292248	76.705	128.2388
3274.658459	76.727	127.8906
3275.024670	76.736	127.4126
3275.390881	76.732	127.0088
3275.757092	76.738	126.6494
3276.123303	76.745	126.2275
3276.489514	76.746	125.8340
3276.855725	76.755	125.4438
3277.221936	76.757	124.9668
3277.588147	76.742	124.5781
3277.954358	76.745	124.3252
3278.320569	76.767	123.9517
3278.686780	76.773	123.4727
3279.052991	76.770	123.0854
3279.419202	76.778	122.6943
3279.785413	76.776	122.2441
3280.151624	76.766	121.9023
3280.517835	76.774	121.6113
3280.884046	76.789	121.2139
3281.250257	76.793	120.7910
3281.616468	76.795	120.3975
3281.982679	76.796	119.9990
3282.348890	76.795	119.6533
3282.715101	76.807	119.3110
3283.081312	76.818	118.8682
3283.447523	76.813	118.4463
3283.813734	76.814	118.1343
3284.179945	76.833	117.7778
3284.546156	76.849	117.2920
3284.912367	76.845	116.7881
3285.278578	76.830	116.3921
3285.644788	76.828	116.1172
3286.010999	76.849	115.7988
3286.377210	76.870	115.2959
3286.743421	76.863	114.7598
3287.109632	76.846	114.3843
3287.475843	76.847	114.0737
3287.842054	76.854	113.6904
3288.208265	76.852	113.3105
3288.574476	76.857	112.9893
3288.940687	76.872	112.6152
3289.306898	76.881	112.1523
3289.673109	76.875	111.7256
3290.039320	76.873	111.3843
3290.405531	76.881	111.0332
3290.771742	76.889	110.6230
3291.137953	76.890	110.2202
3291.504164	76.892	109.8584
3291.870375	76.900	109.4810
3292.236586	76.906	109.0698
3292.602797	76.908	108.6777
3292.969008	76.913	108.2988
3293.335219	76.921	107.8809
3293.701430	76.921	107.4434
3294.067641	76.916	107.0459
3294.433852	76.913	106.7012
3294.800063	76.919	106.3613
3295.166274	76.929	105.9678
3295.532485	76.930	105.5479
3295.898696	76.927	105.1787
3296.264907	76.931	104.8477
3296.631117	76.944	104.4814
3296.997328	76.954	104.0513
3297.363539	76.954	103.6074
3297.729750	76.950	103.2227
3298.095961	76.953	102.8784
3298.462172	76.962	102.4927
3298.828383	76.968	102.0723
3299.194594	76.971	101.6470
3299.560805	76.969	101.2119
3299.927016	76.960	100.8164
3300.293227	76.955	100.4858
3300.659438	76.958	100.1641
3301.025649	76.965	99.8408
3301.391860	76.982	99.4937
3301.758071	77.000	99.0479
3302.124282	77.004	98.5522
3302.490493	76.996	98.1157
3302.856704	76.990	97.7598
3303.222915	76.995	97.4453
3303.589126	77.012	97.0713
3303.955337	77.023	96.5977
3304.321548	77.019	96.1533
3304.687759	77.019	95.7744
3305.053970	77.023	95.3652
3305.420181	77.022	94.9688
3305.786392	77.027	94.6055
3306.152603	77.035	94.1733
3306.518814	77.029	93.7534
3306.885025	77.028	93.4395
3307.251236	77.046	93.0557
3307.617447	77.049	92.5566
3307.983657	77.036	92.1538
3308.349868	77.036	91.8604
3308.716079	77.050	91.5176
3309.082290	77.063	91.1143
3309.448501	77.075	90.6777
3309.814712	77.080	90.1865
3310.180923	77.070	89.7256
3310.547134	77.059	89.3916
3310.913345	77.066	89.0938
3311.279556	77.081	88.6934
3311.645767	77.083	88.2402
3312.011978	77.077	87.8721
3312.378189	77.083	87.5659
3312.744400	77.100	87.1865
3313.110611	77.110	86.7305
3313.476822	77.110	86.2949
3313.843033	77.111	85.8955
3314.209244	77.113	85.4897
3314.575455	77.113	85.0830
3314.941666	77.110	84.6992
3315.307877	77.110	84.3428
3315.674088	77.115	83.9951
3316.040299	77.124	83.6094
3316.406510	77.128	83.1885
3316.772721	77.125	82.8018
3317.138932	77.129	82.4639
3317.505143	77.143	82.0967
3317.871354	77.156	81.6328
3318.237565	77.151	81.1338
3318.603776	77.135	80.7637
3318.969986	77.139	80.5078
3319.336197	77.164	80.1245
3319.702408	77.171	79.5859
3320.068619	77.155	79.1504
3320.434830	77.152	78.8535
3320.801041	77.165	78.5098
3321.167252	77.176	78.0981
3321.533463	77.186	77.6680
3321.899674	77.191	77.2026
3322.265885	77.188	76.7559
3322.632096	77.187	76.3481
3322.998307	77.184	75.9219
3323.364518	77.173	75.5537
3323.730729	77.175	75.2905
3324.096940	77.199	74.9370
3324.463151	77.211	74.4380
3324.829362	77.204	73.9990
3325.195573	77.206	73.6484
3325.561784	77.216	73.2427
3325.927995	77.218	72.7993
3326.294206	77.215	72.3984
3326.660417	77.216	72.0234
3327.026628	77.219	71.6450
3327.392839	77.222	71.2588
3327.759050	77.223	70.8862
3328.125261	77.230	70.5361
3328.491472	77.244	70.1289
3328.857683	77.246	69.6626
3329.223894	77.240	69.2705
3329.590105	77.244	68.9287
3329.956316	77.253	68.5117
3330.322526	77.252	68.0806
3330.688737	77.249	67.7080
3331.054948	77.252	67.3447
3331.421159	77.257	66.9746
3331.787370	77.267	66.5703
3332.153581	77.268	66.1128
3332.519792	77.259	65.7344
3332.886003	77.267	65.4204
3333.252214	77.282	64.9629
3333.618425	77.269	64.4854
3333.984636	77.258	64.2285
3334.350847	77.283	63.9307
3334.717058	77.297	63.3970
3335.083269	77.279	62.9912
3335.449480	77.288	62.7695
3335.815691	77.320	62.3262
3336.181902	77.318	61.7759
3336.548113	77.310	61.4375
3336.914324	77.331	61.0566
3337.280535	77.334	60.5098
3337.646746	77.316	60.1143
3338.012957	77.322	59.8135
3338.379168	77.334	59.3721
3338.745379	77.326	58.9526
3339.111590	77.328	58.6387
3339.477801	77.343	58.2529
3339.844012	77.350	57.8037
3340.210223	77.352	57.3760
3340.576434	77.352	56.9512
3340.942645	77.348	56.5566
3341.308856	77.349	56.2041
3341.675066	77.358	55.8281
3342.041277	77.367	55.4072
3342.407488	77.369	54.9585
3342.773699	77.363	54.5498
3343.139910	77.364	54.2197
3343.506121	77.378	53.8477
3343.872332	77.386	53.3848
3344.238543	77.382	52.9707
3344.604754	77.387	52.6094
3344.970965	77.396	52.1963
3345.337176	77.399	51.7695
3345.703387	77.403	51.3604
3346.069598	77.404	50.9248
3346.435809	77.397	50.5332
3346.802020	77.398	50.2100
3347.168231	77.408	49.8438
3347.534442	77.414	49.4463
3347.900653	77.422	49.0713
3348.266864	77.434	48.6318
3348.633075	77.430	48.1660
3348.999286	77.424	47.8213
3349.365497	77.438	47.4678
3349.731708	77.446	46.9663
3350.097919	77.430	46.5312
3350.464130	77.426	46.2427
3350.830341	77.442	45.8574
3351.196552	77.440	45.3804
3351.562763	77.429	45.0195
3351.928974	77.434	44.7051
3352.295185	77.444	44.2998
3352.661395	77.444	43.8770
3353.027606	77.442	43.5098
3353.393817	77.445	43.1680
3353.760028	77.455	42.8086
3354.126239	77.466	42.4102
3354.492450	77.474	42.0049
3354.858661	77.486	41.5889
3355.224872	77.494	41.1045
3355.591083	77.486	40.6504
3355.957294	77.483	40.3145
3356.323505	77.497	39.9248
3356.689716	77.498	39.4316
3357.055927	77.485	39.0576
3357.422138	77.494	38.7646
3357.788349	77.512	38.3125
3358.154560	77.505	37.8174
3358.520771	77.494	37.4805
3358.886982	77.503	37.1621
3359.253193	77.514	36.7500
3359.619404	77.518	36.3447
3359.985615	77.528	35.9297
3360.351826	77.531	35.4512
3360.718037	77.521	35.0459
3361.084248	77.525	34.7300
3361.450459	77.542	34.3174
3361.816670	77.545	33.8281
3362.182881	77.538	33.4141
3362.549092	77.537	33.0488
3362.915303	77.541	32.7021
3363.281514	77.557	32.3447
3363.647725	77.574	31.8477
3364.013935	77.564	31.3340
3364.380146	77.555	31.0195
3364.746357	77.574	30.6562
3365.112568	77.575	30.1079
3365.478779	77.549	29.7510
3365.844990	77.558	29.5625
3366.211201	77.589	29.1260
3366.577412	77.584	28.5830
3366.943623	77.570	28.2402
3367.309834	77.577	27.9106
3367.676045	77.578	27.5010
3368.042256	77.574	27.1924
3368.408467	77.593	26.8833
3368.774678	77.612	26.4023
3369.140889	77.606	25.9248
3369.507100	77.602	25.5811
3369.873311	77.614	25.1953
3370.239522	77.616	24.7192
3370.605733	77.606	24.3403
3370.971944	77.612	24.0332
3371.338155	77.629	23.6162
3371.704366	77.631	23.1523
3372.070577	77.630	22.7588
3372.436788	77.634	22.3589
3372.802999	77.633	21.9619
3373.169210	77.638	21.6260
3373.535421	77.655	21.2256
3373.901632	77.659	20.7490
3374.267843	77.654	20.3770
3374.634054	77.669	20.0381
3375.000264	77.685	19.5527
3375.366475	77.678	19.0596
3375.732686	77.669	18.7061
3376.098897	77.675	18.3604
3376.465108	77.680	17.9478
3376.831319	77.679	17.5645
3377.197530	77.683	17.2070
3377.563741	77.689	16.8164
3377.929952	77.693	16.4258
3378.296163	77.698	16.0449
3378.662374	77.705	15.6357
3379.028585	77.708	15.2129
3379.394796	77.710	14.7988
3379.761007	77.710	14.3784
3380.127218	77.708	13.9658
3380.493429	77.705	13.5889
3380.859640	77.708	13.2188
3381.225851	77.714	12.8057
3381.592062	77.712	12.3784
3381.958273	77.706	12.0215
3382.324484	77.715	11.7041
3382.690695	77.733	11.2812
3383.056906	77.735	10.7891
3383.423117	77.729	10.3984
3383.789328	77.739	10.0312
3384.155539	77.745	9.5557
3384.521750	77.734	9.1509
3384.887961	77.741	8.8691
3385.254172	77.767	8.4297
3385.620383	77.764	7.8682
3385.986594	77.745	7.5073
3386.352804	77.755	7.2485
3386.719015	77.778	6.8145
3387.085226	77.780	6.3115
3387.451437	77.775	5.9121
3387.817648	77.782	5.5254
3388.183859	77.786	5.0723
3388.550070	77.778	4.6421
3388.916281	77.771	4.3042
3389.282492	77.776	3.9839
3389.648703	77.786	3.6084
3390.014914	77.793	3.2319
3390.381125	77.808	2.8555
3390.747336	77.823	2.3691
3391.113547	77.816	1.8428
3391.479758	77.798	1.4741
3391.845969	77.800	1.2031
3392.212180	77.816	0.8281
3392.578391	77.821	0.3799
3392.944602	77.819	-0.0005
3393.310813	77.829	-0.3667
3393.677024	77.839	-0.8203
3394.043235	77.835	-1.2734
3394.409446	77.831	-1.6475
3394.775657	77.836	-2.0405
3395.141868	77.835	-2.4658
3395.508079	77.831	-2.8296
3395.874290	77.839	-3.1987
3396.240501	77.842	-3.6323
3396.606712	77.838	-4.0210
3396.972923	77.843	-4.3730
3397.339134	77.851	-4.7852
3397.705344	77.851	-5.1846
3398.071555	77.859	-5.5425
3398.437766	77.875	-5.9790
3398.803977	77.879	-6.4883
3399.170188	77.868	-6.9399
3399.536399	77.859	-7.2886
3399.902610	77.865	-7.5981
3400.268821	77.881	-7.9868
3400.635032	77.888	-8.4590
3401.001243	77.883	-8.8652
3401.367454	77.890	-9.2109
3401.733665	77.902	-9.6401
3402.099876	77.899	-10.0786
3402.466087	77.900	-10.4077
3402.832298	77.919	-10.7773
3403.198509	77.931	-11.2817
3403.564720	77.924	-11.7559
3403.930931	77.917	-12.1318
3404.297142	77.918	-12.4917
3404.663353	77.923	-12.8438
3405.029564	77.937	-13.2383
3405.395775	77.942	-13.7393
3405.761986	77.924	-14.1655
3406.128197	77.920	-14.4141
3406.494408	77.944	-14.7490
3406.860619	77.957	-15.2656
3407.226830	77.947	-15.7114
3407.593041	77.948	-16.0732
3407.959252	77.952	-16.5039
3408.325463	77.946	-16.8945
3408.691673	77.952	-17.2129
3409.057884	77.971	-17.6533
3409.424095	77.969	-18.1680
3409.790306	77.957	-18.5635
3410.156517	77.960	-18.9116
3410.522728	77.966	-19.3223
3410.888939	77.966	-19.7383
3411.255150	77.966	-20.1299
3411.621361	77.967	-20.5142
3411.987572	77.971	-20.8936
3412.353783	77.976	-21.2861
3412.719994	77.980	-21.6758
3413.086205	77.988	-22.0552
3413.452416	78.000	-22.4912
3413.818627	78.000	-22.9590
3414.184838	77.994	-23.3564
3414.551049	77.996	-23.7056
3414.917260	78.005	-24.0742
3415.283471	78.018	-24.4829
3415.649682	78.028	-24.9609
3416.015893	78.022	-25.4385
3416.382104	78.013	-25.8052
3416.748315	78.020	-26.1426
3417.114526	78.030	-26.5601
3417.480737	78.031	-26.9858
3417.846948	78.033	-27.3799
3418.213159	78.037	-27.7822
3418.579370	78.038	-28.1689
3418.945581	78.046	-28.5396
3419.311792	78.058	-28.9653
3419.678003	78.061	-29.4336
3420.044213	78.056	-29.8579
3420.410424	78.054	-30.2241
3420.776635	78.058	-30.5879
3421.142846	78.065	-30.9658
3421.509057	78.074	-31.3545
3421.875268	78.085	-31.7920
3422.241479	78.085	-32.2520
3422.607690	78.080	-32.6328
3422.973901	78.089	-32.9854
3423.340112	78.103	-33.4385
3423.706323	78.101	-33.9360
3424.072534	78.089	-34.3525
3424.438745	78.082	-34.6831
3424.804956	78.088	-34.9961
3425.171167	78.104	-35.3809
3425.537378	78.111	-35.8457
3425.903589	78.106	-36.2773
3426.269800	78.104	-36.6348
3426.636011	78.112	-36.9966
3427.002222	78.121	-37.4136
3427.368433	78.124	-37.8643
3427.734644	78.118	-38.2754
3428.100855	78.117	-38.6143
3428.467066	78.128	-38.9717
3428.833277	78.138	-39.4023
3429.199488	78.141	-39.8457
3429.565699	78.140	-40.2739
3429.931910	78.136	-40.6729
3430.298121	78.136	-41.0215
3430.664332	78.147	-41.3887
3431.030542	78.157	-41.8311
3431.396753	78.155	-42.2822
3431.762964	78.151	-42.6670
3432.129175	78.156	-43.0122
3432.495386	78.170	-43.4326
3432.861597	78.171	-43.9282
3433.227808	78.159	-44.3267
3433.594019	78.162	-44.6318
3433.960230	78.179	-45.0420
3434.326441	78.181	-45.5371
3434.692652	78.171	-45.9512
3435.058863	78.169	-46.2822
3435.425074	78.179	-46.6289
3435.791285	78.192	-47.0586
3436.157496	78.193	-47.5254
3436.523707	78.188	-47.9102
3436.889918	78.196	-48.2559
3437.256129	78.210	-48.6865
3437.622340	78.214	-49.1621
3437.988551	78.212	-49.6250
3438.354762	78.203	-50.0547
3438.720973	78.197	-50.3945
3439.087184	78.209	-50.7515
3439.453395	78.217	-51.2363
3439.819606	78.205	-51.6650
3440.185817	78.206	-51.9849
3440.552028	78.219	-52.4072
3440.918239	78.213	-52.8589
3441.284450	78.211	-53.1719
3441.650661	78.231	-53.5605
3442.016872	78.234	-54.0972
3442.383082	78.216	-54.4858
3442.749293	78.222	-54.7573
3443.115504	78.242	-55.1836
3443.481715	78.241	-55.6553
3443.847926	78.241	-56.0186
3444.214137	78.256	-56.4390
3444.580348	78.257	-56.9551
3444.946559	78.243	-57.3936
3445.312770	78.235	-57.7300
3445.678981	78.238	-58.0410
3446.045192	78.254	-58.3965
3446.411403	78.269	-58.8604
3446.777614	78.268	-59.3623
3447.143825	78.258	-59.7627
3447.510036	78.263	-60.1045
3447.876247	78.276	-60.5449
3448.242458	78.272	-61.0610
3448.608669	78.253	-61.4463
3448.974880	78.255	-61.7021
3449.341091	78.278	-62.0889
3449.707302	78.283	-62.6064
3450.073513	78.273	-63.0273
3450.439724	78.275	-63.4009
3450.805935	78.274	-63.8164
3451.172146	78.273	-64.1611
3451.538357	78.289	-64.5322
3451.904568	78.296	-65.0469
3452.270779	78.280	-65.4678
3452.636990	78.281	-65.7490
3453.003201	78.300	-66.1582
3453.369411	78.301	-66.6348
3453.735622	78.302	-67.0098
3454.101833	78.315	-67.4551
3454.468044	78.310	-67.9927
3454.834255	78.289	-68.3789
3455.200466	78.287	-68.6665
3455.566677	78.298	-69.0342
3455.932888	78.304	-69.4336
3456.299099	78.313	-69.8579
3456.665310	78.313	-70.3218
3457.031521	78.306	-70.7031
3457.397732	78.315	-71.0557
3457.763943	78.327	-71.5117
3458.130154	78.326	-71.9678
3458.496365	78.328	-72.3901
3458.862576	78.325	-72.8467
3459.228787	78.315	-73.2109
3459.594998	78.327	-73.5273
3459.961209	78.344	-74.0176
3460.327420	78.332	-74.5127
3460.693631	78.325	-74.8291
3461.059842	78.340	-75.2041
3461.426053	78.340	-75.6709
3461.792264	78.336	-76.0195
3462.158475	78.351	-76.3745
3462.524686	78.361	-76.8730
3462.890897	78.351	-77.3145
3463.257108	78.349	-77.6406
3463.623319	78.361	-78.0195
3463.989530	78.367	-78.4473
3464.355741	78.372	-78.8647
3464.721951	78.376	-79.3359
3465.088162	78.363	-79.7891
3465.454373	78.350	-80.0728
3465.820584	78.370	-80.3438
3466.186795	78.395	-80.8447
3466.553006	78.387	-81.3936
3466.919217	78.373	-81.7451
3467.285428	78.384	-82.0991
3467.651639	78.387	-82.5854
3468.017850	78.375	-82.9702
3468.384061	78.385	-83.2666
3468.750272	78.407	-83.7402
3469.116483	78.401	-84.2900
3469.482694	78.385	-84.6689
3469.848905	78.390	-84.9912
3470.215116	78.403	-85.4326
3470.581327	78.400	-85.9097
3470.947538	78.393	-86.2998
3471.313749	78.396	-86.6582
3471.679960	78.403	-87.0801
3472.046171	78.399	-87.4917
3472.412382	78.402	-87.8130
3472.778593	78.424	-88.2090
3473.144804	78.432	-88.7588
3473.511015	78.415	-89.2129
3473.877226	78.412	-89.5107
3474.243437	78.428	-89.8960
3474.609648	78.433	-90.3682
3474.975859	78.432	-90.7695
3475.342070	78.440	-91.1885
3475.708281	78.440	-91.6689
3476.074491	78.431	-92.0674
3476.440702	78.436	-92.4316
3476.806913	78.440	-92.8872
3477.173124	78.430	-93.3101
3477.539335	78.429	-93.6318
3477.905546	78.440	-94.0225
3478.271757	78.441	-94.4688
3478.637968	78.438	-94.8286
3479.004179	78.450	-95.2119
3479.370390	78.454	-95.6836
3479.736601	78.447	-96.0776
3480.102812	78.453	-96.4307
3480.469023	78.460	-96.8691
3480.835234	78.456	-97.2666
3481.201445	78.466	-97.6162
3481.567656	78.480	-98.0850
3481.933867	78.475	-98.5742
3482.300078	78.468	-98.9609
3482.666289	78.469	-99.3491
3483.032500	78.467	-99.7456
3483.398711	78.467	-100.1016
3483.764922	78.474	-100.4805
3484.131133	78.478	-100.8682
3484.497344	78.487	-101.2495
3484.863555	78.497	-101.7012
3485.229766	78.494	-102.1562
3485.595977	78.492	-102.5327
3485.962188	78.500	-102.9321
3486.328399	78.502	-103.3789
3486.694610	78.499	-103.7852
3487.060820	78.503	-104.1807
3487.427031	78.507	-104.6260
3487.793242	78.501	-105.0840
3488.159453	78.490	-105.4751
3488.525664	78.488	-105.7925
3488.891875	78.503	-106.1650
3489.258086	78.510	-106.6738
3489.624297	78.492	-107.1494
3489.990508	78.477	-107.4375
3490.356719	78.490	-107.6963
3490.722930	78.514	-108.1299
3491.089141	78.518	-108.6582
3491.455352	78.507	-109.0879
3491.821563	78.507	-109.4307
3492.187774	78.520	-109.8247
3492.553985	78.527	-110.2954
3492.920196	78.524	-110.7559
3493.286407	78.518	-111.1431
3493.652618	78.524	-111.4961
3494.018829	78.539	-111.9287
3494.385040	78.540	-112.4341
3494.751251	78.527	-112.8477
3495.117462	78.528	-113.1631
3495.483673	78.542	-113.5518
3495.849884	78.547	-114.0215
3496.216095	78.541	-114.4346
3496.582306	78.544	-114.7925
3496.948517	78.554	-115.2114
3497.314728	78.553	-115.6870
3497.680939	78.539	-116.0757
3498.047150	78.538	-116.3525
3498.413360	78.557	-116.6963
3498.779571	78.572	-117.1719
3499.145782	78.571	-117.6450
3499.511993	78.568	-118.0708
3499.878204	78.567	-118.4824
3500.244415	78.568	-118.8711
3500.610626	78.576	-119.2993
3500.976837	78.575	-119.7959
3501.343048	78.561	-120.2236
3501.709259	78.557	-120.5596
3502.075470	78.566	-120.9492
3502.441681	78.567	-121.4053
3502.807892	78.559	-121.8013
3503.174103	78.561	-122.1187
3503.540314	78.581	-122.5010
3503.906525	78.592	-123.0234
3504.272736	78.581	-123.5063
3504.638947	78.574	-123.8311
3505.005158	78.591	-124.1924
3505.371369	78.601	-124.6895
3505.737580	78.595	-125.1377
3506.103791	78.596	-125.5205
3506.470002	78.600	-125.9580
3506.836213	78.596	-126.3691
3507.202424	78.600	-126.7324
3507.568635	78.609	-127.1855
3507.934846	78.600	-127.6392
3508.301057	78.594	-127.9609
3508.667268	78.609	-128.3223
3509.033479	78.615	-128.8052
3509.399689	78.606	-129.2266
3509.765900	78.606	-129.5713
3510.132111	78.615	-129.9604
3510.498322	78.621	-130.3809
3510.864533	78.627	-130.8281
3511.230744	78.624	-131.2900
3511.596955	78.618	-131.6738
3511.963166	78.625	-132.0479
3512.329377	78.630	-132.5176
3512.695588	78.620	-132.9404
3513.061799	78.619	-133.2529
3513.428010	78.637	-133.6289
3513.794221	78.649	-134.1230
3514.160432	78.645	-134.6123
3514.526643	78.638	-135.0278
3514.892854	78.640	-135.4165
3515.259065	78.642	-135.8594
3515.625276	78.632	-136.2832
3515.991487	78.627	-136.5820
3516.357698	78.647	-136.9229
3516.723909	78.660	-137.4341
3517.090120	78.650	-137.9004
3517.456331	78.649	-138.2480
3517.822542	78.660	-138.6660
3518.188753	78.660	-139.1387
3518.554964	78.654	-139.5435
3518.921175	78.655	-139.9316
3519.287386	78.656	-140.3252
3519.653597	78.661	-140.6914
3520.019808	78.676	-141.1157
3520.386019	78.681	-141.6299
3520.752229	78.669	-142.0942
3521.118440	78.661	-142.4443
3521.484651	78.669	-142.7944
3521.850862	78.678	-143.2212
3522.217073	78.679	-143.6562
3522.583284	78.679	-144.0566
3522.949495	78.683	-144.4609
3523.315706	78.685	-144.8613
3523.681917	78.690	-145.2490
3524.048128	78.698	-145.6797
3524.414339	78.697	-146.1284
3524.780550	78.694	-146.5146
3525.146761	78.701	-146.9033
3525.512972	78.704	-147.3682
3525.879183	78.692	-147.7783
3526.245394	78.690	-148.0747
3526.611605	78.707	-148.4434
3526.977816	78.714	-148.9346
3527.344027	78.705	-149.3564
3527.710238	78.707	-149.7031
3528.076449	78.717	-150.1318
3528.442660	78.715	-150.5811
3528.808871	78.715	-150.9614
3529.175082	78.723	-151.4023
3529.541293	78.717	-151.8955
3529.907504	78.703	-152.2598
3530.273715	78.709	-152.5752
3530.639926	78.722	-153.0195
3531.006137	78.717	-153.4795
3531.372348	78.714	-153.8408
3531.738559	78.723	-154.2227
3532.104769	78.730	-154.6689
3532.470980	78.731	-155.1045
3532.837191	78.733	-155.5410
3533.203402	78.729	-155.9707
3533.569613	78.727	-156.3408
3533.935824	78.736	-156.7275
3534.302035	78.741	-157.1777
3534.668246	78.739	-157.6089
3535.034457	78.737	-158.0195
3535.400668	78.734	-158.4189
3535.766879	78.733	-158.7642
3536.133090	78.745	-159.1396
3536.499301	78.751	-159.5928
3536.865512	78.750	-160.0098
3537.231723	78.755	-160.4141
3537.597934	78.756	-160.8706
3537.964145	78.749	-161.2568
3538.330356	78.759	-161.6030
3538.696567	78.773	-162.0757
3539.062778	78.768	-162.5703
3539.428989	78.762	-162.9590
3539.795200	78.770	-163.3721
3540.161411	78.769	-163.8525
3540.527622	78.760	-164.2715
3540.893833	78.758	-164.6299
3541.260044	78.765	-165.0254
3541.626255	78.768	-165.4609
3541.992466	78.767	-165.8701
3542.358677	78.772	-166.2471
3542.724888	78.783	-166.6777
3543.091098	78.784	-167.1680
3543.457309	78.773	-167.5767
3543.823520	78.776	-167.8965
3544.189731	78.794	-168.3184
3544.555942	78.796	-168.8486
3544.922153	78.780	-169.2803
3545.288364	78.775	-169.5903
3545.654575	78.786	-169.9424
3546.020786	78.795	-170.3813
3546.386997	78.793	-170.8091
3546.753208	78.795	-171.1802
3547.119419	78.806	-171.5835
3547.485630	78.811	-172.0781
3547.851841	78.798	-172.5273
3548.218052	78.790	-172.8418
3548.584263	78.804	-173.1821
3548.950474	78.817	-173.6436
3549.316685	78.816	-174.1191
3549.682896	78.812	-174.5508
3550.049107	78.808	-174.9512
3550.415318	78.810	-175.3340
3550.781529	78.816	-175.7559
3551.147740	78.815	-176.2188
3551.513951	78.806	-176.6313
3551.880162	78.803	-176.9717
3552.246373	78.814	-177.3359
3552.612584	78.822	-177.7900
3552.978795	78.815	-178.2236
3553.345006	78.815	-178.5479
3553.711217	78.835	-178.9297
3554.077428	78.845	-179.4551
3554.443638	78.836	-179.9297
3554.809849	78.833	179.6768
3555.176060	78.831	179.2378
3555.542271	78.821	178.8457
3555.908482	78.822	178.5391
3556.274693	78.838	178.1304
3556.640904	78.838	177.6328
3557.007115	78.824	177.2456
3557.373326	78.826	176.9595
3557.739537	78.845	176.5918
3558.105748	78.859	176.1045
3558.471959	78.858	175.6201
3558.838170	78.854	175.1914
3559.204381	78.853	174.7803
3559.570592	78.856	174.3721
3559.936803	78.860	173.9253
3560.303014	78.852	173.4688
3560.669225	78.844	173.1387
3561.035436	78.862	172.8101
3561.401647	78.879	172.2783
3561.767858	78.863	171.7671
3562.134069	78.854	171.4487
3562.500280	78.868	171.0713
3562.866491	78.869	170.5938
3563.232702	78.863	170.2236
3563.598913	78.874	169.8652
3563.965124	78.884	169.3896
3564.331335	78.880	168.9346
3564.697546	78.879	168.5435
3565.063757	78.883	168.1006
3565.429967	78.873	167.6533
3565.796178	78.863	167.3188
3566.162389	78.870	167.0010
3566.528600	78.879	166.5835
3566.894811	78.877	166.1851
3567.261022	78.885	165.8379
3567.627233	78.899	165.3789
3567.993444	78.893	164.9004
3568.359655	78.889	164.5693
3568.725866	78.908	164.1729
3569.092077	78.913	163.6113
3569.458288	78.894	163.1528
3569.824499	78.887	162.8223
3570.190710	78.893	162.4453
3570.556921	78.896	162.0444
3570.923132	78.905	161.6260
3571.289343	78.908	161.1470
3571.655554	78.901	160.7041
3572.021765	78.898	160.3096
3572.387976	78.897	159.9043
3572.754187	78.897	159.5303
3573.120398	78.906	159.1367
3573.486609	78.910	158.6533
3573.852820	78.899	158.2266
3574.219031	78.898	157.8940
3574.585242	78.909	157.4917
3574.951453	78.911	157.0229
3575.317664	78.905	156.6177
3575.683875	78.907	156.2534
3576.050086	78.915	155.8457
3576.416297	78.919	155.3916
3576.782507	78.914	154.9502
3577.148718	78.909	154.5791
3577.514929	78.917	154.2324
3577.881140	78.932	153.7812
3578.247351	78.932	153.2441
3578.613562	78.914	152.8018
3578.979773	78.906	152.4736
3579.345984	78.913	152.1021
3579.712195	78.913	151.6733
3580.078406	78.911	151.3003
3580.444617	78.919	150.9321
3580.810828	78.927	150.4858
3581.177039	78.926	150.0352
3581.543250	78.924	149.6328
3581.909461	78.926	149.2441
3582.275672	78.934	148.8379
3582.641883	78.942	148.3633
3583.008094	78.935	147.8682
3583.374305	78.921	147.4990
3583.740516	78.929	147.1660
3584.106727	78.938	146.6978
3584.472938	78.927	146.2412
3584.839149	78.923	145.9243
3585.205360	78.939	145.5366
3585.571571	78.942	145.0146
3585.937782	78.926	144.5781
3586.303993	78.919	144.2559
3586.670204	78.925	143.8955
3587.036415	78.929	143.4834
3587.402626	78.929	143.0811
3587.768836	78.931	142.6914
3588.135047	78.936	142.2891
3588.501258	78.939	141.8501
3588.867469	78.934	141.4126
3589.233680	78.929	141.0430
3589.599891	78.937	140.6753
3589.966102	78.944	140.2183
3590.332313	78.938	139.7578
3590.698524	78.932	139.3896
3591.064735	78.939	139.0186
3591.430946	78.944	138.5684
3591.797157	78.939	138.1455
3592.163368	78.941	137.7871
3592.529579	78.953	137.3594
3592.895790	78.953	136.8628
3593.262001	78.942	136.4580
3593.628212	78.946	136.1138
3593.994423	78.957	135.6699
3594.360634	78.953	135.2007
3594.726845	78.948	134.8213
3595.093056	78.955	134.4155
3595.459267	78.953	133.9492
3595.825478	78.943	133.5527
3596.191689	78.942	133.2002
3596.557900	78.945	132.8213
3596.924111	78.950	132.4492
3597.290322	78.963	132.0225
3597.656533	78.965	131.5137
3598.022744	78.953	131.0801
3598.388955	78.952	130.7095
3598.755166	78.955	130.2632
3599.121376	78.946	129.8213
3599.487587	78.940	129.4604
3599.853798	78.945	129.0693
3600.220009	78.944	128.6387
3600.586220	78.940	128.2490
3600.952431	78.943	127.8701
3601.318642	78.948	127.4658
3601.684853	78.952	127.0488
3602.051064	78.957	126.6152
3602.417275	78.960	126.1538
3602.783486	78.953	125.6904
3603.149697	78.941	125.3188
3603.515908	78.946	125.0146
3603.882119	78.965	124.5830
3604.248330	78.963	124.0522
3604.614541	78.945	123.6704
3604.980752	78.950	123.3823
3605.346963	78.968	122.9570
3605.713174	78.968	122.4541
3606.079385	78.959	122.0371
3606.445596	78.958	121.6650
3606.811807	78.960	121.2441
3607.178018	78.953	120.8218
3607.544229	78.948	120.4834
3607.910440	78.961	120.1289
3608.276651	78.971	119.6387
3608.642862	78.960	119.1611
3609.009073	78.952	118.8052
3609.375284	78.958	118.4209
3609.741495	78.959	117.9722
3610.107706	78.954	117.5527
3610.473916	78.951	117.1387
3610.840127	78.943	116.7588
3611.206338	78.945	116.4385
3611.572549	78.959	116.0508
3611.938760	78.965	115.5859
3612.304971	78.962	115.1763
3612.671182	78.968	114.7974
3613.037393	78.979	114.3677
3613.403604	78.985	113.8945
3613.769815	78.984	113.4062
3614.136026	78.974	112.9561
3614.502237	78.966	112.5767
3614.868448	78.966	112.2080
3615.234659	78.969	111.8076
3615.600870	78.970	111.3945
3615.967081	78.968	110.9961
3616.333292	78.970	110.6113
3616.699503	78.976	110.1973
3617.065714	78.977	109.7441
3617.431925	78.972	109.3130
3617.798136	78.969	108.9053
3618.164347	78.966	108.4951
3618.530558	78.963	108.1084
3618.896769	78.966	107.7217
3619.262980	78.968	107.2959
3619.629191	78.966	106.8750
3619.995402	78.967	106.4805
3620.361613	78.972	106.0635
3620.727824	78.974	105.6123
3621.094035	78.970	105.1689
3621.460245	78.965	104.7773
3621.826456	78.971	104.3945
3622.192667	78.978	103.9185
3622.558878	78.966	103.4312
3622.925089	78.951	103.0967
3623.291300	78.960	102.7925
3623.657511	78.973	102.3457
3624.023722	78.968	101.8926
3624.389933	78.966	101.5225
3624.756144	78.972	101.1143
3625.122355	78.970	100.6914
3625.488566	78.972	100.3203
3625.854777	78.981	99.8955
3626.220988	78.980	99.4316
3626.587199	78.977	99.0342
3626.953410	78.983	98.6094
3627.319621	78.979	98.1177
3627.685832	78.964	97.7158
3628.052043	78.961	97.3931
3628.418254	78.969	97.0156
3628.784465	78.975	96.5845
3629.150676	78.976	96.1387
3629.516887	78.971	95.7119
3629.883098	78.969	95.3496
3630.249309	78.980	94.9600
3630.615520	78.984	94.4707
3630.981731	78.973	94.0420
3631.347942	78.974	93.7256
3631.714153	78.994	93.3184
3632.080364	79.001	92.7822
3632.446575	78.989	92.3096
3632.812785	78.983	91.9321
3633.178996	78.986	91.5239
3633.545207	78.982	91.0918
3633.911418	78.977	90.7275
3634.277629	78.984	90.3672
3634.643840	78.992	89.9092
3635.010051	78.984	89.4541
3635.376262	78.977	89.1079
3635.742473	78.984	88.7539
3636.108684	78.992	88.3213
3636.474895	78.992	87.8901
3636.841106	78.994	87.4565
3637.207317	78.988	87.0107
3637.573528	78.980	86.6323
3637.939739	78.983	86.2739
3638.305950	78.987	85.8652
3638.672161	78.989	85.4609
3639.038372	78.996	85.0488
3639.404583	79.001	84.5820
3639.770794	78.998	84.1221
3640.137005	78.994	83.6865
3640.503216	78.989	83.2539
3640.869427	78.983	82.8516
3641.235638	78.980	82.4614
3641.601849	78.977	82.0879
3641.968060	78.983	81.7520
3642.334271	79.001	81.3433
3642.700482	79.009	80.8306
3643.066693	79.003	80.3545
3643.432904	78.999	79.9355
3643.799114	78.996	79.5088
3644.165325	78.990	79.1211
3644.531536	78.995	78.7549
3644.897747	79.003	78.3105
3645.263958	78.997	77.8262
3645.630169	78.982	77.4473
3645.996380	78.982	77.1621
3646.362591	79.001	76.7773
3646.728802	79.005	76.2583
3647.095013	78.989	75.8296
3647.461224	78.987	75.5239
3647.827435	79.000	75.1211
3648.193646	78.998	74.6309
3648.559857	78.983	74.2500
3648.926068	78.984	73.9580
3649.292279	79.003	73.5762
3649.658490	79.014	73.0547
3650.024701	79.002	72.5405
3650.390912	78.986	72.1533
3650.757123	78.983	71.8140
3651.123334	78.988	71.4316
3651.489545	78.994	71.0195
3651.855756	78.998	70.5576
3652.221967	78.991	70.0840
3652.588178	78.980	69.7090
3652.954389	78.986	69.3516
3653.320600	78.993	68.9004
3653.686811	78.989	68.4551
3654.053022	78.990	68.0410
3654.419233	78.989	67.5771
3654.785444	78.978	67.1528
3655.151654	78.975	66.8071
3655.517865	78.982	66.4282
3655.884076	78.987	65.9995
3656.250287	78.989	65.5601
3656.616498	78.986	65.1157
3656.982709	78.978	64.7114
3657.348920	78.974	64.3633
3657.715131	78.979	64.0430
3658.081342	78.998	63.6875
3658.447553	79.021	63.1768
3658.813764	79.016	62.5801
3659.179975	78.992	62.1396
3659.546186	78.984	61.8179
3659.912397	78.986	61.4414
3660.278608	78.984	61.0693
3660.644819	78.991	60.7114
3661.011030	79.000	60.2593
3661.377241	78.994	59.8101
3661.743452	78.992	59.4531
3662.109663	79.003	59.0518
3662.475874	79.007	58.5635
3662.842085	79.001	58.0947
3663.208296	78.991	57.6631
3663.574507	78.980	57.2783
3663.940718	78.977	56.9648
3664.306929	78.992	56.6094
3664.673140	79.006	56.0957
3665.039351	78.992	55.5654
3665.405562	78.973	55.2090
3665.771773	78.977	54.9072
3666.137984	78.989	54.4688
3666.504194	78.983	54.0039
3666.870405	78.977	53.6406
3667.236616	78.985	53.2539
3667.602827	78.987	52.7930
3667.969038	78.979	52.3691
3668.335249	78.975	51.9951
3668.701460	78.975	51.6367
3669.067671	78.985	51.2754
3669.433882	79.000	50.8096
3669.800093	78.994	50.2891
3670.166304	78.979	49.9097
3670.532515	78.987	49.5752
3670.898726	78.997	49.0889
3671.264937	78.985	48.6113
3671.631148	78.977	48.2637
3671.997359	78.982	47.8662
3672.363570	78.976	47.4297
3672.729781	78.970	47.1162
3673.095992	78.989	46.7803
3673.462203	79.007	46.2529
3673.828414	78.996	45.7173
3674.194625	78.982	45.3320
3674.560836	78.984	44.9702
3674.927047	78.988	44.5435
3675.293258	78.985	44.1216
3675.659469	78.985	43.7197
3676.025680	78.986	43.3008
3676.391891	78.984	42.8965
3676.758102	78.986	42.5117
3677.124313	78.991	42.0967
3677.490523	78.992	41.6807
3677.856734	78.998	41.2764
3678.222945	79.004	40.8066
3678.589156	78.996	40.3335
3678.955367	78.987	39.9727
3679.321578	78.995	39.6074
3679.687789	78.999	39.1440
3680.054000	78.992	38.7261
3680.420211	78.996	38.3623
3680.786422	79.005	37.9023
3681.152633	78.997	37.4185
3681.518844	78.988	37.0410
3681.885055	78.992	36.6582
3682.251266	78.991	36.2021
3682.617477	78.981	35.8047
3682.983688	78.982	35.4590
3683.349899	78.991	35.0376
3683.716110	78.989	34.5825
3684.082321	78.986	34.1719
3684.448532	78.986	33.7485
3684.814743	78.979	33.3276
3685.180954	78.976	32.9731
3685.547165	78.987	32.5791
3685.913376	78.990	32.0918
3686.279587	78.980	31.6543
3686.645798	78.978	31.2832
3687.012009	78.981	30.8574
3687.378220	78.976	30.4121
3687.744431	78.968	30.0176
3688.110642	78.964	29.6533
3688.476853	78.966	29.3247
3688.843063	78.983	28.9570
3689.209274	78.998	28.4302
3689.575485	78.984	27.8931
3689.941696	78.966	27.5400
3690.307907	78.974	27.2139
3690.674118	78.983	26.7412
3691.040329	78.971	26.2695
3691.406540	78.960	25.9316
3691.772751	78.969	25.6064
3692.138962	78.983	25.1504
3692.505173	78.979	24.6445
3692.871384	78.966	24.2461
3693.237595	78.967	23.9028
3693.603806	78.974	23.4771
3693.970017	78.970	23.0342
3694.336228	78.966	22.6606
3694.702439	78.970	22.2783
3695.068650	78.974	21.8516
3695.434861	78.974	21.4277
3695.801072	78.972	21.0225
3696.167283	78.972	20.6445
3696.533494	78.981	20.2471
3696.899705	78.987	19.7695
3697.265916	78.978	19.3022
3697.632127	78.969	18.9238
3697.998338	78.969	18.5581
3698.364549	78.971	18.1631
3698.730760	78.973	17.7715
3699.096971	78.978	17.3638
3699.463182	78.981	16.9355
3699.829392	78.984	16.5049
3700.195603	78.986	16.0322
3700.561814	78.976	15.5439
3700.928025	78.958	15.1670
3701.294236	78.958	14.8730
3701.660447	78.973	14.4688
3702.026658	78.974	13.9702
3702.392869	78.964	13.5703
3702.759080	78.971	13.2017
3703.125291	78.978	12.7012
3703.491502	78.962	12.2246
3703.857713	78.952	11.8950
3704.223924	78.962	11.5225
3704.590135	78.964	11.0479
3704.956346	78.954	10.6250
3705.322557	78.952	10.2568
3705.688768	78.955	9.8525
3706.054979	78.953	9.4297
3706.421190	78.949	9.0420
3706.787401	78.953	8.6689
3707.153612	78.959	8.2432
3707.519823	78.956	7.7915
3707.886034	78.951	7.4141
3708.252245	78.960	7.0322
3708.618456	78.966	6.5376
3708.984667	78.953	6.0811
3709.350878	78.948	5.7529
3709.717089	78.962	5.3555
3710.083300	78.966	4.8398
3710.449511	78.954	4.3750
3710.815722	78.945	3.9756
3711.181932	78.939	3.5928
3711.548143	78.940	3.2461
3711.914354	78.952	2.8408
3712.280565	78.952	2.3389
3712.646776	78.938	1.9336
3713.012987	78.941	1.6270
3713.379198	78.958	1.1758
3713.745409	78.949	0.6475
3714.111620	78.929	0.3125
3714.477831	78.938	0.0684
3714.844042	78.964	-0.3623
3715.210253	78.966	-0.9248
3715.576464	78.948	-1.3750
3715.942675	78.941	-1.7012
3716.308886	78.950	-2.0879
3716.675097	78.949	-2.5591
3717.041308	78.937	-2.9678
3717.407519	78.934	-3.3203
3717.773730	78.935	-3.7065
3718.139941	78.935	-4.0830
3718.506152	78.945	-4.4863
3718.872363	78.949	-5.0137
3719.238574	78.927	-5.4951
3719.604785	78.910	-5.7979
3719.970996	78.916	-6.1084
3720.337207	78.922	-6.5078
3720.703418	78.928	-6.8926
3721.069629	78.943	-7.3496
3721.435840	78.939	-7.9028
3721.802051	78.915	-8.3091
3722.168261	78.916	-8.5654
3722.534472	78.942	-8.9805
3722.900683	78.945	-9.5625
3723.266894	78.924	-10.0186
3723.633105	78.918	-10.3457
3723.999316	78.924	-10.7559
3724.365527	78.916	-11.1904
3724.731738	78.910	-11.5098
3725.097949	78.924	-11.8594
3725.464160	78.933	-12.3398
3725.830371	78.925	-12.7861
3726.196582	78.923	-13.1543
3726.562793	78.930	-13.5908
3726.929004	78.922	-14.0776
3727.295215	78.906	-14.4668
3727.661426	78.901	-14.7827
3728.027637	78.907	-15.1523
3728.393848	78.909	-15.5859
3728.760059	78.904	-16.0000
3729.126270	78.901	-16.3779
3729.492481	78.905	-16.7676
3729.858692	78.909	-17.1914
3730.224903	78.912	-17.6548
3730.591114	78.906	-18.1309
3730.957325	78.893	-18.5400
3731.323536	78.891	-18.8862
3731.689747	78.899	-19.2974
3732.055958	78.899	-19.7803
3732.422169	78.888	-20.2114
3732.788380	78.883	-20.5781
3733.154591	78.886	-20.9531
3733.520801	78.892	-21.3662
3733.887012	78.894	-21.8271
3734.253223	78.885	-22.2773
3734.619434	78.876	-22.6318
3734.985645	78.881	-22.9839
3735.351856	78.883	-23.4170
3735.718067	78.876	-23.8027
3736.084278	78.881	-24.1265
3736.450489	78.896	-24.5605
3736.816700	78.893	-25.0654
3737.182911	78.880	-25.4702
3737.549122	78.879	-25.8228
3737.915333	78.883	-26.2373
3738.281544	78.880	-26.6738
3738.647755	78.875	-27.0752
3739.013966	78.874	-27.4834
3739.380177	78.869	-27.9150
3739.746388	78.860	-28.2969
3740.112599	78.862	-28.6396
3740.478810	78.871	-29.0635
3740.845021	78.868	-29.5337
3741.211232	78.859	-29.9292
3741.577443	78.861	-30.3057
3741.943654	78.863	-30.7290
3742.309865	78.862	-31.1382
3742.676076	78.865	-31.5518
3743.042287	78.865	-32.0049
3743.408498	78.859	-32.4346
3743.774709	78.854	-32.8389
3744.140920	78.849	-33.2217
3744.507131	78.850	-33.5576
3744.873341	78.864	-33.9541
3745.239552	78.868	-34.4609
3745.605763	78.854	-34.9092
3745.971974	78.848	-35.2554
3746.338185	78.853	-35.6416
3746.704396	78.852	-36.0742
3747.070607	78.847	-36.4712
3747.436818	78.847	-36.8496
3747.803029	78.849	-37.2656
3748.169240	78.845	-37.6992
3748.535451	78.838	-38.0762
3748.901662	78.842	-38.4307
3749.267873	78.850	-38.8672
3749.634084	78.847	-39.3296
3750.000295	78.842	-39.7456
3750.366506	78.839	-40.1699
3750.732717	78.831	-40.5688
3751.098928	78.833	-40.9131
3751.465139	78.846	-41.3599
3751.831350	78.839	-41.8857
3752.197561	78.819	-42.2715
3752.563772	78.820	-42.5811
3752.929983	78.829	-42.9912
3753.296194	78.830	-43.4434
3753.662405	78.827	-43.8701
3754.028616	78.822	-44.2891
3754.394827	78.819	-44.6626
3754.761038	78.827	-45.0449
3755.127249	78.833	-45.5298
3755.493460	78.822	-46.0034
3755.859670	78.813	-46.3735
3756.225881	78.815	-46.7715
3756.592092	78.808	-47.2192
3756.958303	78.795	-47.5625
3757.324514	78.802	-47.8574
3757.690725	78.819	-48.2959
3758.056936	78.815	-48.7959
3758.423147	78.805	-49.1855
3758.789358	78.808	-49.5645
3759.155569	78.807	-50.0249
3759.521780	78.793	-50.4248
3759.887991	78.790	-50.7251
3760.254202	78.803	-51.0986
3760.620413	78.806	-51.5771
3760.986624	78.794	-51.9775
3761.352835	78.798	-52.2886
3761.719046	78.817	-52.7383
3762.085257	78.812	-53.3291
3762.451468	78.779	-53.7490
3762.817679	78.769	-53.9678
3763.183890	78.791	-54.3115
3763.550101	78.796	-54.8379
3763.916312	78.779	-55.2739
3764.282523	78.775	-55.5923
3764.648734	78.786	-56.0059
3765.014945	78.782	-56.4937
3765.381156	78.769	-56.8779
3765.747367	78.773	-57.2202
3766.113578	78.783	-57.6743
3766.479789	78.777	-58.1611
3766.846000	78.767	-58.5664
3767.212210	78.764	-58.9512
3767.578421	78.764	-59.3506
3767.944632	78.767	-59.7520
3768.310843	78.771	-60.2070
3768.677054	78.763	-60.6685
3769.043265	78.755	-61.0391
3769.409476	78.759	-61.4170
3769.775687	78.759	-61.8618
3770.141898	78.752	-62.2422
3770.508109	78.759	-62.6006
3770.874320	78.765	-63.0771
3771.240531	78.751	-63.5195
3771.606742	78.747	-63.8223
3771.972953	78.762	-64.2056
3772.339164	78.763	-64.7065
3772.705375	78.750	-65.1055
3773.071586	78.753	-65.4448
3773.437797	78.762	-65.8887
3773.804008	78.757	-66.3608
3774.170219	78.749	-66.7812
3774.536430	78.741	-67.1841
3774.902641	78.733	-67.5430
3775.268852	78.736	-67.8896
3775.635063	78.744	-68.3218
3776.001274	78.739	-68.7725
3776.367485	78.735	-69.1582
3776.733696	78.741	-69.5718
3777.099907	78.740	-70.0688
3777.466118	78.723	-70.5327
3777.832329	78.706	-70.8525
3778.198539	78.714	-71.1489
3778.564750	78.727	-71.6040
3778.930961	78.717	-72.0771
3779.297172	78.711	-72.3853
3779.663383	78.732	-72.7759
3780.029594	78.733	-73.3496
3780.395805	78.709	-73.7598
3780.762016	78.712	-74.0317
3781.128227	78.731	-74.5029
3781.494438	78.720	-75.0391
3781.860649	78.702	-75.4150
3782.226860	78.700	-75.7632
3782.593071	78.699	-76.1523
3782.959282	78.699	-76.5386
3783.325493	78.698	-76.9468
3783.691704	78.694	-77.3335
3784.057915	78.697	-77.7158
3784.424126	78.696	-78.1626
3784.790337	78.685	-78.5361
3785.156548	78.693	-78.8394
3785.522759	78.714	-79.3267
3785.888970	78.702	-79.9126
3786.255181	78.675	-80.2979
3786.621392	78.671	-80.5786
3786.987603	78.680	-80.9673
3787.353814	78.680	-81.4111
3787.720025	78.675	-81.8262
3788.086236	78.671	-82.2104
3788.452447	78.673	-82.5859
3788.818658	78.680	-83.0142
3789.184869	78.678	-83.4751
3789.551079	78.672	-83.8745
3789.917290	78.676	-84.2646
3790.283501	78.680	-84.7227
3790.649712	78.675	-85.1792
3791.015923	78.670	-85.6094
3791.382134	78.663	-86.0396
3791.748345	78.652	-86.4141
3792.114556	78.652	-86.7568
3792.480767	78.658	-87.1504
3792.846978	78.660	-87.5640
3793.213189	78.663	-88.0049
3793.579400	78.654	-88.4727
3793.945611	78.638	-88.8066
3794.311822	78.648	-89.0781
3794.678033	78.668	-89.5503
3795.044244	78.658	-90.0752
3795.410455	78.647	-90.4268
3795.776666	78.657	-90.8301
3796.142877	78.648	-91.3481
3796.509088	78.625	-91.7007
3796.875299	78.630	-91.9707
3797.241510	78.644	-92.4189
3797.607721	78.634	-92.8994
3797.973932	78.624	-93.2588
3798.340143	78.625	-93.6240
3798.706354	78.625	-94.0161
3799.072565	78.629	-94.3857
3799.438776	78.641	-94.8276
3799.804987	78.640	-95.3462
3800.171198	78.623	-95.7930
3800.537409	78.612	-96.1396
3800.903619	78.614	-96.4722
3801.269830	78.624	-96.8521
3801.636041	78.634	-97.3135
3802.002252	78.630	-97.8105
3802.368463	78.617	-98.2251
3802.734674	78.614	-98.5620
3803.100885	78.625	-98.9658
3803.467096	78.625	-99.4614
3803.833307	78.611	-99.9023
3804.199518	78.602	-100.2476
3804.565729	78.604	-100.6001
3804.931940	78.608	-100.9922
3805.298151	78.613	-101.4219
3805.664362	78.609	-101.8936
3806.030573	78.595	-102.2905
3806.396784	78.595	-102.6074
3806.762995	78.605	-103.0483
3807.129206	78.593	-103.5356
3807.495417	78.578	-103.8374
3807.861628	78.595	-104.1543
3808.227839	78.606	-104.6821
3808.594050	78.589	-105.1553
3808.960261	78.584	-105.4805
3809.326472	78.597	-105.9116
3809.692683	78.592	-106.4453
3810.058894	78.570	-106.8789
3810.425105	78.556	-107.1895
3810.791316	78.560	-107.4771
3811.157527	78.578	-107.8687
3811.523738	78.586	-108.3823
3811.889948	78.575	-108.8521
3812.256159	78.569	-109.2310
3812.622370	78.571	-109.6431
3812.988581	78.566	-110.0737
3813.354792	78.562	-110.4697
3813.721003	78.559	-110.8774
3814.087214	78.552	-111.2529
3814.453425	78.556	-111.5869
3814.819636	78.568	-112.0210
3815.185847	78.564	-112.5122
3815.552058	78.553	-112.9097
3815.918269	78.551	-113.2856
3816.284480	78.549	-113.6865
3816.650691	78.549	-114.0640
3817.016902	78.554	-114.5020
3817.383113	78.545	-114.9673
3817.749324	78.533	-115.3101
3818.115535	78.542	-115.6636
3818.481746	78.547	-116.1465
3818.847957	78.537	-116.5981
3819.214168	78.530	-116.9995
3819.580379	78.520	-117.4219
3819.946590	78.506	-117.7578
3820.312801	78.511	-118.0376
3820.679012	78.529	-118.4507
3821.045223	78.531	-118.9600
3821.411434	78.519	-119.4023
3821.777645	78.512	-119.7671
3822.143856	78.515	-120.1416
3822.510067	78.518	-120.5698
3822.876278	78.513	-121.0049
3823.242488	78.507	-121.4004
3823.608699	78.505	-121.7783
3823.974910	78.508	-122.1636
3824.341121	78.514	-122.5962
3824.707332	78.512	-123.0884
3825.073543	78.495	-123.5229
3825.439754	78.485	-123.8481
3825.805965	78.492	-124.1992
3826.172176	78.498	-124.6401
3826.538387	78.495	-125.0889
3826.904598	78.490	-125.5054
3827.270809	78.488	-125.9214
3827.637020	78.485	-126.3594
3828.003231	78.474	-126.7754
3828.369442	78.467	-127.1143
3828.735653	78.476	-127.4678
3829.101864	78.483	-127.9297
3829.468075	78.475	-128.3838
3829.834286	78.470	-128.7549
3830.200497	78.475	-129.1553
3830.566708	78.474	-129.5986
3830.932919	78.469	-130.0073
3831.299130	78.468	-130.4136
3831.665341	78.464	-130.8262
3832.031552	78.461	-131.2085
3832.397763	78.463	-131.6133
3832.763974	78.458	-132.0420
3833.130185	78.453	-132.4233
3833.496396	78.454	-132.8125
3833.862607	78.451	-133.2432
3834.228817	78.443	-133.6304
3834.595028	78.444	-134.0083
3834.961239	78.442	-134.4399
3835.327450	78.434	-134.8364
3835.693661	78.434	-135.2007
3836.059872	78.437	-135.6313
3836.426083	78.431	-136.0742
3836.792294	78.424	-136.4731
3837.158505	78.419	-136.8706
3837.524716	78.413	-137.2354
3837.890927	78.421	-137.5913
3838.257138	78.432	-138.0708
3838.623349	78.422	-138.6001
3838.989560	78.399	-138.9844
3839.355771	78.394	-139.2627
3839.721982	78.408	-139.5972
3840.088193	78.424	-140.0513
3840.454404	78.425	-140.5679
3840.820615	78.414	-141.0327
3841.186826	78.404	-141.4321
3841.553037	78.397	-141.8091
3841.919248	78.397	-142.1411
3842.285459	78.412	-142.5273
3842.651670	78.419	-143.0728
3843.017881	78.396	-143.5635
3843.384092	78.381	-143.8711
3843.750303	78.387	-144.2275
3844.116514	78.384	-144.6768
3844.482725	78.373	-145.0508
3844.848936	78.373	-145.3979
3845.215147	78.375	-145.7900
3845.581357	78.377	-146.1899
3845.947568	78.378	-146.6284
3846.313779	78.371	-147.0659
3846.679990	78.365	-147.4351
3847.046201	78.368	-147.8325
3847.412412	78.367	-148.2793
3847.778623	78.361	-148.6938
3848.144834	78.359	-149.1216
3848.511045	78.348	-149.5498
3848.877256	78.338	-149.8857
3849.243467	78.345	-150.2202
3849.609678	78.355	-150.6523
3849.975889	78.356	-151.1230
3850.342100	78.350	-151.5864
3850.708311	78.337	-151.9985
3851.074522	78.331	-152.3306
3851.440733	78.340	-152.7085
3851.806944	78.342	-153.1753
3852.173155	78.333	-153.6001
3852.539366	78.330	-153.9839
3852.905577	78.327	-154.3813
3853.271788	78.327	-154.7539
3853.637999	78.335	-155.1694
3854.004210	78.332	-155.6646
3854.370421	78.317	-156.0752
3854.736632	78.314	-156.4092
3855.102843	78.320	-156.8296
3855.469054	78.314	-157.2739
3855.835265	78.307	-157.6553
3856.201476	78.306	-158.0391
3856.567686	78.304	-158.4180
3856.933897	78.309	-158.7949
3857.300108	78.314	-159.2358
3857.666319	78.310	-159.6675
3858.032530	78.311	-160.0571
3858.398741	78.316	-160.5088
3858.764952	78.308	-160.9575
3859.131163	78.304	-161.3281
3859.497374	78.309	-161.7559
3859.863585	78.303	-162.2300
3860.229796	78.292	-162.6064
3860.596007	78.293	-162.9893
3860.962218	78.287	-163.4473
3861.328429	78.267	-163.8076
3861.694640	78.264	-164.0752
3862.060851	78.274	-164.4438
3862.427062	78.271	-164.8599
3862.793273	78.267	-165.1929
3863.159484	78.278	-165.5547
3863.525695	78.283	-166.0195
3863.891906	78.276	-166.4531
3864.258117	78.273	-166.8359
3864.624328	78.274	-167.2773
3864.990539	78.262	-167.7256
3865.356750	78.247	-168.0640
3865.722961	78.252	-168.3682
3866.089172	78.267	-168.7856
3866.455383	78.270	-169.3008
3866.821594	78.257	-169.7871
3867.187805	78.242	-170.1890
3867.554016	78.234	-170.5435
3867.920226	78.235	-170.9131
3868.286437	78.235	-171.3208
3868.652648	78.233	-171.7290
3869.018859	78.233	-172.1294
3869.385070	78.232	-172.5562
3869.751281	78.223	-172.9639
3870.117492	78.220	-173.3022
3870.483703	78.229	-173.6699
3870.849914	78.236	-174.1367
3871.216125	78.228	-174.6055
3871.582336	78.216	-175.0034
3871.948547	78.208	-175.3501
3872.314758	78.209	-175.6743
3872.680969	78.219	-176.0469
3873.047180	78.226	-176.5015
3873.413391	78.221	-176.9624
3873.779602	78.213	-177.3730
3874.145813	78.209	-177.7607
3874.512024	78.208	-178.1782
3874.878235	78.200	-178.6167
3875.244446	78.186	-178.9946
3875.610657	78.182	-179.3125
3875.976868	78.188	-179.6768
3876.343079	78.190	179.9126
3876.709290	78.193	179.5078
3877.075501	78.196	179.0645
3877.441712	78.190	178.5996
3877.807923	78.178	178.2075
3878.174134	78.176	177.8535
3878.540345	78.179	177.4600
3878.906556	78.179	177.0513
3879.272766	78.179	176.6387
3879.638977	78.175	176.2104
3880.005188	78.165	175.8267
3880.371399	78.163	175.5112
3880.737610	78.174	175.1543
3881.103821	78.182	174.7061
3881.470032	78.179	174.2642
3881.836243	78.177	173.8525
3882.202454	78.174	173.4028
3882.568665	78.160	172.9663
3882.934876	78.144	172.6240
3883.301087	78.141	172.3335
3883.667298	78.150	172.0024
3884.033509	78.160	171.5669
3884.399720	78.154	171.0874
3884.765931	78.140	170.7173
3885.132142	78.143	170.3945
3885.498353	78.151	169.9580
3885.864564	78.143	169.5127
3886.230775	78.141	169.1396
3886.596986	78.144	168.6968
3886.963197	78.131	168.2432
3887.329408	78.120	167.9224
3887.695619	78.130	167.5801
3888.061830	78.137	167.1025
3888.428041	78.126	166.6401
3888.794252	78.114	166.2695
3889.160463	78.111	165.9316
3889.526674	78.116	165.5659
3889.892885	78.119	165.1455
3890.259095	78.115	164.7402
3890.625306	78.116	164.3838
3890.991517	78.125	163.9590
3891.357728	78.121	163.4565
3891.723939	78.101	163.0425
3892.090150	78.091	162.7480
3892.456361	78.098	162.4258
3892.822572	78.106	161.9956
3893.188783	78.100	161.5571
3893.554994	78.094	161.1909
3893.921205	78.100	160.7988
3894.287416	78.100	160.3276
3894.653627	78.089	159.8950
3895.019838	78.083	159.5049
3895.386049	78.077	159.0786
3895.752260	78.065	158.6934
3896.118471	78.063	158.3574
3896.484682	78.068	157.9429
3896.850893	78.061	157.5098
3897.217104	78.058	157.1558
3897.583315	78.067	156.7432
3897.949526	78.063	156.2295
3898.315737	78.041	155.8237
3898.681948	78.035	155.5610
3899.048159	78.051	155.2217
3899.414370	78.062	154.7349
3899.780581	78.054	154.2603
3900.146792	78.046	153.8608
3900.513003	78.041	153.4629
3900.879214	78.032	153.0908
3901.245425	78.034	152.7656
3901.611635	78.046	152.3506
3901.977846	78.042	151.8369
3902.344057	78.019	151.4282
3902.710268	78.009	151.1465
3903.076479	78.015	150.8208
3903.442690	78.020	150.4326
3903.808901	78.026	150.0259
3904.175112	78.027	149.5591
3904.541323	78.014	149.1099
3904.907534	78.004	148.7715
3905.273745	78.011	148.4033
3905.639956	78.011	147.9302
3906.006167	77.999	147.5137
3906.372378	77.996	147.1533
3906.738589	77.997	146.7222
3907.104800	77.987	146.2969
3907.471011	77.980	145.9346
3907.837222	77.980	145.5483
3908.203433	77.976	145.1577
3908.569644	77.976	144.7915
3908.935855	77.979	144.3823
3909.302066	77.976	143.9653
3909.668277	77.976	143.5835
3910.034488	77.979	143.1650
3910.400699	77.975	142.7178
3910.766910	77.966	142.3047
3911.133121	77.955	141.9321
3911.499332	77.950	141.6152
3911.865543	77.960	141.2744
3912.231754	77.966	140.8159
3912.597964	77.955	140.3853
3912.964175	77.952	140.0508
3913.330386	77.959	139.6328
3913.696597	77.950	139.1733
3914.062808	77.940	138.8359
3914.429019	77.949	138.4653
3914.795230	77.948	137.9570
3915.161441	77.924	137.5425
3915.527652	77.914	137.2896
3915.893863	77.931	136.9614
3916.260074	77.942	136.4604
3916.626285	77.929	135.9585
3916.992496	77.911	135.5928
3917.358707	77.909	135.2793
3917.724918	77.914	134.9087
3918.091129	77.918	134.5137
3918.457340	77.926	134.0981
3918.823551	77.929	133.6069
3919.189762	77.916	133.1274
3919.555973	77.900	132.7617
3919.922184	77.898	132.4272
3920.288395	77.900	132.0459
3920.654606	77.900	131.6504
3921.020817	77.901	131.2397
3921.387028	77.896	130.8120
3921.753239	77.885	130.4331
3922.119450	77.882	130.1055
3922.485661	77.888	129.7446
3922.851872	77.892	129.3188
3923.218083	77.887	128.8804
3923.584294	77.876	128.4722
3923.950504	77.864	128.1191
3924.316715	77.860	127.8252
3924.682926	77.872	127.5029
3925.049137	77.886	127.0630
3925.415348	77.886	126.5659
3925.781559	77.876	126.1138
3926.147770	77.866	125.7070
3926.513981	77.860	125.3188
3926.880192	77.858	124.9268
3927.246403	77.857	124.4927
3927.612614	77.847	124.0498
3927.978825	77.836	123.6694
3928.345036	77.834	123.3091
3928.711247	77.836	122.8784
3929.077458	77.825	122.4355
3929.443669	77.813	122.0869
3929.809880	77.816	121.7573
3930.176091	77.822	121.3340
3930.542302	77.816	120.9136
3930.908513	77.815	120.5693
3931.274724	77.826	120.1523
3931.640935	77.821	119.6572
3932.007146	77.804	119.2876
3932.373357	77.806	118.9951
3932.739568	77.819	118.5732
3933.105779	77.813	118.1025
3933.471990	77.801	117.7417
3933.838201	77.805	117.4028
3934.204412	77.810	116.9736
3934.570623	77.801	116.5376
3934.936834	77.791	116.1963
3935.303044	77.796	115.8657
3935.669255	77.805	115.4199
3936.035466	77.797	114.9419
3936.401677	77.784	114.5518
3936.767888	77.779	114.1704
3937.134099	77.770	113.7671
3937.500310	77.761	113.4292
3937.866521	77.764	113.0718
3938.232732	77.760	112.6387
3938.598943	77.748	112.2954
3938.965154	77.757	112.0000
3939.331365	77.775	111.5454
3939.697576	77.771	111.0352
3940.063787	77.763	110.6104
3940.429998	77.759	110.1743
3940.796209	77.747	109.7539
3941.162420	77.741	109.4189
3941.528631	77.749	109.0234
3941.894842	77.745	108.5547
3942.261053	77.733	108.1714
3942.627264	77.733	107.8164
3942.993475	77.734	107.3950
3943.359686	77.726	106.9932
3943.725897	77.720	106.6377
3944.092108	77.719	106.2822
3944.458319	77.721	105.9346
3944.824530	77.729	105.5488
3945.190741	77.732	105.0864
3945.556952	77.720	104.6543
3945.923163	77.710	104.3242
3946.289373	77.715	103.9897
3946.655584	77.722	103.5586
3947.021795	77.716	103.1025
3947.388006	77.705	102.7090
3947.754217	77.699	102.3481
3948.120428	77.697	101.9800
3948.486639	77.698	101.5996
3948.852850	77.700	101.1709
3949.219061	77.691	100.7314
3949.585272	77.680	100.3740
3949.951483	77.684	100.0220
3950.317694	77.687	99.5742
3950.683905	77.677	99.1313
3951.050116	77.668	98.7598
3951.416327	77.668	98.3813
3951.782538	77.667	97.9658
3952.148749	77.661	97.5371
3952.514960	77.649	97.1528
3952.881171	77.647	96.8403
3953.247382	77.661	96.4478
3953.613593	77.661	95.9229
3953.979804	77.639	95.4966
3954.346015	77.632	95.1934
3954.712226	77.639	94.7988
3955.078437	77.631	94.3677
3955.444648	77.626	94.0264
3955.810859	77.633	93.6289
3956.177070	77.627	93.1509
3956.543281	77.609	92.7920
3956.909492	77.612	92.5078
3957.275703	77.627	92.0879
3957.641913	77.623	91.5986
3958.008124	77.611	91.1987
3958.374335	77.608	90.8228
3958.740546	77.603	90.4263
3959.106757	77.600	90.0767
3959.472968	77.608	89.6943
3959.839179	77.608	89.2339
3960.205390	77.599	88.8330
3960.571601	77.599	88.4565
3960.937812	77.596	88.0205
3961.304023	77.584	87.6616
3961.670234	77.589	87.3447
3962.036445	77.598	86.9072
3962.402656	77.591	86.4741
3962.768867	77.589	86.1016
3963.135078	77.588	85.6650
3963.501289	77.575	85.2725
3963.867500	77.572	84.9639
3964.233711	77.579	84.5654
3964.599922	77.573	84.1479
3964.966133	77.570	83.8052
3965.332344	77.577	83.3945
3965.698555	77.570	82.9443
3966.064766	77.562	82.5679
3966.430977	77.561	82.1646
3966.797188	77.551	81.7217
3967.163399	77.534	81.3691
3967.529610	77.531	81.0635
3967.895821	77.537	80.6865
3968.262032	77.535	80.2622
3968.628242	77.528	79.8687
3968.994453	77.526	79.4951
3969.360664	77.527	79.0967
3969.726875	77.526	78.6841
3970.093086	77.527	78.2534
3970.459297	77.521	77.7842
3970.825508	77.503	77.3604
3971.191719	77.491	77.0454
3971.557930	77.495	76.7236
3971.924141	77.502	76.3066
3972.290352	77.498	75.8735
3972.656563	77.493	75.5054
3973.022774	77.499	75.1367
3973.388985	77.506	74.6724
3973.755196	77.496	74.1948
3974.121407	77.482	73.8330
3974.487618	77.484	73.4897
3974.853829	77.486	73.0508
3975.220040	77.473	72.6328
3975.586251	77.465	72.3052
3975.952462	77.469	71.9565
3976.318673	77.473	71.5513
3976.684884	77.473	71.1313
3977.051095	77.470	70.6919
3977.417306	77.459	70.2588
3977.783517	77.446	69.8867
3978.149728	77.441	69.5474
3978.515939	77.442	69.1606
3978.882150	77.436	68.7300
3979.248361	77.420	68.3721
3979.614572	77.419	68.0986
3979.980782	77.435	67.7266
3980.346993	77.438	67.2256
3980.713204	77.423	66.8174
3981.079415	77.425	66.4985
3981.445626	77.438	66.0474
3981.811837	77.428	65.5483
3982.178048	77.416	65.1943
3982.544259	77.425	64.8154
3982.910470	77.424	64.2944
3983.276681	77.400	63.8804
3983.642892	77.394	63.6084
3984.009103	77.405	63.2241
3984.375314	77.399	62.7695
3984.741525	77.387	62.4370
3985.107736	77.395	62.1255
3985.473947	77.406	61.6948
3985.840158	77.401	61.2349
3986.206369	77.392	60.8564
3986.572580	77.394	60.5034
3986.938791	77.398	60.0601
3987.305002	77.384	59.5952
3987.671213	77.363	59.2886
3988.037424	77.369	59.0469
3988.403635	77.390	58.6387
3988.769846	77.391	58.1157
3989.136057	77.376	57.6382
3989.502268	77.355	57.2456
3989.868479	77.341	56.9546
3990.234690	77.346	56.6646
3990.600901	77.356	56.2500
3990.967111	77.354	55.8052
3991.333322	77.353	55.3828
3991.699533	77.347	54.9077
3992.065744	77.327	54.4883
3992.431955	77.316	54.1748
3992.798166	77.317	53.8052
3993.164377	77.309	53.4170
3993.530588	77.306	53.1074
3993.896799	77.317	52.7241
3994.263010	77.313	52.2734
3994.629221	77.304	51.9307
3994.995432	77.314	51.5854
3995.361643	77.319	51.1250
3995.727854	77.310	50.7017
3996.094065	77.307	50.3354
3996.460276	77.307	49.9287
3996.826487	77.301	49.5283
3997.192698	77.298	49.1362
3997.558909	77.290	48.7280
3997.925120	77.280	48.3882
3998.291331	77.285	48.0449
3998.657542	77.286	47.5723
3999.023753	77.263	47.1509
3999.389964	77.249	46.9082
3999.756175	77.264	46.6187
4000.122386	77.278	46.1470
4000.488597	77.271	45.6392
4000.854808	77.253	45.2246
4001.221019	77.243	44.8794
4001.587230	77.243	44.5010
4001.953441	77.237	44.0830
4002.319651	77.228	43.7261
4002.685862	77.234	43.3657
4003.052073	77.237	42.8955
4003.418284	77.222	42.4561
4003.784495	77.213	42.1387
4004.150706	77.221	41.7783
4004.516917	77.225	41.3306
4004.883128	77.221	40.8994
4005.249339	77.217	40.4844
4005.615550	77.212	40.0806
4005.981761	77.209	39.6992
4006.347972	77.207	39.2852
4006.714183	77.196	38.8911
4007.080394	77.191	38.5825
4007.446605	77.200	38.2290
4007.812816	77.202	37.7900
4008.179027	77.195	37.4058
4008.545238	77.197	37.0410
4008.911449	77.197	36.6104
4009.277660	77.187	36.2202
4009.643871	77.186	35.8760
4010.010082	77.188	35.4707
4010.376293	77.182	35.0669
4010.742504	77.179	34.7119
4011.108715	77.185	34.2988
4011.474926	77.179	33.8257
4011.841137	77.162	33.4136
4012.207348	77.151	33.0830
4012.573559	77.152	32.7412
4012.939770	77.152	32.3398
4013.305981	77.145	31.9600
4013.672191	77.145	31.6240
4014.038402	77.152	31.2183
4014.404613	77.147	30.7646
4014.770824	77.135	30.3950
4015.137035	77.134	30.0679
4015.503246	77.138	29.7051
4015.869457	77.145	29.3267
4016.235668	77.156	28.8628
4016.601879	77.145	28.3242
4016.968090	77.115	27.9448
4017.334301	77.107	27.7290
4017.700512	77.123	27.3965
4018.066723	77.124	26.9399
4018.432934	77.115	26.5840
4018.799145	77.125	26.2544
4019.165356	77.137	25.7690
4019.531567	77.124	25.2573
4019.897778	77.105	24.8770
4020.263989	77.096	24.5459
4020.630200	77.093	24.2095
4020.996411	77.097	23.8672
4021.362622	77.105	23.4502
4021.728833	77.102	22.9897
4022.095044	77.092	22.5854
4022.461255	77.086	22.2212
4022.827466	77.085	21.8774
4023.193677	77.094	21.5142
4023.559888	77.103	21.0278
4023.926099	77.088	20.5352
4024.292310	77.071	20.2129
4024.658520	77.078	19.9028
4025.024731	77.084	19.4648
4025.390942	77.076	19.0425
4025.757153	77.070	18.6797
4026.123364	77.067	18.3062
4026.489575	77.062	17.9575
4026.855786	77.065	17.6196
4027.221997	77.068	17.2344
4027.588208	77.068	16.8540
4027.954419	77.071	16.4771
4028.320630	77.073	16.0503
4028.686841	77.065	15.6372
4029.053052	77.059	15.2749
4029.419263	77.058	14.8975
4029.785474	77.055	14.5098
4030.151685	77.052	14.1396
4030.517896	77.052	13.7466
4030.884107	77.048	13.3374
4031.250318	77.043	12.9634
4031.616529	77.044	12.5767
4031.982740	77.040	12.1387
4032.348951	77.026	11.7451
4032.715162	77.020	11.4341
4033.081373	77.029	11.0811
4033.447584	77.034	10.6265
4033.813795	77.025	10.1763
4034.180006	77.015	9.8013
4034.546217	77.012	9.4370
4034.912428	77.010	9.0444
4035.278639	77.005	8.6758
4035.644850	77.006	8.3193
4036.011060	77.009	7.9111
4036.377271	77.005	7.5063
4036.743482	77.005	7.1479
4037.109693	77.012	6.7290
4037.475904	77.006	6.2568
4037.842115	76.991	5.8750
4038.208326	76.989	5.5444
4038.574537	76.991	5.1528
4038.940748	76.986	4.7456
4039.306959	76.980	4.3745
4039.673170	76.977	4.0132
4040.039381	76.975	3.6577
4040.405592	76.978	3.2988
4040.771803	76.983	2.9082
4041.138014	76.985	2.4927
4041.504225	76.985	2.0669
4041.870436	76.981	1.6289
4042.236647	76.970	1.2026
4042.602858	76.956	0.8521
4042.969069	76.957	0.5459
4043.335280	76.966	0.1396
4043.701491	76.960	-0.3350
4044.067702	76.945	-0.7095
4044.433913	76.942	-1.0518
4044.800124	76.937	-1.4531
4045.166335	76.927	-1.7881
4045.532546	76.932	-2.0903
4045.898757	76.943	-2.5190
4046.264968	76.936	-2.9741
4046.631179	76.928	-3.3584
4046.997389	76.922	-3.7417
4047.363600	76.914	-4.0898
4047.729811	76.918	-4.4209
4048.096022	76.923	-4.8589
4048.462233	76.910	-5.2798
4048.828444	76.903	-5.5737
4049.194655	76.914	-5.9360
4049.560866	76.911	-6.3872
4049.927077	76.902	-6.7173
4050.293288	76.915	-7.0410
4050.659499	76.924	-7.5400
4051.025710	76.908	-7.9966
4051.391921	76.900	-8.3110
4051.758132	76.906	-8.7202
4052.124343	76.891	-9.1646
4052.490554	76.877	-9.4199
4052.856765	76.896	-9.7031
4053.222976	76.911	-10.2178
4053.589187	76.896	-10.7129
4053.955398	76.881	-11.0684
4054.321609	76.876	-11.4219
4054.687820	76.872	-11.7759
4055.054031	76.873	-12.1479
4055.420242	76.868	-12.5762
4055.786453	76.854	-12.9048
4056.152664	76.862	-13.1719
4056.518875	76.881	-13.6235
4056.885086	76.872	-14.1245
4057.251297	76.860	-14.4761
4057.617508	76.865	-14.8472
4057.983719	76.863	-15.2842
4058.349929	76.858	-15.6504
4058.716140	76.864	-16.0508
4059.082351	76.859	-16.5225
4059.448562	76.844	-16.8843
4059.814773	76.850	-17.2100
4060.180984	76.857	-17.6729
4060.547195	76.842	-18.1392
4060.913406	76.824	-18.4688
4061.279617	76.823	-18.7529
4061.645828	76.831	-19.0918
4062.012039	76.838	-19.5020
4062.378250	76.837	-19.9414
4062.744461	76.828	-20.3354
4063.110672	76.824	-20.6992
4063.476883	76.821	-21.0894
4063.843094	76.812	-21.4521
4064.209305	76.809	-21.7554
4064.575516	76.819	-22.0996
4064.941727	76.827	-22.5327
4065.307938	76.823	-22.9883
4065.674149	76.812	-23.3970
4066.040360	76.803	-23.7397
4066.406571	76.805	-24.0752
4066.772782	76.813	-24.4858
4067.138993	76.810	-24.9448
4067.505204	76.799	-25.3770
4067.871415	76.785	-25.7603
4068.237626	76.773	-26.0713
4068.603837	76.777	-26.3560
4068.970048	76.790	-26.7393
4069.336259	76.791	-27.1924
4069.702469	76.786	-27.6055
4070.068680	76.781	-28.0078
4070.434891	76.770	-28.3887
4070.801102	76.765	-28.6851
4071.167313	76.779	-29.0283
4071.533524	76.786	-29.5068
4071.899735	76.773	-29.9580
4072.265946	76.761	-30.3130
4072.632157	76.756	-30.6519
4072.998368	76.756	-30.9814
4073.364579	76.764	-31.3525
4073.730790	76.766	-31.8169
4074.097001	76.751	-32.2388
4074.463212	76.740	-32.5474
4074.829423	76.744	-32.8677
4075.195634	76.749	-33.2559
4075.561845	76.751	-33.6763
4075.928056	76.747	-34.1162
4076.294267	76.734	-34.5063
4076.660478	76.731	-34.8369
4077.026689	76.735	-35.2397
4077.392900	76.724	-35.6802
4077.759111	76.709	-35.9927
4078.125322	76.716	-36.2744
4078.491533	76.728	-36.7026
4078.857744	76.719	-37.1567
4079.223955	76.710	-37.4971
4079.590166	76.715	-37.8394
4079.956377	76.719	-38.2622
4080.322588	76.715	-38.6943
4080.688798	76.708	-39.1001
4081.055009	76.699	-39.4800
4081.421220	76.694	-39.8276
4081.787431	76.695	-40.1895
4082.153642	76.694	-40.5991
4082.519853	76.686	-41.0034
4082.886064	76.677	-41.3496
4083.252275	76.678	-41.6938
4083.618486	76.679	-42.1025
4083.984697	76.668	-42.4946
4084.350908	76.661	-42.7808
4084.717119	76.677	-43.0952
4085.083330	76.692	-43.5815
4085.449541	76.682	-44.1030
4085.815752	76.664	-44.4878
4086.181963	76.661	-44.8193
4086.548174	76.663	-45.2329
4086.914385	76.653	-45.6641
4087.280596	76.641	-46.0068
4087.646807	76.641	-46.3345
4088.013018	76.642	-46.7246
4088.379229	76.638	-47.0952
4088.745440	76.641	-47.4438
4089.111651	76.644	-47.8613
4089.477862	76.635	-48.2539
4089.844073	76.636	-48.5557
4090.210284	76.652	-48.9604
4090.576495	76.647	-49.4756
4090.942706	76.626	-49.8516
4091.308917	76.624	-50.1328
4091.675128	76.631	-50.5249
4092.041338	76.623	-50.9351
4092.407549	76.617	-51.2642
4092.773760	76.619	-51.6255
4093.139971	76.614	-52.0015
4093.506182	76.613	-52.3203
4093.872393	76.622	-52.7031
4094.238604	76.620	-53.1611
4094.604815	76.608	-53.5513
4094.971026	76.603	-53.8994
4095.337237	76.599	-54.2593
4095.703448	76.599	-54.5933
4096.069659	76.609	-54.9883
4096.435870	76.608	-55.4780
4096.802081	76.591	-55.8960
4097.168292	76.583	-56.2256
4097.534503	76.585	-56.5991
4097.900714	76.583	-57.0146
4098.266925	76.577	-57.4229
4098.633136	76.569	-57.8101
4098.999347	76.563	-58.1636
4099.365558	76.563	-58.5317
4099.731769	76.559	-58.9141
4100.097980	76.556	-59.2607
4100.464191	76.561	-59.6357
4100.830402	76.557	-60.0469
4101.196613	76.551	-60.3892
4101.562824	76.556	-60.7197
4101.929035	76.562	-61.1279
4102.295246	76.558	-61.5298
4102.661457	76.556	-61.8984
4103.027667	76.554	-62.2705
4103.393878	76.555	-62.6206
4103.760089	76.563	-63.0166
4104.126300	76.560	-63.5024
4104.492511	76.537	-63.8960
4104.858722	76.529	-64.1411
4105.224933	76.545	-64.4854
4105.591144	76.545	-64.9976
4105.957355	76.518	-65.4009
4106.323566	76.507	-65.6094
4106.689777	76.526	-65.9097
4107.055988	76.534	-66.4077
4107.422199	76.514	-66.8301
4107.788410	76.507	-67.0972
4108.154621	76.520	-67.4419
4108.520832	76.522	-67.8867
4108.887043	76.517	-68.2690
4109.253254	76.522	-68.6455
4109.619465	76.524	-69.1006
4109.985676	76.514	-69.5220
4110.351887	76.509	-69.8877
4110.718098	76.508	-70.2988
4111.084309	76.496	-70.7065
4111.450520	76.484	-71.0161
4111.816731	76.487	-71.2969
4112.182942	76.500	-71.6460
4112.549153	76.511	-72.0835
4112.915364	76.509	-72.5728
4113.281575	76.492	-72.9946
4113.647786	76.481	-73.3027
4114.013997	76.486	-73.6421
4114.380207	76.484	-74.0625
4114.746418	76.473	-74.4229
4115.112629	76.474	-74.7397
4115.478840	76.479	-75.1440
4115.845051	76.470	-75.5640
4116.211262	76.461	-75.8940
4116.577473	76.465	-76.2295
4116.943684	76.467	-76.6470
4117.309895	76.459	-77.0591
4117.676106	76.450	-77.3984
4118.042317	76.452	-77.7271
4118.408528	76.459	-78.1270
4118.774739	76.457	-78.5767
4119.140950	76.445	-78.9712
4119.507161	76.440	-79.2969
4119.873372	76.446	-79.6748
4120.239583	76.442	-80.1211
4120.605794	76.428	-80.4873
4120.972005	76.427	-80.7847
4121.338216	76.436	-81.1689
4121.704427	76.432	-81.5923
4122.070638	76.426	-81.9438
4122.436849	76.428	-82.3018
4122.803060	76.426	-82.6841
4123.169271	76.426	-83.0234
4123.535482	76.435	-83.4082
4123.901693	76.434	-83.8628
4124.267904	76.424	-84.2534
4124.634115	76.419	-84.6021
4125.000326	76.416	-84.9702
4125.366536	76.413	-85.3003
4125.732747	76.422	-85.6729
4126.098958	76.420	-86.1421
4126.465169	76.403	-86.5220
4126.831380	76.401	-86.8174
4127.197591	76.406	-87.2212
4127.563802	76.394	-87.6279
4127.930013	76.388	-87.9146
4128.296224	76.401	-88.2847
4128.662435	76.397	-88.7720
4129.028646	76.378	-89.1343
4129.394857	76.378	-89.4058
4129.761068	76.389	-89.7979
4130.127279	76.384	-90.2397
4130.493490	76.376	-90.5952
4130.859701	76.381	-90.9502
4131.225912	76.385	-91.3848
4131.592123	76.377	-91.8364
4131.958334	76.361	-92.2266
4132.324545	76.349	-92.5312
4132.690756	76.352	-92.8271
4133.056967	76.359	-93.2065
4133.423178	76.356	-93.6030
4133.789389	76.354	-93.9399
4134.155600	76.362	-94.3140
4134.521811	76.361	-94.7534
4134.888022	76.351	-95.1260
4135.254233	76.352	-95.4453
4135.620444	76.361	-95.8481
4135.986655	76.356	-96.2930
4136.352866	76.346	-96.6587
4136.719076	76.347	-97.0015
4137.085287	76.351	-97.4131
4137.451498	76.345	-97.8477
4137.817709	76.334	-98.2402
4138.183920	76.324	-98.5996
4138.550131	76.317	-98.9214
4138.916342	76.320	-99.2339
4139.282553	76.329	-99.6343
4139.648764	76.323	-100.0874
4140.014975	76.308	-100.4346
4140.381186	76.311	-100.7319
4140.747397	76.318	-101.1450
4141.113608	76.307	-101.5674
4141.479819	76.299	-101.8662
4141.846030	76.308	-102.1953
4142.212241	76.311	-102.6270
4142.578452	76.303	-103.0020
4142.944663	76.305	-103.3218
4143.310874	76.314	-103.7280
4143.677085	76.309	-104.1826
4144.043296	76.294	-104.5591
4144.409507	76.287	-104.8584
4144.775718	76.294	-105.1812
4145.141929	76.300	-105.5894
4145.508140	76.294	-106.0054
4145.874351	76.287	-106.3433
4146.240562	76.295	-106.6938
4146.606773	76.300	-107.1567
4146.972984	76.286	-107.6274
4147.339195	76.267	-107.9790
4147.705406	76.262	-108.2788
4148.071616	76.264	-108.6372
4148.437827	76.260	-109.0205
4148.804038	76.257	-109.3760
4149.170249	76.257	-109.7544
4149.536460	76.251	-110.1455
4149.902671	76.245	-110.4746
4150.268882	76.251	-110.8101
4150.635093	76.255	-111.2168
4151.001304	76.252	-111.6011
4151.367515	76.256	-111.9688
4151.733726	76.258	-112.4121
4152.099937	76.244	-112.8232
4152.466148	76.236	-113.1118
4152.832359	76.246	-113.4375
4153.198570	76.252	-113.8711
4153.564781	76.244	-114.2710
4153.930992	76.243	-114.6104
4154.297203	76.247	-115.0020
4154.663414	76.242	-115.4380
4155.029625	76.229	-115.8066
4155.395836	76.224	-116.1089
4155.762047	76.228	-116.4541
4156.128258	76.228	-116.8511
4156.494469	76.224	-117.2275
4156.860680	76.223	-117.6108
4157.226891	76.215	-118.0127
4157.593102	76.203	-118.3354
4157.959313	76.208	-118.6338
4158.325524	76.217	-119.0483
4158.691735	76.210	-119.4785
4159.057945	76.205	-119.8301
4159.424156	76.207	-120.2236
4159.790367	76.199	-120.6318
4160.156578	76.194	-120.9614
4160.522789	76.201	-121.3560
4160.889000	76.192	-121.8076
4161.255211	76.178	-122.1118
4161.621422	76.189	-122.4160
4161.987633	76.196	-122.8999
4162.353844	76.175	-123.3096
4162.720055	76.169	-123.5547
4163.086266	76.183	-123.9058
4163.452477	76.180	-124.3394
4163.818688	76.173	-124.6567
4164.184899	76.186	-124.9902
4164.551110	76.192	-125.4565
4164.917321	76.179	-125.8931
4165.283532	76.168	-126.2305
4165.649743	76.164	-126.5522
4166.015954	76.165	-126.8804
4166.382165	76.171	-127.2383
4166.748376	76.174	-127.6655
4167.114587	76.165	-128.0898
4167.480798	76.154	-128.4312
4167.847009	76.154	-128.7583
4168.213220	76.155	-129.1572
4168.579431	76.144	-129.5498
4168.945642	76.134	-129.8394
4169.311853	76.144	-130.1309
4169.678064	76.158	-130.5527
4170.044275	76.155	-131.0186
4170.410485	76.145	-131.4121
4170.776696	76.143	-131.7842
4171.142907	76.141	-132.1826
4171.509118	76.134	-132.5688
4171.875329	76.128	-132.9170
4172.241540	76.128	-133.2490
4172.607751	76.134	-133.6123
4172.973962	76.138	-134.0273
4173.340173	76.132	-134.4321
4173.706384	76.127	-134.7783
4174.072595	76.131	-135.1279
4174.438806	76.133	-135.5273
4174.805017	76.128	-135.9014
4175.171228	76.129	-136.2300
4175.537439	76.138	-136.6201
4175.903650	76.135	-137.0605
4176.269861	76.125	-137.4126
4176.636072	76.130	-137.7192
4177.002283	76.141	-138.1353
4177.368494	76.136	-138.5947
4177.734705	76.125	-138.9658
4178.100916	76.123	-139.3188
4178.467127	76.118	-139.6987
4178.833338	76.112	-140.0229
4179.199549	76.119	-140.3452
4179.565760	76.126	-140.7739
4179.931971	76.117	-141.2070
4180.298182	76.106	-141.5361
4180.664393	76.109	-141.8589
4181.030604	76.111	-142.2495
4181.396814	76.106	-142.6357
4181.763025	76.103	-142.9819
4182.129236	76.104	-143.3345
4182.495447	76.105	-143.7100
4182.861658	76.103	-144.0767
4183.227869	76.105	-144.4326
4183.594080	76.110	-144.8247
4183.960291	76.109	-145.2456
4184.326502	76.102	-145.6157
4184.692713	76.104	-145.9565
4185.058924	76.109	-146.3623
4185.425135	76.103	-146.7788
4185.791346	76.097	-147.1167
4186.157557	76.102	-147.4546
4186.523768	76.108	-147.8696
4186.889979	76.101	-148.2729
4187.256190	76.096	-148.5850
4187.622401	76.109	-148.8940
4187.988612	76.127	-149.3281
4188.354823	76.128	-149.8418
4188.721034	76.113	-150.2759
4189.087245	76.104	-150.6182
4189.453456	76.104	-150.9785
4189.819667	76.100	-151.3652
4190.185878	76.094	-151.7251
4190.552089	76.091	-152.0610
4190.918300	76.092	-152.3975
4191.284511	76.097	-152.7729
4191.650722	76.095	-153.1909
4192.016933	76.085	-153.5708
4192.383144	76.079	-153.8979
4192.749354	76.077	-154.2271
4193.115565	76.077	-154.5444
4193.481776	76.086	-154.8838
4193.847987	76.094	-155.3140
4194.214198	76.087	-155.7368
4194.580409	76.083	-156.0923
4194.946620	76.084	-156.4834
4195.312831	76.078	-156.8740
4195.679042	76.076	-157.2056
4196.045253	76.083	-157.5981
4196.411464	76.079	-158.0288
4196.777675	76.074	-158.3838
4197.143886	76.078	-158.7705
4197.510097	76.073	-159.2051
4197.876308	76.062	-159.5425
4198.242519	76.067	-159.8657
4198.608730	76.070	-160.2764
4198.974941	76.064	-160.6499
4199.341152	76.066	-160.9766
4199.707363	76.071	-161.3579
4200.073574	76.071	-161.7446
4200.439785	76.072	-162.1079
4200.805996	76.073	-162.4985
4201.172207	76.068	-162.8677
4201.538418	76.069	-163.1880
4201.904629	76.078	-163.5576
4202.270840	76.080	-163.9873
4202.637051	76.073	-164.3823
4203.003262	76.068	-164.7334
4203.369473	76.065	-165.0801
4203.735684	76.066	-165.4111
4204.101894	76.073	-165.7705
4204.468105	76.077	-166.2080
4204.834316	76.066	-166.6284
4205.200527	76.056	-166.9619
4205.566738	76.057	-167.2944
4205.932949	76.057	-167.6631
4206.299160	76.055	-168.0225
4206.665371	76.056	-168.3862
4207.031582	76.056	-168.7627
4207.397793	76.056	-169.1353
4207.764004	76.055	-169.5186
4208.130215	76.051	-169.8799
4208.496426	76.054	-170.2178
4208.862637	76.062	-170.6216
4209.228848	76.056	-171.0571
4209.595059	76.044	-171.3877
4209.961270	76.049	-171.6733
4210.327481	76.061	-172.0513
4210.693692	76.064	-172.4766
4211.059903	76.062	-172.8813
4211.426114	76.058	-173.2886
4211.792325	76.046	-173.6465
4212.158536	76.042	-173.9185
4212.524747	76.055	-174.2456
4212.890958	76.061	-174.6743
4213.257169	76.055	-175.0547
4213.623380	76.058	-175.3975
4213.989591	76.062	-175.8267
4214.355802	76.048	-176.2354
4214.722013	76.039	-176.5195
4215.088223	76.049	-176.8281
4215.454434	76.058	-177.2388
4215.820645	76.057	-177.6597
4216.186856	76.055	-178.0723
4216.553067	76.048	-178.4897
4216.919278	76.036	-178.8574
4217.285489	76.031	-179.1797
4217.651700	76.032	-179.5161
4218.017911	76.035	-179.8779
4218.384122	76.036	179.7461
4218.750333	76.035	179.3755
4219.116544	76.037	179.0332
4219.482755	76.047	178.6675
4219.848966	76.055	178.2246
4220.215177	76.050	177.7754
4220.581388	76.040	177.3999
4220.947599	76.037	177.0630
4221.313810	76.038	176.7148
4221.680021	76.041	176.3525
4222.046232	76.042	175.9893
4222.412443	76.045	175.6274
4222.778654	76.048	175.2451
4223.144865	76.046	174.8589
4223.511076	76.045	174.5264
4223.877287	76.055	174.1816
4224.243498	76.062	173.7319
4224.609709	76.051	173.2852
4224.975920	76.038	172.9507
4225.342131	76.037	172.6411
4225.708342	76.040	172.2939
4226.074553	76.042	171.9302
4226.440763	76.042	171.5415
4226.806974	76.036	171.1699
4227.173185	76.034	170.8545
4227.539396	76.043	170.5044
4227.905607	76.048	170.0859
4228.271818	76.045	169.6802
4228.638029	76.043	169.2832
4229.004240	76.036	168.8833
4229.370451	76.029	168.5381
4229.736662	76.029	168.2002
4230.102873	76.028	167.8232
4230.469084	76.025	167.4966
4230.835295	76.035	167.1694
4231.201506	76.043	166.7222
4231.567717	76.032	166.3062
4231.933928	76.028	166.0229
4232.300139	76.043	165.6699
4232.666350	76.046	165.2061
4233.032561	76.037	164.8110
4233.398772	76.035	164.4692
4233.764983	76.037	164.0903
4234.131194	76.035	163.7070
4234.497405	76.033	163.3169
4234.863616	76.025	162.9263
4235.229827	76.014	162.6191
4235.596038	76.019	162.3530
4235.962249	76.035	161.9814
4236.328460	76.038	161.5132
4236.694671	76.024	161.1094
4237.060882	76.015	160.8252
4237.427092	76.025	160.5352
4237.793303	76.038	160.1416
4238.159514	76.041	159.6978
4238.525725	76.034	159.2808
4238.891936	76.024	158.9370
4239.258147	76.027	158.6479
4239.624358	76.044	158.2646
4239.990569	76.044	157.7593
4240.356780	76.022	157.3633
4240.722991	76.014	157.1265
4241.089202	76.028	156.8135
4241.455413	76.031	156.4121
4241.821624	76.031	156.0830
4242.187835	76.046	155.7227
4242.554046	76.050	155.2363
4242.920257	76.034	154.8223
4243.286468	76.028	154.5356
4243.652679	76.038	154.1777
4244.018890	76.035	153.7471
4244.385101	76.023	153.4028
4244.751312	76.024	153.1040
4245.117523	76.030	152.7417
4245.483734	76.030	152.3589
4245.849945	76.029	152.0142
4246.216156	76.034	151.6597
4246.582367	76.038	151.2612
4246.948578	76.036	150.8760
4247.314789	76.037	150.5186
4247.681000	76.042	150.1191
4248.047211	76.038	149.7002
4248.413422	76.030	149.3462
4248.779632	76.032	149.0107
4249.145843	76.035	148.6357
4249.512054	76.035	148.2705
4249.878265	76.039	147.9175
4250.244476	76.046	147.5156
4250.610687	76.044	147.0918
4250.976898	76.038	146.7095
4251.343109	76.035	146.3574
4251.709320	76.035	145.9971
4252.075531	76.034	145.6309
4252.441742	76.032	145.2749
4252.807953	76.033	144.9219
4253.174164	76.034	144.5669
4253.540375	76.036	144.2080
4253.906586	76.037	143.8354
4254.272797	76.037	143.4810
4254.639008	76.043	143.1382
4255.005219	76.053	142.7100
4255.371430	76.045	142.2432
4255.737641	76.029	141.9106
4256.103852	76.032	141.6455
4256.470063	76.046	141.2593
4256.836274	76.043	140.8286
4257.202485	76.037	140.4980
4257.568696	76.045	140.1660
4257.934907	76.051	139.7378
4258.301118	76.042	139.3472
4258.667329	76.040	139.0488
4259.033540	76.051	138.6938
4259.399751	76.052	138.2759
4259.765961	76.047	137.9268
4260.132172	76.052	137.5908
4260.498383	76.055	137.1899
4260.864594	76.049	136.8291
4261.230805	76.050	136.5269
4261.597016	76.060	136.1689
4261.963227	76.064	135.7568
4262.329438	76.061	135.3604
4262.695649	76.057	134.9834
4263.061860	76.052	134.6187
4263.428071	76.047	134.2861
4263.794282	76.050	133.9629
4264.160493	76.056	133.5732
4264.526704	76.051	133.1558
4264.892915	76.041	132.8354
4265.259126	76.049	132.5308
4265.625337	76.058	132.1152
4265.991548	76.053	131.7070
4266.357759	76.053	131.3633
4266.723970	76.059	130.9634
4267.090181	76.055	130.5425
4267.456392	76.050	130.1875
4267.822603	76.053	129.8364
4268.188814	76.058	129.4487
4268.555025	76.060	129.0298
4268.921236	76.053	128.6108
4269.287447	76.041	128.2759
4269.653658	76.041	128.0020
4270.019869	76.052	127.6841
4270.386080	76.063	127.3022
4270.752291	76.068	126.8735
4271.118501	76.058	126.4678
4271.484712	76.049	126.1953
4271.850923	76.067	125.9380
4272.217134	76.091	125.4839
4272.583345	76.084	124.9419
4272.949556	76.059	124.5732
4273.315767	76.054	124.3452
4273.681978	76.070	124.0269
4274.048189	76.077	123.5786
4274.414400	76.068	123.1694
4274.780611	76.062	122.8438
4275.146822	76.064	122.5034
4275.513033	76.065	122.1514
4275.879244	76.072	121.8086
4276.245455	76.083	121.3887
4276.611666	76.077	120.9243
4276.977877	76.062	120.5903
4277.344088	76.070	120.3345
4277.710299	76.091	119.9170
4278.076510	76.087	119.3887
4278.442721	76.063	119.0337
4278.808932	76.064	118.8306
4279.175143	76.089	118.5015
4279.541354	76.102	118.0122
4279.907565	76.093	117.5479
4280.273776	76.081	117.1841
4280.639987	76.076	116.8789
4281.006198	76.081	116.5669
4281.372409	76.087	116.2056
4281.738620	76.090	115.8301
4282.104831	76.092	115.4526
4282.471041	76.089	115.0615
4282.837252	76.082	114.7305
4283.203463	76.089	114.4336
4283.569674	76.100	114.0244
4283.935885	76.093	113.5884
4284.302096	76.084	113.2676
4284.668307	76.088	112.9365
4285.034518	76.087	112.5684
4285.400729	76.089	112.2690
4285.766940	76.107	111.8823
4286.133151	76.104	111.3774
4286.499362	76.083	111.0576
4286.865573	76.096	110.8301
4287.231784	76.119	110.3613
4287.597995	76.104	109.8628
4287.964206	76.089	109.5962
4288.330417	76.104	109.3193
4288.696628	76.117	108.8999
4289.062839	76.117	108.4990
4289.429050	76.121	108.1177
4289.795261	76.122	107.7036
4290.161472	76.117	107.3149
4290.527683	76.113	106.9619
4290.893894	76.110	106.6470
4291.260105	76.119	106.3428
4291.626316	76.134	105.9375
4291.992527	76.132	105.4741
4292.358738	76.122	105.0947
4292.724949	76.118	104.7539
4293.091160	76.114	104.4028
4293.457370	76.114	104.0972
4293.823581	76.126	103.7607
4294.189792	76.134	103.3076
4294.556003	76.123	102.8657
4294.922214	76.111	102.5420
4295.288425	76.112	102.2466
4295.654636	76.119	101.8931
4296.020847	76.122	101.5298
4296.387058	76.129	101.1665
4296.753269	76.135	100.7393
4297.119480	76.127	100.3291
4297.485691	76.124	100.0317
4297.851902	76.138	99.6821
4298.218113	76.141	99.2266
4298.584324	76.132	98.8828
4298.950535	76.144	98.5762
4299.316746	76.155	98.1001
4299.682957	76.137	97.6777
4300.049168	76.133	97.4395
4300.415379	76.153	97.0898
4300.781590	76.153	96.6196
4301.147801	76.142	96.2896
4301.514012	76.152	95.9771
4301.880223	76.157	95.5332
4302.246434	76.144	95.1655
4302.612645	76.148	94.8833
4302.978856	76.157	94.4775
4303.345067	76.144	94.0918
4303.711278	76.144	93.8701
4304.077489	76.171	93.5234
4304.443700	76.176	92.9858
4304.809910	76.155	92.6006
4305.176121	76.157	92.3394
4305.542332	76.168	91.9346
4305.908543	76.158	91.5332
4306.274754	76.157	91.2686
4306.640965	76.176	90.9004
4307.007176	76.175	90.4141
4307.373387	76.157	90.0762
4307.739598	76.162	89.8408
4308.105809	76.183	89.4780
4308.472020	76.189	89.0161
4308.838231	76.183	88.5972
4309.204442	76.175	88.2446
4309.570653	76.174	87.9409
4309.936864	76.186	87.6196
4310.303075	76.198	87.1870
4310.669286	76.191	86.7422
4311.035497	76.182	86.4268
4311.401708	76.193	86.1025
4311.767919	76.196	85.6577
4312.134130	76.183	85.3003
4312.500341	76.188	85.0645
4312.866552	76.214	84.6733
4313.232763	76.216	84.1401
4313.598974	76.197	83.7402
4313.965185	76.192	83.4619
4314.331396	76.201	83.1309
4314.697607	76.207	82.7427
4315.063818	76.208	82.3608
4315.430029	76.211	81.9873
4315.796239	76.213	81.5913
4316.162450	76.207	81.1992
4316.528661	76.200	80.8989
4316.894872	76.213	80.6250
4317.261083	76.232	80.1997
4317.627294	76.227	79.7227
4317.993505	76.217	79.3936
4318.359716	76.227	79.0742
4318.725927	76.233	78.6294
4319.092138	76.221	78.2383
4319.458349	76.220	77.9463
4319.824560	76.229	77.5737
4320.190771	76.225	77.1802
4320.556982	76.225	76.9038
4320.923193	76.249	76.5469
4321.289404	76.255	75.9893
4321.655615	76.226	75.5596
4322.021826	76.216	75.3774
4322.388037	76.241	75.0757
4322.754248	76.247	74.5938
4323.120459	76.236	74.2612
4323.486670	76.254	73.9824
4323.852881	76.274	73.4702
4324.219092	76.255	72.9712
4324.585303	76.240	72.7153
4324.951514	76.255	72.4185
4325.317725	76.260	71.9824
4325.683936	76.253	71.6509
4326.050147	76.266	71.3428
4326.416358	76.276	70.8828
4326.782569	76.263	70.4678
4327.148779	76.257	70.1919
4327.514990	76.266	69.8589
4327.881201	76.266	69.4873
4328.247412	76.267	69.1929
4328.613623	76.283	68.8481
4328.979834	76.287	68.4062
4329.346045	76.278	68.0474
4329.712256	76.284	67.7690
4330.078467	76.302	67.3789
4330.444678	76.303	66.9038
4330.810889	76.292	66.5283
4331.177100	76.294	66.2153
4331.543311	76.303	65.8120
4331.909522	76.298	65.3760
4332.275733	76.288	65.0410
4332.641944	76.293	64.7422
4333.008155	76.305	64.3545
4333.374366	76.305	63.9072
4333.740577	76.294	63.5225
4334.106788	76.290	63.2407
4334.472999	76.306	62.9365
4334.839210	76.322	62.5020
4335.205421	76.320	62.0337
4335.571632	76.315	61.6426
4335.937843	76.314	61.2715
4336.304054	76.315	60.8970
4336.670265	76.318	60.5244
4337.036476	76.320	60.1011
4337.402687	76.307	59.7144
4337.768898	76.302	59.4775
4338.135109	76.327	59.1968
4338.501319	76.350	58.6875
4338.867530	76.339	58.1470
4339.233741	76.316	57.7949
4339.599952	76.311	57.5610
4339.966163	76.328	57.2715
4340.332374	76.346	56.8408
4340.698585	76.343	56.3740
4341.064796	76.335	56.0200
4341.431007	76.343	55.6777
4341.797218	76.346	55.2319
4342.163429	76.332	54.8550
4342.529640	76.333	54.6050
4342.895851	76.354	54.2485
4343.262062	76.360	53.7666
4343.628273	76.351	53.3647
4343.994484	76.351	53.0288
4344.360695	76.354	52.6484
4344.726906	76.350	52.3018
4345.093117	76.360	52.0146
4345.459328	76.383	51.6099
4345.825539	76.388	51.0747
4346.191750	76.371	50.6460
4346.557961	76.366	50.3413
4346.924172	76.372	49.9741
4347.290383	76.367	49.5996
4347.656594	76.370	49.3091
4348.022805	76.388	48.9268
4348.389016	76.388	48.4370
4348.755227	76.371	48.0864
4349.121438	76.376	47.8418
4349.487648	76.397	47.4492
4349.853859	76.396	46.9614
4350.220070	76.382	46.6128
4350.586281	76.390	46.3247
4350.952492	76.402	45.8916
4351.318703	76.390	45.4551
4351.684914	76.381	45.1987
4352.051125	76.403	44.9023
4352.417336	76.417	44.4062
4352.783547	76.404	43.9590
4353.149758	76.398	43.6670
4353.515969	76.412	43.3169
4353.882180	76.416	42.8638
4354.248391	76.406	42.4707
4354.614602	76.405	42.1675
4354.980813	76.418	41.8276
4355.347024	76.427	41.3828
4355.713235	76.419	40.9424
4356.079446	76.409	40.6382
4356.445657	76.420	40.3677
4356.811868	76.439	39.9570
4357.178079	76.440	39.4932
4357.544290	76.434	39.1426
4357.910501	76.445	38.8047
4358.276712	76.454	38.3535
4358.642923	76.445	37.9272
4359.009134	76.441	37.6118
4359.375345	76.450	37.2632
4359.741556	76.454	36.8535
4360.107767	76.453	36.4795
4360.473978	76.456	36.1079
4360.840188	76.455	35.7329
4361.206399	76.456	35.4224
4361.572610	76.473	35.0708
4361.938821	76.481	34.5977
4362.305032	76.471	34.1831
4362.671243	76.470	33.8882
4363.037454	76.486	33.5132
4363.403665	76.488	33.0347
4363.769876	76.474	32.6587
4364.136087	76.476	32.3740
4364.502298	76.489	31.9990
4364.868509	76.488	31.5786
4365.234720	76.486	31.2495
4365.600931	76.500	30.9009
4365.967142	76.509	30.4326
4366.333353	76.500	29.9932
4366.699564	76.493	29.6533
4367.065775	76.495	29.3032
4367.431986	76.495	28.9341
4367.798197	76.496	28.6016
4368.164408	76.505	28.2441
4368.530619	76.511	27.8262
4368.896830	76.507	27.4268
4369.263041	76.505	27.0918
4369.629252	76.514	26.7534
4369.995463	76.525	26.3413
4370.361674	76.526	25.8979
4370.727885	76.520	25.5044
4371.094096	76.517	25.1558
4371.460307	76.519	24.8203
4371.826517	76.529	24.4854
4372.192728	76.544	24.0830
4372.558939	76.549	23.6060
4372.925150	76.539	23.1826
4373.291361	76.535	22.8384
4373.657572	76.536	22.4785
4374.023783	76.533	22.1387
4374.389994	76.541	21.8501
4374.756205	76.562	21.4663
4375.122416	76.567	20.9688
4375.488627	76.554	20.5601
4375.854838	76.552	20.2632
4376.221049	76.563	19.9097
4376.587260	76.567	19.4995
4376.953471	76.567	19.1274
4377.319682	76.571	18.7568
4377.685893	76.572	18.3794
4378.052104	76.577	18.0298
4378.418315	76.588	17.6216
4378.784526	76.584	17.1655
4379.150737	76.573	16.8267
4379.516948	76.582	16.5361
4379.883159	76.597	16.1230
4380.249370	76.597	15.6831
4380.615581	76.595	15.3071
4380.981792	76.597	14.9204
4381.348003	76.594	14.5508
4381.714214	76.600	14.2139
4382.080425	76.608	13.8022
4382.446636	76.602	13.3867
4382.812847	76.597	13.0840
4383.179057	76.609	12.7568
4383.545268	76.615	12.3457
4383.911479	76.612	11.9985
4384.277690	76.622	11.6821
4384.643901	76.633	11.2729
4385.010112	76.632	10.8774
4385.376323	76.637	10.5498
4385.742534	76.651	10.1445
4386.108745	76.650	9.6909
4386.474956	76.644	9.3359
4386.841167	76.652	8.9868
4387.207378	76.658	8.5469
4387.573589	76.652	8.1401
4387.939800	76.653	7.7837
4388.306011	76.657	7.3652
4388.672222	76.648	6.9580
4389.038433	76.643	6.6499
4389.404644	76.655	6.3130
4389.770855	76.664	5.8740
4390.137066	76.661	5.4448
4390.503277	76.658	5.0684
4390.869488	76.658	4.6953
4391.235699	76.659	4.3389
4391.601910	76.666	3.9844
4391.968121	76.673	3.5693
4392.334332	76.669	3.1616
4392.700543	76.667	2.8486
4393.066754	76.680	2.5210
4393.432965	76.692	2.0972
4393.799176	76.692	1.6934
4394.165386	76.697	1.3354
4394.531597	76.704	0.9321
4394.897808	76.701	0.5430
4395.264019	76.704	0.2314
4395.630230	76.720	-0.1245
4395.996441	76.730	-0.5674
4396.362652	76.731	-0.9790
4396.728863	76.736	-1.3662
4397.095074	76.738	-1.8032
4397.461285	76.731	-2.2041
4397.827496	76.729	-2.5312
4398.193707	76.735	-2.8965
4398.559918	76.733	-3.2842
4398.926129	76.733	-3.6006
4399.292340	76.747	-3.9263
4399.658551	76.762	-4.3545
4400.024762	76.764	-4.8281
4400.390973	76.753	-5.2490
4400.757184	76.744	-5.5649
4401.123395	76.752	-5.8550
4401.489606	76.765	-6.2471
4401.855817	76.765	-6.6636
4402.222028	76.767	-7.0078
4402.588239	76.777	-7.3984
4402.954450	76.775	-7.8335
4403.320661	76.767	-8.1587
4403.686872	76.779	-8.4585
4404.053083	76.794	-8.8789
4404.419294	76.796	-9.3286
4404.785505	76.792	-9.7271
4405.151716	76.790	-10.1001
4405.517926	76.790	-10.4370
4405.884137	76.800	-10.7778
4406.250348	76.812	-11.2021
4406.616559	76.812	-11.6567
4406.982770	76.807	-12.0537
4407.348981	76.805	-12.4229
4407.715192	76.801	-12.7808
4408.081403	76.800	-13.0737
4408.447614	76.817	-13.3608
4408.813825	76.842	-13.7847
4409.180036	76.847	-14.2847
4409.546247	76.841	-14.6831
4409.912458	76.849	-15.0356
4410.278669	76.858	-15.4917
4410.644880	76.847	-15.9375
4411.011091	76.838	-16.2231
4411.377302	76.855	-16.5103
4411.743513	76.874	-16.9810
4412.109724	76.864	-17.4697
4412.475935	76.849	-17.7847
4412.842146	76.856	-18.0552
4413.208357	76.870	-18.4277
4413.574568	76.876	-18.8369
4413.940779	76.880	-19.2480
4414.306990	76.877	-19.6743
4414.673201	76.865	-20.0122
4415.039412	76.871	-20.2646
4415.405623	76.896	-20.6304
4415.771834	76.907	-21.1323
4416.138045	76.900	-21.5835
4416.504256	76.898	-21.9683
4416.870466	76.897	-22.3809
4417.236677	76.889	-22.7690
4417.602888	76.887	-23.0894
4417.969099	76.895	-23.4341
4418.335310	76.901	-23.8281
4418.701521	76.903	-24.2100
4419.067732	76.908	-24.5850
4419.433943	76.911	-24.9619
4419.800154	76.917	-25.3257
4420.166365	76.925	-25.7065
4420.532576	76.932	-26.1045
4420.898787	76.937	-26.4927
4421.264998	76.944	-26.9019
4421.631209	76.944	-27.3179
4421.997420	76.942	-27.6885
4422.363631	76.945	-28.0522
4422.729842	76.945	-28.4199
4423.096053	76.947	-28.7446
4423.462264	76.959	-29.0869
4423.828475	76.970	-29.4966
4424.194686	76.973	-29.9033
4424.560897	76.976	-30.2886
4424.927108	76.980	-30.6831
4425.293319	76.983	-31.0713
4425.659530	76.987	-31.4741
4426.025741	76.986	-31.8916
4426.391952	76.982	-32.2559
4426.758163	76.987	-32.5977
4427.124374	76.995	-33.0005
4427.490585	76.994	-33.4189
4427.856795	76.991	-33.7871
4428.223006	76.994	-34.1260
4428.589217	77.004	-34.4736
4428.955428	77.019	-34.8857
4429.321639	77.024	-35.3657
4429.687850	77.015	-35.7949
4430.054061	77.011	-36.1357
4430.420272	77.017	-36.4883
4430.786483	77.021	-36.8682
4431.152694	77.025	-37.2300
4431.518905	77.032	-37.5938
4431.885116	77.041	-37.9692
4432.251327	77.052	-38.3765
4432.617538	77.057	-38.8335
4432.983749	77.050	-39.2363
4433.349960	77.053	-39.5591
4433.716171	77.066	-39.9604
4434.082382	77.064	-40.4194
4434.448593	77.055	-40.7700
4434.814804	77.060	-41.0815
4435.181015	77.069	-41.4644
4435.547226	77.071	-41.8364
4435.913437	77.080	-42.1836
4436.279648	77.092	-42.5977
4436.645859	77.093	-43.0430
4437.012070	77.088	-43.4287
4437.378281	77.088	-43.7734
4437.744492	77.093	-44.1353
4438.110703	77.096	-44.4985
4438.476914	77.104	-44.8467
4438.843125	77.119	-45.2622
4439.209335	77.118	-45.7529
4439.575546	77.100	-46.1265
4439.941757	77.101	-46.3550
4440.307968	77.127	-46.7036
4440.674179	77.137	-47.2173
4441.040390	77.125	-47.6377
4441.406601	77.126	-47.9517
4441.772812	77.137	-48.3486
4442.139023	77.135	-48.7788
4442.505234	77.132	-49.1240
4442.871445	77.141	-49.4736
4443.237656	77.149	-49.8892
4443.603867	77.149	-50.2954
4443.970078	77.150	-50.6714
4444.336289	77.154	-51.0420
4444.702500	77.161	-51.4097
4445.068711	77.172	-51.8071
4445.434922	77.178	-52.2397
4445.801133	77.181	-52.6670
4446.167344	77.181	-53.0908
4446.533555	77.175	-53.4932
4446.899766	77.170	-53.8169
4447.265977	77.180	-54.1172
4447.632188	77.197	-54.5078
4447.998399	77.203	-54.9551
4448.364610	77.201	-55.3555
4448.730821	77.204	-55.7095
4449.097032	77.214	-56.0801
4449.463243	77.223	-56.5005
4449.829454	77.225	-56.9409
4450.195664	77.221	-57.3408
4450.561875	77.220	-57.7109
4450.928086	77.219	-58.0942
4451.294297	77.214	-58.4365
4451.660508	77.220	-58.7183
4452.026719	77.239	-59.0747
4452.392930	77.250	-59.5386
4452.759141	77.246	-59.9634
4453.125352	77.246	-60.3208
4453.491563	77.252	-60.7026
4453.857774	77.254	-61.0942
4454.223985	77.257	-61.4648
4454.590196	77.262	-61.8452
4454.956407	77.268	-62.2158
4455.322618	77.280	-62.6016
4455.688829	77.288	-63.0742
4456.055040	77.277	-63.5083
4456.421251	77.275	-63.7993
4456.787462	77.295	-64.1655
4457.153673	77.300	-64.6777
4457.519884	77.284	-65.0586
4457.886095	77.290	-65.3203
4458.252306	77.310	-65.7305
4458.618517	77.308	-66.1919
4458.984728	77.306	-66.5225
4459.350939	77.321	-66.8823
4459.717150	77.328	-67.3467
4460.083361	77.322	-67.7441
4460.449572	77.325	-68.0732
4460.815783	77.336	-68.4570
4461.181994	77.341	-68.8662
4461.548204	77.346	-69.2642
4461.914415	77.348	-69.6904
4462.280626	77.342	-70.0767
4462.646837	77.345	-70.3838
4463.013048	77.361	-70.7710
4463.379259	77.362	-71.2432
4463.745470	77.354	-71.5957
4464.111681	77.366	-71.9165
4464.477892	77.377	-72.3882
4464.844103	77.364	-72.8101
4465.210314	77.366	-73.0845
4465.576525	77.387	-73.4775
4465.942736	77.388	-73.9844
4466.308947	77.376	-74.3569
4466.675158	77.381	-74.6631
4467.041369	77.394	-75.0576
4467.407580	77.398	-75.4678
4467.773791	77.404	-75.8584
4468.140002	77.410	-76.2852
4468.506213	77.408	-76.6929
4468.872424	77.409	-77.0396
4469.238635	77.418	-77.3960
4469.604846	77.428	-77.7852
4469.971057	77.439	-78.1943
4470.337268	77.445	-78.6499
4470.703479	77.439	-79.0771
4471.069690	77.436	-79.4062
4471.435901	77.446	-79.7554
4471.802112	77.450	-80.1650
4472.168323	77.448	-80.5132
4472.534534	77.458	-80.8364
4472.900744	77.471	-81.2339
4473.266955	77.476	-81.6597
4473.633166	77.476	-82.0669
4473.999377	77.472	-82.4277
4474.365588	77.478	-82.7334
4474.731799	77.497	-83.1123
4475.098010	77.506	-83.5981
4475.464221	77.499	-84.0386
4475.830432	77.496	-84.4072
4476.196643	77.499	-84.7925
4476.562854	77.501	-85.2021
4476.929065	77.498	-85.6079
4477.295276	77.494	-85.9756
4477.661487	77.496	-86.3179
4478.027698	77.503	-86.6997
4478.393909	77.504	-87.0801
4478.760120	77.512	-87.4199
4479.126331	77.527	-87.8218
4479.492542	77.534	-88.2837
4479.858753	77.533	-88.6943
4480.224964	77.538	-89.0938
4480.591175	77.539	-89.5156
4480.957386	77.536	-89.8730
4481.323597	77.547	-90.2021
4481.689808	77.563	-90.6177
4482.056019	77.569	-91.0903
4482.422230	77.564	-91.5269
4482.788441	77.559	-91.8833
4483.154652	77.566	-92.2080
4483.520863	77.580	-92.6226
4483.887073	77.577	-93.0903
4484.253284	77.567	-93.4380
4484.619495	77.575	-93.7358
4484.985706	77.588	-94.1465
4485.351917	77.586	-94.5596
4485.718128	77.589	-94.8809
4486.084339	77.607	-95.2573
4486.450550	77.616	-95.7349
4486.816761	77.612	-96.1743
4487.182972	77.611	-96.5352
4487.549183	77.623	-96.9219
4487.915394	77.629	-97.4038
4488.281605	77.617	-97.8613
4488.647816	77.605	-98.1689
4489.014027	77.616	-98.4556
4489.380238	77.631	-98.8633
4489.746449	77.631	-99.2944
4490.112660	77.629	-99.6479
4490.478871	77.635	-99.9668
4490.845082	77.651	-100.3247
4491.211293	77.664	-100.7612
4491.577504	77.664	-101.1958
4491.943715	77.664	-101.5454
4492.309926	77.676	-101.9185
4492.676137	77.680	-102.3555
4493.042348	77.677	-102.7236
4493.408559	77.688	-103.0654
4493.774770	77.700	-103.5107
4494.140981	77.697	-103.9648
4494.507192	77.692	-104.3418
4494.873403	77.693	-104.7246
4495.239613	77.689	-105.0991
4495.605824	77.691	-105.4067
4495.972035	77.707	-105.7549
4496.338246	77.720	-106.2056
4496.704457	77.720	-106.6426
4497.070668	77.723	-107.0356
4497.436879	77.729	-107.4595
4497.803090	77.728	-107.8784
4498.169301	77.728	-108.2559
4498.535512	77.732	-108.6357
4498.901723	77.737	-109.0068
4499.267934	77.749	-109.3823
4499.634145	77.762	-109.8398
4500.000356	77.758	-110.3057
4500.366567	77.753	-110.6675
4500.732778	77.760	-111.0059
4501.098989	77.772	-111.4121
4501.465200	77.776	-111.8511
4501.831411	77.772	-112.2646
4502.197622	77.768	-112.6152
4502.563833	77.772	-112.9268
4502.930044	77.786	-113.2778
4503.296255	77.798	-113.6821
4503.662466	77.807	-114.1099
4504.028677	77.811	-114.5527
4504.394888	77.808	-114.9741
4504.761099	77.804	-115.3477
4505.127310	77.806	-115.7021
4505.493521	77.812	-116.0566
4505.859732	77.823	-116.4370
4506.225942	77.832	-116.8823
4506.592153	77.829	-117.3433
4506.958364	77.819	-117.7192
4507.324575	77.822	-118.0303
4507.690786	77.837	-118.4126
4508.056997	77.843	-118.8877
4508.423208	77.834	-119.2979
4508.789419	77.835	-119.6060
4509.155630	77.852	-119.9824
4509.521841	77.860	-120.4600
4509.888052	77.855	-120.8955
4510.254263	77.853	-121.2617
4510.620474	77.857	-121.6221
4510.986685	77.865	-122.0083
4511.352896	77.872	-122.4478
4511.719107	77.865	-122.8716
4512.085318	77.862	-123.1851
4512.451529	77.878	-123.5117
4512.817740	77.893	-123.9697
4513.183951	77.892	-124.4194
4513.550162	77.895	-124.8140
4513.916373	77.898	-125.2773
4514.282584	77.883	-125.7100
4514.648795	77.873	-125.9673
4515.015006	77.893	-126.2378
4515.381217	77.915	-126.6855
4515.747428	77.918	-127.1597
4516.113639	77.920	-127.5786
4516.479850	77.922	-128.0288
4516.846061	77.912	-128.4502
4517.212272	77.907	-128.7578
4517.578482	77.920	-129.0825
4517.944693	77.932	-129.5142
4518.310904	77.933	-129.9404
4518.677115	77.937	-130.3159
4519.043326	77.945	-130.7339
4519.409537	77.945	-131.1885
4519.775748	77.936	-131.5747
4520.141959	77.936	-131.8936
4520.508170	77.946	-132.2388
4520.874381	77.957	-132.6353
4521.240592	77.965	-133.0557
4521.606803	77.970	-133.4917
4521.973014	77.969	-133.9165
4522.339225	77.970	-134.3125
4522.705436	77.972	-134.7241
4523.071647	77.967	-135.1333
4523.437858	77.962	-135.4570
4523.804069	77.976	-135.7705
4524.170280	77.994	-136.2100
4524.536491	77.996	-136.6997
4524.902702	77.989	-137.1113
4525.268913	77.989	-137.4829
4525.635124	77.990	-137.8623
4526.001335	77.994	-138.2256
4526.367546	78.003	-138.6099
4526.733757	78.009	-139.0386
4527.099968	78.008	-139.4277
4527.466179	78.015	-139.7754
4527.832390	78.030	-140.1953
4528.198601	78.034	-140.6694
4528.564811	78.031	-141.0903
4528.931022	78.034	-141.4883
4529.297233	78.035	-141.9150
4529.663444	78.032	-142.3262
4530.029655	78.030	-142.7222
4530.395866	78.023	-143.0977
4530.762077	78.021	-143.3862
4531.128288	78.040	-143.7021
4531.494499	78.057	-144.1895
4531.860710	78.046	-144.6572
4532.226921	78.041	-144.9565
4532.593132	78.058	-145.3027
4532.959343	78.066	-145.7666
4533.325554	78.063	-146.1606
4533.691765	78.072	-146.5283
4534.057976	78.079	-146.9829
4534.424187	78.074	-147.3901
4534.790398	78.082	-147.7349
4535.156609	78.097	-148.1958
4535.522820	78.092	-148.7139
4535.889031	78.076	-149.1001
4536.255242	78.076	-149.4121
4536.621453	78.085	-149.7876
4536.987664	78.089	-150.2139
4537.353875	78.088	-150.6260
4537.720086	78.086	-150.9971
4538.086297	78.091	-151.3516
4538.452508	78.101	-151.7622
4538.818719	78.103	-152.2183
4539.184930	78.097	-152.6167
4539.551141	78.099	-152.9756
4539.917351	78.104	-153.3911
4540.283562	78.099	-153.8027
4540.649773	78.098	-154.1377
4541.015984	78.109	-154.5005
4541.382195	78.115	-154.9370
4541.748406	78.113	-155.3325
4542.114617	78.119	-155.6948
4542.480828	78.127	-156.1162
4542.847039	78.127	-156.5366
4543.213250	78.128	-156.8989
4543.579461	78.139	-157.2852
4543.945672	78.148	-157.7319
4544.311883	78.148	-158.1895
4544.678094	78.140	-158.5952
4545.044305	78.139	-158.9106
4545.410516	78.157	-159.2461
4545.776727	78.174	-159.7422
4546.142938	78.166	-160.2466
4546.509149	78.156	-160.5820
4546.875360	78.168	-160.9126
4547.241571	78.181	-161.3687
4547.607782	78.180	-161.8301
4547.973993	78.176	-162.2441
4548.340204	78.172	-162.6245
4548.706415	78.173	-162.9521
4549.072626	78.185	-163.3145
4549.438837	78.193	-163.7451
4549.805048	78.195	-164.1460
4550.171259	78.201	-164.5420
4550.537470	78.203	-164.9551
4550.903681	78.206	-165.3037
4551.269891	78.224	-165.6880
4551.636102	78.234	-166.2095
4552.002313	78.221	-166.6924
4552.368524	78.209	-167.0337
4552.734735	78.212	-167.3438
4553.100946	78.224	-167.6914
4553.467157	78.239	-168.1089
4553.833368	78.244	-168.5894
4554.199579	78.238	-169.0249
4554.565790	78.235	-169.3970
4554.932001	78.239	-169.7861
4555.298212	78.240	-170.1870
4555.664423	78.242	-170.5830
4556.030634	78.243	-170.9927
4556.396845	78.240	-171.3726
4556.763056	78.245	-171.7192
4557.129267	78.256	-172.1099
4557.495478	78.263	-172.5415
4557.861689	78.267	-172.9741
4558.227900	78.268	-173.4116
4558.594111	78.265	-173.8164
4558.960322	78.268	-174.1860
4559.326533	78.275	-174.6104
4559.692744	78.270	-175.0381
4560.058955	78.267	-175.3496
4560.425166	78.286	-175.6689
4560.791377	78.308	-176.1479
4561.157588	78.310	-176.6855
4561.523799	78.297	-177.1353
4561.890010	78.287	-177.4771
4562.256220	78.292	-177.7837
4562.622431	78.307	-178.1694
4562.988642	78.312	-178.6157
4563.354853	78.310	-179.0142
4563.721064	78.313	-179.4014
4564.087275	78.311	-179.7905
4564.453486	78.313	179.8887
4564.819697	78.331	179.5234
4565.185908	78.340	179.0332
4565.552119	78.330	178.6035
4565.918330	78.328	178.2871
4566.284541	78.340	177.9253
4566.650752	78.348	177.4946
4567.016963	78.348	177.0825
4567.383174	78.350	176.7197
4567.749385	78.364	176.3335
4568.115596	78.375	175.8345
4568.481807	78.363	175.3467
4568.848018	78.350	175.0312
4569.214229	78.364	174.7236
4569.580440	78.380	174.2676
4569.946651	78.379	173.8022
4570.312862	78.377	173.3931
4570.679073	78.375	172.9956
4571.045284	78.376	172.6514
4571.411495	78.391	172.2842
4571.777706	78.402	171.7979
4572.143917	78.396	171.3398
4572.510128	78.394	170.9702
4572.876339	78.397	170.5586
4573.242550	78.389	170.1709
4573.608760	78.392	169.8945
4573.974971	78.416	169.5381
4574.341182	78.431	169.0200
4574.707393	78.424	168.5386
4575.073604	78.418	168.1548
4575.439815	78.418	167.7798
4575.806026	78.419	167.4180
4576.172237	78.429	167.0469
4576.538448	78.437	166.6064
4576.904659	78.435	166.1753
4577.270870	78.437	165.8013
4577.637081	78.445	165.3838
4578.003292	78.445	164.9160
4578.369503	78.436	164.5103
4578.735714	78.435	164.1641
4579.101925	78.441	163.7886
4579.468136	78.445	163.3774
4579.834347	78.445	162.9829
4580.200558	78.449	162.5952
4580.566769	78.452	162.1841
4580.932980	78.450	161.7964
4581.299191	78.455	161.4370
4581.665402	78.463	161.0337
4582.031613	78.465	160.6255
4582.397824	78.471	160.2520
4582.764035	78.482	159.8096
4583.130246	78.476	159.3438
4583.496457	78.468	159.0029
4583.862668	78.479	158.6836
4584.228879	78.494	158.2534
4584.595089	78.498	157.7925
4584.961300	78.498	157.3521
4585.327511	78.494	156.9326
4585.693722	78.492	156.5601
4586.059933	78.496	156.1729
4586.426144	78.496	155.7651
4586.792355	78.498	155.4126
4587.158566	78.512	155.0322
4587.524777	78.521	154.5513
4587.890988	78.514	154.1025
4588.257199	78.512	153.7363
4588.623410	78.519	153.3481
4588.989621	78.524	152.9175
4589.355832	78.525	152.4849
4589.722043	78.523	152.0669
4590.088254	78.521	151.6743
4590.454465	78.521	151.2920
4590.820676	78.521	150.9214
4591.186887	78.526	150.5752
4591.553098	78.539	150.1997
4591.919309	78.550	149.7563
4592.285520	78.553	149.3018
4592.651731	78.552	148.8745
4593.017942	78.550	148.4707
4593.384153	78.551	148.1035
4593.750364	78.560	147.7344
4594.116575	78.572	147.2930
4594.482786	78.573	146.8193
4594.848997	78.568	146.4014
4595.215208	78.568	146.0264
4595.581419	78.573	145.6426
4595.947629	78.580	145.2334
4596.313840	78.585	144.8062
4596.680051	78.587	144.3853
4597.046262	78.591	143.9653
4597.412473	78.591	143.5254
4597.778684	78.585	143.1245
4598.144895	78.585	142.8003
4598.511106	78.600	142.4443
4598.877317	78.613	141.9810
4599.243528	78.611	141.5127
4599.609739	78.606	141.1357
4599.975950	78.613	140.7856
4600.342161	78.624	140.3638
4600.708372	78.625	139.9204
4601.074583	78.625	139.5352
4601.440794	78.632	139.1279
4601.807005	78.629	138.6719
4602.173216	78.617	138.3262
4602.539427	78.626	138.0576
4602.905638	78.647	137.6509
4603.271849	78.650	137.1724
4603.638060	78.647	136.7964
4604.004271	78.658	136.4150
4604.370482	78.664	135.9419
4604.736693	78.656	135.5146
4605.102904	78.656	135.1597
4605.469115	78.664	134.7520
4605.835326	78.663	134.2993
4606.201537	78.655	133.9175
4606.567748	78.660	133.5796
4606.933959	78.671	133.1523
4607.300169	78.668	132.6802
4607.666380	78.660	132.3203
4608.032591	78.670	131.9805
4608.398802	78.681	131.5059
4608.765013	78.670	131.0630
4609.131224	78.670	130.7617
4609.497435	78.692	130.3750
4609.863646	78.702	129.8418
4610.229857	78.693	129.3662
4610.596068	78.689	128.9624
4610.962279	78.685	128.5620
4611.328490	78.684	128.2114
4611.694701	78.695	127.8545
4612.060912	78.707	127.4062
4612.427123	78.708	126.9521
4612.793334	78.707	126.5474
4613.159545	78.710	126.1460
4613.525756	78.713	125.7549
4613.891967	78.720	125.3647
4614.258178	78.728	124.9336
4614.624389	78.729	124.5044
4614.990600	78.731	124.1216
4615.356811	78.741	123.7158
4615.723022	78.746	123.2427
4616.089233	78.737	122.8027
4616.455444	78.730	122.4829
4616.821655	78.743	122.1680
4617.187866	78.760	121.7119
4617.554077	78.756	121.2192
4617.920288	78.745	120.8574
4618.286498	78.752	120.5405
4618.652709	78.766	120.1230
4619.018920	78.768	119.6694
4619.385131	78.768	119.2656
4619.751342	78.772	118.8530
4620.117553	78.771	118.4136
4620.483764	78.766	118.0293
4620.849975	78.771	117.6777
4621.216186	78.783	117.2471
4621.582397	78.782	116.7637
4621.948608	78.772	116.3594
4622.314819	78.773	116.0229
4622.681030	78.783	115.6309
4623.047241	78.785	115.2007
4623.413452	78.787	114.8223
4623.779663	78.798	114.4189
4624.145874	78.802	113.9482
4624.512085	78.796	113.5581
4624.878296	78.807	113.2036
4625.244507	78.819	112.7036
4625.610718	78.803	112.2358
4625.976929	78.797	111.9590
4626.343140	78.818	111.5928
4626.709351	78.821	111.0752
4627.075562	78.806	110.7080
4627.441773	78.815	110.4233
4627.807984	78.832	109.9849
4628.174195	78.830	109.5293
4628.540406	78.831	109.1523
4628.906617	78.837	108.7231
4629.272828	78.830	108.2998
4629.639038	78.828	107.9780
4630.005249	78.842	107.6216
4630.371460	78.854	107.1675
4630.737671	78.857	106.7085
4631.103882	78.857	106.2539
4631.470093	78.850	105.8130
4631.836304	78.844	105.4561
4632.202515	78.854	105.1079
4632.568726	78.867	104.6392
4632.934937	78.861	104.1479
4633.301148	78.851	103.7725
4633.667359	78.855	103.4229
4634.033570	78.860	103.0142
4634.399781	78.861	102.6313
4634.765992	78.872	102.2637
4635.132203	78.886	101.8047
4635.498414	78.884	101.3179
4635.864625	78.877	100.9106
4636.230836	78.876	100.5371
4636.597047	78.877	100.1694
4636.963258	78.884	99.8203
4637.329469	78.898	99.4121
4637.695680	78.904	98.9360
4638.061891	78.899	98.5000
4638.428102	78.898	98.0996
4638.794313	78.895	97.6982
4639.160524	78.892	97.3516
4639.526735	78.903	97.0078
4639.892946	78.915	96.5635
4640.259157	78.914	96.1099
4640.625367	78.914	95.7129
4640.991578	78.919	95.2847
4641.357789	78.915	94.8540
4641.724000	78.914	94.4902
4642.090211	78.924	94.0845
4642.456422	78.925	93.6177
4642.822633	78.919	93.2236
4643.188844	78.925	92.8569
4643.555055	78.933	92.4048
4643.921266	78.927	91.9648
4644.287477	78.925	91.6152
4644.653688	78.936	91.2368
4645.019899	78.943	90.7852
4645.386110	78.942	90.3618
4645.752321	78.945	89.9717
4646.118532	78.950	89.5459
4646.484743	78.949	89.1226
4646.850954	78.950	88.7358
4647.217165	78.955	88.3330
4647.583376	78.956	87.9268
4647.949587	78.961	87.5381
4648.315798	78.967	87.1045
4648.682009	78.963	86.6641
4649.048220	78.958	86.3027
4649.414431	78.965	85.9399
4649.780642	78.970	85.5342
4650.146853	78.976	85.1445
4650.513064	78.987	84.6919
4650.879275	78.979	84.1929
4651.245486	78.963	83.8682
4651.611697	78.978	83.6050
4651.977907	79.002	83.1162
4652.344118	78.994	82.5859
4652.710329	78.986	82.2358
4653.076540	78.997	81.8438
4653.442751	78.996	81.3643
4653.808962	78.988	81.0107
4654.175173	79.001	80.6533
4654.541384	79.008	80.1509
4654.907595	78.995	79.7368
4655.273806	78.999	79.4370
4655.640017	79.017	79.0142
4656.006228	79.018	78.5312
4656.372439	79.017	78.1323
4656.738650	79.024	77.7056
4657.104861	79.021	77.2314
4657.471072	79.009	76.8594
4657.837283	79.015	76.5513
4658.203494	79.031	76.1387
4658.569705	79.032	75.6611
4658.935916	79.026	75.2798
4659.302127	79.036	74.9194
4659.668338	79.045	74.4443
4660.034549	79.035	74.0112
4660.400760	79.036	73.6987
4660.766971	79.053	73.2778
4661.133182	79.050	72.7817
4661.499393	79.040	72.4561
4661.865604	79.062	72.1289
4662.231815	79.079	71.5718
4662.598026	79.061	71.0400
4662.964236	79.044	70.7310
4663.330447	79.056	70.4180
4663.696658	79.067	69.9629
4664.062869	79.062	69.5312
4664.429080	79.065	69.1763
4664.795291	79.077	68.7422
4665.161502	79.074	68.2466
4665.527713	79.060	67.8677
4665.893924	79.064	67.5630
4666.260135	79.078	67.1787
4666.626346	79.087	66.7378
4666.992557	79.093	66.2886
4667.358768	79.093	65.8315
4667.724979	79.090	65.4131
4668.091190	79.092	65.0200
4668.457401	79.096	64.6040
4668.823612	79.098	64.1758
4669.189823	79.097	63.7383
4669.556034	79.090	63.3428
4669.922245	79.091	63.0269
4670.288456	79.108	62.6484
4670.654667	79.116	62.1724
4671.020878	79.113	61.7588
4671.387089	79.121	61.3652
4671.753300	79.125	60.8892
4672.119511	79.115	60.4727
4672.485722	79.117	60.1436
4672.851933	79.129	59.7256
4673.218144	79.126	59.2617
4673.584355	79.118	58.9155
4673.950566	79.130	58.6045
4674.316776	79.151	58.1553
4674.682987	79.152	57.6313
4675.049198	79.141	57.2104
4675.415409	79.142	56.8535
4675.781620	79.149	56.4277
4676.147831	79.146	55.9819
4676.514042	79.142	55.5952
4676.880253	79.144	55.2148
4677.246464	79.148	54.8052
4677.612675	79.149	54.3843
4677.978886	79.146	53.9839
4678.345097	79.146	53.6367
4678.711308	79.159	53.2651
4679.077519	79.170	52.7993
4679.443730	79.167	52.3550
4679.809941	79.169	51.9751
4680.176152	79.178	51.5493
4680.542363	79.180	51.1079
4680.908574	79.185	50.6973
4681.274785	79.191	50.2192
4681.640996	79.180	49.7456
4682.007207	79.171	49.4199
4682.373418	79.185	49.0835
4682.739629	79.197	48.5933
4683.105840	79.188	48.1177
4683.472051	79.180	47.7607
4683.838262	79.184	47.4160
4684.204473	79.192	47.0186
4684.570684	79.197	46.5776
4684.936895	79.194	46.1313
4685.303106	79.186	45.7480
4685.669316	79.187	45.4009
4686.035527	79.195	45.0161
4686.401738	79.202	44.5903
4686.767949	79.204	44.1206
4687.134160	79.192	43.6699
4687.500371	79.180	43.3579
4687.866582	79.192	43.0693
4688.232793	79.211	42.6172
4688.599004	79.209	42.1206
4688.965215	79.202	41.7271
4689.331426	79.204	41.3643
4689.697637	79.213	40.9688
4690.063848	79.222	40.5249
4690.430059	79.222	40.0352
4690.796270	79.211	39.6162
4691.162481	79.211	39.2798
4691.528692	79.222	38.8657
4691.894903	79.221	38.3882
4692.261114	79.212	37.9995
4692.627325	79.216	37.6567
4692.993536	79.225	37.2373
4693.359747	79.224	36.7944
4693.725958	79.220	36.4170
4694.092169	79.224	36.0542
4694.458380	79.231	35.6523
4694.824591	79.237	35.2422
4695.190802	79.244	34.8130
4695.557013	79.245	34.3569
4695.923224	79.241	33.9404
4696.289435	79.242	33.5435
4696.655645	79.243	33.1123
4697.021856	79.239	32.7021
4697.388067	79.238	32.3174
4697.754278	79.238	31.9121
4698.120489	79.237	31.5259
4698.486700	79.240	31.1436
4698.852911	79.241	30.7363
4699.219122	79.241	30.3701
4699.585333	79.253	29.9834
4699.951544	79.257	29.5059
4700.317755	79.249	29.0947
4700.683966	79.255	28.7515
4701.050177	79.268	28.2773
4701.416388	79.257	27.7744
4701.782599	79.242	27.4385
4702.148810	79.250	27.1294
4702.515021	79.262	26.6968
4702.881232	79.258	26.2554
4703.247443	79.256	25.8940
4703.613654	79.265	25.5225
4703.979865	79.273	25.0796
4704.346076	79.272	24.6333
4704.712287	79.270	24.2319
4705.078498	79.274	23.8257
4705.444709	79.274	23.3887
4705.810920	79.270	22.9731
4706.177131	79.269	22.6055
4706.543342	79.277	22.2188
4706.909553	79.284	21.7495
4707.275764	79.277	21.2798
4707.641975	79.268	20.9043
4708.008185	79.272	20.5298
4708.374396	79.273	20.0923
4708.740607	79.268	19.6982
4709.106818	79.272	19.3208
4709.473029	79.273	18.8711
4709.839240	79.261	18.4912
4710.205451	79.267	18.2109
4710.571662	79.290	17.7886
4710.937873	79.289	17.2485
4711.304084	79.271	16.8716
4711.670295	79.277	16.6074
4712.036506	79.301	16.2119
4712.402717	79.313	15.7012
4712.768928	79.312	15.2056
4713.135139	79.305	14.7397
4713.501350	79.294	14.3193
4713.867561	79.287	13.9658
4714.233772	79.290	13.6069
4714.599983	79.293	13.1978
4714.966194	79.290	12.8052
4715.332405	79.293	12.4419
4715.698616	79.301	12.0225
4716.064827	79.299	11.5605
4716.431038	79.288	11.1729
4716.797249	79.287	10.8535
4717.163460	79.298	10.4932
4717.529671	79.309	10.0566
4717.895882	79.312	9.5752
4718.262093	79.303	9.1152
4718.628304	79.293	8.7554
4718.994514	79.300	8.4238
4719.360725	79.313	7.9741
4719.726936	79.308	7.4790
4720.093147	79.297	7.0918
4720.459358	79.299	6.7495
4720.825569	79.307	6.3511
4721.191780	79.313	5.9150
4721.557991	79.313	5.4658
4721.924202	79.308	5.0435
4722.290413	79.306	4.6851
4722.656624	79.317	4.3008
4723.022835	79.322	3.8281
4723.389046	79.313	3.3940
4723.755257	79.309	3.0649
4724.121468	79.322	2.7046
4724.487679	79.331	2.2456
4724.853890	79.329	1.8008
4725.220101	79.328	1.4102
4725.586312	79.333	0.9912
4725.952523	79.331	0.5571
4726.318734	79.330	0.1660
4726.684945	79.335	-0.2490
4727.051156	79.332	-0.7104
4727.417367	79.322	-1.1094
4727.783578	79.321	-1.4448
4728.149789	79.330	-1.8325
4728.516000	79.336	-2.2920
4728.882211	79.332	-2.7563
4729.248422	79.322	-3.1709
4729.614633	79.317	-3.5234
4729.980844	79.324	-3.8843
4730.347054	79.332	-4.3252
4730.713265	79.329	-4.7734
4731.079476	79.325	-5.1426
4731.445687	79.335	-5.5112
4731.811898	79.346	-5.9688
4732.178109	79.345	-6.4473
4732.544320	79.339	-6.8613
4732.910531	79.339	-7.2373
4733.276742	79.345	-7.6299
4733.642953	79.353	-8.0703
4734.009164	79.350	-8.5337
4734.375375	79.342	-8.9243
4734.741586	79.344	-9.2559
4735.107797	79.356	-9.6650
4735.474008	79.356	-10.1323
4735.840219	79.346	-10.5171
4736.206430	79.348	-10.8374
4736.572641	79.360	-11.2012
4736.938852	79.374	-11.6426
4737.305063	79.377	-12.1489
4737.671274	79.364	-12.6206
4738.037485	79.350	-12.9585
4738.403696	79.358	-13.2769
4738.769907	79.371	-13.7290
4739.136118	79.365	-14.2227
4739.502329	79.353	-14.6167
4739.868540	79.352	-14.9722
4740.234751	79.355	-15.3804
4740.600962	79.353	-15.7891
4740.967173	79.355	-16.1719
4741.333384	79.361	-16.6147
4741.699594	79.353	-17.0698
4742.065805	79.345	-17.4072
4742.432016	79.358	-17.7383
4742.798227	79.372	-18.2051
4743.164438	79.370	-18.6685
4743.530649	79.374	-19.0684
4743.896860	79.382	-19.5527
4744.263071	79.371	-20.0503
4744.629282	79.358	-20.4116
4744.995493	79.361	-20.7539
4745.361704	79.366	-21.1562
4745.727915	79.369	-21.5435
4746.094126	79.376	-21.9541
4746.460337	79.377	-22.3955
4746.826548	79.376	-22.7793
4747.192759	79.384	-23.1758
4747.558970	79.386	-23.6338
4747.925181	79.382	-24.0322
4748.291392	79.391	-24.4282
4748.657603	79.393	-24.9321
4749.023814	79.375	-25.3672
4749.390025	79.369	-25.6602
4749.756236	79.383	-26.0273
4750.122447	79.387	-26.4907
4750.488658	79.382	-26.9028
4750.854869	79.382	-27.2866
4751.221080	79.384	-27.6816
4751.587291	79.391	-28.0845
4751.953502	79.396	-28.5659
4752.319713	79.381	-29.0347
4752.685923	79.366	-29.3330
4753.052134	79.380	-29.6206
4753.418345	79.397	-30.0752
4753.784556	79.395	-30.5547
4754.150767	79.390	-30.9463
4754.516978	79.394	-31.3286
4754.883189	79.399	-31.7437
4755.249400	79.402	-32.1792
4755.615611	79.400	-32.6152
4755.981822	79.397	-33.0132
4756.348033	79.400	-33.4033
4756.714244	79.402	-33.8257
4757.080455	79.401	-34.2310
4757.446666	79.405	-34.6230
4757.812877	79.410	-35.0654
4758.179088	79.406	-35.5068
4758.545299	79.403	-35.8896
4758.911510	79.407	-36.2910
4759.277721	79.406	-36.7246
4759.643932	79.403	-37.0991
4760.010143	79.412	-37.4712
4760.376354	79.421	-37.9468
4760.742565	79.412	-38.4062
4761.108776	79.407	-38.7480
4761.474987	79.420	-39.1289
4761.841198	79.427	-39.6255
4762.207409	79.419	-40.0889
4762.573620	79.413	-40.4878
4762.939831	79.411	-40.9141
4763.306042	79.400	-41.3208
4763.672253	79.394	-41.6509
4764.038463	79.399	-41.9941
4764.404674	79.405	-42.3916
4764.770885	79.407	-42.7764
4765.137096	79.415	-43.1641
4765.503307	79.423	-43.6177
4765.869518	79.420	-44.0854
4766.235729	79.412	-44.4932
4766.601940	79.410	-44.8706
4766.968151	79.411	-45.2471
4767.334362	79.416	-45.6147
4767.700573	79.429	-46.0264
4768.066784	79.437	-46.5142
4768.432995	79.434	-47.0049
4768.799206	79.428	-47.4688
4769.165417	79.416	-47.9155
4769.531628	79.400	-48.2632
4769.897839	79.404	-48.5386
4770.264050	79.424	-48.9409
4770.630261	79.427	-49.4424
4770.996472	79.421	-49.8491
4771.362683	79.427	-50.2393
4771.728894	79.430	-50.7085
4772.095105	79.422	-51.1162
4772.461316	79.427	-51.4800
4772.827527	79.433	-51.9326
4773.193738	79.427	-52.3613
4773.559949	79.430	-52.7178
4773.926160	79.441	-53.1631
4774.292371	79.437	-53.6606
4774.658582	79.423	-54.0615
4775.024792	79.419	-54.3955
4775.391003	79.426	-54.7437
4775.757214	79.438	-55.1655
4776.123425	79.439	-55.6582
4776.489636	79.426	-56.0771
4776.855847	79.424	-56.4077
4777.222058	79.431	-56.8071
4777.588269	79.428	-57.2329
4777.954480	79.427	-57.5864
4778.320691	79.438	-57.9863
4778.686902	79.440	-58.4629
4779.053113	79.432	-58.8828
4779.419324	79.430	-59.2568
4779.785535	79.432	-59.6567
4780.151746	79.432	-60.0581
4780.517957	79.434	-60.4517
4780.884168	79.437	-60.8516
4781.250379	79.442	-61.2700
4781.616590	79.444	-61.7231
4781.982801	79.438	-62.1548
4782.349012	79.436	-62.5264
4782.715223	79.443	-62.9233
4783.081434	79.446	-63.3765
4783.447645	79.443	-63.8174
4783.813856	79.438	-64.2280
4784.180067	79.433	-64.6079
4784.546278	79.436	-64.9619
4784.912489	79.446	-65.3701
4785.278700	79.449	-65.8384
4785.644911	79.442	-66.2583
4786.011122	79.443	-66.6470
4786.377332	79.443	-67.0830
4786.743543	79.434	-67.4741
4787.109754	79.437	-67.7915
4787.475965	79.452	-68.2119
4787.842176	79.449	-68.7124
4788.208387	79.436	-69.0708
4788.574598	79.448	-69.3857
4788.940809	79.463	-69.8877
4789.307020	79.449	-70.3975
4789.673231	79.437	-70.7100
4790.039442	79.454	-71.0615
4790.405653	79.461	-71.6060
4790.771864	79.439	-72.0718
4791.138075	79.430	-72.3403
4791.504286	79.451	-72.6860
4791.870497	79.463	-73.2271
4792.236708	79.447	-73.7241
4792.602919	79.435	-74.0669
4792.969130	79.440	-74.4199
4793.335341	79.445	-74.8394
4793.701552	79.447	-75.2461
4794.067763	79.453	-75.6753
4794.433974	79.451	-76.1387
4794.800185	79.443	-76.5337
4795.166396	79.447	-76.8877
4795.532607	79.455	-77.3042
4795.898818	79.458	-77.7441
4796.265029	79.459	-78.1660
4796.631240	79.460	-78.6050
4796.997451	79.455	-79.0327
4797.363661	79.451	-79.4062
4797.729872	79.457	-79.7817
4798.096083	79.463	-80.2109
4798.462294	79.463	-80.6680
4798.828505	79.457	-81.1006
4799.194716	79.450	-81.4951
4799.560927	79.447	-81.8745
4799.927138	79.445	-82.2495
4800.293349	79.445	-82.6055
4800.659560	79.453	-82.9668
4801.025771	79.465	-83.3916
4801.391982	79.471	-83.8887
4801.758193	79.462	-84.3789
4802.124404	79.448	-84.7749
4802.490615	79.445	-85.0967
4802.856826	79.457	-85.4556
4803.223037	79.470	-85.9253
4803.589248	79.468	-86.4482
4803.955459	79.454	-86.8896
4804.321670	79.448	-87.2451
4804.687881	79.452	-87.6396
4805.054092	79.449	-88.0630
4805.420303	79.447	-88.4199
4805.786514	79.458	-88.8032
4806.152725	79.463	-89.2769
4806.518936	79.455	-89.6870
4806.885147	79.459	-90.0259
4807.251358	79.473	-90.4653
4807.617569	79.472	-90.9570
4807.983780	79.464	-91.3672
4808.349991	79.463	-91.7534
4808.716201	79.462	-92.1504
4809.082412	79.463	-92.5381
4809.448623	79.465	-92.9717
4809.814834	79.454	-93.3833
4810.181045	79.451	-93.6758
4810.547256	79.471	-94.0415
4810.913467	79.477	-94.5718
4811.279678	79.460	-95.0059
4811.645889	79.459	-95.3203
4812.012100	79.470	-95.7422
4812.378311	79.467	-96.2124
4812.744522	79.460	-96.6108
4813.110733	79.458	-97.0122
4813.476944	79.453	-97.3955
4813.843155	79.456	-97.7476
4814.209366	79.464	-98.1719
4814.575577	79.462	-98.5913
4814.941788	79.471	-98.9683
4815.307999	79.485	-99.4897
4815.674210	79.468	-100.0459
4816.040421	79.445	-100.3672
4816.406632	79.457	-100.6484
4816.772843	79.473	-101.1221
4817.139054	79.468	-101.6138
4817.505265	79.464	-102.0288
4817.871476	79.461	-102.4639
4818.237687	79.454	-102.8564
4818.603898	79.460	-103.2158
4818.970109	79.469	-103.7114
4819.336320	79.450	-104.2065
4819.702531	79.433	-104.4780
4820.068741	79.453	-104.7651
4820.434952	79.470	-105.2998
4820.801163	79.451	-105.8037
4821.167374	79.439	-106.1016
4821.533585	79.452	-106.4346
4821.899796	79.461	-106.8931
4822.266007	79.459	-107.3379
4822.632218	79.456	-107.7500
4822.998429	79.454	-108.1470
4823.364640	79.457	-108.5239
4823.730851	79.465	-108.9619
4824.097062	79.460	-109.4385
4824.463273	79.448	-109.8086
4824.829484	79.453	-110.1211
4825.195695	79.468	-110.5430
4825.561906	79.470	-111.0366
4825.928117	79.462	-111.4712
4826.294328	79.459	-111.8628
4826.660539	79.457	-112.2642
4827.026750	79.454	-112.6396
4827.392961	79.461	-113.0176
4827.759172	79.466	-113.4775
4828.125383	79.457	-113.9321
4828.491594	79.447	-114.2700
4828.857805	79.456	-114.6025
4829.224016	79.467	-115.0342
4829.590227	79.468	-115.4878
4829.956438	79.469	-115.9272
4830.322649	79.465	-116.3750
4830.688860	79.458	-116.7793
4831.055070	79.460	-117.1514
4831.421281	79.466	-117.5820
4831.787492	79.464	-118.0479
4832.153703	79.456	-118.4673
4832.519914	79.453	-118.8584
4832.886125	79.451	-119.2632
4833.252336	79.447	-119.6401
4833.618547	79.452	-119.9873
4833.984758	79.465	-120.4141
4834.350969	79.465	-120.9214
4834.717180	79.451	-121.3325
4835.083391	79.453	-121.6729
4835.449602	79.460	-122.1309
4835.815813	79.445	-122.5825
4836.182024	79.434	-122.8467
4836.548235	79.455	-123.1465
4836.914446	79.474	-123.6626
4837.280657	79.463	-124.1768
4837.646868	79.450	-124.5425
4838.013079	79.453	-124.8843
4838.379290	79.461	-125.2983
4838.745501	79.461	-125.7456
4839.111712	79.457	-126.1475
4839.477923	79.462	-126.5366
4839.844134	79.468	-127.0234
4840.210345	79.454	-127.5137
4840.576556	79.438	-127.8545
4840.942767	79.443	-128.1812
4841.308978	79.448	-128.6123
4841.675189	79.444	-129.0127
4842.041400	79.450	-129.3804
4842.407610	79.459	-129.8369
4842.773821	79.455	-130.3042
4843.140032	79.452	-130.7241
4843.506243	79.449	-131.1675
4843.872454	79.439	-131.5674
4844.238665	79.441	-131.9033
4844.604876	79.453	-132.3311
4844.971087	79.451	-132.8208
4845.337298	79.442	-133.2246
4845.703509	79.443	-133.6084
4846.069720	79.444	-134.0405
4846.435931	79.439	-134.4512
4846.802142	79.438	-134.8379
4847.168353	79.439	-135.2246
4847.534564	79.444	-135.6133
4847.900775	79.451	-136.0566
4848.266986	79.448	-136.5200
4848.633197	79.443	-136.9185
4848.999408	79.447	-137.3262
4849.365619	79.445	-137.7822
4849.731830	79.437	-138.1724
4850.098041	79.440	-138.5215
4850.464252	79.451	-138.9570
4850.830463	79.449	-139.4375
4851.196674	79.438	-139.8618
4851.562885	79.430	-140.2100
4851.929096	79.436	-140.5234
4852.295307	79.455	-140.9268
4852.661518	79.462	-141.4556
4853.027729	79.448	-141.9238
4853.393939	79.441	-142.2627
4853.760150	79.448	-142.6328
4854.126361	79.453	-143.0728
4854.492572	79.451	-143.4956
4854.858783	79.451	-143.9038
4855.224994	79.450	-144.3062
4855.591205	79.454	-144.6978
4855.957416	79.462	-145.1460
4856.323627	79.458	-145.6499
4856.689838	79.441	-146.0747
4857.056049	79.434	-146.3906
4857.422260	79.445	-146.7583
4857.788471	79.449	-147.2412
4858.154682	79.437	-147.6714
4858.520893	79.436	-148.0132
4858.887104	79.445	-148.4424
4859.253315	79.440	-148.9199
4859.619526	79.431	-149.2974
4859.985737	79.435	-149.6836
4860.351948	79.433	-150.1294
4860.718159	79.427	-150.4976
4861.084370	79.438	-150.8652
4861.450581	79.446	-151.3535
4861.816792	79.438	-151.8389
4862.183003	79.428	-152.2515
4862.549214	79.418	-152.6328
4862.915425	79.413	-152.9526
4863.281636	79.424	-153.2646
4863.647847	79.442	-153.6943
4864.014058	79.449	-154.2109
4864.380269	79.440	-154.7041
4864.746479	79.426	-155.1221
4865.112690	79.418	-155.4639
4865.478901	79.423	-155.7983
4865.845112	79.435	-156.2163
4866.211323	79.439	-156.7173
4866.577534	79.426	-157.1992
4866.943745	79.410	-157.5781
4867.309956	79.407	-157.9082
4867.676167	79.410	-158.2871
4868.042378	79.409	-158.6880
4868.408589	79.410	-159.0635
4868.774800	79.414	-159.4526
4869.141011	79.416	-159.8535
4869.507222	79.421	-160.2554
4869.873433	79.424	-160.6987
4870.239644	79.418	-161.1372
4870.605855	79.411	-161.4902
4870.972066	79.418	-161.8184
4871.338277	79.434	-162.2168
4871.704488	79.447	-162.7095
4872.070699	79.445	-163.2607
4872.436910	79.422	-163.7290
4872.803121	79.406	-164.0225
4873.169332	79.418	-164.3130
4873.535543	79.435	-164.7817
4873.901754	79.426	-165.2847
4874.267965	79.413	-165.6240
4874.634176	79.427	-165.9536
4875.000387	79.441	-166.4819
4875.366598	79.421	-167.0044
4875.732809	79.402	-167.3032
4876.099019	79.414	-167.6108
4876.465230	79.422	-168.0811
4876.831441	79.412	-168.4897
4877.197652	79.418	-168.8267
4877.563863	79.430	-169.2871
4877.930074	79.424	-169.7700
4878.296285	79.416	-170.1538
4878.662496	79.417	-170.5454
4879.028707	79.414	-170.9546
4879.394918	79.413	-171.3208
4879.761129	79.418	-171.7002
4880.127340	79.423	-172.1143
4880.493551	79.424	-172.5220
4880.859762	79.427	-172.9219
4881.225973	79.432	-173.3262
4881.592184	79.439	-173.7637
4881.958395	79.439	-174.2437
4882.324606	79.428	-174.6885
4882.690817	79.419	-175.0513
4883.057028	79.421	-175.4072
4883.423239	79.427	-175.8379
4883.789450	79.420	-176.3037
4884.155661	79.403	-176.6763
4884.521872	79.400	-176.9551
4884.888083	79.414	-177.3047
4885.254294	79.422	-177.7539
4885.620505	79.420	-178.1772
4885.986716	79.423	-178.5977
4886.352927	79.419	-179.0615
4886.719138	79.406	-179.4453
4887.085348	79.408	-179.7495
4887.451559	79.424	179.8345
4887.817770	79.425	179.3042
4888.183981	79.406	178.8618
4888.550192	79.395	178.5605
4888.916403	79.406	178.2471
4889.282614	79.421	177.8110
4889.648825	79.422	177.3247
4890.015036	79.417	176.8931
4890.381247	79.415	176.4907
4890.747458	79.416	176.0649
4891.113669	79.413	175.6353
4891.479880	79.408	175.2231
4891.846091	79.404	174.8340
4892.212302	79.405	174.4492
4892.578513	79.406	174.0308
4892.944724	79.400	173.6289
4893.310935	79.399	173.2891
4893.677146	79.411	172.8994
4894.043357	79.415	172.4214
4894.409568	79.406	172.0034
4894.775779	79.408	171.6470
4895.141990	79.417	171.2065
4895.508201	79.412	170.7324
4895.874412	79.402	170.3496
4896.240623	79.405	169.9800
4896.606834	79.406	169.5405
4896.973045	79.397	169.1377
4897.339256	79.395	168.8213
4897.705467	79.410	168.4492
4898.071678	79.419	167.9624
4898.437888	79.412	167.4893
4898.804099	79.404	167.0889
4899.170310	79.402	166.6958
4899.536521	79.399	166.3110
4899.902732	79.402	165.9478
4900.268943	79.413	165.5107
4900.635154	79.410	165.0024
4901.001365	79.394	164.5762
4901.367576	79.387	164.2432
4901.733787	79.391	163.8765
4902.099998	79.393	163.4644
4902.466209	79.393	163.0498
4902.832420	79.390	162.6406
4903.198631	79.388	162.2705
4903.564842	79.395	161.8989
4903.931053	79.403	161.4385
4904.297264	79.396	160.9790
4904.663475	79.390	160.6074
4905.029686	79.394	160.2217
4905.395897	79.393	159.7954
4905.762108	79.390	159.4141
4906.128319	79.396	159.0254
4906.494530	79.397	158.5767
4906.860741	79.389	158.1670
4907.226952	79.387	157.8281
4907.593163	79.397	157.4463
4907.959374	79.401	156.9741
4908.325585	79.390	156.5210
4908.691796	79.377	156.1826
4909.058007	79.382	155.8716
4909.424217	79.393	155.4692
4909.790428	79.397	155.0264
4910.156639	79.398	154.5889
4910.522850	79.396	154.1089
4910.889061	79.378	153.6772
4911.255272	79.369	153.3794
4911.621483	79.383	153.0298
4911.987694	79.388	152.5356
4912.353905	79.377	152.1006
4912.720116	79.375	151.7422
4913.086327	79.379	151.3125
4913.452538	79.373	150.8994
4913.818749	79.376	150.5449
4914.184960	79.387	150.0894
4914.551171	79.380	149.6060
4914.917382	79.373	149.2324
4915.283593	79.379	148.8296
4915.649804	79.376	148.3691
4916.016015	79.367	147.9971
4916.382226	79.372	147.6475
4916.748437	79.379	147.2310
4917.114648	79.380	146.8086
4917.480859	79.382	146.3755
4917.847070	79.375	145.9531
4918.213281	79.370	145.6123
4918.579492	79.380	145.2471
4918.945703	79.386	144.7925
4919.311914	79.381	144.3750
4919.678125	79.383	143.9888
4920.044336	79.385	143.5498
4920.410547	79.380	143.1255
4920.776757	79.379	142.7305
4921.142968	79.378	142.3057
4921.509179	79.372	141.9004
4921.875390	79.372	141.5225
4922.241601	79.375	141.0977
4922.607812	79.371	140.6670
4922.974023	79.368	140.2832
4923.340234	79.372	139.8823
4923.706445	79.374	139.4355
4924.072656	79.370	138.9956
4924.438867	79.366	138.5913
4924.805078	79.365	138.2002
4925.171289	79.368	137.7783
4925.537500	79.364	137.3374
4925.903711	79.356	136.9434
4926.269922	79.353	136.5991
4926.636133	79.359	136.2417
4927.002344	79.368	135.8203
4927.368555	79.367	135.3530
4927.734766	79.356	134.9546
4928.100977	79.355	134.6362
4928.467188	79.366	134.2334
4928.833399	79.362	133.7715
4929.199610	79.353	133.4277
4929.565821	79.366	133.0742
4929.932032	79.372	132.5581
4930.298243	79.351	132.0986
4930.664454	79.340	131.8076
4931.030665	79.349	131.4609
4931.396876	79.351	131.0161
4931.763086	79.345	130.6279
4932.129297	79.350	130.2524
4932.495508	79.354	129.7998
4932.861719	79.346	129.3701
4933.227930	79.346	129.0068
4933.594141	79.356	128.5776
4933.960352	79.354	128.0737
4934.326563	79.341	127.6465
4934.692774	79.339	127.2871
4935.058985	79.344	126.8608
4935.425196	79.338	126.4121
4935.791407	79.330	126.0610
4936.157618	79.340	125.7183
4936.523829	79.352	125.2505
4936.890040	79.344	124.7646
4937.256251	79.333	124.4077
4937.622462	79.341	124.0737
4937.988673	79.350	123.6289
4938.354884	79.344	123.1943
4938.721095	79.342	122.8589
4939.087306	79.356	122.4663
4939.453517	79.359	121.9609
4939.819728	79.344	121.5249
4940.185939	79.336	121.2095
4940.552150	79.345	120.8530
4940.918361	79.349	120.4004
4941.284572	79.340	119.9785
4941.650783	79.335	119.6348
4942.016994	79.342	119.2578
4942.383205	79.344	118.8027
4942.749416	79.334	118.3765
4943.115626	79.329	118.0269
4943.481837	79.335	117.6450
4943.848048	79.338	117.1768
4944.214259	79.326	116.7407
4944.580470	79.322	116.3882
4944.946681	79.329	115.9780
4945.312892	79.324	115.4927
4945.679103	79.308	115.1152
4946.045314	79.312	114.8208
4946.411525	79.331	114.3779
4946.777736	79.328	113.8306
4947.143947	79.309	113.4199
4947.510158	79.307	113.1050
4947.876369	79.315	112.7070
4948.242580	79.315	112.2773
4948.608791	79.317	111.9019
4948.975002	79.328	111.4795
4949.341213	79.329	110.9888
4949.707424	79.321	110.5693
4950.073635	79.325	110.1934
4950.439846	79.332	109.7109
4950.806057	79.317	109.2100
4951.172268	79.296	108.8716
4951.538479	79.297	108.6079
4951.904690	79.312	108.2397
4952.270901	79.319	107.7915
4952.637112	79.318	107.3545
4953.003323	79.315	106.9336
4953.369534	79.312	106.5273
4953.735745	79.311	106.1274
4954.101956	79.309	105.7002
4954.468166	79.300	105.2891
4954.834377	79.294	104.9380
4955.200588	79.298	104.5708
4955.566799	79.300	104.1460
4955.933010	79.294	103.7412
4956.299221	79.293	103.3813
4956.665432	79.302	102.9824
4957.031643	79.305	102.5015
4957.397854	79.293	102.0312
4957.764065	79.280	101.6636
4958.130276	79.279	101.3198
4958.496487	79.280	100.9229
4958.862698	79.278	100.5439
4959.228909	79.284	100.1802
4959.595120	79.292	99.7349
4959.961331	79.287	99.2705
4960.327542	79.279	98.8828
4960.693753	79.279	98.5264
4961.059964	79.285	98.1465
4961.426175	79.291	97.7241
4961.792386	79.291	97.2817
4962.158597	79.287	96.8989
4962.524808	79.297	96.5205
4962.891019	79.306	96.0366
4963.257230	79.297	95.5522
4963.623441	79.288	95.1641
4963.989652	79.287	94.7729
4964.355863	79.284	94.3662
4964.722074	79.283	93.9990
4965.088285	79.289	93.5977
4965.454495	79.289	93.1519
4965.820706	79.285	92.7388
4966.186917	79.285	92.3232
4966.553128	79.281	91.8872
4966.919339	79.273	91.5024
4967.285550	79.273	91.1313
4967.651761	79.275	90.7134
4968.017972	79.272	90.2954
4968.384183	79.270	89.8872
4968.750394	79.266	89.4629
4969.116605	79.257	89.0635
4969.482816	79.250	88.7192
4969.849027	79.254	88.3955
4970.215238	79.268	88.0010
4970.581449	79.273	87.4956
4970.947660	79.257	87.0508
4971.313871	79.253	86.7505
4971.680082	79.270	86.3555
4972.046293	79.270	85.8247
4972.412504	79.253	85.4155
4972.778715	79.253	85.0752
4973.144926	79.256	84.6309
4973.511137	79.244	84.2295
4973.877348	79.244	83.9116
4974.243559	79.254	83.5122
4974.609770	79.256	83.0688
4974.975981	79.256	82.6396
4975.342192	79.252	82.1831
4975.708403	79.239	81.7920
4976.074614	79.238	81.4678
4976.440825	79.246	81.0586
4976.807035	79.243	80.6221
4977.173246	79.241	80.2485
4977.539457	79.245	79.8379
4977.905668	79.243	79.4009
4978.271879	79.239	79.0103
4978.638090	79.239	78.6025
4979.004301	79.235	78.1909
4979.370512	79.233	77.8286
4979.736723	79.239	77.4238
4980.102934	79.237	76.9761
4980.469145	79.231	76.5947
4980.835356	79.235	76.2231
4981.201567	79.239	75.7842
4981.567778	79.235	75.3569
4981.933989	79.235	74.9629
4982.300200	79.237	74.5107
4982.666411	79.224	74.0449
4983.032622	79.207	73.7188
4983.398833	79.216	73.4526
4983.765044	79.239	72.9927
4984.131255	79.230	72.4141
4984.497466	79.199	72.0522
4984.863677	79.201	71.8428
4985.229888	79.225	71.4419
4985.596099	79.225	70.9136
4985.962310	79.211	70.5308
4986.328521	79.218	70.1851
4986.694732	79.224	69.7153
4987.060943	79.214	69.2710
4987.427154	79.211	68.9028
4987.793364	79.213	68.4780
4988.159575	79.205	68.0596
4988.525786	79.203	67.7104
4988.891997	79.209	67.2979
4989.258208	79.203	66.8687
4989.624419	79.203	66.5269
4989.990630	79.219	66.0894
4990.356841	79.212	65.5347
4990.723052	79.186	65.1538
4991.089263	79.187	64.9028
4991.455474	79.207	64.4951
4991.821685	79.208	63.9717
4992.187896	79.195	63.5166
4992.554107	79.183	63.1450
4992.920318	79.180	62.8135
4993.286529	79.190	62.4312
4993.652740	79.191	61.9492
4994.018951	79.174	61.5303
4994.385162	79.169	61.2524
4994.751373	79.188	60.9019
4995.117584	79.198	60.3877
4995.483795	79.186	59.9082
4995.850006	79.176	59.5376
4996.216217	79.176	59.1650
4996.582428	79.177	58.7637
4996.948639	79.178	58.3408
4997.314850	79.172	57.9072
4997.681061	79.162	57.5430
4998.047272	79.166	57.2036
4998.413483	79.171	56.7773
4998.779694	79.163	56.3696
4999.145904	79.163	56.0605
4999.512115	79.180	55.6865
4999.878326	79.191	55.1978
5000.244537	79.188	54.7129
5000.610748	79.181	54.2627
5000.976959	79.172	53.8477
5001.343170	79.168	53.4634
5001.709381	79.166	53.0581
5002.075592	79.160	52.6597
5002.441803	79.157	52.2896
5002.808014	79.157	51.8955
5003.174225	79.155	51.5151
5003.540436	79.162	51.1309
5003.906647	79.165	50.6304
5004.272858	79.142	50.1738
5004.639069	79.126	49.9414
5005.005280	79.147	49.6714
5005.371491	79.166	49.1641
5005.737702	79.156	48.6533
5006.103913	79.145	48.2739
5006.470124	79.145	47.8911
5006.836335	79.143	47.4722
5007.202546	79.138	47.0747
5007.568757	79.135	46.6987
5007.934968	79.137	46.3193
5008.301179	79.140	45.9077
5008.667390	79.139	45.4849
5009.033601	79.139	45.0737
5009.399812	79.138	44.6406
5009.766023	79.132	44.2188
5010.132234	79.129	43.8496
5010.498444	79.136	43.4395
5010.864655	79.135	42.9639
5011.230866	79.123	42.5391
5011.597077	79.117	42.1787
5011.963288	79.120	41.8018
5012.329499	79.122	41.3740
5012.695710	79.117	40.9434
5013.061921	79.112	40.5674
5013.428132	79.116	40.1641
5013.794343	79.109	39.7021
5014.160554	79.093	39.3784
5014.526765	79.108	39.1328
5014.892976	79.139	38.6284
5015.259187	79.128	37.9932
5015.625398	79.095	37.6011
5015.991609	79.090	37.3457
5016.357820	79.100	36.9844
5016.724031	79.105	36.5527
5017.090242	79.103	36.1167
5017.456453	79.096	35.7031
5017.822664	79.090	35.3540
5018.188875	79.097	35.0088
5018.555086	79.108	34.5737
5018.921297	79.107	34.0806
5019.287508	79.093	33.6465
5019.653719	79.085	33.3105
5020.019930	79.093	32.9531
5020.386141	79.099	32.5000
5020.752352	79.092	32.0488
5021.118563	79.085	31.6577
5021.484773	79.083	31.2744
5021.850984	79.082	30.8901
5022.217195	79.085	30.5000
5022.583406	79.088	30.0703
5022.949617	79.084	29.6353
5023.315828	79.080	29.2358
5023.682039	79.081	28.8252
5024.048250	79.077	28.3838
5024.414461	79.067	27.9751
5024.780672	79.059	27.6353
5025.146883	79.064	27.3081
5025.513094	79.077	26.8960
5025.879305	79.079	26.3901
5026.245516	79.063	25.9316
5026.611727	79.050	25.6016
5026.977938	79.054	25.2739
5027.344149	79.059	24.8657
5027.710360	79.057	24.4570
5028.076571	79.058	24.0649
5028.442782	79.059	23.6387
5028.808993	79.054	23.2090
5029.175204	79.046	22.8276
5029.541415	79.045	22.4771
5029.907626	79.051	22.0859
5030.273837	79.053	21.6353
5030.640048	79.047	21.2085
5031.006259	79.043	20.8101
5031.372470	79.038	20.3896
5031.738681	79.029	20.0361
5032.104892	79.038	19.7109
5032.471103	79.052	19.2271
5032.837313	79.039	18.7207
5033.203524	79.026	18.3809
5033.569735	79.036	18.0166
5033.935946	79.040	17.5312
5034.302157	79.030	17.0767
5034.668368	79.021	16.6675
5035.034579	79.011	16.2876
5035.400790	79.008	15.9585
5035.767001	79.015	15.5771
5036.133212	79.015	15.1377
5036.499423	79.010	14.7471
5036.865634	79.012	14.3652
5037.231845	79.012	13.9434
5037.598056	79.007	13.5430
5037.964267	79.005	13.1743
5038.330478	79.009	12.7905
5038.696689	79.012	12.3662
5039.062900	79.009	11.9341
5039.429111	79.006	11.5229
5039.795322	79.002	11.0923
5040.161533	78.989	10.6870
5040.527744	78.982	10.3936
5040.893955	78.999	10.0640
5041.260166	79.012	9.5601
5041.626377	79.001	9.0503
5041.992588	78.987	8.6641
5042.358799	78.984	8.3179
5042.725010	78.988	7.9458
5043.091221	78.995	7.5259
5043.457432	78.997	7.0576
5043.823642	78.989	6.6064
5044.189853	78.981	6.2090
5044.556064	78.978	5.8428
5044.922275	78.983	5.4561
5045.288486	78.985	5.0151
5045.654697	78.978	4.6050
5046.020908	78.979	4.2622
5046.387119	78.992	3.8335
5046.753330	78.989	3.3145
5047.119541	78.971	2.9038
5047.485752	78.966	2.5835
5047.851963	78.970	2.1987
5048.218174	78.968	1.7842
5048.584385	78.966	1.4019
5048.950596	78.966	0.9995
5049.316807	78.962	0.5815
5049.683018	78.956	0.1890
5050.049229	78.951	-0.1938
5050.415440	78.947	-0.5732
5050.781651	78.944	-0.9458
5051.147862	78.943	-1.3320
5051.514073	78.940	-1.7183
5051.880284	78.939	-2.0903
5052.246495	78.943	-2.4775
5052.612706	78.946	-2.9004
5052.978917	78.944	-3.3530
5053.345128	78.934	-3.7832
5053.711339	78.925	-4.1265
5054.077550	78.931	-4.4575
5054.443761	78.943	-4.8940
5054.809972	78.943	-5.3755
5055.176182	78.936	-5.8110
5055.542393	78.931	-6.2334
5055.908604	78.923	-6.6367
5056.274815	78.920	-6.9946
5056.641026	78.925	-7.3838
5057.007237	78.926	-7.8398
5057.373448	78.915	-8.2666
5057.739659	78.908	-8.6030
5058.105870	78.916	-8.9448
5058.472081	78.926	-9.4121
5058.838292	78.915	-9.8979
5059.204503	78.900	-10.2290
5059.570714	78.909	-10.5396
5059.936925	78.922	-11.0044
5060.303136	78.915	-11.4819
5060.669347	78.908	-11.8760
5061.035558	78.905	-12.2822
5061.401769	78.899	-12.6729
5061.767980	78.899	-13.0273
5062.134191	78.905	-13.4370
5062.500402	78.903	-13.8491
5062.866613	78.909	-14.2456
5063.232824	78.912	-14.7456
5063.599035	78.890	-15.1943
5063.965246	78.879	-15.4380
5064.331457	78.901	-15.7661
5064.697668	78.908	-16.2935
5065.063879	78.891	-16.7007
5065.430090	78.894	-16.9897
5065.796301	78.908	-17.4194
5066.162511	78.903	-17.8862
5066.528722	78.898	-18.2539
5066.894933	78.902	-18.6626
5067.261144	78.895	-19.1094
5067.627355	78.884	-19.4722
5067.993566	78.883	-19.8140
5068.359777	78.882	-20.1880
5068.725988	78.883	-20.5537
5069.092199	78.887	-20.9570
5069.458410	78.882	-21.3882
5069.824621	78.875	-21.7529
5070.190832	78.879	-22.1172
5070.557043	78.881	-22.5596
5070.923254	78.874	-22.9824
5071.289465	78.872	-23.3662
5071.655676	78.873	-23.8008
5072.021887	78.866	-24.2500
5072.388098	78.858	-24.6528
5072.754309	78.853	-25.0503
5073.120520	78.849	-25.4414
5073.486731	78.849	-25.8174
5073.852942	78.854	-26.2427
5074.219153	78.851	-26.6914
5074.585364	78.847	-27.0840
5074.951575	78.853	-27.4912
5075.317786	78.856	-27.9805
5075.683997	78.844	-28.4541
5076.050208	78.830	-28.8330
5076.416419	78.825	-29.1523
5076.782630	78.835	-29.4956
5077.148841	78.847	-29.9482
5077.515051	78.840	-30.4458
5077.881262	78.823	-30.8169
5078.247473	78.824	-31.1108
5078.613684	78.836	-31.5024
5078.979895	78.836	-31.9448
5079.346106	78.832	-32.3301
5079.712317	78.833	-32.7104
5080.078528	78.833	-33.1206
5080.444739	78.829	-33.5068
5080.810950	78.829	-33.8564
5081.177161	78.839	-34.2437
5081.543372	78.845	-34.7271
5081.909583	78.833	-35.2046
5082.275794	78.819	-35.5698
5082.642005	78.817	-35.9287
5083.008216	78.812	-36.3301
5083.374427	78.804	-36.6592
5083.740638	78.814	-36.9912
5084.106849	78.822	-37.4395
5084.473060	78.815	-37.8677
5084.839271	78.816	-38.2231
5085.205482	78.826	-38.6484
5085.571693	78.825	-39.1416
5085.937904	78.813	-39.5894
5086.304115	78.803	-39.9658
5086.670326	78.802	-40.3252
5087.036537	78.805	-40.7422
5087.402748	78.798	-41.1899
5087.768959	78.786	-41.5591
5088.135170	78.786	-41.8774
5088.501381	78.796	-42.2778
5088.867591	78.794	-42.7495
5089.233802	78.779	-43.1465
5089.600013	78.776	-43.4492
5089.966224	78.790	-43.8252
5090.332435	78.793	-44.3257
5090.698646	78.777	-44.7588
5091.064857	78.770	-45.0698
5091.431068	78.780	-45.4438
5091.797279	78.782	-45.9102
5092.163490	78.773	-46.3232
5092.529701	78.773	-46.6978
5092.895912	78.776	-47.1377
5093.262123	78.767	-47.5854
5093.628334	78.758	-47.9614
5093.994545	78.758	-48.3442
5094.360756	78.753	-48.7622
5094.726967	78.745	-49.1235
5095.093178	78.749	-49.4639
5095.459389	78.756	-49.8906
5095.825600	78.751	-50.3223
5096.191811	78.748	-50.6875
5096.558022	78.753	-51.0996
5096.924233	78.746	-51.5469
5097.290444	78.735	-51.8799
5097.656655	78.746	-52.1899
5098.022866	78.762	-52.6665
5098.389077	78.751	-53.1816
5098.755288	78.734	-53.5439
5099.121499	78.735	-53.8735
5099.487710	78.737	-54.2852
5099.853920	78.730	-54.6597
5100.220131	78.734	-54.9844
5100.586342	78.748	-55.4062
5100.952553	78.748	-55.9116
5101.318764	78.734	-56.3604
5101.684975	78.723	-56.7153
5102.051186	78.725	-57.0566
5102.417397	78.732	-57.4727
5102.783608	78.729	-57.9404
5103.149819	78.718	-58.3633
5103.516030	78.709	-58.7183
5103.882241	78.710	-59.0620
5104.248452	78.717	-59.4604
5104.614663	78.718	-59.9175
5104.980874	78.708	-60.3340
5105.347085	78.704	-60.6851
5105.713296	78.709	-61.0728
5106.079507	78.708	-61.4907
5106.445718	78.707	-61.8760
5106.811929	78.711	-62.2856
5107.178140	78.707	-62.7173
5107.544351	78.702	-63.1025
5107.910562	78.701	-63.4800
5108.276773	78.700	-63.8555
5108.642984	78.706	-64.2173
5109.009195	78.717	-64.6870
5109.375406	78.704	-65.2036
5109.741617	78.682	-65.5293
5110.107828	78.691	-65.8032
5110.474039	78.704	-66.2827
5110.840250	78.685	-66.7554
5111.206460	78.673	-67.0298
5111.572671	78.687	-67.3501
5111.938882	78.696	-67.8149
5112.305093	78.692	-68.2520
5112.671304	78.691	-68.6670
5113.037515	78.686	-69.0977
5113.403726	78.681	-69.4668
5113.769937	78.689	-69.8613
5114.136148	78.690	-70.3525
5114.502359	78.675	-70.7939
5114.868570	78.666	-71.1489
5115.234781	78.665	-71.5083
5115.600992	78.668	-71.8799
5115.967203	78.675	-72.3032
5116.333414	78.672	-72.7778
5116.699625	78.662	-73.1777
5117.065836	78.662	-73.5547
5117.432047	78.659	-74.0122
5117.798258	78.642	-74.3955
5118.164469	78.640	-74.6582
5118.530680	78.658	-75.0312
5118.896891	78.662	-75.5322
5119.263102	78.651	-75.9526
5119.629313	78.652	-76.3135
5119.995524	78.656	-76.7661
5120.361735	78.643	-77.2212
5120.727946	78.631	-77.5396
5121.094157	78.641	-77.8628
5121.460368	78.651	-78.3350
5121.826579	78.640	-78.7871
5122.192789	78.636	-79.1284
5122.559000	78.646	-79.5522
5122.925211	78.639	-80.0503
5123.291422	78.622	-80.4219
5123.657633	78.622	-80.7446
5124.023844	78.627	-81.1670
5124.390055	78.619	-81.5908
5124.756266	78.613	-81.9497
5125.122477	78.612	-82.3174
5125.488688	78.610	-82.6870
5125.854899	78.613	-83.0371
5126.221110	78.622	-83.4380
5126.587321	78.623	-83.8940
5126.953532	78.615	-84.3096
5127.319743	78.612	-84.6768
5127.685954	78.615	-85.0840
5128.052165	78.610	-85.5283
5128.418376	78.599	-85.9209
5128.784587	78.594	-86.2646
5129.150798	78.597	-86.6328
5129.517009	78.599	-87.0479
5129.883220	78.594	-87.4736
5130.249431	78.586	-87.8516
5130.615642	78.587	-88.1895
5130.981853	78.597	-88.6021
5131.348064	78.594	-89.0903
5131.714275	78.577	-89.4907
5132.080486	78.574	-89.7974
5132.446697	78.583	-90.1753
5132.812908	78.584	-90.6162
5133.179119	78.580	-90.9927
5133.545329	78.589	-91.3638
5133.911540	78.598	-91.8472
5134.277751	78.588	-92.3560
5134.643962	78.570	-92.7520
5135.010173	78.564	-93.0801
5135.376384	78.566	-93.4536
5135.742595	78.563	-93.8623
5136.108806	78.557	-94.2324
5136.475017	78.558	-94.5869
5136.841228	78.560	-94.9844
5137.207439	78.556	-95.3779
5137.573650	78.556	-95.7275
5137.939861	78.564	-96.1274
5138.306072	78.563	-96.5874
5138.672283	78.553	-96.9771
5139.038494	78.556	-97.3237
5139.404705	78.563	-97.7744
5139.770916	78.552	-98.2539
5140.137127	78.536	-98.6035
5140.503338	78.540	-98.9111
5140.869549	78.551	-99.3374
5141.235760	78.548	-99.8232
5141.601971	78.537	-100.2441
5141.968182	78.531	-100.6201
5142.334393	78.529	-101.0098
5142.700604	78.526	-101.4219
5143.066815	78.518	-101.8315
5143.433026	78.508	-102.1641
5143.799237	78.516	-102.4634
5144.165448	78.534	-102.9092
5144.531659	78.530	-103.4365
5144.897869	78.513	-103.8301
5145.264080	78.512	-104.1660
5145.630291	78.513	-104.5659
5145.996502	78.511	-104.9419
5146.362713	78.518	-105.3208
5146.728924	78.522	-105.7744
5147.095135	78.517	-106.2036
5147.461346	78.516	-106.6064
5147.827557	78.514	-107.0591
5148.193768	78.502	-107.4805
5148.559979	78.494	-107.8379
5148.926190	78.492	-108.2012
5149.292401	78.491	-108.5684
5149.658612	78.496	-108.9668
5150.024823	78.493	-109.4263
5150.391034	78.477	-109.8188
5150.757245	78.472	-110.1025
5151.123456	78.485	-110.4551
5151.489667	78.491	-110.9248
5151.855878	78.482	-111.3491
5152.222089	78.481	-111.7144
5152.588300	78.485	-112.1421
5152.954511	78.478	-112.5830
5153.320722	78.471	-112.9619
5153.686933	78.470	-113.3564
5154.053144	78.464	-113.7573
5154.419355	78.462	-114.1064
5154.785566	78.469	-114.5093
5155.151777	78.465	-114.9570
5155.517988	78.458	-115.3096
5155.884198	78.468	-115.6724
5156.250409	78.474	-116.1592
5156.616620	78.462	-116.6050
5156.982831	78.457	-116.9663
5157.349042	78.459	-117.3726
5157.715253	78.455	-117.7861
5158.081464	78.453	-118.1597
5158.447675	78.456	-118.5757
5158.813886	78.451	-119.0151
5159.180097	78.443	-119.4019
5159.546308	78.442	-119.7729
5159.912519	78.441	-120.1855
5160.278730	78.433	-120.6138
5160.644941	78.417	-120.9668
5161.011152	78.413	-121.2295
5161.377363	78.428	-121.5498
5161.743574	78.440	-122.0015
5162.109785	78.437	-122.4614
5162.475996	78.432	-122.8809
5162.842207	78.425	-123.3018
5163.208418	78.415	-123.6685
5163.574629	78.417	-124.0239
5163.940840	78.418	-124.4790
5164.307051	78.400	-124.8882
5164.673262	78.395	-125.1611
5165.039473	78.411	-125.5361
5165.405684	78.410	-126.0391
5165.771895	78.396	-126.4189
5166.138106	78.401	-126.7471
5166.504317	78.408	-127.1982
5166.870528	78.401	-127.6338
5167.236738	78.400	-127.9985
5167.602949	78.408	-128.4399
5167.969160	78.401	-128.9199
5168.335371	78.388	-129.3188
5168.701582	78.383	-129.6660
5169.067793	78.387	-130.0293
5169.434004	78.391	-130.4478
5169.800215	78.385	-130.8721
5170.166426	78.379	-131.1987
5170.532637	78.394	-131.5332
5170.898848	78.408	-132.0391
5171.265059	78.394	-132.5439
5171.631270	78.380	-132.8662
5171.997481	78.392	-133.2197
5172.363692	78.392	-133.7363
5172.729903	78.365	-134.1343
5173.096114	78.361	-134.3369
5173.462325	78.389	-134.7012
5173.828536	78.391	-135.2769
5174.194747	78.363	-135.6851
5174.560958	78.359	-135.9106
5174.927169	78.379	-136.2729
5175.293380	78.384	-136.7603
5175.659591	78.378	-137.1987
5176.025802	78.375	-137.6250
5176.392013	78.366	-138.0513
5176.758224	78.356	-138.4277
5177.124435	78.352	-138.8003
5177.490646	78.346	-139.1675
5177.856857	78.348	-139.5103
5178.223067	78.356	-139.9214
5178.589278	78.353	-140.3970
5178.955489	78.339	-140.8096
5179.321700	78.331	-141.1538
5179.687911	78.330	-141.5127
5180.054122	78.330	-141.8979
5180.420333	78.330	-142.2900
5180.786544	78.328	-142.6973
5181.152755	78.323	-143.0996
5181.518966	78.318	-143.4575
5181.885177	78.321	-143.8257
5182.251388	78.322	-144.2588
5182.617599	78.311	-144.6406
5182.983810	78.315	-144.9360
5183.350021	78.335	-145.3560
5183.716232	78.335	-145.9023
5184.082443	78.317	-146.3345
5184.448654	78.313	-146.6909
5184.814865	78.311	-147.1143
5185.181076	78.299	-147.4956
5185.547287	78.299	-147.8125
5185.913498	78.309	-148.2036
5186.279709	78.312	-148.6538
5186.645920	78.309	-149.1074
5187.012131	78.297	-149.5371
5187.378342	78.286	-149.8677
5187.744553	78.293	-150.1895
5188.110764	78.302	-150.6421
5188.476975	78.293	-151.0972
5188.843186	78.286	-151.4604
5189.209397	78.288	-151.8555
5189.575607	78.282	-152.2822
5189.941818	78.274	-152.6509
5190.308029	78.275	-153.0137
5190.674240	78.275	-153.4277
5191.040451	78.269	-153.8457
5191.406662	78.259	-154.2202
5191.772873	78.255	-154.5566
5192.139084	78.260	-154.9077
5192.505295	78.266	-155.3188
5192.871506	78.265	-155.7686
5193.237717	78.255	-156.1914
5193.603928	78.246	-156.5415
5193.970139	78.250	-156.8706
5194.336350	78.261	-157.2842
5194.702561	78.262	-157.7646
5195.068772	78.251	-158.1987
5195.434983	78.245	-158.5693
5195.801194	78.247	-158.9561
5196.167405	78.246	-159.3931
5196.533616	78.237	-159.8135
5196.899827	78.231	-160.1724
5197.266038	78.235	-160.5596
5197.632249	78.231	-161.0107
5197.998460	78.215	-161.3960
5198.364671	78.211	-161.6943
5198.730882	78.220	-162.0498
5199.097093	78.222	-162.4917
5199.463304	78.211	-162.8960
5199.829515	78.204	-163.2017
5200.195726	78.216	-163.5176
5200.561936	78.231	-163.9619
5200.928147	78.229	-164.4556
5201.294358	78.218	-164.8809
5201.660569	78.211	-165.2749
5202.026780	78.203	-165.6528
5202.392991	78.201	-165.9932
5202.759202	78.207	-166.3823
5203.125413	78.204	-166.8228
5203.491624	78.195	-167.2002
5203.857835	78.197	-167.5479
5204.224046	78.204	-167.9663
5204.590257	78.201	-168.4312
5204.956468	78.187	-168.8457
5205.322679	78.179	-169.1680
5205.688890	78.187	-169.5112
5206.055101	78.192	-169.9678
5206.421312	78.181	-170.3804
5206.787523	78.181	-170.7056
5207.153734	78.191	-171.1470
5207.519945	78.178	-171.6387
5207.886156	78.158	-171.9561
5208.252367	78.163	-172.2222
5208.618578	78.177	-172.6143
5208.984789	78.181	-173.0649
5209.351000	78.177	-173.4995
5209.717211	78.169	-173.8916
5210.083422	78.170	-174.2549
5210.449633	78.175	-174.6973
5210.815844	78.162	-175.1626
5211.182055	78.147	-175.4785
5211.548266	78.157	-175.7974
5211.914476	78.163	-176.2944
5212.280687	78.142	-176.7192
5212.646898	78.139	-176.9795
5213.013109	78.159	-177.4150
5213.379320	78.146	-177.9873
5213.745531	78.113	-178.3008
5214.111742	78.119	-178.4990
5214.477953	78.140	-178.9243
5214.844164	78.134	-179.4028
5215.210375	78.128	-179.7612
5215.576586	78.134	179.8408
5215.942797	78.130	179.4092
5216.309008	78.126	179.0400
5216.675219	78.129	178.6396
5217.041430	78.124	178.2090
5217.407641	78.116	177.8579
5217.773852	78.123	177.5059
5218.140063	78.128	177.0449
5218.506274	78.115	176.6006
5218.872485	78.105	176.2910
5219.238696	78.118	175.9448
5219.604907	78.123	175.4263
5219.971118	78.098	174.9697
5220.337329	78.083	174.7119
5220.703540	78.095	174.3906
5221.069751	78.095	173.9385
5221.435962	78.084	173.5801
5221.802173	78.091	173.2549
5222.168384	78.097	172.8032
5222.534595	78.086	172.3726
5222.900806	78.081	172.0479
5223.267016	78.090	171.6763
5223.633227	78.093	171.2329
5223.999438	78.090	170.8179
5224.365649	78.093	170.3950
5224.731860	78.089	169.9209
5225.098071	78.074	169.5015
5225.464282	78.066	169.1733
5225.830493	78.072	168.7993
5226.196704	78.070	168.3560
5226.562915	78.060	167.9751
5226.929126	78.061	167.6177
5227.295337	78.061	167.1968
5227.661548	78.053	166.8101
5228.027759	78.054	166.4590
5228.393970	78.056	166.0293
5228.760181	78.045	165.6318
5229.126392	78.045	165.3252
5229.492603	78.058	164.8950
5229.858814	78.047	164.3696
5230.225025	78.020	164.0210
5230.591236	78.017	163.7808
5230.957447	78.027	163.4385
5231.323658	78.033	163.0435
5231.689869	78.039	162.6328
5232.056080	78.038	162.1543
5232.422291	78.022	161.7368
5232.788502	78.016	161.4507
5233.154713	78.032	161.0806
5233.520924	78.035	160.5708
5233.887135	78.021	160.1597
5234.253345	78.025	159.8271
5234.619556	78.037	159.3262
5234.985767	78.018	158.7959
5235.351978	77.996	158.4902
5235.718189	78.006	158.1802
5236.084400	78.009	157.6758
5236.450611	77.983	157.2744
5236.816822	77.979	157.0649
5237.183033	78.003	156.7168
5237.549244	78.009	156.1963
5237.915455	77.994	155.7705
5238.281666	77.989	155.4536
5238.647877	77.997	155.1030
5239.014088	78.006	154.6807
5239.380299	78.006	154.2017
5239.746510	77.991	153.7563
5240.112721	77.977	153.4258
5240.478932	77.978	153.1040
5240.845143	77.980	152.7153
5241.211354	77.977	152.3501
5241.577565	77.984	151.9746
5241.943776	77.984	151.5073
5242.309987	77.969	151.1030
5242.676198	77.967	150.7983
5243.042409	77.978	150.3716
5243.408620	77.968	149.8721
5243.774831	77.949	149.5264
5244.141042	77.951	149.2153
5244.507253	77.955	148.7915
5244.873464	77.947	148.3833
5245.239675	77.945	148.0337
5245.605885	77.949	147.6445
5245.972096	77.951	147.2173
5246.338307	77.948	146.7861
5246.704518	77.941	146.3750
5247.070729	77.936	146.0098
5247.436940	77.938	145.6343
5247.803151	77.940	145.2197
5248.169362	77.938	144.8203
5248.535573	77.939	144.4229
5248.901784	77.940	143.9946
5249.267995	77.935	143.5674
5249.634206	77.927	143.1616
5250.000417	77.918	142.8042
5250.366628	77.918	142.4888
5250.732839	77.929	142.1021
5251.099050	77.928	141.6357
5251.465261	77.915	141.2329
5251.831472	77.908	140.9160
5252.197683	77.914	140.5845
5252.563894	77.923	140.1768
5252.930105	77.922	139.7104
5253.296316	77.910	139.2856
5253.662527	77.900	138.9375
5254.028738	77.899	138.5654
5254.394949	77.892	138.1665
5254.761160	77.884	137.8311
5255.127371	77.886	137.4932
5255.493582	77.888	137.0923
5255.859793	77.883	136.7163
5256.226004	77.885	136.3579
5256.592214	77.888	135.9458
5256.958425	77.885	135.5386
5257.324636	77.887	135.1479
5257.690847	77.888	134.6870
5258.057058	77.872	134.2349
5258.423269	77.856	133.9165
5258.789480	77.860	133.6270
5259.155691	77.871	133.2349
5259.521902	77.873	132.7861
5259.888113	77.867	132.3579
5260.254324	77.860	131.9775
5260.620535	77.861	131.6284
5260.986746	77.868	131.2129
5261.352957	77.863	130.7500
5261.719168	77.851	130.3916
5262.085379	77.857	130.0640
5262.451590	77.867	129.5981
5262.817801	77.855	129.1250
5263.184012	77.843	128.7666
5263.550223	77.840	128.3989
5263.916434	77.833	128.0298
5264.282645	77.832	127.7339
5264.648856	77.849	127.3647
5265.015067	77.855	126.8672
5265.381278	77.842	126.4209
5265.747489	77.835	126.0654
5266.113700	77.837	125.6841
5266.479911	77.834	125.2671
5266.846122	77.828	124.8750
5267.212333	77.825	124.4941
5267.578544	77.820	124.1050
5267.944754	77.813	123.7524
5268.310965	77.815	123.4292
5268.677176	77.824	123.0400
5269.043387	77.825	122.6030
5269.409598	77.821	122.2158
5269.775809	77.826	121.8213
5270.142020	77.827	121.3604
5270.508231	77.817	120.9146
5270.874442	77.805	120.5171
5271.240653	77.793	120.1611
5271.606864	77.788	119.8647
5271.973075	77.800	119.5317
5272.339286	77.809	119.0811
5272.705497	77.803	118.6177
5273.071708	77.793	118.2183
5273.437919	77.785	117.8594
5273.804130	77.784	117.5371
5274.170341	77.796	117.1826
5274.536552	77.806	116.7109
5274.902763	77.796	116.2114
5275.268974	77.776	115.8442
5275.635185	77.775	115.5845
5276.001396	77.795	115.2227
5276.367607	77.802	114.6929
5276.733818	77.782	114.2378
5277.100029	77.773	113.9556
5277.466240	77.788	113.5977
5277.832451	77.793	113.0952
5278.198662	77.780	112.6313
5278.564873	77.765	112.2373
5278.931084	77.750	111.9043
5279.297294	77.747	111.6499
5279.663505	77.764	111.3105
5280.029716	77.770	110.8467
5280.395927	77.764	110.4482
5280.762138	77.770	110.0718
5281.128349	77.773	109.5859
5281.494560	77.756	109.1357
5281.860771	77.742	108.8208
5282.226982	77.745	108.5254
5282.593193	77.758	108.1514
5282.959404	77.767	107.6831
5283.325615	77.759	107.2056
5283.691826	77.747	106.8252
5284.058037	77.746	106.4653
5284.424248	77.745	106.0566
5284.790459	77.739	105.6733
5285.156670	77.739	105.3037
5285.522881	77.738	104.8975
5285.889092	77.732	104.5181
5286.255303	77.733	104.1650
5286.621514	77.737	103.7573
5286.987725	77.731	103.3140
5287.353936	77.716	102.9458
5287.720147	77.712	102.6768
5288.086358	77.729	102.3452
5288.452569	77.740	101.8608
5288.818780	77.729	101.3970
5289.184991	77.720	101.0332
5289.551202	77.719	100.6616
5289.917413	77.718	100.2842
5290.283623	77.722	99.8960
5290.649834	77.722	99.4536
5291.016045	77.715	99.0547
5291.382256	77.717	98.6626
5291.748467	77.713	98.1807
5292.114678	77.691	97.8081
5292.480889	77.693	97.5488
5292.847100	77.708	97.1094
5293.213311	77.692	96.6240
5293.579522	77.675	96.3618
5293.945733	77.693	96.0962
5294.311944	77.711	95.6211
5294.678155	77.703	95.1265
5295.044366	77.691	94.7627
5295.410577	77.692	94.4390
5295.776788	77.700	94.0371
5296.142999	77.698	93.6001
5296.509210	77.692	93.2134
5296.875421	77.691	92.8174
5297.241632	77.681	92.4141
5297.607843	77.674	92.1099
5297.974054	77.687	91.7710
5298.340265	77.693	91.2671
5298.706476	77.672	90.8218
5299.072687	77.660	90.5415
5299.438898	77.671	90.2061
5299.805109	77.674	89.7559
5300.171320	77.666	89.3276
5300.537531	77.658	88.9463
5300.903742	77.652	88.5942
5301.269953	77.655	88.2666
5301.636163	77.670	87.8589
5302.002374	77.672	87.3359
5302.368585	77.654	86.8799
5302.734796	77.644	86.5571
5303.101007	77.651	86.1816
5303.467218	77.649	85.7261
5303.833429	77.639	85.3491
5304.199640	77.640	85.0000
5304.565851	77.641	84.5884
5304.932062	77.637	84.2305
5305.298273	77.648	83.8779
5305.664484	77.654	83.3799
5306.030695	77.634	82.9424
5306.396906	77.626	82.7002
5306.763117	77.648	82.3530
5307.129328	77.651	81.8330
5307.495539	77.632	81.4502
5307.861750	77.636	81.1592
5308.227961	77.645	80.7158
5308.594172	77.631	80.2842
5308.960383	77.624	80.0132
5309.326594	77.640	79.6572
5309.692805	77.640	79.1670
5310.059016	77.624	78.8140
5310.425227	77.635	78.5181
5310.791438	77.650	78.0068
5311.157649	77.628	77.4839
5311.523860	77.606	77.2007
5311.890071	77.617	76.8970
5312.256282	77.619	76.4258
5312.622492	77.603	76.0493
5312.988703	77.607	75.7476
5313.354914	77.618	75.2837
5313.721125	77.602	74.8047
5314.087336	77.588	74.4834
5314.453547	77.591	74.1465
5314.819758	77.589	73.7417
5315.185969	77.584	73.3945
5315.552180	77.590	73.0420
5315.918391	77.595	72.6099
5316.284602	77.590	72.1895
5316.650813	77.586	71.7959
5317.017024	77.579	71.4023
5317.383235	77.572	71.0752
5317.749446	77.582	70.7529
5318.115657	77.593	70.2944
5318.481868	77.581	69.8296
5318.848079	77.570	69.5215
5319.214290	77.583	69.1831
5319.580501	77.589	68.6875
5319.946712	77.574	68.2515
5320.312923	77.568	67.9302
5320.679134	77.575	67.5308
5321.045345	77.567	67.0840
5321.411556	77.556	66.7393
5321.777767	77.562	66.4082
5322.143978	77.570	65.9614
5322.510189	77.560	65.4839
5322.876400	77.542	65.1235
5323.242611	77.540	64.8350
5323.608822	77.550	64.4565
5323.975032	77.547	64.0190
5324.341243	77.538	63.6694
5324.707454	77.546	63.3423
5325.073665	77.556	62.9126
5325.439876	77.555	62.4531
5325.806087	77.549	62.0361
5326.172298	77.543	61.6260
5326.538509	77.534	61.2432
5326.904720	77.529	60.9136
5327.270931	77.534	60.5674
5327.637142	77.538	60.1724
5328.003353	77.538	59.7842
5328.369564	77.543	59.3989
5328.735775	77.548	58.9502
5329.101986	77.538	58.4897
5329.468197	77.525	58.1265
5329.834408	77.524	57.7969
5330.200619	77.527	57.4033
5330.566830	77.523	57.0078
5330.933041	77.523	56.6343
5331.299252	77.524	56.2114
5331.665463	77.515	55.7861
5332.031674	77.506	55.4312
5332.397885	77.505	55.0903
5332.764096	77.507	54.7144
5333.130307	77.507	54.3208
5333.496518	77.504	53.9268
5333.862729	77.501	53.5605
5334.228940	77.505	53.2046
5334.595151	77.512	52.7920
5334.961361	77.511	52.3496
5335.327572	77.506	51.9487
5335.693783	77.503	51.5703
5336.059994	77.502	51.1904
5336.426205	77.504	50.8105
5336.792416	77.505	50.3970
5337.158627	77.499	49.9814
5337.524838	77.491	49.6323
5337.891049	77.493	49.3008
5338.257260	77.498	48.9292
5338.623471	77.502	48.5298
5338.989682	77.500	48.0996
5339.355893	77.488	47.7085
5339.722104	77.484	47.4175
5340.088315	77.497	47.0688
5340.454526	77.501	46.5894
5340.820737	77.486	46.1763
5341.186948	77.481	45.8594
5341.553159	77.485	45.4893
5341.919370	77.483	45.0996
5342.285581	77.484	44.7319
5342.651792	77.487	44.3208
5343.018003	77.484	43.9028
5343.384214	77.482	43.5063
5343.750425	77.479	43.0898
5344.116636	77.472	42.7036
5344.482847	77.473	42.3428
5344.849058	77.477	41.9038
5345.215269	77.465	41.4634
5345.581480	77.455	41.1353
5345.947691	77.461	40.8086
5346.313901	77.470	40.3745
5346.680112	77.464	39.9062
5347.046323	77.449	39.5186
5347.412534	77.442	39.2119
5347.778745	77.447	38.8691
5348.144956	77.447	38.4766
5348.511167	77.444	38.1504
5348.877378	77.457	37.8086
5349.243589	77.465	37.3179
5349.609800	77.448	36.8853
5349.976011	77.444	36.6221
5350.342222	77.465	36.2329
5350.708433	77.462	35.6812
5351.074644	77.438	35.2881
5351.440855	77.435	35.0127
5351.807066	77.442	34.6123
5352.173277	77.434	34.2031
5352.539488	77.434	33.8862
5352.905699	77.447	33.4707
5353.271910	77.443	32.9536
5353.638121	77.422	32.5532
5354.004332	77.415	32.2524
5354.370543	77.419	31.8970
5354.736754	77.417	31.5103
5355.102965	77.416	31.1685
5355.469176	77.427	30.8042
5355.835387	77.435	30.3364
5356.201598	77.423	29.8784
5356.567809	77.413	29.5625
5356.934020	77.426	29.2290
5357.300231	77.434	28.7344
5357.666441	77.418	28.2891
5358.032652	77.411	27.9707
5358.398863	77.416	27.5674
5358.765074	77.404	27.1543
5359.131285	77.400	26.8760
5359.497496	77.419	26.4990
5359.863707	77.418	25.9751
5360.229918	77.398	25.5776
5360.596129	77.395	25.2593
5360.962340	77.396	24.8662
5361.328551	77.390	24.5015
5361.694762	77.395	24.1445
5362.060973	77.397	23.7051
5362.427184	77.387	23.3115
5362.793395	77.389	22.9663
5363.159606	77.394	22.5337
5363.525817	77.385	22.1006
5363.892028	77.378	21.7349
5364.258239	77.375	21.3535
5364.624450	77.367	21.0146
5364.990661	77.375	20.7251
5365.356872	77.394	20.2900
5365.723083	77.389	19.7559
5366.089294	77.368	19.3784
5366.455505	77.366	19.0996
5366.821716	77.375	18.7192
5367.187927	77.373	18.3042
5367.554138	77.370	17.9473
5367.920349	77.375	17.5640
5368.286560	77.374	17.1362
5368.652770	77.368	16.7441
5369.018981	77.364	16.3750
5369.385192	77.362	15.9956
5369.751403	77.359	15.6362
5370.117614	77.363	15.2656
5370.483825	77.366	14.8276
5370.850036	77.356	14.3896
5371.216247	77.343	14.0400
5371.582458	77.341	13.7319
5371.948669	77.348	13.3726
5372.314880	77.352	12.9678
5372.681091	77.354	12.5654
5373.047302	77.357	12.1489
5373.413513	77.356	11.6968
5373.779724	77.346	11.2749
5374.145935	77.340	10.9155
5374.512146	77.342	10.5269
5374.878357	77.337	10.0898
5375.244568	77.323	9.7261
5375.610779	77.323	9.4258
5375.976990	77.333	9.0337
5376.343201	77.328	8.5791
5376.709412	77.314	8.2437
5377.075623	77.320	7.9741
5377.441834	77.337	7.5645
5377.808045	77.335	7.0728
5378.174256	77.321	6.6992
5378.540467	77.324	6.3750
5378.906678	77.330	5.9531
5379.272889	77.322	5.5210
5379.639100	77.312	5.1646
5380.005310	77.309	4.8228
5380.371521	77.309	4.4829
5380.737732	77.314	4.1328
5381.103943	77.319	3.7275
5381.470154	77.316	3.3345
5381.836365	77.320	2.9727
5382.202576	77.325	2.5396
5382.568787	77.317	2.1001
5382.934998	77.309	1.7598
5383.301209	77.316	1.3984
5383.667420	77.316	0.9604
5384.033631	77.306	0.5786
5384.399842	77.307	0.2500
5384.766053	77.314	-0.1416
5385.132264	77.314	-0.5825
5385.498475	77.306	-0.9854
5385.864686	77.301	-1.3315
5386.230897	77.305	-1.6909
5386.597108	77.307	-2.1128
5386.963319	77.300	-2.5049
5387.329530	77.301	-2.8374
5387.695741	77.310	-3.2568
5388.061952	77.302	-3.7324
5388.428163	77.284	-4.0630
5388.794374	77.291	-4.3291
5389.160585	77.308	-4.7407
5389.526796	77.309	-5.2334
5389.893007	77.297	-5.6665
5390.259218	77.287	-6.0361
5390.625429	77.284	-6.3784
5390.991639	77.287	-6.7515
5391.357850	77.285	-7.1626
5391.724061	77.280	-7.5361
5392.090272	77.283	-7.9160
5392.456483	77.280	-8.3618
5392.822694	77.265	-8.7524
5393.188905	77.259	-9.0581
5393.555116	77.263	-9.4175
5393.921327	77.260	-9.8140
5394.287538	77.257	-10.1587
5394.653749	77.264	-10.5269
5395.019960	77.265	-10.9614
5395.386171	77.259	-11.3691
5395.752382	77.257	-11.7529
5396.118593	77.252	-12.1763
5396.484804	77.236	-12.5391
5396.851015	77.236	-12.7964
5397.217226	77.256	-13.1680
5397.583437	77.259	-13.6978
5397.949648	77.238	-14.1055
5398.315859	77.237	-14.3877
5398.682070	77.249	-14.7954
5399.048281	77.242	-15.2500
5399.414492	77.235	-15.5864
5399.780703	77.245	-15.9517
5400.146914	77.248	-16.4233
5400.513125	77.236	-16.8501
5400.879336	77.228	-17.1895
5401.245547	77.231	-17.5420
5401.611758	77.234	-17.9424
5401.977969	77.232	-18.3438
5402.344179	77.232	-18.7456
5402.710390	77.226	-19.1758
5403.076601	77.210	-19.5366
5403.442812	77.208	-19.7871
5403.809023	77.228	-20.1372
5404.175234	77.234	-20.6426
5404.541445	77.218	-21.0742
5404.907656	77.209	-21.3970
5405.273867	77.211	-21.7441
5405.640078	77.211	-22.1162
5406.006289	77.212	-22.4956
5406.372500	77.210	-22.8711
5406.738711	77.213	-23.2197
5407.104922	77.223	-23.6401
5407.471133	77.217	-24.1304
5407.837344	77.197	-24.4985
5408.203555	77.195	-24.7681
5408.569766	77.208	-25.1279
5408.935977	77.214	-25.5859
5409.302188	77.206	-26.0474
5409.668399	77.190	-26.4434
5410.034610	77.178	-26.7397
5410.400821	77.182	-27.0190
5410.767032	77.195	-27.3828
5411.133243	77.203	-27.8203
5411.499454	77.200	-28.2749
5411.865665	77.188	-28.6816
5412.231876	77.179	-29.0078
5412.598087	77.183	-29.3330
5412.964298	77.188	-29.7158
5413.330509	77.191	-30.1045
5413.696719	77.197	-30.5088
5414.062930	77.198	-30.9795
5414.429141	77.183	-31.4326
5414.795352	77.167	-31.7715
5415.161563	77.164	-32.0747
5415.527774	77.166	-32.4282
5415.893985	77.165	-32.7798
5416.260196	77.170	-33.1167
5416.626407	77.180	-33.5210
5416.992618	77.179	-33.9648
5417.358829	77.172	-34.3389
5417.725040	77.176	-34.6855
5418.091251	77.184	-35.1216
5418.457462	77.177	-35.5820
5418.823673	77.165	-35.9497
5419.189884	77.165	-36.2930
5419.556095	77.166	-36.6860
5419.922306	77.164	-37.0674
5420.288517	77.167	-37.4561
5420.654728	77.165	-37.9028
5421.020939	77.151	-38.2959
5421.387150	77.145	-38.6147
5421.753361	77.147	-38.9771
5422.119572	77.143	-39.3330
5422.485783	77.148	-39.6538
5422.851994	77.159	-40.0742
5423.218205	77.155	-40.5259
5423.584416	77.151	-40.8999
5423.950627	77.153	-41.3359
5424.316838	77.133	-41.7793
5424.683048	77.114	-41.9990
5425.049259	77.138	-42.2144
5425.415470	77.166	-42.7368
5425.781681	77.149	-43.3110
5426.147892	77.122	-43.6226
5426.514103	77.127	-43.8638
5426.880314	77.143	-44.2588
5427.246525	77.144	-44.7002
5427.612736	77.142	-45.1001
5427.978947	77.142	-45.5225
5428.345158	77.135	-45.9312
5428.711369	77.132	-46.2866
5429.077580	77.137	-46.6924
5429.443791	77.129	-47.1406
5429.810002	77.115	-47.5005
5430.176213	77.112	-47.8057
5430.542424	77.117	-48.1470
5430.908635	77.124	-48.5132
5431.274846	77.132	-48.9312
5431.641057	77.129	-49.3877
5432.007268	77.117	-49.7607
5432.373479	77.119	-50.0762
5432.739690	77.128	-50.4697
5433.105901	77.127	-50.9082
5433.472112	77.121	-51.2974
5433.838323	77.119	-51.6626
5434.204534	77.119	-52.0420
5434.570745	77.118	-52.4224
5434.936956	77.117	-52.7979
5435.303167	77.118	-53.1772
5435.669378	77.119	-53.5669
5436.035588	77.118	-53.9751
5436.401799	77.111	-54.3843
5436.768010	77.101	-54.7329
5437.134221	77.103	-55.0317
5437.500432	77.116	-55.4180
5437.866643	77.115	-55.8984
5438.232854	77.100	-56.2866
5438.599065	77.098	-56.5894
5438.965276	77.105	-56.9829
5439.331487	77.098	-57.4028
5439.697698	77.092	-57.7197
5440.063909	77.103	-58.0630
5440.430120	77.109	-58.5146
5440.796331	77.103	-58.9478
5441.162542	77.097	-59.3281
5441.528753	77.094	-59.7109
5441.894964	77.089	-60.0747
5442.261175	77.090	-60.4297
5442.627386	77.091	-60.8193
5442.993597	77.088	-61.2012
5443.359808	77.089	-61.5537
5443.726019	77.094	-61.9385
5444.092230	77.096	-62.3701
5444.458441	77.088	-62.7842
5444.824652	77.080	-63.1328
5445.190863	77.083	-63.4722
5445.557074	77.086	-63.8848
5445.923285	77.077	-64.2886
5446.289496	77.072	-64.6040
5446.655707	77.081	-64.9722
5447.021917	77.077	-65.4082
5447.388128	77.067	-65.7275
5447.754339	77.080	-66.0347
5448.120550	77.092	-66.5078
5448.486761	77.080	-66.9556
5448.852972	77.077	-67.2876
5449.219183	77.084	-67.6938
5449.585394	77.077	-68.1294
5449.951605	77.072	-68.4746
5450.317816	77.079	-68.8589
5450.684027	77.078	-69.3110
5451.050238	77.068	-69.7178
5451.416449	77.061	-70.0767
5451.782660	77.058	-70.3994
5452.148871	77.069	-70.7422
5452.515082	77.079	-71.2129
5452.881293	77.067	-71.6914
5453.247504	77.054	-72.0396
5453.613715	77.054	-72.3936
5453.979926	77.049	-72.8062
5454.346137	77.037	-73.1470
5454.712348	77.036	-73.4453
5455.078559	77.041	-73.7930
5455.444770	77.045	-74.1582
5455.810981	77.051	-74.5352
5456.177192	77.055	-74.9619
5456.543403	77.048	-75.3975
5456.909614	77.037	-75.7573
5457.275825	77.037	-76.0586
5457.642036	77.050	-76.4492
5458.008247	77.048	-76.9458
5458.374457	77.026	-77.3364
5458.740668	77.019	-77.5889
5459.106879	77.031	-77.9048
5459.473090	77.039	-78.3125
5459.839301	77.041	-78.7139
5460.205512	77.044	-79.1270
5460.571723	77.042	-79.5513
5460.937934	77.039	-79.9565
5461.304145	77.034	-80.3711
5461.670356	77.022	-80.7524
5462.036567	77.016	-81.0420
5462.402778	77.031	-81.3545
5462.768989	77.047	-81.8228
5463.135200	77.039	-82.3452
5463.501411	77.018	-82.7261
5463.867622	77.016	-83.0176
5464.233833	77.024	-83.4194
5464.600044	77.014	-83.8613
5464.966255	77.002	-84.1675
5465.332466	77.010	-84.4736
5465.698677	77.015	-84.8857
5466.064888	77.010	-85.2344
5466.431099	77.025	-85.5654
5466.797310	77.040	-86.0781
5467.163521	77.023	-86.5938
5467.529732	77.005	-86.9219
5467.895943	77.008	-87.2554
5468.262154	77.004	-87.6729
5468.628365	76.993	-88.0005
5468.994576	77.001	-88.2900
5469.360786	77.016	-88.7144
5469.726997	77.013	-89.1924
5470.093208	77.001	-89.5850
5470.459419	76.995	-89.9199
5470.825630	76.998	-90.2617
5471.191841	77.006	-90.6475
5471.558052	77.009	-91.0894
5471.924263	77.002	-91.5308
5472.290474	76.992	-91.9238
5472.656685	76.983	-92.2764
5473.022896	76.979	-92.5850
5473.389107	76.989	-92.9160
5473.755318	77.000	-93.3652
5474.121529	76.991	-93.8247
5474.487740	76.982	-94.1729
5474.853951	76.987	-94.5454
5475.220162	76.983	-94.9971
5475.586373	76.968	-95.3535
5475.952584	76.971	-95.6543
5476.318795	76.978	-96.0713
5476.685006	76.969	-96.4844
5477.051217	76.965	-96.7896
5477.417428	76.977	-97.1646
5477.783639	76.976	-97.6172
5478.149850	76.968	-97.9771
5478.516061	76.974	-98.3306
5478.882272	76.977	-98.7690
5479.248483	76.971	-99.1641
5479.614694	76.974	-99.5518
5479.980905	76.969	-100.0176
5480.347116	76.950	-100.3818
5480.713326	76.951	-100.6489
5481.079537	76.964	-101.0610
5481.445748	76.953	-101.5142
5481.811959	76.942	-101.8184
5482.178170	76.949	-102.1382
5482.544381	76.951	-102.5269
5482.910592	76.954	-102.8652
5483.276803	76.968	-103.2798
5483.643014	76.962	-103.7852
5484.009225	76.942	-104.1377
5484.375436	76.944	-104.4077
5484.741647	76.954	-104.8071
5485.107858	76.950	-105.2163
5485.474069	76.950	-105.5620
5485.840280	76.954	-105.9731
5486.206491	76.947	-106.3936
5486.572702	76.940	-106.7378
5486.938913	76.941	-107.1025
5487.305124	76.936	-107.4834
5487.671335	76.935	-107.8120
5488.037546	76.942	-108.1860
5488.403757	76.942	-108.6230
5488.769968	76.934	-108.9951
5489.136179	76.938	-109.3486
5489.502390	76.941	-109.7944
5489.868601	76.928	-110.2207
5490.234812	76.918	-110.5327
5490.601023	76.926	-110.8604
5490.967234	76.935	-111.3013
5491.333445	76.929	-111.7695
5491.699656	76.915	-112.1597
5492.065866	76.909	-112.4790
5492.432077	76.916	-112.8369
5492.798288	76.917	-113.2725
5493.164499	76.907	-113.6538
5493.530710	76.908	-113.9658
5493.896921	76.919	-114.3779
5494.263132	76.911	-114.8286
5494.629343	76.902	-115.1426
5494.995554	76.915	-115.4668
5495.361765	76.924	-115.9277
5495.727976	76.916	-116.3477
5496.094187	76.916	-116.7002
5496.460398	76.920	-117.1191
5496.826609	76.914	-117.5356
5497.192820	76.909	-117.8936
5497.559031	76.909	-118.2729
5497.925242	76.905	-118.6431
5498.291453	76.906	-118.9736
5498.657664	76.914	-119.3604
5499.023875	76.914	-119.7983
5499.390086	76.905	-120.1846
5499.756297	76.903	-120.5327
5500.122508	76.904	-120.9072
5500.488719	76.902	-121.2993
5500.854930	76.896	-121.6680
5501.221141	76.894	-122.0078
5501.587352	76.897	-122.3540
5501.953563	76.902	-122.7397
5502.319774	76.903	-123.1577
5502.685985	76.897	-123.5630
5503.052195	76.890	-123.9233
5503.418406	76.889	-124.2676
5503.784617	76.891	-124.6377
5504.150828	76.892	-125.0264
5504.517039	76.892	-125.4189
5504.883250	76.891	-125.8179
5505.249461	76.887	-126.2129
5505.615672	76.883	-126.5967
5505.981883	76.878	-126.9702
5506.348094	76.875	-127.3237
5506.714305	76.878	-127.6855
5507.080516	76.881	-128.0977
5507.446727	76.874	-128.5142
5507.812938	76.865	-128.8521
5508.179149	76.870	-129.1680
5508.545360	76.880	-129.5786
5508.911571	76.875	-130.0220
5509.277782	76.867	-130.3618
5509.643993	76.876	-130.6865
5510.010204	76.888	-131.1509
5510.376415	76.877	-131.6396
5510.742626	76.859	-131.9814
5511.108837	76.859	-132.2690
5511.475048	76.868	-132.6362
5511.841259	76.871	-133.0381
5512.207470	76.874	-133.4600
5512.573681	76.868	-133.9126
5512.939892	76.852	-134.2744
5513.306103	76.853	-134.5630
5513.672314	76.864	-134.9727
5514.038525	76.854	-135.4248
5514.404735	76.842	-135.7207
5514.770946	76.857	-136.0303
5515.137157	76.867	-136.5332
5515.503368	76.847	-136.9941
5515.869579	76.832	-137.2500
5516.235790	76.849	-137.5288
5516.602001	76.868	-138.0132
5516.968212	76.857	-138.5459
5517.334423	76.833	-138.9131
5517.700634	76.826	-139.1597
5518.066845	76.840	-139.4717
5518.433056	76.851	-139.8862
5518.799267	76.853	-140.3169
5519.165478	76.852	-140.7358
5519.531689	76.849	-141.1543
5519.897900	76.840	-141.5522
5520.264111	76.832	-141.8843
5520.630322	76.837	-142.1743
5520.996533	76.855	-142.5713
5521.362744	76.857	-143.0894
5521.728955	76.837	-143.5068
5522.095166	76.831	-143.7979
5522.461377	76.840	-144.1738
5522.827588	76.833	-144.6040
5523.193799	76.823	-144.9194
5523.560010	76.833	-145.2251
5523.926221	76.842	-145.6519
5524.292432	76.836	-146.0713
5524.658643	76.835	-146.4150
5525.024854	76.841	-146.8174
5525.391064	76.834	-147.2588
5525.757275	76.821	-147.5757
5526.123486	76.830	-147.8574
5526.489697	76.845	-148.2866
5526.855908	76.839	-148.7559
5527.222119	76.828	-149.1172
5527.588330	76.827	-149.4478
5527.954541	76.830	-149.8042
5528.320752	76.835	-150.1709
5528.686963	76.841	-150.5898
5529.053174	76.835	-151.0205
5529.419385	76.828	-151.3716
5529.785596	76.833	-151.7119
5530.151807	76.840	-152.1401
5530.518018	76.834	-152.5894
5530.884229	76.823	-152.9673
5531.250440	76.820	-153.3120
5531.616651	76.821	-153.6938
5531.982862	76.816	-154.0791
5532.349073	76.812	-154.4238
5532.715284	76.816	-154.7827
5533.081495	76.818	-155.1772
5533.447706	76.817	-155.5586
5533.813917	76.820	-155.9546
5534.180128	76.815	-156.3750
5534.546339	76.807	-156.7173
5534.912550	76.815	-157.0332
5535.278761	76.827	-157.4844
5535.644972	76.815	-157.9468
5536.011183	76.804	-158.2485
5536.377394	76.817	-158.5747
5536.743604	76.822	-159.0327
5537.109815	76.814	-159.4185
5537.476026	76.821	-159.7793
5537.842237	76.821	-160.2812
5538.208448	76.793	-160.6729
5538.574659	76.788	-160.8521
5538.940870	76.815	-161.1875
5539.307081	76.821	-161.7178
5539.673292	76.804	-162.1299
5540.039503	76.799	-162.4551
5540.405714	76.799	-162.8296
5540.771925	76.795	-163.1753
5541.138136	76.801	-163.5186
5541.504347	76.806	-163.9370
5541.870558	76.802	-164.3574
5542.236769	76.797	-164.7437
5542.602980	76.792	-165.1104
5542.969191	76.791	-165.4458
5543.335402	76.799	-165.8276
5543.701613	76.796	-166.2715
5544.067824	76.784	-166.6230
5544.434035	76.788	-166.9087
5544.800246	76.802	-167.3145
5545.166457	76.799	-167.7588
5545.532668	76.795	-168.0840
5545.898879	76.810	-168.4492
5546.265090	76.816	-168.9561
5546.631301	76.800	-169.3911
5546.997512	76.793	-169.7021
5547.363723	76.799	-170.0693
5547.729934	76.798	-170.4795
5548.096144	76.794	-170.8506
5548.462355	76.793	-171.2275
5548.828566	76.790	-171.5859
5549.194777	76.795	-171.9326
5549.560988	76.800	-172.3711
5549.927199	76.788	-172.7969
5550.293410	76.779	-173.0957
5550.659621	76.787	-173.4355
5551.025832	76.787	-173.8540
5551.392043	76.781	-174.1973
5551.758254	76.788	-174.5376
5552.124465	76.794	-174.9688
5552.490676	76.789	-175.3853
5552.856887	76.785	-175.7666
5553.223098	76.780	-176.1436
5553.589309	76.779	-176.4927
5553.955520	76.782	-176.8789
5554.321731	76.776	-177.2866
5554.687942	76.769	-177.5884
5555.054153	76.785	-177.8984
5555.420364	76.800	-178.3726
5555.786575	76.792	-178.8662
5556.152786	76.778	-179.2446
5556.518997	76.775	-179.5811
5556.885208	76.776	-179.9390
5557.251419	76.778	179.6699
5557.617630	76.774	179.2715
5557.983841	76.768	178.9292
5558.350052	76.773	178.6055
5558.716263	76.782	178.2129
5559.082473	76.782	177.7988
5559.448684	76.783	177.4243
5559.814895	76.790	177.0142
5560.181106	76.788	176.5376
5560.547317	76.771	176.1279
5560.913528	76.763	175.8369
5561.279739	76.774	175.4951
5561.645950	76.778	175.0254
5562.012161	76.762	174.6108
5562.378372	76.754	174.3267
5562.744583	76.764	173.9966
5563.110794	76.769	173.5664
5563.477005	76.762	173.1743
5563.843216	76.762	172.8447
5564.209427	76.770	172.4707
5564.575638	76.774	172.0420
5564.941849	76.772	171.6328
5565.308060	76.772	171.2290
5565.674271	76.766	170.7979
5566.040482	76.752	170.4326
5566.406693	76.750	170.1650
5566.772904	76.768	169.8086
5567.139115	76.772	169.3115
5567.505326	76.755	168.8989
5567.871537	76.750	168.6089
5568.237748	76.758	168.2461
5568.603959	76.756	167.8296
5568.970170	76.750	167.4888
5569.336381	76.756	167.1406
5569.702592	76.757	166.7295
5570.068803	76.751	166.3579
5570.435013	76.753	166.0210
5570.801224	76.758	165.6294
5571.167435	76.754	165.2275
5571.533646	76.749	164.8877
5571.899857	76.753	164.5645
5572.266068	76.763	164.1968
5572.632279	76.771	163.7749
5572.998490	76.772	163.3164
5573.364701	76.760	162.8965
5573.730912	76.752	162.5771
5574.097123	76.760	162.2402
5574.463334	76.763	161.7959
5574.829545	76.751	161.4087
5575.195756	76.752	161.1201
5575.561967	76.765	160.7212
5575.928178	76.760	160.2559
5576.294389	76.750	159.9165
5576.660600	76.757	159.5757
5577.026811	76.759	159.1279
5577.393022	76.746	158.7427
5577.759233	76.744	158.4458
5578.125444	76.755	158.0840
5578.491655	76.759	157.6494
5578.857866	76.756	157.2144
5579.224077	76.747	156.8047
5579.590288	76.737	156.4385
5579.956499	76.730	156.1226
5580.322710	76.736	155.8149
5580.688921	76.749	155.4238
5581.055132	76.751	154.9375
5581.421342	76.734	154.5171
5581.787553	76.724	154.2363
5582.153764	76.736	153.9302
5582.519975	76.747	153.4995
5582.886186	76.745	153.0503
5583.252397	76.740	152.6558
5583.618608	76.738	152.2764
5583.984819	76.737	151.8916
5584.351030	76.736	151.5151
5584.717241	76.737	151.1299
5585.083452	76.737	150.7217
5585.449663	76.731	150.3325
5585.815874	76.729	149.9839
5586.182085	76.734	149.6172
5586.548296	76.738	149.1934
5586.914507	76.732	148.7554
5587.280718	76.718	148.3818
5587.646929	76.711	148.0923
5588.013140	76.719	147.7886
5588.379351	76.728	147.4023
5588.745562	76.729	147.0029
5589.111773	76.729	146.6265
5589.477984	76.730	146.2397
5589.844195	76.729	145.8706
5590.210406	76.733	145.5059
5590.576617	76.736	145.0898
5590.942828	76.731	144.6924
5591.309039	76.730	144.3403
5591.675250	76.734	143.9453
5592.041461	76.730	143.5444
5592.407672	76.729	143.1938
5592.773882	76.734	142.7935
5593.140093	76.729	142.3608
5593.506304	76.720	142.0093
5593.872515	76.723	141.6582
5594.238726	76.722	141.2437
5594.604937	76.714	140.8882
5594.971148	76.717	140.5801
5595.337359	76.728	140.1865
5595.703570	76.728	139.7583
5596.069781	76.727	139.3813
5596.435992	76.732	138.9868
5596.802203	76.732	138.5522
5597.168414	76.727	138.1562
5597.534625	76.728	137.7832
5597.900836	76.729	137.3594
5598.267047	76.719	136.9414
5598.633258	76.708	136.6362
5598.999469	76.719	136.3589
5599.365680	76.738	135.9258
5599.731891	76.734	135.4155
5600.098102	76.717	135.0537
5600.464313	76.719	134.7646
5600.830524	76.729	134.3574
5601.196735	76.722	133.9429
5601.562946	76.718	133.6377
5601.929157	76.730	133.2920
5602.295368	76.735	132.8579
5602.661579	76.732	132.4497
5603.027790	76.732	132.0518
5603.394001	76.725	131.6411
5603.760211	76.714	131.3027
5604.126422	76.716	131.0024
5604.492633	76.725	130.6284
5604.858844	76.726	130.2056
5605.225055	76.721	129.8154
5605.591266	76.718	129.4497
5605.957477	76.717	129.0640
5606.323688	76.711	128.6904
5606.689899	76.710	128.3594
5607.056110	76.716	127.9897
5607.422321	76.713	127.5752
5607.788532	76.707	127.2427
5608.154743	76.719	126.9219
5608.520954	76.732	126.4551
5608.887165	76.721	125.9722
5609.253376	76.707	125.6240
5609.619587	76.707	125.3027
5609.985798	76.710	124.9326
5610.352009	76.710	124.5605
5610.718220	76.712	124.2041
5611.084431	76.719	123.8457
5611.450642	76.729	123.4233
5611.816853	76.725	122.9507
5612.183064	76.711	122.5781
5612.549275	76.713	122.2822
5612.915486	76.726	121.8916
5613.281697	76.727	121.4438
5613.647908	76.724	121.0298
5614.014119	76.720	120.6211
5614.380330	76.713	120.2329
5614.746541	76.709	119.8633
5615.112751	76.702	119.4932
5615.478962	76.697	119.1909
5615.845173	76.710	118.8760
5616.211384	76.721	118.4209
5616.577595	76.711	117.9893
5616.943806	76.708	117.6636
5617.310017	76.714	117.2832
5617.676228	76.709	116.8940
5618.042439	76.712	116.5752
5618.408650	76.723	116.1758
5618.774861	76.719	115.7388
5619.141072	76.716	115.4028
5619.507283	76.727	115.0146
5619.873494	76.724	114.5361
5620.239705	76.707	114.1743
5620.605916	76.705	113.8940
5620.972127	76.713	113.5420
5621.338338	76.716	113.1577
5621.704549	76.717	112.7822
5622.070760	76.718	112.4048
5622.436971	76.721	112.0386
5622.803182	76.727	111.6250
5623.169393	76.721	111.1724
5623.535604	76.706	110.8076
5623.901815	76.703	110.5166
5624.268026	76.711	110.1870
5624.634237	76.720	109.7988
5625.000448	76.726	109.3584
5625.366659	76.721	108.9038
5625.732870	76.710	108.5127
5626.099081	76.704	108.1729
5626.465291	76.706	107.8340
5626.831502	76.713	107.4658
5627.197713	76.718	107.0249
5627.563924	76.708	106.5854
5627.930135	76.697	106.2651
5628.296346	76.703	105.9629
5628.662557	76.712	105.5718
5629.028768	76.713	105.1855
5629.394979	76.718	104.8193
5629.761190	76.723	104.4053
5630.127401	76.721	104.0093
5630.493612	76.724	103.6475
5630.859823	76.729	103.2266
5631.226034	76.721	102.8154
5631.592245	76.717	102.5034
5631.958456	76.729	102.1533
5632.324667	76.733	101.6904
5632.690878	76.720	101.2896
5633.057089	76.716	100.9985
5633.423300	76.726	100.6475
5633.789511	76.728	100.2158
5634.155722	76.721	99.8306
5634.521933	76.719	99.4854
5634.888144	76.721	99.1128
5635.254355	76.720	98.7241
5635.620566	76.714	98.3467
5635.986777	76.708	98.0215
5636.352988	76.716	97.7241
5636.719199	76.733	97.3066
5637.085410	76.728	96.7959
5637.451620	76.706	96.4395
5637.817831	76.708	96.2051
5638.184042	76.728	95.8203
5638.550253	76.727	95.3276
5638.916464	76.712	94.9595
5639.282675	76.713	94.6660
5639.648886	76.723	94.2998
5640.015097	76.727	93.8970
5640.381308	76.731	93.4922
5640.747519	76.729	93.0605
5641.113730	76.718	92.6826
5641.479941	76.714	92.3945
5641.846152	76.725	92.0688
5642.212363	76.733	91.6704
5642.578574	76.736	91.2930
5642.944785	76.744	90.9009
5643.310996	76.745	90.4453
5643.677207	76.733	90.0571
5644.043418	76.732	89.7573
5644.409629	76.743	89.3813
5644.775840	76.745	88.9404
5645.142051	76.740	88.5439
5645.508262	76.738	88.1387
5645.874473	76.727	87.7437
5646.240684	76.720	87.4580
5646.606895	76.735	87.1216
5646.973106	76.739	86.6187
5647.339317	76.717	86.2124
5647.705528	76.712	85.9878
5648.071739	76.735	85.6362
5648.437950	76.740	85.1143
5648.804160	76.724	84.6997
5649.170371	76.721	84.3740
5649.536582	76.723	83.9692
5649.902793	76.714	83.6040
5650.269004	76.719	83.3208
5650.635215	76.739	82.8994
5651.001426	76.734	82.3813
5651.367637	76.715	82.0181
5651.733848	76.716	81.7295
5652.100059	76.723	81.3491
5652.466270	76.720	80.9829
5652.832481	76.727	80.6636
5653.198692	76.741	80.2451
5653.564903	76.737	79.7705
5653.931114	76.723	79.4092
5654.297325	76.724	79.1245
5654.663536	76.736	78.7637
5655.029747	76.739	78.3335
5655.395958	76.734	77.9536
5655.762169	76.737	77.6025
5656.128380	76.741	77.1865
5656.494591	76.732	76.7754
5656.860802	76.725	76.4512
5657.227013	76.730	76.1323
5657.593224	76.739	75.7437
5657.959435	76.739	75.3057
5658.325646	76.727	74.9014
5658.691857	76.717	74.6279
5659.058068	76.733	74.3662
5659.424279	76.754	73.9189
5659.790489	76.749	73.4253
5660.156700	76.739	73.0718
5660.522911	76.744	72.7173
5660.889122	76.743	72.2964
5661.255333	76.736	71.9468
5661.621544	76.741	71.6265
5661.987755	76.750	71.2368
5662.353966	76.752	70.8330
5662.720177	76.754	70.4390
5663.086388	76.755	70.0317
5663.452599	76.754	69.6304
5663.818810	76.752	69.2324
5664.185021	76.747	68.8501
5664.551232	76.746	68.4907
5664.917443	76.747	68.0967
5665.283654	76.740	67.7026
5665.649865	76.734	67.3818
5666.016076	76.740	67.0532
5666.382287	76.747	66.6587
5666.748498	76.748	66.2529
5667.114709	76.747	65.8516
5667.480920	76.743	65.4731
5667.847131	76.744	65.1191
5668.213342	76.747	64.7261
5668.579553	76.743	64.3438
5668.945764	76.747	64.0093
5669.311975	76.756	63.5864
5669.678186	76.747	63.1445
5670.044397	76.740	62.8398
5670.410608	76.752	62.4751
5670.776819	76.746	62.0059
5671.143029	76.729	61.7246
5671.509240	76.749	61.4829
5671.875451	76.770	60.9751
5672.241662	76.751	60.4893
5672.607873	76.742	60.2251
5672.974084	76.757	59.8696
5673.340295	76.755	59.4033
5673.706506	76.744	59.0776
5674.072717	76.755	58.7676
5674.438928	76.765	58.3286
5674.805139	76.761	57.9087
5675.171350	76.762	57.5200
5675.537561	76.759	57.0977
5675.903772	76.752	56.7480
5676.269983	76.760	56.4121
5676.636194	76.765	55.9482
5677.002405	76.747	55.5601
5677.368616	76.748	55.3442
5677.734827	76.778	54.9751
5678.101038	76.782	54.4214
5678.467249	76.762	54.0229
5678.833460	76.762	53.7402
5679.199671	76.770	53.3613
5679.565882	76.767	52.9839
5679.932093	76.770	52.6616
5680.298304	76.779	52.2944
5680.664515	76.784	51.9004
5681.030726	76.788	51.4941
5681.396937	76.785	51.0605
5681.763148	76.774	50.6865
5682.129359	76.771	50.3711
5682.495569	76.774	50.0293
5682.861780	76.777	49.6597
5683.227991	76.779	49.2695
5683.594202	76.777	48.8755
5683.960413	76.775	48.5127
5684.326624	76.779	48.1060
5684.692835	76.769	47.6582
5685.059046	76.751	47.3354
5685.425257	76.754	47.0918
5685.791468	76.771	46.7241
5686.157679	76.775	46.2754
5686.523890	76.771	45.8872
5686.890101	76.774	45.5195
5687.256312	76.779	45.1118
5687.622523	76.778	44.6982
5687.988734	76.775	44.3062
5688.354945	76.773	43.9438
5688.721156	76.777	43.5903
5689.087367	76.785	43.1768
5689.453578	76.779	42.7310
5689.819789	76.766	42.3896
5690.186000	76.770	42.1216
5690.552211	76.786	41.7534
5690.918422	76.791	41.3110
5691.284633	76.789	40.9092
5691.650844	76.789	40.4985
5692.017055	76.780	40.0879
5692.383266	76.771	39.7700
5692.749477	76.778	39.4478
5693.115688	76.783	39.0352
5693.481898	76.778	38.6455
5693.848109	76.779	38.2988
5694.214320	76.785	37.9014
5694.580531	76.784	37.4805
5694.946742	76.779	37.0879
5695.312953	76.776	36.7100
5695.679164	76.773	36.3535
5696.045375	76.777	36.0029
5696.411586	76.783	35.6201
5696.777797	76.788	35.2104
5697.144008	76.789	34.7783
5697.510219	76.782	34.3560
5697.876430	76.772	34.0122
5698.242641	76.774	33.7212
5698.608852	76.786	33.3789
5698.975063	76.797	32.9575
5699.341274	76.797	32.5249
5699.707485	76.792	32.1401
5700.073696	76.792	31.7754
5700.439907	76.792	31.3867
5700.806118	76.787	31.0239
5701.172329	76.789	30.6987
5701.538540	76.796	30.3130
5701.904751	76.792	29.8975
5702.270962	76.785	29.5596
5702.637173	76.791	29.2129
5703.003384	76.792	28.7856
5703.369595	76.781	28.4175
5703.735806	76.782	28.1270
5704.102017	76.796	27.7402
5704.468228	76.795	27.2642
5704.834438	76.781	26.8716
5705.200649	76.777	26.5703
5705.566860	76.787	26.2183
5705.933071	76.791	25.7852
5706.299282	76.786	25.3799
5706.665493	76.785	25.0288
5707.031704	76.791	24.6479
5707.397915	76.792	24.2349
5707.764126	76.790	23.8452
5708.130337	76.789	23.4668
5708.496548	76.788	23.1113
5708.862759	76.793	22.7866
5709.228970	76.807	22.3960
5709.595181	76.808	21.9380
5709.961392	76.798	21.5684
5710.327603	76.802	21.2773
5710.693814	76.817	20.9062
5711.060025	76.823	20.4590
5711.426236	76.820	20.0430
5711.792447	76.816	19.6660
5712.158658	76.814	19.3096
5712.524869	76.815	18.9790
5712.891080	76.825	18.6240
5713.257291	76.834	18.1885
5713.623502	76.829	17.7236
5713.989713	76.814	17.3477
5714.355924	76.811	17.0552
5714.722135	76.821	16.7007
5715.088346	76.821	16.2661
5715.454557	76.812	15.8994
5715.820767	76.815	15.5850
5716.186978	76.824	15.1797
5716.553189	76.819	14.7549
5716.919400	76.813	14.4229
5717.285611	76.821	14.0771
5717.651822	76.826	13.6650
5718.018033	76.825	13.2729
5718.384244	76.828	12.8745
5718.750455	76.824	12.4463
5719.116666	76.813	12.0874
5719.482877	76.812	11.7925
5719.849088	76.822	11.4683
5720.215299	76.835	11.0962
5720.581510	76.847	10.6548
5720.947721	76.845	10.1655
5721.313932	76.828	9.7695
5721.680143	76.822	9.4907
5722.046354	76.832	9.1909
5722.412565	76.847	8.8047
5722.778776	76.855	8.3579
5723.144987	76.851	7.9111
5723.511198	76.842	7.5386
5723.877409	76.843	7.2168
5724.243620	76.853	6.8369
5724.609831	76.856	6.3862
5724.976042	76.844	5.9736
5725.342253	76.835	5.6709
5725.708464	76.844	5.3789
5726.074675	76.857	4.9683
5726.440886	76.853	4.5361
5726.807097	76.850	4.2036
5727.173307	76.862	3.8340
5727.539518	76.864	3.3745
5727.905729	76.854	2.9922
5728.271940	76.857	2.6494
5728.638151	76.860	2.2305
5729.004362	76.851	1.8589
5729.370573	76.855	1.5405
5729.736784	76.863	1.1255
5730.102995	76.856	0.7212
5730.469206	76.856	0.4160
5730.835417	76.870	0.0293
5731.201628	76.869	-0.4375
5731.567839	76.859	-0.8008
5731.934050	76.862	-1.1265
5732.300261	76.866	-1.5205
5732.666472	76.864	-1.8906
5733.032683	76.871	-2.2485
5733.398894	76.876	-2.6997
5733.765105	76.861	-3.1172
5734.131316	76.852	-3.3862
5734.497527	76.865	-3.6885
5734.863738	76.874	-4.1177
5735.229949	76.869	-4.4951
5735.596160	76.877	-4.8237
5735.962371	76.889	-5.2842
5736.328582	76.877	-5.7568
5736.694793	76.863	-6.0576
5737.061004	76.874	-6.3555
5737.427215	76.885	-6.7891
5737.793426	76.882	-7.2104
5738.159636	76.884	-7.5796
5738.525847	76.889	-8.0034
5738.892058	76.884	-8.4336
5739.258269	76.880	-8.8018
5739.624480	76.884	-9.1855
5739.990691	76.882	-9.6074
5740.356902	76.875	-9.9805
5740.723113	76.874	-10.3110
5741.089324	76.879	-10.6743
5741.455535	76.880	-11.0435
5741.821746	76.884	-11.3657
5742.187957	76.899	-11.7310
5742.554168	76.908	-12.2080
5742.920379	76.895	-12.6470
5743.286590	76.885	-12.9429
5743.652801	76.892	-13.2285
5744.019012	76.902	-13.5869
5744.385223	76.909	-13.9541
5744.751434	76.919	-14.3428
5745.117645	76.922	-14.7744
5745.483856	76.919	-15.1816
5745.850067	76.918	-15.5830
5746.216278	76.909	-16.0029
5746.582489	76.894	-16.3340
5746.948700	76.894	-16.6001
5747.314911	76.906	-16.9697
5747.681122	76.905	-17.4072
5748.047333	76.897	-17.7783
5748.413544	76.897	-18.1328
5748.779755	76.896	-18.5244
5749.145966	76.891	-18.8960
5749.512176	76.889	-19.2266
5749.878387	76.896	-19.5503
5750.244598	76.912	-19.9478
5750.610809	76.917	-20.4590
5750.977020	76.900	-20.8965
5751.343231	76.893	-21.1567
5751.709442	76.915	-21.5024
5752.075653	76.922	-22.0137
5752.441864	76.908	-22.4067
5752.808075	76.915	-22.7129
5753.174286	76.927	-23.1641
5753.540497	76.916	-23.5986
5753.906708	76.912	-23.8906
5754.272919	76.925	-24.2500
5754.639130	76.925	-24.6816
5755.005341	76.920	-25.0327
5755.371552	76.925	-25.3779
5755.737763	76.926	-25.7578
5756.103974	76.925	-26.0889
5756.470185	76.936	-26.4331
5756.836396	76.944	-26.8618
5757.202607	76.939	-27.2900
5757.568818	76.932	-27.6426
5757.935029	76.935	-27.9658
5758.301240	76.944	-28.3530
5758.667451	76.944	-28.7783
5759.033662	76.941	-29.1392
5759.399873	76.952	-29.5166
5759.766084	76.956	-30.0137
5760.132295	76.938	-30.4600
5760.498506	76.925	-30.7476
5760.864716	76.932	-31.0391
5761.230927	76.943	-31.3999
5761.597138	76.954	-31.7822
5761.963349	76.965	-32.2314
5762.329560	76.961	-32.7007
5762.695771	76.953	-33.0635
5763.061982	76.959	-33.4087
5763.428193	76.963	-33.8369
5763.794404	76.954	-34.2207
5764.160615	76.955	-34.5317
5764.526826	76.963	-34.9038
5764.893037	76.962	-35.2910
5765.259248	76.964	-35.6191
5765.625459	76.974	-36.0005
5765.991670	76.973	-36.4238
5766.357881	76.970	-36.7817
5766.724092	76.974	-37.1650
5767.090303	76.967	-37.5747
5767.456514	76.960	-37.8696
5767.822725	76.975	-38.1914
5768.188936	76.981	-38.6738
5768.555147	76.965	-39.0767
5768.921358	76.964	-39.3423
5769.287569	76.981	-39.7271
5769.653780	76.981	-40.2056
5770.019991	76.971	-40.5869
5770.386202	76.970	-40.9297
5770.752413	76.972	-41.2964
5771.118624	76.977	-41.6494
5771.484835	76.988	-42.0635
5771.851045	76.984	-42.5254
5772.217256	76.971	-42.8574
5772.583467	76.983	-43.1323
5772.949678	77.002	-43.5659
5773.315889	77.000	-44.0488
5773.682100	76.994	-44.4214
5774.048311	76.998	-44.8105
5774.414522	76.990	-45.2314
5774.780733	76.980	-45.5259
5775.146944	76.993	-45.8008
5775.513155	77.008	-46.2256
5775.879366	77.004	-46.6650
5776.245577	76.999	-46.9878
5776.611788	77.010	-47.3135
5776.977999	77.023	-47.7524
5777.344210	77.018	-48.2305
5777.710421	77.003	-48.6045
5778.076632	77.000	-48.8862
5778.442843	77.011	-49.2354
5778.809054	77.012	-49.6538
5779.175265	77.005	-49.9922
5779.541476	77.014	-50.2861
5779.907687	77.031	-50.6787
5780.273898	77.038	-51.1460
5780.640109	77.034	-51.5889
5781.006320	77.027	-51.9810
5781.372531	77.022	-52.3359
5781.738742	77.022	-52.6753
5782.104953	77.028	-53.0181
5782.471164	77.037	-53.4028
5782.837375	77.040	-53.8394
5783.203585	77.032	-54.2207
5783.569796	77.036	-54.5342
5783.936007	77.050	-54.9424
5784.302218	77.047	-55.4106
5784.668429	77.037	-55.7671
5785.034640	77.041	-56.1064
5785.400851	77.043	-56.5151
5785.767062	77.038	-56.8555
5786.133273	77.050	-57.1851
5786.499484	77.059	-57.6475
5786.865695	77.048	-58.0674
5787.231906	77.048	-58.3599
5787.598117	77.065	-58.7539
5787.964328	77.064	-59.2466
5788.330539	77.050	-59.6167
5788.696750	77.052	-59.9204
5789.062961	77.060	-60.3071
5789.429172	77.059	-60.6929
5789.795383	77.064	-61.0361
5790.161594	77.074	-61.4512
5790.527805	77.069	-61.8848
5790.894016	77.064	-62.2085
5791.260227	77.076	-62.5430
5791.626438	77.085	-63.0039
5791.992649	77.075	-63.4351
5792.358860	77.068	-63.7578
5792.725071	77.070	-64.0908
5793.091282	77.072	-64.4258
5793.457493	77.083	-64.7339
5793.823704	77.104	-65.1572
5794.189914	77.106	-65.6875
5794.556125	77.087	-66.1069
5794.922336	77.080	-66.3970
5795.288547	77.088	-66.7227
5795.654758	77.095	-67.1113
5796.020969	77.100	-67.5088
5796.387180	77.102	-67.9277
5796.753391	77.095	-68.3276
5797.119602	77.092	-68.6519
5797.485813	77.102	-69.0034
5797.852024	77.105	-69.4395
5798.218235	77.096	-69.8105
5798.584446	77.100	-70.0967
5798.950657	77.118	-70.4805
5799.316868	77.120	-70.9546
5799.683079	77.109	-71.3345
5800.049290	77.110	-71.6274
5800.415501	77.125	-71.9868
5800.781712	77.133	-72.4307
5801.147923	77.129	-72.8521
5801.514134	77.127	-73.2104
5801.880345	77.132	-73.5806
5802.246556	77.135	-74.0000
5802.612767	77.129	-74.3901
5802.978978	77.129	-74.7231
5803.345189	77.140	-75.0981
5803.711400	77.144	-75.5513
5804.077611	77.136	-75.9756
5804.443822	77.130	-76.3237
5804.810033	77.134	-76.6802
5805.176244	77.137	-77.0874
5805.542454	77.135	-77.4927
5805.908665	77.132	-77.8740
5806.274876	77.128	-78.2446
5806.641087	77.126	-78.5884
5807.007298	77.130	-78.9072
5807.373509	77.142	-79.2705
5807.739720	77.148	-79.6968
5808.105931	77.146	-80.0908
5808.472142	77.150	-80.4312
5808.838353	77.162	-80.8232
5809.204564	77.165	-81.2612
5809.570775	77.164	-81.6587
5809.936986	77.165	-82.0449
5810.303197	77.164	-82.4336
5810.669408	77.165	-82.7832
5811.035619	77.172	-83.1582
5811.401830	77.174	-83.5796
5811.768041	77.169	-83.9487
5812.134252	77.173	-84.2954
5812.500463	77.176	-84.6909
5812.866674	77.173	-85.0615
5813.232885	77.178	-85.3955
5813.599096	77.187	-85.7900
5813.965307	77.188	-86.2192
5814.331518	77.185	-86.6035
5814.697729	77.186	-86.9849
5815.063940	77.183	-87.3936
5815.430151	77.175	-87.7383
5815.796362	77.181	-88.0352
5816.162573	77.196	-88.4448
5816.528784	77.193	-88.9175
5816.894994	77.182	-89.2544
5817.261205	77.193	-89.5684
5817.627416	77.205	-90.0396
5817.993627	77.193	-90.4912
5818.359838	77.185	-90.8110
5818.726049	77.191	-91.1646
5819.092260	77.190	-91.5439
5819.458471	77.194	-91.8535
5819.824682	77.214	-92.2480
5820.190893	77.216	-92.7622
5820.557104	77.200	-93.1484
5820.923315	77.204	-93.4141
5821.289526	77.226	-93.8228
5821.655737	77.224	-94.3359
5822.021948	77.209	-94.7056
5822.388159	77.213	-94.9927
5822.754370	77.225	-95.3892
5823.120581	77.224	-95.8130
5823.486792	77.223	-96.1592
5823.853003	77.233	-96.5415
5824.219214	77.233	-96.9927
5824.585425	77.220	-97.3623
5824.951636	77.220	-97.6387
5825.317847	77.234	-97.9863
5825.684058	77.238	-98.4219
5826.050269	77.231	-98.7847
5826.416480	77.239	-99.0845
5826.782691	77.257	-99.5117
5827.148902	77.251	-100.0107
5827.515113	77.235	-100.3511
5827.881323	77.243	-100.6270
5828.247534	77.258	-101.0620
5828.613745	77.249	-101.5254
5828.979956	77.240	-101.8442
5829.346167	77.250	-102.1636
5829.712378	77.260	-102.5903
5830.078589	77.260	-103.0181
5830.444800	77.260	-103.4155
5830.811011	77.260	-103.8232
5831.177222	77.258	-104.2148
5831.543433	77.259	-104.5981
5831.909644	77.258	-104.9927
5832.275855	77.254	-105.3403
5832.642066	77.261	-105.6621
5833.008277	77.274	-106.0557
5833.374488	77.279	-106.4873
5833.740699	77.280	-106.8882
5834.106910	77.281	-107.2832
5834.473121	77.278	-107.6602
5834.839332	77.280	-107.9893
5835.205543	77.292	-108.3516
5835.571754	77.297	-108.7788
5835.937965	77.294	-109.1650
5836.304176	77.297	-109.4966
5836.670387	77.307	-109.8857
5837.036598	77.307	-110.3169
5837.402809	77.300	-110.6616
5837.769020	77.309	-110.9678
5838.135231	77.324	-111.3887
5838.501442	77.321	-111.8584
5838.867653	77.311	-112.2285
5839.233863	77.312	-112.5552
5839.600074	77.318	-112.9263
5839.966285	77.321	-113.3140
5840.332496	77.324	-113.7134
5840.698707	77.323	-114.1162
5841.064918	77.321	-114.4883
5841.431129	77.324	-114.8638
5841.797340	77.323	-115.2505
5842.163551	77.324	-115.6074
5842.529762	77.331	-115.9858
5842.895973	77.333	-116.4072
5843.262184	77.329	-116.7886
5843.628395	77.331	-117.1401
5843.994606	77.335	-117.5073
5844.360817	77.341	-117.8789
5844.727028	77.349	-118.2935
5845.093239	77.347	-118.7163
5845.459450	77.346	-119.0527
5845.825661	77.361	-119.4341
5846.191872	77.364	-119.9404
5846.558083	77.347	-120.3350
5846.924294	77.350	-120.6206
5847.290505	77.363	-121.0557
5847.656716	77.350	-121.5049
5848.022927	77.343	-121.7793
5848.389138	77.361	-122.1289
5848.755349	77.363	-122.6206
5849.121560	77.348	-122.9810
5849.487771	77.354	-123.2646
5849.853982	77.367	-123.6694
5850.220192	77.366	-124.0806
5850.586403	77.371	-124.4390
5850.952614	77.379	-124.8647
5851.318825	77.375	-125.2983
5851.685036	77.371	-125.6533
5852.051247	77.376	-126.0142
5852.417458	77.380	-126.4028
5852.783669	77.383	-126.7715
5853.149880	77.392	-127.1646
5853.516091	77.396	-127.6030
5853.882302	77.391	-128.0039
5854.248513	77.391	-128.3496
5854.614724	77.398	-128.7236
5854.980935	77.399	-129.1396
5855.347146	77.393	-129.4980
5855.713357	77.398	-129.7856
5856.079568	77.419	-130.1406
5856.445779	77.434	-130.6289
5856.811990	77.427	-131.1206
5857.178201	77.413	-131.4849
5857.544412	77.414	-131.7847
5857.910623	77.425	-132.1587
5858.276834	77.428	-132.5903
5858.643045	77.423	-132.9805
5859.009256	77.422	-133.3486
5859.375467	77.419	-133.7202
5859.741678	77.417	-134.0264
5860.107889	77.432	-134.3354
5860.474100	77.450	-134.7959
5860.840311	77.444	-135.2944
5861.206522	77.431	-135.6450
5861.572732	77.436	-135.9521
5861.938943	77.445	-136.3501
5862.305154	77.446	-136.7505
5862.671365	77.453	-137.1270
5863.037576	77.460	-137.5850
5863.403787	77.449	-138.0479
5863.769998	77.433	-138.3467
5864.136209	77.444	-138.5811
5864.502420	77.472	-138.9858
5864.868631	77.478	-139.5254
5865.234842	77.462	-139.9526
5865.601053	77.459	-140.2505
5865.967264	77.472	-140.6255
5866.333475	77.471	-141.0747
5866.699686	77.461	-141.4209
5867.065897	77.466	-141.7046
5867.432108	77.481	-142.0581
5867.798319	77.494	-142.4565
5868.164530	77.506	-142.9077
5868.530741	77.503	-143.4058
5868.896952	77.488	-143.7959
5869.263163	77.486	-144.0996
5869.629374	77.492	-144.4858
5869.995585	77.485	-144.8638
5870.361796	77.485	-145.1440
5870.728007	77.502	-145.4888
5871.094218	77.510	-145.9302
5871.460429	77.508	-146.3403
5871.826640	77.508	-146.7134
5872.192851	77.512	-147.0850
5872.559061	77.519	-147.4824
5872.925272	77.520	-147.9268
5873.291483	77.511	-148.3115
5873.657694	77.515	-148.6240
5874.023905	77.531	-149.0449
5874.390116	77.528	-149.5415
5874.756327	77.514	-149.9102
5875.122538	77.518	-150.2202
5875.488749	77.528	-150.6357
5875.854960	77.524	-151.0728
5876.221171	77.517	-151.4082
5876.587382	77.526	-151.7188
5876.953593	77.542	-152.1304
5877.319804	77.546	-152.6025
5877.686015	77.540	-153.0229
5878.052226	77.538	-153.4014
5878.418437	77.536	-153.7817
5878.784648	77.532	-154.1240
5879.150859	77.537	-154.4360
5879.517070	77.550	-154.7896
5879.883281	77.562	-155.2046
5880.249492	77.566	-155.6543
5880.615703	77.557	-156.0571
5880.981914	77.554	-156.3481
5881.348125	77.572	-156.6519
5881.714336	77.593	-157.1133
5882.080547	77.591	-157.6313
5882.446758	77.575	-158.0225
5882.812969	77.573	-158.3052
5883.179180	77.589	-158.6470
5883.545391	77.599	-159.1016
5883.911601	77.596	-159.5376
5884.277812	77.596	-159.9194
5884.644023	77.598	-160.3525
5885.010234	77.585	-160.7690
5885.376445	77.575	-161.0552
5885.742656	77.585	-161.3457
5886.108867	77.595	-161.7217
5886.475078	77.604	-162.0923
5886.841289	77.618	-162.5161
5887.207500	77.617	-163.0088
5887.573711	77.603	-163.3784
5887.939922	77.611	-163.6792
5888.306133	77.625	-164.1304
5888.672344	77.614	-164.5879
5889.038555	77.606	-164.8848
5889.404766	77.621	-165.2183
5889.770977	77.628	-165.6646
5890.137188	77.624	-166.0508
5890.503399	77.632	-166.4136
5890.869610	77.637	-166.8462
5891.235821	77.634	-167.2344
5891.602032	77.643	-167.6025
5891.968243	77.650	-168.0713
5892.334454	77.639	-168.5073
5892.700665	77.635	-168.8345
5893.066876	77.642	-169.2114
5893.433087	77.638	-169.6089
5893.799298	77.639	-169.9136
5894.165509	77.658	-170.2764
5894.531720	77.666	-170.7588
5894.897931	77.658	-171.1743
5895.264141	77.659	-171.5127
5895.630352	77.667	-171.8999
5895.996563	77.669	-172.3081
5896.362774	77.671	-172.6987
5896.728985	77.670	-173.0859
5897.095196	77.669	-173.4253
5897.461407	77.680	-173.7622
5897.827618	77.691	-174.1875
5898.193829	77.690	-174.6099
5898.560040	77.691	-174.9722
5898.926251	77.697	-175.3809
5899.292462	77.690	-175.7832
5899.658673	77.688	-176.0684
5900.024884	77.708	-176.3984
5900.391095	77.724	-176.8940
5900.757306	77.715	-177.3843
5901.123517	77.704	-177.7607
5901.489728	77.703	-178.1064
5901.855939	77.705	-178.4834
5902.222150	77.705	-178.8926
5902.588361	77.697	-179.2720
5902.954572	77.694	-179.5728
5903.320783	77.707	-179.9062
5903.686994	77.717	179.6499
5904.053205	77.711	179.2271
5904.419416	77.711	178.8794
5904.785627	77.718	178.4941
5905.151838	77.718	178.0820
5905.518049	77.717	177.7334
5905.884260	77.728	177.3843
5906.250470	77.742	176.9395
5906.616681	77.742	176.4634
5906.982892	77.735	176.0508
5907.349103	77.731	175.6865
5907.715314	77.731	175.3374
5908.081525	77.737	174.9956
5908.447736	77.749	174.6201
5908.813947	77.758	174.1909
5909.180158	77.759	173.7749
5909.546369	77.763	173.3843
5909.912580	77.768	172.9561
5910.278791	77.764	172.5342
5910.645002	77.762	172.1860
5911.011213	77.771	171.8149
5911.377424	77.773	171.3765
5911.743635	77.766	171.0010
5912.109846	77.771	170.6733
5912.476057	77.779	170.2603
5912.842268	77.775	169.8462
5913.208479	77.774	169.5254
5913.574690	77.786	169.1553
5913.940901	77.790	168.7056
5914.307112	77.785	168.3096
5914.673323	77.786	167.9355
5915.039534	77.782	167.5454
5915.405745	77.779	167.2358
5915.771956	77.794	166.9180
5916.138167	77.807	166.4575
5916.504378	77.800	166.0161
5916.870589	77.797	165.6978
5917.236800	77.812	165.3281
5917.603010	77.818	164.8599
5917.969221	77.811	164.4307
5918.335432	77.805	164.0723
5918.701643	77.807	163.7354
5919.067854	77.815	163.3770
5919.434065	77.823	162.9751
5919.800276	77.826	162.5723
5920.166487	77.832	162.1748
5920.532698	77.836	161.7383
5920.898909	77.831	161.3193
5921.265120	77.829	160.9629
5921.631331	77.834	160.5825
5921.997542	77.832	160.1675
5922.363753	77.824	159.8320
5922.729964	77.832	159.5547
5923.096175	77.853	159.1680
5923.462386	77.858	158.6768
5923.828597	77.847	158.2827
5924.194808	77.851	157.9810
5924.561019	77.865	157.5752
5924.927230	77.863	157.1294
5925.293441	77.859	156.7944
5925.659652	77.871	156.4243
5926.025863	77.872	155.9639
5926.392074	77.861	155.6084
5926.758285	77.868	155.3184
5927.124496	77.884	154.9131
5927.490707	77.887	154.4468
5927.856918	77.879	154.0317
5928.223129	77.873	153.6870
5928.589339	77.878	153.3828
5928.955550	77.897	152.9888
5929.321761	77.901	152.4814
5929.687972	77.887	152.0610
5930.054183	77.885	151.7578
5930.420394	77.899	151.3735
5930.786605	77.901	150.8950
5931.152816	77.891	150.4785
5931.519027	77.886	150.1338
5931.885238	77.889	149.7710
5932.251449	77.889	149.3857
5932.617660	77.888	149.0308
5932.983871	77.894	148.6855
5933.350082	77.902	148.2935
5933.716293	77.902	147.8921
5934.082504	77.902	147.5513
5934.448715	77.913	147.2153
5934.814926	77.925	146.8115
5935.181137	77.932	146.3926
5935.547348	77.938	145.9883
5935.913559	77.943	145.5605
5936.279770	77.943	145.1470
5936.645981	77.947	144.7617
5937.012192	77.953	144.3188
5937.378403	77.946	143.8594
5937.744614	77.933	143.5112
5938.110825	77.935	143.2178
5938.477036	77.948	142.8501
5938.843247	77.954	142.4199
5939.209458	77.952	142.0068
5939.575669	77.950	141.6362
5939.941879	77.954	141.2681
5940.308090	77.958	140.8740
5940.674301	77.958	140.4912
5941.040512	77.963	140.1235
5941.406723	77.969	139.7363
5941.772934	77.975	139.3447
5942.139145	77.984	138.9170
5942.505356	77.982	138.4302
5942.871567	77.963	138.0522
5943.237778	77.963	137.8262
5943.603989	77.989	137.4746
5943.970200	77.996	136.9575
5944.336411	77.983	136.5640
5944.702622	77.988	136.2725
5945.068833	78.003	135.8608
5945.435044	78.002	135.4233
5945.801255	78.003	135.0645
5946.167466	78.012	134.6401
5946.533677	78.003	134.1772
5946.899888	77.989	133.8579
5947.266099	77.995	133.5908
5947.632310	78.009	133.2134
5947.998521	78.013	132.7949
5948.364732	78.014	132.4067
5948.730943	78.016	132.0283
5949.097154	78.021	131.6636
5949.463365	78.031	131.2422
5949.829576	78.027	130.7549
5950.195787	78.008	130.4131
5950.561998	78.018	130.1816
5950.928209	78.046	129.7368
5951.294419	78.040	129.1851
5951.660630	78.022	128.8501
5952.026841	78.035	128.5474
5952.393052	78.046	128.0728
5952.759263	78.036	127.6479
5953.125474	78.037	127.3164
5953.491685	78.045	126.9062
5953.857896	78.042	126.5054
5954.224107	78.046	126.1675
5954.590318	78.057	125.7622
5954.956529	78.058	125.3320
5955.322740	78.058	124.9551
5955.688951	78.063	124.5674
5956.055162	78.064	124.1909
5956.421373	78.073	123.8359
5956.787584	78.085	123.4028
5957.153795	78.082	122.9434
5957.520006	78.075	122.5762
5957.886217	78.077	122.2505
5958.252428	78.086	121.9058
5958.618639	78.099	121.5259
5958.984850	78.110	121.0737
5959.351061	78.108	120.6162
5959.717272	78.104	120.2290
5960.083483	78.107	119.8325
5960.449694	78.102	119.4058
5960.815905	78.090	119.0645
5961.182116	78.092	118.8047
5961.548327	78.113	118.4727
5961.914538	78.131	117.9897
5962.280748	78.125	117.4775
5962.646959	78.108	117.1016
5963.013170	78.109	116.8086
5963.379381	78.122	116.4277
5963.745592	78.125	115.9727
5964.111803	78.118	115.5635
5964.478014	78.114	115.2051
5964.844225	78.116	114.8584
5965.210436	78.124	114.4912
5965.576647	78.132	114.0669
5965.942858	78.130	113.6367
5966.309069	78.127	113.2646
5966.675280	78.132	112.9014
5967.041491	78.138	112.5073
5967.407702	78.142	112.1177
5967.773913	78.150	111.7168
5968.140124	78.155	111.2695
5968.506335	78.150	110.8350
5968.872546	78.144	110.4878
5969.238757	78.153	110.1665
5969.604968	78.168	109.7368
5969.971179	78.166	109.2495
5970.337390	78.153	108.8911
5970.703601	78.160	108.5967
5971.069812	78.174	108.1646
5971.436023	78.165	107.7197
5971.802234	78.159	107.4312
5972.168445	78.178	107.0928
5972.534656	78.184	106.6055
5972.900867	78.171	106.2158
5973.267078	78.176	105.9229
5973.633288	78.190	105.5083
5973.999499	78.186	105.0547
5974.365710	78.180	104.7061
5974.731921	78.185	104.3730
5975.098132	78.194	103.9941
5975.464343	78.202	103.5874
5975.830554	78.206	103.1655
5976.196765	78.208	102.7808
5976.562976	78.220	102.3848
5976.929187	78.227	101.8828
5977.295398	78.213	101.4170
5977.661609	78.203	101.1060
5978.027820	78.215	100.7764
5978.394031	78.223	100.3369
5978.760242	78.219	99.9282
5979.126453	78.221	99.5825
5979.492664	78.230	99.1924
5979.858875	78.232	98.7612
5980.225086	78.227	98.3843
5980.591297	78.230	98.0513
5980.957508	78.238	97.6802
5981.323719	78.241	97.2983
5981.689930	78.250	96.9497
5982.056141	78.267	96.5244
5982.422352	78.269	96.0015
5982.788563	78.253	95.5605
5983.154774	78.243	95.2334
5983.520985	78.243	94.9111
5983.887196	78.249	94.5957
5984.253407	78.268	94.2314
5984.619617	78.283	93.7144
5984.985828	78.271	93.2056
5985.352039	78.258	92.8555
5985.718250	78.263	92.5127
5986.084461	78.267	92.0928
5986.450672	78.265	91.7070
5986.816883	78.269	91.3525
5987.183094	78.278	90.9629
5987.549305	78.286	90.5566
5987.915516	78.294	90.1299
5988.281727	78.295	89.6807
5988.647938	78.292	89.2861
5989.014149	78.297	88.9272
5989.380360	78.307	88.4912
5989.746571	78.301	88.0376
5990.112782	78.292	87.6963
5990.478993	78.299	87.3716
5990.845204	78.303	86.9653
5991.211415	78.297	86.6172
5991.577626	78.306	86.3384
5991.943837	78.325	85.9341
5992.310048	78.325	85.4746
5992.676259	78.321	85.1313
5993.042470	78.333	84.7744
5993.408681	78.337	84.3462
5993.774892	78.338	83.9771
5994.141103	78.352	83.5747
5994.507314	78.353	83.0718
5994.873525	78.338	82.6626
5995.239736	78.337	82.3408
5995.605947	78.342	81.9541
5995.972157	78.341	81.5806
5996.338368	78.350	81.2407
5996.704579	78.365	80.7949
5997.070790	78.362	80.3076
5997.437001	78.351	79.9263
5997.803212	78.353	79.5986
5998.169423	78.364	79.2271
5998.535634	78.374	78.8047
5998.901845	78.379	78.3511
5999.268056	78.375	77.8989
5999.634267	78.367	77.5024
6000.000478	78.365	77.1670
6000.366689	78.374	76.7915
6000.732900	78.376	76.3345
6001.099111	78.364	75.9224
6001.465322	78.357	75.6045
6001.831533	78.360	75.2900
6002.197744	78.369	74.9429
6002.563955	78.378	74.5415
6002.930166	78.376	74.1118
6003.296377	78.369	73.7988
6003.662588	78.388	73.5073
6004.028799	78.410	73.0176
6004.395010	78.403	72.5190
6004.761221	78.399	72.1787
6005.127432	78.413	71.7642
6005.493643	78.410	71.2734
6005.859854	78.401	70.9033
6006.226065	78.406	70.5376
6006.592276	78.405	70.1294
6006.958486	78.407	69.7900
6007.324697	78.421	69.3901
6007.690908	78.419	68.9141
6008.057119	78.410	68.5732
6008.423330	78.423	68.2598
6008.789541	78.437	67.7969
6009.155752	78.431	67.3438
6009.521963	78.428	66.9858
6009.888174	78.432	66.6084
6010.254385	78.431	66.2236
6010.620596	78.434	65.8804
6010.986807	78.445	65.4971
6011.353018	78.448	65.0527
6011.719229	78.441	64.6782
6012.085440	78.448	64.3848
6012.451651	78.471	63.9712
6012.817862	78.474	63.4209
6013.184073	78.454	63.0039
6013.550284	78.454	62.7334
6013.916495	78.473	62.3423
6014.282706	78.475	61.8486
6014.648917	78.465	61.4546
6015.015128	78.469	61.1030
6015.381339	78.475	60.6851
6015.747550	78.472	60.2739
6016.113761	78.471	59.9111
6016.479972	78.476	59.5425
6016.846183	78.482	59.1597
6017.212394	78.490	58.7559
6017.578605	78.493	58.3223
6017.944816	78.489	57.9355
6018.311026	78.494	57.6069
6018.677237	78.509	57.2056
6019.043448	78.513	56.7373
6019.409659	78.509	56.3438
6019.775870	78.516	55.9731
6020.142081	78.520	55.5259
6020.508292	78.512	55.1187
6020.874503	78.512	54.7954
6021.240714	78.523	54.4165
6021.606925	78.526	53.9873
6021.973136	78.525	53.6060
6022.339347	78.530	53.2261
6022.705558	78.532	52.8213
6023.071769	78.534	52.4434
6023.437980	78.541	52.0547
6023.804191	78.545	51.6196
6024.170402	78.542	51.2129
6024.536613	78.546	50.8315
6024.902824	78.551	50.3833
6025.269035	78.540	49.9312
6025.635246	78.527	49.6147
6026.001457	78.537	49.3330
6026.367668	78.554	48.9023
6026.733879	78.551	48.4209
6027.100090	78.540	48.0669
6027.466301	78.548	47.7583
6027.832512	78.563	47.3521
6028.198723	78.569	46.8848
6028.564934	78.565	46.4443
6028.931145	78.562	46.0537
6029.297356	78.563	45.6831
6029.663566	78.567	45.2910
6030.029777	78.568	44.9019
6030.395988	78.574	44.5371
6030.762199	78.586	44.1152
6031.128410	78.586	43.6230
6031.494621	78.570	43.2319
6031.860832	78.572	42.9702
6032.227043	78.596	42.5957
6032.593254	78.604	42.0547
6032.959465	78.585	41.6187
6033.325676	78.581	41.3394
6033.691887	78.596	40.9873
6034.058098	78.602	40.5552
6034.424309	78.603	40.1787
6034.790520	78.615	39.7822
6035.156731	78.619	39.3149
6035.522942	78.613	38.8979
6035.889153	78.614	38.5312
6036.255364	78.619	38.1172
6036.621575	78.617	37.6968
6036.987786	78.615	37.3296
6037.353997	78.620	36.9492
6037.720208	78.621	36.5308
6038.086419	78.617	36.1631
6038.452630	78.625	35.8296
6038.818841	78.639	35.4058
6039.185052	78.640	34.9390
6039.551263	78.636	34.5493
6039.917474	78.642	34.1528
6040.283685	78.641	33.6934
6040.649895	78.627	33.3203
6041.016106	78.628	33.0420
6041.382317	78.644	32.6948
6041.748528	78.656	32.2642
6042.114739	78.661	31.8340
6042.480950	78.664	31.4019
6042.847161	78.662	30.9663
6043.213372	78.655	30.5796
6043.579583	78.654	30.2534
6043.945794	78.665	29.9087
6044.312005	78.678	29.4644
6044.678216	78.675	28.9878
6045.044427	78.663	28.6226
6045.410638	78.669	28.3325
6045.776849	78.688	27.9414
6046.143060	78.696	27.4390
6046.509271	78.687	26.9741
6046.875482	78.677	26.6021
6047.241693	78.675	26.2837
6047.607904	78.686	25.9575
6047.974115	78.702	25.5391
6048.340326	78.706	25.0713
6048.706537	78.705	24.6694
6049.072748	78.714	24.2520
6049.438959	78.713	23.7681
6049.805170	78.701	23.3779
6050.171381	78.705	23.0454
6050.537592	78.712	22.6133
6050.903803	78.706	22.2061
6051.270014	78.709	21.8755
6051.636225	78.720	21.4653
6052.002435	78.719	21.0449
6052.368646	78.724	20.6826
6052.734857	78.733	20.2349
6053.101068	78.724	19.7939
6053.467279	78.720	19.5044
6053.833490	78.742	19.1450
6054.199701	78.752	18.6074
6054.565912	78.733	18.1431
6054.932123	78.721	17.8462
6055.298334	78.730	17.5454
6055.664545	78.740	17.1621
6056.030756	78.746	16.7686
6056.396967	78.754	16.3779
6056.763178	78.760	15.9258
6057.129389	78.752	15.5034
6057.495600	78.752	15.2075
6057.861811	78.776	14.8276
6058.228022	78.784	14.2627
6058.594233	78.763	13.8101
6058.960444	78.759	13.5195
6059.326655	78.772	13.1265
6059.692866	78.771	12.6772
6060.059077	78.770	12.3159
6060.425288	78.780	11.8994
6060.791499	78.776	11.4185
6061.157710	78.763	11.0635
6061.523921	78.770	10.7700
6061.890132	78.787	10.3623
6062.256343	78.791	9.8940
6062.622554	78.787	9.4766
6062.988764	78.786	9.1079
6063.354975	78.791	8.7461
6063.721186	78.801	8.3540
6064.087397	78.808	7.9272
6064.453608	78.810	7.5103
6064.819819	78.815	7.1099
6065.186030	78.821	6.6772
6065.552241	78.819	6.2251
6065.918452	78.810	5.8315
6066.284663	78.808	5.4980
6066.650874	78.813	5.1475
6067.017085	78.817	4.7710
6067.383296	78.822	4.4116
6067.749507	78.832	4.0283
6068.115718	78.837	3.5918
6068.481929	78.834	3.1831
6068.848140	78.835	2.8242
6069.214351	78.843	2.4346
6069.580562	78.845	2.0049
6069.946773	78.841	1.5933
6070.312984	78.837	1.2324
6070.679195	78.842	0.9121
6071.045406	78.860	0.5156
6071.411617	78.867	-0.0186
6071.777828	78.847	-0.4731
6072.144039	78.839	-0.7349
6072.510250	78.861	-1.0815
6072.876461	78.870	-1.6133
6073.242672	78.854	-2.0498
6073.608883	78.853	-2.3589
6073.975094	78.864	-2.7524
6074.341304	78.864	-3.1675
6074.707515	78.870	-3.5186
6075.073726	78.886	-3.9536
6075.439937	78.885	-4.4424
6075.806148	78.879	-4.8149
6076.172359	78.891	-5.1792
6076.538570	78.901	-5.6655
6076.904781	78.894	-6.1401
6077.270992	78.885	-6.5166
6077.637203	78.884	-6.8657
6078.003414	78.888	-7.2314
6078.369625	78.893	-7.6245
6078.735836	78.892	-8.0127
6079.102047	78.894	-8.3413
6079.468258	78.909	-8.6997
6079.834469	78.920	-9.1621
6080.200680	78.916	-9.5854
6080.566891	78.921	-9.9424
6080.933102	78.931	-10.3965
6081.299313	78.921	-10.8584
6081.665524	78.913	-11.1592
6082.031735	78.931	-11.4966
6082.397946	78.941	-11.9888
6082.764157	78.934	-12.4082
6083.130368	78.941	-12.7783
6083.496579	78.946	-13.2856
6083.862790	78.925	-13.7129
6084.229001	78.923	-13.9551
6084.595212	78.948	-14.3555
6084.961423	78.945	-14.8989
6085.327634	78.927	-15.2397
6085.693844	78.942	-15.5503
6086.060055	78.950	-16.0728
6086.426266	78.925	-16.4829
6086.792477	78.925	-16.6768
6087.158688	78.955	-17.0537
6087.524899	78.956	-17.5952
6087.891110	78.939	-17.9131
6088.257321	78.961	-18.1484
6088.623532	78.995	-18.6631
6088.989743	78.989	-19.2754
6089.355954	78.968	-19.6709
6089.722165	78.970	-19.9800
6090.088376	78.981	-20.3931
6090.454587	78.982	-20.8462
6090.820798	78.978	-21.2705
6091.187009	78.972	-21.6636
6091.553220	78.970	-22.0034
6091.919431	78.981	-22.3672
6092.285642	78.988	-22.8257
6092.651853	78.981	-23.2666
6093.018064	78.975	-23.6157
6093.384275	78.981	-23.9609
6093.750486	78.990	-24.3457
6094.116697	78.999	-24.7715
6094.482908	78.999	-25.2407
6094.849119	78.987	-25.6382
6095.215330	78.986	-25.9102
6095.581541	79.008	-26.2500
6095.947752	79.024	-26.7607
6096.313963	79.016	-27.2524
6096.680173	79.008	-27.6152
6097.046384	79.015	-27.9800
6097.412595	79.019	-28.4287
6097.778806	79.010	-28.8652
6098.145017	78.999	-29.1938
6098.511228	79.006	-29.4751
6098.877439	79.027	-29.8633
6099.243650	79.034	-30.3721
6099.609861	79.022	-30.8286
6099.976072	79.013	-31.1553
6100.342283	79.022	-31.4829
6100.708494	79.035	-31.9233
6101.074705	79.030	-32.4004
6101.440916	79.017	-32.7573
6101.807127	79.025	-33.0229
6102.173338	79.054	-33.4316
6102.539549	79.063	-34.0200
6102.905760	79.045	-34.5249
6103.271971	79.032	-34.8726
6103.638182	79.033	-35.2207
6104.004393	79.036	-35.5889
6104.370604	79.045	-35.9634
6104.736815	79.055	-36.4194
6105.103026	79.051	-36.8818
6105.469237	79.046	-37.2476
6105.835448	79.053	-37.6206
6106.201659	79.057	-38.0615
6106.567870	79.052	-38.4507
6106.934081	79.058	-38.7852
6107.300292	79.073	-39.2144
6107.666503	79.071	-39.7144
6108.032713	79.057	-40.0972
6108.398924	79.059	-40.3862
6108.765135	79.075	-40.7803
6109.131346	79.076	-41.2510
6109.497557	79.068	-41.6343
6109.863768	79.071	-41.9663
6110.229979	79.080	-42.3467
6110.596190	79.087	-42.7656
6110.962401	79.090	-43.1938
6111.328612	79.090	-43.6021
6111.694823	79.094	-44.0029
6112.061034	79.097	-44.4487
6112.427245	79.091	-44.8760
6112.793456	79.089	-45.2510
6113.159667	79.091	-45.6768
6113.525878	79.080	-46.0830
6113.892089	79.075	-46.3467
6114.258300	79.099	-46.6606
6114.624511	79.118	-47.1577
6114.990722	79.114	-47.6475
6115.356933	79.111	-48.0493
6115.723144	79.111	-48.4468
6116.089355	79.111	-48.8315
6116.455566	79.115	-49.2051
6116.821777	79.119	-49.5913
6117.187988	79.125	-49.9536
6117.554199	79.141	-50.3398
6117.920410	79.154	-50.8281
6118.286621	79.150	-51.3237
6118.652832	79.140	-51.7139
6119.019042	79.142	-52.0659
6119.385253	79.148	-52.4888
6119.751464	79.141	-52.9204
6120.117675	79.134	-53.2383
6120.483886	79.147	-53.5444
6120.850097	79.164	-53.9956
6121.216308	79.162	-54.4883
6121.582519	79.154	-54.9004
6121.948730	79.148	-55.2822
6122.314941	79.144	-55.6279
6122.681152	79.151	-55.9551
6123.047363	79.164	-56.3740
6123.413574	79.165	-56.8291
6123.779785	79.164	-57.2466
6124.145996	79.163	-57.6821
6124.512207	79.154	-58.0688
6124.878418	79.159	-58.4048
6125.244629	79.170	-58.8687
6125.610840	79.155	-59.3350
6125.977051	79.145	-59.6035
6126.343262	79.166	-59.9126
6126.709473	79.181	-60.4116
6127.075684	79.174	-60.8647
6127.441895	79.175	-61.2139
6127.808106	79.187	-61.6177
6128.174317	79.193	-62.0840
6128.540528	79.189	-62.5229
6128.906739	79.188	-62.9004
6129.272950	79.196	-63.2866
6129.639161	79.201	-63.7310
6130.005372	79.201	-64.1504
6130.371582	79.208	-64.5635
6130.737793	79.209	-65.0615
6131.104004	79.191	-65.4961
6131.470215	79.184	-65.7827
6131.836426	79.196	-66.1255
6132.202637	79.200	-66.5601
6132.568848	79.196	-66.9380
6132.935059	79.199	-67.2798
6133.301270	79.208	-67.6445
6133.667481	79.221	-68.0454
6134.033692	79.229	-68.5029
6134.399903	79.228	-68.9492
6134.766114	79.228	-69.3652
6135.132325	79.225	-69.8052
6135.498536	79.215	-70.1816
6135.864747	79.219	-70.4858
6136.230958	79.235	-70.8965
6136.597169	79.235	-71.3789
6136.963380	79.227	-71.7666
6137.329591	79.231	-72.1343
6137.695802	79.235	-72.5620
6138.062013	79.230	-72.9604
6138.428224	79.232	-73.3179
6138.794435	79.240	-73.7109
6139.160646	79.244	-74.1343
6139.526857	79.246	-74.5454
6139.893068	79.252	-74.9604
6140.259279	79.255	-75.4082
6140.625490	79.251	-75.8442
6140.991701	79.249	-76.2275
6141.357911	79.255	-76.6426
6141.724122	79.251	-77.1113
6142.090333	79.236	-77.4863
6142.456544	79.237	-77.7720
6142.822755	79.252	-78.1372
6143.188966	79.259	-78.5654
6143.555177	79.265	-78.9741
6143.921388	79.272	-79.4229
6144.287599	79.268	-79.8682
6144.653810	79.267	-80.2285
6145.020021	79.279	-80.6421
6145.386232	79.277	-81.1372
6145.752443	79.263	-81.5190
6146.118654	79.266	-81.8223
6146.484865	79.280	-82.2300
6146.851076	79.280	-82.6689
6147.217287	79.281	-83.0337
6147.583498	79.294	-83.4316
6147.949709	79.300	-83.9209
6148.315920	79.291	-84.3813
6148.682131	79.281	-84.7378
6149.048342	79.285	-85.0640
6149.414553	79.296	-85.4453
6149.780764	79.303	-85.8760
6150.146975	79.305	-86.3052
6150.513186	79.306	-86.7104
6150.879397	79.309	-87.1055
6151.245608	79.315	-87.5264
6151.611819	79.314	-87.9683
6151.978030	79.307	-88.3682
6152.344241	79.304	-88.7002
6152.710451	79.314	-89.0269
6153.076662	79.331	-89.4292
6153.442873	79.339	-89.8970
6153.809084	79.339	-90.3447
6154.175295	79.339	-90.7539
6154.541506	79.342	-91.1680
6154.907717	79.345	-91.5850
6155.273928	79.349	-92.0269
6155.640139	79.343	-92.5039
6156.006350	79.326	-92.8833
6156.372561	79.325	-93.1494
6156.738772	79.343	-93.5122
6157.104983	79.349	-93.9814
6157.471194	79.345	-94.3662
6157.837405	79.356	-94.7344
6158.203616	79.365	-95.2227
6158.569827	79.354	-95.6685
6158.936038	79.353	-95.9883
6159.302249	79.371	-96.3975
6159.668460	79.372	-96.9238
6160.034671	79.355	-97.3281
6160.400882	79.355	-97.6167
6160.767093	79.372	-97.9985
6161.133304	79.381	-98.4780
6161.499515	79.377	-98.9385
6161.865726	79.370	-99.3472
6162.231937	79.367	-99.7026
6162.598148	79.373	-100.0620
6162.964359	79.377	-100.4751
6163.330570	79.376	-100.8525
6163.696781	79.386	-101.2051
6164.062991	79.399	-101.6650
6164.429202	79.392	-102.1250
6164.795413	79.391	-102.4707
6165.161624	79.403	-102.8989
6165.527835	79.393	-103.4111
6165.894046	79.370	-103.7119
6166.260257	79.385	-103.9170
6166.626468	79.414	-104.3672
6166.992679	79.410	-104.8936
6167.358890	79.401	-105.2422
6167.725101	79.414	-105.6089
6168.091312	79.418	-106.0918
6168.457523	79.409	-106.5020
6168.823734	79.411	-106.8452
6169.189945	79.420	-107.2314
6169.556156	79.429	-107.6489
6169.922367	79.437	-108.1216
6170.288578	79.430	-108.6069
6170.654789	79.418	-108.9780
6171.021000	79.422	-109.3076
6171.387211	79.431	-109.7158
6171.753422	79.433	-110.1406
6172.119633	79.435	-110.5381
6172.485844	79.439	-110.9443
6172.852055	79.441	-111.3652
6173.218266	79.439	-111.7710
6173.584477	79.440	-112.1265
6173.950688	79.453	-112.5059
6174.316899	79.462	-112.9990
6174.683110	79.450	-113.4585
6175.049320	79.444	-113.7876
6175.415531	79.454	-114.1670
6175.781742	79.453	-114.6094
6176.147953	79.448	-114.9575
6176.514164	79.461	-115.3164
6176.880375	79.469	-115.7930
6177.246586	79.462	-116.2251
6177.612797	79.463	-116.5742
6177.979008	79.474	-116.9980
6178.345219	79.473	-117.4795
6178.711430	79.463	-117.8745
6179.077641	79.466	-118.2266
6179.443852	79.472	-118.6499
6179.810063	79.469	-119.0693
6180.176274	79.470	-119.4170
6180.542485	79.485	-119.8257
6180.908696	79.488	-120.3291
6181.274907	79.476	-120.7554
6181.641118	79.475	-121.0981
6182.007329	79.483	-121.4956
6182.373540	79.485	-121.9180
6182.739751	79.489	-122.3257
6183.105962	79.492	-122.7905
6183.472173	79.480	-123.2280
6183.838384	79.473	-123.5410
6184.204595	79.485	-123.8999
6184.570806	79.485	-124.3481
6184.937017	79.478	-124.6768
6185.303228	79.497	-124.9893
6185.669439	79.515	-125.5068
6186.035650	79.501	-125.9937
6186.401860	79.497	-126.2925
6186.768071	79.517	-126.7026
6187.134282	79.513	-127.2310
6187.500493	79.496	-127.5688
6187.866704	79.511	-127.8486
6188.232915	79.531	-128.3423
6188.599126	79.520	-128.8481
6188.965337	79.510	-129.1523
6189.331548	79.530	-129.4756
6189.697759	79.548	-130.0039
6190.063970	79.536	-130.5347
6190.430181	79.519	-130.8857
6190.796392	79.524	-131.2036
6191.162603	79.533	-131.6270
6191.528814	79.528	-132.0469
6191.895025	79.525	-132.3804
6192.261236	79.536	-132.7212
6192.627447	79.551	-133.1523
6192.993658	79.553	-133.6313
6193.359869	79.546	-134.0615
6193.726080	79.543	-134.4189
6194.092291	79.550	-134.7881
6194.458502	79.557	-135.2168
6194.824713	79.558	-135.6543
6195.190924	79.557	-136.0757
6195.557135	79.555	-136.4902
6195.923346	79.552	-136.8789
6196.289557	79.554	-137.2524
6196.655768	79.560	-137.6523
6197.021979	79.564	-138.0786
6197.388189	79.564	-138.5103
6197.754400	79.561	-138.9209
6198.120611	79.562	-139.2935
6198.486822	79.570	-139.6978
6198.853033	79.571	-140.1772
6199.219244	79.557	-140.5776
6199.585455	79.558	-140.8477
6199.951666	79.582	-141.2397
6200.317877	79.585	-141.7959
6200.684088	79.565	-142.1943
6201.050299	79.571	-142.4585
6201.416510	79.593	-142.9146
6201.782721	79.584	-143.4395
6202.148932	79.571	-143.7554
6202.515143	79.591	-144.0850
6202.881354	79.604	-144.6416
6203.247565	79.581	-145.1460
6203.613776	79.565	-145.4160
6203.979987	79.581	-145.7036
6204.346198	79.598	-146.1714
6204.712409	79.594	-146.6411
6205.078620	79.593	-147.0195
6205.444831	79.602	-147.4517
6205.811042	79.597	-147.9390
6206.177253	79.584	-148.3120
6206.543464	79.589	-148.6201
6206.909675	79.604	-149.0376
6207.275886	79.605	-149.5137
6207.642097	79.600	-149.9160
6208.008308	79.603	-150.2798
6208.374519	79.610	-150.6880
6208.740729	79.612	-151.1211
6209.106940	79.611	-151.5254
6209.473151	79.612	-151.8979
6209.839362	79.619	-152.2744
6210.205573	79.629	-152.6934
6210.571784	79.632	-153.1611
6210.937995	79.625	-153.5977
6211.304206	79.622	-153.9604
6211.670417	79.628	-154.3647
6212.036628	79.622	-154.8169
6212.402839	79.610	-155.1606
6212.769050	79.618	-155.4609
6213.135261	79.632	-155.8877
6213.501472	79.631	-156.3433
6213.867683	79.629	-156.7310
6214.233894	79.633	-157.1338
6214.600105	79.635	-157.5566
6214.966316	79.637	-157.9702
6215.332527	79.638	-158.4038
6215.698738	79.637	-158.8198
6216.064949	79.640	-159.2275
6216.431160	79.643	-159.6875
6216.797371	79.635	-160.1172
6217.163582	79.633	-160.4746
6217.529793	79.641	-160.8657
6217.896004	79.646	-161.3066
6218.262215	79.646	-161.7383
6218.628426	79.644	-162.1519
6218.994637	79.642	-162.5283
6219.360848	79.647	-162.8867
6219.727059	79.656	-163.2783
6220.093269	79.664	-163.6870
6220.459480	79.675	-164.1216
6220.825691	79.679	-164.6147
6221.191902	79.669	-165.0742
6221.558113	79.661	-165.4414
6221.924324	79.662	-165.8047
6222.290535	79.663	-166.1909
6222.656746	79.665	-166.5654
6223.022957	79.671	-166.9736
6223.389168	79.669	-167.3979
6223.755379	79.667	-167.7554
6224.121590	79.677	-168.1216
6224.487801	79.687	-168.5874
6224.854012	79.683	-169.0527
6225.220223	79.679	-169.4526
6225.586434	79.681	-169.8613
6225.952645	79.679	-170.2788
6226.318856	79.678	-170.6670
6226.685067	79.682	-171.0615
6227.051278	79.687	-171.4731
6227.417489	79.692	-171.9014
6227.783700	79.692	-172.3516
6228.149911	79.686	-172.7554
6228.516122	79.688	-173.1060
6228.882333	79.696	-173.4961
6229.248544	79.701	-173.9102
6229.614755	79.708	-174.3125
6229.980966	79.715	-174.7686
6230.347177	79.709	-175.2217
6230.713388	79.704	-175.5771
6231.079598	79.712	-175.9463
6231.445809	79.716	-176.3994
6231.812020	79.708	-176.8125
6232.178231	79.706	-177.1499
6232.544442	79.715	-177.5278
6232.910653	79.720	-177.9897
6233.276864	79.710	-178.4414
6233.643075	79.697	-178.7915
6234.009286	79.698	-179.0918
6234.375497	79.709	-179.4546
6234.741708	79.717	-179.8789
6235.107919	79.721	179.6851
6235.474130	79.721	179.2354
6235.840341	79.714	178.8076
6236.206552	79.710	178.4482
6236.572763	79.718	178.0879
6236.938974	79.729	177.6470
6237.305185	79.729	177.1846
6237.671396	79.728	176.7764
6238.037607	79.734	176.3667
6238.403818	79.737	175.9004
6238.770029	79.730	175.4585
6239.136240	79.727	175.0903
6239.502451	79.734	174.6987
6239.868662	79.735	174.2539
6240.234873	79.727	173.8613
6240.601084	79.728	173.5327
6240.967295	79.739	173.1670
6241.333506	79.749	172.7373
6241.699717	79.751	172.2905
6242.065928	79.747	171.8706
6242.432138	79.746	171.4976
6242.798349	79.751	171.1118
6243.164560	79.753	170.6719
6243.530771	79.746	170.2686
6243.896982	79.746	169.9302
6244.263193	79.756	169.5391
6244.629404	79.760	169.0869
6244.995615	79.757	168.6597
6245.361826	79.755	168.2524
6245.728037	79.753	167.8662
6246.094248	79.759	167.4976
6246.460459	79.771	167.0508
6246.826670	79.770	166.5542
6247.192881	79.761	166.1387
6247.559092	79.763	165.7500
6247.925303	79.764	165.3140
6248.291514	79.761	164.9033
6248.657725	79.763	164.5068
6249.023936	79.762	164.0767
6249.390147	79.756	163.7046
6249.756358	79.763	163.3887
6250.122569	79.784	162.9644
6250.488780	79.789	162.4316
6250.854991	79.776	161.9653
6251.221202	79.765	161.6123
6251.587413	79.767	161.2769
6251.953624	79.774	160.9082
6252.319835	79.783	160.5083
6252.686046	79.790	160.0732
6253.052257	79.792	159.6284
6253.418467	79.791	159.1890
6253.784678	79.785	158.7476
6254.150889	79.774	158.3657
6254.517100	79.774	158.0605
6254.883311	79.789	157.6904
6255.249522	79.798	157.2188
6255.615733	79.797	156.7734
6255.981944	79.800	156.3345
6256.348155	79.795	155.8394
6256.714366	79.775	155.4346
6257.080577	79.769	155.1729
6257.446788	79.788	154.8447
6257.812999	79.802	154.3545
6258.179210	79.794	153.8711
6258.545421	79.783	153.5146
6258.911632	79.789	153.1885
6259.277843	79.799	152.7930
6259.644054	79.805	152.3789
6260.010265	79.813	151.9658
6260.376476	79.820	151.4829
6260.742687	79.810	151.0015
6261.108898	79.798	150.6450
6261.475109	79.805	150.3052
6261.841320	79.812	149.8477
6262.207531	79.799	149.3999
6262.573742	79.789	149.0981
6262.939953	79.803	148.7964
6263.306164	79.821	148.3213
6263.672375	79.815	147.8076
6264.038586	79.803	147.4258
6264.404797	79.806	147.0645
6264.771007	79.809	146.6367
6265.137218	79.807	146.2397
6265.503429	79.813	145.8438
6265.869640	79.818	145.3750
6266.235851	79.811	144.9360
6266.602062	79.809	144.5610
6266.968273	79.816	144.1519
6267.334484	79.819	143.7007
6267.700695	79.816	143.2534
6268.066906	79.810	142.8467
6268.433117	79.809	142.4922
6268.799328	79.817	142.1138
6269.165539	79.823	141.6885
6269.531750	79.827	141.2812
6269.897961	79.834	140.8594
6270.264172	79.836	140.3931
6270.630383	79.828	139.9697
6270.996594	79.823	139.6221
6271.362805	79.830	139.2832
6271.729016	79.844	138.8765
6272.095227	79.850	138.3901
6272.461438	79.838	137.9404
6272.827649	79.830	137.6123
6273.193860	79.840	137.2842
6273.560071	79.852	136.8418
6273.926282	79.849	136.3745
6274.292493	79.842	135.9927
6274.658704	79.847	135.6216
6275.024915	79.852	135.1577
6275.391126	79.841	134.7114
6275.757336	79.834	134.3760
6276.123547	79.843	134.0015
6276.489758	79.843	133.5493
6276.855969	79.836	133.1782
6277.222180	79.846	132.8232
6277.588391	79.857	132.3428
6277.954602	79.849	131.8662
6278.320813	79.842	131.4858
6278.687024	79.846	131.0874
6279.053235	79.843	130.6475
6279.419446	79.836	130.2642
6279.785657	79.838	129.9331
6280.151868	79.852	129.5303
6280.518079	79.854	129.0400
6280.884290	79.842	128.6406
6281.250501	79.847	128.3364
6281.616712	79.867	127.8906
6281.982923	79.861	127.3574
6282.349134	79.844	126.9971
6282.715345	79.852	126.6968
6283.081556	79.865	126.2471
6283.447767	79.859	125.7896
6283.813978	79.855	125.4355
6284.180189	79.863	125.0605
6284.546400	79.869	124.6294
6284.912611	79.871	124.2017
6285.278822	79.873	123.7651
6285.645033	79.871	123.3237
6286.011244	79.866	122.9062
6286.377455	79.861	122.5078
6286.743666	79.858	122.1294
6287.109876	79.859	121.7593
6287.476087	79.863	121.3613
6287.842298	79.864	120.9507
6288.208509	79.865	120.5518
6288.574720	79.868	120.1470
6288.940931	79.870	119.7388
6289.307142	79.874	119.3291
6289.673353	79.878	118.8877
6290.039564	79.874	118.4468
6290.405775	79.872	118.0508
6290.771986	79.876	117.6304
6291.138197	79.871	117.1704
6291.504408	79.859	116.8057
6291.870619	79.866	116.5093
6292.236830	79.888	116.0630
6292.603041	79.884	115.5020
6292.969252	79.861	115.1035
6293.335463	79.860	114.8462
6293.701674	79.879	114.4780
6294.067885	79.889	113.9985
6294.434096	79.888	113.5410
6294.800307	79.884	113.1030
6295.166518	79.877	112.7100
6295.532729	79.879	112.3789
6295.898940	79.894	111.9688
6296.265151	79.896	111.4683
6296.631362	79.886	111.0435
6296.997573	79.884	110.6851
6297.363784	79.889	110.2827
6297.729995	79.889	109.8643
6298.096206	79.889	109.4697
6298.462416	79.893	109.0708
6298.828627	79.897	108.6401
6299.194838	79.894	108.1870
6299.561049	79.885	107.7896
6299.927260	79.886	107.4590
6300.293471	79.900	107.0479
6300.659682	79.902	106.5322
6301.025893	79.886	106.0815
6301.392104	79.876	105.7388
6301.758315	79.878	105.3989
6302.124526	79.885	105.0029
6302.490737	79.886	104.5767
6302.856948	79.884	104.1826
6303.223159	79.889	103.8018
6303.589370	79.896	103.3516
6303.955581	79.890	102.8955
6304.321792	79.883	102.5308
6304.688003	79.890	102.1694
6305.054214	79.896	101.7456
6305.420425	79.899	101.3213
6305.786636	79.902	100.8921
6306.152847	79.900	100.4521
6306.519058	79.897	100.0552
6306.885269	79.901	99.6577
6307.251480	79.902	99.2085
6307.617691	79.895	98.7847
6307.983902	79.890	98.4238
6308.350113	79.895	98.0522
6308.716324	79.899	97.6289
6309.082535	79.895	97.2026
6309.448745	79.890	96.8359
6309.814956	79.894	96.4912
6310.181167	79.902	96.0908
6310.547378	79.905	95.6743
6310.913589	79.909	95.2759
6311.279800	79.915	94.8330
6311.646011	79.910	94.3945
6312.012222	79.909	94.0337
6312.378433	79.919	93.6323
6312.744644	79.922	93.1567
6313.110855	79.916	92.7334
6313.477066	79.917	92.3286
6313.843277	79.915	91.8950
6314.209488	79.911	91.5137
6314.575699	79.917	91.1221
6314.941910	79.916	90.6631
6315.308121	79.907	90.2769
6315.674332	79.912	89.9346
6316.040543	79.921	89.4893
6316.406754	79.915	89.0444
6316.772965	79.913	88.6782
6317.139176	79.919	88.2642
6317.505387	79.917	87.8081
6317.871598	79.909	87.4102
6318.237809	79.908	87.0430
6318.604020	79.911	86.6626
6318.970231	79.917	86.2554
6319.336442	79.919	85.8022
6319.702653	79.913	85.3691
6320.068864	79.910	84.9941
6320.435075	79.915	84.5815
6320.801285	79.911	84.1260
6321.167496	79.903	83.7393
6321.533707	79.905	83.3804
6321.899918	79.908	82.9590
6322.266129	79.904	82.5542
6322.632340	79.908	82.1973
6322.998551	79.919	81.7676
6323.364762	79.917	81.2832
6323.730973	79.907	80.8770
6324.097184	79.906	80.5234
6324.463395	79.912	80.1279
6324.829606	79.913	79.7056
6325.195817	79.912	79.3076
6325.562028	79.915	78.9204
6325.928239	79.919	78.4937
6326.294450	79.915	78.0713
6326.660661	79.914	77.7251
6327.026872	79.927	77.3403
6327.393083	79.932	76.8447
6327.759294	79.921	76.4355
6328.125505	79.928	76.1133
6328.491716	79.946	75.6309
6328.857927	79.937	75.0908
6329.224138	79.923	74.7144
6329.590349	79.928	74.3428
6329.956560	79.927	73.8813
6330.322771	79.918	73.4805
6330.688982	79.918	73.1064
6331.055193	79.916	72.6885
6331.421404	79.909	72.3374
6331.787614	79.919	72.0088
6332.153825	79.932	71.5635
6332.520036	79.928	71.1079
6332.886247	79.926	70.7397
6333.252458	79.935	70.3398
6333.618669	79.936	69.8892
6333.984880	79.933	69.4990
6334.351091	79.942	69.1074
6334.717302	79.946	68.6240
6335.083513	79.933	68.1826
6335.449724	79.926	67.8604
6335.815935	79.937	67.5010
6336.182146	79.943	67.0415
6336.548357	79.938	66.5854
6336.914568	79.929	66.1782
6337.280779	79.921	65.8193
6337.646990	79.923	65.4849
6338.013201	79.931	65.0874
6338.379412	79.931	64.6489
6338.745623	79.928	64.2578
6339.111834	79.932	63.8569
6339.478045	79.930	63.4175
6339.844256	79.925	63.0352
6340.210467	79.933	62.6582
6340.576678	79.939	62.1812
6340.942889	79.930	61.7192
6341.309100	79.924	61.3530
6341.675311	79.931	60.9482
6342.041522	79.928	60.4863
6342.407733	79.920	60.1025
6342.773944	79.926	59.7500
6343.140154	79.935	59.2910
6343.506365	79.926	58.8145
6343.872576	79.914	58.4717
6344.238787	79.923	58.1572
6344.604998	79.936	57.7104
6344.971209	79.929	57.2451
6345.337420	79.920	56.9199
6345.703631	79.933	56.6064
6346.069842	79.948	56.1729
6346.436053	79.951	55.7310
6346.802264	79.959	55.3081
6347.168475	79.964	54.8096
6347.534686	79.953	54.3330
6347.900897	79.945	53.9458
6348.267108	79.943	53.5195
6348.633319	79.931	53.0850
6348.999530	79.919	52.7461
6349.365741	79.920	52.4062
6349.731952	79.921	52.0225
6350.098163	79.923	51.6450
6350.464374	79.928	51.2222
6350.830585	79.922	50.7988
6351.196796	79.922	50.4482
6351.563007	79.935	50.0249
6351.929218	79.932	49.5098
6352.295429	79.915	49.1064
6352.661640	79.915	48.7808
6353.027851	79.922	48.3823
6353.394062	79.923	47.9736
6353.760273	79.931	47.5742
6354.126484	79.937	47.0967
6354.492694	79.929	46.6294
6354.858905	79.921	46.2524
6355.225116	79.921	45.8716
6355.591327	79.918	45.4937
6355.957538	79.923	45.1714
6356.323749	79.941	44.7686
6356.689960	79.946	44.2642
6357.056171	79.939	43.8447
6357.422382	79.945	43.4658
6357.788593	79.950	42.9771
6358.154804	79.937	42.5112
6358.521015	79.926	42.1709
6358.887226	79.931	41.8081
6359.253437	79.932	41.3931
6359.619648	79.931	41.0054
6359.985859	79.935	40.6011
6360.352070	79.935	40.1582
6360.718281	79.929	39.7383
6361.084492	79.925	39.3477
6361.450703	79.922	38.9775
6361.816914	79.927	38.6108
6362.183125	79.937	38.1860
6362.549336	79.938	37.7168
6362.915547	79.933	37.2842
6363.281758	79.931	36.8662
6363.647969	79.925	36.4438
6364.014180	79.918	36.0894
6364.380391	79.927	35.7451
6364.746602	79.936	35.2939
6365.112813	79.930	34.8579
6365.479023	79.932	34.5151
6365.845234	79.946	34.0693
6366.211445	79.937	33.5557
6366.577656	79.920	33.2280
6366.943867	79.933	32.9355
6367.310078	79.948	32.4492
6367.676289	79.937	31.9766
6368.042500	79.932	31.6289
6368.408711	79.939	31.2222
6368.774922	79.935	30.7822
6369.141133	79.933	30.3960
6369.507344	79.935	29.9614
6369.873555	79.924	29.5171
6370.239766	79.912	29.1748
6370.605977	79.913	28.8467
6370.972188	79.916	28.4790
6371.338399	79.923	28.1118
6371.704610	79.936	27.6797
6372.070821	79.937	27.1792
6372.437032	79.925	26.7402
6372.803243	79.920	26.3735
6373.169454	79.923	26.0015
6373.535665	79.929	25.5918
6373.901876	79.933	25.1250
6374.268087	79.924	24.6665
6374.634298	79.915	24.3130
6375.000509	79.923	23.9683
6375.366720	79.931	23.5034
6375.732931	79.921	23.0454
6376.099142	79.913	22.7178
6376.465353	79.926	22.3687
6376.831563	79.935	21.8857
6377.197774	79.923	21.4253
6377.563985	79.913	21.1011
6377.930196	79.922	20.7783
6378.296407	79.934	20.3438
6378.662618	79.933	19.8804
6379.028829	79.929	19.4639
6379.395040	79.926	19.0532
6379.761251	79.921	18.6421
6380.127462	79.915	18.2695
6380.493673	79.916	17.9038
6380.859884	79.919	17.5044
6381.226095	79.919	17.1021
6381.592306	79.923	16.7007
6381.958517	79.928	16.2539
6382.324728	79.927	15.7588
6382.690939	79.913	15.2812
6383.057150	79.894	14.9072
6383.423361	79.889	14.6108
6383.789572	79.900	14.2544
6384.155783	79.908	13.8193
6384.521994	79.911	13.3794
6384.888205	79.913	12.9077
6385.254416	79.901	12.4458
6385.620627	79.890	12.1099
6385.986838	79.901	11.7866
6386.353049	79.916	11.3320
6386.719260	79.918	10.8442
6387.085471	79.915	10.3882
6387.451682	79.907	9.9507
6387.817892	79.899	9.5928
6388.184103	79.908	9.2441
6388.550314	79.918	8.7886
6388.916525	79.914	8.3276
6389.282736	79.911	7.9189
6389.648947	79.909	7.4907
6390.015158	79.900	7.0947
6390.381369	79.899	6.7451
6390.747580	79.903	6.3442
6391.113791	79.898	5.9473
6391.480002	79.899	5.6113
6391.846213	79.912	5.2075
6392.212424	79.913	4.7183
6392.578635	79.900	4.2876
6392.944846	79.891	3.9414
6393.311057	79.892	3.6309
6393.677268	79.908	3.2910
6394.043479	79.929	2.7803
6394.409690	79.916	2.1860
6394.775901	79.884	1.8281
6395.142112	79.888	1.6069
6395.508323	79.909	1.1689
6395.874534	79.900	0.6772
6396.240745	79.896	0.3657
6396.606956	79.918	-0.0532
6396.973167	79.914	-0.6528
6397.339378	79.882	-1.0518
6397.705589	79.880	-1.2739
6398.071800	79.902	-1.6670
6398.438011	79.902	-2.1855
6398.804222	79.887	-2.5806
6399.170432	79.888	-2.8960
6399.536643	79.901	-3.3164
6399.902854	79.897	-3.7920
6400.269065	79.889	-4.1650
6400.635276	79.897	-4.5371
6401.001487	79.898	-5.0215
6401.367698	79.881	-5.4180
6401.733909	79.885	-5.6973
6402.100120	79.905	-6.1372
6402.466331	79.900	-6.6826
6402.832542	79.882	-7.0698
6403.198753	79.884	-7.4038
6403.564964	79.888	-7.8413
6403.931175	79.879	-8.2559
6404.297386	79.878	-8.5981
6404.663597	79.887	-8.9990
6405.029808	79.888	-9.4629
6405.396019	79.879	-9.8618
6405.762230	79.882	-10.2075
6406.128441	79.893	-10.6323
6406.494652	79.892	-11.0996
6406.860863	79.889	-11.4941
6407.227074	79.896	-11.8945
6407.593285	79.901	-12.3740
6407.959496	79.894	-12.8267
6408.325707	79.890	-13.2280
6408.691918	79.890	-13.6562
6409.058129	79.884	-14.0801
6409.424340	79.879	-14.4658
6409.790551	79.878	-14.8623
6410.156761	79.873	-15.2598
6410.522972	79.868	-15.6011
6410.889183	79.876	-15.9219
6411.255394	79.893	-16.3350
6411.621605	79.897	-16.8462
6411.987816	79.884	-17.3032
6412.354027	79.875	-17.6455
6412.720238	79.881	-18.0005
6413.086449	79.886	-18.4346
6413.452660	79.883	-18.8760
6413.818871	79.877	-19.2847
6414.185082	79.872	-19.6606
6414.551293	79.875	-20.0225
6414.917504	79.884	-20.4458
6415.283715	79.883	-20.9346
6415.649926	79.869	-21.3682
6416.016137	79.862	-21.7153
6416.382348	79.867	-22.0791
6416.748559	79.873	-22.5127
6417.114770	79.870	-22.9717
6417.480981	79.862	-23.3882
6417.847192	79.858	-23.7466
6418.213403	79.865	-24.1309
6418.579614	79.869	-24.5894
6418.945825	79.863	-25.0249
6419.312036	79.860	-25.4033
6419.678247	79.864	-25.8140
6420.044458	79.861	-26.2446
6420.410669	79.856	-26.6289
6420.776880	79.857	-26.9946
6421.143091	79.863	-27.3843
6421.509301	79.868	-27.8154
6421.875512	79.866	-28.2651
6422.241723	79.858	-28.6577
6422.607934	79.858	-29.0161
6422.974145	79.861	-29.4092
6423.340356	79.862	-29.7959
6423.706567	79.869	-30.1914
6424.072778	79.872	-30.6528
6424.438989	79.866	-31.0898
6424.805200	79.865	-31.4985
6425.171411	79.858	-31.9526
6425.537622	79.841	-32.3267
6425.903833	79.840	-32.5996
6426.270044	79.855	-32.9648
6426.636255	79.861	-33.4175
6427.002466	79.861	-33.8535
6427.368677	79.859	-34.2881
6427.734888	79.854	-34.6860
6428.101099	79.858	-35.0771
6428.467310	79.857	-35.5439
6428.833521	79.842	-35.9448
6429.199732	79.842	-36.2407
6429.565943	79.857	-36.6494
6429.932154	79.855	-37.1367
6430.298365	79.846	-37.5283
6430.664576	79.846	-37.8989
6431.030787	79.847	-38.3027
6431.396998	79.847	-38.6992
6431.763209	79.848	-39.1260
6432.129420	79.839	-39.5332
6432.495631	79.838	-39.8633
6432.861841	79.850	-40.2510
6433.228052	79.855	-40.7432
6433.594263	79.845	-41.2139
6433.960474	79.833	-41.6211
6434.326685	79.822	-41.9648
6434.692896	79.824	-42.2642
6435.059107	79.841	-42.6392
6435.425318	79.853	-43.1284
6435.791529	79.851	-43.6289
6436.157740	79.843	-44.0918
6436.523951	79.833	-44.5234
6436.890162	79.824	-44.9102
6437.256373	79.820	-45.2646
6437.622584	79.823	-45.6309
6437.988795	79.827	-46.0269
6438.355006	79.830	-46.4375
6438.721217	79.832	-46.8525
6439.087428	79.831	-47.2681
6439.453639	79.829	-47.6528
6439.819850	79.835	-48.0303
6440.186061	79.841	-48.4697
6440.552272	79.837	-48.9053
6440.918483	79.837	-49.2900
6441.284694	79.842	-49.7480
6441.650905	79.827	-50.2163
6442.017116	79.811	-50.5127
6442.383327	79.824	-50.8174
6442.749538	79.834	-51.2964
6443.115749	79.824	-51.7339
6443.481960	79.824	-52.0923
6443.848170	79.828	-52.5483
6444.214381	79.815	-52.9868
6444.580592	79.810	-53.3149
6444.946803	79.819	-53.7134
6445.313014	79.817	-54.1733
6445.679225	79.814	-54.5654
6446.045436	79.820	-55.0010
6446.411647	79.811	-55.4976
6446.777858	79.793	-55.8574
6447.144069	79.799	-56.1528
6447.510280	79.813	-56.6045
6447.876491	79.803	-57.0879
6448.242702	79.792	-57.4233
6448.608913	79.801	-57.7544
6448.975124	79.809	-58.1855
6449.341335	79.808	-58.6006
6449.707546	79.811	-58.9858
6450.073757	79.816	-59.4106
6450.439968	79.815	-59.8423
6450.806179	79.813	-60.2549
6451.172390	79.810	-60.6699
6451.538601	79.804	-61.0752
6451.904812	79.797	-61.4385
6452.271023	79.797	-61.7632
6452.637234	79.808	-62.1367
6453.003445	79.814	-62.6172
6453.369656	79.804	-63.0811
6453.735867	79.794	-63.4541
6454.102078	79.794	-63.8525
6454.468289	79.786	-64.2827
6454.834500	79.775	-64.6377
6455.200710	79.778	-64.9790
6455.566921	79.784	-65.4072
6455.933132	79.779	-65.8516
6456.299343	79.773	-66.2358
6456.665554	79.777	-66.6240
6457.031765	79.779	-67.0806
6457.397976	79.770	-67.5303
6457.764187	79.761	-67.8867
6458.130398	79.767	-68.2344
6458.496609	79.776	-68.6699
6458.862820	79.775	-69.1294
6459.229031	79.771	-69.5518
6459.595242	79.769	-69.9658
6459.961453	79.765	-70.3643
6460.327664	79.766	-70.7324
6460.693875	79.774	-71.1353
6461.060086	79.775	-71.6011
6461.426297	79.765	-72.0303
6461.792508	79.758	-72.3599
6462.158719	79.768	-72.7134
6462.524930	79.773	-73.1748
6462.891141	79.760	-73.5967
6463.257352	79.755	-73.8984
6463.623563	79.767	-74.2368
6463.989774	79.778	-74.6885
6464.355985	79.774	-75.1519
6464.722196	79.766	-75.5664
6465.088407	79.759	-75.9355
6465.454618	79.760	-76.2900
6465.820829	79.764	-76.6997
6466.187039	79.759	-77.1279
6466.553250	79.754	-77.4863
6466.919461	79.762	-77.8633
6467.285672	79.764	-78.3276
6467.651883	79.756	-78.7500
6468.018094	79.757	-79.1201
6468.384305	79.764	-79.5796
6468.750516	79.754	-80.0747
6469.116727	79.738	-80.4673
6469.482938	79.733	-80.8047
6469.849149	79.737	-81.1738
6470.215360	79.743	-81.5962
6470.581571	79.741	-82.0625
6470.947782	79.728	-82.4712
6471.313993	79.726	-82.7944
6471.680204	79.736	-83.1821
6472.046415	79.737	-83.6357
6472.412626	79.733	-84.0225
6472.778837	79.741	-84.4233
6473.145048	79.740	-84.9111
6473.511259	79.726	-85.3174
6473.877470	79.727	-85.6411
6474.243681	79.738	-86.0708
6474.609892	79.732	-86.5513
6474.976103	79.720	-86.9360
6475.342314	79.720	-87.2939
6475.708525	79.722	-87.6987
6476.074736	79.721	-88.1108
6476.440947	79.719	-88.5273
6476.807158	79.713	-88.9434
6477.173369	79.707	-89.3257
6477.539579	79.706	-89.6963
6477.905790	79.707	-90.0698
6478.272001	79.712	-90.4585
6478.638212	79.717	-90.9038
6479.004423	79.713	-91.3462
6479.370634	79.711	-91.7231
6479.736845	79.718	-92.1465
6480.103056	79.715	-92.6348
6480.469267	79.701	-93.0283
6480.835478	79.703	-93.3604
6481.201689	79.711	-93.7812
6481.567900	79.709	-94.2246
6481.934111	79.706	-94.6094
6482.300322	79.709	-95.0215
6482.666533	79.704	-95.4424
6483.032744	79.700	-95.7881
6483.398955	79.711	-96.1621
6483.765166	79.714	-96.6406
6484.131377	79.701	-97.0684
6484.497588	79.695	-97.3838
6484.863799	79.703	-97.7451
6485.230010	79.705	-98.1738
6485.596221	79.703	-98.5645
6485.962432	79.707	-98.9668
6486.328643	79.705	-99.4170
6486.694854	79.697	-99.8281
6487.061065	79.694	-100.2188
6487.427276	79.690	-100.6641
6487.793487	79.671	-101.0684
6488.159698	79.659	-101.3457
6488.525908	79.670	-101.6211
6488.892119	79.689	-102.0332
6489.258330	79.694	-102.5391
6489.624541	79.686	-103.0078
6489.990752	79.679	-103.4053
6490.356963	79.679	-103.8047
6490.723174	79.679	-104.2402
6491.089385	79.673	-104.6826
6491.455596	79.662	-105.0830
6491.821807	79.656	-105.4043
6492.188018	79.667	-105.7373
6492.554229	79.679	-106.2031
6492.920440	79.670	-106.6699
6493.286651	79.664	-107.0078
6493.652862	79.676	-107.3906
6494.019073	79.676	-107.8848
6494.385284	79.660	-108.2617
6494.751495	79.666	-108.5527
6495.117706	79.681	-108.9922
6495.483917	79.674	-109.4766
6495.850128	79.665	-109.8379
6496.216339	79.670	-110.2178
6496.582550	79.667	-110.6621
6496.948761	79.658	-111.0410
6497.314972	79.659	-111.4023
6497.681183	79.659	-111.8203
6498.047394	79.653	-112.2227
6498.413605	79.650	-112.5996
6498.779816	79.648	-112.9902
6499.146027	79.646	-113.3691
6499.512238	79.650	-113.7617
6499.878448	79.651	-114.1953
6500.244659	79.648	-114.6348
6500.610870	79.640	-115.0566
6500.977081	79.631	-115.4258
6501.343292	79.634	-115.7559
6501.709503	79.647	-116.1680
6502.075714	79.650	-116.6602
6502.441925	79.642	-117.1055
6502.808136	79.636	-117.5078
6503.174347	79.633	-117.9004
6503.540558	79.635	-118.2812
6503.906769	79.641	-118.7188
6504.272980	79.635	-119.1934
6504.639191	79.622	-119.5693
6505.005402	79.622	-119.9004
6505.371613	79.628	-120.2969
6505.737824	79.628	-120.7031
6506.104035	79.631	-121.1035
6506.470246	79.632	-121.5400
6506.836457	79.627	-121.9707
6507.202668	79.620	-122.3848
6507.568879	79.609	-122.7705
6507.935090	79.603	-123.0879
6508.301301	79.610	-123.4336
6508.667512	79.610	-123.8594
6509.033723	79.604	-124.2031
6509.399934	79.619	-124.5303
6509.766145	79.636	-125.0684
6510.132356	79.614	-125.6113
6510.498567	79.592	-125.9004
6510.864778	79.606	-126.2070
6511.230988	79.612	-126.7266
6511.597199	79.588	-127.1523
6511.963410	79.584	-127.3809
6512.329621	79.611	-127.7500
6512.695832	79.618	-128.3291
6513.062043	79.597	-128.7969
6513.428254	79.590	-129.1211
6513.794465	79.596	-129.5430
6514.160676	79.583	-129.9873
6514.526887	79.574	-130.2793
6514.893098	79.589	-130.6152
6515.259309	79.597	-131.1133
6515.625520	79.583	-131.5342
6515.991731	79.584	-131.8525
6516.357942	79.596	-132.2734
6516.724153	79.594	-132.7559
6517.090364	79.584	-133.1748
6517.456575	79.577	-133.5664
6517.822786	79.570	-133.9375
6518.188997	79.569	-134.2773
6518.555208	79.575	-134.6641
6518.921419	79.574	-135.0898
6519.287630	79.569	-135.4766
6519.653841	79.569	-135.8398
6520.020052	79.573	-136.2227
6520.386263	79.579	-136.6338
6520.752474	79.583	-137.0957
6521.118685	79.576	-137.5820
6521.484896	79.559	-137.9854
6521.851107	79.550	-138.2812
6522.217317	79.563	-138.6016
6522.583528	79.578	-139.0703
6522.949739	79.571	-139.5889
6523.315950	79.552	-139.9785
6523.682161	79.549	-140.2812
6524.048372	79.557	-140.6621
6524.414583	79.556	-141.0781
6524.780794	79.554	-141.4258
6525.147005	79.565	-141.7988
6525.513216	79.571	-142.2471
6525.879427	79.570	-142.6660
6526.245638	79.574	-143.0869
6526.611849	79.572	-143.5684
6526.978060	79.558	-143.9902
6527.344271	79.552	-144.3340
6527.710482	79.555	-144.7305
6528.076693	79.551	-145.1582
6528.442904	79.545	-145.5566
6528.809115	79.539	-145.9502
6529.175326	79.533	-146.3164
6529.541537	79.536	-146.6797
6529.907748	79.539	-147.1357
6530.273959	79.524	-147.5928
6530.640170	79.508	-147.9043
6531.006381	79.514	-148.1836
6531.372592	79.531	-148.5977
6531.738803	79.534	-149.0957
6532.105014	79.524	-149.5537
6532.471225	79.516	-149.9492
6532.837436	79.512	-150.3379
6533.203647	79.508	-150.7305
6533.569857	79.507	-151.1035
6533.936068	79.513	-151.5059
6534.302279	79.514	-151.9834
6534.668490	79.498	-152.4229
6535.034701	79.485	-152.7246
6535.400912	79.495	-153.0254
6535.767123	79.509	-153.4648
6536.133334	79.507	-153.9414
6536.499545	79.499	-154.3506
6536.865756	79.494	-154.7246
6537.231967	79.495	-155.0762
6537.598178	79.508	-155.4629
6537.964389	79.516	-156.0059
6538.330600	79.489	-156.5449
6538.696811	79.457	-156.8027
6539.063022	79.467	-156.9775
6539.429233	79.493	-157.3955
6539.795444	79.493	-157.8965
6540.161655	79.488	-158.2881
6540.527866	79.493	-158.7148
6540.894077	79.485	-159.1816
6541.260288	79.472	-159.5371
6541.626499	79.476	-159.8633
6541.992710	79.485	-160.2646
6542.358921	79.490	-160.7129
6542.725132	79.487	-161.1875
6543.091343	79.471	-161.6094
6543.457554	79.462	-161.9238
6543.823765	79.468	-162.2539
6544.189976	79.473	-162.6484
6544.556186	79.477	-163.0332
6544.922397	79.486	-163.4590
6545.288608	79.482	-163.9336
6545.654819	79.469	-164.3047
6546.021030	79.474	-164.6152
6546.387241	79.488	-165.0449
6546.753452	79.487	-165.5547
6547.119663	79.471	-165.9873
6547.485874	79.462	-166.3262
6547.852085	79.465	-166.6826
6548.218296	79.467	-167.1201
6548.584507	79.456	-167.5449
6548.950718	79.446	-167.8613
6549.316929	79.456	-168.1768
6549.683140	79.470	-168.6387
6550.049351	79.461	-169.1406
6550.415562	79.447	-169.5088
6550.781773	79.450	-169.8379
6551.147984	79.458	-170.2842
6551.514195	79.449	-170.7520
6551.880406	79.437	-171.1055
6552.246617	79.442	-171.4424
6552.612828	79.449	-171.8750
6552.979039	79.445	-172.3301
6553.345250	79.436	-172.7246
6553.711461	79.432	-173.0928
6554.077672	79.431	-173.4746
6554.443883	79.429	-173.8496
6554.810094	79.432	-174.2188
6555.176305	79.437	-174.6338
6555.542516	79.434	-175.0781
6555.908726	79.424	-175.4688
6556.274937	79.421	-175.8252
6556.641148	79.421	-176.2041
6557.007359	79.419	-176.5684
6557.373570	79.426	-176.9434
6557.739781	79.431	-177.4053
6558.105992	79.419	-177.8623
6558.472203	79.408	-178.2148
6558.838414	79.409	-178.5664
6559.204625	79.409	-178.9834
6559.570836	79.402	-179.3701
6559.937047	79.400	-179.7129
6560.303258	79.406	179.9150
6560.669469	79.412	179.5117
6561.035680	79.420	179.0684
6561.401891	79.419	178.5645
6561.768102	79.402	178.1055
6562.134313	79.388	177.7891
6562.500524	79.399	177.4648
6562.866735	79.409	176.9707
6563.232946	79.394	176.4805
6563.599157	79.378	176.1582
6563.965368	79.386	175.8262
6564.331579	79.390	175.3594
6564.697790	79.374	174.9502
6565.064001	79.369	174.6738
6565.430212	79.386	174.3398
6565.796423	79.399	173.8467
6566.162634	79.389	173.3447
6566.528845	79.373	172.9902
6566.895056	79.379	172.6719
6567.261266	79.387	172.2100
6567.627477	79.372	171.7656
6567.993688	79.365	171.4883
6568.359899	79.385	171.1182
6568.726110	79.386	170.5762
6569.092321	79.364	170.1777
6569.458532	79.364	169.8887
6569.824743	79.372	169.4736
6570.190954	79.364	169.0693
6570.557165	79.369	168.7383
6570.923376	79.381	168.2793
6571.289587	79.369	167.7812
6571.655798	79.352	167.4453
6572.022009	79.356	167.1406
6572.388220	79.364	166.7432
6572.754431	79.365	166.3340
6573.120642	79.370	165.9219
6573.486853	79.372	165.4424
6573.853064	79.358	164.9580
6574.219275	79.336	164.5811
6574.585486	79.326	164.3203
6574.951697	79.339	164.0225
6575.317908	79.353	163.5479
6575.684119	79.340	163.0391
6576.050330	79.320	162.7012
6576.416541	79.322	162.4219
6576.782752	79.334	162.0156
6577.148963	79.331	161.5615
6577.515174	79.325	161.1875
6577.881385	79.332	160.8125
6578.247595	79.338	160.3340
6578.613806	79.326	159.8379
6578.980017	79.307	159.4688
6579.346228	79.304	159.1699
6579.712439	79.311	158.7832
6580.078650	79.307	158.3750
6580.444861	79.308	158.0518
6580.811072	79.325	157.6387
6581.177283	79.322	157.1055
6581.543494	79.301	156.7285
6581.909705	79.304	156.4473
6582.275916	79.315	156.0186
6582.642127	79.305	155.6133
6583.008338	79.311	155.3164
6583.374549	79.331	154.8564
6583.740760	79.320	154.3242
6584.106971	79.304	153.9863
6584.473182	79.314	153.6240
6584.839393	79.308	153.1133
6585.205604	79.281	152.7754
6585.571815	79.287	152.5723
6585.938026	79.312	152.1387
6586.304237	79.305	151.5830
6586.670448	79.282	151.2188
6587.036659	79.283	150.9209
6587.402870	79.288	150.5059
6587.769081	79.279	150.1143
6588.135292	79.282	149.7949
6588.501503	79.295	149.3672
6588.867714	79.289	148.8730
6589.233925	79.277	148.5010
6589.600135	79.282	148.1465
6589.966346	79.284	147.6709
6590.332557	79.266	147.2598
6590.698768	79.264	146.9912
6591.064979	79.284	146.5986
6591.431190	79.283	146.0508
6591.797401	79.260	145.6562
6592.163612	79.261	145.3877
6592.529823	79.276	144.9551
6592.896034	79.264	144.4746
6593.262245	79.251	144.1699
6593.628456	79.262	143.8525
6593.994667	79.270	143.3994
6594.360878	79.264	142.9844
6594.727089	79.266	142.5898
6595.093300	79.262	142.1279
6595.459511	79.244	141.7510
6595.825722	79.240	141.4727
6596.191933	79.250	141.1250
6596.558144	79.254	140.7246
6596.924355	79.259	140.3184
6597.290566	79.260	139.8594
6597.656777	79.246	139.4414
6598.022988	79.241	139.1387
6598.389199	79.254	138.7783
6598.755410	79.259	138.2812
6599.121621	79.244	137.8389
6599.487832	79.236	137.5293
6599.854043	79.248	137.1582
6600.220254	79.249	136.6562
6600.586464	79.230	136.2285
6600.952675	79.220	135.9395
6601.318886	79.230	135.6094
6601.685097	79.239	135.1660
6602.051308	79.235	134.7021
6602.417519	79.224	134.2793
6602.783730	79.212	133.9238
6603.149941	79.211	133.6094
6603.516152	79.220	133.2305
6603.882363	79.219	132.7910
6604.248574	79.211	132.4102
6604.614785	79.214	132.0713
6604.980996	79.221	131.6582
6605.347207	79.219	131.2236
6605.713418	79.217	130.8477
6606.079629	79.222	130.4365
6606.445840	79.218	129.9746
6606.812051	79.208	129.5977
6607.178262	79.212	129.2480
6607.544473	79.218	128.7773
6607.910684	79.202	128.3164
6608.276895	79.187	127.9922
6608.643106	79.189	127.6738
6609.009317	79.192	127.2998
6609.375528	79.194	126.9180
6609.741739	79.197	126.5127
6610.107950	79.195	126.1035
6610.474161	79.195	125.7012
6610.840372	79.192	125.2607
6611.206583	79.178	124.8672
6611.572794	79.173	124.5742
6611.939004	79.185	124.2246
6612.305215	79.192	123.7715
6612.671426	79.190	123.3320
6613.037637	79.188	122.8936
6613.403848	79.179	122.4453
6613.770059	79.168	122.0684
6614.136270	79.168	121.7061
6614.502481	79.166	121.2793
6614.868692	79.155	120.8975
6615.234903	79.154	120.5869
6615.601114	79.166	120.2031
6615.967325	79.169	119.7324
6616.333536	79.160	119.3145
6616.699747	79.157	118.9609
6617.065958	79.160	118.5752
6617.432169	79.160	118.1729
6617.798380	79.161	117.7891
6618.164591	79.164	117.3770
6618.530802	79.160	116.9551
6618.897013	79.155	116.5840
6619.263224	79.155	116.2051
6619.629435	79.150	115.8242
6619.995646	79.149	115.5078
6620.361857	79.163	115.1445
6620.728068	79.170	114.6504
6621.094279	79.155	114.1963
6621.460490	79.145	113.8623
6621.826701	79.148	113.5020
6622.192912	79.147	113.0723
6622.559123	79.137	112.6465
6622.925333	79.122	112.2734
6623.291544	79.112	111.9854
6623.657755	79.119	111.6992
6624.023966	79.132	111.2910
6624.390177	79.130	110.8428
6624.756388	79.125	110.4688
6625.122599	79.129	110.0977
6625.488810	79.133	109.6758
6625.855021	79.133	109.2412
6626.221232	79.129	108.7998
6626.587443	79.120	108.3926
6626.953654	79.116	108.0391
6627.319865	79.120	107.6396
6627.686076	79.115	107.2051
6628.052287	79.105	106.8438
6628.418498	79.106	106.5156
6628.784709	79.112	106.1367
6629.150920	79.115	105.7285
6629.517131	79.114	105.3164
6629.883342	79.110	104.9258
6630.249553	79.110	104.5576
6630.615764	79.114	104.1572
6630.981975	79.113	103.7324
6631.348186	79.110	103.3330
6631.714397	79.108	102.9180
6632.080608	79.099	102.5020
6632.446819	79.091	102.1631
6632.813030	79.097	101.8262
6633.179241	79.105	101.3750
6633.545452	79.095	100.8887
6633.911663	79.077	100.5117
6634.277873	79.072	100.2109
6634.644084	79.078	99.8574
6635.010295	79.081	99.4580
6635.376506	79.084	99.0488
6635.742717	79.083	98.6084
6636.108928	79.073	98.2070
6636.475139	79.072	97.8818
6636.841350	79.082	97.4814
6637.207561	79.080	97.0195
6637.573772	79.073	96.6445
6637.939983	79.079	96.2402
6638.306194	79.071	95.7520
6638.672405	79.049	95.4121
6639.038616	79.052	95.1680
6639.404827	79.068	94.7734
6639.771038	79.068	94.3340
6640.137249	79.068	93.9521
6640.503460	79.072	93.5098
6640.869671	79.062	93.0781
6641.235882	79.059	92.7393
6641.602093	79.067	92.3291
6641.968304	79.062	91.8545
6642.334515	79.051	91.4814
6642.700726	79.055	91.1094
6643.066937	79.053	90.6328
6643.433148	79.036	90.2314
6643.799359	79.032	89.9316
6644.165570	79.041	89.5430
6644.531781	79.037	89.0889
6644.897992	79.026	88.7168
6645.264203	79.025	88.3867
6645.630413	79.029	88.0303
6645.996624	79.037	87.6543
6646.362835	79.046	87.2227
6646.729046	79.044	86.7627
6647.095257	79.037	86.3623
6647.461468	79.038	85.9766
6647.827679	79.038	85.5312
6648.193890	79.026	85.0938
6648.560101	79.011	84.7412
6648.926312	79.005	84.4365
6649.292523	79.007	84.1230
6649.658734	79.015	83.7822
6650.024945	79.026	83.3887
6650.391156	79.032	82.9297
6650.757367	79.026	82.4668
6651.123578	79.015	82.0625
6651.489789	79.008	81.6973
6651.856000	79.006	81.3457
6652.222211	79.012	80.9736
6652.588422	79.019	80.5234
6652.954633	79.013	80.0322
6653.320844	78.998	79.6035
6653.687055	78.985	79.2344
6654.053266	78.976	78.9004
6654.419477	78.977	78.5918
6654.785688	78.988	78.2080
6655.151899	78.988	77.7559
6655.518110	78.981	77.3887
6655.884321	78.989	77.0312
6656.250532	78.994	76.5566
6656.616742	78.981	76.1387
6656.982953	78.980	75.8145
6657.349164	78.987	75.3770
6657.715375	78.970	74.9570
6658.081586	78.963	74.7285
6658.447797	78.991	74.3906
6658.814008	78.998	73.8232
6659.180219	78.975	73.3867
6659.546430	78.969	73.1113
6659.912641	78.980	72.7266
6660.278852	78.977	72.2793
6660.645063	78.969	71.8867
6661.011274	78.963	71.5098
6661.377485	78.957	71.1641
6661.743696	78.961	70.8164
6662.109907	78.964	70.3906
6662.476118	78.955	70.0000
6662.842329	78.957	69.6914
6663.208540	78.973	69.2793
6663.574751	78.971	68.7705
6663.940962	78.956	68.3750
6664.307173	78.957	68.0742
6664.673384	78.974	67.6816
6665.039595	78.983	67.1680
6665.405806	78.974	66.6582
6665.772017	78.958	66.2314
6666.138228	78.947	65.8809
6666.504439	78.946	65.5527
6666.870650	78.954	65.1699
6667.236861	78.954	64.7314
6667.603072	78.946	64.3418
6667.969282	78.947	64.0039
6668.335493	78.955	63.5898
6668.701704	78.949	63.1465
6669.067915	78.942	62.7852
6669.434126	78.944	62.4219
6669.800337	78.943	62.0059
6670.166548	78.936	61.6250
6670.532759	78.935	61.2588
6670.898970	78.933	60.8662
6671.265181	78.929	60.4893
6671.631392	78.927	60.1055
6671.997603	78.920	59.7256
6672.363814	78.917	59.4092
6672.730025	78.929	59.0488
6673.096236	78.935	58.5674
6673.462447	78.922	58.1230
6673.828658	78.916	57.7754
6674.194869	78.919	57.3857
6674.561080	78.914	56.9590
6674.927291	78.907	56.6055
6675.293502	78.913	56.2617
6675.659713	78.923	55.8301
6676.025924	78.921	55.3672
6676.392135	78.914	54.9531
6676.758346	78.912	54.5713
6677.124557	78.914	54.1768
6677.490768	78.913	53.7520
6677.856979	78.906	53.3477
6678.223190	78.904	53.0059
6678.589401	78.914	52.6230
6678.955611	78.914	52.1504
6679.321822	78.900	51.7480
6679.688033	78.896	51.4453
6680.054244	78.905	51.0830
6680.420455	78.907	50.6562
6680.786666	78.902	50.2598
6681.152877	78.899	49.8838
6681.519088	78.896	49.5195
6681.885299	78.898	49.1621
6682.251510	78.901	48.7539
6682.617721	78.896	48.3438
6682.983932	78.891	47.9824
6683.350143	78.893	47.6055
6683.716354	78.891	47.2051
6684.082565	78.889	46.8203
6684.448776	78.886	46.4209
6684.814987	78.882	46.0488
6685.181198	78.886	45.6904
6685.547409	78.893	45.2305
6685.913620	78.879	44.7715
6686.279831	78.870	44.4541
6686.646042	78.882	44.0752
6687.012253	78.879	43.5586
6687.378464	78.856	43.1758
6687.744675	78.854	42.9180
6688.110886	78.869	42.5420
6688.477097	78.871	42.0996
6688.843308	78.871	41.6992
6689.209519	78.874	41.2617
6689.575730	78.864	40.8184
6689.941941	78.854	40.4688
6690.308151	78.855	40.1328
6690.674362	78.857	39.7402
6691.040573	78.854	39.3623
6691.406784	78.856	39.0176
6691.772995	78.863	38.6211
6692.139206	78.861	38.1699
6692.505417	78.846	37.7891
6692.871628	78.840	37.5156
6693.237839	78.854	37.2031
6693.604050	78.866	36.7734
6693.970261	78.866	36.3320
6694.336472	78.864	35.9121
6694.702683	78.858	35.4766
6695.068894	78.844	35.1035
6695.435105	78.844	34.7988
6695.801316	78.855	34.3965
6696.167527	78.850	33.9170
6696.533738	78.835	33.5420
6696.899949	78.834	33.2148
6697.266160	78.837	32.8262
6697.632371	78.838	32.4355
6697.998582	78.842	32.0195
6698.364793	78.836	31.5557
6698.731004	78.822	31.1865
6699.097215	78.824	30.8691
6699.463426	78.832	30.4473
6699.829637	78.825	30.0176
6700.195848	78.821	29.6621
6700.562059	78.823	29.2812
6700.928270	78.822	28.8945
6701.294481	78.825	28.5156
6701.660691	78.825	28.0879
6702.026902	78.816	27.7188
6702.393113	78.823	27.4043
6702.759324	78.837	26.9492
6703.125535	78.825	26.4678
6703.491746	78.812	26.1543
6703.857957	78.822	25.8340
6704.224168	78.829	25.3887
6704.590379	78.822	24.9746
6704.956590	78.822	24.6016
6705.322801	78.822	24.1807
6705.689012	78.813	23.8008
6706.055223	78.815	23.4766
6706.421434	78.826	23.0391
6706.787645	78.815	22.5488
6707.153856	78.796	22.2227
6707.520067	78.803	21.9414
6707.886278	78.812	21.5029
6708.252489	78.801	21.0938
6708.618700	78.802	20.7930
6708.984911	78.816	20.3535
6709.351122	78.803	19.8711
6709.717333	78.788	19.5820
6710.083544	78.802	19.2695
6710.449755	78.809	18.7949
6710.815966	78.797	18.3867
6711.182177	78.795	18.0664
6711.548388	78.801	17.6973
6711.914599	78.806	17.3125
6712.280810	78.815	16.8848
6712.647020	78.812	16.3887
6713.013231	78.794	15.9961
6713.379442	78.794	15.6914
6713.745653	78.803	15.2715
6714.111864	78.792	14.8193
6714.478075	78.779	14.5195
6714.844286	78.791	14.2314
6715.210497	78.807	13.7910
6715.576708	78.806	13.3125
6715.942919	78.800	12.8916
6716.309130	78.794	12.4902
6716.675341	78.789	12.1230
6717.041552	78.792	11.7627
6717.407763	78.795	11.3223
6717.773974	78.783	10.9014
6718.140185	78.775	10.5967
6718.506396	78.785	10.2734
6718.872607	78.795	9.8457
6719.238818	78.794	9.3926
6719.605029	78.786	8.9678
6719.971240	78.777	8.6055
6720.337451	78.779	8.2695
6720.703662	78.783	7.8516
6721.069873	78.773	7.4424
6721.436084	78.769	7.1387
6721.802295	78.782	6.7715
6722.168506	78.784	6.2871
6722.534717	78.771	5.8887
6722.900928	78.772	5.5518
6723.267139	78.775	5.1094
6723.633350	78.761	4.6885
6723.999560	78.755	4.3984
6724.365771	78.769	4.0439
6724.731982	78.772	3.5449
6725.098193	78.754	3.1348
6725.464404	78.750	2.8574
6725.830615	78.764	2.4863
6726.196826	78.763	2.0225
6726.563037	78.751	1.6680
6726.929248	78.757	1.3740
6727.295459	78.773	0.9707
6727.661670	78.776	0.5059
6728.027881	78.772	0.0898
6728.394092	78.772	-0.3125
6728.760303	78.768	-0.7373
6729.126514	78.758	-1.1152
6729.492725	78.756	-1.4268
6729.858936	78.767	-1.7949
6730.225147	78.767	-2.2422
6730.591358	78.757	-2.6074
6730.957569	78.764	-2.9082
6731.323780	78.782	-3.3545
6731.689991	78.775	-3.8838
6732.056202	78.754	-4.2734
6732.422413	78.749	-4.5703
6732.788624	78.754	-4.9238
6733.154835	78.756	-5.3262
6733.521046	78.753	-5.7246
6733.887257	78.750	-6.0850
6734.253468	78.756	-6.4619
6734.619679	78.757	-6.9287
6734.985889	78.738	-7.3320
6735.352100	78.733	-7.5723
6735.718311	78.756	-7.9131
6736.084522	78.764	-8.4434
6736.450733	78.748	-8.8867
6736.816944	78.744	-9.2334
6737.183155	78.744	-9.6543
6737.549366	78.732	-10.0469
6737.915577	78.729	-10.3711
6738.281788	78.732	-10.7539
6738.647999	78.728	-11.1445
6739.014210	78.727	-11.4922
6739.380421	78.731	-11.8691
6739.746632	78.732	-12.2520
6740.112843	78.739	-12.6426
6740.479054	78.743	-13.1055
6740.845265	78.734	-13.5547
6741.211476	78.725	-13.9248
6741.577687	78.723	-14.2930
6741.943898	78.722	-14.6641
6742.310109	78.726	-15.0352
6742.676320	78.730	-15.4688
6743.042531	78.722	-15.9102
6743.408742	78.712	-16.2666
6743.774953	78.712	-16.5957
6744.141164	78.716	-16.9658
6744.507375	78.717	-17.3574
6744.873586	78.716	-17.7295
6745.239797	78.719	-18.0781
6745.606008	78.727	-18.4570
6745.972219	78.733	-18.8906
6746.338429	78.730	-19.3115
6746.704640	78.728	-19.6953
6747.070851	78.729	-20.1113
6747.437062	78.721	-20.5234
6747.803273	78.715	-20.8555
6748.169484	78.722	-21.2227
6748.535695	78.720	-21.6738
6748.901906	78.705	-22.0195
6749.268117	78.712	-22.2871
6749.634328	78.730	-22.7178
6750.000539	78.725	-23.2090
6750.366750	78.716	-23.5645
6750.732961	78.722	-23.9473
6751.099172	78.719	-24.3945
6751.465383	78.713	-24.7627
6751.831594	78.718	-25.1729
6752.197805	78.705	-25.6309
6752.564016	78.689	-25.8926
6752.930227	78.712	-26.1670
6753.296438	78.727	-26.7227
6753.662649	78.700	-27.1865
6754.028860	78.691	-27.3809
6754.395071	78.719	-27.7344
6754.761282	78.719	-28.2793
6755.127493	78.698	-28.6289
6755.493704	78.706	-28.8770
6755.859915	78.725	-29.3066
6756.226126	78.722	-29.7910
6756.592337	78.712	-30.1699
6756.958548	78.711	-30.5430
6757.324758	78.705	-30.9346
6757.690969	78.697	-31.2598
6758.057180	78.702	-31.5488
6758.423391	78.718	-31.9131
6758.789602	78.729	-32.3936
6759.155813	78.718	-32.8799
6759.522024	78.702	-33.2324
6759.888235	78.705	-33.5410
6760.254446	78.711	-33.9551
6760.620657	78.704	-34.3652
6760.986868	78.704	-34.6934
6761.353079	78.715	-35.1055
6761.719290	78.709	-35.5801
6762.085501	78.696	-35.9395
6762.451712	78.699	-36.2598
6762.817923	78.705	-36.6621
6763.184134	78.705	-37.0742
6763.550345	78.704	-37.4727
6763.916556	78.701	-37.8633
6764.282767	78.703	-38.2109
6764.648978	78.715	-38.6250
6765.015189	78.712	-39.1279
6765.381400	78.692	-39.5049
6765.747611	78.694	-39.7744
6766.113822	78.710	-40.1875
6766.480033	78.704	-40.6758
6766.846244	78.690	-41.0322
6767.212455	78.692	-41.3604
6767.578666	78.692	-41.7578
6767.944877	78.685	-42.1035
6768.311088	78.692	-42.4121
6768.677298	78.704	-42.8203
6769.043509	78.703	-43.2637
6769.409720	78.699	-43.6416
6769.775931	78.701	-44.0264
6770.142142	78.699	-44.4385
6770.508353	78.695	-44.8096
6770.874564	78.697	-45.1855
6771.240775	78.694	-45.5928
6771.606986	78.688	-45.9355
6771.973197	78.697	-46.2627
6772.339408	78.709	-46.7109
6772.705619	78.703	-47.1836
6773.071830	78.692	-47.5430
6773.438041	78.697	-47.8906
6773.804252	78.702	-48.3184
6774.170463	78.698	-48.7480
6774.536674	78.693	-49.1406
6774.902885	78.691	-49.5352
6775.269096	78.686	-49.9336
6775.635307	78.680	-50.3076
6776.001518	78.676	-50.6387
6776.367729	78.684	-50.9707
6776.733940	78.696	-51.3965
6777.100151	78.691	-51.8750
6777.466362	78.677	-52.2383
6777.832573	78.679	-52.5410
6778.198784	78.688	-52.9346
6778.564995	78.686	-53.3428
6778.931206	78.688	-53.7051
6779.297417	78.692	-54.1113
6779.663628	78.688	-54.5078
6780.029838	78.691	-54.8555
6780.396049	78.700	-55.3008
6780.762260	78.687	-55.7676
6781.128471	78.673	-56.0723
6781.494682	78.682	-56.3828
6781.860893	78.687	-56.8086
6782.227104	78.683	-57.1885
6782.593315	78.689	-57.5703
6782.959526	78.687	-58.0254
6783.325737	78.676	-58.3867
6783.691948	78.681	-58.7090
6784.058159	78.687	-59.1504
6784.424370	78.676	-59.5469
6784.790581	78.680	-59.8379
6785.156792	78.698	-60.2500
6785.523003	78.697	-60.7344
6785.889214	78.693	-61.1172
6786.255425	78.702	-61.5371
6786.621636	78.694	-62.0332
6786.987847	78.673	-62.3652
6787.354058	78.682	-62.5938
6787.720269	78.708	-63.0234
6788.086480	78.705	-63.5664
6788.452691	78.686	-63.9385
6788.818902	78.686	-64.2139
6789.185113	78.699	-64.5742
6789.551324	78.706	-64.9873
6789.917535	78.709	-65.4121
6790.283746	78.706	-65.8516
6790.649957	78.693	-66.2344
6791.016167	78.687	-66.5254
6791.382378	78.698	-66.8340
6791.748589	78.711	-67.2578
6792.114800	78.706	-67.7295
6792.481011	78.692	-68.0996
6792.847222	78.690	-68.3984
6793.213433	78.696	-68.7734
6793.579644	78.691	-69.1621
6793.945855	78.692	-69.4688
6794.312066	78.709	-69.8516
6794.678277	78.712	-70.3574
6795.044488	78.699	-70.7793
6795.410699	78.699	-71.1348
6795.776910	78.701	-71.5830
6796.143121	78.687	-72.0137
6796.509332	78.677	-72.3301
6796.875543	78.682	-72.6738
6797.241754	78.683	-73.0664
6797.607965	78.684	-73.4277
6797.974176	78.691	-73.8223
6798.340387	78.690	-74.2490
6798.706598	78.688	-74.6055
6799.072809	78.699	-74.9805
6799.439020	78.704	-75.4590
6799.805231	78.693	-75.8896
6800.171442	78.688	-76.2285
6800.537653	78.692	-76.5957
6800.903864	78.692	-76.9688
6801.270075	78.700	-77.3340
6801.636286	78.707	-77.7930
6802.002497	78.693	-78.2598
6802.368707	78.675	-78.5488
6802.734918	78.685	-78.7686
6803.101129	78.712	-79.1729
6803.467340	78.715	-79.7324
6803.833551	78.691	-80.1680
6804.199762	78.680	-80.4248
6804.565973	78.693	-80.7363
6804.932184	78.699	-81.1709
6805.298395	78.693	-81.5723
6805.664606	78.692	-81.9258
6806.030817	78.693	-82.3145
6806.397028	78.690	-82.6816
6806.763239	78.695	-83.0146
6807.129450	78.707	-83.4209
6807.495661	78.710	-83.9102
6807.861872	78.698	-84.3652
6808.228083	78.684	-84.7148
6808.594294	78.684	-85.0225
6808.960505	78.694	-85.4062
6809.326716	78.694	-85.8516
6809.692927	78.686	-86.2363
6810.059138	78.686	-86.5664
6810.425349	78.697	-86.9492
6810.791560	78.702	-87.4072
6811.157771	78.694	-87.8496
6811.523982	78.686	-88.1973
6811.890193	78.693	-88.5391
6812.256404	78.699	-88.9844
6812.622615	78.686	-89.3828
6812.988826	78.687	-89.6426
6813.355036	78.712	-90.0430
6813.721247	78.709	-90.5967
6814.087458	78.684	-90.9336
6814.453669	78.696	-91.1504
6814.819880	78.720	-91.6074
6815.186091	78.710	-92.1113
6815.552302	78.701	-92.4219
6815.918513	78.715	-92.7754
6816.284724	78.719	-93.2637
6816.650935	78.707	-93.6924
6817.017146	78.698	-94.0508
6817.383357	78.692	-94.4043
6817.749568	78.688	-94.7070
6818.115779	78.699	-95.0176
6818.481990	78.712	-95.4414
6818.848201	78.709	-95.8828
6819.214412	78.705	-96.2266
6819.580623	78.718	-96.5762
6819.946834	78.731	-97.0488
6820.313045	78.728	-97.5518
6820.679256	78.717	-97.9980
6821.045467	78.705	-98.4062
6821.411678	78.692	-98.7461
6821.777889	78.693	-99.0488
6822.144100	78.701	-99.4268
6822.510311	78.698	-99.8281
6822.876522	78.698	-100.1631
6823.242733	78.708	-100.5352
6823.608944	78.710	-100.9648
6823.975155	78.706	-101.3340
6824.341366	78.713	-101.6836
6824.707576	78.720	-102.1094
6825.073787	78.715	-102.5332
6825.439998	78.710	-102.8672
6825.806209	78.720	-103.1943
6826.172420	78.735	-103.6328
6826.538631	78.732	-104.1348
6826.904842	78.715	-104.5293
6827.271053	78.711	-104.8193
6827.637264	78.722	-105.1719
6828.003475	78.726	-105.6113
6828.369686	78.719	-106.0137
6828.735897	78.716	-106.3398
6829.102108	78.725	-106.6748
6829.468319	78.737	-107.0898
6829.834530	78.740	-107.5566
6830.200741	78.732	-107.9785
6830.566952	78.729	-108.3418
6830.933163	78.732	-108.7227
6831.299374	78.733	-109.1387
6831.665585	78.730	-109.5352
6832.031796	78.727	-109.9180
6832.398007	78.724	-110.2910
6832.764218	78.723	-110.6211
6833.130429	78.734	-110.9775
6833.496640	78.741	-111.4395
6833.862851	78.728	-111.8555
6834.229062	78.725	-112.1348
6834.595273	78.744	-112.5039
6834.961484	78.745	-113.0010
6835.327695	78.731	-113.3730
6835.693906	78.738	-113.6777
6836.060116	78.750	-114.1309
6836.426327	78.738	-114.5889
6836.792538	78.727	-114.8936
6837.158749	78.738	-115.1973
6837.524960	78.752	-115.6221
6837.891171	78.754	-116.1055
6838.257382	78.743	-116.5488
6838.623593	78.732	-116.9053
6838.989804	78.732	-117.2383
6839.356015	78.735	-117.6104
6839.722226	78.736	-117.9922
6840.088437	78.739	-118.3730
6840.454648	78.740	-118.7773
6840.820859	78.737	-119.1699
6841.187070	78.736	-119.5215
6841.553281	78.743	-119.8809
6841.919492	78.751	-120.3066
6842.285703	78.748	-120.7500
6842.651914	78.741	-121.1230
6843.018125	78.743	-121.4746
6843.384336	78.746	-121.8623
6843.750547	78.747	-122.2285
6844.116758	78.757	-122.6191
6844.482969	78.760	-123.0938
6844.849180	78.747	-123.5059
6845.215391	78.745	-123.8281
6845.581602	78.752	-124.2227
6845.947813	78.747	-124.6406
6846.314024	78.744	-124.9727
6846.680235	78.753	-125.3330
6847.046445	78.759	-125.7773
6847.412656	78.753	-126.2080
6847.778867	78.744	-126.5801
6848.145078	78.742	-126.9102
6848.511289	78.747	-127.2559
6848.877500	78.752	-127.6514
6849.243711	78.752	-128.0293
6849.609922	78.757	-128.3809
6849.976133	78.768	-128.7949
6850.342344	78.770	-129.2461
6850.708555	78.768	-129.6729
6851.074766	78.763	-130.1035
6851.440977	78.750	-130.4863
6851.807188	78.747	-130.7686
6852.173399	78.765	-131.1094
6852.539610	78.777	-131.6045
6852.905821	78.767	-132.0801
6853.272032	78.757	-132.4492
6853.638243	78.754	-132.8027
6854.004454	78.755	-133.1445
6854.370665	78.766	-133.5020
6854.736876	78.776	-133.9668
6855.103087	78.766	-134.4102
6855.469298	78.764	-134.7324
6855.835509	78.777	-135.1406
6856.201720	78.771	-135.6367
6856.567931	78.753	-135.9629
6856.934142	78.762	-136.2256
6857.300353	78.777	-136.6562
6857.666564	78.771	-137.0879
6858.032775	78.769	-137.3965
6858.398985	78.784	-137.7666
6858.765196	78.788	-138.2246
6859.131407	78.784	-138.6328
6859.497618	78.783	-139.0176
6859.863829	78.780	-139.4160
6860.230040	78.775	-139.7754
6860.596251	78.778	-140.1250
6860.962462	78.780	-140.5127
6861.328673	78.779	-140.8906
6861.694884	78.781	-141.2578
6862.061095	78.783	-141.6484
6862.427306	78.783	-142.0273
6862.793517	78.788	-142.4121
6863.159728	78.789	-142.8457
6863.525939	78.780	-143.2305
6863.892150	78.782	-143.5322
6864.258361	78.800	-143.9180
6864.624572	78.806	-144.4336
6864.990783	78.791	-144.8770
6865.356994	78.785	-145.1807
6865.723205	78.800	-145.5488
6866.089416	78.804	-146.0498
6866.455627	78.786	-146.4590
6866.821838	78.784	-146.7266
6867.188049	78.802	-147.1016
6867.554260	78.803	-147.5820
6867.920471	78.793	-147.9375
6868.286682	78.804	-148.2539
6868.652893	78.817	-148.7148
6869.019104	78.809	-149.1738
6869.385314	78.803	-149.5195
6869.751525	78.810	-149.9014
6870.117736	78.808	-150.3398
6870.483947	78.800	-150.7051
6870.850158	78.803	-151.0449
6871.216369	78.809	-151.4570
6871.582580	78.805	-151.8750
6871.948791	78.801	-152.2285
6872.315002	78.807	-152.5918
6872.681213	78.812	-153.0273
6873.047424	78.805	-153.4619
6873.413635	78.796	-153.8086
6873.779846	78.800	-154.1230
6874.146057	78.811	-154.5117
6874.512268	78.815	-154.9512
6874.878479	78.813	-155.3574
6875.244690	78.813	-155.7441
6875.610901	78.814	-156.1270
6875.977112	78.818	-156.5059
6876.343323	78.823	-156.9199
6876.709534	78.821	-157.3330
6877.075745	78.821	-157.6934
6877.441956	78.830	-158.0938
6877.808167	78.828	-158.5488
6878.174378	78.817	-158.9102
6878.540589	78.822	-159.2168
6878.906800	78.833	-159.6211
6879.273011	78.830	-160.0488
6879.639222	78.826	-160.3926
6880.005433	78.833	-160.7256
6880.371644	78.843	-161.1152
6880.737854	78.851	-161.5469
6881.104065	78.851	-161.9912
6881.470276	78.846	-162.4033
6881.836487	78.843	-162.7803
6882.202698	78.844	-163.1602
6882.568909	78.847	-163.5488
6882.935120	78.850	-163.9609
6883.301331	78.849	-164.4014
6883.667542	78.840	-164.8027
6884.033753	78.836	-165.1465
6884.399964	78.839	-165.5000
6884.766175	78.843	-165.8760
6885.132386	78.850	-166.2510
6885.498597	78.861	-166.6846
6885.864808	78.860	-167.1719
6886.231019	78.848	-167.5762
6886.597230	78.847	-167.8916
6886.963441	78.859	-168.2822
6887.329652	78.859	-168.7578
6887.695863	78.845	-169.1426
6888.062074	78.843	-169.4238
6888.428285	78.857	-169.7598
6888.794496	78.868	-170.1846
6889.160707	78.870	-170.6055
6889.526918	78.872	-171.0117
6889.893129	78.872	-171.4258
6890.259340	78.867	-171.8184
6890.625551	78.865	-172.1816
6890.991762	78.865	-172.5508
6891.357973	78.862	-172.9209
6891.724183	78.860	-173.2412
6892.090394	78.871	-173.5576
6892.456605	78.886	-173.9805
6892.822816	78.885	-174.4590
6893.189027	78.874	-174.8438
6893.555238	78.874	-175.1680
6893.921449	78.882	-175.5449
6894.287660	78.886	-175.9678
6894.653871	78.885	-176.3887
6895.020082	78.880	-176.7871
6895.386293	78.877	-177.1455
6895.752504	78.882	-177.5186
6896.118715	78.884	-177.9414
6896.484926	78.880	-178.3320
6896.851137	78.883	-178.6934
6897.217348	78.891	-179.1172
6897.583559	78.889	-179.5664
6897.949770	78.883	-179.9648
6898.315981	78.881	179.6621
6898.682192	78.883	179.2881
6899.048403	78.888	178.8799
6899.414614	78.885	178.4375
6899.780825	78.874	178.0723
6900.147036	78.878	177.7744
6900.513247	78.894	177.3672
6900.879458	78.892	176.8711
6901.245669	78.875	176.4922
6901.611880	78.874	176.1973
6901.978091	78.883	175.8281
6902.344302	78.884	175.4229
6902.710513	78.883	175.0566
6903.076723	78.888	174.6738
6903.442934	78.889	174.2598
6903.809145	78.886	173.8633
6904.175356	78.883	173.4766
6904.541567	78.879	173.1152
6904.907778	78.883	172.7871
6905.273989	78.897	172.3838
6905.640200	78.897	171.8906
6906.006411	78.882	171.5029
6906.372622	78.886	171.2070
6906.738833	78.901	170.7578
6907.105044	78.889	170.2666
6907.471255	78.877	169.9775
6907.837466	78.897	169.6406
6908.203677	78.902	169.0811
6908.569888	78.872	168.6855
6908.936099	78.873	168.5020
6909.302310	78.902	168.1074
6909.668521	78.901	167.5859
6910.034732	78.891	167.2227
6910.400943	78.896	166.8613
6910.767154	78.896	166.4521
6911.133365	78.897	166.1064
6911.499576	78.906	165.6885
6911.865787	78.898	165.2441
6912.231998	78.892	164.9482
6912.598209	78.910	164.5693
6912.964420	78.907	164.0332
6913.330631	78.880	163.6875
6913.696842	78.885	163.4805
6914.063053	78.909	163.0801
6914.429263	78.908	162.5781
6914.795474	78.896	162.1934
6915.161685	78.896	161.8604
6915.527896	78.902	161.4834
6915.894107	78.905	161.0703
6916.260318	78.902	160.6680
6916.626529	78.901	160.3066
6916.992740	78.908	159.9307
6917.358951	78.913	159.5039
6917.725162	78.913	159.0840
6918.091373	78.914	158.6758
6918.457584	78.912	158.2500
6918.823795	78.905	157.8623
6919.190006	78.905	157.5195
6919.556217	78.913	157.1367
6919.922428	78.917	156.7090
6920.288639	78.915	156.2930
6920.654850	78.911	155.9043
6921.021061	78.910	155.5469
6921.387272	78.918	155.1953
6921.753483	78.930	154.7617
6922.119694	78.928	154.2676
6922.485905	78.912	153.8584
6922.852116	78.906	153.5449
6923.218327	78.913	153.2021
6923.584538	78.917	152.7852
6923.950749	78.911	152.3760
6924.316960	78.905	152.0518
6924.683171	78.915	151.7373
6925.049382	78.928	151.2959
6925.415592	78.919	150.8330
6925.781803	78.909	150.5195
6926.148014	78.923	150.1895
6926.514225	78.928	149.7100
6926.880436	78.912	149.3262
6927.246647	78.918	149.0547
6927.612858	78.938	148.6035
6927.979069	78.926	148.0791
6928.345280	78.905	147.7617
6928.711491	78.911	147.4922
6929.077702	78.922	147.0957
6929.443913	78.922	146.6895
6929.810124	78.925	146.3086
6930.176335	78.927	145.9082
6930.542546	78.929	145.5254
6930.908757	78.938	145.1133
6931.274968	78.940	144.6299
6931.641179	78.929	144.1836
6932.007390	78.919	143.8262
6932.373601	78.919	143.4980
6932.739812	78.929	143.1230
6933.106023	78.936	142.6641
6933.472234	78.927	142.2100
6933.838445	78.916	141.8682
6934.204656	78.922	141.5586
6934.570867	78.936	141.1523
6934.937078	78.936	140.6885
6935.303289	78.926	140.3008
6935.669500	78.926	139.9941
6936.035711	78.941	139.6318
6936.401922	78.950	139.1738
6936.768132	78.946	138.7334
6937.134343	78.942	138.3477
6937.500554	78.940	137.9648
6937.866765	78.939	137.5918
6938.232976	78.941	137.2168
6938.599187	78.942	136.8066
6938.965398	78.936	136.4141
6939.331609	78.933	136.0703
6939.697820	78.938	135.7129
6940.064031	78.941	135.3164
6940.430242	78.942	134.9121
6940.796453	78.942	134.5000
6941.162664	78.936	134.0918
6941.528875	78.930	133.7344
6941.895086	78.934	133.4043
6942.261297	78.945	132.9922
6942.627508	78.943	132.5156
6942.993719	78.931	132.1299
6943.359930	78.934	131.8086
6943.726141	78.945	131.3867
6944.092352	78.941	130.9209
6944.458563	78.932	130.5488
6944.824774	78.935	130.1953
6945.190985	78.939	129.7803
6945.557196	78.935	129.3730
6945.923407	78.932	129.0254
6946.289618	78.939	128.6875
6946.655829	78.952	128.2754
6947.022040	78.953	127.7988
6947.388251	78.941	127.4004
6947.754461	78.940	127.0898
6948.120672	78.950	126.7100
6948.486883	78.949	126.2988
6948.853094	78.949	125.9688
6949.219305	78.963	125.5947
6949.585516	78.967	125.1299
6949.951727	78.961	124.7227
6950.317938	78.963	124.3457
6950.684149	78.960	123.9297
6951.050360	78.953	123.5938
6951.416571	78.965	123.2861
6951.782782	78.983	122.8203
6952.148993	78.977	122.2988
6952.515204	78.961	121.9131
6952.881415	78.960	121.5762
6953.247626	78.962	121.1797
6953.613837	78.958	120.8047
6953.980048	78.963	120.4609
6954.346259	78.975	120.0322
6954.712470	78.972	119.5488
6955.078681	78.958	119.1484
6955.444892	78.953	118.8223
6955.811103	78.958	118.4883
6956.177314	78.970	118.1152
6956.543525	78.982	117.6562
6956.909736	78.977	117.1348
6957.275947	78.954	116.7295
6957.642158	78.945	116.4834
6958.008369	78.963	116.1895
6958.374580	78.981	115.7207
6958.740791	78.974	115.2217
6959.107001	78.960	114.8604
6959.473212	78.963	114.5674
6959.839423	78.979	114.1699
6960.205634	78.982	113.6865
6960.571845	78.972	113.2646
6960.938056	78.967	112.9141
6961.304267	78.972	112.5430
6961.670478	78.974	112.1211
6962.036689	78.968	111.7227
6962.402900	78.967	111.3867
6962.769111	78.978	111.0059
6963.135322	78.981	110.5371
6963.501533	78.971	110.1270
6963.867744	78.971	109.7988
6964.233955	78.982	109.3926
6964.600166	78.981	108.9180
6964.966377	78.969	108.5117
6965.332588	78.964	108.1855
6965.698799	78.971	107.8496
6966.065010	78.982	107.4336
6966.431221	78.981	106.9756
6966.797432	78.972	106.6084
6967.163643	78.980	106.2793
6967.529854	78.991	105.8418
6967.896065	78.985	105.3984
6968.262276	78.983	105.0527
6968.628487	78.993	104.6621
6968.994698	78.993	104.1973
6969.360909	78.981	103.8184
6969.727120	78.983	103.5186
6970.093331	79.000	103.1426
6970.459541	79.008	102.6406
6970.825752	78.993	102.1602
6971.191963	78.975	101.8496
6971.558174	78.983	101.5918
6971.924385	79.001	101.1797
6972.290596	78.999	100.7090
6972.656807	78.992	100.3418
6973.023018	78.997	99.9727
6973.389229	78.997	99.5547
6973.755440	78.995	99.1934
6974.121651	79.006	98.8066
6974.487862	79.007	98.3145
6974.854073	78.991	97.8955
6975.220284	78.986	97.5928
6975.586495	78.995	97.2285
6975.952706	78.997	96.8008
6976.318917	78.995	96.4150
6976.685128	78.999	96.0283
6977.051339	79.002	95.5977
6977.417550	78.996	95.1816
6977.783761	78.992	94.8242
6978.149972	78.998	94.4873
6978.516183	79.012	94.0723
6978.882394	79.015	93.5723
6979.248605	79.002	93.1230
6979.614816	78.991	92.7695
6979.981027	78.989	92.4512
6980.347238	78.996	92.1328
6980.713449	79.011	91.7422
6981.079660	79.016	91.2695
6981.445870	79.008	90.8643
6981.812081	79.011	90.5107
6982.178292	79.015	90.0889
6982.544503	79.009	89.7012
6982.910714	79.013	89.3750
6983.276925	79.024	88.9629
6983.643136	79.023	88.5254
6984.009347	79.025	88.1445
6984.375558	79.030	87.7012
6984.741769	79.020	87.2422
6985.107980	79.007	86.9033
6985.474191	79.009	86.5928
6985.840402	79.016	86.2324
6986.206613	79.024	85.8438
6986.572824	79.030	85.4004
6986.939035	79.025	84.9609
6987.305246	79.018	84.5938
6987.671457	79.021	84.2441
6988.037668	79.028	83.8428
6988.403879	79.028	83.4121
6988.770090	79.022	83.0361
6989.136301	79.029	82.7109
6989.502512	79.047	82.2656
6989.868723	79.041	81.7080
6990.234934	79.013	81.3213
6990.601145	79.008	81.1074
6990.967356	79.028	80.7852
6991.333567	79.039	80.3320
6991.699778	79.039	79.9043
6992.065989	79.043	79.5020
6992.432200	79.047	79.0488
6992.798410	79.039	78.5781
6993.164621	79.023	78.1953
6993.530832	79.017	77.9023
6993.897043	79.026	77.5879
6994.263254	79.040	77.1826
6994.629465	79.046	76.7119
6994.995676	79.038	76.2578
6995.361887	79.031	75.8955
6995.728098	79.037	75.5283
6996.094309	79.041	75.0742
6996.460520	79.032	74.6602
6996.826731	79.033	74.2988
6997.192942	79.036	73.8623
6997.559153	79.026	73.4395
6997.925364	79.021	73.1123
6998.291575	79.028	72.7520
6998.657786	79.032	72.3418
6999.023997	79.034	71.9434
6999.390208	79.036	71.5225
6999.756419	79.030	71.1191
7000.122630	79.028	70.7861
7000.488841	79.038	70.4297
7000.855052	79.048	69.9941
7001.221263	79.047	69.5303
7001.587474	79.036	69.1309
7001.953685	79.033	68.8262
7002.319896	79.049	68.4688
7002.686107	79.056	67.9844
7003.052318	79.046	67.5586
7003.418529	79.047	67.2188
7003.784739	79.054	66.7852
7004.150950	79.044	66.3428
7004.517161	79.037	66.0254
7004.883372	79.047	65.6699
7005.249583	79.049	65.2402
7005.615794	79.047	64.8809
7005.982005	79.057	64.5020
7006.348216	79.061	64.0459
7006.714427	79.058	63.6426
7007.080638	79.063	63.2275
7007.446849	79.057	62.7490
7007.813060	79.039	62.4033
7008.179271	79.046	62.1309
7008.545482	79.062	61.6836
7008.911693	79.051	61.2109
7009.277904	79.040	60.9023
7009.644115	79.050	60.5859
7010.010326	79.060	60.1641
7010.376537	79.062	59.7363
7010.742748	79.062	59.3125
7011.108959	79.057	58.8887
7011.475170	79.050	58.5205
7011.841381	79.052	58.1719
7012.207592	79.058	57.7852
7012.573803	79.062	57.3516
7012.940014	79.058	56.9131
7013.306225	79.052	56.5391
7013.672436	79.057	56.1895
7014.038647	79.066	55.7422
7014.404858	79.060	55.2666
7014.771069	79.049	54.8965
7015.137279	79.053	54.5547
7015.503490	79.059	54.1328
7015.869701	79.056	53.7021
7016.235912	79.052	53.3330
7016.602123	79.057	52.9668
7016.968334	79.063	52.5527
7017.334545	79.064	52.1279
7017.700756	79.062	51.7344
7018.066967	79.065	51.3574
7018.433178	79.070	50.9502
7018.799389	79.070	50.5273
7019.165600	79.068	50.1348
7019.531811	79.069	49.7461
7019.898022	79.067	49.3447
7020.264233	79.064	48.9912
7020.630444	79.073	48.6514
7020.996655	79.085	48.2090
7021.362866	79.081	47.7188
7021.729077	79.067	47.3262
7022.095288	79.065	46.9980
7022.461499	79.070	46.6152
7022.827710	79.068	46.1992
7023.193921	79.063	45.8291
7023.560132	79.063	45.4951
7023.926343	79.072	45.1387
7024.292554	79.083	44.7246
7024.658765	79.088	44.2676
7025.024976	79.085	43.8223
7025.391187	79.081	43.4238
7025.757398	79.084	43.0254
7026.123608	79.085	42.5781
7026.489819	79.075	42.1680
7026.856030	79.075	41.8418
7027.222241	79.089	41.4395
7027.588452	79.089	40.9219
7027.954663	79.068	40.5166
7028.320874	79.064	40.2607
7028.687085	79.084	39.9023
7029.053296	79.091	39.4023
7029.419507	79.081	38.9688
7029.785718	79.078	38.6162
7030.151929	79.082	38.2227
7030.518140	79.079	37.8145
7030.884351	79.078	37.4512
7031.250562	79.082	37.0791
7031.616773	79.087	36.6738
7031.982984	79.089	36.2617
7032.349195	79.092	35.8496
7032.715406	79.093	35.4141
7033.081617	79.086	34.9805
7033.447828	79.076	34.6133
7033.814039	79.076	34.3008
7034.180250	79.087	33.9219
7034.546461	79.089	33.4863
7034.912672	79.086	33.0977
7035.278883	79.089	32.7354
7035.645094	79.096	32.3438
7036.011305	79.103	31.9121
7036.377516	79.102	31.4238
7036.743727	79.084	30.9961
7037.109938	79.073	30.7236
7037.476148	79.087	30.4102
7037.842359	79.094	29.9688
7038.208570	79.089	29.5977
7038.574781	79.101	29.2539
7038.940992	79.112	28.7715
7039.307203	79.102	28.3184
7039.673414	79.101	27.9648
7040.039625	79.108	27.5176
7040.405836	79.095	27.0557
7040.772047	79.085	26.7471
7041.138258	79.097	26.3984
7041.504469	79.101	25.9219
7041.870680	79.090	25.5293
7042.236891	79.096	25.1836
7042.603102	79.102	24.7031
7042.969313	79.084	24.2578
7043.335524	79.073	24.0020
7043.701735	79.094	23.6914
7044.067946	79.109	23.1826
7044.434157	79.097	22.7109
7044.800368	79.092	22.3691
7045.166579	79.100	21.9629
7045.532790	79.093	21.5059
7045.899001	79.083	21.1973
7046.265212	79.100	20.9023
7046.631423	79.121	20.3955
7046.997634	79.111	19.8613
7047.363845	79.097	19.5039
7047.730056	79.103	19.1465
7048.096267	79.104	18.7051
7048.462478	79.098	18.3223
7048.828688	79.104	17.9512
7049.194899	79.107	17.4961
7049.561110	79.097	17.0859
7049.927321	79.097	16.7578
7050.293532	79.106	16.3535
7050.659743	79.102	15.9082
7051.025954	79.095	15.5576
7051.392165	79.103	15.2090
7051.758376	79.108	14.7715
7052.124587	79.101	14.3789
7052.490798	79.104	14.0566
7052.857009	79.117	13.6523
7053.223220	79.117	13.2002
7053.589431	79.113	12.8330
7053.955642	79.123	12.4512
7054.321853	79.126	11.9805
7054.688064	79.117	11.5703
7055.054275	79.118	11.2148
7055.420486	79.121	10.7969
7055.786697	79.116	10.3867
7056.152908	79.116	10.0293
7056.519119	79.120	9.6221
7056.885330	79.117	9.2109
7057.251541	79.119	8.8398
7057.617752	79.125	8.4014
7057.983963	79.116	7.9473
7058.350174	79.107	7.6035
7058.716385	79.113	7.2510
7059.082596	79.115	6.8164
7059.448807	79.109	6.4395
7059.815017	79.117	6.0879
7060.181228	79.124	5.6289
7060.547439	79.114	5.1934
7060.913650	79.111	4.8779
7061.279861	79.126	4.4971
7061.646072	79.130	4.0000
7062.012283	79.118	3.5762
7062.378494	79.115	3.2422
7062.744705	79.122	2.8652
7063.110916	79.126	2.4443
7063.477127	79.126	2.0293
7063.843338	79.125	1.6338
7064.209549	79.129	1.2578
7064.575760	79.138	0.8242
7064.941971	79.134	0.3330
7065.308182	79.120	-0.0518
7065.674393	79.123	-0.3574
7066.040604	79.139	-0.7949
7066.406815	79.135	-1.3184
7066.773026	79.117	-1.7344
7067.139237	79.108	-2.0488
7067.505448	79.113	-2.3711
7067.871659	79.122	-2.7480
7068.237870	79.130	-3.1660
7068.604081	79.136	-3.5996
7068.970292	79.138	-4.0684
7069.336503	79.126	-4.5254
7069.702714	79.113	-4.8438
7070.068925	79.125	-5.1270
7070.435136	79.145	-5.5918
7070.801347	79.138	-6.1133
7071.167557	79.123	-6.4688
7071.533768	79.129	-6.7900
7071.899979	79.138	-7.2383
7072.266190	79.128	-7.6777
7072.632401	79.122	-8.0107
7072.998612	79.128	-8.3691
7073.364823	79.127	-8.7861
7073.731034	79.122	-9.1406
7074.097245	79.128	-9.4697
7074.463456	79.139	-9.8809
7074.829667	79.142	-10.3262
7075.195878	79.141	-10.7676
7075.562089	79.131	-11.2109
7075.928300	79.116	-11.5498
7076.294511	79.122	-11.8291
7076.660722	79.138	-12.2363
7077.026933	79.139	-12.6895
7077.393144	79.142	-13.0762
7077.759355	79.155	-13.5508
7078.125566	79.146	-14.0938
7078.491777	79.125	-14.4873
7078.857988	79.124	-14.8047
7079.224199	79.131	-15.2090
7079.590410	79.129	-15.6309
7079.956621	79.129	-16.0137
7080.322832	79.135	-16.4150
7080.689043	79.138	-16.8525
7081.055254	79.136	-17.2656
7081.421465	79.139	-17.6465
7081.787676	79.148	-18.0879
7082.153886	79.142	-18.5742
7082.520097	79.127	-18.9395
7082.886308	79.131	-19.2500
7083.252519	79.137	-19.6641
7083.618730	79.130	-20.0332
7083.984941	79.139	-20.3154
7084.351152	79.162	-20.7568
7084.717363	79.158	-21.2812
7085.083574	79.146	-21.6621
7085.449785	79.148	-22.0332
7085.815996	79.143	-22.4590
7086.182207	79.134	-22.7910
7086.548418	79.141	-23.1328
7086.914629	79.143	-23.5586
7087.280840	79.139	-23.9160
7087.647051	79.151	-24.2793
7088.013262	79.159	-24.7988
7088.379473	79.139	-25.2949
7088.745684	79.119	-25.6074
7089.111895	79.124	-25.8818
7089.478106	79.140	-26.2803
7089.844317	79.143	-26.7842
7090.210528	79.127	-27.2285
7090.576739	79.119	-27.5566
7090.942950	79.124	-27.9150
7091.309161	79.124	-28.3223
7091.675372	79.125	-28.6719
7092.041583	79.139	-29.0527
7092.407794	79.147	-29.5371
7092.774005	79.140	-29.9932
7093.140216	79.137	-30.3828
7093.506426	79.138	-30.7910
7093.872637	79.133	-31.1934
7094.238848	79.131	-31.5342
7094.605059	79.141	-31.8682
7094.971270	79.159	-32.3008
7095.337481	79.162	-32.8252
7095.703692	79.147	-33.2646
7096.069903	79.143	-33.5703
7096.436114	79.161	-33.9424
7096.802325	79.171	-34.4766
7097.168536	79.155	-34.9932
7097.534747	79.134	-35.3457
7097.900958	79.134	-35.6299
7098.267169	79.145	-36.0117
7098.633380	79.146	-36.4551
7098.999591	79.145	-36.8340
7099.365802	79.156	-37.2520
7099.732013	79.154	-37.7891
7100.098224	79.128	-38.2217
7100.464435	79.116	-38.4678
7100.830646	79.130	-38.7637
7101.196857	79.143	-39.1924
7101.563068	79.146	-39.6289
7101.929279	79.149	-40.0518
7102.295490	79.149	-40.4854
7102.661701	79.147	-40.9062
7103.027912	79.144	-41.3184
7103.394123	79.140	-41.7148
7103.760334	79.137	-42.0801
7104.126545	79.140	-42.4453
7104.492756	79.146	-42.8398
7104.858966	79.150	-43.2695
7105.225177	79.146	-43.7188
7105.591388	79.133	-44.0986
7105.957599	79.131	-44.3848
7106.323810	79.148	-44.7285
7106.690021	79.160	-45.2051
7107.056232	79.155	-45.6660
7107.422443	79.152	-46.0449
7107.788654	79.158	-46.4619
7108.154865	79.156	-46.9336
7108.521076	79.146	-47.3457
7108.887287	79.143	-47.7148
7109.253498	79.142	-48.1182
7109.619709	79.138	-48.5000
7109.985920	79.144	-48.8633
7110.352131	79.152	-49.3262
7110.718342	79.141	-49.7930
7111.084553	79.130	-50.1270
7111.450764	79.137	-50.4727
7111.816975	79.138	-50.8916
7112.183186	79.137	-51.2422
7112.549397	79.151	-51.6152
7112.915608	79.156	-52.1045
7113.281819	79.145	-52.5078
7113.648030	79.150	-52.8379
7114.014241	79.161	-53.2793
7114.380452	79.155	-53.7363
7114.746663	79.149	-54.1152
7115.112874	79.148	-54.4932
7115.479085	79.148	-54.8496
7115.845295	79.156	-55.2285
7116.211506	79.159	-55.6904
7116.577717	79.151	-56.0996
7116.943928	79.151	-56.4688
7117.310139	79.151	-56.9004
7117.676350	79.143	-57.2852
7118.042561	79.148	-57.6426
7118.408772	79.151	-58.0996
7118.774983	79.140	-58.5156
7119.141194	79.141	-58.8594
7119.507405	79.148	-59.2988
7119.873616	79.141	-59.7510
7120.239827	79.136	-60.1250
7120.606038	79.137	-60.5234
7120.972249	79.134	-60.9180
7121.338460	79.141	-61.2812
7121.704671	79.152	-61.7422
7122.070882	79.147	-62.2402
7122.437093	79.138	-62.6348
7122.803304	79.141	-63.0186
7123.169515	79.141	-63.4824
7123.535726	79.126	-63.8887
7123.901937	79.122	-64.1680
7124.268148	79.142	-64.5098
7124.634359	79.154	-65.0254
7125.000570	79.139	-65.5000
7125.366781	79.130	-65.8223
7125.732992	79.138	-66.1855
7126.099203	79.137	-66.6162
7126.465414	79.130	-66.9600
7126.831625	79.139	-67.2969
7127.197835	79.148	-67.7305
7127.564046	79.145	-68.1562
7127.930257	79.145	-68.5391
7128.296468	79.147	-68.9375
7128.662679	79.151	-69.3408
7129.028890	79.155	-69.7891
7129.395101	79.146	-70.2734
7129.761312	79.127	-70.6211
7130.127523	79.134	-70.8711
7130.493734	79.158	-71.3145
7130.859945	79.154	-71.8818
7131.226156	79.132	-72.2617
7131.592367	79.137	-72.5605
7131.958578	79.148	-73.0234
7132.324789	79.136	-73.4922
7132.691000	79.127	-73.8242
7133.057211	79.133	-74.1875
7133.423422	79.131	-74.6152
7133.789633	79.123	-74.9434
7134.155844	79.138	-75.2402
7134.522055	79.160	-75.7168
7134.888266	79.155	-76.2891
7135.254477	79.130	-76.7012
7135.620688	79.123	-76.9746
7135.986899	79.135	-77.3311
7136.353110	79.138	-77.7773
7136.719321	79.133	-78.1855
7137.085532	79.133	-78.5742
7137.451743	79.132	-78.9814
7137.817954	79.129	-79.3760
7138.184164	79.129	-79.7656
7138.550375	79.130	-80.1680
7138.916586	79.132	-80.5752
7139.282797	79.135	-81.0068
7139.649008	79.132	-81.4512
7140.015219	79.126	-81.8535
7140.381430	79.127	-82.2227
7140.747641	79.136	-82.6523
7141.113852	79.132	-83.1475
7141.480063	79.115	-83.5303
7141.846274	79.119	-83.7852
7142.212485	79.147	-84.1943
7142.578696	79.151	-84.7656
7142.944907	79.133	-85.1797
7143.311118	79.139	-85.4941
7143.677329	79.153	-85.9609
7144.043540	79.144	-86.4434
7144.409751	79.136	-86.8066
7144.775962	79.138	-87.1855
7145.142173	79.134	-87.5850
7145.508384	79.133	-87.9258
7145.874595	79.141	-88.2891
7146.240806	79.148	-88.7275
7146.607017	79.145	-89.1787
7146.973228	79.135	-89.5762
7147.339439	79.133	-89.9238
7147.705650	79.138	-90.3184
7148.071861	79.135	-90.7656
7148.438072	79.124	-91.1621
7148.804283	79.119	-91.5137
7149.170494	79.119	-91.8711
7149.536704	79.124	-92.2441
7149.902915	79.130	-92.6836
7150.269126	79.124	-93.1475
7150.635337	79.114	-93.5127
7151.001548	79.121	-93.8750
7151.367759	79.126	-94.3428
7151.733970	79.116	-94.7793
7152.100181	79.111	-95.1357
7152.466392	79.116	-95.5205
7152.832603	79.119	-95.9375
7153.198814	79.122	-96.3750
7153.565025	79.116	-96.8359
7153.931236	79.103	-97.2256
7154.297447	79.100	-97.5430
7154.663658	79.106	-97.9160
7155.029869	79.105	-98.3105
7155.396080	79.105	-98.6543
7155.762291	79.114	-99.0176
7156.128502	79.122	-99.4219
7156.494713	79.129	-99.8438
7156.860924	79.134	-100.3125
7157.227135	79.125	-100.7715
7157.593346	79.116	-101.1387
7157.959557	79.119	-101.5039
7158.325768	79.120	-101.9229
7158.691979	79.117	-102.3164
7159.058190	79.121	-102.7051
7159.424401	79.123	-103.1494
7159.790612	79.115	-103.5625
7160.156823	79.115	-103.9121
7160.523033	79.126	-104.3320
7160.889244	79.125	-104.8193
7161.255455	79.114	-105.2266
7161.621666	79.115	-105.5967
7161.987877	79.118	-106.0195
7162.354088	79.117	-106.4316
7162.720299	79.120	-106.8594
7163.086510	79.113	-107.3418
7163.452721	79.093	-107.6875
7163.818932	79.101	-107.9258
7164.185143	79.127	-108.3857
7164.551354	79.116	-108.9531
7164.917565	79.092	-109.2715
7165.283776	79.103	-109.5215
7165.649987	79.120	-109.9678
7166.016198	79.116	-110.4258
7166.382409	79.116	-110.7949
7166.748620	79.122	-111.2275
7167.114831	79.115	-111.6836
7167.481042	79.105	-112.0312
7167.847253	79.112	-112.3496
7168.213464	79.124	-112.7744
7168.579675	79.123	-113.2500
7168.945886	79.114	-113.6445
7169.312097	79.116	-114.0098
7169.678308	79.120	-114.4551
7170.044519	79.111	-114.8906
7170.410730	79.104	-115.2490
7170.776941	79.104	-115.6152
7171.143152	79.103	-115.9746
7171.509363	79.114	-116.3281
7171.875573	79.127	-116.8105
7172.241784	79.116	-117.3145
7172.607995	79.102	-117.6455
7172.974206	79.113	-117.9746
7173.340417	79.122	-118.4512
7173.706628	79.112	-118.8994
7174.072839	79.107	-119.2490
7174.439050	79.113	-119.6250
7174.805261	79.119	-120.0625
7175.171472	79.116	-120.5273
7175.537683	79.102	-120.9473
7175.903894	79.090	-121.2598
7176.270105	79.096	-121.5459
7176.636316	79.112	-121.9395
7177.002527	79.117	-122.4102
7177.368738	79.110	-122.8438
7177.734949	79.104	-123.2109
7178.101160	79.108	-123.5781
7178.467371	79.110	-123.9883
7178.833582	79.109	-124.3809
7179.199793	79.113	-124.7568
7179.566004	79.120	-125.2031
7179.932215	79.114	-125.6699
7180.298426	79.104	-126.0547
7180.664637	79.103	-126.4141
7181.030848	79.103	-126.7842
7181.397059	79.110	-127.1445
7181.763270	79.124	-127.5859
7182.129481	79.122	-128.1094
7182.495692	79.103	-128.5342
7182.861903	79.095	-128.8477
7183.228113	79.100	-129.1787
7183.594324	79.110	-129.5537
7183.960535	79.120	-129.9834
7184.326746	79.122	-130.4668
7184.692957	79.111	-130.8965
7185.059168	79.106	-131.2480
7185.425379	79.109	-131.6191
7185.791590	79.111	-132.0020
7186.157801	79.117	-132.3848
7186.524012	79.125	-132.8359
7186.890223	79.117	-133.3027
7187.256434	79.105	-133.6582
7187.622645	79.110	-133.9795
7187.988856	79.121	-134.4004
7188.355067	79.119	-134.8633
7188.721278	79.111	-135.2637
7189.087489	79.109	-135.6250
7189.453700	79.113	-136.0098
7189.819911	79.116	-136.4258
7190.186122	79.115	-136.8506
7190.552333	79.112	-137.2559
7190.918544	79.111	-137.6582
7191.284755	79.108	-138.0723
7191.650966	79.103	-138.4629
7192.017177	79.101	-138.8301
7192.383388	79.101	-139.2031
7192.749599	79.103	-139.5566
7193.115810	79.114	-139.9395
7193.482021	79.120	-140.4141
7193.848232	79.109	-140.8438
7194.214442	79.109	-141.1621
7194.580653	79.125	-141.5830
7194.946864	79.119	-142.1084
7195.313075	79.099	-142.4629
7195.679286	79.107	-142.7285
7196.045497	79.126	-143.1797
7196.411708	79.119	-143.6953
7196.777919	79.105	-144.0596
7197.144130	79.109	-144.4043
7197.510341	79.110	-144.8291
7197.876552	79.103	-145.1953
7198.242763	79.111	-145.5156
7198.608974	79.126	-145.9727
7198.975185	79.119	-146.4766
7199.341396	79.106	-146.8252
7199.707607	79.117	-147.1709
7200.073818	79.122	-147.6680
7200.440029	79.105	-148.0889
7200.806240	79.105	-148.3809
7201.172451	79.120	-148.8105
7201.538662	79.111	-149.3066
7201.904873	79.099	-149.6426
7202.271084	79.108	-149.9941
7202.637295	79.109	-150.4619
7203.003506	79.098	-150.8330
7203.369717	79.105	-151.1641
7203.735928	79.113	-151.6289
7204.102139	79.101	-152.0762
7204.468350	79.094	-152.4219
7204.834561	79.095	-152.7998
7205.200772	79.089	-153.1689
7205.566982	79.093	-153.4707
7205.933193	79.112	-153.8594
7206.299404	79.120	-154.3691
7206.665615	79.112	-154.8477
7207.031826	79.102	-155.2695
7207.398037	79.089	-155.6562
7207.764248	79.082	-155.9590
7208.130459	79.094	-156.2676
7208.496670	79.110	-156.7344
7208.862881	79.102	-157.2236
7209.229092	79.091	-157.5771
7209.595303	79.097	-157.9180
7209.961514	79.106	-158.3418
7210.327725	79.108	-158.7930
7210.693936	79.103	-159.2607
7211.060147	79.087	-159.6680
7211.426358	79.081	-159.9375
7211.792569	79.102	-160.2793
7212.158780	79.112	-160.8154
7212.524991	79.095	-161.2910
7212.891202	79.086	-161.6270
7213.257413	79.088	-162.0234
7213.623624	79.076	-162.4238
7213.989835	79.072	-162.6982
7214.356046	79.091	-163.0293
7214.722257	79.104	-163.5273
7215.088468	79.095	-164.0117
7215.454679	79.084	-164.3799
7215.820890	79.086	-164.7090
7216.187101	79.098	-165.1016
7216.553311	79.104	-165.5889
7216.919522	79.093	-166.0557
7217.285733	79.082	-166.3994
7217.651944	79.089	-166.7480
7218.018155	79.093	-167.1836
7218.384366	79.088	-167.5840
7218.750577	79.092	-167.9648
7219.116788	79.092	-168.4219
7219.482999	79.076	-168.8008
7219.849210	79.076	-169.0449
7220.215421	79.102	-169.4082
7220.581632	79.112	-169.9355
7220.947843	79.101	-170.3984
7221.314054	79.095	-170.7861
7221.680265	79.092	-171.1855
7222.046476	79.088	-171.5566
7222.412687	79.091	-171.9521
7222.778898	79.084	-172.3916
7223.145109	79.071	-172.7256
7223.511320	79.081	-173.0244
7223.877531	79.094	-173.4893
7224.243742	79.082	-173.9551
7224.609953	79.076	-174.2695
7224.976164	79.092	-174.6865
7225.342375	79.085	-175.2412
7225.708586	79.056	-175.6113
7226.074797	79.056	-175.8350
7226.441008	79.077	-176.2168
7226.807219	79.080	-176.7090
7227.173430	79.074	-177.1250
7227.539641	79.076	-177.5381
7227.905851	79.070	-177.9766
7228.272062	79.060	-178.3223
7228.638273	79.068	-178.6406
7229.004484	79.082	-179.0645
7229.370695	79.084	-179.5293
7229.736906	79.082	-179.9473
7230.103117	79.082	179.6406
7230.469328	79.080	179.2188
7230.835539	79.076	178.8047
7231.201750	79.068	178.4180
7231.567961	79.064	178.0938
7231.934172	79.074	177.7598
7232.300383	79.084	177.3105
7232.666594	79.077	176.8652
7233.032805	79.073	176.5195
7233.399016	79.082	176.1270
7233.765227	79.079	175.6533
7234.131438	79.066	175.2695
7234.497649	79.067	174.9531
7234.863860	79.077	174.5312
7235.230071	79.070	174.0742
7235.596282	79.061	173.7207
7235.962493	79.067	173.3779
7236.328704	79.074	172.9531
7236.694915	79.074	172.5176
7237.061126	79.073	172.0967
7237.427337	79.071	171.6660
7237.793548	79.067	171.2637
7238.159759	79.068	170.8711
7238.525970	79.068	170.4277
7238.892181	79.060	170.0098
7239.258391	79.058	169.6367
7239.624602	79.057	169.2148
7239.990813	79.046	168.8184
7240.357024	79.043	168.5156
7240.723235	79.056	168.1406
7241.089446	79.057	167.6680
7241.455657	79.046	167.2812
7241.821868	79.048	166.9414
7242.188079	79.052	166.5332
7242.554290	79.050	166.1543
7242.920501	79.061	165.7715
7243.286712	79.066	165.2529
7243.652923	79.044	164.7871
7244.019134	79.031	164.5029
7244.385345	79.043	164.1611
7244.751556	79.044	163.7012
7245.117767	79.035	163.3271
7245.483978	79.043	162.9746
7245.850189	79.048	162.5020
7246.216400	79.035	162.0674
7246.582611	79.030	161.7510
7246.948822	79.043	161.3857
7247.315033	79.052	160.9102
7247.681244	79.047	160.4336
7248.047455	79.039	160.0195
7248.413666	79.036	159.6367
7248.779877	79.036	159.2168
7249.146088	79.028	158.8203
7249.512299	79.028	158.5078
7249.878510	79.047	158.1172
7250.244720	79.051	157.5840
7250.610931	79.035	157.1523
7250.977142	79.034	156.8281
7251.343353	79.042	156.3984
7251.709564	79.034	155.9551
7252.075775	79.029	155.6074
7252.441986	79.034	155.2109
7252.808197	79.025	154.7969
7253.174408	79.018	154.5156
7253.540619	79.037	154.2236
7253.906830	79.058	153.7451
7254.273041	79.053	153.2197
7254.639252	79.036	152.8301
7255.005463	79.035	152.5225
7255.371674	79.045	152.1406
7255.737885	79.044	151.7041
7256.104096	79.041	151.3398
7256.470307	79.051	150.9609
7256.836518	79.054	150.4600
7257.202729	79.036	150.0078
7257.568940	79.025	149.7012
7257.935151	79.032	149.3486
7258.301362	79.030	148.9160
7258.667573	79.021	148.5586
7259.033784	79.027	148.2344
7259.399995	79.038	147.8066
7259.766206	79.035	147.3340
7260.132417	79.025	146.9160
7260.498628	79.018	146.5605
7260.864839	79.020	146.2090
7261.231050	79.025	145.7979
7261.597260	79.021	145.3672
7261.963471	79.016	145.0039
7262.329682	79.023	144.6299
7262.695893	79.024	144.1680
7263.062104	79.011	143.7627
7263.428315	79.010	143.4551
7263.794526	79.023	143.0703
7264.160737	79.026	142.5947
7264.526948	79.018	142.1514
7264.893159	79.008	141.7617
7265.259370	79.002	141.4229
7265.625581	79.009	141.0850
7265.991792	79.019	140.6484
7266.358003	79.013	140.1865
7266.724214	79.005	139.8340
7267.090425	79.016	139.4609
7267.456636	79.022	138.9482
7267.822847	79.002	138.4727
7268.189058	78.987	138.1641
7268.555269	78.993	137.8438
7268.921480	78.998	137.4297
7269.287691	78.996	137.0449
7269.653902	79.004	136.6660
7270.020113	79.010	136.2109
7270.386324	79.005	135.7734
7270.752535	79.004	135.3779
7271.118746	79.004	134.9414
7271.484957	78.996	134.5273
7271.851168	78.993	134.1729
7272.217379	78.996	133.7871
7272.583589	78.997	133.3975
7272.949800	79.005	132.9912
7273.316011	79.005	132.4805
7273.682222	78.979	132.0605
7274.048433	78.972	131.8604
7274.414644	79.005	131.5166
7274.780855	79.014	130.8818
7275.147066	78.977	130.3887
7275.513277	78.957	130.1836
7275.879488	78.975	129.9111
7276.245699	78.989	129.4453
7276.611910	78.983	128.9785
7276.978121	78.975	128.5928
7277.344332	78.974	128.2246
7277.710543	78.978	127.8164
7278.076754	78.977	127.3633
7278.442965	78.964	126.9473
7278.809176	78.955	126.6289
7279.175387	78.964	126.3145
7279.541598	78.976	125.8965
7279.907809	78.978	125.4434
7280.274020	78.977	125.0312
7280.640231	78.980	124.6172
7281.006442	78.980	124.1738
7281.372653	78.975	123.7480
7281.738864	78.969	123.3457
7282.105075	78.962	122.9717
7282.471286	78.961	122.6367
7282.837497	78.970	122.2578
7283.203708	78.969	121.7998
7283.569919	78.954	121.4229
7283.936129	78.953	121.1602
7284.302340	78.972	120.7998
7284.668551	78.978	120.3203
7285.034762	78.971	119.8994
7285.400973	78.972	119.5107
7285.767184	78.969	119.0605
7286.133395	78.954	118.6660
7286.499606	78.950	118.3594
7286.865817	78.958	117.9980
7287.232028	78.962	117.5684
7287.598239	78.960	117.1445
7287.964450	78.957	116.7246
7288.330661	78.951	116.3184
7288.696872	78.949	115.9473
7289.063083	78.953	115.5469
7289.429294	78.952	115.0977
7289.795505	78.944	114.6914
7290.161716	78.944	114.3262
7290.527927	78.948	113.9023
7290.894138	78.943	113.4609
7291.260349	78.936	113.0938
7291.626560	78.941	112.7227
7291.992771	78.943	112.2783
7292.358982	78.934	111.8730
7292.725193	78.933	111.5381
7293.091404	78.940	111.1660
7293.457615	78.945	110.7441
7293.823826	78.947	110.3174
7294.190037	78.946	109.8711
7294.556248	78.936	109.4385
7294.922458	78.923	109.0850
7295.288669	78.922	108.7715
7295.654880	78.928	108.4160
7296.021091	78.932	108.0059
7296.387302	78.930	107.5918
7296.753513	78.925	107.2109
7297.119724	78.926	106.8535
7297.485935	78.932	106.4629
7297.852146	78.935	106.0254
7298.218357	78.932	105.5840
7298.584568	78.926	105.1621
7298.950779	78.920	104.7637
7299.316990	78.917	104.3906
7299.683201	78.922	103.9883
7300.049412	78.922	103.4961
7300.415623	78.900	103.0488
7300.781834	78.884	102.7998
7301.148045	78.905	102.5381
7301.514256	78.928	102.0098
7301.880467	78.911	101.4443
7302.246678	78.888	101.1260
7302.612889	78.896	100.8574
7302.979100	78.914	100.4082
7303.345311	78.910	99.8896
7303.711522	78.891	99.4805
7304.077733	78.881	99.1943
7304.443944	78.893	98.8955
7304.810155	78.911	98.4580
7305.176366	78.911	97.9512
7305.542577	78.900	97.4961
7305.908788	78.885	97.0977
7306.274998	78.870	96.7852
7306.641209	78.873	96.5410
7307.007420	78.895	96.1719
7307.373631	78.901	95.6582
7307.739842	78.887	95.2188
7308.106053	78.881	94.8828
7308.472264	78.884	94.5156
7308.838475	78.886	94.1152
7309.204686	78.890	93.7031
7309.570897	78.891	93.2334
7309.937108	78.876	92.7676
7310.303319	78.857	92.4248
7310.669530	78.857	92.1543
7311.035741	78.872	91.7695
7311.401952	78.871	91.2812
7311.768163	78.855	90.8916
7312.134374	78.855	90.6035
7312.500585	78.869	90.2227
7312.866796	78.874	89.7627
7313.233007	78.872	89.3398
7313.599218	78.873	88.9141
7313.965429	78.869	88.4697
7314.331640	78.863	88.0684
7314.697851	78.861	87.6621
7315.064062	78.852	87.2402
7315.430273	78.841	86.9062
7315.796484	78.847	86.5977
7316.162695	78.857	86.1836
7316.528906	78.854	85.7441
7316.895117	78.850	85.3828
7317.261328	78.857	84.9902
7317.627538	78.856	84.5332
7317.993749	78.845	84.1387
7318.359960	78.845	83.8125
7318.726171	78.855	83.4141
7319.092382	78.856	82.9551
7319.458593	78.851	82.5234
7319.824804	78.847	82.0977
7320.191015	78.836	81.6719
7320.557226	78.822	81.3418
7320.923437	78.827	81.0547
7321.289648	78.844	80.6436
7321.655859	78.844	80.1367
7322.022070	78.830	79.7168
7322.388281	78.824	79.3877
7322.754492	78.830	79.0361
7323.120703	78.837	78.6367
7323.486914	78.843	78.2061
7323.853125	78.843	77.7539
7324.219336	78.837	77.3340
7324.585547	78.836	76.9375
7324.951758	78.835	76.5117
7325.317969	78.827	76.0898
7325.684180	78.818	75.7148
7326.050391	78.811	75.3730
7326.416602	78.810	75.0742
7326.782813	78.825	74.7363
7327.149024	78.837	74.2578
7327.515235	78.825	73.7969
7327.881446	78.818	73.4707
7328.247657	78.826	73.0898
7328.613867	78.822	72.6299
7328.980078	78.811	72.2832
7329.346289	78.819	71.9463
7329.712500	78.822	71.4854
7330.078711	78.811	71.0820
7330.444922	78.813	70.7363
7330.811133	78.817	70.2734
7331.177344	78.799	69.8496
7331.543555	78.793	69.5820
7331.909766	78.812	69.2080
7332.275977	78.812	68.6875
7332.642188	78.795	68.2871
7333.008399	78.795	67.9697
7333.374610	78.802	67.5527
7333.740821	78.797	67.1230
7334.107032	78.795	66.7324
7334.473243	78.792	66.2949
7334.839454	78.777	65.9121
7335.205665	78.774	65.6426
7335.571876	78.791	65.2852
7335.938087	78.796	64.8125
7336.304298	78.790	64.4141
7336.670509	78.794	64.0332
7337.036720	78.794	63.5723
7337.402931	78.782	63.1895
7337.769142	78.786	62.8730
7338.135353	78.797	62.4268
7338.501564	78.788	61.9512
7338.867775	78.778	61.5996
7339.233986	78.784	61.2119
7339.600197	78.779	60.7441
7339.966407	78.764	60.3682
7340.332618	78.764	60.0439
7340.698829	78.770	59.6348
7341.065040	78.765	59.1836
7341.431251	78.751	58.7734
7341.797462	78.737	58.4688
7342.163673	78.744	58.2207
7342.529884	78.768	57.8301
7342.896095	78.775	57.3125
7343.262306	78.767	56.8633
7343.628517	78.766	56.4414
7343.994728	78.756	55.9922
7344.360939	78.742	55.6660
7344.727150	78.752	55.3652
7345.093361	78.766	54.9023
7345.459572	78.758	54.4297
7345.825783	78.751	54.0625
7346.191994	78.754	53.6543
7346.558205	78.745	53.2246
7346.924416	78.736	52.9062
7347.290627	78.747	52.5762
7347.656838	78.756	52.0996
7348.023049	78.742	51.6387
7348.389260	78.730	51.3320
7348.755471	78.741	50.9990
7349.121682	78.747	50.5176
7349.487893	78.731	50.0791
7349.854104	78.723	49.7627
7350.220315	78.729	49.3867
7350.586526	78.724	48.9434
7350.952736	78.713	48.5928
7351.318947	78.717	48.2617
7351.685158	78.723	47.8252
7352.051369	78.713	47.3945
7352.417580	78.706	47.0625
7352.783791	78.715	46.7070
7353.150002	78.722	46.2539
7353.516213	78.716	45.7812
7353.882424	78.704	45.3652
7354.248635	78.694	45.0254
7354.614846	78.698	44.7031
7354.981057	78.711	44.2852
7355.347268	78.710	43.7832
7355.713479	78.695	43.3555
7356.079690	78.686	43.0146
7356.445901	78.686	42.6582
7356.812112	78.686	42.2852
7357.178323	78.689	41.9053
7357.544534	78.688	41.4873
7357.910745	78.681	41.1074
7358.276956	78.681	40.7842
7358.643167	78.690	40.4062
7359.009378	78.691	39.9756
7359.375589	78.686	39.5928
7359.741800	78.689	39.2285
7360.108011	78.692	38.8154
7360.474222	78.688	38.4131
7360.840433	78.689	38.0449
7361.206644	78.696	37.6211
7361.572855	78.691	37.1348
7361.939066	78.672	36.7285
7362.305276	78.663	36.4404
7362.671487	78.672	36.1133
7363.037698	78.680	35.6758
7363.403909	78.675	35.2363
7363.770120	78.670	34.8398
7364.136331	78.666	34.4473
7364.502542	78.663	34.0742
7364.868753	78.666	33.6973
7365.234964	78.670	33.2578
7365.601175	78.662	32.8086
7365.967386	78.650	32.4375
7366.333597	78.649	32.1055
7366.699808	78.653	31.7295
7367.066019	78.655	31.3418
7367.432230	78.660	30.9639
7367.798441	78.668	30.5312
7368.164652	78.665	30.0664
7368.530863	78.656	29.6768
7368.897074	78.659	29.3135
7369.263285	78.663	28.8770
7369.629496	78.656	28.4355
7369.995707	78.646	28.0518
7370.361918	78.642	27.6855
7370.728129	78.639	27.3252
7371.094340	78.641	26.9531
7371.460551	78.641	26.5332
7371.826762	78.632	26.1279
7372.192973	78.625	25.7832
7372.559184	78.625	25.4258
7372.925395	78.623	25.0547
7373.291606	78.624	24.7090
7373.657816	78.633	24.3125
7374.024027	78.633	23.8418
7374.390238	78.621	23.4355
7374.756449	78.620	23.0996
7375.122660	78.627	22.6699
7375.488871	78.616	22.2070
7375.855082	78.603	21.8770
7376.221293	78.612	21.5518
7376.587504	78.622	21.0918
7376.953715	78.615	20.6299
7377.319926	78.607	20.2314
7377.686137	78.602	19.8320
7378.052348	78.595	19.4639
7378.418559	78.595	19.1240
7378.784770	78.601	18.7422
7379.150981	78.604	18.3291
7379.517192	78.603	17.9072
7379.883403	78.596	17.5176
7380.249614	78.596	17.1924
7380.615825	78.609	16.8145
7380.982036	78.614	16.3164
7381.348247	78.599	15.8691
7381.714458	78.588	15.5449
7382.080669	78.590	15.2168
7382.446880	78.595	14.8477
7382.813091	78.601	14.4551
7383.179302	78.604	14.0137
7383.545513	78.597	13.5664
7383.911724	78.586	13.1816
7384.277935	78.580	12.8281
7384.644145	78.577	12.4766
7385.010356	78.579	12.1191
7385.376567	78.583	11.7051
7385.742778	78.574	11.2773
7386.108989	78.565	10.9551
7386.475200	78.575	10.6182
7386.841411	78.581	10.1338
7387.207622	78.563	9.7109
7387.573833	78.559	9.4258
7387.940044	78.573	9.0186
7388.306255	78.565	8.5391
7388.672466	78.554	8.2119
7389.038677	78.564	7.8486
7389.404888	78.562	7.3633
7389.771099	78.545	7.0146
7390.137310	78.556	6.7129
7390.503521	78.567	6.2168
7390.869732	78.549	5.7559
7391.235943	78.542	5.4531
7391.602154	78.552	5.0469
7391.968365	78.541	4.5762
7392.334576	78.526	4.2754
7392.700787	78.540	3.9629
7393.066998	78.547	3.4629
7393.433209	78.526	3.0371
7393.799420	78.522	2.7871
7394.165631	78.543	2.4102
7394.531842	78.543	1.8633
7394.898053	78.520	1.4590
7395.264264	78.516	1.1855
7395.630475	78.526	0.8008
7395.996685	78.522	0.3740
7396.362896	78.519	0.0312
7396.729107	78.530	-0.3711
7397.095318	78.526	-0.8662
7397.461529	78.508	-1.2539
7397.827740	78.505	-1.5527
7398.193951	78.513	-1.9346
7398.560162	78.512	-2.3535
7398.926373	78.511	-2.7402
7399.292584	78.511	-3.1631
7399.658795	78.502	-3.5781
7400.025006	78.495	-3.9102
7400.391217	78.503	-4.2539
7400.757428	78.510	-4.6992
7401.123639	78.504	-5.1562
7401.489850	78.495	-5.5430
7401.856061	78.495	-5.9180
7402.222272	78.494	-6.3555
7402.588483	78.479	-6.7656
7402.954694	78.469	-7.0391
7403.320905	78.487	-7.3535
7403.687116	78.497	-7.8633
7404.053327	78.477	-8.3232
7404.419538	78.466	-8.5820
7404.785749	78.484	-8.9023
7405.151960	78.493	-9.3857
7405.518171	78.483	-9.8193
7405.884382	78.478	-10.1641
7406.250593	78.483	-10.5225
7406.616804	78.490	-10.9209
7406.983014	78.495	-11.3799
7407.349225	78.486	-11.8535
7407.715436	78.470	-12.2090
7408.081647	78.473	-12.5137
7408.447858	78.482	-12.9375
7408.814069	78.475	-13.4043
7409.180280	78.462	-13.7695
7409.546491	78.462	-14.1133
7409.912702	78.461	-14.5156
7410.278913	78.455	-14.8984
7410.645124	78.454	-15.2520
7411.011335	78.457	-15.6602
7411.377546	78.449	-16.0840
7411.743757	78.439	-16.4473
7412.109968	78.437	-16.7773
7412.476179	78.441	-17.1309
7412.842390	78.448	-17.5410
7413.208601	78.447	-18.0020
7413.574812	78.434	-18.4219
7413.941023	78.426	-18.7568
7414.307234	78.429	-19.1094
7414.673445	78.430	-19.5195
7415.039656	78.424	-19.8994
7415.405867	78.425	-20.2432
7415.772078	78.433	-20.6338
7416.138289	78.434	-21.0645
7416.504500	78.430	-21.4570
7416.870711	78.434	-21.8301
7417.236922	78.440	-22.2656
7417.603133	78.435	-22.7285
7417.969344	78.424	-23.1348
7418.335554	78.416	-23.4873
7418.701765	78.414	-23.8281
7419.067976	78.419	-24.1875
7419.434187	78.425	-24.6172
7419.800398	78.416	-25.0684
7420.166609	78.401	-25.4180
7420.532820	78.401	-25.7168
7420.899031	78.406	-26.0840
7421.265242	78.406	-26.4727
7421.631453	78.406	-26.8359
7421.997664	78.409	-27.2188
7422.363875	78.410	-27.6172
7422.730086	78.412	-28.0234
7423.096297	78.409	-28.4639
7423.462508	78.396	-28.8672
7423.828719	78.389	-29.1807
7424.194930	78.397	-29.5244
7424.561141	78.402	-29.9697
7424.927352	78.393	-30.3906
7425.293563	78.390	-30.7363
7425.659774	78.396	-31.1279
7426.025985	78.394	-31.5801
7426.392196	78.385	-31.9883
7426.758407	78.380	-32.3623
7427.124618	78.375	-32.7441
7427.490829	78.370	-33.0703
7427.857040	78.381	-33.4023
7428.223251	78.392	-33.8633
7428.589462	78.384	-34.3281
7428.955673	78.377	-34.6680
7429.321883	78.388	-35.0469
7429.688094	78.389	-35.5488
7430.054305	78.369	-35.9609
7430.420516	78.365	-36.2344
7430.786727	78.383	-36.6074
7431.152938	78.386	-37.1426
7431.519149	78.362	-37.5938
7431.885360	78.349	-37.8555
7432.251571	78.362	-38.1738
7432.617782	78.367	-38.6621
7432.983993	78.348	-39.0762
7433.350204	78.342	-39.3535
7433.716415	78.353	-39.7324
7434.082626	78.346	-40.1875
7434.448837	78.332	-40.5078
7434.815048	78.340	-40.8066
7435.181259	78.351	-41.2510
7435.547470	78.341	-41.7031
7435.913681	78.332	-42.0459
7436.279892	78.335	-42.3984
7436.646103	78.335	-42.8047
7437.012314	78.331	-43.1738
7437.378525	78.338	-43.5371
7437.744736	78.345	-44.0039
7438.110947	78.333	-44.4785
7438.477158	78.319	-44.8242
7438.843369	78.321	-45.1602
7439.209580	78.323	-45.5781
7439.575791	78.316	-45.9668
7439.942002	78.314	-46.3086
7440.308213	78.318	-46.6777
7440.674423	78.323	-47.0645
7441.040634	78.327	-47.4941
7441.406845	78.320	-47.9414
7441.773056	78.308	-48.2871
7442.139267	78.312	-48.5977
7442.505478	78.320	-48.9951
7442.871689	78.320	-49.3945
7443.237900	78.325	-49.7842
7443.604111	78.325	-50.2412
7443.970322	78.312	-50.6367
7444.336533	78.312	-50.9414
7444.702744	78.326	-51.3604
7445.068955	78.319	-51.8672
7445.435166	78.298	-52.2412
7445.801377	78.294	-52.5156
7446.167588	78.305	-52.8838
7446.533799	78.305	-53.3379
7446.900010	78.293	-53.7207
7447.266221	78.294	-54.0371
7447.632432	78.304	-54.4492
7447.998643	78.299	-54.9297
7448.364854	78.282	-55.3008
7448.731065	78.283	-55.5957
7449.097276	78.295	-55.9961
7449.463487	78.292	-56.4727
7449.829698	78.279	-56.8535
7450.195909	78.282	-57.1973
7450.562120	78.285	-57.6406
7450.928331	78.271	-58.0586
7451.294542	78.265	-58.3496
7451.660753	78.278	-58.7148
7452.026963	78.277	-59.1807
7452.393174	78.267	-59.5518
7452.759385	78.270	-59.8896
7453.125596	78.273	-60.3096
7453.491807	78.269	-60.7041
7453.858018	78.271	-61.0889
7454.224229	78.267	-61.5244
7454.590440	78.255	-61.8965
7454.956651	78.253	-62.2119
7455.322862	78.258	-62.5850
7455.689073	78.258	-62.9697
7456.055284	78.260	-63.3486
7456.421495	78.262	-63.7715
7456.787706	78.256	-64.1816
7457.153917	78.252	-64.5537
7457.520128	78.251	-64.9355
7457.886339	78.250	-65.3301
7458.252550	78.247	-65.7344
7458.618761	78.240	-66.1250
7458.984972	78.235	-66.4648
7459.351183	78.241	-66.8008
7459.717394	78.252	-67.2324
7460.083605	78.248	-67.7246
7460.449816	78.229	-68.1260
7460.816027	78.223	-68.4082
7461.182238	78.237	-68.7715
7461.548449	78.238	-69.2725
7461.914660	78.218	-69.6719
7462.280871	78.215	-69.9307
7462.647082	78.233	-70.3213
7463.013292	78.231	-70.8496
7463.379503	78.207	-71.2490
7463.745714	78.200	-71.5205
7464.111925	78.209	-71.8623
7464.478136	78.212	-72.3008
7464.844347	78.201	-72.7002
7465.210558	78.196	-73.0078
7465.576769	78.209	-73.3506
7465.942980	78.218	-73.8320
7466.309191	78.205	-74.3145
7466.675402	78.189	-74.6436
7467.041613	78.194	-74.9531
7467.407824	78.201	-75.3789
7467.774035	78.194	-75.8027
7468.140246	78.190	-76.1660
7468.506457	78.188	-76.5508
7468.872668	78.183	-76.9023
7469.238879	78.189	-77.2051
7469.605090	78.208	-77.6250
7469.971301	78.207	-78.1318
7470.337512	78.195	-78.5254
7470.703723	78.198	-78.8867
7471.069934	78.198	-79.3350
7471.436145	78.184	-79.7227
7471.802356	78.184	-80.0244
7472.168567	78.194	-80.4277
7472.534778	78.187	-80.8730
7472.900989	78.177	-81.2061
7473.267200	78.183	-81.5381
7473.633411	78.186	-81.9609
7473.999622	78.179	-82.3496
7474.365832	78.180	-82.6865
7474.732043	78.188	-83.1006
7475.098254	78.183	-83.5713
7475.464465	78.167	-83.9629
7475.830676	78.158	-84.2695
7476.196887	78.163	-84.5908
7476.563098	78.170	-84.9824
7476.929309	78.170	-85.4102
7477.295520	78.164	-85.8184
7477.661731	78.158	-86.1816
7478.027942	78.160	-86.5312
7478.394153	78.165	-86.9199
7478.760364	78.166	-87.3379
7479.126575	78.166	-87.7441
7479.492786	78.165	-88.1562
7479.858997	78.161	-88.5791
7480.225208	78.154	-88.9648
7480.591419	78.152	-89.3164
7480.957630	78.155	-89.7158
7481.323841	78.148	-90.1445
7481.690052	78.135	-90.4912
7482.056263	78.135	-90.7695
7482.422474	78.148	-91.1260
7482.788685	78.152	-91.5596
7483.154896	78.149	-91.9434
7483.521107	78.157	-92.3398
7483.887318	78.154	-92.8418
7484.253529	78.128	-93.2559
7484.619740	78.114	-93.4746
7484.985951	78.131	-93.7617
7485.352161	78.138	-94.2227
7485.718372	78.126	-94.6035
7486.084583	78.131	-94.8828
7486.450794	78.149	-95.3047
7486.817005	78.148	-95.8164
7487.183216	78.134	-96.2246
7487.549427	78.131	-96.5781
7487.915638	78.132	-96.9746
7488.281849	78.130	-97.3809
7488.648060	78.129	-97.8066
7489.014271	78.117	-98.2461
7489.380482	78.100	-98.5801
7489.746693	78.101	-98.8457
7490.112904	78.116	-99.2090
7490.479115	78.121	-99.6611
7490.845326	78.115	-100.0928
7491.211537	78.108	-100.4854
7491.577748	78.103	-100.8438
7491.943959	78.103	-101.1885
7492.310170	78.109	-101.5645
7492.676381	78.113	-101.9951
7493.042592	78.107	-102.4502
7493.408803	78.091	-102.8281
7493.775014	78.086	-103.1045
7494.141225	78.100	-103.4521
7494.507436	78.101	-103.9082
7494.873647	78.092	-104.2676
7495.239858	78.102	-104.5957
7495.606069	78.111	-105.0781
7495.972280	78.095	-105.5430
7496.338491	78.083	-105.8418
7496.704701	78.093	-106.1758
7497.070912	78.096	-106.6172
7497.437123	78.088	-107.0156
7497.803334	78.085	-107.3477
7498.169545	78.093	-107.7090
7498.535756	78.099	-108.1465
7498.901967	78.093	-108.5977
7499.268178	78.083	-108.9688
7499.634389	78.083	-109.3340
7500.000600	78.078	-109.7334
7500.366811	78.072	-110.0498
7500.733022	78.087	-110.3926
7501.099233	78.094	-110.9199
7501.465444	78.068	-111.3721
7501.831655	78.054	-111.5918
7502.197866	78.074	-111.8945
7502.564077	78.082	-112.3779
7502.930288	78.072	-112.7988
7503.296499	78.071	-113.1611
7503.662710	78.071	-113.5889
7504.028921	78.058	-113.9727
7504.395132	78.057	-114.2598
7504.761343	78.072	-114.6328
7505.127554	78.075	-115.1230
7505.493765	78.062	-115.5410
7505.859976	78.059	-115.8711
7506.226187	78.063	-116.2773
7506.592398	78.055	-116.7070
7506.958609	78.046	-117.0312
7507.324820	78.053	-117.3691
7507.691031	78.056	-117.7988
7508.057241	78.048	-118.1895
7508.423452	78.048	-118.5293
7508.789663	78.050	-118.9170
7509.155874	78.046	-119.2988
7509.522085	78.047	-119.6348
7509.888296	78.056	-120.0107
7510.254507	78.060	-120.4512
7510.620718	78.055	-120.8945
7510.986929	78.045	-121.3018
7511.353140	78.034	-121.6426
7511.719351	78.035	-121.9629
7512.085562	78.039	-122.3506
7512.451773	78.034	-122.7480
7512.817984	78.032	-123.0742
7513.184195	78.043	-123.4531
7513.550406	78.043	-123.9297
7513.916617	78.028	-124.3281
7514.282828	78.024	-124.6387
7514.649039	78.030	-125.0176
7515.015250	78.027	-125.4297
7515.381461	78.023	-125.7832
7515.747672	78.027	-126.1543
7516.113883	78.028	-126.5703
7516.480094	78.026	-126.9648
7516.846305	78.024	-127.3652
7517.212516	78.018	-127.7598
7517.578727	78.016	-128.1016
7517.944938	78.024	-128.4902
7518.311149	78.020	-128.9531
7518.677360	78.005	-129.3203
7519.043570	78.006	-129.6094
7519.409781	78.018	-130.0215
7519.775992	78.009	-130.4883
7520.142203	77.992	-130.8057
7520.508414	77.997	-131.0615
7520.874625	78.014	-131.4375
7521.240836	78.019	-131.8965
7521.607047	78.014	-132.3193
7521.973258	78.010	-132.7012
7522.339469	78.009	-133.0879
7522.705680	78.006	-133.5000
7523.071891	77.994	-133.8877
7523.438102	77.985	-134.1855
7523.804313	77.993	-134.4688
7524.170524	78.008	-134.8750
7524.536735	78.006	-135.3516
7524.902946	77.992	-135.7344
7525.269157	77.990	-136.0410
7525.635368	77.998	-136.4062
7526.001579	77.999	-136.8340
7526.367790	77.993	-137.2305
7526.734001	77.991	-137.5918
7527.100212	77.992	-137.9648
7527.466423	77.992	-138.3457
7527.832634	77.994	-138.7314
7528.198845	77.996	-139.1484
7528.565056	77.991	-139.5664
7528.931267	77.986	-139.9277
7529.297478	77.990	-140.2969
7529.663689	77.992	-140.7383
7530.029900	77.981	-141.1514
7530.396110	77.975	-141.4775
7530.762321	77.980	-141.8232
7531.128532	77.984	-142.2197
7531.494743	77.987	-142.6172
7531.860954	77.987	-143.0391
7532.227165	77.980	-143.4434
7532.593376	77.976	-143.7715
7532.959587	77.984	-144.1348
7533.325798	77.988	-144.5840
7533.692009	77.978	-145.0020
7534.058220	77.971	-145.3555
7534.424431	77.968	-145.6875
7534.790642	77.974	-146.0195
7535.156853	77.986	-146.4316
7535.523064	77.983	-146.9219
7535.889275	77.966	-147.3203
7536.255486	77.962	-147.6230
7536.621697	77.970	-148.0039
7536.987908	77.965	-148.4473
7537.354119	77.953	-148.8057
7537.720330	77.955	-149.1250
7538.086541	77.962	-149.5352
7538.452752	77.954	-149.9727
7538.818963	77.942	-150.3076
7539.185174	77.945	-150.6055
7539.551385	77.955	-150.9834
7539.917596	77.958	-151.3945
7540.283807	77.959	-151.7891
7540.650018	77.960	-152.1973
7541.016229	77.956	-152.5977
7541.382439	77.955	-152.9668
7541.748650	77.958	-153.3691
7542.114861	77.951	-153.7939
7542.481072	77.940	-154.1348
7542.847283	77.942	-154.4307
7543.213494	77.951	-154.8145
7543.579705	77.948	-155.2314
7543.945916	77.943	-155.5596
7544.312127	77.954	-155.8916
7544.678338	77.963	-156.3525
7545.044549	77.953	-156.8066
7545.410760	77.943	-157.1475
7545.776971	77.947	-157.5068
7546.143182	77.944	-157.9297
7546.509393	77.936	-158.3018
7546.875604	77.936	-158.6553
7547.241815	77.935	-159.0605
7547.608026	77.927	-159.4424
7547.974237	77.925	-159.7773
7548.340448	77.930	-160.1602
7548.706659	77.927	-160.5703
7549.072870	77.921	-160.9346
7549.439081	77.922	-161.2930
7549.805292	77.922	-161.6748
7550.171503	77.922	-162.0400
7550.537714	77.928	-162.4199
7550.903925	77.930	-162.8555
7551.270136	77.920	-163.2607
7551.636347	77.914	-163.5723
7552.002558	77.924	-163.9023
7552.368769	77.932	-164.3271
7552.734979	77.929	-164.7539
7553.101190	77.925	-165.1338
7553.467401	77.925	-165.5107
7553.833612	77.923	-165.8916
7554.199823	77.922	-166.2744
7554.566034	77.917	-166.6445
7554.932245	77.916	-166.9648
7555.298456	77.927	-167.3291
7555.664667	77.930	-167.7969
7556.030878	77.915	-168.1963
7556.397089	77.911	-168.4844
7556.763300	77.921	-168.8457
7557.129511	77.921	-169.2578
7557.495722	77.921	-169.6270
7557.861933	77.924	-170.0361
7558.228144	77.916	-170.4443
7558.594355	77.911	-170.7598
7558.960566	77.922	-171.1201
7559.326777	77.924	-171.5645
7559.692988	77.919	-171.9541
7560.059199	77.921	-172.3320
7560.425410	77.920	-172.7666
7560.791621	77.910	-173.1621
7561.157832	77.906	-173.4941
7561.524043	77.911	-173.8516
7561.890254	77.914	-174.2656
7562.256465	77.910	-174.6855
7562.622676	77.902	-175.0645
7562.988887	77.898	-175.4180
7563.355098	77.897	-175.7695
7563.721308	77.899	-176.1289
7564.087519	77.901	-176.5215
7564.453730	77.897	-176.9092
7564.819941	77.895	-177.2471
7565.186152	77.900	-177.6191
7565.552363	77.895	-178.0127
7565.918574	77.892	-178.3008
7566.284785	77.912	-178.6191
7566.650996	77.927	-179.1260
7567.017207	77.913	-179.6104
7567.383418	77.902	-179.9365
7567.749629	77.907	179.7109
7568.115840	77.906	179.2979
7568.482051	77.902	178.9492
7568.848262	77.910	178.5879
7569.214473	77.914	178.1211
7569.580684	77.900	177.6816
7569.946895	77.888	177.3457
7570.313106	77.885	177.0068
7570.679317	77.880	176.6680
7571.045528	77.883	176.3906
7571.411739	77.905	176.0137
7571.777950	77.909	175.4697
7572.144161	77.885	175.0459
7572.510372	77.880	174.7998
7572.876583	77.898	174.4180
7573.242794	77.895	173.9092
7573.609005	77.878	173.5283
7573.975216	77.875	173.2021
7574.341427	77.872	172.8271
7574.707638	77.868	172.5146
7575.073848	77.882	172.1777
7575.440059	77.888	171.6895
7575.806270	77.869	171.2725
7576.172481	77.861	171.0381
7576.538692	77.882	170.7354
7576.904903	77.898	170.2607
7577.271114	77.894	169.7812
7577.637325	77.883	169.3760
7578.003536	77.875	169.0205
7578.369747	77.874	168.6855
7578.735958	77.876	168.3193
7579.102169	77.874	167.9453
7579.468380	77.874	167.6094
7579.834591	77.882	167.2471
7580.200802	77.886	166.8193
7580.567013	77.880	166.4170
7580.933224	77.877	166.0664
7581.299435	77.879	165.6895
7581.665646	77.875	165.3008
7582.031857	77.872	164.9561
7582.398068	77.876	164.5947
7582.764279	77.875	164.1836
7583.130490	77.866	163.8252
7583.496701	77.867	163.5146
7583.862912	77.874	163.1455
7584.229123	77.874	162.7559
7584.595334	77.875	162.3955
7584.961545	77.878	162.0137
7585.327756	77.879	161.6514
7585.693967	77.891	161.2939
7586.060178	77.904	160.7891
7586.426388	77.887	160.2598
7586.792599	77.863	159.9443
7587.158810	77.868	159.6855
7587.525021	77.880	159.2812
7587.891232	77.879	158.8428
7588.257443	77.876	158.4355
7588.623654	77.869	158.0293
7588.989865	77.861	157.6719
7589.356076	77.862	157.3281
7589.722287	77.864	156.9473
7590.088498	77.864	156.5664
7590.454709	77.864	156.1748
7590.820920	77.859	155.7998
7591.187131	77.863	155.4834
7591.553342	77.880	155.0674
7591.919553	77.875	154.5430
7592.285764	77.853	154.1768
7592.651975	77.854	153.9219
7593.018186	77.868	153.5459
7593.384397	77.871	153.1221
7593.750608	77.875	152.7188
7594.116819	77.874	152.2500
7594.483030	77.854	151.8369
7594.849241	77.842	151.5889
7595.215452	77.855	151.3154
7595.581663	77.869	150.8926
7595.947874	77.865	150.4570
7596.314085	77.859	150.1064
7596.680296	77.862	149.7715
7597.046507	77.870	149.3789
7597.412717	77.869	148.9443
7597.778928	77.857	148.5498
7598.145139	77.849	148.2637
7598.511350	77.862	147.9834
7598.877561	77.882	147.5273
7599.243772	77.873	147.0059
7599.609983	77.852	146.6621
7599.976194	77.855	146.3848
7600.342405	77.862	145.9863
7600.708616	77.857	145.6045
7601.074827	77.861	145.2881
7601.441038	77.874	144.8662
7601.807249	77.868	144.4072
7602.173460	77.860	144.0693
7602.539671	77.869	143.7393
7602.905882	77.880	143.2832
7603.272093	77.873	142.7900
7603.638304	77.852	142.4062
7604.004515	77.842	142.1533
7604.370726	77.853	141.8818
7604.736937	77.867	141.5020
7605.103148	77.875	141.0947
7605.469359	77.883	140.6641
7605.835570	77.880	140.1680
7606.201781	77.858	139.7568
7606.567992	77.846	139.5264
7606.934203	77.865	139.2539
7607.300414	77.882	138.7705
7607.666625	77.869	138.2734
7608.032836	77.851	137.9395
7608.399047	77.851	137.6348
7608.765257	77.850	137.2695
7609.131468	77.847	136.9502
7609.497679	77.859	136.6221
7609.863890	77.867	136.1592
7610.230101	77.852	135.7354
7610.596312	77.846	135.4648
7610.962523	77.863	135.1094
7611.328734	77.865	134.6270
7611.694945	77.853	134.2568
7612.061156	77.860	133.9453
7612.427367	77.872	133.4795
7612.793578	77.858	133.0039
7613.159789	77.843	132.7100
7613.526000	77.855	132.4043
7613.892211	77.862	131.9580
7614.258422	77.853	131.5820
7614.624633	77.862	131.2842
7614.990844	77.880	130.8320
7615.357055	77.872	130.3223
7615.723266	77.857	129.9648
7616.089477	77.856	129.6533
7616.455688	77.860	129.3135
7616.821899	77.871	128.9629
7617.188110	77.883	128.4951
7617.554321	77.870	128.0088
7617.920532	77.854	127.7051
7618.286743	77.864	127.3965
7618.652954	77.867	126.9395
7619.019165	77.851	126.5791
7619.385376	77.856	126.3223
7619.751586	77.874	125.9092
7620.117797	77.868	125.4199
7620.484008	77.853	125.0811
7620.850219	77.859	124.7852
7621.216430	77.870	124.3594
7621.582641	77.865	123.8955
7621.948852	77.853	123.5107
7622.315063	77.846	123.1650
7622.681274	77.844	122.8467
7623.047485	77.854	122.5176
7623.413696	77.864	122.0605
7623.779907	77.851	121.6016
7624.146118	77.839	121.3145
7624.512329	77.853	121.0049
7624.878540	77.858	120.5342
7625.244751	77.842	120.1602
7625.610962	77.845	119.9258
7625.977173	77.869	119.5664
7626.343384	77.879	119.0742
7626.709595	77.873	118.6318
7627.075806	77.869	118.2578
7627.442017	77.871	117.8740
7627.808228	77.871	117.4541
7628.174439	77.861	117.0586
7628.540650	77.855	116.7451
7628.906861	77.863	116.4180
7629.273072	77.867	115.9932
7629.639283	77.858	115.6045
7630.005494	77.856	115.3154
7630.371705	77.870	114.9561
7630.737916	77.872	114.5098
7631.104126	77.865	114.1416
7631.470337	77.873	113.7979
7631.836548	77.880	113.3408
7632.202759	77.869	112.9023
7632.568970	77.862	112.5674
7632.935181	77.866	112.1934
7633.301392	77.861	111.7920
7633.667603	77.855	111.4707
7634.033814	77.864	111.1455
7634.400025	77.874	110.7451
7634.766236	77.880	110.3096
7635.132447	77.877	109.8477
7635.498658	77.861	109.4385
7635.864869	77.848	109.1797
7636.231080	77.863	108.9346
7636.597291	77.888	108.5020
7636.963502	77.886	107.9727
7637.329713	77.865	107.5869
7637.695924	77.861	107.3369
7638.062135	77.878	107.0098
7638.428346	77.887	106.5566
7638.794557	77.881	106.1211
7639.160768	77.875	105.7500
7639.526979	77.871	105.3887
7639.893190	77.867	105.0498
7640.259401	77.871	104.7324
7640.625612	77.883	104.3535
7640.991823	77.886	103.9033
7641.358034	77.879	103.4805
7641.724245	77.871	103.1221
7642.090456	77.870	102.7861
7642.456666	77.876	102.4531
7642.822877	77.890	102.0635
7643.189088	77.898	101.5547
7643.555299	77.882	101.0732
7643.921510	77.867	100.7549
7644.287721	77.873	100.4355
7644.653932	77.876	100.0205
7645.020143	77.871	99.6582
7645.386354	77.880	99.3242
7645.752565	77.890	98.8730
7646.118776	77.880	98.4229
7646.484987	77.871	98.1104
7646.851198	77.881	97.8076
7647.217409	77.896	97.3818
7647.583620	77.894	96.9062
7647.949831	77.881	96.5244
7648.316042	77.878	96.2432
7648.682253	77.893	95.9111
7649.048464	77.903	95.4561
7649.414675	77.895	95.0107
7649.780886	77.885	94.6787
7650.147097	77.890	94.3652
7650.513308	77.898	93.9727
7650.879519	77.895	93.5654
7651.245730	77.892	93.2119
7651.611941	77.896	92.8564
7651.978152	77.899	92.4590
7652.344363	77.896	92.0645
7652.710574	77.892	91.7129
7653.076785	77.894	91.3779
7653.442995	77.900	91.0098
7653.809206	77.902	90.6123
7654.175417	77.901	90.2461
7654.541628	77.906	89.9053
7654.907839	77.916	89.5127
7655.274050	77.919	89.0830
7655.640261	77.920	88.6768
7656.006472	77.921	88.2588
7656.372683	77.914	87.8350
7656.738894	77.905	87.4893
7657.105105	77.908	87.1709
7657.471316	77.916	86.7617
7657.837527	77.908	86.3369
7658.203738	77.897	86.0449
7658.569949	77.910	85.7803
7658.936160	77.932	85.3398
7659.302371	77.925	84.8252
7659.668582	77.906	84.4951
7660.034793	77.915	84.2568
7660.401004	77.940	83.8311
7660.767215	77.940	83.2793
7661.133426	77.920	82.8438
7661.499637	77.907	82.5186
7661.865848	77.903	82.1963
7662.232059	77.902	81.8770
7662.598270	77.909	81.5400
7662.964481	77.915	81.1484
7663.330692	77.913	80.7559
7663.696903	77.913	80.4121
7664.063114	77.922	80.0635
7664.429325	77.935	79.6338
7664.795535	77.935	79.1377
7665.161746	77.918	78.7012
7665.527957	77.904	78.4023
7665.894168	77.910	78.1250
7666.260379	77.923	77.7441
7666.626590	77.927	77.3145
7666.992801	77.926	76.9111
7667.359012	77.925	76.5088
7667.725223	77.919	76.1357
7668.091434	77.919	75.8203
7668.457645	77.931	75.4658
7668.823856	77.938	75.0342
7669.190067	77.937	74.6211
7669.556278	77.937	74.2266
7669.922489	77.934	73.8213
7670.288700	77.928	73.4678
7670.654911	77.931	73.1475
7671.021122	77.940	72.7812
7671.387333	77.947	72.3701
7671.753544	77.947	71.9404
7672.119755	77.937	71.5625
7672.485966	77.937	71.2773
7672.852177	77.955	70.9180
7673.218388	77.958	70.4248
7673.584599	77.940	70.0400
7673.950810	77.939	69.7910
7674.317021	77.957	69.4424
7674.683232	77.964	68.9941
7675.049443	77.960	68.5791
7675.415654	77.957	68.1992
7675.781864	77.955	67.8350
7676.148075	77.955	67.4648
7676.514286	77.952	67.0840
7676.880497	77.948	66.7559
7677.246708	77.957	66.4346
7677.612919	77.969	66.0205
7677.979130	77.968	65.5811
7678.345341	77.966	65.1846
7678.711552	77.964	64.7832
7679.077763	77.959	64.3926
7679.443974	77.957	64.0342
7679.810185	77.959	63.6670
7680.176396	77.962	63.2783
7680.542607	77.962	62.8711
7680.908818	77.957	62.4775
7681.275029	77.955	62.1387
7681.641240	77.962	61.7783
7682.007451	77.964	61.3574
7682.373662	77.959	60.9873
7682.739873	77.964	60.6465
7683.106084	77.969	60.2451
7683.472295	77.967	59.8760
7683.838506	77.976	59.5322
7684.204717	77.986	59.0830
7684.570928	77.977	58.6396
7684.937139	77.971	58.3223
7685.303350	77.981	57.9727
7685.669561	77.982	57.5293
7686.035772	77.971	57.1699
7686.401983	77.973	56.8936
7686.768194	77.990	56.5293
7687.134404	77.995	56.0830
7687.500615	77.991	55.6719
7687.866826	77.988	55.3057
7688.233037	77.989	54.9521
7688.599248	77.994	54.5898
7688.965459	77.999	54.1797
7689.331670	77.994	53.7744
7689.697881	77.992	53.4385
7690.064092	78.000	53.0732
7690.430303	78.002	52.6533
7690.796514	78.000	52.2891
7691.162725	78.007	51.9238
7691.528936	78.011	51.4951
7691.895147	78.009	51.1035
7692.261358	78.015	50.7021
7692.627569	78.010	50.2295
7692.993780	77.990	49.8760
7693.359991	77.990	49.6406
7693.726202	78.007	49.2861
7694.092413	78.008	48.8555
7694.458624	78.004	48.5107
7694.824835	78.012	48.1748
7695.191046	78.019	47.7705
7695.557257	78.018	47.3721
7695.923468	78.020	47.0029
7696.289679	78.022	46.6025
7696.655890	78.015	46.2080
7697.022101	78.010	45.9004
7697.388312	78.021	45.5811
7697.754523	78.030	45.1504
7698.120733	78.024	44.7500
7698.486944	78.026	44.4219
7698.853155	78.035	44.0156
7699.219366	78.032	43.5898
7699.585577	78.032	43.2363
7699.951788	78.040	42.8115
7700.317999	78.029	42.3584
7700.684210	78.018	42.0557
7701.050421	78.033	41.7432
7701.416632	78.043	41.2627
7701.782843	78.031	40.8193
7702.149054	78.026	40.4951
7702.515265	78.031	40.1064
7702.881476	78.022	39.7119
7703.247687	78.020	39.4473
7703.613898	78.043	39.1152
7703.980109	78.054	38.6025
7704.346320	78.039	38.1729
7704.712531	78.038	37.8857
7705.078742	78.053	37.5000
7705.444953	78.053	37.0391
7705.811164	78.045	36.6650
7706.177375	78.046	36.3330
7706.543586	78.054	35.9707
7706.909797	78.062	35.5664
7707.276008	78.065	35.1152
7707.642219	78.057	34.6904
7708.008430	78.049	34.3291
7708.374641	78.046	33.9883
7708.740852	78.048	33.6611
7709.107063	78.057	33.2979
7709.473273	78.060	32.8848
7709.839484	78.061	32.5371
7710.205695	78.078	32.1562
7710.571906	78.083	31.6025
7710.938117	78.054	31.1738
7711.304328	78.048	31.0068
7711.670539	78.083	30.6797
7712.036750	78.094	30.0947
7712.402961	78.072	29.6543
7712.769172	78.070	29.3682
7713.135383	78.079	28.9639
7713.501594	78.069	28.5469
7713.867805	78.063	28.2822
7714.234016	78.081	27.9775
7714.600227	78.094	27.5117
7714.966438	78.085	27.0781
7715.332649	78.080	26.7617
7715.698860	78.087	26.4199
7716.065071	78.090	26.0381
7716.431282	78.094	25.6777
7716.797493	78.101	25.2793
7717.163704	78.098	24.8506
7717.529915	78.091	24.4863
7717.896126	78.091	24.1533
7718.262337	78.095	23.7949
7718.628548	78.100	23.4307
7718.994759	78.109	23.0371
7719.360970	78.115	22.5801
7719.727181	78.108	22.1143
7720.093392	78.094	21.7158
7720.459603	78.084	21.4102
7720.825813	78.089	21.1299
7721.192024	78.107	20.7773
7721.558235	78.123	20.3223
7721.924446	78.124	19.8164
7722.290657	78.110	19.3857
7722.656868	78.105	19.0762
7723.023079	78.119	18.7246
7723.389290	78.128	18.2510
7723.755501	78.119	17.8115
7724.121712	78.114	17.4658
7724.487923	78.118	17.0977
7724.854134	78.118	16.6943
7725.220345	78.113	16.3311
7725.586556	78.114	16.0098
7725.952767	78.123	15.6602
7726.318978	78.128	15.2539
7726.685189	78.124	14.8721
7727.051400	78.126	14.5547
7727.417611	78.139	14.1914
7727.783822	78.146	13.7471
7728.150033	78.142	13.3291
7728.516244	78.142	12.9531
7728.882455	78.144	12.5352
7729.248666	78.135	12.1191
7729.614877	78.126	11.7969
7729.981088	78.133	11.4824
7730.347299	78.143	11.0537
7730.713510	78.133	10.6270
7731.079721	78.127	10.3398
7731.445932	78.145	10.0322
7731.812142	78.162	9.5469
7732.178353	78.153	9.0557
7732.544564	78.141	8.7080
7732.910775	78.146	8.3789
7733.276986	78.152	7.9805
7733.643197	78.150	7.5889
7734.009408	78.151	7.2275
7734.375619	78.154	6.8447
7734.741830	78.149	6.4805
7735.108041	78.150	6.1943
7735.474252	78.169	5.8848
7735.840463	78.187	5.4404
7736.206674	78.185	4.9746
7736.572885	78.181	4.6250
7736.939096	78.194	4.2627
7737.305307	78.199	3.7783
7737.671518	78.183	3.3545
7738.037729	78.176	3.0713
7738.403940	78.188	2.7354
7738.770151	78.192	2.3076
7739.136362	78.189	1.9258
7739.502573	78.191	1.5459
7739.868784	78.185	1.1494
7740.234995	78.180	0.8516
7740.601206	78.196	0.5449
7740.967417	78.213	0.0703
7741.333628	78.205	-0.4131
7741.699839	78.196	-0.7842
7742.066050	78.195	-1.1562
7742.432261	78.191	-1.5322
7742.798472	78.191	-1.8711
7743.164682	78.195	-2.2383
7743.530893	78.196	-2.6035
7743.897104	78.204	-2.9404
7744.263315	78.218	-3.3604
7744.629526	78.218	-3.8408
7744.995737	78.207	-4.2295
7745.361948	78.207	-4.5459
7745.728159	78.217	-4.9072
7746.094370	78.223	-5.3213
7746.460581	78.224	-5.7139
7746.826792	78.231	-6.0938
7747.193003	78.238	-6.5391
7747.559214	78.230	-6.9873
7747.925425	78.220	-7.3145
7748.291636	78.229	-7.6270
7748.657847	78.239	-8.0684
7749.024058	78.230	-8.4990
7749.390269	78.224	-8.8076
7749.756480	78.234	-9.1406
7750.122691	78.238	-9.5566
7750.488902	78.232	-9.9111
7750.855113	78.240	-10.1992
7751.221324	78.261	-10.5986
7751.587535	78.264	-11.0898
7751.953746	78.254	-11.4756
7752.319957	78.260	-11.8008
7752.686168	78.271	-12.2510
7753.052379	78.259	-12.7051
7753.418590	78.249	-12.9980
7753.784801	78.262	-13.3164
7754.151011	78.268	-13.7617
7754.517222	78.260	-14.1299
7754.883433	78.268	-14.4414
7755.249644	78.281	-14.8779
7755.615855	78.275	-15.3164
7755.982066	78.275	-15.6611
7756.348277	78.282	-16.0781
7756.714488	78.272	-16.4990
7757.080699	78.269	-16.7734
7757.446910	78.291	-17.1514
7757.813121	78.289	-17.6963
7758.179332	78.263	-18.0312
7758.545543	78.274	-18.2256
7758.911754	78.303	-18.6768
7759.277965	78.292	-19.2002
7759.644176	78.279	-19.4902
7760.010387	78.298	-19.8115
7760.376598	78.305	-20.3057
7760.742809	78.293	-20.7100
7761.109020	78.295	-21.0352
7761.475231	78.300	-21.4492
7761.841442	78.292	-21.8291
7762.207653	78.295	-22.1377
7762.573864	78.307	-22.5225
7762.940075	78.310	-22.9473
7763.306286	78.311	-23.3447
7763.672497	78.310	-23.7539
7764.038708	78.303	-24.1162
7764.404919	78.309	-24.4160
7764.771130	78.327	-24.8057
7765.137341	78.333	-25.2998
7765.503551	78.324	-25.7383
7765.869762	78.320	-26.1016
7766.235973	78.323	-26.4863
7766.602184	78.320	-26.8838
7766.968395	78.320	-27.2314
7767.334606	78.329	-27.6045
7767.700817	78.332	-28.0635
7768.067028	78.319	-28.4463
7768.433239	78.323	-28.7217
7768.799450	78.343	-29.1328
7769.165661	78.338	-29.6387
7769.531872	78.321	-29.9492
7769.898083	78.336	-30.1836
7770.264294	78.363	-30.6299
7770.630505	78.363	-31.1611
7770.996716	78.351	-31.5547
7771.362927	78.354	-31.8975
7771.729138	78.360	-32.3164
7772.095349	78.354	-32.7412
7772.461560	78.346	-33.0723
7772.827771	78.354	-33.3857
7773.193982	78.365	-33.7949
7773.560193	78.364	-34.2139
7773.926404	78.367	-34.5713
7774.292615	78.377	-34.9961
7774.658826	78.370	-35.4863
7775.025037	78.349	-35.8311
7775.391248	78.351	-36.0625
7775.757459	78.369	-36.4131
7776.123670	78.375	-36.8438
7776.489881	78.376	-37.1982
7776.856091	78.391	-37.5664
7777.222302	78.401	-38.0332
7777.588513	78.399	-38.4785
7777.954724	78.400	-38.8848
7778.320935	78.400	-39.3271
7778.687146	78.390	-39.7266
7779.053357	78.388	-40.0557
7779.419568	78.393	-40.4268
7779.785779	78.392	-40.8057
7780.151990	78.396	-41.1357
7780.518201	78.407	-41.5273
7780.884412	78.405	-41.9551
7781.250623	78.401	-42.2754
7781.616834	78.415	-42.5918
7781.983045	78.428	-43.0439
7782.349256	78.420	-43.4814
7782.715467	78.415	-43.7832
7783.081678	78.430	-44.0977
7783.447889	78.444	-44.5381
7783.814100	78.441	-44.9863
7784.180311	78.438	-45.3594
7784.546522	78.441	-45.7314
7784.912733	78.443	-46.1240
7785.278944	78.446	-46.5225
7785.645155	78.445	-46.9639
7786.011366	78.431	-47.3594
7786.377577	78.427	-47.6309
7786.743788	78.445	-47.9678
7787.109999	78.454	-48.4629
7787.476210	78.442	-48.9082
7787.842420	78.436	-49.2588
7788.208631	78.436	-49.6211
7788.574842	78.438	-49.9678
7788.941053	78.450	-50.3584
7789.307264	78.453	-50.8447
7789.673475	78.438	-51.2461
7790.039686	78.439	-51.5469
7790.405897	78.451	-51.9424
7790.772108	78.449	-52.3730
7791.138319	78.447	-52.7100
7791.504530	78.459	-53.0625
7791.870741	78.470	-53.4980
7792.236952	78.472	-53.9453
7792.603163	78.467	-54.3486
7792.969374	78.466	-54.6855
7793.335585	78.479	-55.0459
7793.701796	78.488	-55.5107
7794.068007	78.479	-55.9492
7794.434218	78.473	-56.2705
7794.800429	78.481	-56.6162
7795.166640	78.483	-57.0176
7795.532851	78.481	-57.3574
7795.899062	78.492	-57.6865
7796.265273	78.503	-58.1084
7796.631484	78.502	-58.5439
7796.997695	78.498	-58.9043
7797.363906	78.503	-59.2529
7797.730117	78.509	-59.6582
7798.096328	78.506	-60.0664
7798.462539	78.502	-60.4072
7798.828750	78.511	-60.7266
7799.194960	78.527	-61.1436
7799.561171	78.528	-61.6162
7799.927382	78.522	-61.9912
7800.293593	78.534	-62.3633
7800.659804	78.541	-62.8867
7801.026015	78.518	-63.3506
7801.392226	78.506	-63.5967
7801.758437	78.526	-63.9189
7802.124648	78.534	-64.4316
7802.490859	78.517	-64.8457
7802.857070	78.516	-65.1377
7803.223281	78.527	-65.5146
7803.589492	78.527	-65.9189
7803.955703	78.531	-66.2705
7804.321914	78.540	-66.6611
7804.688125	78.543	-67.0820
7805.054336	78.545	-67.4590
7805.420547	78.552	-67.8418
7805.786758	78.558	-68.2705
7806.152969	78.558	-68.6982
7806.519180	78.555	-69.0889
7806.885391	78.556	-69.4541
7807.251602	78.560	-69.8535
7807.617813	78.556	-70.2715
7807.984024	78.548	-70.5947
7808.350235	78.560	-70.8877
7808.716446	78.577	-71.3193
7809.082657	78.572	-71.7871
7809.448868	78.565	-72.1191
7809.815079	78.576	-72.4531
7810.181289	78.585	-72.8994
7810.547500	78.579	-73.3135
7810.913711	78.579	-73.6562
7811.279922	78.586	-74.0195
7811.646133	78.595	-74.4209
7812.012344	78.601	-74.8662
7812.378555	78.594	-75.3018
7812.744766	78.589	-75.6406
7813.110977	78.600	-75.9883
7813.477188	78.607	-76.4541
7813.843399	78.597	-76.8975
7814.209610	78.587	-77.2256
7814.575821	78.591	-77.5303
7814.942032	78.603	-77.8828
7815.308243	78.616	-78.3125
7815.674454	78.616	-78.7949
7816.040665	78.603	-79.2012
7816.406876	78.599	-79.5205
7816.773087	78.605	-79.8643
7817.139298	78.609	-80.2480
7817.505509	78.613	-80.6250
7817.871720	78.619	-81.0088
7818.237931	78.625	-81.4229
7818.604142	78.628	-81.8564
7818.970353	78.625	-82.2920
7819.336564	78.616	-82.6914
7819.702775	78.608	-83.0264
7820.068986	78.612	-83.3350
7820.435197	78.621	-83.7002
7820.801408	78.624	-84.0947
7821.167619	78.627	-84.4346
7821.533829	78.641	-84.7861
7821.900040	78.655	-85.2334
7822.266251	78.656	-85.6816
7822.632462	78.657	-86.0791
7822.998673	78.660	-86.4863
7823.364884	78.661	-86.8906
7823.731095	78.665	-87.2773
7824.097306	78.670	-87.6982
7824.463517	78.669	-88.1250
7824.829728	78.667	-88.5156
7825.195939	78.666	-88.8984
7825.562150	78.666	-89.2764
7825.928361	78.669	-89.6475
7826.294572	78.672	-90.0479
7826.660783	78.671	-90.4453
7827.026994	78.669	-90.8115
7827.393205	78.671	-91.1699
7827.759416	78.675	-91.5215
7828.125627	78.686	-91.9062
7828.491838	78.691	-92.3643
7828.858049	78.681	-92.7842
7829.224260	78.678	-93.0908
7829.590471	78.692	-93.4316
7829.956682	78.703	-93.8945
7830.322893	78.697	-94.3555
7830.689104	78.687	-94.7246
7831.055315	78.687	-95.0430
7831.421526	78.698	-95.3955
7831.787737	78.708	-95.8252
7832.153948	78.706	-96.2783
7832.520158	78.698	-96.6602
7832.886369	78.700	-96.9824
7833.252580	78.713	-97.3623
7833.618791	78.718	-97.8203
7833.985002	78.711	-98.2197
7834.351213	78.715	-98.5498
7834.717424	78.730	-98.9883
7835.083635	78.722	-99.4961
7835.449846	78.703	-99.8223
7835.816057	78.713	-100.0723
7836.182268	78.732	-100.4980
7836.548479	78.727	-100.9443
7836.914690	78.728	-101.2627
7837.280901	78.746	-101.6592
7837.647112	78.747	-102.1416
7838.013323	78.740	-102.5029
7838.379534	78.753	-102.8594
7838.745745	78.760	-103.3477
7839.111956	78.747	-103.7549
7839.478167	78.751	-104.0518
7839.844378	78.766	-104.4648
7840.210589	78.764	-104.9121
7840.576800	78.766	-105.2490
7840.943011	78.782	-105.6904
7841.309222	78.771	-106.2188
7841.675433	78.747	-106.4990
7842.041644	78.766	-106.7119
7842.407855	78.791	-107.2012
7842.774066	78.779	-107.6865
7843.140277	78.775	-107.9766
7843.506488	78.793	-108.3828
7843.872698	78.786	-108.8906
7844.238909	78.767	-109.2109
7844.605120	78.774	-109.4736
7844.971331	78.786	-109.8564
7845.337542	78.790	-110.2324
7845.703753	78.802	-110.6250
7846.069964	78.804	-111.1084
7846.436175	78.788	-111.4922
7846.802386	78.790	-111.7500
7847.168597	78.810	-112.1338
7847.534808	78.813	-112.6182
7847.901019	78.806	-113.0059
7848.267230	78.811	-113.3750
7848.633441	78.813	-113.8027
7848.999652	78.808	-114.1748
7849.365863	78.816	-114.5303
7849.732074	78.823	-114.9727
7850.098285	78.818	-115.3896
7850.464496	78.822	-115.7578
7850.830707	78.828	-116.2061
7851.196918	78.818	-116.6514
7851.563129	78.812	-116.9688
7851.929340	78.826	-117.3193
7852.295551	78.833	-117.8096
7852.661762	78.818	-118.2500
7853.027973	78.811	-118.5391
7853.394184	78.825	-118.8633
7853.760395	78.836	-119.3262
7854.126606	78.827	-119.7480
7854.492817	78.828	-120.0449
7854.859028	78.849	-120.4268
7855.225238	78.857	-120.9639
7855.591449	78.840	-121.4160
7855.957660	78.831	-121.7207
7856.323871	78.841	-122.0605
7856.690082	78.847	-122.4756
7857.056293	78.846	-122.8760
7857.422504	78.846	-123.2383
7857.788715	78.853	-123.5918
7858.154926	78.865	-124.0176
7858.521137	78.861	-124.4971
7858.887348	78.848	-124.8369
7859.253559	78.860	-125.1074
7859.619770	78.882	-125.5801
7859.985981	78.871	-126.0996
7860.352192	78.854	-126.4121
7860.718403	78.865	-126.6826
7861.084614	78.883	-127.0879
7861.450825	78.890	-127.5508
7861.817036	78.888	-128.0107
7862.183247	78.878	-128.3984
7862.549458	78.878	-128.7158
7862.915669	78.889	-129.1016
7863.281880	78.889	-129.5166
7863.648091	78.893	-129.8789
7864.014302	78.901	-130.3096
7864.380513	78.892	-130.7490
7864.746724	78.885	-131.0410
7865.112935	78.902	-131.3594
7865.479146	78.915	-131.8232
7865.845357	78.913	-132.2588
7866.211567	78.914	-132.6602
7866.577778	78.911	-133.0889
7866.943989	78.902	-133.4297
7867.310200	78.912	-133.7178
7867.676411	78.933	-134.1455
7868.042622	78.934	-134.6641
7868.408833	78.920	-135.0723
7868.775044	78.918	-135.3740
7869.141255	78.933	-135.7480
7869.507466	78.939	-136.2275
7869.873677	78.929	-136.6670
7870.239888	78.920	-137.0049
7870.606099	78.922	-137.3047
7870.972310	78.938	-137.6377
7871.338521	78.956	-138.1045
7871.704732	78.948	-138.6299
7872.070943	78.927	-138.9551
7872.437154	78.938	-139.1738
7872.803365	78.966	-139.6104
7873.169576	78.964	-140.1289
7873.535787	78.957	-140.4844
7873.901998	78.971	-140.8721
7874.268209	78.970	-141.3789
7874.634420	78.954	-141.7686
7875.000631	78.954	-142.0645
7875.366842	78.965	-142.4385
7875.733053	78.970	-142.8477
7876.099264	78.976	-143.2637
7876.465475	78.975	-143.6953
7876.831686	78.971	-144.0752
7877.197897	78.976	-144.4443
7877.564107	78.980	-144.8604
7877.930318	78.979	-145.2451
7878.296529	78.985	-145.6367
7878.662740	78.983	-146.0781
7879.028951	78.971	-146.4111
7879.395162	78.982	-146.6650
7879.761373	79.007	-147.0713
7880.127584	79.011	-147.5625
7880.493795	79.008	-147.9492
7880.860006	79.017	-148.3145
7881.226217	79.027	-148.7715
7881.592428	79.022	-149.2383
7881.958639	79.012	-149.6191
7882.324850	79.011	-149.9521
7882.691061	79.017	-150.3242
7883.057272	79.018	-150.7109
7883.423483	79.022	-151.0771
7883.789694	79.030	-151.5117
7884.155905	79.020	-151.9707
7884.522116	79.004	-152.2637
7884.888327	79.019	-152.4980
7885.254538	79.047	-152.9570
7885.620749	79.042	-153.5215
7885.986960	79.022	-153.8906
7886.353171	79.029	-154.1650
7886.719382	79.050	-154.6270
7887.085593	79.040	-155.1660
7887.451804	79.019	-155.5010
7887.818015	79.028	-155.7588
7888.184226	79.049	-156.1904
7888.550436	79.050	-156.6846
7888.916647	79.045	-157.0957
7889.282858	79.046	-157.5010
7889.649069	79.043	-157.8965
7890.015280	79.046	-158.2607
7890.381491	79.052	-158.6719
7890.747702	79.049	-159.0645
7891.113913	79.056	-159.4053
7891.480124	79.070	-159.8428
7891.846335	79.064	-160.3145
7892.212546	79.054	-160.6396
7892.578757	79.066	-160.9463
7892.944968	79.079	-161.3652
7893.311179	79.082	-161.7900
7893.677390	79.085	-162.2090
7894.043601	79.079	-162.6357
7894.409812	79.070	-162.9473
7894.776023	79.085	-163.2266
7895.142234	79.107	-163.6865
7895.508445	79.102	-164.2021
7895.874656	79.089	-164.5811
7896.240867	79.088	-164.9297
7896.607078	79.087	-165.2900
7896.973289	79.093	-165.6113
7897.339500	79.110	-166.0400
7897.705711	79.106	-166.5488
7898.071922	79.091	-166.8975
7898.438133	79.102	-167.2148
7898.804344	79.112	-167.6963
7899.170555	79.101	-168.1367
7899.536766	79.100	-168.4785
7899.902976	79.106	-168.9033
7900.269187	79.099	-169.3232
7900.635398	79.100	-169.6611
7901.001609	79.110	-170.0791
7901.367820	79.106	-170.5361
7901.734031	79.099	-170.8916
7902.100242	79.107	-171.2285
7902.466453	79.118	-171.6504
7902.832664	79.120	-172.1133
7903.198875	79.113	-172.5166
7903.565086	79.115	-172.8564
7903.931297	79.126	-173.2588
7904.297508	79.124	-173.7090
7904.663719	79.118	-174.0518
7905.029930	79.129	-174.3818
7905.396141	79.139	-174.8203
7905.762352	79.137	-175.2256
7906.128563	79.143	-175.5830
7906.494774	79.151	-176.0117
7906.860985	79.149	-176.4248
7907.227196	79.152	-176.7939
7907.593407	79.155	-177.1992
7907.959618	79.154	-177.5752
7908.325829	79.164	-177.9404
7908.692040	79.172	-178.4229
7909.058251	79.156	-178.8682
7909.424462	79.147	-179.1367
7909.790673	79.167	-179.4521
7910.156884	79.181	-179.9424
7910.523095	79.175	179.5732
7910.889306	79.165	179.1855
7911.255516	79.162	178.8262
7911.621727	79.164	178.4697
7911.987938	79.171	178.1133
7912.354149	79.184	177.6953
7912.720360	79.187	177.2041
7913.086571	79.175	176.7695
7913.452782	79.169	176.4668
7913.818993	79.187	176.1279
7914.185204	79.200	175.6309
7914.551415	79.190	175.1582
7914.917626	79.183	174.8271
7915.283837	79.195	174.4775
7915.650048	79.204	174.0205
7916.016259	79.198	173.5811
7916.382470	79.193	173.2393
7916.748681	79.202	172.8975
7917.114892	79.211	172.4814
7917.481103	79.212	172.0703
7917.847314	79.216	171.6895
7918.213525	79.220	171.2529
7918.579736	79.210	170.8350
7918.945947	79.203	170.5527
7919.312158	79.221	170.2412
7919.678369	79.234	169.7803
7920.044580	79.230	169.3545
7920.410791	79.234	168.9844
7920.777002	79.238	168.5400
7921.143213	79.228	168.1475
7921.509424	79.234	167.8428
7921.875635	79.253	167.3926
7922.241845	79.245	166.8594
7922.608056	79.227	166.5127
7922.974267	79.235	166.2197
7923.340478	79.246	165.7705
7923.706689	79.237	165.3408
7924.072900	79.237	165.0244
7924.439111	79.253	164.6191
7924.805322	79.252	164.1221
7925.171533	79.237	163.7354
7925.537744	79.238	163.4502
7925.903955	79.256	163.0879
7926.270166	79.267	162.6094
7926.636377	79.261	162.1406
7927.002588	79.254	161.7725
7927.368799	79.260	161.4277
7927.735010	79.270	161.0039
7928.101221	79.271	160.5479
7928.467432	79.268	160.1162
7928.833643	79.262	159.6963
7929.199854	79.252	159.3271
7929.566065	79.251	159.0166
7929.932276	79.262	158.6592
7930.298487	79.268	158.2412
7930.664698	79.272	157.8457
7931.030909	79.282	157.4121
7931.397120	79.280	156.9072
7931.763331	79.261	156.5059
7932.129542	79.257	156.2383
7932.495753	79.274	155.9023
7932.861964	79.286	155.4600
7933.228175	79.290	155.0137
7933.594385	79.290	154.5674
7933.960596	79.282	154.1729
7934.326807	79.286	153.8584
7934.693018	79.305	153.4492
7935.059229	79.306	152.9434
7935.425440	79.295	152.5635
7935.791651	79.304	152.2441
7936.157862	79.318	151.7930
7936.524073	79.312	151.3184
7936.890284	79.303	150.9561
7937.256495	79.307	150.6299
7937.622706	79.317	150.2471
7937.988917	79.319	149.8076
7938.355128	79.311	149.4189
7938.721339	79.311	149.1240
7939.087550	79.326	148.7676
7939.453761	79.331	148.3369
7939.819972	79.332	147.9873
7940.186183	79.350	147.5957
7940.552394	79.355	147.0586
7940.918605	79.335	146.6494
7941.284816	79.339	146.3750
7941.651027	79.358	145.9150
7942.017238	79.345	145.3975
7942.383449	79.328	145.0977
7942.749660	79.343	144.7998
7943.115871	79.356	144.3301
7943.482082	79.351	143.8887
7943.848293	79.352	143.5146
7944.214504	79.358	143.0859
7944.580714	79.356	142.6406
7944.946925	79.350	142.2305
7945.313136	79.344	141.8594
7945.679347	79.345	141.5400
7946.045558	79.360	141.1797
7946.411769	79.370	140.7197
7946.777980	79.369	140.2812
7947.144191	79.370	139.8701
7947.510402	79.366	139.4346
7947.876613	79.355	139.0869
7948.242824	79.362	138.8135
7948.609035	79.381	138.4268
7948.975246	79.389	137.9619
7949.341457	79.390	137.5264
7949.707668	79.388	137.0869
7950.073879	79.379	136.6953
7950.440090	79.380	136.3838
7950.806301	79.394	135.9873
7951.172512	79.394	135.5029
7951.538723	79.382	135.1133
7951.904934	79.385	134.7715
7952.271145	79.388	134.3467
7952.637356	79.378	133.9492
7953.003567	79.376	133.6621
7953.369778	79.394	133.3193
7953.735989	79.407	132.8242
7954.102200	79.395	132.3525
7954.468411	79.386	132.0371
7954.834622	79.400	131.7070
7955.200833	79.411	131.2354
7955.567044	79.403	130.7998
7955.933254	79.404	130.4814
7956.299465	79.423	130.0791
7956.665676	79.428	129.5518
7957.031887	79.415	129.1055
7957.398098	79.410	128.7471
7957.764309	79.412	128.3574
7958.130520	79.410	127.9658
7958.496731	79.413	127.6025
7958.862942	79.420	127.1895
7959.229153	79.419	126.7441
7959.595364	79.412	126.3525
7959.961575	79.414	126.0039
7960.327786	79.423	125.6035
7960.693997	79.424	125.1426
7961.060208	79.414	124.7354
7961.426419	79.415	124.4082
7961.792630	79.429	123.9941
7962.158841	79.425	123.4805
7962.525052	79.405	123.1074
7962.891263	79.406	122.8604
7963.257474	79.427	122.4971
7963.623685	79.437	122.0264
7963.989896	79.438	121.5781
7964.356107	79.436	121.1465
7964.722318	79.432	120.7598
7965.088529	79.437	120.4062
7965.454740	79.446	119.9775
7965.820951	79.442	119.5498
7966.187162	79.442	119.2236
7966.553373	79.460	118.8418
7966.919583	79.468	118.3408
7967.285794	79.457	117.9004
7967.652005	79.453	117.5654
7968.018216	79.463	117.2119
7968.384427	79.473	116.7705
7968.750638	79.471	116.3057
7969.116849	79.461	115.9111
7969.483060	79.459	115.5674
7969.849271	79.461	115.2012
7970.215482	79.464	114.8291
7970.581693	79.471	114.4424
7970.947904	79.474	114.0020
7971.314115	79.468	113.5850
7971.680326	79.466	113.2295
7972.046537	79.472	112.8369
7972.412748	79.472	112.4023
7972.778959	79.469	112.0078
7973.145170	79.471	111.6230
7973.511381	79.471	111.2070
7973.877592	79.468	110.8242
7974.243803	79.474	110.4629
7974.610014	79.483	110.0264
7974.976225	79.479	109.5605
7975.342436	79.470	109.1982
7975.708647	79.477	108.8809
7976.074858	79.492	108.4756
7976.441069	79.496	108.0195
7976.807280	79.494	107.6182
7977.173491	79.499	107.2637
7977.539702	79.514	106.8711
7977.905913	79.525	106.3945
7978.272123	79.521	105.9131
7978.638334	79.514	105.5225
7979.004545	79.516	105.1553
7979.370756	79.518	104.7588
7979.736967	79.520	104.3955
7980.103178	79.532	104.0137
7980.469389	79.539	103.5254
7980.835600	79.525	103.0742
7981.201811	79.517	102.7695
7981.568022	79.529	102.4238
7981.934233	79.533	101.9434
7982.300444	79.515	101.5498
7982.666655	79.512	101.3184
7983.032866	79.538	100.9951
7983.399077	79.556	100.4629
7983.765288	79.542	99.9404
7984.131499	79.524	99.5889
7984.497710	79.524	99.2988
7984.863921	79.533	98.9512
7985.230132	79.543	98.5645
7985.596343	79.553	98.1475
7985.962554	79.559	97.6973
7986.328765	79.558	97.2568
7986.694976	79.559	96.8467
7987.061187	79.562	96.4199
7987.427398	79.560	95.9775
7987.793609	79.556	95.5762
7988.159820	79.557	95.1934
7988.526031	79.560	94.7676
7988.892242	79.555	94.3408
7989.258453	79.549	93.9873
7989.624663	79.557	93.6348
7989.990874	79.565	93.1758
7990.357085	79.553	92.7178
7990.723296	79.539	92.4238
7991.089507	79.554	92.1631
7991.455718	79.578	91.7119
7991.821929	79.576	91.1699
7992.188140	79.558	90.7676
7992.554351	79.556	90.4756
7992.920562	79.571	90.1133
7993.286773	79.581	89.6406
7993.652984	79.574	89.1592
7994.019195	79.559	88.7822
7994.385406	79.558	88.4863
7994.751617	79.572	88.1240
7995.117828	79.578	87.6768
7995.484039	79.576	87.2832
7995.850250	79.586	86.9189
7996.216461	79.599	86.4434
7996.582672	79.592	85.9375
7996.948883	79.579	85.5635
7997.315094	79.583	85.2285
7997.681305	79.589	84.8154
7998.047516	79.588	84.4092
7998.413727	79.592	84.0439
7998.779938	79.601	83.6240
7999.146149	79.601	83.1719
7999.512360	79.596	82.7734
7999.878571	79.597	82.3945
8000.244782	79.597	81.9951
8000.610992	79.595	81.6230
8000.977203	79.600	81.2705
8001.343414	79.610	80.8682
8001.709625	79.613	80.4209
8002.075836	79.610	79.9902
8002.442047	79.605	79.6006
8002.808258	79.605	79.2305
8003.174469	79.608	78.8428
8003.540680	79.609	78.4258
8003.906891	79.605	78.0225
8004.273102	79.602	77.6689
8004.639313	79.608	77.3350
8005.005524	79.623	76.9443
8005.371735	79.633	76.4580
8005.737946	79.627	75.9688
8006.104157	79.616	75.5908
8006.470368	79.620	75.2520
8006.836579	79.629	74.8262
8007.202790	79.627	74.3789
8007.569001	79.624	73.9873
8007.935212	79.625	73.5928
8008.301423	79.623	73.1973
8008.667634	79.624	72.8428
8009.033845	79.632	72.4688
8009.400056	79.640	72.0508
8009.766267	79.646	71.6074
8010.132478	79.644	71.1289
8010.498689	79.628	70.7178
8010.864900	79.622	70.4316
8011.231111	79.635	70.1035
8011.597322	79.645	69.6641
8011.963532	79.644	69.2344
8012.329743	79.644	68.8281
8012.695954	79.641	68.4209
8013.062165	79.639	68.0615
8013.428376	79.647	67.6846
8013.794587	79.650	67.2305
8014.160798	79.641	66.8174
8014.527009	79.638	66.4941
8014.893220	79.650	66.1465
8015.259431	79.665	65.6943
8015.625642	79.665	65.1758
8015.991853	79.649	64.7295
8016.358064	79.641	64.4180
8016.724275	79.654	64.0693
8017.090486	79.662	63.5820
8017.456697	79.650	63.1367
8017.822908	79.646	62.8047
8018.189119	79.655	62.4199
8018.555330	79.656	61.9834
8018.921541	79.654	61.6084
8019.287752	79.662	61.2285
8019.653963	79.666	60.7920
8020.020174	79.665	60.3877
8020.386385	79.669	59.9941
8020.752596	79.669	59.5684
8021.118807	79.665	59.2080
8021.485018	79.678	58.8799
8021.851229	79.696	58.4150
8022.217440	79.692	57.9023
8022.583651	79.681	57.5146
8022.949861	79.684	57.1543
8023.316072	79.685	56.7363
8023.682283	79.680	56.3555
8024.048494	79.680	56.0010
8024.414705	79.681	55.6396
8024.780916	79.686	55.3281
8025.147127	79.706	54.9609
8025.513338	79.717	54.4600
8025.879549	79.710	54.0127
8026.245760	79.712	53.6416
8026.611971	79.717	53.1865
8026.978182	79.707	52.7510
8027.344393	79.703	52.4141
8027.710604	79.711	52.0195
8028.076815	79.708	51.5840
8028.443026	79.705	51.2090
8028.809237	79.708	50.8164
8029.175448	79.707	50.4053
8029.541659	79.707	50.0234
8029.907870	79.709	49.6172
8030.274081	79.706	49.2217
8030.640292	79.710	48.8623
8031.006503	79.718	48.4414
8031.372714	79.717	47.9951
8031.738925	79.713	47.6035
8032.105136	79.713	47.2275
8032.471347	79.716	46.8779
8032.837558	79.731	46.5039
8033.203769	79.742	46.0059
8033.569980	79.733	45.5391
8033.936191	79.732	45.1836
8034.302401	79.741	44.7305
8034.668612	79.728	44.2383
8035.034823	79.709	43.9287
8035.401034	79.716	43.6611
8035.767245	79.729	43.2793
8036.133456	79.736	42.8633
8036.499667	79.741	42.4277
8036.865878	79.737	41.9873
8037.232089	79.733	41.6055
8037.598300	79.735	41.2168
8037.964511	79.733	40.8076
8038.330722	79.733	40.4287
8038.696933	79.736	40.0186
8039.063144	79.732	39.6006
8039.429355	79.731	39.2441
8039.795566	79.740	38.8389
8040.161777	79.740	38.3809
8040.527988	79.737	37.9824
8040.894199	79.741	37.5635
8041.260410	79.734	37.1074
8041.626621	79.724	36.7568
8041.992832	79.730	36.4365
8042.359043	79.740	36.0381
8042.725254	79.746	35.6387
8043.091465	79.757	35.2236
8043.457676	79.763	34.7529
8043.823887	79.761	34.3096
8044.190098	79.761	33.8887
8044.556309	79.757	33.4678
8044.922520	79.754	33.0947
8045.288731	79.758	32.7188
8045.654941	79.760	32.3047
8046.021152	79.758	31.9385
8046.387363	79.767	31.5713
8046.753574	79.774	31.1084
8047.119785	79.763	30.6670
8047.485996	79.755	30.3555
8047.852207	79.766	30.0381
8048.218418	79.779	29.5977
8048.584629	79.777	29.1328
8048.950840	79.772	28.7393
8049.317051	79.774	28.3584
8049.683262	79.775	27.9424
8050.049473	79.774	27.5371
8050.415684	79.776	27.1318
8050.781895	79.775	26.6963
8051.148106	79.767	26.2930
8051.514317	79.764	25.9707
8051.880528	79.778	25.6221
8052.246739	79.791	25.1445
8052.612950	79.783	24.6543
8052.979161	79.772	24.2949
8053.345372	79.779	23.9590
8053.711583	79.788	23.5342
8054.077794	79.787	23.1162
8054.444005	79.790	22.7324
8054.810216	79.795	22.3115
8055.176427	79.795	21.9004
8055.542638	79.799	21.5078
8055.908849	79.801	21.0811
8056.275060	79.798	20.6885
8056.641270	79.803	20.3174
8057.007481	79.809	19.8779
8057.373692	79.804	19.4561
8057.739903	79.804	19.0898
8058.106114	79.809	18.6748
8058.472325	79.806	18.2471
8058.838536	79.803	17.8672
8059.204747	79.805	17.4863
8059.570958	79.808	17.1104
8059.937169	79.819	16.6934
8060.303380	79.819	16.1895
8060.669591	79.802	15.7646
8061.035802	79.796	15.4697
8061.402013	79.809	15.1201
8061.768224	79.820	14.6758
8062.134435	79.823	14.2061
8062.500646	79.816	13.7344
8062.866857	79.802	13.3516
8063.233068	79.801	13.0508
8063.599279	79.814	12.6865
8063.965490	79.824	12.2529
8064.331701	79.828	11.8037
8064.697912	79.826	11.3389
8065.064123	79.816	10.9473
8065.430334	79.820	10.6152
8065.796545	79.831	10.1787
8066.162756	79.826	9.7158
8066.528967	79.822	9.3643
8066.895178	79.834	8.9580
8067.261389	79.831	8.4453
8067.627600	79.813	8.0488
8067.993810	79.811	7.7393
8068.360021	79.817	7.3311
8068.726232	79.809	6.9131
8069.092443	79.805	6.5957
8069.458654	79.816	6.2451
8069.824865	79.824	5.7959
8070.191076	79.821	5.3643
8070.557287	79.820	4.9756
8070.923498	79.822	4.5713
8071.289709	79.821	4.1660
8071.655920	79.824	3.7705
8072.022131	79.827	3.3506
8072.388342	79.827	2.9297
8072.754553	79.828	2.5166
8073.120764	79.827	2.0811
8073.486975	79.818	1.6904
8073.853186	79.819	1.3721
8074.219397	79.833	0.9941
8074.585608	79.840	0.5371
8074.951819	79.840	0.1172
8075.318030	79.843	-0.2822
8075.684241	79.847	-0.7070
8076.050452	79.849	-1.1201
8076.416663	79.853	-1.5488
8076.782874	79.851	-2.0039
8077.149085	79.842	-2.4014
8077.515296	79.842	-2.7568
8077.881507	79.846	-3.1465
8078.247718	79.849	-3.5508
8078.613929	79.852	-3.9746
8078.980139	79.846	-4.4268
8079.346350	79.831	-4.7949
8079.712561	79.830	-5.0557
8080.078772	79.851	-5.3916
8080.444983	79.867	-5.8838
8080.811194	79.862	-6.3779
8081.177405	79.854	-6.7812
8081.543616	79.852	-7.1543
8081.909827	79.854	-7.5430
8082.276038	79.857	-7.9336
8082.642249	79.864	-8.3311
8083.008460	79.872	-8.7695
8083.374671	79.874	-9.2627
8083.740882	79.861	-9.7168
8084.107093	79.851	-10.0498
8084.473304	79.860	-10.3779
8084.839515	79.872	-10.8184
8085.205726	79.871	-11.2871
8085.571937	79.864	-11.6943
8085.938148	79.862	-12.0615
8086.304359	79.866	-12.4365
8086.670570	79.870	-12.8613
8087.036781	79.863	-13.2734
8087.402992	79.861	-13.5889
8087.769203	79.877	-13.9404
8088.135414	79.887	-14.4346
8088.501625	79.876	-14.9014
8088.867836	79.867	-15.2568
8089.234047	79.866	-15.6035
8089.600258	79.869	-15.9453
8089.966469	79.881	-16.3066
8090.332679	79.894	-16.7744
8090.698890	79.888	-17.2549
8091.065101	79.882	-17.6318
8091.431312	79.890	-18.0332
8091.797523	79.888	-18.5439
8092.163734	79.865	-18.9736
8092.529945	79.852	-19.2070
8092.896156	79.874	-19.4756
8093.262367	79.898	-19.9688
8093.628578	79.894	-20.5010
8093.994789	79.885	-20.9092
8094.361000	79.887	-21.3096
8094.727211	79.886	-21.7510
8095.093422	79.881	-22.1553
8095.459633	79.881	-22.5547
8095.825844	79.877	-22.9541
8096.192055	79.876	-23.3076
8096.558266	79.885	-23.6826
8096.924477	79.890	-24.1309
8097.290688	79.884	-24.5566
8097.656899	79.879	-24.8984
8098.023110	79.887	-25.2217
8098.389321	79.904	-25.6348
8098.755532	79.909	-26.1279
8099.121743	79.902	-26.5596
8099.487954	79.903	-26.9316
8099.854165	79.910	-27.3789
8100.220376	79.900	-27.8398
8100.586587	79.889	-28.1807
8100.952798	79.896	-28.5088
8101.319008	79.905	-28.9229
8101.685219	79.908	-29.3486
8102.051430	79.912	-29.7852
8102.417641	79.908	-30.2510
8102.783852	79.897	-30.6279
8103.150063	79.904	-30.9570
8103.516274	79.917	-31.4277
8103.882485	79.906	-31.9287
8104.248696	79.894	-32.2578
8104.614907	79.909	-32.6006
8104.981118	79.918	-33.1182
8105.347329	79.902	-33.5762
8105.713540	79.898	-33.8975
8106.079751	79.909	-34.3018
8106.445962	79.905	-34.7744
8106.812173	79.896	-35.1289
8107.178384	79.905	-35.4648
8107.544595	79.916	-35.9258
8107.910806	79.909	-36.3750
8108.277017	79.906	-36.7148
8108.643228	79.920	-37.1094
8109.009439	79.923	-37.6182
8109.375650	79.908	-38.0469
8109.741861	79.904	-38.3711
8110.108072	79.911	-38.7627
8110.474283	79.907	-39.1865
8110.840494	79.901	-39.5273
8111.206705	79.909	-39.8652
8111.572916	79.919	-40.2773
8111.939127	79.923	-40.7178
8112.305338	79.921	-41.1533
8112.671548	79.915	-41.5469
8113.037759	79.918	-41.9053
8113.403970	79.926	-42.3311
8113.770181	79.923	-42.8125
8114.136392	79.908	-43.2090
8114.502603	79.905	-43.5010
8114.868814	79.921	-43.8516
8115.235025	79.934	-44.3604
8115.601236	79.921	-44.8633
8115.967447	79.908	-45.2021
8116.333658	79.918	-45.5420
8116.699869	79.925	-46.0293
8117.066080	79.911	-46.4727
8117.432291	79.907	-46.7900
8117.798502	79.918	-47.1602
8118.164713	79.923	-47.6006
8118.530924	79.923	-48.0020
8118.897135	79.931	-48.4111
8119.263346	79.936	-48.8730
8119.629557	79.931	-49.3242
8119.995768	79.926	-49.7236
8120.361979	79.924	-50.0957
8120.728190	79.927	-50.4629
8121.094401	79.934	-50.8467
8121.460612	79.942	-51.2676
8121.826823	79.945	-51.7148
8122.193034	79.941	-52.1504
8122.559245	79.935	-52.5352
8122.925456	79.937	-52.8857
8123.291667	79.946	-53.2891
8123.657878	79.945	-53.7627
8124.024088	79.930	-54.1611
8124.390299	79.925	-54.4492
8124.756510	79.938	-54.7979
8125.122721	79.943	-55.2227
8125.488932	79.945	-55.5957
8125.855143	79.960	-56.0098
8126.221354	79.965	-56.5537
8126.587565	79.947	-57.0273
8126.953776	79.937	-57.3672
8127.319987	79.943	-57.7598
8127.686198	79.939	-58.2227
8128.052409	79.927	-58.6152
8128.418620	79.925	-58.9463
8128.784831	79.933	-59.3252
8129.151042	79.938	-59.7637
8129.517253	79.937	-60.1982
8129.883464	79.935	-60.6064
8130.249675	79.934	-61.0127
8130.615886	79.932	-61.4160
8130.982097	79.932	-61.8018
8131.348308	79.934	-62.1885
8131.714519	79.936	-62.5762
8132.080730	79.942	-62.9629
8132.446941	79.950	-63.3887
8132.813152	79.950	-63.8379
8133.179363	79.948	-64.2451
8133.545574	79.951	-64.6465
8133.911785	79.952	-65.1025
8134.277996	79.940	-65.5176
8134.644207	79.934	-65.8213
8135.010417	79.949	-66.1602
8135.376628	79.961	-66.6328
8135.742839	79.956	-67.1035
8136.109050	79.949	-67.4844
8136.475261	79.952	-67.8584
8136.841472	79.956	-68.2725
8137.207683	79.957	-68.7031
8137.573894	79.953	-69.1201
8137.940105	79.951	-69.4932
8138.306316	79.958	-69.8711
8138.672527	79.965	-70.3311
8139.038738	79.957	-70.7969
8139.404949	79.947	-71.1572
8139.771160	79.952	-71.5098
8140.137371	79.956	-71.9434
8140.503582	79.949	-72.3457
8140.869793	79.950	-72.6904
8141.236004	79.958	-73.1045
8141.602215	79.953	-73.5293
8141.968426	79.954	-73.8525
8142.334637	79.974	-74.2666
8142.700848	79.973	-74.8389
8143.067059	79.946	-75.2480
8143.433270	79.947	-75.4873
8143.799481	79.970	-75.9199
8144.165692	79.963	-76.4717
8144.531903	79.943	-76.8223
8144.898114	79.951	-77.1211
8145.264325	79.964	-77.5811
8145.630536	79.957	-78.0547
8145.996747	79.947	-78.4385
8146.362957	79.944	-78.7773
8146.729168	79.953	-79.0791
8147.095379	79.982	-79.5049
8147.461590	79.989	-80.1328
8147.827801	79.959	-80.6426
8148.194012	79.940	-80.8955
8148.560223	79.954	-81.1846
8148.926434	79.965	-81.6113
8149.292645	79.967	-82.0293
8149.658856	79.971	-82.4297
8150.025067	79.974	-82.8486
8150.391278	79.975	-83.2715
8150.757489	79.971	-83.6826
8151.123700	79.970	-84.0342
8151.489911	79.982	-84.4111
8151.856122	79.986	-84.9111
8152.222333	79.969	-85.3252
8152.588544	79.971	-85.6025
8152.954755	79.992	-86.0469
8153.320966	79.982	-86.5869
8153.687177	79.963	-86.9160
8154.053388	79.976	-87.2285
8154.419599	79.986	-87.7324
8154.785810	79.970	-88.1924
8155.152021	79.962	-88.5273
8155.518232	79.964	-88.8936
8155.884443	79.964	-89.2578
8156.250654	79.975	-89.6162
8156.616865	79.988	-90.1016
8156.983076	79.977	-90.6045
8157.349286	79.964	-90.9463
8157.715497	79.974	-91.2812
8158.081708	79.982	-91.7598
8158.447919	79.971	-92.2119
8158.814130	79.965	-92.5420
8159.180341	79.975	-92.9355
8159.546552	79.971	-93.4238
8159.912763	79.950	-93.7715
8160.278974	79.955	-93.9932
8160.645185	79.984	-94.3916
8161.011396	79.988	-94.9590
8161.377607	79.968	-95.3896
8161.743818	79.966	-95.6982
8162.110029	79.975	-96.1064
8162.476240	79.970	-96.5547
8162.842451	79.964	-96.9102
8163.208662	79.973	-97.2744
8163.574873	79.982	-97.7412
8163.941084	79.975	-98.2197
8164.307295	79.965	-98.6240
8164.673506	79.962	-99.0020
8165.039717	79.961	-99.4062
8165.405928	79.956	-99.7773
8165.772139	79.962	-100.1191
8166.138350	79.976	-100.5498
8166.504561	79.977	-101.0488
8166.870772	79.968	-101.4902
8167.236983	79.962	-101.8682
8167.603194	79.963	-102.2266
8167.969405	79.972	-102.6250
8168.335616	79.974	-103.0928
8168.701826	79.963	-103.4971
8169.068037	79.965	-103.8135
8169.434248	79.980	-104.2314
8169.800459	79.978	-104.7129
8170.166670	79.970	-105.0801
8170.532881	79.979	-105.4355
8170.899092	79.987	-105.8887
8171.265303	79.983	-106.3398
8171.631514	79.977	-106.7402
8171.997725	79.974	-107.1201
8172.363936	79.974	-107.4893
8172.730147	79.976	-107.8740
8173.096358	79.978	-108.2646
8173.462569	79.981	-108.6445
8173.828780	79.987	-109.0469
8174.194991	79.990	-109.4707
8174.561202	79.992	-109.8975
8174.927413	79.991	-110.3301
8175.293624	79.988	-110.7344
8175.659835	79.991	-111.1387
8176.026046	79.990	-111.6064
8176.392257	79.974	-112.0234
8176.758468	79.967	-112.3096
8177.124679	79.981	-112.6465
8177.490890	79.989	-113.1045
8177.857101	79.985	-113.5283
8178.223312	79.989	-113.9229
8178.589523	79.990	-114.3809
8178.955734	79.978	-114.7959
8179.321945	79.976	-115.1172
8179.688156	79.988	-115.4980
8180.054366	79.992	-115.9775
8180.420577	79.983	-116.4170
8180.786788	79.976	-116.7656
8181.152999	79.983	-117.1123
8181.519210	79.994	-117.5391
8181.885421	79.995	-118.0254
8182.251632	79.983	-118.4668
8182.617843	79.974	-118.8008
8182.984054	79.984	-119.1221
8183.350265	80.000	-119.5742
8183.716476	79.996	-120.1084
8184.082687	79.976	-120.5098
8184.448898	79.974	-120.7900
8184.815109	79.990	-121.1846
8185.181320	79.989	-121.6807
8185.547531	79.973	-122.0615
8185.913742	79.974	-122.3545
8186.279953	79.988	-122.7236
8186.646164	79.997	-123.1660
8187.012375	79.999	-123.6250
8187.378586	79.993	-124.0693
8187.744797	79.987	-124.4541
8188.111008	79.990	-124.8340
8188.477219	79.991	-125.2803
8188.843430	79.981	-125.7061
8189.209641	79.973	-126.0479
8189.575852	79.977	-126.3926
8189.942063	79.983	-126.7803
8190.308274	79.989	-127.1963
8190.674485	79.991	-127.6650
8191.040695	79.979	-128.1094
8191.406906	79.970	-128.4297
8191.773117	79.983	-128.7656
8192.139328	79.995	-129.2686
8192.505539	79.979	-129.7559
8192.871750	79.967	-130.0635
8193.237961	79.982	-130.3965
8193.604172	79.993	-130.9053
8193.970383	79.978	-131.3867
8194.336594	79.967	-131.7080
8194.702805	79.978	-132.0332
8195.069016	79.991	-132.4805
8195.435227	79.991	-132.9561
8195.801438	79.987	-133.3848
8196.167649	79.986	-133.8076
8196.533860	79.981	-134.2266
8196.900071	79.977	-134.5889
8197.266282	79.984	-134.9590
8197.632493	79.991	-135.4150
8197.998704	79.984	-135.8721
8198.364915	79.975	-136.2402
8198.731126	79.977	-136.5908
8199.097337	79.981	-136.9941
8199.463548	79.978	-137.3906
8199.829759	79.979	-137.7354
8200.195970	79.991	-138.1152
8200.562181	79.998	-138.5928
8200.928392	79.989	-139.0518
8201.294603	79.982	-139.4141
8201.660814	79.985	-139.7939
8202.027025	79.983	-140.2178
8202.393235	79.978	-140.5967
8202.759446	79.980	-140.9795
8203.125657	79.976	-141.3955
8203.491868	79.970	-141.7432
8203.858079	79.978	-142.0781
8204.224290	79.987	-142.5078
8204.590501	79.986	-142.9375
8204.956712	79.989	-143.3223
8205.322923	79.997	-143.7715
8205.689134	79.993	-144.2539
8206.055345	79.983	-144.6641
8206.421556	79.980	-145.0479
8206.787767	79.976	-145.4424
8207.153978	79.973	-145.7832
8207.520189	79.984	-146.1289
8207.886400	79.998	-146.5967
8208.252611	79.993	-147.0869
8208.618822	79.985	-147.4668
8208.985033	79.992	-147.8516
8209.351244	79.994	-148.3398
8209.717455	79.977	-148.7793
8210.083666	79.967	-149.0889
8210.449877	79.973	-149.4082
8210.816088	79.982	-149.7969
8211.182299	79.990	-150.2031
8211.548510	79.997	-150.6602
8211.914721	79.990	-151.1367
8212.280932	79.979	-151.4961
8212.647143	79.989	-151.8369
8213.013354	79.999	-152.3301
8213.379564	79.984	-152.8057
8213.745775	79.976	-153.1191
8214.111986	79.989	-153.4941
8214.478197	79.990	-153.9854
8214.844408	79.978	-154.3838
8215.210619	79.982	-154.7354
8215.576830	79.987	-155.1816
8215.943041	79.980	-155.6113
8216.309252	79.977	-155.9766
8216.675463	79.978	-156.3672
8217.041674	79.977	-156.7480
8217.407885	79.984	-157.1074
8217.774096	79.994	-157.5459
8218.140307	79.990	-158.0156
8218.506518	79.982	-158.3887
8218.872729	79.988	-158.7383
8219.238940	79.997	-159.1738
8219.605151	79.993	-159.6309
8219.971362	79.986	-160.0225
8220.337573	79.986	-160.3887
8220.703784	79.989	-160.7705
8221.069995	79.994	-161.1699
8221.436206	80.000	-161.6211
8221.802417	79.994	-162.1006
8222.168628	79.980	-162.4814
8222.534839	79.982	-162.8066
8222.901050	79.992	-163.2471
8223.267261	79.983	-163.7129
8223.633472	79.973	-164.0469
8223.999683	79.985	-164.4102
8224.365894	79.987	-164.8975
8224.732104	79.973	-165.2842
8225.098315	79.980	-165.5869
8225.464526	79.997	-166.0498
8225.830737	79.990	-166.5645
8226.196948	79.979	-166.9385
8226.563159	79.984	-167.3350
8226.929370	79.978	-167.7939
8227.295581	79.967	-168.1289
8227.661792	79.979	-168.4580
8228.028003	79.987	-168.9502
8228.394214	79.972	-169.3838
8228.760425	79.971	-169.6816
8229.126636	79.986	-170.1055
8229.492847	79.977	-170.6094
8229.859058	79.959	-170.9297
8230.225269	79.971	-171.2168
8230.591480	79.985	-171.6914
8230.957691	79.972	-172.1582
8231.323902	79.963	-172.4736
8231.690113	79.973	-172.8271
8232.056324	79.973	-173.2627
8232.422535	79.968	-173.6084
8232.788746	79.982	-173.9443
8233.154957	79.996	-174.4404
8233.521168	79.984	-174.9248
8233.887379	79.976	-175.2461
8234.253590	79.991	-175.6240
8234.619801	79.995	-176.1426
8234.986012	79.979	-176.5752
8235.352223	79.976	-176.9111
8235.718433	79.981	-177.3193
8236.084644	79.976	-177.7344
8236.450855	79.977	-178.0918
8236.817066	79.987	-178.5283
8237.183277	79.980	-179.0205
8237.549488	79.965	-179.3828
8237.915699	79.970	-179.7021
8238.281910	79.981	179.8350
8238.648121	79.968	179.3623
8239.014332	79.957	179.0469
8239.380543	79.970	178.7061
8239.746754	79.978	178.2051
8240.112965	79.962	177.7393
8240.479176	79.950	177.4150
8240.845387	79.956	177.0928
8241.211598	79.964	176.6855
8241.577809	79.965	176.2646
8241.944020	79.966	175.8945
8242.310231	79.980	175.4814
8242.676442	79.982	174.9443
8243.042653	79.959	174.4961
8243.408864	79.951	174.2441
8243.775075	79.971	173.8945
8244.141286	79.975	173.3887
8244.507497	79.962	173.0039
8244.873708	79.969	172.6846
8245.239919	79.980	172.2539
8245.606130	79.981	171.8174
8245.972341	79.986	171.3936
8246.338552	79.985	170.9277
8246.704763	79.978	170.5088
8247.070973	79.978	170.1025
8247.437184	79.973	169.6572
8247.803395	79.962	169.2910
8248.169606	79.966	168.9473
8248.535817	79.968	168.5078
8248.902028	79.959	168.1338
8249.268239	79.969	167.8223
8249.634450	79.988	167.3408
8250.000661	79.979	166.7988
8250.366872	79.962	166.4131
8250.733083	79.962	166.0566
8251.099294	79.960	165.6426
8251.465505	79.956	165.2754
8251.831716	79.962	164.8818
8252.197927	79.957	164.4199
8252.564138	79.941	164.0791
8252.930349	79.949	163.8203
8253.296560	79.973	163.3857
8253.662771	79.972	162.8467
8254.028982	79.957	162.4307
8254.395193	79.953	162.0771
8254.761404	79.954	161.6855
8255.127615	79.953	161.2832
8255.493826	79.951	160.8799
8255.860037	79.946	160.4961
8256.226248	79.947	160.1318
8256.592459	79.950	159.7197
8256.958670	79.943	159.3135
8257.324881	79.940	159.0000
8257.691092	79.956	158.6533
8258.057303	79.968	158.1768
8258.423513	79.964	157.6982
8258.789724	79.957	157.3018
8259.155935	79.958	156.9346
8259.522146	79.966	156.5312
8259.888357	79.970	156.0615
8260.254568	79.961	155.6055
8260.620779	79.953	155.2500
8260.986990	79.962	154.8809
8261.353201	79.965	154.3965
8261.719412	79.948	153.9639
8262.085623	79.939	153.6826
8262.451834	79.955	153.3594
8262.818045	79.967	152.8770
8263.184256	79.957	152.4121
8263.550467	79.951	152.0664
8263.916678	79.959	151.6836
8264.282889	79.959	151.2178
8264.649100	79.949	150.8164
8265.015311	79.950	150.4541
8265.381522	79.952	150.0127
8265.747733	79.941	149.5977
8266.113944	79.939	149.2607
8266.480155	79.947	148.8408
8266.846366	79.939	148.3613
8267.212577	79.923	148.0186
8267.578788	79.931	147.7373
8267.944999	79.952	147.2988
8268.311210	79.953	146.7363
8268.677421	79.931	146.2656
8269.043632	79.915	145.9551
8269.409842	79.922	145.6484
8269.776053	79.934	145.2217
8270.142264	79.934	144.7539
8270.508475	79.926	144.3408
8270.874686	79.924	143.9746
8271.240897	79.930	143.6104
8271.607108	79.941	143.1729
8271.973319	79.940	142.6729
8272.339530	79.927	142.2607
8272.705741	79.927	141.9365
8273.071952	79.939	141.5225
8273.438163	79.938	141.0371
8273.804374	79.927	140.6299
8274.170585	79.924	140.2725
8274.536796	79.926	139.8945
8274.903007	79.929	139.5156
8275.269218	79.935	139.1191
8275.635429	79.939	138.6826
8276.001640	79.938	138.2441
8276.367851	79.934	137.8154
8276.734062	79.925	137.4199
8277.100273	79.922	137.0859
8277.466484	79.931	136.7207
8277.832695	79.936	136.2705
8278.198906	79.931	135.8486
8278.565117	79.931	135.4609
8278.931328	79.930	135.0215
8279.297539	79.920	134.6230
8279.663750	79.921	134.2891
8280.029961	79.929	133.8613
8280.396172	79.921	133.4043
8280.762382	79.913	133.0850
8281.128593	79.931	132.7139
8281.494804	79.935	132.1533
8281.861015	79.907	131.7012
8282.227226	79.896	131.4551
8282.593437	79.912	131.1240
8282.959648	79.920	130.6738
8283.325859	79.922	130.2607
8283.692070	79.928	129.8027
8284.058281	79.917	129.3145
8284.424492	79.902	128.9805
8284.790703	79.912	128.6650
8285.156914	79.920	128.1953
8285.523125	79.908	127.7842
8285.889336	79.913	127.4854
8286.255547	79.932	127.0352
8286.621758	79.923	126.4912
8286.987969	79.899	126.1553
8287.354180	79.906	125.9385
8287.720391	79.935	125.5293
8288.086602	79.939	124.9600
8288.452813	79.918	124.5156
8288.819024	79.911	124.2168
8289.185235	79.921	123.8604
8289.551446	79.926	123.4150
8289.917657	79.923	122.9766
8290.283868	79.916	122.5547
8290.650079	79.906	122.1836
8291.016290	79.908	121.8604
8291.382501	79.919	121.4443
8291.748711	79.915	120.9561
8292.114922	79.901	120.5742
8292.481133	79.902	120.2324
8292.847344	79.903	119.8135
8293.213555	79.896	119.4326
8293.579766	79.901	119.0996
8293.945977	79.911	118.6738
8294.312188	79.910	118.2227
8294.678399	79.909	117.8418
8295.044610	79.918	117.4170
8295.410821	79.918	116.9229
8295.777032	79.907	116.4844
8296.143243	79.901	116.0889
8296.509454	79.892	115.6943
8296.875665	79.886	115.3838
8297.241876	79.901	115.0703
8297.608087	79.918	114.5811
8297.974298	79.907	114.0703
8298.340509	79.895	113.7217
8298.706720	79.902	113.3701
8299.072931	79.906	112.9092
8299.439142	79.896	112.4834
8299.805353	79.889	112.1270
8300.171564	79.890	111.7598
8300.537775	79.890	111.3799
8300.903986	79.891	110.9932
8301.270197	79.890	110.5977
8301.636408	79.889	110.2246
8302.002619	79.895	109.8525
8302.368830	79.901	109.4150
8302.735041	79.896	108.9463
8303.101251	79.881	108.5742
8303.467462	79.883	108.2881
8303.833673	79.902	107.8916
8304.199884	79.906	107.3555
8304.566095	79.888	106.9180
8304.932306	79.886	106.6094
8305.298517	79.901	106.1895
8305.664728	79.901	105.6533
8306.030939	79.884	105.1963
8306.397150	79.872	104.8115
8306.763361	79.862	104.4355
8307.129572	79.856	104.1104
8307.495783	79.863	103.7764
8307.861994	79.871	103.3428
8308.228205	79.866	102.9053
8308.594416	79.862	102.5449
8308.960627	79.869	102.1738
8309.326838	79.875	101.7393
8309.693049	79.873	101.3135
8310.059260	79.874	100.9170
8310.425471	79.876	100.4980
8310.791682	79.874	100.0732
8311.157893	79.870	99.6973
8311.524104	79.875	99.3291
8311.890315	79.880	98.9082
8312.256526	79.878	98.4951
8312.622737	79.880	98.1240
8312.988948	79.888	97.7021
8313.355159	79.885	97.2402
8313.721370	79.876	96.8584
8314.087581	79.880	96.5010
8314.453791	79.884	96.0527
8314.820002	79.872	95.6309
8315.186213	79.867	95.3291
8315.552424	79.882	94.9717
8315.918635	79.890	94.4668
8316.284846	79.874	94.0029
8316.651057	79.862	93.6768
8317.017268	79.867	93.3574
8317.383479	79.877	92.9482
8317.749690	79.877	92.4912
8318.115901	79.868	92.0830
8318.482112	79.866	91.7500
8318.848323	79.879	91.3623
8319.214534	79.883	90.8594
8319.580745	79.868	90.4141
8319.946956	79.861	90.0801
8320.313167	79.867	89.6846
8320.679378	79.860	89.2471
8321.045589	79.850	88.9209
8321.411800	79.861	88.6006
8321.778011	79.873	88.1426
8322.144222	79.866	87.6680
8322.510433	79.854	87.3066
8322.876644	79.858	86.9785
8323.242855	79.870	86.5625
8323.609066	79.870	86.0723
8323.975277	79.856	85.6357
8324.341488	79.847	85.2969
8324.707699	79.851	84.9492
8325.073910	79.855	84.5410
8325.440120	79.856	84.1318
8325.806331	79.857	83.7080
8326.172542	79.852	83.2715
8326.538753	79.845	82.9033
8326.904964	79.851	82.5420
8327.271175	79.856	82.0762
8327.637386	79.843	81.6465
8328.003597	79.838	81.3506
8328.369808	79.856	80.9863
8328.736019	79.865	80.4629
8329.102230	79.851	79.9805
8329.468441	79.838	79.6201
8329.834652	79.837	79.2812
8330.200863	79.842	78.9082
8330.567074	79.845	78.4873
8330.933285	79.839	78.0693
8331.299496	79.835	77.7373
8331.665707	79.849	77.3740
8332.031918	79.856	76.8604
8332.398129	79.838	76.4004
8332.764340	79.830	76.0947
8333.130551	79.842	75.6963
8333.496762	79.836	75.1973
8333.862973	79.818	74.8467
8334.229184	79.824	74.5557
8334.595395	79.838	74.1201
8334.961606	79.835	73.6465
8335.327817	79.830	73.2393
8335.694028	79.830	72.8232
8336.060239	79.826	72.3877
8336.426450	79.819	71.9844
8336.792660	79.816	71.6133
8337.158871	79.817	71.2363
8337.525082	79.818	70.8428
8337.891293	79.818	70.4746
8338.257504	79.829	70.0996
8338.623715	79.839	69.6191
8338.989926	79.828	69.1201
8339.356137	79.810	68.7734
8339.722348	79.812	68.4941
8340.088559	79.825	68.1182
8340.454770	79.829	67.6816
8340.820981	79.827	67.2764
8341.187192	79.829	66.8799
8341.553403	79.829	66.4473
8341.919614	79.820	66.0166
8342.285825	79.809	65.6719
8342.652036	79.812	65.3643
8343.018247	79.825	64.9609
8343.384458	79.826	64.4863
8343.750669	79.817	64.0645
8344.116880	79.813	63.6895
8344.483091	79.816	63.2959
8344.849302	79.819	62.8672
8345.215513	79.818	62.4062
8345.581724	79.808	61.9590
8345.947935	79.798	61.5986
8346.314146	79.804	61.2363
8346.680357	79.808	60.7607
8347.046568	79.792	60.3271
8347.412779	79.785	60.0527
8347.778989	79.803	59.7217
8348.145200	79.814	59.2402
8348.511411	79.809	58.8154
8348.877622	79.813	58.4492
8349.243833	79.820	58.0107
8349.610044	79.817	57.5742
8349.976255	79.816	57.1816
8350.342466	79.814	56.7725
8350.708677	79.809	56.3936
8351.074888	79.812	56.0459
8351.441099	79.819	55.6426
8351.807310	79.820	55.1982
8352.173521	79.814	54.7490
8352.539732	79.798	54.3486
8352.905943	79.789	54.0576
8353.272154	79.802	53.7178
8353.638365	79.807	53.2129
8354.004576	79.787	52.7734
8354.370787	79.779	52.4834
8354.736998	79.791	52.1064
8355.103209	79.791	51.6084
8355.469420	79.774	51.1738
8355.835631	79.761	50.8457
8356.201842	79.764	50.5420
8356.568053	79.778	50.1621
8356.934264	79.786	49.6826
8357.300475	79.779	49.2266
8357.666686	79.776	48.8428
8358.032897	79.781	48.4229
8358.399108	79.778	47.9609
8358.765319	79.768	47.5586
8359.131529	79.764	47.2197
8359.497740	79.770	46.8740
8359.863951	79.779	46.4707
8360.230162	79.781	46.0420
8360.596373	79.780	45.6572
8360.962584	79.786	45.2764
8361.328795	79.790	44.8398
8361.695006	79.787	44.4170
8362.061217	79.785	44.0225
8362.427428	79.781	43.6143
8362.793639	79.772	43.2676
8363.159850	79.779	42.9658
8363.526061	79.796	42.5352
8363.892272	79.792	42.0215
8364.258483	79.775	41.6270
8364.624694	79.772	41.3174
8364.990905	79.782	40.9355
8365.357116	79.784	40.4658
8365.723327	79.772	40.0186
8366.089538	79.759	39.6807
8366.455749	79.763	39.3809
8366.821960	79.778	38.9688
8367.188171	79.778	38.4697
8367.554382	79.764	38.0449
8367.920593	79.759	37.6982
8368.286804	79.763	37.3164
8368.653015	79.763	36.8926
8369.019226	79.760	36.4961
8369.385437	79.761	36.1113
8369.751648	79.763	35.6895
8370.117858	79.758	35.2646
8370.484069	79.751	34.8984
8370.850280	79.755	34.5576
8371.216491	79.767	34.1426
8371.582702	79.768	33.6553
8371.948913	79.755	33.2188
8372.315124	79.748	32.8633
8372.681335	79.748	32.4902
8373.047546	79.746	32.0996
8373.413757	79.746	31.7354
8373.779968	79.751	31.3311
8374.146179	79.749	30.8809
8374.512390	79.739	30.4941
8374.878601	79.738	30.1543
8375.244812	79.745	29.7705
8375.611023	79.749	29.3457
8375.977234	79.750	28.9092
8376.343445	79.748	28.4668
8376.709656	79.742	28.0381
8377.075867	79.735	27.6221
8377.442078	79.727	27.2354
8377.808289	79.723	26.8877
8378.174500	79.727	26.5166
8378.540711	79.729	26.0967
8378.906922	79.725	25.6982
8379.273133	79.724	25.3184
8379.639344	79.724	24.9170
8380.005555	79.721	24.5381
8380.371766	79.725	24.1602
8380.737977	79.725	23.7158
8381.104188	79.712	23.3184
8381.470398	79.710	23.0283
8381.836609	79.725	22.6504
8382.202820	79.727	22.1465
8382.569031	79.709	21.7305
8382.935242	79.700	21.4277
8383.301453	79.706	21.1055
8383.667664	79.715	20.7266
8384.033875	79.721	20.3018
8384.400086	79.720	19.8770
8384.766297	79.722	19.4766
8385.132508	79.727	19.0215
8385.498719	79.718	18.5508
8385.864930	79.706	18.1787
8386.231141	79.706	17.8154
8386.597352	79.704	17.3965
8386.963563	79.697	17.0303
8387.329774	79.701	16.6934
8387.695985	79.709	16.2871
8388.062196	79.710	15.8662
8388.428407	79.712	15.4473
8388.794618	79.709	15.0049
8389.160829	79.699	14.6104
8389.527040	79.696	14.2676
8389.893251	79.698	13.9033
8390.259462	79.700	13.5371
8390.625673	79.707	13.1592
8390.991884	79.712	12.7129
8391.358095	79.705	12.2773
8391.724306	79.700	11.9111
8392.090517	79.701	11.5273
8392.456728	79.698	11.1289
8392.822938	79.698	10.7578
8393.189149	79.701	10.3242
8393.555360	79.689	9.8809
8393.921571	79.677	9.5811
8394.287782	79.692	9.2637
8394.653993	79.704	8.7568
8395.020204	79.688	8.2861
8395.386415	79.680	7.9746
8395.752626	79.694	7.5820
8396.118837	79.693	7.0693
8396.485048	79.677	6.6621
8396.851259	79.678	6.3389
8397.217470	79.691	5.8916
8397.583681	79.682	5.3643
8397.949892	79.658	4.9854
8398.316103	79.655	4.7344
8398.682314	79.670	4.3838
8399.048525	79.677	3.9443
8399.414736	79.680	3.5410
8399.780947	79.688	3.0928
8400.147158	79.681	2.5879
8400.513369	79.661	2.2139
8400.879580	79.660	1.9385
8401.245791	79.675	1.5576
8401.612002	79.679	1.0713
8401.978213	79.665	0.6172
8402.344424	79.649	0.2773
8402.710635	79.647	0.0029
8403.076846	79.659	-0.3398
8403.443057	79.666	-0.7607
8403.809267	79.668	-1.1777
8404.175478	79.668	-1.6191
8404.541689	79.656	-2.0391
8404.907900	79.650	-2.3525
8405.274111	79.663	-2.7256
8405.640322	79.662	-3.2275
8406.006533	79.642	-3.5996
8406.372744	79.647	-3.8691
8406.738955	79.664	-4.3184
8407.105166	79.653	-4.8232
8407.471377	79.637	-5.1455
8407.837588	79.646	-5.4424
8408.203799	79.659	-5.8662
8408.570010	79.660	-6.3223
8408.936221	79.656	-6.7539
8409.302432	79.650	-7.1533
8409.668643	79.649	-7.5137
8410.034854	79.654	-7.9023
8410.401065	79.656	-8.3262
8410.767276	79.655	-8.7373
8411.133487	79.654	-9.1641
8411.499698	79.645	-9.5684
8411.865909	79.643	-9.9014
8412.232120	79.653	-10.2979
8412.598331	79.649	-10.7822
8412.964542	79.631	-11.1621
8413.330753	79.629	-11.4502
8413.696964	79.639	-11.8086
8414.063175	79.644	-12.2324
8414.429386	79.643	-12.6641
8414.795597	79.637	-13.0752
8415.161807	79.633	-13.4434
8415.528018	79.636	-13.8447
8415.894229	79.630	-14.2734
8416.260440	79.622	-14.6250
8416.626651	79.628	-14.9814
8416.992862	79.630	-15.4219
8417.359073	79.624	-15.8174
8417.725284	79.628	-16.1924
8418.091495	79.630	-16.6484
8418.457706	79.619	-17.0742
8418.823917	79.614	-17.4238
8419.190128	79.615	-17.7900
8419.556339	79.619	-18.1611
8419.922550	79.630	-18.5791
8420.288761	79.629	-19.0732
8420.654972	79.615	-19.4746
8421.021183	79.619	-19.7988
8421.387394	79.632	-20.2754
8421.753605	79.615	-20.7891
8422.119816	79.593	-21.0801
8422.486027	79.607	-21.3389
8422.852238	79.625	-21.8389
8423.218449	79.605	-22.3564
8423.584660	79.584	-22.6143
8423.950871	79.603	-22.8750
8424.317082	79.618	-23.3955
8424.683293	79.593	-23.8564
8425.049504	79.583	-24.0527
8425.415715	79.615	-24.3701
8425.781926	79.628	-24.9619
8426.148136	79.603	-25.4424
8426.514347	79.594	-25.7275
8426.880558	79.606	-26.1143
8427.246769	79.601	-26.5830
8427.612980	79.592	-26.9355
8427.979191	79.602	-27.3096
8428.345402	79.602	-27.8291
8428.711613	79.579	-28.2646
8429.077824	79.568	-28.5332
8429.444035	79.581	-28.8730
8429.810246	79.586	-29.3242
8430.176457	79.582	-29.7363
8430.542668	79.584	-30.1387
8430.908879	79.583	-30.5869
8431.275090	79.574	-30.9932
8431.641301	79.572	-31.3428
8432.007512	79.578	-31.7217
8432.373723	79.585	-32.1562
8432.739934	79.586	-32.6191
8433.106145	79.578	-33.0732
8433.472356	79.566	-33.4746
8433.838567	79.556	-33.8066
8434.204778	79.559	-34.1045
8434.570989	79.574	-34.4814
8434.937200	79.578	-34.9648
8435.303411	79.563	-35.3799
8435.669622	79.558	-35.6533
8436.035833	79.576	-35.9805
8436.402044	79.590	-36.4580
8436.768255	79.583	-36.9229
8437.134466	79.579	-37.2959
8437.500676	79.585	-37.7031
8437.866887	79.580	-38.1768
8438.233098	79.563	-38.5645
8438.599309	79.559	-38.8574
8438.965520	79.570	-39.2256
8439.331731	79.571	-39.6738
8439.697942	79.566	-40.0723
8440.064153	79.569	-40.4697
8440.430364	79.566	-40.9365
8440.796575	79.549	-41.3467
8441.162786	79.540	-41.6543
8441.528997	79.546	-41.9971
8441.895208	79.549	-42.3945
8442.261419	79.551	-42.7812
8442.627630	79.556	-43.2021
8442.993841	79.552	-43.6445
8443.360052	79.546	-44.0137
8443.726263	79.553	-44.3926
8444.092474	79.556	-44.8711
8444.458685	79.541	-45.3086
8444.824896	79.530	-45.6299
8445.191107	79.534	-45.9287
8445.557318	79.548	-46.2715
8445.923529	79.567	-46.7354
8446.289740	79.562	-47.2910
8446.655951	79.536	-47.6768
8447.022162	79.537	-47.9004
8447.388373	79.563	-48.3018
8447.754584	79.563	-48.8613
8448.120795	79.540	-49.2793
8448.487006	79.533	-49.5723
8448.853216	79.540	-49.9062
8449.219427	79.548	-50.3184
8449.585638	79.547	-50.7803
8449.951849	79.533	-51.1826
8450.318060	79.529	-51.4863
8450.684271	79.542	-51.8623
8451.050482	79.545	-52.3506
8451.416693	79.533	-52.7910
8451.782904	79.524	-53.1660
8452.149115	79.517	-53.5264
8452.515326	79.518	-53.8564
8452.881537	79.530	-54.2471
8453.247748	79.532	-54.7539
8453.613959	79.515	-55.1865
8453.980170	79.509	-55.5020
8454.346381	79.517	-55.9023
8454.712592	79.509	-56.3555
8455.078803	79.498	-56.6836
8455.445014	79.508	-57.0127
8455.811225	79.514	-57.4795
8456.177436	79.499	-57.8926
8456.543647	79.495	-58.1680
8456.909858	79.512	-58.5146
8457.276069	79.519	-58.9727
8457.642280	79.516	-59.3730
8458.008491	79.524	-59.7568
8458.374702	79.529	-60.2441
8458.740913	79.514	-60.7070
8459.107124	79.502	-61.0371
8459.473335	79.506	-61.3809
8459.839545	79.507	-61.7969
8460.205756	79.503	-62.1611
8460.571967	79.513	-62.5342
8460.938178	79.519	-63.0527
8461.304389	79.496	-63.5469
8461.670600	79.474	-63.8525
8462.036811	79.474	-64.1299
8462.403022	79.479	-64.4785
8462.769233	79.486	-64.8350
8463.135444	79.498	-65.2754
8463.501655	79.491	-65.7744
8463.867866	79.474	-66.1094
8464.234077	79.485	-66.3896
8464.600288	79.502	-66.8672
8464.966499	79.490	-67.3418
8465.332710	79.485	-67.6514
8465.698921	79.501	-68.0518
8466.065132	79.498	-68.5518
8466.431343	79.485	-68.9004
8466.797554	79.498	-69.2344
8467.163765	79.506	-69.7412
8467.529976	79.486	-70.2021
8467.896187	79.472	-70.4844
8468.262398	79.481	-70.7646
8468.628609	79.495	-71.1562
8468.994820	79.499	-71.6143
8469.361031	79.491	-72.0322
8469.727242	79.487	-72.3535
8470.093453	79.501	-72.7168
8470.459664	79.509	-73.2236
8470.825875	79.495	-73.7041
8471.192085	79.483	-74.0762
8471.558296	79.479	-74.4658
8471.924507	79.468	-74.8535
8472.290718	79.464	-75.1777
8472.656929	79.470	-75.5518
8473.023140	79.468	-75.9902
8473.389351	79.461	-76.3750
8473.755562	79.461	-76.7393
8474.121773	79.465	-77.1494
8474.487984	79.464	-77.5752
8474.854195	79.462	-78.0059
8475.220406	79.455	-78.4316
8475.586617	79.447	-78.8105
8475.952828	79.444	-79.1660
8476.319039	79.446	-79.5273
8476.685250	79.454	-79.9043
8477.051461	79.463	-80.3447
8477.417672	79.461	-80.8262
8477.783883	79.450	-81.2432
8478.150094	79.444	-81.5967
8478.516305	79.445	-81.9541
8478.882516	79.450	-82.3369
8479.248727	79.454	-82.7656
8479.614938	79.447	-83.1865
8479.981149	79.442	-83.5244
8480.347360	79.452	-83.8857
8480.713571	79.455	-84.3555
8481.079782	79.442	-84.7656
8481.445993	79.441	-85.0811
8481.812204	79.449	-85.4893
8482.178414	79.440	-85.9287
8482.544625	79.432	-86.2207
8482.910836	79.450	-86.5420
8483.277047	79.464	-87.0566
8483.643258	79.450	-87.5566
8484.009469	79.435	-87.9121
8484.375680	79.434	-88.2500
8484.741891	79.438	-88.6357
8485.108102	79.439	-89.0557
8485.474313	79.432	-89.4756
8485.840524	79.425	-89.8242
8486.206735	79.432	-90.1729
8486.572946	79.439	-90.6377
8486.939157	79.425	-91.0898
8487.305368	79.414	-91.4150
8487.671579	79.419	-91.7598
8488.037790	79.420	-92.1748
8488.404001	79.416	-92.5361
8488.770212	79.424	-92.9023
8489.136423	79.428	-93.3662
8489.502634	79.417	-93.8027
8489.868845	79.410	-94.1553
8490.235056	79.413	-94.5312
8490.601267	79.411	-94.9502
8490.967478	79.404	-95.3408
8491.333689	79.401	-95.6914
8491.699900	79.406	-96.0430
8492.066111	79.417	-96.4756
8492.432322	79.413	-96.9785
8492.798533	79.394	-97.3887
8493.164744	79.388	-97.6885
8493.530954	79.397	-98.0576
8493.897165	79.396	-98.5010
8494.263376	79.388	-98.8672
8494.629587	79.393	-99.2090
8494.995798	79.399	-99.6328
8495.362009	79.396	-100.0410
8495.728220	79.398	-100.4121
8496.094431	79.403	-100.8496
8496.460642	79.395	-101.2773
8496.826853	79.392	-101.6133
8497.193064	79.401	-102.0088
8497.559275	79.397	-102.4580
8497.925486	79.388	-102.8037
8498.291697	79.397	-103.1553
8498.657908	79.400	-103.6074
8499.024119	79.391	-103.9883
8499.390330	79.396	-104.3271
8499.756541	79.404	-104.7773
8500.122752	79.397	-105.2217
8500.488963	79.393	-105.6035
8500.855174	79.392	-106.0371
8501.221385	79.380	-106.4570
8501.587596	79.371	-106.7949
8501.953807	79.371	-107.1514
8502.320018	79.368	-107.5244
8502.686229	79.369	-107.8711
8503.052440	79.376	-108.2529
8503.418651	79.381	-108.6885
8503.784862	79.377	-109.1416
8504.151073	79.365	-109.5342
8504.517283	79.362	-109.8213
8504.883494	79.382	-110.1738
8505.249705	79.392	-110.7168
8505.615916	79.373	-111.2070
8505.982127	79.359	-111.5195
8506.348338	79.363	-111.8701
8506.714549	79.360	-112.2803
8507.080760	79.354	-112.6113
8507.446971	79.361	-112.9512
8507.813182	79.367	-113.3701
8508.179393	79.365	-113.7725
8508.545604	79.365	-114.1748
8508.911815	79.358	-114.6025
8509.278026	79.346	-114.9424
8509.644237	79.349	-115.2246
8510.010448	79.364	-115.6084
8510.376659	79.369	-116.0605
8510.742870	79.368	-116.5049
8511.109081	79.363	-116.9668
8511.475292	79.347	-117.3818
8511.841503	79.338	-117.6963
8512.207714	79.344	-118.0381
8512.573925	79.347	-118.4512
8512.940136	79.347	-118.8438
8513.306347	79.353	-119.2500
8513.672558	79.354	-119.7178
8514.038769	79.345	-120.1582
8514.404980	79.338	-120.5361
8514.771191	79.337	-120.9023
8515.137402	79.342	-121.3135
8515.503613	79.337	-121.7793
8515.869823	79.318	-122.1543
8516.236034	79.317	-122.4150
8516.602245	79.332	-122.7930
8516.968456	79.328	-123.2568
8517.334667	79.318	-123.5586
8517.700878	79.337	-123.8623
8518.067089	79.353	-124.3760
8518.433300	79.340	-124.8711
8518.799511	79.329	-125.2217
8519.165722	79.331	-125.5986
8519.531933	79.326	-125.9990
8519.898144	79.324	-126.3477
8520.264355	79.331	-126.7354
8520.630566	79.331	-127.1768
8520.996777	79.326	-127.5801
8521.362988	79.325	-127.9775
8521.729199	79.320	-128.3975
8522.095410	79.312	-128.7529
8522.461621	79.318	-129.0781
8522.827832	79.332	-129.5176
8523.194043	79.328	-130.0176
8523.560254	79.313	-130.4180
8523.926465	79.309	-130.7461
8524.292676	79.314	-131.1133
8524.658887	79.316	-131.5283
8525.025098	79.312	-131.9238
8525.391309	79.313	-132.2744
8525.757520	79.322	-132.6836
8526.123731	79.316	-133.1592
8526.489942	79.298	-133.5225
8526.856153	79.298	-133.7891
8527.222363	79.309	-134.1514
8527.588574	79.312	-134.5635
8527.954785	79.314	-134.9414
8528.320996	79.320	-135.3711
8528.687207	79.314	-135.8213
8529.053418	79.305	-136.2109
8529.419629	79.300	-136.5840
8529.785840	79.296	-136.9443
8530.152051	79.299	-137.3047
8530.518262	79.301	-137.7236
8530.884473	79.296	-138.1250
8531.250684	79.298	-138.4795
8531.616895	79.307	-138.9150
8531.983106	79.301	-139.4043
8532.349317	79.285	-139.7969
8532.715528	79.281	-140.1104
8533.081739	79.290	-140.4678
8533.447950	79.297	-140.9102
8533.814161	79.292	-141.3750
8534.180372	79.279	-141.7686
8534.546583	79.275	-142.0938
8534.912794	79.281	-142.4551
8535.279005	79.281	-142.8730
8535.645216	79.273	-143.2412
8536.011427	79.276	-143.5469
8536.377638	79.291	-143.9268
8536.743849	79.297	-144.4121
8537.110060	79.286	-144.8730
8537.476271	79.273	-145.2314
8537.842482	79.274	-145.5596
8538.208692	79.281	-145.9658
8538.574903	79.277	-146.4316
8538.941114	79.263	-146.8350
8539.307325	79.256	-147.1787
8539.673536	79.255	-147.5498
8540.039747	79.251	-147.9229
8540.405958	79.252	-148.2920
8540.772169	79.251	-148.6963
8541.138380	79.247	-149.0625
8541.504591	79.256	-149.4199
8541.870802	79.266	-149.9023
8542.237013	79.254	-150.3936
8542.603224	79.240	-150.7480
8542.969435	79.242	-151.1055
8543.335646	79.241	-151.5254
8543.701857	79.234	-151.8936
8544.068068	79.234	-152.2383
8544.434279	79.237	-152.6035
8544.800490	79.243	-152.9619
8545.166701	79.253	-153.3809
8545.532912	79.251	-153.8369
8545.899123	79.244	-154.1934
8546.265334	79.253	-154.5439
8546.631545	79.258	-155.0088
8546.997756	79.246	-155.4062
8547.363967	79.251	-155.7061
8547.730178	79.269	-156.1523
8548.096389	79.262	-156.6777
8548.462600	79.245	-157.0518
8548.828811	79.246	-157.3896
8549.195022	79.247	-157.8193
8549.561232	79.237	-158.2207
8549.927443	79.233	-158.5645
8550.293654	79.235	-158.9355
8550.659865	79.234	-159.3291
8551.026076	79.232	-159.7080
8551.392287	79.233	-160.0791
8551.758498	79.237	-160.4775
8552.124709	79.236	-160.9014
8552.490920	79.231	-161.2764
8552.857131	79.237	-161.6494
8553.223342	79.239	-162.1162
8553.589553	79.222	-162.5420
8553.955764	79.212	-162.8086
8554.321975	79.229	-163.1104
8554.688186	79.245	-163.5830
8555.054397	79.239	-164.0742
8555.420608	79.227	-164.4688
8555.786819	79.223	-164.8262
8556.153030	79.221	-165.1992
8556.519241	79.221	-165.5732
8556.885452	79.223	-165.9707
8557.251663	79.217	-166.3857
8557.617874	79.207	-166.7227
8557.984085	79.214	-167.0107
8558.350296	79.231	-167.4316
8558.716507	79.229	-167.9375
8559.082718	79.214	-168.3145
8559.448929	79.219	-168.6396
8559.815140	79.227	-169.0869
8560.181351	79.217	-169.5361
8560.547561	79.210	-169.8760
8560.913772	79.219	-170.2559
8561.279983	79.220	-170.7529
8561.646194	79.200	-171.1953
8562.012405	79.185	-171.4883
8562.378616	79.192	-171.7764
8562.744827	79.202	-172.1729
8563.111038	79.203	-172.5938
8563.477249	79.205	-172.9971
8563.843460	79.204	-173.4482
8564.209671	79.190	-173.8594
8564.575882	79.185	-174.1523
8564.942093	79.200	-174.5049
8565.308304	79.206	-174.9902
8565.674515	79.196	-175.4297
8566.040726	79.191	-175.8076
8566.406937	79.188	-176.2178
8566.773148	79.178	-176.5869
8567.139359	79.178	-176.9062
8567.505570	79.185	-177.2725
8567.871781	79.190	-177.6670
8568.237992	79.197	-178.0840
8568.604203	79.197	-178.5518
8568.970414	79.186	-178.9766
8569.336625	79.179	-179.3193
8569.702836	79.181	-179.6611
8570.069047	79.187	179.9648
8570.435258	79.193	179.5400
8570.801469	79.189	179.0928
8571.167680	79.179	178.7295
8571.533891	79.182	178.4121
8571.900101	79.193	178.0137
8572.266312	79.197	177.5654
8572.632523	79.194	177.1152
8572.998734	79.184	176.6758
8573.364945	79.169	176.3145
8573.731156	79.167	176.0117
8574.097367	79.176	175.6465
8574.463578	79.180	175.1914
8574.829789	79.167	174.7402
8575.196000	79.149	174.4131
8575.562211	79.152	174.1680
8575.928422	79.172	173.7900
8576.294633	79.174	173.2979
8576.660844	79.164	172.9072
8577.027055	79.168	172.5527
8577.393266	79.173	172.1152
8577.759477	79.168	171.7061
8578.125688	79.171	171.3086
8578.491899	79.168	170.8555
8578.858110	79.156	170.4824
8579.224321	79.159	170.1592
8579.590532	79.165	169.7373
8579.956743	79.159	169.3408
8580.322954	79.163	168.9922
8580.689165	79.169	168.5254
8581.055376	79.150	168.0996
8581.421587	79.144	167.8525
8581.787798	79.163	167.5029
8582.154009	79.164	167.0039
8582.520220	79.146	166.6416
8582.886431	79.150	166.3633
8583.252641	79.162	165.9688
8583.618852	79.161	165.5361
8583.985063	79.157	165.1504
8584.351274	79.157	164.7607
8584.717485	79.156	164.3613
8585.083696	79.155	163.9570
8585.449907	79.152	163.5352
8585.816118	79.143	163.1270
8586.182329	79.135	162.7617
8586.548540	79.133	162.4199
8586.914751	79.139	162.0352
8587.280962	79.139	161.5908
8587.647173	79.131	161.1846
8588.013384	79.131	160.8232
8588.379595	79.135	160.3906
8588.745806	79.124	159.9541
8589.112017	79.116	159.6367
8589.478228	79.129	159.2969
8589.844439	79.137	158.8193
8590.210650	79.126	158.3721
8590.576861	79.118	158.0430
8590.943072	79.127	157.6992
8591.309283	79.134	157.2656
8591.675494	79.127	156.8350
8592.041705	79.120	156.5049
8592.407916	79.131	156.1895
8592.774127	79.146	155.7373
8593.140338	79.139	155.2520
8593.506549	79.130	154.8994
8593.872760	79.141	154.5225
8594.238970	79.141	153.9902
8594.605181	79.114	153.5439
8594.971392	79.099	153.2832
8595.337603	79.110	152.9521
8595.703814	79.109	152.4863
8596.070025	79.092	152.1064
8596.436236	79.090	151.8174
8596.802447	79.102	151.4307
8597.168658	79.100	150.9688
8597.534869	79.091	150.5830
8597.901080	79.095	150.2197
8598.267291	79.100	149.7607
8598.633502	79.089	149.2949
8598.999713	79.075	148.9404
8599.365924	79.074	148.6211
8599.732135	79.081	148.2539
8600.098346	79.086	147.8535
8600.464557	79.088	147.4385
8600.830768	79.088	147.0303
8601.196979	79.087	146.6406
8601.563190	79.088	146.2412
8601.929401	79.084	145.8555
8602.295612	79.083	145.5166
8602.661823	79.092	145.1523
8603.028034	79.096	144.7383
8603.394245	79.097	144.3428
8603.760456	79.101	143.9355
8604.126667	79.098	143.4941
8604.492878	79.088	143.1064
8604.859089	79.086	142.7598
8605.225300	79.086	142.3711
8605.591510	79.081	141.9766
8605.957721	79.077	141.6104
8606.323932	79.073	141.2412
8606.690143	79.067	140.9023
8607.056354	79.071	140.5928
8607.422565	79.085	140.2197
8607.788776	79.092	139.7607
8608.154987	79.086	139.3135
8608.521198	79.079	138.9326
8608.887409	79.080	138.5664
8609.253620	79.082	138.1670
8609.619831	79.082	137.7695
8609.986042	79.083	137.3730
8610.352253	79.084	136.9521
8610.718464	79.080	136.5469
8611.084675	79.079	136.1396
8611.450886	79.070	135.7148
8611.817097	79.055	135.4150
8612.183308	79.069	135.1689
8612.549519	79.094	134.6895
8612.915730	79.080	134.1436
8613.281941	79.061	133.8428
8613.648152	79.075	133.5215
8614.014363	79.075	133.0088
8614.380574	79.050	132.6621
8614.746785	79.058	132.4600
8615.112996	79.085	132.0176
8615.479207	79.078	131.4688
8615.845418	79.061	131.1064
8616.211629	79.064	130.7676
8616.577839	79.065	130.3467
8616.944050	79.061	129.9824
8617.310261	79.070	129.5986
8617.676472	79.071	129.0957
8618.042683	79.049	128.6621
8618.408894	79.037	128.3818
8618.775105	79.044	128.0732
8619.141316	79.049	127.6807
8619.507527	79.050	127.3115
8619.873738	79.059	126.9453
8620.239949	79.070	126.4756
8620.606160	79.060	125.9600
8620.972371	79.036	125.5889
8621.338582	79.033	125.3486
8621.704793	79.052	124.9922
8622.071004	79.057	124.4844
8622.437215	79.041	124.0605
8622.803426	79.037	123.7471
8623.169637	79.046	123.3486
8623.535848	79.041	122.8740
8623.902059	79.024	122.4951
8624.268270	79.019	122.2090
8624.634481	79.031	121.8623
8625.000692	79.037	121.4199
8625.366903	79.033	120.9785
8625.733114	79.025	120.5820
8626.099325	79.018	120.2227
8626.465536	79.018	119.9062
8626.831747	79.032	119.5449
8627.197958	79.040	119.0596
8627.564169	79.026	118.6094
8627.930379	79.019	118.3008
8628.296590	79.031	117.9365
8628.662801	79.032	117.4570
8629.029012	79.017	117.0713
8629.395223	79.017	116.7871
8629.761434	79.032	116.4180
8630.127645	79.039	115.9502
8630.493856	79.033	115.4834
8630.860067	79.019	115.0684
8631.226278	79.007	114.7588
8631.592489	79.015	114.4902
8631.958700	79.038	114.0654
8632.324911	79.038	113.4961
8632.691122	79.011	113.0488
8633.057333	78.996	112.7910
8633.423544	79.009	112.4883
8633.789755	79.017	112.0342
8634.155966	79.008	111.5977
8634.522177	79.001	111.2539
8634.888388	79.003	110.8916
8635.254599	79.001	110.5127
8635.620810	79.003	110.1865
8635.987021	79.018	109.8018
8636.353232	79.022	109.3076
8636.719443	79.009	108.8760
8637.085654	79.003	108.5479
8637.451865	79.010	108.1885
8637.818076	79.014	107.7773
8638.184287	79.014	107.3574
8638.550498	79.009	106.9395
8638.916708	79.002	106.5820
8639.282919	79.007	106.2451
8639.649130	79.015	105.8027
8640.015341	79.005	105.3496
8640.381552	78.994	105.0186
8640.747763	79.001	104.6855
8641.113974	79.007	104.2422
8641.480185	78.998	103.7910
8641.846396	78.984	103.4404
8642.212607	78.985	103.1367
8642.578818	78.994	102.7471
8642.945029	78.990	102.3037
8643.311240	78.980	101.9805
8643.677451	78.994	101.6738
8644.043662	79.009	101.1816
8644.409873	78.995	100.7012
8644.776084	78.985	100.3818
8645.142295	78.992	100.0117
8645.508506	78.988	99.6094
8645.874717	78.992	99.3037
8646.240928	79.013	98.8584
8646.607139	79.003	98.2852
8646.973350	78.974	97.9512
8647.339561	78.981	97.7246
8647.705772	78.999	97.2842
8648.071983	78.991	96.8027
8648.438194	78.981	96.4414
8648.804405	78.978	96.0908
8649.170616	78.978	95.7539
8649.536827	78.991	95.3809
8649.903038	78.996	94.8613
8650.269248	78.973	94.4014
8650.635459	78.957	94.1494
8651.001670	78.973	93.8555
8651.367881	78.985	93.3770
8651.734092	78.974	92.9092
8652.100303	78.963	92.5664
8652.466514	78.969	92.2236
8652.832725	78.974	91.7783
8653.198936	78.965	91.3320
8653.565147	78.955	90.9854
8653.931358	78.958	90.6416
8654.297569	78.961	90.2432
8654.663780	78.961	89.8594
8655.029991	78.967	89.4570
8655.396202	78.965	88.9961
8655.762413	78.952	88.5859
8656.128624	78.944	88.2695
8656.494835	78.949	87.9600
8656.861046	78.962	87.5557
8657.227257	78.960	87.0742
8657.593468	78.943	86.7109
8657.959679	78.947	86.4570
8658.325890	78.967	86.0293
8658.692101	78.957	85.5225
8659.058312	78.943	85.2207
8659.424523	78.958	84.8857
8659.790734	78.957	84.3770
8660.156945	78.935	84.0391
8660.523156	78.947	83.7979
8660.889367	78.966	83.3096
8661.255578	78.951	82.8145
8661.621788	78.942	82.5039
8661.987999	78.951	82.0947
8662.354210	78.937	81.6270
8662.720421	78.922	81.3359
8663.086632	78.934	81.0215
8663.452843	78.938	80.5547
8663.819054	78.922	80.1641
8664.185265	78.920	79.8877
8664.551476	78.935	79.5312
8664.917687	78.942	79.0703
8665.283898	78.935	78.6436
8665.650109	78.932	78.3008
8666.016320	78.943	77.9160
8666.382531	78.946	77.4355
8666.748742	78.934	77.0000
8667.114953	78.927	76.6309
8667.481164	78.922	76.2412
8667.847375	78.912	75.9092
8668.213586	78.919	75.6230
8668.579797	78.935	75.2051
8668.946008	78.931	74.7383
8669.312219	78.924	74.3701
8669.678430	78.927	73.9941
8670.044641	78.926	73.5762
8670.410852	78.922	73.1973
8670.777063	78.922	72.8145
8671.143274	78.919	72.4150
8671.509485	78.916	72.0537
8671.875696	78.920	71.6797
8672.241907	78.920	71.2617
8672.608117	78.914	70.8711
8672.974328	78.912	70.5322
8673.340539	78.921	70.1768
8673.706750	78.931	69.7354
8674.072961	78.928	69.2598
8674.439172	78.918	68.8633
8674.805383	78.918	68.5020
8675.171594	78.920	68.0830
8675.537805	78.914	67.6836
8675.904016	78.917	67.3281
8676.270227	78.925	66.8838
8676.636438	78.914	66.4072
8677.002649	78.899	66.0713
8677.368860	78.904	65.7686
8677.735071	78.911	65.3604
8678.101282	78.907	64.9707
8678.467493	78.913	64.6182
8678.833704	78.921	64.1719
8679.199915	78.912	63.7295
8679.566126	78.905	63.3818
8679.932337	78.906	62.9941
8680.298548	78.896	62.6094
8680.664759	78.892	62.3457
8681.030970	78.912	62.0215
8681.397181	78.924	61.5312
8681.763392	78.914	61.0791
8682.129603	78.909	60.7256
8682.495814	78.912	60.3330
8682.862025	78.907	59.9238
8683.228236	78.904	59.5664
8683.594447	78.909	59.1758
8683.960657	78.905	58.7246
8684.326868	78.890	58.3535
8684.693079	78.889	58.0791
8685.059290	78.907	57.7080
8685.425501	78.912	57.2031
8685.791712	78.897	56.7451
8686.157923	78.884	56.4072
8686.524134	78.885	56.0840
8686.890345	78.888	55.7100
8687.256556	78.887	55.3330
8687.622767	78.889	54.9873
8687.988978	78.900	54.6094
8688.355189	78.907	54.1494
8688.721400	78.898	53.6992
8689.087611	78.888	53.3398
8689.453822	78.888	53.0156
8689.820033	78.896	52.6523
8690.186244	78.903	52.2256
8690.552455	78.899	51.7793
8690.918666	78.890	51.4014
8691.284877	78.890	51.0566
8691.651088	78.894	50.6484
8692.017299	78.887	50.2363
8692.383510	78.880	49.8857
8692.749721	78.880	49.5391
8693.115932	78.882	49.1885
8693.482143	78.893	48.8105
8693.848354	78.901	48.3066
8694.214565	78.880	47.8096
8694.580776	78.855	47.5352
8694.946986	78.865	47.3135
8695.313197	78.885	46.9023
8695.679408	78.886	46.4424
8696.045619	78.887	46.0537
8696.411830	78.894	45.5996
8696.778041	78.884	45.1240
8697.144252	78.872	44.7832
8697.510463	78.880	44.4482
8697.876674	78.888	43.9971
8698.242885	78.882	43.5488
8698.609096	78.875	43.1504
8698.975307	78.867	42.7744
8699.341518	78.862	42.4541
8699.707729	78.870	42.1260
8700.073940	78.878	41.7080
8700.440151	78.875	41.2949
8700.806362	78.874	40.9297
8701.172573	78.877	40.5312
8701.538784	78.872	40.1230
8701.904995	78.866	39.7842
8702.271206	78.871	39.4648
8702.637417	78.882	39.0811
8703.003628	78.888	38.6211
8703.369839	78.879	38.1670
8703.736050	78.866	37.8135
8704.102261	78.869	37.5107
8704.468472	78.882	37.1074
8704.834683	78.882	36.6064
8705.200894	78.865	36.1787
8705.567105	78.856	35.8584
8705.933316	78.859	35.5000
8706.299526	78.855	35.0977
8706.665737	78.850	34.7705
8707.031948	78.862	34.4355
8707.398159	78.872	33.9805
8707.764370	78.867	33.5234
8708.130581	78.860	33.1348
8708.496792	78.856	32.7490
8708.863003	78.851	32.4072
8709.229214	78.861	32.0801
8709.595425	78.874	31.6143
8709.961636	78.861	31.1338
8710.327847	78.847	30.8281
8710.694058	78.855	30.5293
8711.060269	78.863	30.1299
8711.426480	78.866	29.7607
8711.792691	78.878	29.3604
8712.158902	78.879	28.8564
8712.525113	78.862	28.4512
8712.891324	78.861	28.1445
8713.257535	78.869	27.7217
8713.623746	78.857	27.2832
8713.989957	78.846	26.9746
8714.356168	78.852	26.6514
8714.722379	78.856	26.2529
8715.088590	78.855	25.8672
8715.454801	78.856	25.4775
8715.821012	78.852	25.0928
8716.187223	78.852	24.7490
8716.553434	78.860	24.3643
8716.919645	78.861	23.9443
8717.285856	78.861	23.5625
8717.652066	78.867	23.1523
8718.018277	78.865	22.7100
8718.384488	78.862	22.3125
8718.750699	78.865	21.8828
8719.116910	78.854	21.4219
8719.483121	78.839	21.0840
8719.849332	78.843	20.7822
8720.215543	78.850	20.3633
8720.581754	78.844	19.9473
8720.947965	78.841	19.5996
8721.314176	78.843	19.2227
8721.680387	78.842	18.8477
8722.046598	78.845	18.5000
8722.412809	78.853	18.1045
8722.779020	78.854	17.6973
8723.145231	78.859	17.3086
8723.511442	78.865	16.8545
8723.877653	78.856	16.3877
8724.243864	78.842	16.0420
8724.610075	78.846	15.7393
8724.976286	78.856	15.3379
8725.342497	78.855	14.9092
8725.708708	78.853	14.5352
8726.074919	78.857	14.1387
8726.441130	78.854	13.7031
8726.807341	78.846	13.3330
8727.173552	78.847	12.9990
8727.539763	78.853	12.6045
8727.905974	78.853	12.1885
8728.272185	78.851	11.7842
8728.638395	78.845	11.3721
8729.004606	78.833	11.0195
8729.370817	78.832	10.7334
8729.737028	78.844	10.3828
8730.103239	78.850	9.9492
8730.469450	78.848	9.5312
8730.835661	78.846	9.1396
8731.201872	78.844	8.7402
8731.568083	78.840	8.3525
8731.934294	78.837	7.9902
8732.300505	78.840	7.6250
8732.666716	78.845	7.2305
8733.032927	78.848	6.8145
8733.399138	78.848	6.3896
8733.765349	78.846	5.9561
8734.131560	78.837	5.5459
8734.497771	78.829	5.1953
8734.863982	78.831	4.8613
8735.230193	78.836	4.4883
8735.596404	78.838	4.0967
8735.962615	78.840	3.7236
8736.328826	78.845	3.3457
8736.695037	78.849	2.9326
8737.061248	78.846	2.5264
8737.427459	78.844	2.1748
8737.793670	78.852	1.8145
8738.159881	78.857	1.3760
8738.526092	78.850	0.9463
8738.892303	78.842	0.5957
8739.258514	78.843	0.2539
8739.624725	78.844	-0.0996
8739.990935	78.851	-0.4541
8740.357146	78.862	-0.8926
8740.723357	78.856	-1.3818
8741.089568	78.842	-1.7734
8741.455779	78.837	-2.1230
8741.821990	78.831	-2.4951
8742.188201	78.829	-2.7969
8742.554412	78.848	-3.1631
8742.920623	78.852	-3.7197
8743.286834	78.824	-4.1445
8743.653045	78.820	-4.3604
8744.019256	78.843	-4.7480
8744.385467	78.841	-5.2549
8744.751678	78.832	-5.6025
8745.117889	78.845	-5.9941
8745.484100	78.839	-6.5088
8745.850311	78.815	-6.8398
8746.216522	78.823	-7.0566
8746.582733	78.847	-7.4600
8746.948944	78.849	-7.9629
8747.315155	78.837	-8.3613
8747.681366	78.835	-8.6777
8748.047577	78.846	-9.0137
8748.413788	78.860	-9.4473
8748.779999	78.860	-9.9453
8749.146210	78.845	-10.3838
8749.512421	78.831	-10.7324
8749.878632	78.825	-11.0430
8750.244843	78.828	-11.3545
8750.611054	78.836	-11.7334
8750.977264	78.833	-12.1543
8751.343475	78.825	-12.4775
8751.709686	78.838	-12.7725
8752.075897	78.858	-13.2432
8752.442108	78.849	-13.7754
8752.808319	78.830	-14.1309
8753.174530	78.835	-14.4336
8753.540741	78.844	-14.8701
8753.906952	78.836	-15.3115
8754.273163	78.830	-15.6533
8754.639374	78.837	-16.0088
8755.005585	78.843	-16.4219
8755.371796	78.847	-16.8486
8755.738007	78.847	-17.3096
8756.104218	78.832	-17.7500
8756.470429	78.818	-18.0449
8756.836640	78.829	-18.3057
8757.202851	78.850	-18.7451
8757.569062	78.843	-19.2490
8757.935273	78.828	-19.5830
8758.301484	78.838	-19.8740
8758.667695	78.852	-20.3037
8759.033906	78.851	-20.7588
8759.400117	78.849	-21.1689
8759.766328	78.846	-21.6025
8760.132539	78.834	-21.9941
8760.498750	78.830	-22.3105
8760.864961	78.839	-22.6738
8761.231172	78.843	-23.1191
8761.597383	78.835	-23.5605
8761.963594	78.823	-23.9209
8762.329804	78.823	-24.2324
8762.696015	78.832	-24.6113
8763.062226	78.831	-25.0391
8763.428437	78.827	-25.3984
8763.794648	78.833	-25.7529
8764.160859	78.838	-26.1621
8764.527070	78.840	-26.5508
8764.893281	78.847	-26.9551
8765.259492	78.849	-27.4170
8765.625703	78.841	-27.8350
8765.991914	78.838	-28.2217
8766.358125	78.831	-28.6270
8766.724336	78.820	-28.9619
8767.090547	78.822	-29.2451
8767.456758	78.834	-29.5928
8767.822969	78.842	-30.0010
8768.189180	78.844	-30.4248
8768.555391	78.841	-30.8457
8768.921602	78.835	-31.2295
8769.287813	78.832	-31.5889
8769.654024	78.832	-31.9561
8770.020235	78.831	-32.3232
8770.386446	78.832	-32.6914
8770.752657	78.834	-33.0635
8771.118868	78.839	-33.4531
8771.485079	78.841	-33.8799
8771.851290	78.835	-34.2998
8772.217501	78.829	-34.6572
8772.583712	78.833	-35.0137
8772.949923	78.837	-35.4277
8773.316133	78.835	-35.8477
8773.682344	78.833	-36.2441
8774.048555	78.833	-36.6621
8774.414766	78.824	-37.0830
8774.780977	78.812	-37.4170
8775.147188	78.815	-37.6924
8775.513399	78.832	-38.0576
8775.879610	78.839	-38.5303
8776.245821	78.829	-38.9502
8776.612032	78.826	-39.2559
8776.978243	78.842	-39.6074
8777.344454	78.853	-40.0996
8777.710665	78.841	-40.5635
8778.076876	78.832	-40.8906
8778.443087	78.840	-41.2373
8778.809298	78.845	-41.6650
8779.175509	78.842	-42.0615
8779.541720	78.845	-42.4541
8779.907931	78.841	-42.8770
8780.274142	78.834	-43.2227
8780.640353	78.843	-43.5557
8781.006564	78.851	-44.0117
8781.372775	78.841	-44.4463
8781.738986	78.837	-44.7627
8782.105197	78.851	-45.1543
8782.471408	78.850	-45.6611
8782.837619	78.829	-46.0801
8783.203830	78.817	-46.3623
8783.570041	78.824	-46.6455
8783.936252	78.839	-47.0273
8784.302463	78.844	-47.4912
8784.668673	78.836	-47.9180
8785.034884	78.831	-48.2559
8785.401095	78.839	-48.6289
8785.767306	78.840	-49.0791
8786.133517	78.829	-49.4551
8786.499728	78.833	-49.7598
8786.865939	78.848	-50.1709
8787.232150	78.847	-50.6680
8787.598361	78.832	-51.0713
8787.964572	78.827	-51.3818
8788.330783	78.834	-51.7256
8788.696994	78.841	-52.1279
8789.063205	78.842	-52.5537
8789.429416	78.837	-52.9609
8789.795627	78.832	-53.3096
8790.161838	78.837	-53.6396
8790.528049	78.847	-54.0527
8790.894260	78.842	-54.5088
8791.260471	78.828	-54.8545
8791.626682	78.831	-55.1133
8791.992893	78.850	-55.4746
8792.359104	78.859	-55.9502
8792.725315	78.852	-56.3896
8793.091526	78.847	-56.7686
8793.457737	78.845	-57.1475
8793.823948	78.841	-57.5137
8794.190159	78.842	-57.8613
8794.556370	78.848	-58.2402
8794.922581	78.853	-58.6660
8795.288792	78.849	-59.1074
8795.655003	78.839	-59.5166
8796.021213	78.830	-59.8730
8796.387424	78.826	-60.1973
8796.753635	78.831	-60.5352
8797.119846	78.837	-60.9160
8797.486057	78.841	-61.3105
8797.852268	78.847	-61.6953
8798.218479	78.857	-62.1406
8798.584690	78.854	-62.6436
8798.950901	78.838	-63.0547
8799.317112	78.833	-63.3623
8799.683323	78.844	-63.7334
8800.049534	78.846	-64.1768
8800.415745	78.842	-64.5684
8800.781956	78.846	-64.9346
8801.148167	78.850	-65.3525
8801.514378	78.849	-65.7568
8801.880589	78.853	-66.1348
8802.246800	78.858	-66.5811
8802.613011	78.848	-67.0225
8802.979222	78.839	-67.3457
8803.345433	78.846	-67.6914
8803.711644	78.845	-68.1123
8804.077855	78.836	-68.4365
8804.444066	78.846	-68.7334
8804.810277	78.857	-69.1543
8805.176488	78.854	-69.5518
8805.542699	78.860	-69.8965
8805.908910	78.868	-70.3408
8806.275121	78.858	-70.7656
8806.641332	78.856	-71.0869
8807.007542	78.864	-71.4932
8807.373753	78.856	-71.9404
8807.739964	78.845	-72.2666
8808.106175	78.851	-72.5986
8808.472386	78.852	-73.0000
8808.838597	78.850	-73.3438
8809.204808	78.863	-73.7129
8809.571019	78.868	-74.2070
8809.937230	78.853	-74.6543
8810.303441	78.844	-74.9697
8810.669652	78.852	-75.3076
8811.035863	78.860	-75.7363
8811.402074	78.860	-76.1973
8811.768285	78.852	-76.6543
8812.134496	78.835	-77.0479
8812.500707	78.824	-77.3330
8812.866918	78.834	-77.6230
8813.233129	78.848	-78.0303
8813.599340	78.850	-78.4980
8813.965551	78.841	-78.9258
8814.331762	78.831	-79.2695
8814.697973	78.834	-79.5723
8815.064184	78.846	-79.9609
8815.430395	78.844	-80.4111
8815.796606	78.834	-80.7441
8816.162817	78.847	-81.0264
8816.529028	78.868	-81.4922
8816.895239	78.858	-82.0176
8817.261450	78.840	-82.3477
8817.627661	78.849	-82.6309
8817.993872	78.861	-83.0859
8818.360082	78.848	-83.5391
8818.726293	78.836	-83.8301
8819.092504	78.848	-84.1299
8819.458715	78.860	-84.5615
8819.824926	78.857	-85.0029
8820.191137	78.852	-85.3770
8820.557348	78.856	-85.7510
8820.923559	78.858	-86.1758
8821.289770	78.851	-86.5918
8821.655981	78.844	-86.9385
8822.022192	78.850	-87.2773
8822.388403	78.858	-87.6982
8822.754614	78.856	-88.1504
8823.120825	78.847	-88.5391
8823.487036	78.847	-88.8867
8823.853247	78.853	-89.2773
8824.219458	78.852	-89.7070
8824.585669	78.846	-90.0889
8824.951880	78.850	-90.4346
8825.318091	78.859	-90.8545
8825.684302	78.854	-91.3076
8826.050513	78.845	-91.6680
8826.416724	78.850	-91.9971
8826.782935	78.860	-92.4170
8827.149146	78.856	-92.8789
8827.515357	78.842	-93.2588
8827.881568	78.837	-93.5225
8828.247779	78.855	-93.8145
8828.613990	78.875	-94.2832
8828.980201	78.869	-94.7979
8829.346411	78.853	-95.1660
8829.712622	78.854	-95.4707
8830.078833	78.863	-95.8408
8830.445044	78.868	-96.2627
8830.811255	78.866	-96.6914
8831.177466	78.858	-97.0732
8831.543677	78.859	-97.4170
8831.909888	78.863	-97.8115
8832.276099	78.859	-98.2080
8832.642310	78.861	-98.5459
8833.008521	78.872	-98.9473
8833.374732	78.872	-99.4170
8833.740943	78.865	-99.8242
8834.107154	78.863	-100.2246
8834.473365	78.854	-100.6357
8834.839576	78.844	-100.9424
8835.205787	78.854	-101.2412
8835.571998	78.865	-101.6650
8835.938209	78.863	-102.0889
8836.304420	78.863	-102.4600
8836.670631	78.865	-102.8701
8837.036842	78.859	-103.2471
8837.403053	78.864	-103.5625
8837.769264	78.879	-103.9902
8838.135475	78.872	-104.4775
8838.501686	78.860	-104.8154
8838.867897	78.871	-105.1533
8839.234108	78.874	-105.6494
8839.600319	78.851	-106.0332
8839.966530	78.851	-106.2441
8840.332741	78.877	-106.6328
8840.698951	78.876	-107.1641
8841.065162	78.859	-107.5303
8841.431373	78.864	-107.8467
8841.797584	78.867	-108.2754
8842.163795	78.858	-108.6445
8842.530006	78.864	-108.9443
8842.896217	78.880	-109.3662
8843.262428	78.878	-109.8574
8843.628639	78.864	-110.2422
8843.994850	78.861	-110.5430
8844.361061	78.872	-110.8770
8844.727272	78.884	-111.2773
8845.093483	78.891	-111.7227
8845.459694	78.890	-112.1787
8845.825905	78.883	-112.5820
8846.192116	78.883	-112.9316
8846.558327	78.891	-113.3438
8846.924538	78.887	-113.8125
8847.290749	78.874	-114.1963
8847.656960	78.871	-114.5234
8848.023171	78.872	-114.8867
8848.389382	78.871	-115.2285
8848.755593	78.880	-115.5605
8849.121804	78.895	-115.9912
8849.488015	78.894	-116.4795
8849.854226	78.882	-116.9072
8850.220437	78.872	-117.2520
8850.586648	78.872	-117.5781
8850.952859	78.876	-117.9443
8851.319070	78.876	-118.2988
8851.685281	78.887	-118.6270
8852.051491	78.905	-119.0791
8852.417702	78.900	-119.6104
8852.783913	78.881	-119.9688
8853.150124	78.888	-120.2422
8853.516335	78.904	-120.6797
8853.882546	78.899	-121.1592
8854.248757	78.890	-121.5195
8854.614968	78.894	-121.8848
8854.981179	78.894	-122.2959
8855.347390	78.889	-122.6709
8855.713601	78.888	-123.0273
8856.079812	78.889	-123.3770
8856.446023	78.897	-123.7246
8856.812234	78.906	-124.1494
8857.178445	78.902	-124.6045
8857.544656	78.892	-124.9648
8857.910867	78.895	-125.2861
8858.277078	78.904	-125.6621
8858.643289	78.912	-126.0938
8859.009500	78.911	-126.5684
8859.375711	78.897	-126.9980
8859.741922	78.887	-127.3203
8860.108133	78.893	-127.6709
8860.474344	78.891	-128.0898
8860.840555	78.885	-128.4316
8861.206766	78.896	-128.7715
8861.572977	78.902	-129.2480
8861.939188	78.885	-129.6543
8862.305399	78.886	-129.8936
8862.671610	78.916	-130.2920
8863.037820	78.917	-130.8906
8863.404031	78.888	-131.2949
8863.770242	78.886	-131.5303
8864.136453	78.902	-131.9189
8864.502664	78.898	-132.3486
8864.868875	78.900	-132.6787
8865.235086	78.913	-133.1104
8865.601297	78.904	-133.5811
8865.967508	78.894	-133.8945
8866.333719	78.906	-134.2500
8866.699930	78.905	-134.7119
8867.066141	78.894	-135.0576
8867.432352	78.903	-135.3838
8867.798563	78.907	-135.8242
8868.164774	78.900	-136.2021
8868.530985	78.906	-136.5410
8868.897196	78.913	-136.9756
8869.263407	78.908	-137.3818
8869.629618	78.912	-137.7539
8869.995829	78.914	-138.2041
8870.362040	78.904	-138.6094
8870.728251	78.904	-138.9414
8871.094462	78.909	-139.3555
8871.460673	78.900	-139.7617
8871.826884	78.899	-140.0625
8872.193095	78.915	-140.4336
8872.559306	78.918	-140.9150
8872.925517	78.907	-141.3223
8873.291728	78.905	-141.6533
8873.657939	78.910	-142.0283
8874.024150	78.910	-142.4131
8874.390360	78.914	-142.7686
8874.756571	78.923	-143.1660
8875.122782	78.924	-143.6113
8875.488993	78.918	-144.0166
8875.855204	78.916	-144.3721
8876.221415	78.922	-144.7510
8876.587626	78.925	-145.1914
8876.953837	78.916	-145.6318
8877.320048	78.904	-145.9883
8877.686259	78.904	-146.3018
8878.052470	78.913	-146.6836
8878.418681	78.912	-147.1211
8878.784892	78.903	-147.5098
8879.151103	78.900	-147.8418
8879.517314	78.905	-148.1885
8879.883525	78.909	-148.5742
8880.249736	78.911	-148.9551
8880.615947	78.916	-149.3232
8880.982158	78.924	-149.7363
8881.348369	78.924	-150.1748
8881.714580	78.919	-150.5537
8882.080791	78.923	-150.8984
8882.447002	78.933	-151.2939
8882.813213	78.937	-151.7461
8883.179424	78.929	-152.1807
8883.545635	78.919	-152.5137
8883.911846	78.926	-152.8223
8884.278057	78.936	-153.2451
8884.644268	78.928	-153.6602
8885.010479	78.926	-153.9541
8885.376689	78.942	-154.3232
8885.742900	78.942	-154.7891
8886.109111	78.933	-155.1396
8886.475322	78.942	-155.4814
8886.841533	78.945	-155.9482
8887.207744	78.929	-156.3340
8887.573955	78.927	-156.5938
8887.940166	78.943	-156.9346
8888.306377	78.953	-157.3828
8888.672588	78.952	-157.8408
8889.038799	78.944	-158.2520
8889.405010	78.940	-158.5967
8889.771221	78.949	-158.9775
8890.137432	78.950	-159.4424
8890.503643	78.940	-159.8516
8890.869854	78.939	-160.2021
8891.236065	78.943	-160.6113
8891.602276	78.940	-161.0273
8891.968487	78.938	-161.4111
8892.334698	78.937	-161.8223
8892.700909	78.931	-162.1943
8893.067120	78.935	-162.5293
8893.433331	78.944	-162.9580
8893.799542	78.937	-163.3965
8894.165753	78.931	-163.7324
8894.531964	78.936	-164.0908
8894.898175	78.936	-164.4785
8895.264386	78.938	-164.8008
8895.630597	78.953	-165.1670
8895.996808	78.960	-165.6348
8896.363019	78.953	-166.0537
8896.729229	78.952	-166.4072
8897.095440	78.956	-166.7881
8897.461651	78.957	-167.1934
8897.827862	78.953	-167.5752
8898.194073	78.952	-167.9082
8898.560284	78.964	-168.2539
8898.926495	78.976	-168.7129
8899.292706	78.968	-169.1826
8899.658917	78.959	-169.5293
8900.025128	78.968	-169.8867
8900.391339	78.973	-170.3584
8900.757550	78.961	-170.8018
8901.123761	78.950	-171.1514
8901.489972	78.949	-171.4834
8901.856183	78.954	-171.8350
8902.222394	78.963	-172.2441
8902.588605	78.962	-172.6992
8902.954816	78.953	-173.0908
8903.321027	78.955	-173.4326
8903.687238	78.961	-173.8467
8904.053449	78.954	-174.2715
8904.419660	78.949	-174.5811
8904.785871	78.965	-174.9092
8905.152082	78.979	-175.4033
8905.518293	78.967	-175.8955
8905.884504	78.952	-176.2275
8906.250715	78.955	-176.5215
8906.616926	78.965	-176.8760
8906.983137	78.976	-177.2656
8907.349348	78.984	-177.7197
8907.715558	78.976	-178.1865
8908.081769	78.963	-178.5215
8908.447980	78.971	-178.8125
8908.814191	78.985	-179.2451
8909.180402	78.977	-179.7119
8909.546613	78.965	179.9648
8909.912824	78.975	179.6602
8910.279035	78.988	179.2051
8910.645246	78.977	178.7256
8911.011457	78.960	178.3926
8911.377668	78.962	178.1230
8911.743879	78.976	177.7744
8912.110090	78.985	177.3516
8912.476301	78.986	176.9229
8912.842512	78.986	176.5127
8913.208723	78.985	176.1074
8913.574934	78.982	175.7129
8913.941145	78.981	175.3613
8914.307356	78.991	174.9883
8914.673567	78.998	174.5195
8915.039778	78.986	174.0791
8915.405989	78.979	173.7627
8915.772200	78.989	173.4258
8916.138411	78.997	173.0098
8916.504622	78.999	172.6016
8916.870833	79.002	172.1846
8917.237044	78.997	171.7676
8917.603255	78.994	171.4170
8917.969466	79.001	171.0449
8918.335677	79.002	170.6104
8918.701888	78.994	170.2344
8919.068098	78.997	169.8994
8919.434309	79.004	169.4980
8919.800520	79.002	169.0732
8920.166731	78.998	168.6836
8920.532942	78.996	168.2949
8920.899153	78.992	167.9111
8921.265364	78.988	167.5635
8921.631575	78.993	167.2178
8921.997786	79.001	166.7979
8922.363997	78.997	166.3340
8922.730208	78.983	165.9521
8923.096419	78.980	165.6436
8923.462630	78.986	165.2812
8923.828841	78.987	164.8955
8924.195052	78.991	164.5410
8924.561263	79.001	164.1211
8924.927474	78.998	163.6670
8925.293685	78.990	163.3008
8925.659896	78.993	162.9502
8926.026107	78.995	162.5645
8926.392318	78.998	162.2129
8926.758529	79.010	161.8164
8927.124740	79.011	161.3408
8927.490951	78.999	160.9482
8927.857162	78.998	160.6250
8928.223373	79.000	160.2637
8928.589584	79.002	159.9297
8928.955795	79.017	159.5781
8929.322006	79.026	159.1006
8929.688217	79.013	158.6719
8930.054428	79.010	158.3760
8930.420638	79.024	158.0010
8930.786849	79.024	157.5518
8931.153060	79.021	157.1836
8931.519271	79.029	156.7793
8931.885482	79.021	156.3057
8932.251693	79.004	155.9795
8932.617904	79.015	155.7031
8932.984115	79.029	155.2227
8933.350326	79.010	154.7529
8933.716537	78.998	154.5127
8934.082748	79.020	154.2002
8934.448959	79.028	153.6846
8934.815170	79.012	153.2852
8935.181381	79.019	152.9941
8935.547592	79.035	152.5303
8935.913803	79.023	152.0312
8936.280014	79.009	151.7090
8936.646225	79.018	151.3828
8937.012436	79.023	150.9443
8937.378647	79.017	150.5537
8937.744858	79.020	150.2119
8938.111069	79.028	149.8125
8938.477280	79.030	149.3965
8938.843491	79.035	148.9912
8939.209702	79.038	148.5303
8939.575913	79.026	148.0664
8939.942124	79.009	147.7305
8940.308335	79.011	147.4756
8940.674546	79.030	147.1328
8941.040757	79.044	146.6572
8941.406967	79.038	146.1758
8941.773178	79.028	145.7939
8942.139389	79.030	145.4453
8942.505600	79.033	145.0254
8942.871811	79.023	144.6221
8943.238022	79.018	144.3447
8943.604233	79.038	144.0322
8943.970444	79.055	143.5225
8944.336655	79.039	143.0205
8944.702866	79.021	142.7197
8945.069077	79.030	142.4502
8945.435288	79.043	142.0518
8945.801499	79.042	141.6377
8946.167710	79.040	141.2900
8946.533921	79.048	140.9473
8946.900132	79.059	140.5596
8947.266343	79.067	140.1172
8947.632554	79.064	139.6504
8947.998765	79.051	139.2568
8948.364976	79.047	138.9580
8948.731187	79.060	138.6104
8949.097398	79.066	138.1523
8949.463609	79.056	137.7441
8949.829820	79.057	137.4160
8950.196031	79.068	136.9951
8950.562242	79.060	136.5322
8950.928453	79.050	136.2119
8951.294664	79.066	135.8652
8951.660875	79.072	135.3252
8952.027086	79.046	134.8691
8952.393297	79.034	134.6221
8952.759507	79.048	134.2988
8953.125718	79.052	133.8525
8953.491929	79.046	133.4893
8953.858140	79.055	133.1504
8954.224351	79.065	132.7236
8954.590562	79.066	132.3018
8954.956773	79.071	131.8896
8955.322984	79.070	131.4209
8955.689195	79.054	131.0352
8956.055406	79.055	130.7822
8956.421617	79.079	130.4189
8956.787828	79.086	129.8955
8957.154039	79.070	129.4912
8957.520250	79.074	129.2158
8957.886461	79.093	128.8047
8958.252672	79.090	128.3154
8958.618883	79.081	127.9639
8958.985094	79.091	127.6094
8959.351305	79.092	127.1416
8959.717516	79.076	126.7822
8960.083727	79.082	126.5195
8960.449938	79.101	126.0967
8960.816149	79.094	125.6074
8961.182360	79.082	125.2607
8961.548571	79.085	124.9297
8961.914782	79.086	124.5400
8962.280993	79.085	124.1982
8962.647204	79.097	123.8145
8963.013415	79.097	123.3262
8963.379626	79.077	122.9404
8963.745836	79.074	122.6973
8964.112047	79.094	122.3613
8964.478258	79.105	121.8906
8964.844469	79.102	121.4492
8965.210680	79.101	121.0566
8965.576891	79.103	120.6367
8965.943102	79.100	120.2148
8966.309313	79.097	119.8291
8966.675524	79.098	119.4414
8967.041735	79.098	119.0303
8967.407946	79.093	118.6357
8967.774157	79.092	118.2910
8968.140368	79.102	117.9375
8968.506579	79.114	117.4746
8968.872790	79.106	116.9766
8969.239001	79.090	116.6182
8969.605212	79.093	116.3262
8969.971423	79.107	115.9160
8970.337634	79.104	115.4492
8970.703845	79.094	115.0664
8971.070056	79.091	114.7402
8971.436267	79.098	114.4062
8971.802478	79.109	113.9990
8972.168689	79.107	113.5361
8972.534900	79.095	113.1807
8972.901111	79.102	112.9033
8973.267322	79.120	112.4824
8973.633533	79.117	111.9961
8973.999744	79.108	111.6396
8974.365955	79.116	111.2930
8974.732166	79.121	110.8506
8975.098376	79.113	110.4424
8975.464587	79.110	110.1035
8975.830798	79.114	109.7510
8976.197009	79.121	109.3701
8976.563220	79.127	108.9619
8976.929431	79.128	108.5479
8977.295642	79.131	108.1455
8977.661853	79.135	107.6963
8978.028064	79.126	107.2363
8978.394275	79.112	106.8740
8978.760486	79.109	106.5576
8979.126697	79.112	106.2129
8979.492908	79.117	105.8770
8979.859119	79.133	105.5010
8980.225330	79.145	104.9912
8980.591541	79.129	104.4834
8980.957752	79.107	104.1719
8981.323963	79.113	103.9453
8981.690174	79.135	103.5537
8982.056385	79.136	103.0703
8982.422596	79.127	102.7139
8982.788807	79.136	102.3916
8983.155018	79.146	101.9619
8983.521229	79.142	101.5459
8983.887440	79.143	101.1836
8984.253651	79.147	100.7852
8984.619862	79.145	100.3965
8984.986073	79.148	100.0068
8985.352284	79.143	99.5742
8985.718495	79.129	99.2510
8986.084706	79.138	99.0059
8986.450916	79.161	98.5703
8986.817127	79.154	98.0430
8987.183338	79.135	97.6953
8987.549549	79.140	97.4014
8987.915760	79.149	96.9785
8988.281971	79.142	96.5557
8988.648182	79.138	96.2256
8989.014393	79.149	95.8633
8989.380604	79.157	95.3936
8989.746815	79.147	94.9385
8990.113026	79.139	94.6084
8990.479237	79.152	94.2725
8990.845448	79.166	93.7871
8991.211659	79.156	93.2959
8991.577870	79.145	92.9492
8991.944081	79.153	92.6270
8992.310292	79.167	92.1924
8992.676503	79.166	91.7119
8993.042714	79.154	91.3223
8993.408925	79.153	91.0283
8993.775136	79.170	90.6846
8994.141347	79.182	90.2246
8994.507558	79.177	89.7656
8994.873769	79.169	89.3955
8995.239980	79.167	89.0771
8995.606191	79.175	88.7549
8995.972402	79.188	88.3740
8996.338613	79.193	87.9346
8996.704824	79.189	87.5283
8997.071035	79.189	87.1816
8997.437245	79.197	86.7852
8997.803456	79.196	86.3242
8998.169667	79.182	85.9463
8998.535878	79.184	85.6445
8998.902089	79.196	85.2334
8999.268300	79.190	84.7568
8999.634511	79.178	84.4111
9000.000722	79.186	84.0898
9000.366933	79.196	83.6318
9000.733144	79.187	83.1699
9001.099355	79.178	82.7998
9001.465566	79.178	82.4424
9001.831777	79.182	82.0615
9002.197988	79.186	81.6396
9002.564199	79.180	81.2129
9002.930410	79.172	80.8799
9003.296621	79.181	80.5684
9003.662832	79.194	80.1680
9004.029043	79.200	79.7393
9004.395254	79.203	79.2871
9004.761465	79.192	78.8486
9005.127676	79.180	78.5830
9005.493887	79.203	78.3223
9005.860098	79.227	77.7988
9006.226309	79.209	77.2832
9006.592520	79.195	77.0215
9006.958731	79.215	76.7031
9007.324942	79.222	76.1973
9007.691153	79.205	75.8027
9008.057364	79.206	75.5225
9008.423575	79.219	75.1387
9008.789785	79.219	74.7119
9009.155996	79.218	74.3438
9009.522207	79.223	73.9658
9009.888418	79.226	73.5654
9010.254629	79.230	73.1621
9010.620840	79.231	72.7354
9010.987051	79.228	72.3184
9011.353262	79.226	71.9131
9011.719473	79.219	71.5059
9012.085684	79.211	71.1826
9012.451895	79.222	70.8818
9012.818106	79.239	70.4365
9013.184317	79.234	69.9531
9013.550528	79.226	69.5840
9013.916739	79.231	69.2207
9014.282950	79.235	68.7939
9014.649161	79.233	68.3730
9015.015372	79.229	67.9746
9015.381583	79.225	67.5938
9015.747794	79.223	67.2344
9016.114005	79.223	66.8867
9016.480216	79.230	66.5508
9016.846427	79.246	66.1367
9017.212638	79.247	65.6230
9017.578849	79.228	65.2197
9017.945060	79.226	64.9482
9018.311271	79.241	64.5693
9018.677482	79.240	64.1133
9019.043693	79.231	63.7646
9019.409904	79.238	63.4355
9019.776114	79.246	63.0254
9020.142325	79.245	62.6338
9020.508536	79.249	62.2715
9020.874747	79.256	61.8613
9021.240958	79.254	61.4463
9021.607169	79.254	61.0820
9021.973380	79.263	60.7002
9022.339591	79.270	60.2441
9022.705802	79.265	59.7734
9023.072013	79.253	59.3574
9023.438224	79.242	59.0098
9023.804435	79.240	58.6973
9024.170646	79.248	58.3486
9024.536857	79.252	57.9434
9024.903068	79.251	57.5674
9025.269279	79.261	57.2188
9025.635490	79.276	56.7461
9026.001701	79.266	56.2119
9026.367912	79.243	55.8535
9026.734123	79.245	55.5928
9027.100334	79.258	55.2021
9027.466545	79.256	54.7871
9027.832756	79.258	54.4648
9028.198967	79.274	54.0801
9028.565178	79.280	53.6025
9028.931389	79.275	53.1738
9029.297600	79.272	52.7949
9029.663811	79.272	52.4238
9030.030022	79.276	52.0732
9030.396233	79.286	51.6758
9030.762444	79.287	51.2236
9031.128654	79.278	50.8311
9031.494865	79.277	50.5117
9031.861076	79.287	50.1504
9032.227287	79.290	49.7168
9032.593498	79.282	49.3379
9032.959709	79.283	49.0537
9033.325920	79.303	48.6973
9033.692131	79.312	48.2129
9034.058342	79.305	47.7725
9034.424553	79.303	47.3984
9034.790764	79.304	47.0000
9035.156975	79.301	46.6172
9035.523186	79.306	46.2373
9035.889397	79.306	45.7900
9036.255608	79.294	45.4023
9036.621819	79.295	45.1123
9036.988030	79.313	44.7266
9037.354241	79.318	44.2207
9037.720452	79.307	43.7686
9038.086663	79.298	43.4092
9038.452874	79.299	43.0635
9038.819085	79.306	42.6729
9039.185296	79.309	42.2334
9039.551507	79.304	41.7959
9039.917718	79.295	41.3965
9040.283929	79.286	41.0557
9040.650140	79.287	40.7695
9041.016351	79.303	40.4395
9041.382562	79.320	39.9854
9041.748773	79.320	39.4951
9042.114983	79.310	39.0703
9042.481194	79.303	38.7207
9042.847405	79.306	38.4023
9043.213616	79.319	38.0264
9043.579827	79.326	37.5723
9043.946038	79.322	37.1416
9044.312249	79.320	36.7588
9044.678460	79.319	36.3662
9045.044671	79.316	35.9873
9045.410882	79.316	35.6387
9045.777093	79.320	35.2773
9046.143304	79.325	34.9053
9046.509515	79.332	34.5205
9046.875726	79.336	34.0967
9047.241937	79.334	33.6807
9047.608148	79.331	33.3057
9047.974359	79.333	32.9365
9048.340570	79.337	32.5537
9048.706781	79.341	32.1348
9049.072992	79.336	31.6982
9049.439203	79.326	31.3496
9049.805414	79.332	31.0498
9050.171625	79.347	30.6328
9050.537836	79.346	30.1562
9050.904047	79.337	29.7715
9051.270258	79.338	29.4170
9051.636469	79.342	29.0273
9052.002680	79.346	28.6348
9052.368891	79.350	28.1992
9052.735102	79.340	27.7578
9053.101313	79.327	27.4541
9053.467523	79.338	27.1943
9053.833734	79.360	26.7881
9054.199945	79.366	26.3164
9054.566156	79.367	25.8857
9054.932367	79.367	25.4346
9055.298578	79.355	25.0127
9055.664789	79.345	24.7109
9056.031000	79.356	24.4111
9056.397211	79.369	24.0010
9056.763422	79.371	23.5498
9057.129633	79.365	23.1455
9057.495844	79.364	22.7871
9057.862055	79.369	22.3965
9058.228266	79.365	21.9600
9058.594477	79.352	21.6143
9058.960688	79.357	21.3350
9059.326899	79.373	20.9297
9059.693110	79.371	20.4658
9060.059321	79.365	20.1084
9060.425532	79.372	19.7363
9060.791743	79.374	19.2949
9061.157954	79.371	18.8965
9061.524165	79.374	18.4912
9061.890376	79.369	18.0547
9062.256587	79.360	17.6992
9062.622798	79.364	17.3662
9062.989009	79.370	16.9756
9063.355220	79.374	16.6045
9063.721431	79.387	16.2139
9064.087642	79.394	15.7158
9064.453853	79.380	15.2656
9064.820063	79.372	14.9736
9065.186274	79.391	14.6387
9065.552485	79.402	14.1230
9065.918696	79.383	13.6602
9066.284907	79.372	13.4023
9066.651118	79.392	13.0947
9067.017329	79.404	12.6016
9067.383540	79.392	12.1709
9067.749751	79.392	11.8506
9068.115962	79.403	11.4346
9068.482173	79.397	10.9736
9068.848384	79.388	10.6182
9069.214595	79.392	10.2686
9069.580806	79.396	9.8389
9069.947017	79.390	9.4121
9070.313228	79.384	9.0293
9070.679439	79.379	8.6562
9071.045650	79.374	8.3076
9071.411861	79.377	7.9922
9071.778072	79.390	7.6367
9072.144283	79.402	7.1807
9072.510494	79.398	6.7158
9072.876705	79.391	6.3467
9073.242916	79.396	5.9990
9073.609127	79.403	5.5938
9073.975338	79.406	5.1943
9074.341549	79.413	4.8135
9074.707760	79.424	4.3721
9075.073971	79.423	3.8936
9075.440182	79.413	3.4785
9075.806392	79.407	3.1494
9076.172603	79.415	2.8311
9076.538814	79.430	2.4131
9076.905025	79.430	1.9238
9077.271236	79.415	1.5381
9077.637447	79.416	1.2432
9078.003658	79.428	0.8477
9078.369869	79.423	0.4189
9078.736080	79.421	0.0938
9079.102291	79.434	-0.2842
9079.468502	79.434	-0.7676
9079.834713	79.421	-1.1523
9080.200924	79.421	-1.4805
9080.567135	79.422	-1.8730
9080.933346	79.417	-2.2080
9081.299557	79.431	-2.5195
9081.665768	79.448	-2.9922
9082.031979	79.440	-3.4932
9082.398190	79.429	-3.8457
9082.764401	79.436	-4.1914
9083.130612	79.440	-4.6279
9083.496823	79.432	-5.0215
9083.863034	79.435	-5.3408
9084.229245	79.449	-5.7393
9084.595456	79.448	-6.2100
9084.961667	79.438	-6.5586
9085.327878	79.451	-6.8545
9085.694089	79.471	-7.3311
9086.060300	79.462	-7.8467
9086.426511	79.449	-8.1748
9086.792722	79.460	-8.4980
9087.158932	79.469	-8.9668
9087.525143	79.459	-9.4121
9087.891354	79.450	-9.7549
9088.257565	79.450	-10.0938
9088.623776	79.452	-10.4473
9088.989987	79.456	-10.7930
9089.356198	79.466	-11.1523
9089.722409	79.478	-11.5820
9090.088620	79.477	-12.0586
9090.454831	79.467	-12.4668
9090.821042	79.466	-12.8115
9091.187253	79.470	-13.2188
9091.553464	79.462	-13.6445
9091.919675	79.453	-13.9600
9092.285886	79.462	-14.2432
9092.652097	79.482	-14.6543
9093.018308	79.486	-15.1641
9093.384519	79.473	-15.5977
9093.750730	79.468	-15.9277
9094.116941	79.474	-16.3008
9094.483152	79.473	-16.7178
9094.849363	79.470	-17.0713
9095.215574	79.477	-17.4258
9095.581785	79.482	-17.8525
9095.947996	79.478	-18.2500
9096.314207	79.480	-18.6025
9096.680418	79.487	-18.9990
9097.046629	79.488	-19.4111
9097.412840	79.488	-19.7803
9097.779051	79.497	-20.1680
9098.145261	79.501	-20.6289
9098.511472	79.492	-21.0586
9098.877683	79.486	-21.3828
9099.243894	79.497	-21.7354
9099.610105	79.503	-22.1797
9099.976316	79.499	-22.5693
9100.342527	79.506	-22.9346
9100.708738	79.512	-23.3896
9101.074949	79.505	-23.7881
9101.441160	79.514	-24.1260
9101.807371	79.527	-24.6162
9102.173582	79.511	-25.1006
9102.539793	79.502	-25.3896
9102.906004	79.519	-25.7568
9103.272215	79.517	-26.2510
9103.638426	79.505	-26.5967
9104.004637	79.517	-26.9229
9104.370848	79.523	-27.4062
9104.737059	79.509	-27.8018
9105.103270	79.513	-28.0986
9105.469481	79.525	-28.5430
9105.835692	79.512	-28.9941
9106.201903	79.502	-29.2725
9106.568114	79.517	-29.5811
9106.934325	79.530	-30.0254
9107.300536	79.528	-30.4736
9107.666747	79.521	-30.8848
9108.032958	79.512	-31.2393
9108.399169	79.514	-31.5195
9108.765380	79.533	-31.8818
9109.131591	79.540	-32.3730
9109.497801	79.531	-32.7959
9109.864012	79.532	-33.1436
9110.230223	79.537	-33.5635
9110.596434	79.532	-33.9814
9110.962645	79.531	-34.3281
9111.328856	79.538	-34.7129
9111.695067	79.541	-35.1279
9112.061278	79.545	-35.5264
9112.427489	79.551	-35.9912
9112.793700	79.539	-36.4629
9113.159911	79.524	-36.8018
9113.526122	79.527	-37.1025
9113.892333	79.536	-37.4727
9114.258544	79.542	-37.8652
9114.624755	79.549	-38.2842
9114.990966	79.548	-38.7324
9115.357177	79.540	-39.1191
9115.723388	79.541	-39.4453
9116.089599	79.553	-39.8125
9116.455810	79.563	-40.2471
9116.822021	79.564	-40.7129
9117.188232	79.555	-41.1543
9117.554443	79.544	-41.5068
9117.920654	79.546	-41.7988
9118.286865	79.561	-42.1709
9118.653076	79.565	-42.6465
9119.019287	79.551	-43.0342
9119.385498	79.553	-43.2920
9119.751709	79.577	-43.6523
9120.117920	79.587	-44.1670
9120.484131	79.577	-44.6133
9120.850341	79.576	-44.9736
9121.216552	79.580	-45.3857
9121.582763	79.577	-45.8057
9121.948974	79.576	-46.1943
9122.315185	79.574	-46.6201
9122.681396	79.562	-47.0137
9123.047607	79.555	-47.2930
9123.413818	79.571	-47.6016
9123.780029	79.585	-48.0527
9124.146240	79.582	-48.5176
9124.512451	79.576	-48.8916
9124.878662	79.582	-49.2646
9125.244873	79.586	-49.7148
9125.611084	79.575	-50.1445
9125.977295	79.567	-50.4688
9126.343506	79.576	-50.7852
9126.709717	79.588	-51.1924
9127.075928	79.591	-51.6357
9127.442139	79.589	-52.0596
9127.808350	79.584	-52.4482
9128.174561	79.584	-52.7764
9128.540772	79.599	-53.1309
9128.906983	79.610	-53.6064
9129.273194	79.602	-54.0703
9129.639405	79.595	-54.4199
9130.005616	79.601	-54.7832
9130.371827	79.601	-55.1963
9130.738038	79.598	-55.5557
9131.104249	79.603	-55.8916
9131.470460	79.612	-56.2744
9131.836670	79.618	-56.6914
9132.202881	79.619	-57.1250
9132.569092	79.611	-57.5234
9132.935303	79.608	-57.8428
9133.301514	79.620	-58.1836
9133.667725	79.631	-58.6289
9134.033936	79.627	-59.0986
9134.400147	79.615	-59.4941
9134.766358	79.611	-59.8340
9135.132569	79.614	-60.2021
9135.498780	79.612	-60.6094
9135.864991	79.606	-60.9678
9136.231202	79.611	-61.2959
9136.597413	79.620	-61.7236
9136.963624	79.612	-62.1787
9137.329835	79.600	-62.5000
9137.696046	79.609	-62.7920
9138.062257	79.625	-63.2070
9138.428468	79.629	-63.6660
9138.794679	79.630	-64.0986
9139.160890	79.629	-64.5488
9139.527101	79.620	-64.9824
9139.893312	79.610	-65.3467
9140.259523	79.610	-65.6709
9140.625734	79.619	-66.0205
9140.991945	79.629	-66.4375
9141.358156	79.630	-66.8750
9141.724367	79.629	-67.2607
9142.090578	79.637	-67.6523
9142.456789	79.640	-68.1113
9142.823000	79.630	-68.5273
9143.189210	79.626	-68.8369
9143.555421	79.640	-69.1748
9143.921632	79.653	-69.6260
9144.287843	79.651	-70.0850
9144.654054	79.645	-70.4727
9145.020265	79.647	-70.8428
9145.386476	79.649	-71.2344
9145.752687	79.651	-71.6094
9146.118898	79.659	-72.0020
9146.485109	79.664	-72.4707
9146.851320	79.653	-72.9219
9147.217531	79.642	-73.2656
9147.583742	79.645	-73.5947
9147.949953	79.650	-73.9873
9148.316164	79.650	-74.3828
9148.682375	79.651	-74.7539
9149.048586	79.657	-75.1436
9149.414797	79.661	-75.5479
9149.781008	79.666	-75.9580
9150.147219	79.671	-76.4111
9150.513430	79.666	-76.8809
9150.879641	79.654	-77.2695
9151.245852	79.653	-77.6035
9151.612063	79.660	-77.9951
9151.978274	79.658	-78.4189
9152.344485	79.653	-78.7666
9152.710696	79.662	-79.0840
9153.076907	79.678	-79.5078
9153.443118	79.678	-79.9971
9153.809329	79.665	-80.3828
9154.175539	79.666	-80.6729
9154.541750	79.681	-81.0391
9154.907961	79.685	-81.4746
9155.274172	79.684	-81.8438
9155.640383	79.694	-82.2100
9156.006594	79.701	-82.6660
9156.372805	79.693	-83.1045
9156.739016	79.687	-83.4639
9157.105227	79.686	-83.8223
9157.471438	79.685	-84.1768
9157.837649	79.689	-84.5205
9158.203860	79.697	-84.9307
9158.570071	79.692	-85.3506
9158.936282	79.687	-85.6777
9159.302493	79.700	-86.0137
9159.668704	79.712	-86.4619
9160.034915	79.712	-86.9277
9160.401126	79.710	-87.3594
9160.767337	79.705	-87.7930
9161.133548	79.697	-88.1836
9161.499759	79.696	-88.5312
9161.865970	79.702	-88.9209
9162.232181	79.703	-89.3418
9162.598392	79.700	-89.7324
9162.964603	79.702	-90.0918
9163.330814	79.711	-90.4521
9163.697025	79.725	-90.8779
9164.063236	79.729	-91.3750
9164.429447	79.719	-91.8223
9164.795658	79.713	-92.1846
9165.161869	79.713	-92.5410
9165.528079	79.716	-92.8955
9165.894290	79.727	-93.2676
9166.260501	79.736	-93.7188
9166.626712	79.731	-94.1865
9166.992923	79.720	-94.5811
9167.359134	79.713	-94.9072
9167.725345	79.719	-95.2100
9168.091556	79.736	-95.6074
9168.457767	79.739	-96.1191
9168.823978	79.721	-96.5557
9169.190189	79.711	-96.8418
9169.556400	79.722	-97.1504
9169.922611	79.736	-97.5830
9170.288822	79.734	-98.0557
9170.655033	79.723	-98.4561
9171.021244	79.721	-98.7764
9171.387455	79.733	-99.1445
9171.753666	79.739	-99.6025
9172.119877	79.733	-100.0312
9172.486088	79.731	-100.3916
9172.852299	79.738	-100.7656
9173.218510	79.745	-101.2080
9173.584721	79.741	-101.6875
9173.950932	79.723	-102.0801
9174.317143	79.717	-102.3398
9174.683354	79.735	-102.6475
9175.049565	79.749	-103.1055
9175.415776	79.745	-103.5625
9175.781987	79.741	-103.9326
9176.148198	79.744	-104.3086
9176.514408	79.745	-104.7100
9176.880619	79.744	-105.0762
9177.246830	79.752	-105.4326
9177.613041	79.763	-105.8584
9177.979252	79.764	-106.3262
9178.345463	79.757	-106.7490
9178.711674	79.754	-107.1250
9179.077885	79.754	-107.5088
9179.444096	79.754	-107.9014
9179.810307	79.753	-108.2842
9180.176518	79.753	-108.6328
9180.542729	79.762	-108.9678
9180.908940	79.779	-109.3867
9181.275151	79.783	-109.8760
9181.641362	79.777	-110.3047
9182.007573	79.776	-110.6875
9182.373784	79.774	-111.0762
9182.739995	79.775	-111.4062
9183.106206	79.791	-111.7725
9183.472417	79.800	-112.2871
9183.838628	79.781	-112.7314
9184.204839	79.774	-112.9961
9184.571050	79.791	-113.3408
9184.937261	79.795	-113.8105
9185.303472	79.784	-114.1777
9185.669683	79.790	-114.4766
9186.035894	79.807	-114.8867
9186.402105	79.809	-115.3721
9186.768316	79.800	-115.8018
9187.134527	79.795	-116.1689
9187.500738	79.797	-116.5635
9187.866948	79.792	-116.9883
9188.233159	79.785	-117.3467
9188.599370	79.790	-117.6914
9188.965581	79.796	-118.1504
9189.331792	79.780	-118.5830
9189.698003	79.770	-118.8428
9190.064214	79.790	-119.1279
9190.430425	79.812	-119.6064
9190.796636	79.809	-120.1299
9191.162847	79.797	-120.5430
9191.529058	79.796	-120.8867
9191.895269	79.806	-121.2852
9192.261480	79.805	-121.7617
9192.627691	79.788	-122.1533
9192.993902	79.786	-122.4062
9193.360113	79.807	-122.7451
9193.726324	79.816	-123.2178
9194.092535	79.812	-123.6182
9194.458746	79.821	-123.9854
9194.824957	79.827	-124.4561
9195.191168	79.816	-124.8701
9195.557379	79.818	-125.1914
9195.923590	79.829	-125.6191
9196.289801	79.821	-126.0615
9196.656012	79.819	-126.3838
9197.022223	79.832	-126.7891
9197.388434	79.828	-127.2754
9197.754645	79.816	-127.6260
9198.120856	79.823	-127.9629
9198.487067	79.826	-128.3926
9198.853278	79.823	-128.7646
9199.219488	79.832	-129.1338
9199.585699	79.836	-129.5771
9199.951910	79.835	-129.9707
9200.318121	79.844	-130.3877
9200.684332	79.840	-130.8867
9201.050543	79.822	-131.2520
9201.416754	79.826	-131.5195
9201.782965	79.844	-131.9170
9202.149176	79.850	-132.3848
9202.515387	79.848	-132.8408
9202.881598	79.838	-133.2871
9203.247809	79.824	-133.6221
9203.614020	79.829	-133.9082
9203.980231	79.841	-134.3135
9204.346442	79.839	-134.7393
9204.712653	79.838	-135.0928
9205.078864	79.844	-135.4863
9205.445075	79.842	-135.8984
9205.811286	79.842	-136.2520
9206.177497	79.851	-136.6367
9206.543708	79.853	-137.0781
9206.909919	79.847	-137.4697
9207.276130	79.848	-137.8135
9207.642341	79.858	-138.1924
9208.008552	79.865	-138.6270
9208.374763	79.863	-139.0713
9208.740974	79.857	-139.4492
9209.107185	79.862	-139.7871
9209.473396	79.874	-140.1934
9209.839607	79.876	-140.6514
9210.205817	79.871	-141.0488
9210.572028	79.875	-141.4160
9210.938239	79.881	-141.8438
9211.304450	79.876	-142.2871
9211.670661	79.866	-142.6543
9212.036872	79.865	-142.9551
9212.403083	79.878	-143.2812
9212.769294	79.895	-143.7129
9213.135505	79.897	-144.2100
9213.501716	79.885	-144.6396
9213.867927	79.881	-144.9893
9214.234138	79.884	-145.3770
9214.600349	79.879	-145.7871
9214.966560	79.875	-146.1133
9215.332771	79.890	-146.4551
9215.698982	79.904	-146.9502
9216.065193	79.895	-147.4814
9216.431404	79.875	-147.8770
9216.797615	79.867	-148.1797
9217.163826	79.874	-148.5088
9217.530037	79.884	-148.8984
9217.896248	79.892	-149.3301
9218.262459	79.894	-149.7900
9218.628670	79.886	-150.2324
9218.994881	79.877	-150.5898
9219.361092	79.883	-150.9082
9219.727303	79.895	-151.3105
9220.093514	79.897	-151.7451
9220.459725	79.900	-152.1211
9220.825936	79.910	-152.5479
9221.192147	79.904	-153.0205
9221.558357	79.891	-153.3447
9221.924568	79.903	-153.6025
9222.290779	79.928	-154.0303
9222.656990	79.932	-154.5469
9223.023201	79.923	-154.9736
9223.389412	79.921	-155.3350
9223.755623	79.925	-155.7070
9224.121834	79.931	-156.1230
9224.488045	79.928	-156.5625
9224.854256	79.919	-156.9346
9225.220467	79.921	-157.2568
9225.586678	79.931	-157.6348
9225.952889	79.938	-158.0586
9226.319100	79.943	-158.5117
9226.685311	79.936	-158.9932
9227.051522	79.918	-159.3682
9227.417733	79.918	-159.6270
9227.783944	79.939	-160.0195
9228.150155	79.940	-160.5518
9228.516366	79.921	-160.9541
9228.882577	79.920	-161.2471
9229.248788	79.931	-161.6357
9229.614999	79.931	-162.0693
9229.981210	79.929	-162.4355
9230.347421	79.937	-162.8193
9230.713632	79.941	-163.2676
9231.079843	79.935	-163.6875
9231.446054	79.930	-164.0391
9231.812265	79.936	-164.3818
9232.178476	79.947	-164.7842
9232.544686	79.949	-165.2422
9232.910897	79.941	-165.6416
9233.277108	79.943	-165.9590
9233.643319	79.959	-166.3574
9234.009530	79.959	-166.8516
9234.375741	79.944	-167.2217
9234.741952	79.951	-167.4805
9235.108163	79.978	-167.8916
9235.474374	79.985	-168.4541
9235.840585	79.967	-168.9229
9236.206796	79.956	-169.2461
9236.573007	79.963	-169.5830
9236.939218	79.970	-170.0117
9237.305429	79.965	-170.4512
9237.671640	79.958	-170.8252
9238.037851	79.956	-171.1914
9238.404062	79.950	-171.5566
9238.770273	79.947	-171.8252
9239.136484	79.969	-172.1025
9239.502695	79.997	-172.5977
9239.868906	79.992	-173.1592
9240.235117	79.978	-173.5605
9240.601328	79.978	-173.9395
9240.967539	79.971	-174.3672
9241.333750	79.961	-174.6816
9241.699961	79.974	-174.9961
9242.066172	79.985	-175.4775
9242.432383	79.973	-175.9189
9242.798594	79.971	-176.2324
9243.164805	79.986	-176.6260
9243.531016	79.989	-177.1084
9243.897226	79.983	-177.5615
9244.263437	79.972	-177.9736
9244.629648	79.963	-178.3018
9244.995859	79.974	-178.6123
9245.362070	79.988	-179.0713
9245.728281	79.978	-179.5469
9246.094492	79.970	-179.8701
9246.460703	79.980	179.7812
9246.826914	79.983	179.3555
9247.193125	79.982	179.0225
9247.559336	80.002	178.6748
9247.925547	80.019	178.1504
9248.291758	80.008	177.6416
9248.657969	79.998	177.2764
9249.024180	80.001	176.8975
9249.390391	79.997	176.4971
9249.756602	79.997	176.1621
9250.122813	80.008	175.7793
9250.489024	80.010	175.3252
9250.855235	80.003	174.9502
9251.221446	80.009	174.5967
9251.587657	80.014	174.1475
9251.953868	80.003	173.7412
9252.320079	80.001	173.4336
9252.686290	80.012	173.0703
9253.052501	80.017	172.6465
9253.418712	80.020	172.2402
9253.784923	80.025	171.8018
9254.151134	80.020	171.3438
9254.517345	80.012	170.9521
9254.883556	80.010	170.5762
9255.249766	80.007	170.1865
9255.615977	80.006	169.8369
9255.982188	80.016	169.4580
9256.348399	80.019	169.0010
9256.714610	80.012	168.6113
9257.080821	80.020	168.2725
9257.447032	80.035	167.8008
9257.813243	80.027	167.2832
9258.179454	80.011	166.8994
9258.545665	80.008	166.5713
9258.911876	80.011	166.2158
9259.278087	80.017	165.8555
9259.644298	80.026	165.4482
9260.010509	80.025	165.0137
9260.376720	80.020	164.6533
9260.742931	80.027	164.3164
9261.109142	80.037	163.9297
9261.475353	80.046	163.5176
9261.841564	80.053	163.0742
9262.207775	80.052	162.6074
9262.573986	80.043	162.1846
9262.940197	80.036	161.8145
9263.306408	80.031	161.4756
9263.672619	80.034	161.1572
9264.038830	80.046	160.8018
9264.405041	80.056	160.3799
9264.771252	80.058	159.9395
9265.137463	80.056	159.5215
9265.503674	80.057	159.1328
9265.869885	80.061	158.7236
9266.236095	80.061	158.2686
9266.602306	80.050	157.8682
9266.968517	80.052	157.5430
9267.334728	80.065	157.1152
9267.700939	80.058	156.6084
9268.067150	80.039	156.2695
9268.433361	80.047	156.0186
9268.799572	80.068	155.5938
9269.165783	80.068	155.1006
9269.531994	80.062	154.7227
9269.898205	80.070	154.3350
9270.264416	80.071	153.8828
9270.630627	80.065	153.5049
9270.996838	80.072	153.1504
9271.363049	80.080	152.6924
9271.729260	80.071	152.2441
9272.095471	80.063	151.9092
9272.461682	80.071	151.5703
9272.827893	80.079	151.1377
9273.194104	80.074	150.6914
9273.560315	80.065	150.3213
9273.926526	80.066	150.0020
9274.292737	80.078	149.6270
9274.658948	80.083	149.1729
9275.025159	80.077	148.7441
9275.391370	80.075	148.3730
9275.757581	80.079	147.9707
9276.123792	80.076	147.5469
9276.490003	80.073	147.1777
9276.856214	80.079	146.7891
9277.222425	80.079	146.3496
9277.588635	80.072	145.9766
9277.954846	80.080	145.6396
9278.321057	80.093	145.2061
9278.687268	80.095	144.7256
9279.053479	80.090	144.2900
9279.419690	80.085	143.8877
9279.785901	80.083	143.5098
9280.152112	80.086	143.1289
9280.518323	80.088	142.7188
9280.884534	80.086	142.3281
9281.250745	80.087	141.9619
9281.616956	80.091	141.5781
9281.983167	80.094	141.1982
9282.349378	80.100	140.8213
9282.715589	80.108	140.4023
9283.081800	80.111	139.9600
9283.448011	80.109	139.5215
9283.814222	80.101	139.1035
9284.180433	80.093	138.7549
9284.546644	80.098	138.4189
9284.912855	80.104	138.0010
9285.279066	80.099	137.5850
9285.645277	80.098	137.2373
9286.011488	80.105	136.8477
9286.377699	80.103	136.4277
9286.743910	80.103	136.0752
9287.110121	80.114	135.6875
9287.476332	80.118	135.2129
9287.842543	80.112	134.8008
9288.208754	80.116	134.4189
9288.574964	80.118	133.9365
9288.941175	80.100	133.5107
9289.307386	80.091	133.2510
9289.673597	80.106	132.9512
9290.039808	80.119	132.5293
9290.406019	80.123	132.1221
9290.772230	80.131	131.7432
9291.138441	80.142	131.3174
9291.504652	80.149	130.8398
9291.870863	80.143	130.3652
9292.237074	80.133	129.9766
9292.603285	80.135	129.6230
9292.969496	80.140	129.1738
9293.335707	80.125	128.7305
9293.701918	80.112	128.4346
9294.068129	80.121	128.1309
9294.434340	80.128	127.7080
9294.800551	80.122	127.3057
9295.166762	80.120	126.9619
9295.532973	80.124	126.6064
9295.899184	80.131	126.2373
9296.265395	80.140	125.8184
9296.631606	80.140	125.3613
9296.997817	80.134	124.9707
9297.364028	80.139	124.5928
9297.730239	80.142	124.1475
9298.096450	80.136	123.7510
9298.462661	80.142	123.3965
9298.828872	80.153	122.9404
9299.195083	80.147	122.4688
9299.561294	80.140	122.1006
9299.927504	80.147	121.7354
9300.293715	80.155	121.3096
9300.659926	80.158	120.8672
9301.026137	80.158	120.4072
9301.392348	80.148	119.9648
9301.758559	80.136	119.6250
9302.124770	80.141	119.3477
9302.490981	80.162	118.9746
9302.857192	80.172	118.4619
9303.223403	80.160	117.9922
9303.589614	80.152	117.6621
9303.955825	80.161	117.2793
9304.322036	80.154	116.8193
9304.688247	80.138	116.5205
9305.054458	80.153	116.2754
9305.420669	80.175	115.8154
9305.786880	80.166	115.3301
9306.153091	80.159	115.0234
9306.519302	80.177	114.6777
9306.885513	80.189	114.1797
9307.251724	80.183	113.6875
9307.617935	80.170	113.2764
9307.984146	80.162	112.9443
9308.350357	80.171	112.6143
9308.716568	80.182	112.1699
9309.082779	80.178	111.7139
9309.448990	80.175	111.3496
9309.815201	80.183	110.9365
9310.181412	80.180	110.4697
9310.547623	80.169	110.1016
9310.913833	80.173	109.7744
9311.280044	80.183	109.3633
9311.646255	80.182	108.9150
9312.012466	80.173	108.5391
9312.378677	80.176	108.2520
9312.744888	80.198	107.8887
9313.111099	80.211	107.3574
9313.477310	80.195	106.8760
9313.843521	80.184	106.5723
9314.209732	80.197	106.2461
9314.575943	80.207	105.7988
9314.942154	80.205	105.3574
9315.308365	80.204	104.9629
9315.674576	80.206	104.5508
9316.040787	80.203	104.1191
9316.406998	80.196	103.7334
9316.773209	80.198	103.3701
9317.139420	80.202	102.9492
9317.505631	80.196	102.5391
9317.871842	80.200	102.1807
9318.238053	80.208	101.7109
9318.604264	80.191	101.2168
9318.970475	80.171	100.9443
9319.336686	80.187	100.6865
9319.702897	80.202	100.2266
9320.069108	80.196	99.8066
9320.435319	80.204	99.4561
9320.801530	80.213	98.9678
9321.167741	80.195	98.5342
9321.533952	80.190	98.2900
9321.900163	80.212	97.9619
9322.266373	80.223	97.5029
9322.632584	80.225	97.0967
9322.998795	80.235	96.6963
9323.365006	80.242	96.2266
9323.731217	80.238	95.7510
9324.097428	80.226	95.3408
9324.463639	80.219	95.0195
9324.829850	80.229	94.6719
9325.196061	80.234	94.2021
9325.562272	80.220	93.7812
9325.928483	80.215	93.4707
9326.294694	80.221	93.1025
9326.660905	80.219	92.7256
9327.027116	80.227	92.3945
9327.393327	80.242	91.9307
9327.759538	80.232	91.4219
9328.125749	80.217	91.0801
9328.491960	80.224	90.7422
9328.858171	80.225	90.3115
9329.224382	80.220	89.9600
9329.590593	80.234	89.6113
9329.956804	80.244	89.1240
9330.323015	80.233	88.6807
9330.689226	80.233	88.3652
9331.055437	80.253	87.9590
9331.421648	80.258	87.4111
9331.787859	80.240	86.9492
9332.154070	80.230	86.6289
9332.520281	80.236	86.2764
9332.886492	80.238	85.8838
9333.252703	80.242	85.5352
9333.618913	80.257	85.1143
9333.985124	80.255	84.6104
9334.351335	80.239	84.2471
9334.717546	80.246	83.9746
9335.083757	80.266	83.5459
9335.449968	80.264	83.0391
9335.816179	80.253	82.6523
9336.182390	80.255	82.3105
9336.548601	80.261	81.8887
9336.914812	80.256	81.4531
9337.281023	80.247	81.1045
9337.647234	80.254	80.7842
9338.013445	80.268	80.3535
9338.379656	80.264	79.8633
9338.745867	80.250	79.4766
9339.112078	80.249	79.1572
9339.478289	80.256	78.7871
9339.844500	80.260	78.3896
9340.210711	80.266	77.9844
9340.576922	80.270	77.5381
9340.943133	80.267	77.0977
9341.309344	80.265	76.6777
9341.675555	80.258	76.2432
9342.041766	80.244	75.8867
9342.407977	80.247	75.6074
9342.774188	80.265	75.2070
9343.140399	80.263	74.7363
9343.506610	80.258	74.3984
9343.872821	80.276	74.0254
9344.239032	80.281	73.4883
9344.605242	80.263	73.0879
9344.971453	80.274	72.8018
9345.337664	80.293	72.2754
9345.703875	80.269	71.7432
9346.070086	80.251	71.5322
9346.436297	80.284	71.2441
9346.802508	80.301	70.6426
9347.168719	80.278	70.1396
9347.534930	80.269	69.8340
9347.901141	80.276	69.4463
9348.267352	80.271	69.0361
9348.633563	80.271	68.7051
9348.999774	80.282	68.3066
9349.365985	80.281	67.8604
9349.732196	80.277	67.5010
9350.098407	80.285	67.1436
9350.464618	80.292	66.7119
9350.830829	80.291	66.2910
9351.197040	80.294	65.8936
9351.563251	80.296	65.4570
9351.929462	80.288	65.0303
9352.295673	80.281	64.6895
9352.661884	80.289	64.3623
9353.028095	80.301	63.9346
9353.394306	80.298	63.4697
9353.760517	80.291	63.0820
9354.126728	80.292	62.7158
9354.492939	80.292	62.3135
9354.859150	80.289	61.9492
9355.225361	80.295	61.5889
9355.591572	80.300	61.1562
9355.957782	80.294	60.7598
9356.323993	80.297	60.4297
9356.690204	80.309	60.0098
9357.056415	80.307	59.5479
9357.422626	80.302	59.1816
9357.788837	80.310	58.7900
9358.155048	80.310	58.3125
9358.521259	80.297	57.9160
9358.887470	80.297	57.5811
9359.253681	80.301	57.1719
9359.619892	80.297	56.7686
9359.986103	80.298	56.4131
9360.352314	80.304	55.9961
9360.718525	80.298	55.5654
9361.084736	80.292	55.2266
9361.450947	80.301	54.9082
9361.817158	80.319	54.5020
9362.183369	80.332	53.9834
9362.549580	80.322	53.4336
9362.915791	80.297	53.0381
9363.282002	80.292	52.8076
9363.648213	80.317	52.4697
9364.014424	80.331	51.9297
9364.380635	80.316	51.4512
9364.746846	80.309	51.1348
9365.113057	80.322	50.7646
9365.479268	80.327	50.2910
9365.845479	80.319	49.8770
9366.211690	80.319	49.5195
9366.577901	80.322	49.1318
9366.944111	80.323	48.7705
9367.310322	80.335	48.4209
9367.676533	80.352	47.9521
9368.042744	80.348	47.4268
9368.408955	80.332	47.0176
9368.775166	80.327	46.6875
9369.141377	80.331	46.3213
9369.507588	80.333	45.9209
9369.873799	80.332	45.5215
9370.240010	80.330	45.1484
9370.606221	80.333	44.7930
9370.972432	80.341	44.3857
9371.338643	80.341	43.9473
9371.704854	80.338	43.5664
9372.071065	80.344	43.1758
9372.437276	80.344	42.7158
9372.803487	80.333	42.3154
9373.169698	80.331	41.9990
9373.535909	80.342	41.6338
9373.902120	80.349	41.2090
9374.268331	80.351	40.7754
9374.634542	80.349	40.3613
9375.000753	80.348	40.0020
9375.366964	80.359	39.6348
9375.733175	80.371	39.1670
9376.099386	80.367	38.6826
9376.465597	80.358	38.2686
9376.831808	80.353	37.8867
9377.198019	80.349	37.5293
9377.564230	80.353	37.1895
9377.930441	80.364	36.7979
9378.296651	80.369	36.3398
9378.662862	80.361	35.8896
9379.029073	80.349	35.5303
9379.395284	80.350	35.2363
9379.761495	80.363	34.8730
9380.127706	80.369	34.4336
9380.493917	80.368	34.0254
9380.860128	80.370	33.6211
9381.226339	80.367	33.2158
9381.592550	80.367	32.8936
9381.958761	80.388	32.5225
9382.324972	80.401	31.9531
9382.691183	80.378	31.4229
9383.057394	80.356	31.1270
9383.423605	80.364	30.8389
9383.789816	80.372	30.4160
9384.156027	80.368	30.0244
9384.522238	80.375	29.6699
9384.888449	80.382	29.2148
9385.254660	80.371	28.7812
9385.620871	80.367	28.4814
9385.987082	80.383	28.1201
9386.353293	80.389	27.6299
9386.719504	80.379	27.2139
9387.085715	80.383	26.8574
9387.451926	80.389	26.4033
9387.818137	80.380	25.9434
9388.184348	80.370	25.5850
9388.550559	80.371	25.2295
9388.916770	80.372	24.8379
9389.282981	80.372	24.4678
9389.649191	80.379	24.0850
9390.015402	80.385	23.6465
9390.381613	80.382	23.2080
9390.747824	80.377	22.8320
9391.114035	80.384	22.4746
9391.480246	80.397	22.0332
9391.846457	80.394	21.5264
9392.212668	80.378	21.1270
9392.578879	80.378	20.8457
9392.945090	80.398	20.4609
9393.311301	80.403	19.9551
9393.677512	80.394	19.5430
9394.043723	80.398	19.1865
9394.409934	80.404	18.7314
9394.776145	80.395	18.3115
9395.142356	80.396	17.9785
9395.508567	80.406	17.5518
9395.874778	80.398	17.0889
9396.240989	80.388	16.7461
9396.607200	80.392	16.4062
9396.973411	80.394	16.0195
9397.339622	80.398	15.6689
9397.705833	80.411	15.2402
9398.072044	80.405	14.7383
9398.438255	80.389	14.3896
9398.804466	80.399	14.0928
9399.170677	80.413	13.6045
9399.536888	80.397	13.1074
9399.903099	80.381	12.8057
9400.269310	80.390	12.5186
9400.635520	80.405	12.1123
9401.001731	80.412	11.6699
9401.367942	80.417	11.2070
9401.734153	80.411	10.7324
9402.100364	80.400	10.3369
9402.466575	80.400	9.9961
9402.832786	80.407	9.6074
9403.198997	80.410	9.1982
9403.565208	80.416	8.7871
9403.931419	80.419	8.3271
9404.297630	80.409	7.8945
9404.663841	80.403	7.5537
9405.030052	80.410	7.2002
9405.396263	80.414	6.7998
9405.762474	80.418	6.4229
9406.128685	80.429	6.0137
9406.494896	80.431	5.5273
9406.861107	80.418	5.0947
9407.227318	80.411	4.7725
9407.593529	80.418	4.4414
9407.959740	80.427	4.0371
9408.325951	80.429	3.6221
9408.692162	80.431	3.2266
9409.058373	80.435	2.8115
9409.424584	80.433	2.3994
9409.790795	80.435	2.0234
9410.157006	80.442	1.6152
9410.523217	80.443	1.1582
9410.889428	80.437	0.7471
9411.255639	80.436	0.3701
9411.621850	80.438	-0.0508
9411.988060	80.430	-0.4600
9412.354271	80.424	-0.8018
9412.720482	80.428	-1.1299
9413.086693	80.438	-1.4912
9413.452904	80.449	-1.9053
9413.819115	80.456	-2.3799
9414.185326	80.450	-2.8662
9414.551537	80.434	-3.2764
9414.917748	80.423	-3.5791
9415.283959	80.433	-3.8760
9415.650170	80.449	-4.3164
9416.016381	80.442	-4.8066
9416.382592	80.430	-5.1455
9416.748803	80.443	-5.4688
9417.115014	80.453	-5.9717
9417.481225	80.435	-6.4336
9417.847436	80.427	-6.6973
9418.213647	80.448	-7.0391
9418.579858	80.457	-7.5586
9418.946069	80.444	-7.9922
9419.312280	80.444	-8.3164
9419.678491	80.455	-8.7285
9420.044702	80.454	-9.1768
9420.410913	80.452	-9.5527
9420.777124	80.458	-9.9443
9421.143335	80.458	-10.3574
9421.509546	80.460	-10.7012
9421.875757	80.477	-11.0869
9422.241968	80.485	-11.5918
9422.608179	80.475	-12.0371
9422.974389	80.474	-12.3740
9423.340600	80.486	-12.7734
9423.706811	80.488	-13.2402
9424.073022	80.484	-13.6660
9424.439233	80.480	-14.0742
9424.805444	80.472	-14.4619
9425.171655	80.470	-14.7959
9425.537866	80.476	-15.1572
9425.904077	80.478	-15.5586
9426.270288	80.481	-15.9297
9426.636499	80.490	-16.3428
9427.002710	80.489	-16.8232
9427.368921	80.476	-17.2178
9427.735132	80.477	-17.5537
9428.101343	80.483	-17.9883
9428.467554	80.472	-18.4170
9428.833765	80.467	-18.7246
9429.199976	80.481	-19.0840
9429.566187	80.488	-19.5781
9429.932398	80.477	-20.0303
9430.298609	80.469	-20.3828
9430.664820	80.472	-20.7393
9431.031031	80.476	-21.1357
9431.397242	80.478	-21.5488
9431.763453	80.478	-21.9482
9432.129664	80.481	-22.3252
9432.495875	80.490	-22.7471
9432.862086	80.489	-23.2178
9433.228297	80.479	-23.6113
9433.594508	80.481	-23.9180
9433.960719	80.501	-24.3066
9434.326929	80.510	-24.8301
9434.693140	80.497	-25.3076
9435.059351	80.489	-25.6641
9435.425562	80.493	-26.0430
9435.791773	80.490	-26.4541
9436.157984	80.488	-26.7930
9436.524195	80.499	-27.1719
9436.890406	80.499	-27.6318
9437.256617	80.489	-27.9717
9437.622828	80.505	-28.2686
9437.989039	80.526	-28.7529
9438.355250	80.520	-29.2773
9438.721461	80.510	-29.6895
9439.087672	80.504	-30.0928
9439.453883	80.495	-30.4521
9439.820094	80.499	-30.7607
9440.186305	80.512	-31.1914
9440.552516	80.506	-31.6504
9440.918727	80.502	-31.9814
9441.284938	80.518	-32.3848
9441.651149	80.517	-32.9297
9442.017360	80.493	-33.3594
9442.383571	80.482	-33.6270
9442.749782	80.494	-33.9268
9443.115993	80.509	-34.3389
9443.482204	80.514	-34.8135
9443.848415	80.508	-35.2539
9444.214626	80.504	-35.6221
9444.580837	80.508	-35.9883
9444.947048	80.515	-36.3887
9445.313258	80.521	-36.8047
9445.679469	80.524	-37.2588
9446.045680	80.517	-37.6709
9446.411891	80.520	-38.0020
9446.778102	80.537	-38.4443
9447.144313	80.529	-38.9668
9447.510524	80.512	-39.3037
9447.876735	80.525	-39.6074
9448.242946	80.535	-40.1084
9448.609157	80.517	-40.5420
9448.975368	80.514	-40.8047
9449.341579	80.533	-41.1865
9449.707790	80.535	-41.6719
9450.074001	80.529	-42.0771
9450.440212	80.530	-42.4766
9450.806423	80.528	-42.8887
9451.172634	80.529	-43.2725
9451.538845	80.533	-43.7139
9451.905056	80.526	-44.1641
9452.271267	80.519	-44.5557
9452.637478	80.514	-44.9688
9453.003689	80.501	-45.3174
9453.369900	80.509	-45.5703
9453.736111	80.537	-46.0156
9454.102322	80.532	-46.6123
9454.468533	80.504	-46.9727
9454.834744	80.510	-47.2041
9455.200955	80.531	-47.6279
9455.567166	80.529	-48.1094
9455.933377	80.524	-48.4805
9456.299588	80.531	-48.8525
9456.665798	80.537	-49.2842
9457.032009	80.536	-49.7168
9457.398220	80.531	-50.1123
9457.764431	80.532	-50.4824
9458.130642	80.534	-50.8945
9458.496853	80.525	-51.2900
9458.863064	80.522	-51.5703
9459.229275	80.544	-51.9082
9459.595486	80.558	-52.4355
9459.961697	80.542	-52.9375
9460.327908	80.525	-53.2754
9460.694119	80.525	-53.5654
9461.060330	80.536	-53.9102
9461.426541	80.547	-54.3281
9461.792752	80.551	-54.7744
9462.158963	80.552	-55.2168
9462.525174	80.549	-55.6699
9462.891385	80.540	-56.0654
9463.257596	80.543	-56.4062
9463.623807	80.553	-56.8564
9463.990018	80.542	-57.3203
9464.356229	80.534	-57.6016
9464.722440	80.559	-57.9229
9465.088651	80.577	-58.4727
9465.454862	80.565	-59.0029
9465.821073	80.550	-59.3662
9466.187284	80.551	-59.6807
9466.553495	80.564	-60.0352
9466.919706	80.578	-60.4922
9467.285917	80.575	-60.9922
9467.652128	80.562	-61.3760
9468.018338	80.565	-61.7109
9468.384549	80.569	-62.1182
9468.750760	80.566	-62.5078
9469.116971	80.569	-62.8584
9469.483182	80.575	-63.2520
9469.849393	80.577	-63.6494
9470.215604	80.583	-64.0547
9470.581815	80.585	-64.5283
9470.948026	80.570	-64.9639
9471.314237	80.560	-65.2754
9471.680448	80.569	-65.6064
9472.046659	80.577	-66.0439
9472.412870	80.572	-66.4844
9472.779081	80.566	-66.8633
9473.145292	80.568	-67.2441
9473.511503	80.568	-67.6533
9473.877714	80.566	-68.0488
9474.243925	80.568	-68.4258
9474.610136	80.574	-68.8145
9474.976347	80.583	-69.2500
9475.342558	80.584	-69.7383
9475.708769	80.572	-70.1777
9476.074980	80.568	-70.5176
9476.441191	80.579	-70.9141
9476.807402	80.578	-71.4092
9477.173613	80.561	-71.7842
9477.539824	80.568	-72.0586
9477.906035	80.590	-72.5088
9478.272246	80.582	-73.0557
9478.638457	80.559	-73.3896
9479.004667	80.567	-73.6260
9479.370878	80.590	-74.0381
9479.737089	80.592	-74.5244
9480.103300	80.589	-74.9277
9480.469511	80.593	-75.3379
9480.835722	80.590	-75.7734
9481.201933	80.585	-76.1455
9481.568144	80.589	-76.5010
9481.934355	80.598	-76.9150
9482.300566	80.601	-77.3740
9482.666777	80.594	-77.8350
9483.032988	80.582	-78.2285
9483.399199	80.578	-78.5547
9483.765410	80.585	-78.9238
9484.131621	80.588	-79.3486
9484.497832	80.587	-79.7568
9484.864043	80.586	-80.1631
9485.230254	80.583	-80.5586
9485.596465	80.583	-80.9131
9485.962676	80.591	-81.2969
9486.328887	80.595	-81.7246
9486.695098	80.598	-82.1348
9487.061309	80.603	-82.5635
9487.427520	80.602	-83.0156
9487.793731	80.599	-83.4209
9488.159942	80.602	-83.8389
9488.526153	80.597	-84.3018
9488.892364	80.583	-84.6738
9489.258575	80.582	-84.9551
9489.624786	80.599	-85.2998
9489.990997	80.615	-85.7520
9490.357207	80.618	-86.2695
9490.723418	80.602	-86.7451
9491.089629	80.586	-87.0537
9491.455840	80.597	-87.3311
9491.822051	80.614	-87.7910
9492.188262	80.604	-88.2832
9492.554473	80.589	-88.6045
9492.920684	80.598	-88.8965
9493.286895	80.613	-89.3105
9493.653106	80.614	-89.7715
9494.019317	80.607	-90.1699
9494.385528	80.608	-90.5127
9494.751739	80.619	-90.9170
9495.117950	80.619	-91.3955
9495.484161	80.608	-91.7959
9495.850372	80.609	-92.1396
9496.216583	80.614	-92.5635
9496.582794	80.608	-92.9795
9496.949005	80.608	-93.3350
9497.315216	80.612	-93.7578
9497.681427	80.602	-94.1650
9498.047638	80.603	-94.4463
9498.413849	80.629	-94.8271
9498.780060	80.639	-95.4082
9499.146271	80.619	-95.9180
9499.512482	80.603	-96.2432
9499.878693	80.607	-96.5566
9500.244904	80.618	-96.9473
9500.611115	80.626	-97.3770
9500.977326	80.632	-97.8369
9501.343536	80.631	-98.3203
9501.709747	80.620	-98.7686
9502.075958	80.610	-99.1318
9502.442169	80.612	-99.4736
9502.808380	80.619	-99.8848
9503.174591	80.618	-100.3184
9503.540802	80.616	-100.7100
9503.907013	80.617	-101.1191
9504.273224	80.610	-101.5410
9504.639435	80.601	-101.8643
9505.005646	80.611	-102.1553
9505.371857	80.628	-102.5684
9505.738068	80.630	-103.0332
9506.104279	80.627	-103.4297
9506.470490	80.632	-103.8232
9506.836701	80.633	-104.2490
9507.202912	80.632	-104.6484
9507.569123	80.636	-105.0537
9507.935334	80.635	-105.5059
9508.301545	80.625	-105.9131
9508.667756	80.620	-106.2363
9509.033967	80.629	-106.5752
9509.400178	80.640	-106.9941
9509.766389	80.644	-107.4541
9510.132600	80.640	-107.9082
9510.498811	80.630	-108.3213
9510.865022	80.622	-108.6699
9511.231233	80.624	-108.9922
9511.597444	80.633	-109.3516
9511.963655	80.641	-109.7568
9512.329866	80.646	-110.1787
9512.696076	80.648	-110.5850
9513.062287	80.654	-110.9971
9513.428498	80.656	-111.4609
9513.794709	80.646	-111.9150
9514.160920	80.633	-112.2686
9514.527131	80.632	-112.5723
9514.893342	80.641	-112.9023
9515.259553	80.657	-113.2891
9515.625764	80.669	-113.7832
9515.991975	80.660	-114.2988
9516.358186	80.644	-114.6689
9516.724397	80.647	-114.9902
9517.090608	80.656	-115.4258
9517.456819	80.652	-115.8818
9517.823030	80.648	-116.2949
9518.189241	80.643	-116.7227
9518.555452	80.633	-117.1035
9518.921663	80.634	-117.4492
9519.287874	80.640	-117.8701
9519.654085	80.635	-118.2949
9520.020296	80.634	-118.6621
9520.386507	80.640	-119.0723
9520.752718	80.639	-119.4932
9521.118929	80.643	-119.8770
9521.485140	80.651	-120.3486
9521.851351	80.636	-120.8457
9522.217562	80.614	-121.1416
9522.583773	80.624	-121.3457
9522.949984	80.655	-121.7266
9523.316195	80.668	-122.2451
9523.682406	80.664	-122.7061
9524.048616	80.664	-123.1152
9524.414827	80.664	-123.5459
9524.781038	80.656	-123.9385
9525.147249	80.655	-124.2637
9525.513460	80.665	-124.6182
9525.879671	80.674	-125.0459
9526.245882	80.673	-125.4785
9526.612093	80.670	-125.8721
9526.978304	80.671	-126.2354
9527.344515	80.678	-126.6289
9527.710726	80.681	-127.0938
9528.076937	80.670	-127.5293
9528.443148	80.662	-127.8770
9528.809359	80.664	-128.2363
9529.175570	80.665	-128.6172
9529.541781	80.672	-128.9854
9529.907992	80.683	-129.4443
9530.274203	80.677	-129.9590
9530.640414	80.660	-130.3398
9531.006625	80.663	-130.6611
9531.372836	80.672	-131.0879
9531.739047	80.669	-131.5244
9532.105258	80.670	-131.8906
9532.471469	80.682	-132.3145
9532.837680	80.684	-132.8193
9533.203891	80.672	-133.2578
9533.570102	80.668	-133.5967
9533.936313	80.678	-133.9688
9534.302524	80.686	-134.4287
9534.668735	80.682	-134.8896
9535.034945	80.673	-135.2822
9535.401156	80.669	-135.6172
9535.767367	80.677	-135.9395
9536.133578	80.694	-136.3379
9536.499789	80.701	-136.8301
9536.866000	80.692	-137.2939
9537.232211	80.682	-137.6689
9537.598422	80.679	-138.0234
9537.964633	80.678	-138.3721
9538.330844	80.684	-138.7217
9538.697055	80.691	-139.1396
9539.063266	80.687	-139.5625
9539.429477	80.685	-139.8916
9539.795688	80.703	-140.2754
9540.161899	80.709	-140.8330
9540.528110	80.684	-141.3193
9540.894321	80.667	-141.5869
9541.260532	80.680	-141.8916
9541.626743	80.689	-142.3545
9541.992954	80.682	-142.7686
9542.359165	80.688	-143.1309
9542.725376	80.697	-143.6074
9543.091587	80.685	-144.0791
9543.457798	80.675	-144.4023
9543.824009	80.687	-144.7354
9544.190220	80.701	-145.1865
9544.556431	80.704	-145.6689
9544.922642	80.700	-146.1279
9545.288853	80.693	-146.5361
9545.655064	80.693	-146.9131
9546.021275	80.695	-147.3418
9546.387485	80.687	-147.7451
9546.753696	80.688	-148.0547
9547.119907	80.705	-148.4521
9547.486118	80.706	-148.9658
9547.852329	80.690	-149.3613
9548.218540	80.690	-149.6631
9548.584751	80.700	-150.0518
9548.950962	80.701	-150.4658
9549.317173	80.703	-150.8457
9549.683384	80.709	-151.2734
9550.049595	80.705	-151.7168
9550.415806	80.699	-152.1016
9550.782017	80.699	-152.4795
9551.148228	80.696	-152.8750
9551.514439	80.694	-153.2295
9551.880650	80.702	-153.5908
9552.246861	80.710	-154.0371
9552.613072	80.704	-154.4756
9552.979283	80.702	-154.8291
9553.345494	80.713	-155.2295
9553.711705	80.714	-155.7217
9554.077916	80.701	-156.1494
9554.444127	80.696	-156.4902
9554.810338	80.702	-156.8623
9555.176549	80.706	-157.2725
9555.542760	80.708	-157.6875
9555.908971	80.707	-158.1094
9556.275182	80.705	-158.5000
9556.641393	80.711	-158.8848
9557.007604	80.716	-159.3545
9557.373814	80.701	-159.8252
9557.740025	80.683	-160.1230
9558.106236	80.693	-160.3418
9558.472447	80.724	-160.7344
9558.838658	80.736	-161.2959
9559.204869	80.723	-161.8076
9559.571080	80.708	-162.1758
9559.937291	80.710	-162.4873
9560.303502	80.724	-162.8867
9560.669713	80.728	-163.3867
9561.035924	80.716	-163.8350
9561.402135	80.708	-164.1982
9561.768346	80.706	-164.5713
9562.134557	80.705	-164.9238
9562.500768	80.715	-165.2930
9562.866979	80.719	-165.7588
9563.233190	80.709	-166.1514
9563.599401	80.717	-166.4697
9563.965612	80.731	-166.9629
9564.331823	80.712	-167.4482
9564.698034	80.701	-167.6943
9565.064245	80.726	-168.0381
9565.430456	80.732	-168.5889
9565.796667	80.715	-168.9980
9566.162878	80.719	-169.3135
9566.529089	80.729	-169.7676
9566.895300	80.719	-170.2119
9567.261511	80.715	-170.5566
9567.627722	80.721	-170.9404
9567.993933	80.721	-171.3516
9568.360144	80.723	-171.7295
9568.726354	80.730	-172.1348
9569.092565	80.733	-172.5840
9569.458776	80.730	-173.0186
9569.824987	80.727	-173.4277
9570.191198	80.725	-173.8281
9570.557409	80.724	-174.2158
9570.923620	80.726	-174.6064
9571.289831	80.728	-175.0264
9571.656042	80.724	-175.4443
9572.022253	80.719	-175.8135
9572.388464	80.721	-176.1602
9572.754675	80.729	-176.5273
9573.120886	80.739	-176.9268
9573.487097	80.749	-177.3896
9573.853308	80.745	-177.8994
9574.219519	80.725	-178.3008
9574.585730	80.721	-178.5605
9574.951941	80.742	-178.9062
9575.318152	80.752	-179.4229
9575.684363	80.739	-179.8672
9576.050574	80.741	179.7988
9576.416785	80.754	179.3311
9576.782996	80.740	178.8066
9577.149207	80.719	178.4863
9577.515418	80.729	178.1973
9577.881629	80.741	177.7168
9578.247840	80.727	177.2686
9578.614051	80.724	176.9639
9578.980262	80.739	176.5566
9579.346473	80.736	176.0527
9579.712683	80.724	175.6768
9580.078894	80.730	175.3330
9580.445105	80.738	174.8740
9580.811316	80.731	174.4316
9581.177527	80.728	174.0566
9581.543738	80.730	173.6562
9581.909949	80.729	173.2725
9582.276160	80.738	172.8926
9582.642371	80.745	172.4072
9583.008582	80.732	171.9492
9583.374793	80.725	171.6279
9583.741004	80.735	171.2549
9584.107215	80.735	170.8105
9584.473426	80.731	170.4561
9584.839637	80.743	170.0850
9585.205848	80.748	169.6045
9585.572059	80.740	169.1787
9585.938270	80.740	168.7988
9586.304481	80.737	168.3701
9586.670692	80.728	168.0195
9587.036903	80.737	167.7148
9587.403114	80.753	167.2598
9587.769325	80.745	166.7793
9588.135536	80.737	166.4434
9588.501747	80.748	166.0947
9588.867958	80.756	165.6396
9589.234169	80.753	165.2070
9589.600380	80.752	164.8086
9589.966591	80.752	164.3975
9590.332802	80.751	164.0166
9590.699013	80.759	163.6172
9591.065223	80.760	163.1260
9591.431434	80.741	162.6953
9591.797645	80.730	162.4316
9592.163856	80.745	162.1445
9592.530067	80.761	161.7041
9592.896278	80.761	161.2461
9593.262489	80.758	160.8418
9593.628700	80.757	160.4521
9593.994911	80.759	160.0801
9594.361122	80.767	159.6748
9594.727333	80.766	159.2139
9595.093544	80.757	158.8281
9595.459755	80.764	158.4785
9595.825966	80.771	157.9990
9596.192177	80.754	157.5566
9596.558388	80.749	157.2939
9596.924599	80.773	156.9316
9597.290810	80.781	156.3652
9597.657021	80.760	155.9131
9598.023232	80.755	155.6172
9598.389443	80.768	155.2236
9598.755654	80.768	154.7520
9599.121865	80.761	154.3516
9599.488076	80.763	153.9658
9599.854287	80.764	153.5400
9600.220498	80.761	153.1309
9600.586709	80.760	152.7236
9600.952920	80.754	152.3037
9601.319131	80.745	151.9668
9601.685342	80.755	151.6592
9602.051553	80.772	151.2031
9602.417763	80.767	150.6914
9602.783974	80.753	150.3057
9603.150185	80.753	149.9434
9603.516396	80.750	149.5410
9603.882607	80.748	149.2051
9604.248818	80.762	148.8271
9604.615029	80.764	148.3271
9604.981240	80.750	147.9229
9605.347451	80.753	147.6045
9605.713662	80.764	147.1494
9606.079873	80.752	146.6895
9606.446084	80.745	146.3838
9606.812295	80.760	146.0244
9607.178506	80.765	145.5352
9607.544717	80.753	145.1309
9607.910928	80.756	144.8262
9608.277139	80.776	144.4111
9608.643350	80.778	143.8701
9609.009561	80.759	143.4287
9609.375772	80.751	143.1572
9609.741983	80.772	142.8242
9610.108194	80.786	142.3037
9610.474405	80.774	141.8047
9610.840616	80.764	141.4590
9611.206827	80.773	141.0947
9611.573038	80.777	140.6123
9611.939249	80.763	140.1689
9612.305460	80.754	139.8535
9612.671671	80.764	139.5225
9613.037882	80.773	139.0879
9613.404092	80.772	138.6602
9613.770303	80.775	138.2754
9614.136514	80.783	137.8232
9614.502725	80.776	137.3447
9614.868936	80.765	136.9766
9615.235147	80.770	136.6387
9615.601358	80.777	136.2051
9615.967569	80.772	135.7744
9616.333780	80.771	135.4238
9616.699991	80.782	135.0303
9617.066202	80.785	134.5586
9617.432413	80.776	134.1338
9617.798624	80.773	133.7676
9618.164835	80.774	133.3682
9618.531046	80.767	132.9775
9618.897257	80.764	132.6553
9619.263468	80.773	132.3154
9619.629679	80.782	131.9053
9619.995890	80.783	131.4961
9620.362101	80.786	131.1074
9620.728312	80.791	130.6914
9621.094523	80.792	130.2549
9621.460734	80.790	129.8174
9621.826945	80.783	129.4023
9622.193156	80.779	129.0371
9622.559367	80.784	128.6582
9622.925578	80.789	128.2148
9623.291789	80.786	127.7598
9623.658000	80.780	127.3271
9624.024211	80.771	126.9297
9624.390422	80.770	126.5869
9624.756632	80.783	126.1865
9625.122843	80.785	125.6738
9625.489054	80.769	125.2324
9625.855265	80.763	124.9268
9626.221476	80.777	124.5723
9626.587687	80.788	124.1084
9626.953898	80.787	123.6357
9627.320109	80.782	123.2100
9627.686320	80.779	122.8135
9628.052531	80.779	122.4043
9628.418742	80.774	122.0020
9628.784953	80.770	121.6631
9629.151164	80.778	121.3252
9629.517375	80.786	120.9180
9629.883586	80.788	120.5332
9630.249797	80.800	120.1582
9630.616008	80.811	119.6553
9630.982219	80.796	119.1436
9631.348430	80.775	118.8271
9631.714641	80.784	118.5498
9632.080852	80.795	118.1045
9632.447063	80.785	117.6592
9632.813274	80.778	117.3496
9633.179485	80.789	116.9941
9633.545696	80.794	116.5439
9633.911907	80.791	116.1357
9634.278118	80.794	115.7119
9634.644329	80.786	115.2441
9635.010540	80.771	114.8926
9635.376751	80.775	114.5859
9635.742961	80.784	114.1553
9636.109172	80.777	113.7451
9636.475383	80.781	113.4248
9636.841594	80.799	112.9863
9637.207805	80.798	112.4619
9637.574016	80.786	112.0469
9637.940227	80.785	111.6689
9638.306438	80.783	111.2559
9638.672649	80.779	110.9062
9639.038860	80.790	110.5625
9639.405071	80.803	110.1064
9639.771282	80.801	109.6348
9640.137493	80.797	109.2305
9640.503704	80.799	108.8379
9640.869915	80.801	108.4268
9641.236126	80.803	108.0059
9641.602337	80.802	107.5811
9641.968548	80.800	107.1689
9642.334759	80.798	106.7539
9642.700970	80.791	106.3398
9643.067181	80.783	105.9893
9643.433392	80.787	105.6660
9643.799603	80.797	105.2676
9644.165814	80.798	104.8252
9644.532025	80.794	104.4150
9644.898236	80.790	104.0391
9645.264447	80.791	103.6982
9645.630658	80.805	103.3184
9645.996869	80.812	102.8242
9646.363080	80.800	102.3721
9646.729291	80.796	102.0566
9647.095501	80.814	101.6533
9647.461712	80.816	101.1104
9647.827923	80.797	100.6816
9648.194134	80.795	100.3652
9648.560345	80.805	99.9590
9648.926556	80.806	99.5010
9649.292767	80.803	99.0654
9649.658978	80.796	98.6299
9650.025189	80.785	98.2588
9650.391400	80.786	97.9287
9650.757611	80.793	97.5205
9651.123822	80.788	97.1162
9651.490033	80.791	96.7715
9651.856244	80.803	96.3408
9652.222455	80.798	95.8672
9652.588666	80.790	95.4922
9652.954877	80.794	95.1055
9653.321088	80.790	94.6631
9653.687299	80.780	94.3105
9654.053510	80.786	93.9844
9654.419721	80.795	93.5635
9654.785932	80.796	93.1396
9655.152143	80.801	92.7188
9655.518354	80.801	92.2334
9655.884565	80.787	91.7939
9656.250776	80.778	91.4570
9656.616987	80.781	91.1064
9656.983198	80.785	90.7207
9657.349409	80.791	90.3438
9657.715620	80.804	89.9141
9658.081831	80.809	89.3867
9658.448041	80.792	88.8945
9658.814252	80.774	88.5703
9659.180463	80.781	88.2979
9659.546674	80.799	87.8877
9659.912885	80.804	87.3994
9660.279096	80.800	86.9678
9660.645307	80.799	86.5488
9661.011518	80.794	86.1279
9661.377729	80.790	85.7637
9661.743940	80.795	85.3896
9662.110151	80.799	84.9600
9662.476362	80.796	84.5430
9662.842573	80.794	84.1523
9663.208784	80.793	83.7617
9663.574995	80.794	83.3789
9663.941206	80.798	82.9717
9664.307417	80.796	82.5381
9664.673628	80.789	82.1455
9665.039839	80.786	81.7881
9665.406050	80.786	81.4316
9665.772261	80.791	81.0859
9666.138472	80.804	80.6943
9666.504683	80.811	80.2217
9666.870894	80.805	79.7793
9667.237105	80.805	79.3975
9667.603316	80.809	78.9629
9667.969527	80.801	78.5176
9668.335738	80.793	78.1816
9668.701949	80.805	77.8379
9669.068160	80.817	77.3418
9669.434370	80.804	76.8262
9669.800581	80.782	76.4727
9670.166792	80.780	76.2188
9670.533003	80.797	75.8984
9670.899214	80.814	75.4570
9671.265425	80.821	74.9756
9671.631636	80.822	74.5020
9671.997847	80.819	74.0098
9672.364058	80.803	73.5537
9672.730269	80.789	73.2168
9673.096480	80.794	72.8984
9673.462691	80.805	72.4639
9673.828902	80.801	71.9824
9674.195113	80.787	71.5879
9674.561324	80.784	71.2773
9674.927535	80.798	70.9258
9675.293746	80.810	70.4395
9675.659957	80.800	69.9189
9676.026168	80.778	69.5518
9676.392379	80.776	69.3027
9676.758590	80.796	68.9629
9677.124801	80.808	68.4834
9677.491012	80.803	68.0215
9677.857223	80.799	67.6543
9678.223434	80.807	67.2734
9678.589645	80.813	66.8027
9678.955856	80.805	66.3428
9679.322067	80.797	65.9717
9679.688278	80.799	65.6084
9680.054489	80.803	65.1865
9680.420700	80.798	64.7666
9680.786910	80.795	64.4043
9681.153121	80.803	64.0293
9681.519332	80.809	63.5811
9681.885543	80.805	63.1387
9682.251754	80.802	62.7305
9682.617965	80.800	62.2998
9682.984176	80.789	61.8984
9683.350387	80.786	61.5664
9683.716598	80.792	61.1885
9684.082809	80.791	60.7861
9684.449020	80.795	60.4404
9684.815231	80.809	60.0020
9685.181442	80.801	59.4971
9685.547653	80.785	59.1719
9685.913864	80.801	58.8711
9686.280075	80.813	58.3594
9686.646286	80.795	57.9053
9687.012497	80.792	57.6387
9687.378708	80.815	57.2520
9687.744919	80.819	56.7021
9688.111130	80.801	56.2451
9688.477341	80.791	55.9102
9688.843552	80.795	55.5645
9689.209763	80.803	55.1406
9689.575974	80.799	54.6777
9689.942185	80.788	54.2920
9690.308396	80.788	53.9658
9690.674607	80.797	53.5732
9691.040818	80.799	53.1338
9691.407029	80.797	52.7266
9691.773239	80.798	52.3301
9692.139450	80.799	51.9395
9692.505661	80.804	51.5566
9692.871872	80.814	51.1221
9693.238083	80.814	50.6406
9693.604294	80.803	50.2188
9693.970505	80.800	49.8867
9694.336716	80.812	49.5176
9694.702927	80.821	49.0381
9695.069138	80.814	48.5703
9695.435349	80.808	48.1738
9695.801560	80.805	47.7451
9696.167771	80.788	47.3516
9696.533982	80.780	47.1201
9696.900193	80.806	46.8252
9697.266404	80.824	46.2881
9697.632615	80.808	45.7910
9697.998826	80.801	45.4658
9698.365037	80.812	45.0391
9698.731248	80.798	44.5361
9699.097459	80.777	44.2383
9699.463670	80.791	43.9814
9699.829881	80.810	43.4775
9700.196092	80.791	42.9521
9700.562303	80.771	42.6670
9700.928514	80.784	42.4004
9701.294725	80.803	41.9375
9701.660936	80.797	41.4414
9702.027147	80.787	41.0703
9702.393358	80.793	40.7217
9702.759569	80.802	40.2852
9703.125779	80.800	39.8340
9703.491990	80.798	39.4404
9703.858201	80.803	39.0342
9704.224412	80.803	38.5791
9704.590623	80.795	38.1553
9704.956834	80.788	37.7979
9705.323045	80.791	37.4629
9705.689256	80.802	37.0908
9706.055467	80.811	36.6240
9706.421678	80.800	36.1484
9706.787889	80.785	35.8379
9707.154100	80.799	35.5791
9707.520311	80.823	35.1074
9707.886522	80.813	34.5674
9708.252733	80.795	34.2480
9708.618944	80.810	33.9590
9708.985155	80.826	33.4727
9709.351366	80.818	32.9941
9709.717577	80.815	32.6230
9710.083788	80.820	32.1846
9710.449999	80.811	31.7422
9710.816210	80.807	31.3867
9711.182421	80.814	30.9658
9711.548632	80.808	30.5020
9711.914843	80.799	30.1377
9712.281054	80.804	29.7646
9712.647265	80.806	29.3203
9713.013476	80.801	28.9111
9713.379687	80.802	28.5000
9713.745898	80.796	28.0771
9714.112108	80.793	27.7275
9714.478319	80.803	27.3320
9714.844530	80.800	26.8594
9715.210741	80.788	26.5244
9715.576952	80.806	26.2441
9715.943163	80.834	25.7432
9716.309374	80.833	25.1406
9716.675585	80.815	24.6572
9717.041796	80.800	24.2559
9717.408007	80.787	23.9170
9717.774218	80.788	23.6318
9718.140429	80.803	23.2617
9718.506640	80.810	22.8076
9718.872851	80.810	22.3760
9719.239062	80.809	21.9443
9719.605273	80.803	21.5166
9719.971484	80.795	21.1455
9720.337695	80.794	20.7861
9720.703906	80.795	20.4238
9721.070117	80.801	20.0615
9721.436328	80.808	19.6211
9721.802539	80.800	19.1807
9722.168750	80.795	18.8584
9722.534961	80.810	18.4795
9722.901172	80.812	17.9639
9723.267383	80.794	17.5586
9723.633594	80.797	17.2529
9723.999805	80.811	16.7891
9724.366016	80.796	16.2734
9724.732227	80.775	15.9541
9725.098438	80.784	15.6846
9725.464648	80.802	15.2393
9725.830859	80.798	14.7227
9726.197070	80.782	14.3154
9726.563281	80.776	13.9961
9726.929492	80.785	13.6484
9727.295703	80.795	13.2178
9727.661914	80.794	12.7471
9728.028125	80.783	12.3477
9728.394336	80.785	12.0283
9728.760547	80.801	11.6172
9729.126758	80.801	11.1055
9729.492969	80.787	10.7197
9729.859180	80.796	10.4160
9730.225391	80.816	9.9277
9730.591602	80.806	9.3555
9730.957813	80.781	8.9736
9731.324024	80.779	8.6807
9731.690235	80.787	8.2812
9732.056446	80.781	7.8545
9732.422657	80.776	7.5068
9732.788868	80.782	7.1562
9733.155079	80.789	6.7266
9733.521290	80.784	6.3125
9733.887501	80.787	5.9678
9734.253712	80.802	5.5410
9734.619923	80.803	5.0039
9734.986134	80.784	4.5654
9735.352345	80.776	4.2422
9735.718556	80.782	3.8770
9736.084767	80.786	3.4727
9736.450978	80.790	3.0488
9736.817188	80.787	2.5859
9737.183399	80.775	2.2051
9737.549610	80.777	1.8965
9737.915821	80.790	1.4922
9738.282032	80.790	1.0459
9738.648243	80.790	0.6543
9739.014454	80.795	0.2295
9739.380665	80.791	-0.2100
9739.746876	80.786	-0.5957
9740.113087	80.784	-0.9863
9740.479298	80.780	-1.3516
9740.845509	80.787	-1.6914
9741.211720	80.797	-2.1377
9741.577931	80.788	-2.5908
9741.944142	80.783	-2.9170
9742.310353	80.795	-3.3047
9742.676564	80.792	-3.7861
9743.042775	80.779	-4.1436
9743.408986	80.787	-4.4600
9743.775197	80.798	-4.8955
9744.141408	80.799	-5.3428
9744.507619	80.802	-5.7881
9744.873830	80.794	-6.2793
9745.240041	80.774	-6.6621
9745.606252	80.772	-6.9385
9745.972463	80.786	-7.3115
9746.338674	80.790	-7.7715
9746.704885	80.786	-8.1992
9747.071096	80.782	-8.5928
9747.437307	80.782	-8.9619
9747.803517	80.788	-9.3545
9748.169728	80.789	-9.8096
9748.535939	80.779	-10.1904
9748.902150	80.786	-10.4961
9749.268361	80.806	-10.9512
9749.634572	80.800	-11.4922
9750.000783	80.783	-11.8643
9750.366994	80.790	-12.1895
9750.733205	80.799	-12.6543
9751.099416	80.791	-13.1045
9751.465627	80.790	-13.4668
9751.831838	80.799	-13.9072
9752.198049	80.793	-14.4131
9752.564260	80.777	-14.8301
9752.930471	80.769	-15.1914
9753.296682	80.764	-15.5693
9753.662893	80.759	-15.9072
9754.029104	80.768	-16.2432
9754.395315	80.778	-16.6963
9754.761526	80.770	-17.1475
9755.127737	80.767	-17.4775
9755.493948	80.782	-17.8789
9755.860159	80.779	-18.3945
9756.226370	80.761	-18.7549
9756.592581	80.770	-19.0205
9756.958792	80.793	-19.4736
9757.325003	80.791	-20.0117
9757.691214	80.777	-20.4355
9758.057425	80.770	-20.7998
9758.423636	80.768	-21.1279
9758.789847	80.782	-21.4697
9759.156057	80.796	-21.9561
9759.522268	80.786	-22.4580
9759.888479	80.775	-22.8125
9760.254690	80.782	-23.1787
9760.620901	80.783	-23.6445
9760.987112	80.770	-24.0508
9761.353323	80.766	-24.3779
9761.719534	80.772	-24.7383
9762.085745	80.777	-25.1377
9762.451956	80.783	-25.5576
9762.818167	80.784	-26.0137
9763.184378	80.778	-26.4619
9763.550589	80.770	-26.8662
9763.916800	80.764	-27.2539
9764.283011	80.759	-27.6299
9764.649222	80.758	-27.9902
9765.015433	80.762	-28.3760
9765.381644	80.764	-28.7959
9765.747855	80.762	-29.2158
9766.114066	80.759	-29.6162
9766.480277	80.758	-29.9814
9766.846488	80.769	-30.3691
9767.212699	80.778	-30.8662
9767.578910	80.768	-31.3838
9767.945121	80.751	-31.7812
9768.311332	80.747	-32.1172
9768.677543	80.753	-32.4941
9769.043754	80.759	-32.9268
9769.409965	80.757	-33.4092
9769.776176	80.742	-33.8184
9770.142386	80.741	-34.1055
9770.508597	80.763	-34.5107
9770.874808	80.764	-35.0898
9771.241019	80.736	-35.5156
9771.607230	80.729	-35.7510
9771.973441	80.747	-36.0820
9772.339652	80.757	-36.5215
9772.705863	80.761	-36.9443
9773.072074	80.765	-37.3857
9773.438285	80.762	-37.8203
9773.804496	80.760	-38.2100
9774.170707	80.760	-38.6387
9774.536918	80.748	-39.0215
9774.903129	80.750	-39.2715
9775.269340	80.781	-39.6621
9775.635551	80.789	-40.3037
9776.001762	80.753	-40.7969
9776.367973	80.736	-41.0146
9776.734184	80.755	-41.3330
9777.100395	80.761	-41.8408
9777.466606	80.747	-42.2744
9777.832817	80.744	-42.6367
9778.199028	80.743	-43.0684
9778.565239	80.730	-43.4717
9778.931450	80.725	-43.7764
9779.297661	80.738	-44.1309
9779.663872	80.748	-44.6143
9780.030083	80.740	-45.1055
9780.396294	80.727	-45.5059
9780.762505	80.721	-45.8574
9781.128716	80.722	-46.2109
9781.494926	80.728	-46.5693
9781.861137	80.740	-46.9648
9782.227348	80.750	-47.4268
9782.593559	80.749	-47.9053
9782.959770	80.742	-48.3340
9783.325981	80.738	-48.7002
9783.692192	80.743	-49.0654
9784.058403	80.750	-49.4893
9784.424614	80.749	-49.9170
9784.790825	80.749	-50.2949
9785.157036	80.755	-50.7041
9785.523247	80.752	-51.1387
9785.889458	80.749	-51.5000
9786.255669	80.761	-51.8926
9786.621880	80.763	-52.4072
9786.988091	80.744	-52.8584
9787.354302	80.733	-53.1729
9787.720513	80.738	-53.5186
9788.086724	80.741	-53.9336
9788.452935	80.739	-54.3506
9788.819146	80.735	-54.7656
9789.185357	80.727	-55.1416
9789.551568	80.729	-55.4717
9789.917779	80.743	-55.8652
9790.283990	80.751	-56.3691
9790.650201	80.741	-56.8857
9791.016412	80.721	-57.2959
9791.382623	80.711	-57.5889
9791.748834	80.721	-57.9121
9792.115045	80.731	-58.3418
9792.481256	80.732	-58.7686
9792.847466	80.737	-59.1748
9793.213677	80.740	-59.6484
9793.579888	80.730	-60.1035
9793.946099	80.722	-60.4658
9794.312310	80.723	-60.8447
9794.678521	80.720	-61.2412
9795.044732	80.719	-61.5889
9795.410943	80.728	-61.9658
9795.777154	80.732	-62.3867
9796.143365	80.736	-62.7891
9796.509576	80.744	-63.2422
9796.875787	80.739	-63.7344
9797.241998	80.726	-64.1357
9797.608209	80.724	-64.4863
9797.974420	80.728	-64.8838
9798.340631	80.730	-65.3047
9798.706842	80.730	-65.7510
9799.073053	80.722	-66.1895
9799.439264	80.716	-66.5635
9799.805475	80.717	-66.9629
9800.171686	80.709	-67.3896
9800.537897	80.700	-67.7158
9800.904108	80.710	-68.0439
9801.270319	80.717	-68.4854
9801.636530	80.712	-68.8818
9802.002741	80.718	-69.2285
9802.368952	80.730	-69.6777
9802.735163	80.728	-70.1611
9803.101374	80.720	-70.5938
9803.467585	80.710	-70.9795
9803.833795	80.708	-71.2920
9804.200006	80.726	-71.6670
9804.566217	80.732	-72.2061
9804.932428	80.712	-72.6553
9805.298639	80.709	-72.9580
9805.664850	80.722	-73.3906
9806.031061	80.713	-73.8838
9806.397272	80.703	-74.2354
9806.763483	80.711	-74.6240
9807.129694	80.708	-75.0977
9807.495905	80.698	-75.4619
9807.862116	80.709	-75.8271
9808.228327	80.714	-76.3408
9808.594538	80.695	-76.7939
9808.960749	80.686	-77.0957
9809.326960	80.697	-77.4326
9809.693171	80.708	-77.8701
9810.059382	80.711	-78.3457
9810.425593	80.702	-78.8145
9810.791804	80.686	-79.1826
9811.158015	80.687	-79.4570
9811.524226	80.707	-79.8447
9811.890437	80.710	-80.3711
9812.256648	80.690	-80.7881
9812.622859	80.685	-81.0488
9812.989070	80.702	-81.3818
9813.355281	80.715	-81.8369
9813.721492	80.716	-82.2959
9814.087703	80.716	-82.7480
9814.453914	80.709	-83.1963
9814.820125	80.701	-83.5908
9815.186335	80.698	-83.9736
9815.552546	80.695	-84.3750
9815.918757	80.690	-84.7295
9816.284968	80.699	-85.0723
9816.651179	80.713	-85.5186
9817.017390	80.713	-86.0420
9817.383601	80.697	-86.4902
9817.749812	80.689	-86.8350
9818.116023	80.694	-87.2168
9818.482234	80.691	-87.6670
9818.848445	80.679	-88.0293
9819.214656	80.685	-88.3213
9819.580867	80.702	-88.7383
9819.947078	80.702	-89.2178
9820.313289	80.697	-89.6084
9820.679500	80.702	-90.0156
9821.045711	80.696	-90.4648
9821.411922	80.688	-90.8096
9821.778133	80.697	-91.1475
9822.144344	80.706	-91.6084
9822.510555	80.698	-92.0547
9822.876766	80.692	-92.4219
9823.242977	80.693	-92.8018
9823.609188	80.694	-93.1924
9823.975399	80.698	-93.5977
9824.341610	80.696	-94.0342
9824.707821	80.692	-94.4248
9825.074032	80.697	-94.8115
9825.440243	80.699	-95.2939
9825.806454	80.682	-95.7363
9826.172664	80.673	-96.0264
9826.538875	80.691	-96.3652
9826.905086	80.703	-96.8877
9827.271297	80.689	-97.3936
9827.637508	80.675	-97.7412
9828.003719	80.680	-98.0898
9828.369930	80.683	-98.5381
9828.736141	80.673	-98.9443
9829.102352	80.673	-99.2666
9829.468563	80.685	-99.6387
9829.834774	80.696	-100.0957
9830.200985	80.696	-100.5879
9830.567196	80.684	-101.0566
9830.933407	80.667	-101.4023
9831.299618	80.671	-101.6836
9831.665829	80.687	-102.0879
9832.032040	80.686	-102.5723
9832.398251	80.676	-102.9648
9832.764462	80.678	-103.3047
9833.130673	80.688	-103.7158
9833.496884	80.688	-104.1943
9833.863095	80.676	-104.6289
9834.229306	80.669	-104.9775
9834.595517	80.675	-105.3604
9834.961728	80.671	-105.8057
9835.327939	80.661	-106.1602
9835.694150	80.672	-106.4824
9836.060361	80.687	-106.9766
9836.426572	80.674	-107.5117
9836.792783	80.653	-107.8691
9837.158994	80.654	-108.1680
9837.525204	80.662	-108.5576
9837.891415	80.665	-108.9775
9838.257626	80.668	-109.3906
9838.623837	80.671	-109.8350
9838.990048	80.667	-110.2783
9839.356259	80.663	-110.6904
9839.722470	80.660	-111.1055
9840.088681	80.653	-111.5029
9840.454892	80.651	-111.8359
9840.821103	80.664	-112.2061
9841.187314	80.671	-112.6953
9841.553525	80.661	-113.1514
9841.919736	80.657	-113.5020
9842.285947	80.665	-113.9180
9842.652158	80.658	-114.3838
9843.018369	80.649	-114.7266
9843.384580	80.660	-115.0791
9843.750791	80.666	-115.5693
9844.117002	80.653	-115.9883
9844.483213	80.658	-116.3193
9844.849424	80.673	-116.8184
9845.215635	80.656	-117.3779
9845.581846	80.627	-117.7100
9845.948057	80.628	-117.9512
9846.314268	80.644	-118.3418
9846.680479	80.646	-118.8066
9847.046690	80.640	-119.2197
9847.412901	80.639	-119.6055
9847.779112	80.641	-119.9980
9848.145323	80.646	-120.4150
9848.511533	80.647	-120.8750
9848.877744	80.638	-121.3184
9849.243955	80.630	-121.6973
9849.610166	80.629	-122.0625
9849.976377	80.630	-122.4443
9850.342588	80.634	-122.8203
9850.708799	80.643	-123.2363
9851.075010	80.645	-123.7188
9851.441221	80.632	-124.1641
9851.807432	80.622	-124.4854
9852.173643	80.633	-124.8047
9852.539854	80.647	-125.2754
9852.906065	80.637	-125.7832
9853.272276	80.618	-126.1270
9853.638487	80.624	-126.3926
9854.004698	80.645	-126.8135
9854.370909	80.646	-127.3633
9854.737120	80.625	-127.8242
9855.103331	80.610	-128.1436
9855.469542	80.611	-128.4521
9855.835753	80.618	-128.8203
9856.201964	80.624	-129.2314
9856.568175	80.626	-129.6758
9856.934386	80.621	-130.1104
9857.300597	80.618	-130.5156
9857.666808	80.617	-130.9434
9858.033019	80.609	-131.3623
9858.399230	80.606	-131.7139
9858.765441	80.617	-132.1367
9859.131652	80.611	-132.6641
9859.497863	80.588	-133.0566
9859.864073	80.588	-133.3174
9860.230284	80.608	-133.7354
9860.596495	80.604	-134.2705
9860.962706	80.584	-134.6562
9861.328917	80.584	-134.9385
9861.695128	80.599	-135.3135
9862.061339	80.608	-135.7578
9862.427550	80.614	-136.2080
9862.793761	80.614	-136.6934
9863.159972	80.602	-137.1436
9863.526183	80.594	-137.4824
9863.892394	80.601	-137.8291
9864.258605	80.609	-138.2637
9864.624816	80.609	-138.7080
9864.991027	80.607	-139.1406
9865.357238	80.602	-139.5625
9865.723449	80.597	-139.9590
9866.089660	80.591	-140.3701
9866.455871	80.578	-140.7217
9866.822082	80.582	-140.9756
9867.188293	80.607	-141.3682
9867.554504	80.611	-141.9258
9867.920715	80.592	-142.3438
9868.286926	80.594	-142.6592
9868.653137	80.603	-143.0996
9869.019348	80.598	-143.5537
9869.385559	80.595	-143.9424
9869.751770	80.595	-144.3818
9870.117981	80.583	-144.7979
9870.484192	80.579	-145.1133
9870.850403	80.591	-145.4766
9871.216613	80.597	-145.9414
9871.582824	80.591	-146.3945
9871.949035	80.581	-146.7666
9872.315246	80.583	-147.0752
9872.681457	80.602	-147.4551
9873.047668	80.614	-147.9961
9873.413879	80.597	-148.5059
9873.780090	80.582	-148.8398
9874.146301	80.591	-149.1768
9874.512512	80.599	-149.6475
9874.878723	80.590	-150.1221
9875.244934	80.579	-150.5107
9875.611145	80.576	-150.8809
9875.977356	80.576	-151.2871
9876.343567	80.571	-151.7080
9876.709778	80.562	-152.0781
9877.075989	80.563	-152.4160
9877.442200	80.570	-152.8115
9877.808411	80.571	-153.2461
9878.174622	80.568	-153.6406
9878.540833	80.572	-154.0322
9878.907044	80.575	-154.4785
9879.273255	80.571	-154.9229
9879.639466	80.565	-155.3135
9880.005677	80.568	-155.7002
9880.371888	80.572	-156.1436
9880.738099	80.566	-156.6035
9881.104310	80.556	-157.0137
9881.470521	80.548	-157.3857
9881.836732	80.543	-157.7363
9882.202942	80.546	-158.0635
9882.569153	80.558	-158.4424
9882.935364	80.563	-158.8936
9883.301575	80.560	-159.3135
9883.667786	80.563	-159.7217
9884.033997	80.561	-160.1875
9884.400208	80.547	-160.5928
9884.766419	80.543	-160.8916
9885.132630	80.556	-161.2539
9885.498841	80.564	-161.7188
9885.865052	80.562	-162.1807
9886.231263	80.556	-162.6426
9886.597474	80.540	-163.0635
9886.963685	80.529	-163.3623
9887.329896	80.542	-163.6904
9887.696107	80.551	-164.1680
9888.062318	80.541	-164.6191
9888.428529	80.538	-164.9785
9888.794740	80.543	-165.3887
9889.160951	80.541	-165.8340
9889.527162	80.536	-166.2432
9889.893373	80.531	-166.6416
9890.259584	80.527	-166.9902
9890.625795	80.539	-167.3330
9890.992006	80.554	-167.8330
9891.358217	80.541	-168.3652
9891.724428	80.520	-168.6924
9892.090639	80.530	-168.9639
9892.456850	80.549	-169.4150
9892.823061	80.545	-169.9297
9893.189272	80.533	-170.3232
9893.555482	80.535	-170.6826
9893.921693	80.537	-171.1250
9894.287904	80.528	-171.5391
9894.654115	80.527	-171.8740
9895.020326	80.538	-172.3086
9895.386537	80.527	-172.8096
9895.752748	80.508	-173.1348
9896.118959	80.520	-173.4209
9896.485170	80.534	-173.9209
9896.851381	80.515	-174.4082
9897.217592	80.503	-174.6963
9897.583803	80.517	-175.0479
9897.950014	80.520	-175.5332
9898.316225	80.510	-175.9463
9898.682436	80.512	-176.3193
9899.048647	80.514	-176.7666
9899.414858	80.506	-177.2002
9899.781069	80.500	-177.5898
9900.147280	80.495	-177.9756
9900.513491	80.491	-178.3154
9900.879702	80.503	-178.6543
9901.245913	80.519	-179.1191
9901.612124	80.516	-179.6406
9901.978335	80.504	179.9395
9902.344546	80.503	179.5596
9902.710757	80.502	179.1094
9903.076968	80.489	178.6963
9903.443179	80.486	178.3779
9903.809390	80.496	177.9785
9904.175601	80.491	177.4990
9904.541811	80.477	177.1406
9904.908022	80.481	176.8262
9905.274233	80.489	176.4004
9905.640444	80.486	175.9756
9906.006655	80.486	175.5781
9906.372866	80.483	175.1357
9906.739077	80.471	174.7695
9907.105288	80.478	174.4570
9907.471499	80.494	173.9932
9907.837710	80.486	173.4814
9908.203921	80.474	173.0947
9908.570132	80.477	172.7051
9908.936343	80.474	172.2568
9909.302554	80.468	171.8408
9909.668765	80.463	171.4199
9910.034976	80.451	171.0312
9910.401187	80.449	170.7412
9910.767398	80.468	170.3604
9911.133609	80.471	169.8350
9911.499820	80.454	169.4355
9911.866031	80.459	169.1494
9912.232242	80.480	168.7100
9912.598453	80.480	168.1729
9912.964664	80.467	167.7295
9913.330875	80.459	167.3516
9913.697086	80.455	166.9980
9914.063297	80.461	166.6455
9914.429508	80.470	166.2090
9914.795719	80.466	165.7324
9915.161930	80.451	165.3330
9915.528141	80.442	165.0146
9915.894351	80.446	164.7275
9916.260562	80.466	164.3789
9916.626773	80.483	163.8770
9916.992984	80.477	163.3359
9917.359195	80.461	162.8994
9917.725406	80.451	162.5176
9918.091617	80.442	162.1533
9918.457828	80.441	161.8105
9918.824039	80.445	161.4199
9919.190250	80.442	161.0059
9919.556461	80.440	160.6523
9919.922672	80.451	160.2666
9920.288883	80.457	159.7764
9920.655094	80.446	159.3105
9921.021305	80.437	158.9258
9921.387516	80.433	158.5547
9921.753727	80.434	158.1943
9922.119938	80.443	157.8027
9922.486149	80.448	157.3174
9922.852360	80.434	156.8506
9923.218571	80.423	156.5039
9923.584782	80.425	156.1523
9923.950993	80.426	155.7422
9924.317204	80.422	155.3633
9924.683415	80.425	154.9863
9925.049626	80.425	154.5742
9925.415837	80.423	154.1943
9925.782048	80.429	153.8115
9926.148259	80.434	153.3594
9926.514470	80.428	152.9160
9926.880681	80.425	152.5098
9927.246891	80.422	152.0762
9927.613102	80.413	151.6621
9927.979313	80.409	151.2979
9928.345524	80.412	150.8760
9928.711735	80.401	150.4199
9929.077946	80.384	150.0908
9929.444157	80.391	149.8232
9929.810368	80.411	149.4023
9930.176579	80.411	148.8936
9930.542790	80.402	148.4854
9930.909001	80.405	148.1035
9931.275212	80.407	147.6631
9931.641423	80.405	147.2412
9932.007634	80.406	146.8027
9932.373845	80.397	146.3350
9932.740056	80.380	145.9805
9933.106267	80.383	145.6807
9933.472478	80.392	145.2754
9933.838689	80.391	144.8496
9934.204900	80.391	144.4531
9934.571111	80.388	144.0186
9934.937322	80.377	143.6582
9935.303533	80.384	143.3633
9935.669744	80.403	142.9102
9936.035955	80.397	142.3857
9936.402166	80.384	141.9980
9936.768377	80.384	141.6113
9937.134588	80.377	141.1768
9937.500799	80.368	140.8496
9937.867010	80.381	140.5000
9938.233220	80.387	140.0010
9938.599431	80.373	139.5703
9938.965642	80.374	139.2363
9939.331853	80.384	138.7783
9939.698064	80.373	138.2949
9940.064275	80.363	137.9521
9940.430486	80.371	137.5850
9940.796697	80.372	137.1260
9941.162908	80.366	136.7236
9941.529119	80.368	136.3350
9941.895330	80.367	135.8936
9942.261541	80.359	135.5068
9942.627752	80.361	135.1475
9942.993963	80.364	134.7256
9943.360174	80.359	134.3262
9943.726385	80.361	133.9531
9944.092596	80.362	133.5303
9944.458807	80.358	133.1406
9944.825018	80.364	132.7666
9945.191229	80.369	132.2852
9945.557440	80.353	131.8252
9945.923651	80.340	131.5059
9946.289862	80.347	131.1699
9946.656073	80.353	130.7383
9947.022284	80.351	130.2832
9947.388495	80.341	129.8555
9947.754706	80.333	129.4990
9948.120917	80.337	129.1367
9948.487128	80.339	128.6846
9948.853339	80.329	128.2842
9949.219550	80.333	127.9434
9949.585760	80.342	127.4707
9949.951971	80.328	126.9961
9950.318182	80.318	126.6914
9950.684393	80.334	126.3252
9951.050604	80.336	125.8115
9951.416815	80.320	125.4014
9951.783026	80.321	125.0908
9952.149237	80.333	124.6914
9952.515448	80.338	124.2314
9952.881659	80.338	123.7812
9953.247870	80.336	123.3154
9953.614081	80.325	122.8730
9953.980292	80.317	122.4883
9954.346503	80.313	122.0928
9954.712714	80.304	121.6924
9955.078925	80.295	121.3711
9955.445136	80.304	121.0674
9955.811347	80.322	120.6240
9956.177558	80.319	120.0947
9956.543769	80.301	119.6689
9956.909980	80.293	119.3379
9957.276191	80.295	118.9717
9957.642402	80.294	118.5811
9958.008613	80.296	118.2061
9958.374824	80.302	117.7871
9958.741035	80.299	117.3438
9959.107246	80.295	116.9570
9959.473457	80.299	116.5615
9959.839668	80.297	116.1104
9960.205879	80.286	115.7334
9960.572089	80.293	115.4082
9960.938300	80.308	114.9424
9961.304511	80.298	114.4111
9961.670722	80.276	114.0430
9962.036933	80.275	113.7568
9962.403144	80.285	113.3721
9962.769355	80.285	112.9414
9963.135566	80.281	112.5430
9963.501777	80.277	112.1758
9963.867988	80.281	111.8379
9964.234199	80.297	111.4297
9964.600410	80.301	110.8955
9964.966621	80.281	110.4375
9965.332832	80.272	110.1445
9965.699043	80.288	109.7881
9966.065254	80.298	109.2568
9966.431465	80.282	108.7471
9966.797676	80.266	108.3711
9967.163887	80.265	108.0000
9967.530098	80.261	107.5576
9967.896309	80.246	107.1641
9968.262520	80.243	106.8438
9968.628731	80.249	106.4414
9968.994942	80.241	105.9863
9969.361153	80.227	105.6611
9969.727364	80.236	105.3838
9970.093575	80.255	104.9473
9970.459786	80.254	104.4258
9970.825997	80.240	104.0098
9971.192208	80.238	103.6680
9971.558419	80.244	103.2598
9971.924629	80.240	102.8135
9972.290840	80.233	102.4365
9972.657051	80.238	102.0703
9973.023262	80.243	101.6113
9973.389473	80.232	101.1543
9973.755684	80.222	100.7998
9974.121895	80.227	100.4512
9974.488106	80.234	100.0186
9974.854317	80.231	99.5488
9975.220528	80.219	99.1250
9975.586739	80.212	98.7812
9975.952950	80.220	98.4277
9976.319161	80.228	97.9463
9976.685372	80.214	97.4541
9977.051583	80.196	97.1357
9977.417794	80.206	96.8477
9977.784005	80.220	96.3770
9978.150216	80.206	95.8984
9978.516427	80.194	95.6104
9978.882638	80.212	95.3027
9979.248849	80.227	94.8018
9979.615060	80.216	94.3174
9979.981271	80.207	93.9902
9980.347482	80.220	93.6387
9980.713693	80.230	93.1465
9981.079904	80.219	92.6523
9981.446115	80.203	92.2910
9981.812326	80.205	91.9736
9982.178537	80.213	91.5576
9982.544748	80.209	91.1025
9982.910958	80.201	90.7090
9983.277169	80.198	90.3320
9983.643380	80.196	89.9463
9984.009591	80.199	89.5566
9984.375802	80.202	89.0918
9984.742013	80.187	88.6172
9985.108224	80.170	88.2754
9985.474435	80.172	87.9639
9985.840646	80.178	87.5498
9986.206857	80.174	87.1191
9986.573068	80.170	86.7451
9986.939279	80.176	86.3633
9987.305490	80.183	85.9229
9987.671701	80.184	85.4346
9988.037912	80.174	84.9541
9988.404123	80.160	84.5430
9988.770334	80.151	84.1875
9989.136545	80.149	83.8379
9989.502756	80.151	83.4775
9989.868967	80.155	83.1025
9990.235178	80.162	82.7031
9990.601389	80.167	82.2832
9990.967600	80.171	81.8418
9991.333811	80.169	81.3750
9991.700022	80.158	80.9355
9992.066233	80.147	80.5664
9992.432444	80.144	80.2031
9992.798655	80.139	79.8203
9993.164866	80.135	79.4893
9993.531077	80.144	79.1387
9993.897288	80.151	78.6846
9994.263498	80.144	78.2412
9994.629709	80.139	77.8506
9994.995920	80.135	77.4404
9995.362131	80.129	77.0635
9995.728342	80.133	76.6973
9996.094553	80.136	76.2490
9996.460764	80.128	75.8271
9996.826975	80.130	75.4561
9997.193186	80.135	75.0000
9997.559397	80.126	74.5410
9997.925608	80.120	74.1807
9998.291819	80.127	73.7969
9998.658030	80.132	73.3418
9999.024241	80.130	72.8682
9999.390452	80.118	72.4277
9999.756663	80.108	72.0967
10000.122874	80.120	71.7812
10000.489085	80.137	71.2979
10000.855296	80.130	70.7441
10001.221507	80.107	70.3096
10001.587718	80.089	69.9971
10001.953929	80.087	69.7354
10002.320140	80.102	69.4111
10002.686351	80.112	68.9580
10003.052562	80.105	68.5039
10003.418773	80.097	68.1338
10003.784984	80.097	67.7676
10004.151195	80.097	67.3721
10004.517406	80.095	66.9697
10004.883617	80.093	66.5547
10005.249828	80.088	66.1338
10005.616038	80.080	65.7227
10005.982249	80.070	65.3457
10006.348460	80.066	65.0137
10006.714671	80.074	64.6533
10007.080882	80.082	64.2061
10007.447093	80.081	63.7344
10007.813304	80.077	63.2803
10008.179515	80.069	62.8232
10008.545726	80.056	62.4062
10008.911937	80.050	62.0547
10009.278148	80.053	61.6709
10009.644359	80.052	61.2285
10010.010570	80.043	60.8457
10010.376781	80.045	60.5117
10010.742992	80.055	60.1055
10011.109203	80.056	59.6748
10011.475414	80.060	59.2725
10011.841625	80.066	58.8018
10012.207836	80.056	58.3184
10012.574047	80.044	57.9482
10012.940258	80.044	57.5830
10013.306469	80.041	57.1738
10013.672680	80.037	56.8145
10014.038891	80.043	56.4189
10014.405102	80.038	55.9551
10014.771313	80.024	55.5938
10015.137524	80.029	55.2656
10015.503735	80.033	54.8105
10015.869946	80.018	54.3867
10016.236157	80.011	54.0762
10016.602367	80.017	53.7246
10016.968578	80.020	53.3291
10017.334789	80.025	52.9395
10017.701000	80.031	52.5039
10018.067211	80.029	52.0449
10018.433422	80.024	51.6064
10018.799633	80.014	51.1924
10019.165844	80.007	50.8389
10019.532055	80.012	50.4727
10019.898266	80.012	50.0225
10020.264477	79.999	49.6553
10020.630688	80.006	49.3721
10020.996899	80.026	48.9258
10021.363110	80.020	48.4023
10021.729321	80.008	48.0215
10022.095532	80.013	47.6475
10022.461743	80.013	47.1738
10022.827954	80.000	46.7402
10023.194165	79.991	46.3613
10023.560376	79.982	45.9844
10023.926587	79.976	45.6523
10024.292798	79.981	45.3193
10024.659009	79.988	44.9111
10025.025220	79.990	44.4727
10025.391431	79.986	44.0400
10025.757642	79.980	43.6260
10026.123853	79.976	43.2490
10026.490064	79.979	42.8545
10026.856275	79.978	42.4150
10027.222486	79.971	42.0020
10027.588697	79.968	41.6270
10027.954907	79.971	41.2148
10028.321118	79.966	40.7734
10028.687329	79.955	40.3906
10029.053540	79.954	40.0615
10029.419751	79.962	39.6709
10029.785962	79.960	39.2334
10030.152173	79.955	38.8721
10030.518384	79.964	38.5176
10030.884595	79.974	38.0342
10031.250806	79.963	37.5332
10031.617017	79.946	37.1572
10031.983228	79.944	36.8232
10032.349439	79.947	36.4170
10032.715650	79.940	35.9844
10033.081861	79.929	35.6211
10033.448072	79.928	35.2998
10033.814283	79.937	34.9219
10034.180494	79.942	34.4854
10034.546705	79.943	34.0195
10034.912916	79.932	33.5449
10035.279127	79.913	33.1826
10035.645338	79.916	32.9082
10036.011549	79.936	32.4717
10036.377760	79.929	31.9365
10036.743971	79.911	31.5752
10037.110182	79.919	31.2441
10037.476393	79.925	30.7676
10037.842604	79.914	30.3545
10038.208815	79.919	30.0078
10038.575026	79.926	29.5264
10038.941236	79.909	29.0723
10039.307447	79.901	28.7979
10039.673658	79.922	28.4492
10040.039869	79.931	27.9023
10040.406080	79.910	27.4082
10040.772291	79.893	27.1035
10041.138502	79.901	26.7910
10041.504713	79.907	26.3418
10041.870924	79.894	25.9385
10042.237135	79.894	25.6436
10042.603346	79.909	25.2275
10042.969557	79.903	24.7393
10043.335768	79.895	24.3945
10043.701979	79.909	23.9873
10044.068190	79.903	23.4180
10044.434401	79.870	23.0332
10044.800612	79.867	22.8027
10045.166823	79.880	22.4082
10045.533034	79.873	21.9775
10045.899245	79.874	21.6523
10046.265456	79.890	21.2090
10046.631667	79.882	20.6680
10046.997878	79.858	20.2988
10047.364089	79.860	20.0283
10047.730300	79.876	19.5938
10048.096511	79.868	19.0791
10048.462722	79.850	18.7246
10048.828933	79.855	18.4033
10049.195144	79.858	17.9326
10049.561355	79.839	17.5479
10049.927566	79.845	17.2969
10050.293776	79.869	16.8096
10050.659987	79.846	16.2168
10051.026198	79.812	15.9775
10051.392409	79.834	15.7900
10051.758620	79.860	15.2354
10052.124831	79.834	14.6943
10052.491042	79.818	14.4473
10052.857253	79.838	14.1055
10053.223464	79.840	13.5742
10053.589675	79.825	13.1777
10053.955886	79.832	12.8232
10054.322097	79.836	12.3018
10054.688308	79.812	11.8564
10055.054519	79.806	11.5850
10055.420730	79.824	11.1865
10055.786941	79.823	10.6543
10056.153152	79.806	10.2324
10056.519363	79.801	9.8750
10056.885574	79.798	9.4766
10057.251785	79.794	9.0996
10057.617996	79.794	8.7275
10057.984207	79.793	8.3291
10058.350418	79.791	7.9678
10058.716629	79.797	7.6084
10059.082840	79.804	7.1875
10059.449051	79.806	6.7441
10059.815262	79.804	6.2959
10060.181473	79.792	5.8643
10060.547684	79.780	5.5342
10060.913895	79.787	5.2246
10061.280106	79.799	4.7695
10061.646316	79.789	4.2861
10062.012527	79.776	3.9531
10062.378738	79.786	3.5977
10062.744949	79.786	3.0918
10063.111160	79.764	2.6914
10063.477371	79.764	2.4307
10063.843582	79.784	1.9893
10064.209793	79.772	1.4492
10064.576004	79.752	1.1162
10064.942215	79.761	0.7949
10065.308426	79.763	0.3086
10065.674637	79.747	-0.0811
10066.040848	79.753	-0.3867
10066.407059	79.767	-0.8643
10066.773270	79.753	-1.3652
10067.139481	79.739	-1.7100
10067.505692	79.741	-2.0518
10067.871903	79.742	-2.4463
10068.238114	79.743	-2.8203
10068.604325	79.749	-3.2168
10068.970536	79.752	-3.6465
10069.336747	79.753	-4.0791
10069.702958	79.749	-4.5215
10070.069169	79.740	-4.9131
10070.435380	79.741	-5.2656
10070.801591	79.746	-5.6904
10071.167802	79.740	-6.1445
10071.534013	79.730	-6.5264
10071.900224	79.727	-6.8711
10072.266435	79.732	-7.2441
10072.632645	79.739	-7.6865
10072.998856	79.732	-8.1787
10073.365067	79.711	-8.5898
10073.731278	79.699	-8.8604
10074.097489	79.713	-9.1416
10074.463700	79.736	-9.6104
10074.829911	79.733	-10.2109
10075.196122	79.701	-10.6826
10075.562333	79.680	-10.9551
10075.928544	79.683	-11.2236
10076.294755	79.695	-11.5820
10076.660966	79.706	-12.0088
10077.027177	79.708	-12.5127
10077.393388	79.691	-12.9629
10077.759599	79.681	-13.2529
10078.125810	79.698	-13.5947
10078.492021	79.708	-14.1162
10078.858232	79.692	-14.5967
10079.224443	79.681	-14.9307
10079.590654	79.689	-15.2861
10079.956865	79.693	-15.7412
10080.323076	79.686	-16.1836
10080.689287	79.681	-16.5625
10081.055498	79.685	-16.9746
10081.421709	79.680	-17.4473
10081.787920	79.662	-17.8662
10082.154131	79.649	-18.1924
10082.520342	79.648	-18.5029
10082.886553	79.653	-18.8564
10083.252764	79.658	-19.2607
10083.618975	79.658	-19.6748
10083.985185	79.659	-20.0908
10084.351396	79.657	-20.5576
10084.717607	79.640	-20.9971
10085.083818	79.626	-21.3105
10085.450029	79.630	-21.6377
10085.816240	79.631	-22.0586
10086.182451	79.624	-22.4277
10086.548662	79.629	-22.7695
10086.914873	79.637	-23.2236
10087.281084	79.626	-23.6777
10087.647295	79.618	-24.0195
10088.013506	79.624	-24.3760
10088.379717	79.627	-24.8027
10088.745928	79.627	-25.2090
10089.112139	79.633	-25.6328
10089.478350	79.632	-26.1328
10089.844561	79.613	-26.5830
10090.210772	79.600	-26.9121
10090.576983	79.601	-27.2500
10090.943194	79.601	-27.6250
10091.309405	79.605	-27.9824
10091.675616	79.616	-28.4307
10092.041827	79.606	-28.9561
10092.408038	79.579	-29.3018
10092.774249	79.582	-29.5186
10093.140460	79.605	-29.9277
10093.506671	79.602	-30.4697
10093.872882	79.581	-30.8574
10094.239093	79.580	-31.1484
10094.605304	79.592	-31.5518
10094.971514	79.590	-32.0381
10095.337725	79.575	-32.4609
10095.703936	79.565	-32.7939
10096.070147	79.568	-33.1416
10096.436358	79.570	-33.5664
10096.802569	79.561	-33.9639
10097.168780	79.560	-34.2812
10097.534991	79.575	-34.6826
10097.901202	79.576	-35.1973
10098.267413	79.559	-35.6299
10098.633624	79.553	-35.9668
10098.999835	79.556	-36.3564
10099.366046	79.554	-36.7744
10099.732257	79.552	-37.1621
10100.098468	79.554	-37.5732
10100.464679	79.551	-37.9980
10100.830890	79.548	-38.3945
10101.197101	79.548	-38.8027
10101.563312	79.547	-39.2314
10101.929523	79.542	-39.6660
10102.295734	79.529	-40.0742
10102.661945	79.520	-40.3828
10103.028156	79.533	-40.7012
10103.394367	79.546	-41.2002
10103.760578	79.529	-41.6953
10104.126789	79.513	-41.9893
10104.493000	79.527	-42.3154
10104.859211	79.532	-42.8203
10105.225422	79.513	-43.2559
10105.591633	79.503	-43.5312
10105.957844	79.517	-43.8623
10106.324054	79.526	-44.3350
10106.690265	79.517	-44.8086
10107.056476	79.504	-45.1777
10107.422687	79.504	-45.5195
10107.788898	79.507	-45.9385
10108.155109	79.500	-46.3760
10108.521320	79.491	-46.7549
10108.887531	79.486	-47.1211
10109.253742	79.483	-47.4863
10109.619953	79.484	-47.8379
10109.986164	79.490	-48.2373
10110.352375	79.491	-48.6748
10110.718586	79.488	-49.0977
10111.084797	79.484	-49.5391
10111.451008	79.469	-49.9453
10111.817219	79.463	-50.2490
10112.183430	79.474	-50.6074
10112.549641	79.475	-51.0664
10112.915852	79.467	-51.4355
10113.282063	79.478	-51.7891
10113.648274	79.487	-52.2998
10114.014485	79.472	-52.7920
10114.380696	79.459	-53.1631
10114.746907	79.452	-53.5420
10115.113118	79.443	-53.8916
10115.479329	79.446	-54.2236
10115.845540	79.448	-54.6602
10116.211751	79.434	-55.0352
10116.577962	79.439	-55.3086
10116.944173	79.456	-55.7607
10117.310383	79.443	-56.2793
10117.676594	79.425	-56.6016
10118.042805	79.430	-56.9199
10118.409016	79.432	-57.3330
10118.775227	79.433	-57.7070
10119.141438	79.442	-58.1523
10119.507649	79.432	-58.6729
10119.873860	79.410	-59.0400
10120.240071	79.412	-59.3555
10120.606282	79.415	-59.8096
10120.972493	79.399	-60.2344
10121.338704	79.391	-60.5146
10121.704915	79.408	-60.8623
10122.071126	79.415	-61.3789
10122.437337	79.397	-61.8350
10122.803548	79.390	-62.1270
10123.169759	79.408	-62.5137
10123.535970	79.409	-63.0635
10123.902181	79.384	-63.4844
10124.268392	79.378	-63.7559
10124.634603	79.390	-64.1152
10125.000814	79.393	-64.5605
10125.367025	79.389	-64.9844
10125.733236	79.383	-65.3691
10126.099447	79.385	-65.7275
10126.465658	79.391	-66.1709
10126.831869	79.376	-66.6553
10127.198080	79.354	-66.9375
10127.564291	79.369	-67.1670
10127.930502	79.391	-67.6660
10128.296713	79.373	-68.1895
10128.662923	79.357	-68.4824
10129.029134	79.368	-68.8252
10129.395345	79.366	-69.2979
10129.761556	79.355	-69.6494
10130.127767	79.365	-69.9951
10130.493978	79.370	-70.5068
10130.860189	79.351	-70.9463
10131.226400	79.347	-71.2588
10131.592611	79.357	-71.7041
10131.958822	79.341	-72.2041
10132.325033	79.320	-72.5117
10132.691244	79.329	-72.7793
10133.057455	79.346	-73.2305
10133.423666	79.340	-73.7480
10133.789877	79.323	-74.1533
10134.156088	79.317	-74.4873
10134.522299	79.321	-74.8779
10134.888510	79.316	-75.3213
10135.254721	79.303	-75.6943
10135.620932	79.302	-76.0068
10135.987143	79.311	-76.3984
10136.353354	79.309	-76.8486
10136.719565	79.300	-77.2344
10137.085776	79.300	-77.5957
10137.451987	79.301	-78.0068
10137.818198	79.295	-78.4082
10138.184409	79.293	-78.7646
10138.550620	79.299	-79.1660
10138.916831	79.296	-79.6309
10139.283042	79.282	-80.0557
10139.649253	79.268	-80.3965
10140.015463	79.265	-80.6963
10140.381674	79.273	-81.0195
10140.747885	79.286	-81.4336
10141.114096	79.286	-81.9102
10141.480307	79.277	-82.3359
10141.846518	79.271	-82.7109
10142.212729	79.269	-83.0928
10142.578940	79.268	-83.4727
10142.945151	79.271	-83.8799
10143.311362	79.265	-84.3135
10143.677573	79.257	-84.6602
10144.043784	79.268	-85.0000
10144.409995	79.280	-85.5117
10144.776206	79.262	-86.0371
10145.142417	79.239	-86.3584
10145.508628	79.246	-86.6494
10145.874839	79.256	-87.1123
10146.241050	79.242	-87.5986
10146.607261	79.224	-87.9297
10146.973472	79.226	-88.2227
10147.339683	79.235	-88.6133
10147.705894	79.237	-89.0371
10148.072105	79.237	-89.4551
10148.438316	79.234	-89.8906
10148.804527	79.226	-90.2715
10149.170738	79.231	-90.6309
10149.536949	79.237	-91.1123
10149.903160	79.219	-91.5908
10150.269371	79.201	-91.9043
10150.635582	79.204	-92.1973
10151.001792	79.210	-92.5684
10151.368003	79.215	-92.9434
10151.734214	79.224	-93.3779
10152.100425	79.217	-93.8623
10152.466636	79.202	-94.2275
10152.832847	79.206	-94.5479
10153.199058	79.213	-94.9922
10153.565269	79.201	-95.4385
10153.931480	79.192	-95.7734
10154.297691	79.196	-96.1211
10154.663902	79.201	-96.5342
10155.030113	79.203	-96.9805
10155.396324	79.194	-97.4609
10155.762535	79.173	-97.8516
10156.128746	79.167	-98.1133
10156.494957	79.186	-98.5059
10156.861168	79.180	-99.0625
10157.227379	79.148	-99.4434
10157.593590	79.142	-99.6455
10157.959801	79.163	-99.9785
10158.326012	79.175	-100.4580
10158.692223	79.172	-100.9541
10159.058434	79.156	-101.4209
10159.424645	79.136	-101.7520
10159.790856	79.141	-102.0166
10160.157067	79.159	-102.4561
10160.523278	79.149	-102.9717
10160.889489	79.130	-103.3252
10161.255700	79.131	-103.6221
10161.621911	79.139	-104.0156
10161.988122	79.139	-104.4375
10162.354332	79.139	-104.8525
10162.720543	79.135	-105.2842
10163.086754	79.125	-105.6855
10163.452965	79.119	-106.0498
10163.819176	79.115	-106.4268
10164.185387	79.108	-106.7822
10164.551598	79.110	-107.0947
10164.917809	79.123	-107.4824
10165.284020	79.127	-107.9678
10165.650231	79.118	-108.4189
10166.016442	79.110	-108.8252
10166.382653	79.100	-109.2363
10166.748864	79.089	-109.5742
10167.115075	79.095	-109.9072
10167.481286	79.100	-110.3779
10167.847497	79.082	-110.8213
10168.213708	79.071	-111.1094
10168.579919	79.082	-111.4531
10168.946130	79.085	-111.9180
10169.312341	79.076	-112.3428
10169.678552	79.070	-112.7227
10170.044763	79.067	-113.1221
10170.410974	79.061	-113.5166
10170.777185	79.055	-113.8916
10171.143396	79.053	-114.2578
10171.509607	79.055	-114.6514
10171.875818	79.052	-115.0850
10172.242029	79.041	-115.4795
10172.608240	79.037	-115.8223
10172.974451	79.040	-116.2070
10173.340661	79.037	-116.6318
10173.706872	79.031	-117.0312
10174.073083	79.026	-117.4238
10174.439294	79.017	-117.8027
10174.805505	79.013	-118.1270
10175.171716	79.024	-118.4834
10175.537927	79.031	-118.9668
10175.904138	79.016	-119.4404
10176.270349	79.002	-119.7627
10176.636560	79.011	-120.1094
10177.002771	79.012	-120.5957
10177.368982	78.992	-121.0078
10177.735193	78.984	-121.2900
10178.101404	78.993	-121.6396
10178.467615	78.995	-122.0537
10178.833826	78.995	-122.4541
10179.200037	78.993	-122.8760
10179.566248	78.985	-123.2578
10179.932459	78.987	-123.6016
10180.298670	78.992	-124.0361
10180.664881	78.980	-124.4502
10181.031092	78.977	-124.7451
10181.397303	78.992	-125.1367
10181.763514	78.988	-125.6367
10182.129725	78.970	-125.9873
10182.495936	78.977	-126.2656
10182.862147	78.995	-126.7002
10183.228358	78.993	-127.2051
10183.594569	78.981	-127.6387
10183.960780	78.971	-128.0254
10184.326991	78.965	-128.3877
10184.693201	78.966	-128.7559
10185.059412	78.966	-129.1846
10185.425623	78.954	-129.6094
10185.791834	78.942	-129.9453
10186.158045	78.943	-130.2773
10186.524256	78.943	-130.6836
10186.890467	78.935	-131.0537
10187.256678	78.939	-131.3721
10187.622889	78.951	-131.8232
10187.989100	78.937	-132.3408
10188.355311	78.911	-132.6436
10188.721522	78.922	-132.8740
10189.087733	78.943	-133.3564
10189.453944	78.928	-133.8975
10189.820155	78.907	-134.2334
10190.186366	78.909	-134.5596
10190.552577	78.907	-134.9795
10190.918788	78.900	-135.3447
10191.284999	78.903	-135.7236
10191.651210	78.897	-136.1533
10192.017421	78.889	-136.4795
10192.383632	78.904	-136.8320
10192.749843	78.910	-137.3701
10193.116054	78.887	-137.8320
10193.482265	78.877	-138.1240
10193.848476	78.885	-138.5205
10194.214687	78.873	-138.9775
10194.580898	78.858	-139.2793
10194.947109	78.867	-139.5684
10195.313320	78.876	-139.9756
10195.679531	78.878	-140.3809
10196.045741	78.885	-140.7988
10196.411952	78.882	-141.2744
10196.778163	78.868	-141.6543
10197.144374	78.874	-141.9834
10197.510585	78.883	-142.4688
10197.876796	78.863	-142.9619
10198.243007	78.843	-143.2490
10198.609218	78.852	-143.5439
10198.975429	78.857	-144.0059
10199.341640	78.840	-144.4062
10199.707851	78.838	-144.6895
10200.074062	78.850	-145.0889
10200.440273	78.842	-145.5547
10200.806484	78.830	-145.8828
10201.172695	78.840	-146.2217
10201.538906	78.843	-146.6973
10201.905117	78.829	-147.1006
10202.271328	78.832	-147.4424
10202.637539	78.834	-147.9404
10203.003750	78.804	-148.3740
10203.369961	78.790	-148.5391
10203.736172	78.822	-148.8291
10204.102383	78.834	-149.4053
10204.468594	78.811	-149.8613
10204.834805	78.806	-150.1611
10205.201016	78.811	-150.5684
10205.567227	78.803	-150.9639
10205.933438	78.807	-151.2920
10206.299649	78.818	-151.7500
10206.665860	78.805	-152.2188
10207.032070	78.796	-152.5459
10207.398281	78.805	-152.9326
10207.764492	78.799	-153.4160
10208.130703	78.779	-153.7900
10208.496914	78.774	-154.0703
10208.863125	78.782	-154.4033
10209.229336	78.790	-154.8135
10209.595547	78.790	-155.2549
10209.961758	78.782	-155.6748
10210.327969	78.773	-156.0469
10210.694180	78.769	-156.3887
10211.060391	78.774	-156.7490
10211.426602	78.780	-157.1914
10211.792813	78.770	-157.6641
10212.159024	78.752	-158.0332
10212.525235	78.749	-158.3408
10212.891446	78.755	-158.7393
10213.257657	78.746	-159.1973
10213.623868	78.727	-159.5527
10213.990079	78.724	-159.7988
10214.356290	78.743	-160.1553
10214.722501	78.747	-160.6865
10215.088712	78.724	-161.1191
10215.454923	78.716	-161.3857
10215.821134	78.730	-161.7646
10216.187345	78.725	-162.2451
10216.553556	78.711	-162.6084
10216.919767	78.712	-162.9463
10217.285978	78.712	-163.3291
10217.652189	78.716	-163.6602
10218.018400	78.737	-164.0977
10218.384610	78.735	-164.7148
10218.750821	78.698	-165.1738
10219.117032	78.679	-165.3838
10219.483243	78.693	-165.6533
10219.849454	78.707	-166.0859
10220.215665	78.706	-166.5508
10220.581876	78.697	-166.9746
10220.948087	78.689	-167.3320
10221.314298	78.692	-167.6855
10221.680509	78.696	-168.1104
10222.046720	78.691	-168.5361
10222.412931	78.687	-168.9395
10222.779142	78.679	-169.3623
10223.145353	78.665	-169.7188
10223.511564	78.665	-170.0195
10223.877775	78.671	-170.4121
10224.243986	78.666	-170.8359
10224.610197	78.659	-171.1992
10224.976408	78.656	-171.5908
10225.342619	78.643	-171.9551
10225.708830	78.641	-172.2227
10226.075041	78.656	-172.5791
10226.441252	78.656	-173.0430
10226.807463	78.646	-173.4150
10227.173674	78.651	-173.7637
10227.539885	78.653	-174.2031
10227.906096	78.646	-174.6084
10228.272307	78.648	-175.0107
10228.638518	78.640	-175.5098
10229.004729	78.609	-175.8877
10229.370939	78.600	-176.0684
10229.737150	78.626	-176.3828
10230.103361	78.637	-176.9229
10230.469572	78.620	-177.4092
10230.835783	78.607	-177.7793
10231.201994	78.599	-178.1475
10231.568205	78.593	-178.4912
10231.934416	78.599	-178.8516
10232.300627	78.601	-179.3164
10232.666838	78.586	-179.7510
10233.033049	78.575	179.9346
10233.399260	78.581	179.5889
10233.765471	78.582	179.1611
10234.131682	78.575	178.7676
10234.497893	78.573	178.3984
10234.864104	78.570	178.0088
10235.230315	78.566	177.6660
10235.596526	78.575	177.3438
10235.962737	78.593	176.8887
10236.328948	78.588	176.3350
10236.695159	78.562	175.9141
10237.061370	78.551	175.6553
10237.427581	78.563	175.3418
10237.793792	78.573	174.8789
10238.160003	78.561	174.4092
10238.526214	78.545	174.0635
10238.892425	78.544	173.7764
10239.258636	78.554	173.4043
10239.624847	78.555	172.9697
10239.991058	78.550	172.5693
10240.357269	78.548	172.1602
10240.723479	78.536	171.7422
10241.089690	78.523	171.4287
10241.455901	78.529	171.1328
10241.822112	78.540	170.7031
10242.188323	78.531	170.2422
10242.554534	78.518	169.8838
10242.920745	78.516	169.5723
10243.286956	78.526	169.2051
10243.653167	78.531	168.7393
10244.019378	78.517	168.2803
10244.385589	78.503	167.9629
10244.751800	78.512	167.6582
10245.118011	78.524	167.1875
10245.484222	78.511	166.6992
10245.850433	78.496	166.3516
10246.216644	78.498	166.0205
10246.582855	78.501	165.6133
10246.949066	78.498	165.1973
10247.315277	78.493	164.7979
10247.681488	78.487	164.4053
10248.047699	78.481	164.0449
10248.413910	78.482	163.6865
10248.780121	78.483	163.2852
10249.146332	78.477	162.8916
10249.512543	78.475	162.5361
10249.878754	78.478	162.1553
10250.244965	78.477	161.7373
10250.611176	78.472	161.3262
10250.977387	78.465	160.9248
10251.343598	78.456	160.5557
10251.709808	78.452	160.2168
10252.076019	78.454	159.8340
10252.442230	78.447	159.4297
10252.808441	78.439	159.0850
10253.174652	78.440	158.7373
10253.540863	78.439	158.3525
10253.907074	78.436	158.0088
10254.273285	78.446	157.6455
10254.639496	78.453	157.1729
10255.005707	78.442	156.7031
10255.371918	78.428	156.3145
10255.738129	78.419	155.9648
10256.104340	78.417	155.6406
10256.470551	78.426	155.2627
10256.836762	78.425	154.7764
10257.202973	78.402	154.3730
10257.569184	78.393	154.1309
10257.935395	78.408	153.8135
10258.301606	78.415	153.3691
10258.667817	78.411	152.9688
10259.034028	78.415	152.5752
10259.400239	78.411	152.1182
10259.766450	78.395	151.7285
10260.132661	78.388	151.4385
10260.498872	78.397	151.1191
10260.865083	78.407	150.7139
10261.231294	78.409	150.2480
10261.597505	78.397	149.8076
10261.963716	78.384	149.4678
10262.329927	78.386	149.1406
10262.696138	78.389	148.7402
10263.062348	78.383	148.3301
10263.428559	78.375	147.9619
10263.794770	78.371	147.6260
10264.160981	78.374	147.2773
10264.527192	78.376	146.8691
10264.893403	78.369	146.4863
10265.259614	78.371	146.1533
10265.625825	78.380	145.7070
10265.992036	78.366	145.2324
10266.358247	78.350	144.9355
10266.724458	78.362	144.6113
10267.090669	78.363	144.1240
10267.456880	78.345	143.7451
10267.823091	78.348	143.4404
10268.189302	78.354	142.9775
10268.555513	78.336	142.5508
10268.921724	78.329	142.2725
10269.287935	78.341	141.8867
10269.654146	78.335	141.4189
10270.020357	78.322	141.0635
10270.386568	78.324	140.7207
10270.752779	78.323	140.3164
10271.118990	78.318	139.9502
10271.485201	78.322	139.5703
10271.851412	78.318	139.1387
10272.217623	78.307	138.7764
10272.583834	78.310	138.4609
10272.950045	78.319	138.0488
10273.316256	78.314	137.5967
10273.682467	78.305	137.2217
10274.048678	78.306	136.8613
10274.414888	78.305	136.4248
10274.781099	78.287	136.0215
10275.147310	78.276	135.7734
10275.513521	78.296	135.4922
10275.879732	78.312	134.9795
10276.245943	78.293	134.4736
10276.612154	78.275	134.1914
10276.978365	78.287	133.8906
10277.344576	78.294	133.4189
10277.710787	78.280	132.9824
10278.076998	78.271	132.6572
10278.443209	78.275	132.3193
10278.809420	78.281	131.9141
10279.175631	78.281	131.4678
10279.541842	78.273	131.0479
10279.908053	78.270	130.6572
10280.274264	78.266	130.2178
10280.640475	78.249	129.8145
10281.006686	78.240	129.5322
10281.372897	78.251	129.1855
10281.739108	78.252	128.7207
10282.105319	78.239	128.3281
10282.471530	78.236	127.9971
10282.837741	78.235	127.6270
10283.203952	78.234	127.2861
10283.570163	78.245	126.9189
10283.936374	78.248	126.4395
10284.302585	78.231	126.0273
10284.668796	78.226	125.7393
10285.035007	78.236	125.3662
10285.401217	78.232	124.9258
10285.767428	78.222	124.5957
10286.133639	78.230	124.2725
10286.499850	78.237	123.8252
10286.866061	78.226	123.3936
10287.232272	78.220	123.0508
10287.598483	78.223	122.6641
10287.964694	78.215	122.2383
10288.330905	78.204	121.9033
10288.697116	78.211	121.5771
10289.063327	78.220	121.1025
10289.429538	78.202	120.5947
10289.795749	78.174	120.2744
10290.161960	78.173	120.0645
10290.528171	78.192	119.7051
10290.894382	78.194	119.2090
10291.260593	78.178	118.8066
10291.626804	78.175	118.4951
10291.993015	78.182	118.1152
10292.359226	78.183	117.6943
10292.725437	78.182	117.2891
10293.091648	78.179	116.8633
10293.457859	78.169	116.4766
10293.824070	78.168	116.1436
10294.190281	78.174	115.7324
10294.556492	78.164	115.2959
10294.922703	78.152	114.9912
10295.288914	78.164	114.6816
10295.655125	78.173	114.2119
10296.021336	78.157	113.7598
10296.387547	78.143	113.4688
10296.753757	78.151	113.1709
10297.119968	78.157	112.7578
10297.486179	78.150	112.3721
10297.852390	78.151	112.0469
10298.218601	78.158	111.6289
10298.584812	78.146	111.1914
10298.951023	78.135	110.9102
10299.317234	78.150	110.6025
10299.683445	78.157	110.1055
10300.049656	78.137	109.6777
10300.415867	78.130	109.4189
10300.782078	78.144	109.0586
10301.148289	78.142	108.5840
10301.514500	78.127	108.2178
10301.880711	78.126	107.9268
10302.246922	78.139	107.5674
10302.613133	78.149	107.1064
10302.979344	78.143	106.5889
10303.345555	78.120	106.1641
10303.711766	78.108	105.8691
10304.077977	78.112	105.5205
10304.444188	78.107	105.1094
10304.810399	78.099	104.7715
10305.176610	78.104	104.4141
10305.542821	78.103	103.9863
10305.909032	78.095	103.6123
10306.275243	78.096	103.2480
10306.641454	78.093	102.8291
10307.007665	78.085	102.4609
10307.373876	78.087	102.0947
10307.740086	78.084	101.6445
10308.106297	78.065	101.2656
10308.472508	78.058	101.0088
10308.838719	78.070	100.6963
10309.204930	78.081	100.2842
10309.571141	78.084	99.8574
10309.937352	78.086	99.4111
10310.303563	78.078	98.9424
10310.669774	78.059	98.5391
10311.035985	78.047	98.2422
10311.402196	78.050	97.9463
10311.768407	78.058	97.5752
10312.134618	78.061	97.1670
10312.500829	78.059	96.7520
10312.867040	78.052	96.3564
10313.233251	78.046	96.0303
10313.599462	78.054	95.6953
10313.965673	78.061	95.2598
10314.331884	78.054	94.8232
10314.698095	78.048	94.4521
10315.064306	78.047	94.0576
10315.430517	78.038	93.6484
10315.796728	78.025	93.3125
10316.162939	78.024	93.0205
10316.529150	78.034	92.6836
10316.895361	78.043	92.2500
10317.261572	78.037	91.7725
10317.627783	78.018	91.3936
10317.993994	78.013	91.1152
10318.360205	78.023	90.7666
10318.726416	78.023	90.3281
10319.092626	78.014	89.9482
10319.458837	78.014	89.6162
10319.825048	78.020	89.2158
10320.191259	78.015	88.7910
10320.557470	78.007	88.4404
10320.923681	78.012	88.0986
10321.289892	78.019	87.6738
10321.656103	78.014	87.2188
10322.022314	78.003	86.8320
10322.388525	78.000	86.4883
10322.754736	78.002	86.1055
10323.120947	77.999	85.6973
10323.487158	77.993	85.3145
10323.853369	77.990	84.9307
10324.219580	77.982	84.5430
10324.585791	77.972	84.2227
10324.952002	77.976	83.9424
10325.318213	77.990	83.5693
10325.684424	77.993	83.1055
10326.050635	77.981	82.6885
10326.416846	77.972	82.3633
10326.783057	77.975	82.0410
10327.149268	77.981	81.6475
10327.515479	77.975	81.2266
10327.881690	77.963	80.8926
10328.247901	77.968	80.6152
10328.614112	77.985	80.2246
10328.980323	77.986	79.7266
10329.346534	77.972	79.2900
10329.712745	77.959	78.9297
10330.078956	77.948	78.6055
10330.445166	77.948	78.3301
10330.811377	77.963	77.9775
10331.177588	77.968	77.4990
10331.543799	77.955	77.0928
10331.910010	77.957	76.7568
10332.276221	77.962	76.3008
10332.642432	77.945	75.8438
10333.008643	77.930	75.5508
10333.374854	77.939	75.2354
10333.741065	77.942	74.7861
10334.107276	77.929	74.3906
10334.473487	77.925	74.0938
10334.839698	77.935	73.7344
10335.205909	77.936	73.3086
10335.572120	77.933	72.9297
10335.938331	77.937	72.5449
10336.304542	77.935	72.1006
10336.670753	77.920	71.7256
10337.036964	77.918	71.4375
10337.403175	77.928	71.0713
10337.769386	77.927	70.6543
10338.135597	77.925	70.3105
10338.501808	77.935	69.9258
10338.868019	77.933	69.4502
10339.234230	77.918	69.0664
10339.600441	77.916	68.7539
10339.966652	77.920	68.3584
10340.332863	77.913	67.9658
10340.699074	77.913	67.6377
10341.065285	77.922	67.2295
10341.431495	77.917	66.7490
10341.797706	77.899	66.3486
10342.163917	77.887	66.0391
10342.530128	77.888	65.7461
10342.896339	77.899	65.3750
10343.262550	77.898	64.9082
10343.628761	77.882	64.5293
10343.994972	77.881	64.2559
10344.361183	77.895	63.8574
10344.727394	77.888	63.3955
10345.093605	77.877	63.0703
10345.459816	77.885	62.7324
10345.826027	77.885	62.2949
10346.192238	77.874	61.9395
10346.558449	77.879	61.6328
10346.924660	77.889	61.2275
10347.290871	77.888	60.7793
10347.657082	77.878	60.3701
10348.023293	77.868	60.0186
10348.389504	77.868	59.6992
10348.755715	77.873	59.3105
10349.121926	77.866	58.8936
10349.488137	77.857	58.5713
10349.854348	77.865	58.2432
10350.220559	77.871	57.8047
10350.586770	77.863	57.3652
10350.952981	77.854	56.9824
10351.319192	77.847	56.6182
10351.685403	77.844	56.2617
10352.051614	77.842	55.8779
10352.417825	77.834	55.5059
10352.784035	77.833	55.1953
10353.150246	77.845	54.8145
10353.516457	77.845	54.3350
10353.882668	77.831	53.9424
10354.248879	77.829	53.6211
10354.615090	77.831	53.2305
10354.981301	77.825	52.8506
10355.347512	77.825	52.5283
10355.713723	77.833	52.1582
10356.079934	77.834	51.7676
10356.446145	77.837	51.4170
10356.812356	77.847	51.0215
10357.178567	77.850	50.5674
10357.544778	77.845	50.1436
10357.910989	77.841	49.7461
10358.277200	77.834	49.3408
10358.643411	77.824	48.9766
10359.009622	77.822	48.6484
10359.375833	77.826	48.2480
10359.742044	77.813	47.8008
10360.108255	77.790	47.4922
10360.474466	77.790	47.2979
10360.840677	77.813	46.9736
10361.206888	77.824	46.4668
10361.573099	77.807	45.9775
10361.939310	77.784	45.6631
10362.305521	77.786	45.4316
10362.671732	77.806	45.0459
10363.037943	77.803	44.5303
10363.404154	77.781	44.1621
10363.770364	77.780	43.9150
10364.136575	77.796	43.5547
10364.502786	77.802	43.1201
10364.868997	77.807	42.6875
10365.235208	77.803	42.2061
10365.601419	77.785	41.8057
10365.967630	77.781	41.5273
10366.333841	77.793	41.1514
10366.700052	77.790	40.6982
10367.066263	77.781	40.3574
10367.432474	77.788	40.0234
10367.798685	77.792	39.5850
10368.164896	77.781	39.1826
10368.531107	77.774	38.8809
10368.897318	77.783	38.5576
10369.263529	77.791	38.1455
10369.629740	77.788	37.7139
10369.995951	77.780	37.3320
10370.362162	77.776	36.9785
10370.728373	77.774	36.6211
10371.094584	77.773	36.2607
10371.460795	77.775	35.8613
10371.827006	77.765	35.4385
10372.193217	77.749	35.1123
10372.559428	77.748	34.8545
10372.925639	77.759	34.5068
10373.291850	77.759	34.1133
10373.658061	77.761	33.7764
10374.024272	77.773	33.3867
10374.390483	77.775	32.9092
10374.756694	77.763	32.5010
10375.122904	77.760	32.1533
10375.489115	77.760	31.7529
10375.855326	77.751	31.3721
10376.221537	77.748	31.0566
10376.587748	77.755	30.7051
10376.953959	77.759	30.3037
10377.320170	77.758	29.9062
10377.686381	77.755	29.5166
10378.052592	77.751	29.1514
10378.418803	77.752	28.8086
10378.785014	77.756	28.4121
10379.151225	77.749	27.9922
10379.517436	77.737	27.6699
10379.883647	77.743	27.3906
10380.249858	77.756	26.9893
10380.616069	77.751	26.5518
10380.982280	77.747	26.2217
10381.348491	77.759	25.8330
10381.714702	77.754	25.3213
10382.080913	77.729	24.9609
10382.447124	77.730	24.7334
10382.813335	77.750	24.3252
10383.179546	77.747	23.8066
10383.545757	77.729	23.3877
10383.911968	77.714	23.0195
10384.278179	77.697	22.7266
10384.644390	77.699	22.5195
10385.010601	77.724	22.1709
10385.376812	77.730	21.6709
10385.743023	77.717	21.2578
10386.109233	77.712	20.9219
10386.475444	77.713	20.5615
10386.841655	77.714	20.2070
10387.207866	77.719	19.8213
10387.574077	77.715	19.3936
10387.940288	77.705	19.0508
10388.306499	77.709	18.7480
10388.672710	77.718	18.3428
10389.038921	77.710	17.9326
10389.405132	77.706	17.6309
10389.771343	77.719	17.3018
10390.137554	77.729	16.8535
10390.503765	77.724	16.3965
10390.869976	77.715	16.0039
10391.236187	77.710	15.6406
10391.602398	77.707	15.2705
10391.968609	77.703	14.9014
10392.334820	77.701	14.5576
10392.701031	77.706	14.1963
10393.067242	77.707	13.7686
10393.433453	77.697	13.3682
10393.799664	77.692	13.0605
10394.165875	77.702	12.7090
10394.532086	77.705	12.2539
10394.898297	77.693	11.8506
10395.264508	77.690	11.5166
10395.630719	77.691	11.1279
10395.996930	77.682	10.7402
10396.363141	77.676	10.4463
10396.729352	77.687	10.1328
10397.095563	77.696	9.7021
10397.461773	77.690	9.2598
10397.827984	77.678	8.9141
10398.194195	77.679	8.6211
10398.560406	77.691	8.2715
10398.926617	77.698	7.8301
10399.292828	77.692	7.4111
10399.659039	77.690	7.0635
10400.025250	77.697	6.6572
10400.391461	77.691	6.1914
10400.757672	77.676	5.8320
10401.123883	77.676	5.5117
10401.490094	77.677	5.1016
10401.856305	77.666	4.7334
10402.222516	77.667	4.4248
10402.588727	77.672	4.0273
10402.954938	77.664	3.6465
10403.321149	77.665	3.3623
10403.687360	77.684	2.9746
10404.053571	77.687	2.4531
10404.419782	77.667	2.0156
10404.785993	77.653	1.7090
10405.152204	77.654	1.4131
10405.518415	77.660	1.0566
10405.884626	77.660	0.6836
10406.250837	77.662	0.3545
10406.617048	77.675	-0.0117
10406.983259	77.681	-0.4727
10407.349470	77.673	-0.9043
10407.715681	77.669	-1.2725
10408.081892	77.667	-1.6621
10408.448103	77.661	-2.0186
10408.814313	77.667	-2.3545
10409.180524	77.673	-2.8066
10409.546735	77.657	-3.2510
10409.912946	77.643	-3.5254
10410.279157	77.656	-3.8174
10410.645368	77.665	-4.2734
10411.011579	77.652	-4.7021
10411.377790	77.643	-5.0244
10411.744001	77.642	-5.3652
10412.110212	77.637	-5.6953
10412.476423	77.641	-5.9648
10412.842634	77.662	-6.3320
10413.208845	77.667	-6.8291
10413.575056	77.653	-7.2471
10413.941267	77.648	-7.5693
10414.307478	77.651	-7.9297
10414.673689	77.652	-8.3125
10415.039900	77.654	-8.7021
10415.406111	77.651	-9.1357
10415.772322	77.636	-9.5088
10416.138533	77.632	-9.7881
10416.504744	77.643	-10.1299
10416.870955	77.647	-10.5615
10417.237166	77.641	-10.9531
10417.603377	77.642	-11.2949
10417.969588	77.651	-11.6914
10418.335799	77.649	-12.1543
10418.702010	77.635	-12.5479
10419.068221	77.632	-12.8555
10419.434432	77.639	-13.2314
10419.800642	77.633	-13.6230
10420.166853	77.635	-13.9111
10420.533064	77.657	-14.3047
10420.899275	77.655	-14.8447
10421.265486	77.633	-15.2070
10421.631697	77.639	-15.4668
10421.997908	77.652	-15.9121
10422.364119	77.637	-16.3467
10422.730330	77.628	-16.6006
10423.096541	77.645	-16.9072
10423.462752	77.655	-17.3555
10423.828963	77.648	-17.7949
10424.195174	77.636	-18.1348
10424.561385	77.637	-18.4004
10424.927596	77.654	-18.7568
10425.293807	77.656	-19.2344
10425.660018	77.641	-19.6045
10426.026229	77.644	-19.8818
10426.392440	77.656	-20.2881
10426.758651	77.650	-20.7285
10427.124862	77.644	-21.0596
10427.491073	77.653	-21.4385
10427.857284	77.649	-21.9082
10428.223495	77.631	-22.2852
10428.589706	77.625	-22.5527
10428.955917	77.637	-22.8916
10429.322128	77.641	-23.3457
10429.688339	77.627	-23.7383
10430.054550	77.624	-24.0137
10430.420761	77.639	-24.3760
10430.786972	77.641	-24.8496
10431.153182	77.630	-25.2314
10431.519393	77.631	-25.5605
10431.885604	77.635	-25.9697
10432.251815	77.627	-26.3408
10432.618026	77.632	-26.6553
10432.984237	77.644	-27.0684
10433.350448	77.642	-27.5215
10433.716659	77.635	-27.9072
10434.082870	77.633	-28.2852
10434.449081	77.630	-28.6602
10434.815292	77.632	-29.0332
10435.181503	77.629	-29.4609
10435.547714	77.612	-29.8193
10435.913925	77.610	-30.0518
10436.280136	77.630	-30.3848
10436.646347	77.637	-30.8574
10437.012558	77.629	-31.2695
10437.378769	77.625	-31.6270
10437.744980	77.622	-31.9902
10438.111191	77.621	-32.3066
10438.477402	77.633	-32.6484
10438.843613	77.641	-33.0850
10439.209824	77.636	-33.5010
10439.576035	77.635	-33.8555
10439.942246	77.641	-34.2432
10440.308457	77.641	-34.6855
10440.674668	77.628	-35.0830
10441.040879	77.620	-35.3691
10441.407090	77.632	-35.6689
10441.773301	77.643	-36.0918
10442.139511	77.638	-36.4922
10442.505722	77.643	-36.8203
10442.871933	77.655	-37.2578
10443.238144	77.646	-37.7256
10443.604355	77.635	-38.0361
10443.970566	77.647	-38.3682
10444.336777	77.651	-38.8486
10444.702988	77.633	-39.2520
10445.069199	77.629	-39.5205
10445.435410	77.641	-39.8887
10445.801621	77.636	-40.3457
10446.167832	77.620	-40.6572
10446.534043	77.632	-40.9121
10446.900254	77.651	-41.3701
10447.266465	77.638	-41.8789
10447.632676	77.618	-42.1885
10447.998887	77.624	-42.4717
10448.365098	77.631	-42.8838
10448.731309	77.625	-43.2803
10449.097520	77.624	-43.6348
10449.463731	77.624	-44.0234
10449.829942	77.620	-44.4111
10450.196153	77.616	-44.7754
10450.562364	77.614	-45.1064
10450.928575	77.623	-45.4580
10451.294786	77.626	-45.9209
10451.660997	77.608	-46.3135
10452.027208	77.607	-46.5322
10452.393419	77.633	-46.9033
10452.759630	77.633	-47.4346
10453.125841	77.618	-47.7695
10453.492051	77.634	-48.0811
10453.858262	77.641	-48.6172
10454.224473	77.613	-49.0391
10454.590684	77.606	-49.2236
10454.956895	77.633	-49.5488
10455.323106	77.640	-50.0547
10455.689317	77.626	-50.4570
10456.055528	77.624	-50.7637
10456.421739	77.631	-51.1348
10456.787950	77.628	-51.5234
10457.154161	77.628	-51.8535
10457.520372	77.636	-52.2090
10457.886583	77.639	-52.6201
10458.252794	77.636	-52.9912
10458.619005	77.641	-53.3506
10458.985216	77.644	-53.7715
10459.351427	77.637	-54.1445
10459.717638	77.644	-54.4727
10460.083849	77.656	-54.9307
10460.450060	77.643	-55.4268
10460.816271	77.624	-55.7588
10461.182482	77.624	-56.0439
10461.548693	77.629	-56.4072
10461.914904	77.631	-56.7637
10462.281115	77.639	-57.1465
10462.647326	77.638	-57.5908
10463.013537	77.627	-57.9482
10463.379748	77.632	-58.2539
10463.745959	77.641	-58.6660
10464.112170	77.633	-59.0684
10464.478381	77.632	-59.3662
10464.844591	77.646	-59.7256
10465.210802	77.651	-60.1768
10465.577013	77.645	-60.5752
10465.943224	77.646	-60.9307
10466.309435	77.650	-61.3262
10466.675646	77.648	-61.7549
10467.041857	77.638	-62.1475
10467.408068	77.633	-62.4746
10467.774279	77.639	-62.8418
10468.140490	77.634	-63.2910
10468.506701	77.614	-63.6406
10468.872912	77.612	-63.8701
10469.239123	77.629	-64.2148
10469.605334	77.629	-64.6602
10469.971545	77.620	-64.9951
10470.337756	77.629	-65.3037
10470.703967	77.640	-65.7227
10471.070178	77.638	-66.1426
10471.436389	77.639	-66.5205
10471.802600	77.640	-66.9434
10472.168811	77.630	-67.3359
10472.535022	77.626	-67.6172
10472.901233	77.642	-67.9375
10473.267444	77.655	-68.4033
10473.633655	77.646	-68.8525
10473.999866	77.639	-69.1680
10474.366077	77.651	-69.4990
10474.732288	77.661	-69.9609
10475.098499	77.650	-70.4111
10475.464710	77.638	-70.7305
10475.830920	77.643	-71.0234
10476.197131	77.654	-71.4053
10476.563342	77.655	-71.8350
10476.929553	77.649	-72.2207
10477.295764	77.646	-72.5576
10477.661975	77.651	-72.9102
10478.028186	77.654	-73.3008
10478.394397	77.654	-73.6895
10478.760608	77.654	-74.0762
10479.126819	77.651	-74.4678
10479.493030	77.646	-74.8096
10479.859241	77.650	-75.1377
10480.225452	77.656	-75.5225
10480.591663	77.656	-75.8916
10480.957874	77.664	-76.2412
10481.324085	77.673	-76.6758
10481.690296	77.666	-77.0908
10482.056507	77.667	-77.3994
10482.422718	77.685	-77.8174
10482.788929	77.678	-78.3408
10483.155140	77.654	-78.6602
10483.521351	77.664	-78.8662
10483.887562	77.692	-79.2988
10484.253773	77.687	-79.8555
10484.619984	77.663	-80.2393
10484.986195	77.656	-80.5000
10485.352406	77.663	-80.8105
10485.718617	77.669	-81.1709
10486.084828	77.675	-81.5479
10486.451039	77.680	-81.9521
10486.817250	77.682	-82.3799
10487.183460	77.677	-82.8242
10487.549671	77.662	-83.2285
10487.915882	77.649	-83.5166
10488.282093	77.657	-83.7900
10488.648304	77.671	-84.2158
10489.014515	77.662	-84.6748
10489.380726	77.649	-84.9727
10489.746937	77.663	-85.2471
10490.113148	77.682	-85.6953
10490.479359	77.678	-86.1953
10490.845570	77.665	-86.5762
10491.211781	77.663	-86.8965
10491.577992	77.669	-87.2461
10491.944203	77.675	-87.6260
10492.310414	77.679	-88.0186
10492.676625	77.682	-88.4180
10493.042836	77.683	-88.8076
10493.409047	77.686	-89.1865
10493.775258	77.690	-89.5869
10494.141469	77.688	-90.0117
10494.507680	77.679	-90.3809
10494.873891	77.680	-90.6914
10495.240102	77.690	-91.0801
10495.606313	77.684	-91.5254
10495.972524	77.670	-91.8428
10496.338735	77.677	-92.1113
10496.704946	77.689	-92.5107
10497.071157	77.683	-92.9092
10497.437368	77.684	-93.1973
10497.803579	77.703	-93.5596
10498.169789	77.711	-94.0391
10498.536000	77.704	-94.4873
10498.902211	77.695	-94.8896
10499.268422	77.683	-95.2393
10499.634633	77.682	-95.4990
10500.000844	77.702	-95.8184
10500.367055	77.717	-96.3066
10500.733266	77.707	-96.7891
10501.099477	77.695	-97.1318
10501.465688	77.700	-97.4639
10501.831899	77.704	-97.8975
10502.198110	77.692	-98.3076
10502.564321	77.683	-98.5850
10502.930532	77.697	-98.8789
10503.296743	77.710	-99.3223
10503.662954	77.704	-99.7744
10504.029165	77.697	-100.1387
10504.395376	77.694	-100.5059
10504.761587	77.687	-100.8564
10505.127798	77.686	-101.1445
10505.494009	77.699	-101.4844
10505.860220	77.706	-101.8975
10506.226431	77.706	-102.2969
10506.592642	77.707	-102.7002
10506.958853	77.701	-103.0820
10507.325064	77.701	-103.3809
10507.691275	77.720	-103.7432
10508.057486	77.729	-104.2715
10508.423697	77.708	-104.7354
10508.789908	77.695	-104.9932
10509.156119	77.712	-105.2705
10509.522329	77.730	-105.7354
10509.888540	77.724	-106.2227
10510.254751	77.712	-106.5840
10510.620962	77.715	-106.9102
10510.987173	77.722	-107.2949
10511.353384	77.723	-107.7109
10511.719595	77.719	-108.1074
10512.085806	77.713	-108.4463
10512.452017	77.718	-108.7451
10512.818228	77.735	-109.1221
10513.184439	77.742	-109.6104
10513.550650	77.730	-110.0635
10513.916861	77.715	-110.3936
10514.283072	77.714	-110.6699
10514.649283	77.726	-110.9873
10515.015494	77.738	-111.3887
10515.381705	77.742	-111.8320
10515.747916	77.736	-112.2480
10516.114127	77.730	-112.6006
10516.480338	77.733	-112.9229
10516.846549	77.745	-113.3115
10517.212760	77.747	-113.7822
10517.578971	77.733	-114.1885
10517.945182	77.726	-114.4844
10518.311393	77.733	-114.7920
10518.677604	77.744	-115.1504
10519.043815	77.757	-115.5527
10519.410026	77.764	-116.0205
10519.776237	77.757	-116.4756
10520.142448	77.749	-116.8438
10520.508658	77.749	-117.1943
10520.874869	77.751	-117.5850
10521.241080	77.745	-117.9736
10521.607291	77.739	-118.2832
10521.973502	77.750	-118.5645
10522.339713	77.770	-118.9961
10522.705924	77.764	-119.5010
10523.072135	77.749	-119.8320
10523.438346	77.758	-120.1377
10523.804557	77.763	-120.6055
10524.170768	77.744	-120.9717
10524.536979	77.748	-121.2041
10524.903190	77.766	-121.6201
10525.269401	77.755	-122.0850
10525.635612	77.743	-122.3379
10526.001823	77.763	-122.6201
10526.368034	77.778	-123.0820
10526.734245	77.776	-123.5205
10527.100456	77.777	-123.9209
10527.466667	77.775	-124.3633
10527.832878	77.762	-124.7461
10528.199089	77.759	-125.0430
10528.565300	77.772	-125.3828
10528.931511	77.782	-125.8271
10529.297722	77.777	-126.2871
10529.663933	77.767	-126.6504
10530.030144	77.770	-126.9854
10530.396355	77.775	-127.4092
10530.762566	77.766	-127.8135
10531.128777	77.763	-128.1201
10531.494988	77.772	-128.4697
10531.861198	77.775	-128.8779
10532.227409	77.775	-129.2256
10532.593620	77.788	-129.5830
10532.959831	77.799	-130.0469
10533.326042	77.792	-130.5254
10533.692253	77.777	-130.8848
10534.058464	77.778	-131.1572
10534.424675	77.796	-131.5156
10534.790886	77.803	-131.9971
10535.157097	77.792	-132.4238
10535.523308	77.784	-132.7373
10535.889519	77.790	-133.0439
10536.255730	77.802	-133.3906
10536.621941	77.816	-133.7988
10536.988152	77.820	-134.2500
10537.354363	77.819	-134.6553
10537.720574	77.824	-135.0693
10538.086785	77.818	-135.5391
10538.452996	77.798	-135.8770
10538.819207	77.803	-136.1045
10539.185418	77.826	-136.4961
10539.551629	77.827	-137.0088
10539.917840	77.812	-137.4131
10540.284051	77.805	-137.7441
10540.650262	77.803	-138.0723
10541.016473	77.806	-138.3779
10541.382684	77.819	-138.7324
10541.748895	77.827	-139.1572
10542.115106	77.829	-139.5801
10542.481317	77.828	-140.0039
10542.847528	77.819	-140.4160
10543.213738	77.809	-140.7471
10543.579949	77.811	-141.0303
10543.946160	77.825	-141.3584
10544.312371	77.839	-141.7607
10544.678582	77.848	-142.2031
10545.044793	77.852	-142.6602
10545.411004	77.849	-143.1475
10545.777215	77.828	-143.5859
10546.143426	77.810	-143.8428
10546.509637	77.823	-144.0732
10546.875848	77.842	-144.5156
10547.242059	77.831	-144.9785
10547.608270	77.820	-145.2412
10547.974481	77.839	-145.5420
10548.340692	77.847	-146.0137
10548.706903	77.834	-146.3906
10549.073114	77.840	-146.6377
10549.439325	77.865	-147.0361
10549.805536	77.869	-147.5752
10550.171747	77.851	-147.9912
10550.537958	77.848	-148.2988
10550.904169	77.855	-148.6787
10551.270380	77.853	-149.0957
10551.636591	77.849	-149.4600
10552.002802	77.851	-149.8154
10552.369013	77.856	-150.2021
10552.735224	77.859	-150.6172
10553.101435	77.854	-151.0283
10553.467646	77.851	-151.3779
10553.833857	77.858	-151.7510
10554.200067	77.858	-152.1973
10554.566278	77.845	-152.5527
10554.932489	77.849	-152.8232
10555.298700	77.866	-153.1943
10555.664911	77.872	-153.6084
10556.031122	77.881	-153.9932
10556.397333	77.891	-154.4541
10556.763544	77.884	-154.9219
10557.129755	77.874	-155.2695
10557.495966	77.880	-155.5928
10557.862177	77.889	-155.9951
10558.228388	77.887	-156.4277
10558.594599	77.878	-156.7842
10558.960810	77.882	-157.0635
10559.327021	77.901	-157.4375
10559.693232	77.904	-157.9209
10560.059443	77.891	-158.3008
10560.425654	77.893	-158.5859
10560.791865	77.907	-158.9473
10561.158076	77.915	-159.3662
10561.524287	77.919	-159.8018
10561.890498	77.914	-160.2500
10562.256709	77.902	-160.6162
10562.622920	77.902	-160.9170
10562.989131	77.913	-161.2832
10563.355342	77.918	-161.7100
10563.721553	77.916	-162.1299
10564.087764	77.910	-162.5215
10564.453975	77.907	-162.8652
10564.820186	77.913	-163.2266
10565.186397	77.914	-163.6504
10565.552607	77.905	-164.0098
10565.918818	77.909	-164.2891
10566.285029	77.927	-164.6680
10566.651240	77.931	-165.1338
10567.017451	77.924	-165.5029
10567.383662	77.934	-165.8154
10567.749873	77.952	-166.2578
10568.116084	77.949	-166.7744
10568.482295	77.932	-167.1523
10568.848506	77.935	-167.4336
10569.214717	77.950	-167.8320
10569.580928	77.948	-168.3086
10569.947139	77.935	-168.6689
10570.313350	77.939	-168.9707
10570.679561	77.949	-169.3691
10571.045772	77.944	-169.7949
10571.411983	77.934	-170.1230
10571.778194	77.937	-170.3926
10572.144405	77.954	-170.7100
10572.510616	77.972	-171.1230
10572.876827	77.979	-171.5908
10573.243038	77.975	-172.0195
10573.609249	77.972	-172.3877
10573.975460	77.977	-172.7549
10574.341671	77.982	-173.1553
10574.707882	77.984	-173.5811
10575.074093	77.978	-173.9883
10575.440304	77.973	-174.3174
10575.806515	77.982	-174.6328
10576.172726	77.996	-175.0488
10576.538936	77.997	-175.4980
10576.905147	77.997	-175.9023
10577.271358	77.996	-176.3330
10577.637569	77.983	-176.7354
10578.003780	77.977	-177.0107
10578.369991	77.990	-177.3262
10578.736202	77.995	-177.7363
10579.102413	77.995	-178.0459
10579.468624	78.021	-178.3750
10579.834835	78.041	-178.9453
10580.201046	78.017	-179.4746
10580.567257	77.998	-179.7168
10580.933468	78.018	-179.9775
10581.299679	78.036	179.5410
10581.665890	78.027	179.0830
10582.032101	78.023	178.7520
10582.398312	78.032	178.3809
10582.764523	78.034	177.9541
10583.130734	78.031	177.5723
10583.496945	78.033	177.1982
10583.863156	78.033	176.8125
10584.229367	78.035	176.4492
10584.595578	78.040	176.0439
10584.961789	78.034	175.6289
10585.328000	78.029	175.3184
10585.694211	78.043	174.9785
10586.060422	78.049	174.5127
10586.426633	78.039	174.1172
10586.792844	78.043	173.8096
10587.159055	78.058	173.3936
10587.525266	78.058	172.9150
10587.891476	78.048	172.5049
10588.257687	78.041	172.1504
10588.623898	78.041	171.8340
10588.990109	78.054	171.4932
10589.356320	78.067	171.0439
10589.722531	78.065	170.5791
10590.088742	78.058	170.1826
10590.454953	78.056	169.8096
10590.821164	78.056	169.4580
10591.187375	78.063	169.0947
10591.553586	78.067	168.6738
10591.919797	78.064	168.2979
10592.286008	78.073	167.9521
10592.652219	78.083	167.4912
10593.018430	78.071	167.0410
10593.384641	78.061	166.7490
10593.750852	78.072	166.4443
10594.117063	78.081	166.0420
10594.483274	78.082	165.6650
10594.849485	78.089	165.3066
10595.215696	78.097	164.9062
10595.581907	78.101	164.4951
10595.948118	78.101	164.0693
10596.314329	78.092	163.6699
10596.680540	78.085	163.3760
10597.046751	78.098	163.0986
10597.412962	78.118	162.7012
10597.779173	78.125	162.2119
10598.145384	78.116	161.7773
10598.511595	78.111	161.4609
10598.877806	78.126	161.1201
10599.244016	78.138	160.6279
10599.610227	78.124	160.1455
10599.976438	78.111	159.8291
10600.342649	78.119	159.5195
10600.708860	78.128	159.0859
10601.075071	78.120	158.6670
10601.441282	78.116	158.3584
10601.807493	78.130	158.0273
10602.173704	78.144	157.5605
10602.539915	78.135	157.0840
10602.906126	78.123	156.7510
10603.272337	78.132	156.4385
10603.638548	78.141	155.9912
10604.004759	78.127	155.5840
10604.370970	78.126	155.3486
10604.737181	78.156	155.0137
10605.103392	78.173	154.4414
10605.469603	78.153	153.9287
10605.835814	78.137	153.6328
10606.202025	78.148	153.3438
10606.568236	78.163	152.9102
10606.934447	78.160	152.4375
10607.300658	78.151	152.0645
10607.666869	78.155	151.7295
10608.033080	78.163	151.3027
10608.399291	78.155	150.8809
10608.765502	78.152	150.5703
10609.131713	78.165	150.2012
10609.497924	78.165	149.7510
10609.864135	78.159	149.4238
10610.230345	78.176	149.0967
10610.596556	78.188	148.5869
10610.962767	78.173	148.1475
10611.328978	78.171	147.8623
10611.695189	78.184	147.4736
10612.061400	78.180	147.0576
10612.427611	78.185	146.7422
10612.793822	78.202	146.2842
10613.160033	78.186	145.7656
10613.526244	78.161	145.5166
10613.892455	78.177	145.3096
10614.258666	78.195	144.8848
10614.624877	78.191	144.4912
10614.991088	78.199	144.1768
10615.357299	78.212	143.7461
10615.723510	78.206	143.3330
10616.089721	78.210	143.0234
10616.455932	78.227	142.6172
10616.822143	78.227	142.1387
10617.188354	78.222	141.7578
10617.554565	78.229	141.3916
10617.920776	78.235	140.9492
10618.286987	78.234	140.5088
10618.653198	78.231	140.0898
10619.019409	78.225	139.6748
10619.385620	78.216	139.3271
10619.751831	78.222	139.0479
10620.118042	78.247	138.6699
10620.484253	78.261	138.1250
10620.850464	78.246	137.5967
10621.216675	78.226	137.2480
10621.582885	78.227	136.9912
10621.949096	78.246	136.6377
10622.315307	78.255	136.1533
10622.681518	78.243	135.7070
10623.047729	78.234	135.4121
10623.413940	78.247	135.1250
10623.780151	78.263	134.7031
10624.146362	78.263	134.2520
10624.512573	78.260	133.8809
10624.878784	78.266	133.5146
10625.244995	78.270	133.0977
10625.611206	78.266	132.6953
10625.977417	78.266	132.3584
10626.343628	78.279	131.9844
10626.709839	78.285	131.4824
10627.076050	78.265	131.0176
10627.442261	78.247	130.7559
10627.808472	78.261	130.4971
10628.174683	78.276	130.0576
10628.540894	78.269	129.6338
10628.907105	78.270	129.3271
10629.273316	78.286	128.9512
10629.639527	78.293	128.4990
10630.005738	78.296	128.0811
10630.371949	78.299	127.6348
10630.738160	78.290	127.1973
10631.104371	78.283	126.8809
10631.470582	78.296	126.5381
10631.836793	78.303	126.0674
10632.203004	78.290	125.6680
10632.569214	78.289	125.3916
10632.935425	78.307	125.0469
10633.301636	78.318	124.5977
10633.667847	78.318	124.1553
10634.034058	78.315	123.7480
10634.400269	78.311	123.3623
10634.766480	78.307	123.0156
10635.132691	78.310	122.6953
10635.498902	78.322	122.3369
10635.865113	78.330	121.9023
10636.231324	78.326	121.4814
10636.597535	78.324	121.1562
10636.963746	78.341	120.7969
10637.329957	78.352	120.2852
10637.696168	78.336	119.7930
10638.062379	78.319	119.4707
10638.428590	78.321	119.1904
10638.794801	78.333	118.8398
10639.161012	78.345	118.4316
10639.527223	78.350	117.9600
10639.893434	78.338	117.5225
10640.259645	78.331	117.2246
10640.625856	78.348	116.8750
10640.992067	78.352	116.3711
10641.358278	78.333	115.9922
10641.724489	78.339	115.7539
10642.090700	78.364	115.3320
10642.456911	78.362	114.8066
10642.823122	78.350	114.4453
10643.189333	78.360	114.1094
10643.555544	78.370	113.6553
10643.921754	78.367	113.2061
10644.287965	78.364	112.8018
10644.654176	78.361	112.4023
10645.020387	78.360	112.0225
10645.386598	78.360	111.6445
10645.752809	78.362	111.2715
10646.119020	78.368	110.8994
10646.485231	78.374	110.4834
10646.851442	78.374	110.0898
10647.217653	78.383	109.7227
10647.583864	78.393	109.2520
10647.950075	78.380	108.7979
10648.316286	78.374	108.5059
10648.682497	78.390	108.1465
10649.048708	78.390	107.6768
10649.414919	78.379	107.3525
10649.781130	78.394	107.0508
10650.147341	78.404	106.5879
10650.513552	78.393	106.1982
10650.879763	78.398	105.9189
10651.245974	78.415	105.5254
10651.612185	78.417	105.0928
10651.978396	78.420	104.7197
10652.344607	78.426	104.2998
10652.710818	78.423	103.8760
10653.077029	78.422	103.5078
10653.443240	78.425	103.1016
10653.809451	78.418	102.7041
10654.175662	78.416	102.3857
10654.541873	78.428	102.0352
10654.908083	78.437	101.6104
10655.274294	78.440	101.1670
10655.640505	78.434	100.7324
10656.006716	78.422	100.4062
10656.372927	78.434	100.1719
10656.739138	78.470	99.7588
10657.105349	78.480	99.1436
10657.471560	78.457	98.6582
10657.837771	78.446	98.3584
10658.203982	78.455	98.0176
10658.570193	78.459	97.6240
10658.936404	78.464	97.2529
10659.302615	78.473	96.8311
10659.668826	78.471	96.3857
10660.035037	78.465	96.0078
10660.401248	78.464	95.6348
10660.767459	78.458	95.2744
10661.133670	78.461	94.9961
10661.499881	78.484	94.6416
10661.866092	78.497	94.1016
10662.232303	78.479	93.6064
10662.598514	78.465	93.2949
10662.964725	78.474	92.9727
10663.330936	78.481	92.5303
10663.697147	78.474	92.0996
10664.063358	78.468	91.7471
10664.429569	78.472	91.3994
10664.795780	78.481	91.0225
10665.161991	78.493	90.5928
10665.528202	78.494	90.0908
10665.894413	78.479	89.6621
10666.260623	78.474	89.3770
10666.626834	78.492	89.0156
10666.993045	78.497	88.5381
10667.359256	78.490	88.1729
10667.725467	78.504	87.8438
10668.091678	78.519	87.3457
10668.457889	78.506	86.8633
10668.824100	78.495	86.5566
10669.190311	78.505	86.2422
10669.556522	78.512	85.8428
10669.922733	78.512	85.4932
10670.288944	78.526	85.1621
10670.655155	78.544	84.7090
10671.021366	78.540	84.1982
10671.387577	78.525	83.8193
10671.753788	78.526	83.5186
10672.119999	78.537	83.1152
10672.486210	78.532	82.6738
10672.852421	78.524	82.3320
10673.218632	78.531	82.0029
10673.584843	78.540	81.6055
10673.951054	78.545	81.1895
10674.317265	78.550	80.7461
10674.683476	78.547	80.2783
10675.049687	78.536	79.8594
10675.415898	78.529	79.4922
10675.782109	78.526	79.1494
10676.148320	78.532	78.7998
10676.514531	78.540	78.3916
10676.880742	78.538	77.9736
10677.246953	78.538	77.6279
10677.613163	78.551	77.2607
10677.979374	78.562	76.7959
10678.345585	78.558	76.3408
10678.711796	78.553	75.9629
10679.078007	78.556	75.6055
10679.444218	78.563	75.2285
10679.810429	78.572	74.8037
10680.176640	78.571	74.3516
10680.542851	78.562	73.9629
10680.909062	78.561	73.6289
10681.275273	78.565	73.2773
10681.641484	78.569	72.9443
10682.007695	78.584	72.6055
10682.373906	78.601	72.1465
10682.740117	78.599	71.6670
10683.106328	78.594	71.2988
10683.472539	78.602	70.9111
10683.838750	78.603	70.4648
10684.204961	78.598	70.0947
10684.571172	78.607	69.7148
10684.937383	78.609	69.2393
10685.303594	78.596	68.8486
10685.669805	78.599	68.5322
10686.036016	78.608	68.0977
10686.402227	78.597	67.6689
10686.768438	78.594	67.3721
10687.134649	78.608	67.0000
10687.500860	78.607	66.5391
10687.867071	78.599	66.2109
10688.233282	78.617	65.9033
10688.599492	78.637	65.3828
10688.965703	78.622	64.8340
10689.331914	78.599	64.5176
10689.698125	78.607	64.2715
10690.064336	78.625	63.8584
10690.430547	78.625	63.4033
10690.796758	78.625	63.0410
10691.162969	78.636	62.6299
10691.529180	78.634	62.1650
10691.895391	78.627	61.7979
10692.261602	78.633	61.4268
10692.627813	78.630	60.9941
10692.994024	78.622	60.6904
10693.360235	78.642	60.4033
10693.726446	78.662	59.9072
10694.092657	78.651	59.4336
10694.458868	78.649	59.1318
10694.825079	78.667	58.7422
10695.191290	78.669	58.2500
10695.557501	78.661	57.8545
10695.923712	78.664	57.4883
10696.289923	78.666	57.0791
10696.656134	78.664	56.6836
10697.022345	78.662	56.2939
10697.388556	78.658	55.9492
10697.754767	78.669	55.6455
10698.120978	78.689	55.1895
10698.487189	78.681	54.6582
10698.853400	78.661	54.3418
10699.219611	78.674	54.1084
10699.585822	78.703	53.6699
10699.952032	78.708	53.1201
10700.318243	78.697	52.6406
10700.684454	78.686	52.2324
10701.050665	78.678	51.8662
10701.416876	78.673	51.5244
10701.783087	78.673	51.2188
10702.149298	78.690	50.8936
10702.515509	78.706	50.4053
10702.881720	78.691	49.9072
10703.247931	78.674	49.6514
10703.614142	78.696	49.4082
10703.980353	78.719	48.9287
10704.346564	78.713	48.4521
10704.712775	78.710	48.1240
10705.078986	78.724	47.7559
10705.445197	78.732	47.2910
10705.811408	78.727	46.8457
10706.177619	78.720	46.4863
10706.543830	78.725	46.1680
10706.910041	78.739	45.7822
10707.276252	78.746	45.3340
10707.642463	78.749	44.8906
10708.008674	78.748	44.4219
10708.374885	78.733	43.9951
10708.741096	78.725	43.6963
10709.107307	78.738	43.3555
10709.473518	78.743	42.8906
10709.839729	78.734	42.4902
10710.205940	78.736	42.1562
10710.572151	78.744	41.7422
10710.938361	78.740	41.3223
10711.304572	78.738	40.9785
10711.670783	78.747	40.6123
10712.036994	78.754	40.1973
10712.403205	78.759	39.7812
10712.769416	78.764	39.3428
10713.135627	78.762	38.8896
10713.501838	78.754	38.4922
10713.868049	78.752	38.1455
10714.234260	78.759	37.7852
10714.600471	78.766	37.3848
10714.966682	78.771	36.9678
10715.332893	78.775	36.5518
10715.699104	78.776	36.1123
10716.065315	78.770	35.6963
10716.431526	78.769	35.3555
10716.797737	78.780	34.9609
10717.163948	78.779	34.4707
10717.530159	78.761	34.1064
10717.896370	78.765	33.8584
10718.262581	78.787	33.4756
10718.628792	78.794	32.9912
10718.995003	78.791	32.5566
10719.361214	78.789	32.1221
10719.727425	78.778	31.7207
10720.093636	78.773	31.4248
10720.459847	78.787	31.0996
10720.826058	78.799	30.6494
10721.192269	78.796	30.1934
10721.558480	78.790	29.8203
10721.924691	78.794	29.4707
10722.290901	78.802	29.0654
10722.657112	78.802	28.6484
10723.023323	78.804	28.2842
10723.389534	78.815	27.8896
10723.755745	78.820	27.4287
10724.121956	78.818	27.0010
10724.488167	78.818	26.6025
10724.854378	78.820	26.1895
10725.220589	78.821	25.7930
10725.586800	78.827	25.3613
10725.953011	78.821	24.8965
10726.319222	78.810	24.5410
10726.685433	78.817	24.2188
10727.051644	78.826	23.7744
10727.417855	78.818	23.3447
10727.784066	78.816	23.0107
10728.150277	78.823	22.6230
10728.516488	78.820	22.2178
10728.882699	78.819	21.9023
10729.248910	78.833	21.5469
10729.615121	78.839	21.1133
10729.981332	78.839	20.7510
10730.347543	78.855	20.3975
10730.713754	78.873	19.9023
10731.079965	78.867	19.3750
10731.446176	78.854	18.9629
10731.812387	78.849	18.6045
10732.178598	78.849	18.2266
10732.544809	78.848	17.8584
10732.911020	78.853	17.4980
10733.277231	78.861	17.0869
10733.643441	78.862	16.6230
10734.009652	78.852	16.1963
10734.375863	78.843	15.8584
10734.742074	78.845	15.5391
10735.108285	78.852	15.1797
10735.474496	78.859	14.8174
10735.840707	78.874	14.4209
10736.206918	78.884	13.9141
10736.573129	78.870	13.4170
10736.939340	78.852	13.0918
10737.305551	78.856	12.8252
10737.671762	78.872	12.4482
10738.037973	78.878	12.0059
10738.404184	78.878	11.5967
10738.770395	78.879	11.2148
10739.136606	78.884	10.8154
10739.502817	78.885	10.3984
10739.869028	78.884	10.0156
10740.235239	78.892	9.6377
10740.601450	78.898	9.1719
10740.967661	78.887	8.7139
10741.333872	78.876	8.3955
10741.700083	78.885	8.0820
10742.066294	78.896	7.6670
10742.432505	78.899	7.2588
10742.798716	78.907	6.8486
10743.164927	78.909	6.3789
10743.531138	78.901	5.9609
10743.897349	78.901	5.5967
10744.263560	78.903	5.1973
10744.629770	78.902	4.8291
10744.995981	78.911	4.4873
10745.362192	78.926	4.0537
10745.728403	78.928	3.5986
10746.094614	78.931	3.1826
10746.460825	78.934	2.7383
10746.827036	78.929	2.3164
10747.193247	78.930	1.9502
10747.559458	78.936	1.5312
10747.925669	78.932	1.1006
10748.291880	78.928	0.7656
10748.658091	78.940	0.4229
10749.024302	78.954	-0.0332
10749.390513	78.951	-0.5322
10749.756724	78.935	-0.9463
10750.122935	78.926	-1.2334
10750.489146	78.940	-1.5205
10750.855357	78.958	-1.9570
10751.221568	78.957	-2.4404
10751.587779	78.950	-2.8125
10751.953990	78.958	-3.1670
10752.320201	78.965	-3.6201
10752.686412	78.958	-4.0615
10753.052623	78.954	-4.4092
10753.418834	78.962	-4.7871
10753.785045	78.962	-5.2285
10754.151256	78.955	-5.5859
10754.517467	78.967	-5.9150
10754.883678	78.982	-6.4062
10755.249889	78.969	-6.9150
10755.616100	78.952	-7.2305
10755.982310	78.961	-7.5332
10756.348521	78.969	-7.9727
10756.714732	78.960	-8.3623
10757.080943	78.964	-8.6592
10757.447154	78.980	-9.0381
10757.813365	78.989	-9.4951
10758.179576	78.991	-9.9443
10758.545787	78.988	-10.4072
10758.911998	78.973	-10.8086
10759.278209	78.967	-11.0732
10759.644420	78.988	-11.3818
10760.010631	79.007	-11.8867
10760.376842	78.997	-12.3975
10760.743053	78.986	-12.7344
10761.109264	79.001	-13.0771
10761.475475	79.014	-13.6035
10761.841686	78.996	-14.1338
10762.207897	78.972	-14.4570
10762.574108	78.976	-14.7061
10762.940319	78.993	-15.0889
10763.306530	78.996	-15.5439
10763.672741	78.992	-15.9258
10764.038952	79.000	-16.2861
10764.405163	79.009	-16.7168
10764.771374	79.010	-17.1514
10765.137585	79.012	-17.5566
10765.503796	79.016	-18.0010
10765.870007	79.008	-18.4258
10766.236218	79.007	-18.7578
10766.602429	79.022	-19.1533
10766.968639	79.024	-19.6621
10767.334850	79.010	-20.0742
10767.701061	79.010	-20.4062
10768.067272	79.017	-20.8389
10768.433483	79.007	-21.2637
10768.799694	79.003	-21.5713
10769.165905	79.017	-21.9404
10769.532116	79.021	-22.4072
10769.898327	79.013	-22.8047
10770.264538	79.016	-23.1465
10770.630749	79.024	-23.5381
10770.996960	79.029	-23.9492
10771.363171	79.034	-24.3643
10771.729382	79.036	-24.8057
10772.095593	79.032	-25.2109
10772.461804	79.033	-25.5684
10772.828015	79.041	-25.9629
10773.194226	79.042	-26.3838
10773.560437	79.041	-26.7529
10773.926648	79.050	-27.1123
10774.292859	79.060	-27.5469
10774.659070	79.057	-28.0000
10775.025281	79.051	-28.3672
10775.391492	79.056	-28.7100
10775.757703	79.064	-29.1357
10776.123914	79.057	-29.5537
10776.490125	79.052	-29.8682
10776.856336	79.066	-30.1992
10777.222547	79.079	-30.6396
10777.588758	79.080	-31.1104
10777.954969	79.074	-31.5684
10778.321179	79.060	-31.9697
10778.687390	79.054	-32.2646
10779.053601	79.069	-32.6045
10779.419812	79.080	-33.1045
10779.786023	79.067	-33.5742
10780.152234	79.059	-33.9170
10780.518445	79.067	-34.2910
10780.884656	79.070	-34.7402
10781.250867	79.066	-35.1689
10781.617078	79.061	-35.5684
10781.983289	79.058	-35.9346
10782.349500	79.064	-36.2715
10782.715711	79.080	-36.6934
10783.081922	79.082	-37.1924
10783.448133	79.071	-37.5811
10783.814344	79.079	-37.9062
10784.180555	79.093	-38.3682
10784.546766	79.084	-38.8389
10784.912977	79.077	-39.1592
10785.279188	79.088	-39.5146
10785.645399	79.089	-39.9521
10786.011610	79.085	-40.2891
10786.377821	79.099	-40.6270
10786.744032	79.107	-41.0869
10787.110243	79.102	-41.4873
10787.476454	79.109	-41.8486
10787.842665	79.113	-42.3184
10788.208876	79.098	-42.7236
10788.575087	79.098	-43.0098
10788.941298	79.112	-43.4043
10789.307508	79.110	-43.8574
10789.673719	79.108	-44.2275
10790.039930	79.114	-44.6260
10790.406141	79.114	-45.0479
10790.772352	79.119	-45.4365
10791.138563	79.127	-45.9160
10791.504774	79.114	-46.4053
10791.870985	79.103	-46.7412
10792.237196	79.113	-47.1084
10792.603407	79.111	-47.5762
10792.969618	79.100	-47.9150
10793.335829	79.116	-48.2109
10793.702040	79.139	-48.6982
10794.068251	79.135	-49.2324
10794.434462	79.124	-49.6455
10794.800673	79.122	-50.0107
10795.166884	79.125	-50.3809
10795.533095	79.134	-50.7773
10795.899306	79.140	-51.2373
10796.265517	79.133	-51.6885
10796.631728	79.126	-52.0684
10796.997939	79.124	-52.4268
10797.364150	79.124	-52.7920
10797.730361	79.126	-53.1455
10798.096572	79.134	-53.5068
10798.462783	79.144	-53.9277
10798.828994	79.143	-54.3789
10799.195205	79.136	-54.7549
10799.561416	79.141	-55.0889
10799.927627	79.151	-55.4990
10800.293838	79.151	-55.9160
10800.660048	79.157	-56.2852
10801.026259	79.170	-56.7598
10801.392470	79.158	-57.2764
10801.758681	79.138	-57.6006
10802.124892	79.148	-57.8789
10802.491103	79.161	-58.3369
10802.857314	79.147	-58.7549
10803.223525	79.150	-58.9961
10803.589736	79.182	-59.3779
10803.955947	79.192	-59.9814
10804.322158	79.168	-60.4609
10804.688369	79.158	-60.7451
10805.054580	79.171	-61.0752
10805.420791	79.183	-61.5107
10805.787002	79.187	-61.9932
10806.153213	79.177	-62.4678
10806.519424	79.162	-62.8203
10806.885635	79.167	-63.1201
10807.251846	79.179	-63.5449
10807.618057	79.176	-63.9834
10807.984268	79.179	-64.3398
10808.350479	79.192	-64.8008
10808.716690	79.182	-65.3096
10809.082901	79.168	-65.6445
10809.449112	79.181	-65.9824
10809.815323	79.191	-66.4961
10810.181534	79.175	-66.9629
10810.547745	79.166	-67.2842
10810.913956	79.174	-67.6406
10811.280167	79.178	-68.0557
10811.646378	79.181	-68.4385
10812.012588	79.195	-68.8584
10812.378799	79.201	-69.3936
10812.745010	79.182	-69.8965
10813.111221	79.161	-70.2275
10813.477432	79.161	-70.4971
10813.843643	79.172	-70.8477
10814.209854	79.179	-71.2393
10814.576065	79.186	-71.6406
10814.942276	79.190	-72.0664
10815.308487	79.191	-72.4688
10815.674698	79.197	-72.8682
10816.040909	79.199	-73.3193
10816.407120	79.192	-73.7266
10816.773331	79.194	-74.0684
10817.139542	79.204	-74.4893
10817.505753	79.200	-74.9414
10817.871964	79.195	-75.2822
10818.238175	79.209	-75.6416
10818.604386	79.218	-76.1270
10818.970597	79.208	-76.5791
10819.336808	79.203	-76.9326
10819.703019	79.207	-77.2949
10820.069230	79.212	-77.6826
10820.435441	79.219	-78.0977
10820.801652	79.218	-78.5498
10821.167863	79.207	-78.9287
10821.534074	79.210	-79.2168
10821.900285	79.229	-79.5850
10822.266496	79.240	-80.0742
10822.632707	79.235	-80.5469
10822.998917	79.226	-80.9355
10823.365128	79.225	-81.2734
10823.731339	79.235	-81.6357
10824.097550	79.246	-82.0811
10824.463761	79.245	-82.5615
10824.829972	79.235	-82.9775
10825.196183	79.233	-83.3438
10825.562394	79.235	-83.7373
10825.928605	79.235	-84.1426
10826.294816	79.238	-84.5293
10826.661027	79.244	-84.9609
10827.027238	79.242	-85.4404
10827.393449	79.229	-85.8613
10827.759660	79.221	-86.2031
10828.125871	79.222	-86.5303
10828.492082	79.232	-86.8799
10828.858293	79.247	-87.3008
10829.224504	79.254	-87.7920
10829.590715	79.249	-88.2617
10829.956926	79.243	-88.6807
10830.323137	79.237	-89.0801
10830.689348	79.232	-89.4346
10831.055559	79.237	-89.7666
10831.421770	79.248	-90.1602
10831.787981	79.252	-90.5879
10832.154192	79.255	-90.9893
10832.520403	79.262	-91.4062
10832.886614	79.264	-91.8711
10833.252825	79.256	-92.3125
10833.619036	79.246	-92.6855
10833.985247	79.240	-93.0068
10834.351457	79.245	-93.2969
10834.717668	79.264	-93.6328
10835.083879	79.282	-94.0947
10835.450090	79.282	-94.5830
10835.816301	79.279	-95.0010
10836.182512	79.279	-95.4268
10836.548723	79.273	-95.8398
10836.914934	79.272	-96.1826
10837.281145	79.283	-96.6025
10837.647356	79.277	-97.0879
10838.013567	79.264	-97.4316
10838.379778	79.275	-97.7529
10838.745989	79.285	-98.2285
10839.112200	79.275	-98.6816
10839.478411	79.272	-99.0488
10839.844622	79.272	-99.4648
10840.210833	79.265	-99.8545
10840.577044	79.269	-100.2061
10840.943255	79.273	-100.6631
10841.309466	79.256	-101.0908
10841.675677	79.246	-101.3311
10842.041888	79.269	-101.6045
10842.408099	79.292	-102.0762
10842.774310	79.291	-102.5713
10843.140521	79.289	-102.9658
10843.506732	79.299	-103.3770
10843.872943	79.302	-103.8643
10844.239154	79.292	-104.2939
10844.605365	79.292	-104.6445
10844.971576	79.303	-105.0645
10845.337786	79.303	-105.5342
10845.703997	79.299	-105.9551
10846.070208	79.298	-106.3828
10846.436419	79.290	-106.7930
10846.802630	79.288	-107.1182
10847.168841	79.302	-107.4941
10847.535052	79.310	-107.9756
10847.901263	79.305	-108.4463
10848.267474	79.296	-108.8750
10848.633685	79.284	-109.2314
10848.999896	79.287	-109.5273
10849.366107	79.301	-109.9258
10849.732318	79.300	-110.3701
10850.098529	79.300	-110.7256
10850.464740	79.313	-111.1455
10850.830951	79.308	-111.6289
10851.197162	79.297	-111.9775
10851.563373	79.306	-112.3184
10851.929584	79.311	-112.7646
10852.295795	79.305	-113.1553
10852.662006	79.311	-113.5322
10853.028217	79.311	-113.9961
10853.394428	79.297	-114.3730
10853.760639	79.300	-114.6582
10854.126850	79.316	-115.0723
10854.493061	79.312	-115.5557
10854.859272	79.300	-115.9170
10855.225483	79.305	-116.2383
10855.591694	79.314	-116.6631
10855.957905	79.309	-117.0996
10856.324116	79.307	-117.4424
10856.690326	79.320	-117.8311
10857.056537	79.324	-118.3369
10857.422748	79.310	-118.7617
10857.788959	79.311	-119.0898
10858.155170	79.323	-119.5381
10858.521381	79.314	-120.0244
10858.887592	79.305	-120.3672
10859.253803	79.317	-120.7510
10859.620014	79.317	-121.2480
10859.986225	79.305	-121.6250
10860.352436	79.315	-121.9561
10860.718647	79.329	-122.4463
10861.084858	79.320	-122.9307
10861.451069	79.315	-123.2920
10861.817280	79.323	-123.7109
10862.183491	79.318	-124.1758
10862.549702	79.308	-124.5283
10862.915913	79.317	-124.8555
10863.282124	79.330	-125.3037
10863.648335	79.322	-125.7666
10864.014546	79.312	-126.0771
10864.380757	79.330	-126.3564
10864.746968	79.356	-126.8340
10865.113179	79.351	-127.3857
10865.479390	79.335	-127.7617
10865.845601	79.341	-128.0742
10866.211812	79.354	-128.5156
10866.578023	79.349	-129.0059
10866.944234	79.333	-129.4023
10867.310445	79.325	-129.6934
10867.676656	79.337	-129.9932
10868.042866	79.353	-130.4326
10868.409077	79.350	-130.9189
10868.775288	79.340	-131.3008
10869.141499	79.341	-131.6523
10869.507710	79.346	-132.0518
10869.873921	79.348	-132.4629
10870.240132	79.350	-132.8965
10870.606343	79.345	-133.3359
10870.972554	79.338	-133.7285
10871.338765	79.336	-134.1045
10871.704976	79.336	-134.4844
10872.071187	79.339	-134.8613
10872.437398	79.345	-135.2725
10872.803609	79.347	-135.6943
10873.169820	79.350	-136.0938
10873.536031	79.357	-136.5234
10873.902242	79.359	-136.9893
10874.268453	79.354	-137.4326
10874.634664	79.350	-137.8389
10875.000875	79.350	-138.2373
10875.367086	79.350	-138.6494
10875.733297	79.347	-139.0518
10876.099508	79.347	-139.4209
10876.465719	79.354	-139.8047
10876.831930	79.360	-140.2373
10877.198141	79.360	-140.6934
10877.564352	79.350	-141.1289
10877.930563	79.338	-141.4561
10878.296774	79.347	-141.7285
10878.662985	79.368	-142.1572
10879.029195	79.365	-142.6602
10879.395406	79.355	-143.0029
10879.761617	79.370	-143.3516
10880.127828	79.377	-143.8691
10880.494039	79.358	-144.2910
10880.860250	79.360	-144.5645
10881.226461	79.381	-144.9922
10881.592672	79.378	-145.5332
10881.958883	79.361	-145.9346
10882.325094	79.359	-146.2793
10882.691305	79.360	-146.6885
10883.057516	79.355	-147.0684
10883.423727	79.358	-147.4355
10883.789938	79.359	-147.8584
10884.156149	79.353	-148.2256
10884.522360	79.363	-148.5488
10884.888571	79.383	-149.0166
10885.254782	79.380	-149.5830
10885.620993	79.356	-150.0312
10885.987204	79.340	-150.3262
10886.353415	79.347	-150.5791
10886.719626	79.373	-150.9570
10887.085837	79.385	-151.5166
10887.452048	79.366	-152.0117
10887.818259	79.356	-152.3018
10888.184470	79.376	-152.6514
10888.550681	79.387	-153.1924
10888.916892	79.371	-153.6807
10889.283103	79.360	-154.0264
10889.649314	79.364	-154.3789
10890.015525	79.368	-154.7812
10890.381735	79.370	-155.1934
10890.747946	79.370	-155.6055
10891.114157	79.369	-156.0020
10891.480368	79.370	-156.3984
10891.846579	79.367	-156.7988
10892.212790	79.364	-157.1475
10892.579001	79.373	-157.4824
10892.945212	79.384	-157.9062
10893.311423	79.383	-158.3477
10893.677634	79.383	-158.7119
10894.043845	79.395	-159.1143
10894.410056	79.398	-159.6299
10894.776267	79.379	-160.0938
10895.142478	79.361	-160.4014
10895.508689	79.363	-160.6572
10895.874900	79.380	-160.9941
10896.241111	79.396	-161.4570
10896.607322	79.392	-161.9590
10896.973533	79.378	-162.3408
10897.339744	79.383	-162.6504
10897.705955	79.399	-163.0830
10898.072166	79.397	-163.5820
10898.438377	79.390	-163.9727
10898.804588	79.398	-164.3564
10899.170799	79.404	-164.8564
10899.537010	79.393	-165.3320
10899.903221	79.384	-165.7217
10900.269432	79.382	-166.1123
10900.635643	79.378	-166.4902
10901.001854	79.381	-166.8525
10901.368064	79.388	-167.2666
10901.734275	79.389	-167.6973
10902.100486	79.388	-168.1162
10902.466697	79.384	-168.5391
10902.832908	79.375	-168.8896
10903.199119	79.382	-169.1953
10903.565330	79.398	-169.6162
10903.931541	79.398	-170.1055
10904.297752	79.388	-170.5244
10904.663963	79.380	-170.8936
10905.030174	79.374	-171.2188
10905.396385	79.382	-171.5254
10905.762596	79.398	-171.9443
10906.128807	79.398	-172.4414
10906.495018	79.384	-172.8477
10906.861229	79.381	-173.1807
10907.227440	79.387	-173.5537
10907.593651	79.391	-173.9746
10907.959862	79.391	-174.4131
10908.326073	79.385	-174.8271
10908.692284	79.383	-175.1963
10909.058495	79.389	-175.5830
10909.424706	79.394	-176.0332
10909.790917	79.392	-176.4814
10910.157128	79.388	-176.8965
10910.523339	79.386	-177.3096
10910.889550	79.383	-177.7012
10911.255761	79.386	-178.0674
10911.621972	79.395	-178.4717
10911.988183	79.399	-178.9043
10912.354394	79.403	-179.3154
10912.720604	79.410	-179.7568
10913.086815	79.410	179.7676
10913.453026	79.402	179.3438
10913.819237	79.398	178.9531
10914.185448	79.393	178.5811
10914.551659	79.396	178.2588
10914.917870	79.413	177.8604
10915.284081	79.415	177.3428
10915.650292	79.398	176.9355
10916.016503	79.399	176.6377
10916.382714	79.413	176.2139
10916.748925	79.407	175.7295
10917.115136	79.396	175.3623
10917.481347	79.399	175.0186
10917.847558	79.405	174.6045
10918.213769	79.405	174.1709
10918.579980	79.401	173.7441
10918.946191	79.396	173.3486
10919.312402	79.397	172.9834
10919.678613	79.403	172.5654
10920.044824	79.402	172.1035
10920.411035	79.394	171.6963
10920.777246	79.392	171.3242
10921.143457	79.393	170.9199
10921.509668	79.391	170.5283
10921.875879	79.394	170.1582
10922.242090	79.400	169.7334
10922.608301	79.396	169.3076
10922.974512	79.394	168.9727
10923.340723	79.411	168.5879
10923.706933	79.417	168.0684
10924.073144	79.403	167.6064
10924.439355	79.395	167.2617
10924.805566	79.398	166.8867
10925.171777	79.397	166.4922
10925.537988	79.401	166.1143
10925.904199	79.406	165.6680
10926.270410	79.397	165.2158
10926.636621	79.388	164.8643
10927.002832	79.390	164.5117
10927.369043	79.391	164.1201
10927.735254	79.391	163.7744
10928.101465	79.406	163.4023
10928.467676	79.417	162.9062
10928.833887	79.407	162.4238
10929.200098	79.399	162.0625
10929.566309	79.406	161.6875
10929.932520	79.408	161.2324
10930.298731	79.401	160.8359
10930.664942	79.407	160.4893
10931.031153	79.418	160.0303
10931.397364	79.409	159.5488
10931.763575	79.398	159.2012
10932.129786	79.405	158.8594
10932.495997	79.411	158.4258
10932.862208	79.408	158.0195
10933.228419	79.413	157.6289
10933.594630	79.414	157.1660
10933.960841	79.401	156.7568
10934.327052	79.398	156.4678
10934.693263	79.417	156.1182
10935.059473	79.432	155.6133
10935.425684	79.426	155.0762
10935.791895	79.408	154.6338
10936.158106	79.395	154.2910
10936.524317	79.395	153.9648
10936.890528	79.402	153.5791
10937.256739	79.405	153.1543
10937.622950	79.404	152.7314
10937.989161	79.400	152.3311
10938.355372	79.400	151.9609
10938.721583	79.407	151.5713
10939.087794	79.412	151.1162
10939.454005	79.407	150.6611
10939.820216	79.398	150.2676
10940.186427	79.395	149.9141
10940.552638	79.401	149.5518
10940.918849	79.409	149.1221
10941.285060	79.404	148.6592
10941.651271	79.392	148.2939
10942.017482	79.397	147.9746
10942.383693	79.408	147.5576
10942.749904	79.407	147.1064
10943.116115	79.404	146.7109
10943.482326	79.408	146.3076
10943.848537	79.411	145.8604
10944.214748	79.407	145.4062
10944.580959	79.400	144.9785
10944.947170	79.396	144.5801
10945.313381	79.394	144.1641
10945.679592	79.386	143.7559
10946.045803	79.383	143.4229
10946.412013	79.397	143.0479
10946.778224	79.405	142.5371
10947.144435	79.392	142.0703
10947.510646	79.386	141.7256
10947.876857	79.394	141.3389
10948.243068	79.395	140.9014
10948.609279	79.394	140.5137
10948.975490	79.400	140.1045
10949.341701	79.398	139.6533
10949.707912	79.388	139.2920
10950.074123	79.392	138.9912
10950.440334	79.408	138.6025
10950.806545	79.414	138.1348
10951.172756	79.408	137.6904
10951.538967	79.398	137.3203
10951.905178	79.397	137.0098
10952.271389	79.409	136.6592
10952.637600	79.418	136.2002
10953.003811	79.410	135.7383
10953.370022	79.399	135.3623
10953.736233	79.397	135.0059
10954.102444	79.396	134.6123
10954.468655	79.391	134.2178
10954.834866	79.386	133.8594
10955.201077	79.389	133.5098
10955.567288	79.395	133.1035
10955.933499	79.393	132.6621
10956.299710	79.388	132.2939
10956.665921	79.399	131.9443
10957.032132	79.415	131.4639
10957.398342	79.412	130.9180
10957.764553	79.398	130.4736
10958.130764	79.395	130.0938
10958.496975	79.397	129.6680
10958.863186	79.395	129.2207
10959.229397	79.391	128.7910
10959.595608	79.385	128.3779
10959.961819	79.380	128.0039
10960.328030	79.384	127.6416
10960.694241	79.390	127.2227
10961.060452	79.390	126.8027
10961.426663	79.393	126.4131
10961.792874	79.398	125.9629
10962.159085	79.388	125.5117
10962.525296	79.380	125.1729
10962.891507	79.388	124.7998
10963.257718	79.385	124.3623
10963.623929	79.379	124.0410
10963.990140	79.397	123.6826
10964.356351	79.403	123.1211
10964.722562	79.374	122.6865
10965.088773	79.369	122.4854
10965.454984	79.397	122.1123
10965.821195	79.400	121.5508
10966.187406	79.380	121.1426
10966.553617	79.380	120.8242
10966.919828	79.386	120.4248
10967.286039	79.388	120.0205
10967.652250	79.394	119.5928
10968.018461	79.389	119.1064
10968.384672	79.373	118.7217
10968.750882	79.374	118.4111
10969.117093	79.385	117.9844
10969.483304	79.379	117.5137
10969.849515	79.369	117.1328
10970.215726	79.368	116.7725
10970.581937	79.367	116.3887
10970.948148	79.366	116.0205
10971.314359	79.370	115.6543
10971.680570	79.378	115.2568
10972.046781	79.385	114.8115
10972.412992	79.383	114.3271
10972.779203	79.367	113.8994
10973.145414	79.356	113.6104
10973.511625	79.371	113.3271
10973.877836	79.394	112.8613
10974.244047	79.393	112.3115
10974.610258	79.378	111.8750
10974.976469	79.371	111.5000
10975.342680	79.364	111.1367
10975.708891	79.368	110.8389
10976.075102	79.390	110.4453
10976.441313	79.395	109.9004
10976.807524	79.381	109.4590
10977.173735	79.381	109.0908
10977.539946	79.380	108.6143
10977.906157	79.361	108.2295
10978.272368	79.364	107.9580
10978.638579	79.379	107.5107
10979.004790	79.365	107.0254
10979.371001	79.353	106.7373
10979.737211	79.369	106.4072
10980.103422	79.375	105.9111
10980.469633	79.363	105.4814
10980.835844	79.359	105.1406
10981.202055	79.364	104.7461
10981.568266	79.362	104.3252
10981.934477	79.359	103.9482
10982.300688	79.363	103.5684
10982.666899	79.368	103.1309
10983.033110	79.361	102.6943
10983.399321	79.356	102.3389
10983.765532	79.364	101.9844
10984.131743	79.373	101.5273
10984.497954	79.368	101.0645
10984.864165	79.361	100.6865
10985.230376	79.365	100.3066
10985.596587	79.367	99.8848
10985.962798	79.366	99.4736
10986.329009	79.367	99.0547
10986.695220	79.361	98.6318
10987.061431	79.355	98.2822
10987.427642	79.364	97.9346
10987.793853	79.372	97.4736
10988.160064	79.364	97.0186
10988.526275	79.357	96.6582
10988.892486	79.360	96.2783
10989.258697	79.359	95.8750
10989.624908	79.362	95.5000
10989.991119	79.371	95.0352
10990.357330	79.359	94.5117
10990.723541	79.334	94.1533
10991.089751	79.332	93.8975
10991.455962	79.346	93.5166
10991.822173	79.347	93.0654
10992.188384	79.343	92.6670
10992.554595	79.345	92.2607
10992.920806	79.342	91.8379
10993.287017	79.340	91.4492
10993.653228	79.342	91.0352
10994.019439	79.336	90.6064
10994.385650	79.329	90.2705
10994.751861	79.343	89.9365
10995.118072	79.359	89.4600
10995.484283	79.356	88.9443
10995.850494	79.345	88.5039
10996.216705	79.337	88.1064
10996.582916	79.331	87.7539
10996.949127	79.337	87.4053
10997.315338	79.345	86.9717
10997.681549	79.341	86.5391
10998.047760	79.341	86.1758
10998.413971	79.350	85.7539
10998.780182	79.348	85.2803
10999.146393	79.342	84.8721
10999.512604	79.343	84.4590
10999.878815	79.337	83.9990
11000.245026	79.323	83.6113
11000.611237	79.318	83.2773
11000.977448	79.319	82.9209
11001.343659	79.323	82.5732
11001.709870	79.337	82.1631
11002.076081	79.337	81.6455
11002.442291	79.317	81.2295
11002.808502	79.313	80.9561
11003.174713	79.329	80.5859
11003.540924	79.334	80.1162
11003.907135	79.330	79.7041
11004.273346	79.333	79.2852
11004.639557	79.327	78.8350
11005.005768	79.317	78.4707
11005.371979	79.319	78.1338
11005.738190	79.325	77.7412
11006.104401	79.327	77.3457
11006.470612	79.332	76.9404
11006.836823	79.332	76.5127
11007.203034	79.330	76.1221
11007.569245	79.334	75.7227
11007.935456	79.333	75.2930
11008.301667	79.330	74.9102
11008.667878	79.337	74.5137
11009.034089	79.338	74.0283
11009.400300	79.322	73.5840
11009.766511	79.310	73.2393
11010.132722	79.308	72.9014
11010.498933	79.310	72.5439
11010.865144	79.313	72.1543
11011.231355	79.311	71.7324
11011.597566	79.305	71.3691
11011.963777	79.312	71.0225
11012.329988	79.320	70.5596
11012.696199	79.308	70.0977
11013.062410	79.297	69.7637
11013.428620	79.304	69.4141
11013.794831	79.308	68.9688
11014.161042	79.301	68.5361
11014.527253	79.294	68.1504
11014.893464	79.291	67.7803
11015.259675	79.292	67.3955
11015.625886	79.291	66.9814
11015.992097	79.285	66.6143
11016.358308	79.293	66.2666
11016.724519	79.304	65.7832
11017.090730	79.288	65.2891
11017.456941	79.271	64.9912
11017.823152	79.286	64.7041
11018.189363	79.305	64.2227
11018.555574	79.300	63.6895
11018.921785	79.284	63.2617
11019.287996	79.275	62.9082
11019.654207	79.277	62.5381
11020.020418	79.277	62.1133
11020.386629	79.268	61.7217
11020.752840	79.268	61.3896
11021.119051	79.277	61.0000
11021.485262	79.278	60.5518
11021.851473	79.273	60.1543
11022.217684	79.274	59.7803
11022.583895	79.278	59.3652
11022.950106	79.275	58.9492
11023.316317	79.274	58.5791
11023.682528	79.282	58.2012
11024.048739	79.290	57.7354
11024.414950	79.282	57.2568
11024.781160	79.272	56.8838
11025.147371	79.277	56.5107
11025.513582	79.277	56.0391
11025.879793	79.261	55.6338
11026.246004	79.258	55.3379
11026.612215	79.271	54.9434
11026.978426	79.266	54.4668
11027.344637	79.252	54.1221
11027.710848	79.260	53.8496
11028.077059	79.281	53.4248
11028.443270	79.282	52.9014
11028.809481	79.269	52.4883
11029.175692	79.270	52.1445
11029.541903	79.279	51.7051
11029.908114	79.271	51.2412
11030.274325	79.263	50.8838
11030.640536	79.271	50.5244
11031.006747	79.276	50.0557
11031.372958	79.267	49.6084
11031.739169	79.261	49.2500
11032.105380	79.264	48.8594
11032.471591	79.262	48.4355
11032.837802	79.260	48.0605
11033.204013	79.265	47.6445
11033.570224	79.258	47.1689
11033.936435	79.239	46.8223
11034.302646	79.242	46.5742
11034.668857	79.264	46.1924
11035.035068	79.270	45.6885
11035.401279	79.260	45.2354
11035.767489	79.252	44.8721
11036.133700	79.255	44.5273
11036.499911	79.263	44.1074
11036.866122	79.259	43.6338
11037.232333	79.245	43.2607
11037.598544	79.247	42.9541
11037.964755	79.259	42.5518
11038.330966	79.258	42.0947
11038.697177	79.253	41.7002
11039.063388	79.256	41.3145
11039.429599	79.260	40.8623
11039.795810	79.251	40.3994
11040.162021	79.236	40.0234
11040.528232	79.235	39.7061
11040.894443	79.244	39.3076
11041.260654	79.240	38.8486
11041.626865	79.230	38.4941
11041.993076	79.240	38.1680
11042.359287	79.255	37.6738
11042.725498	79.240	37.1465
11043.091709	79.219	36.8154
11043.457920	79.226	36.5430
11043.824131	79.244	36.0947
11044.190342	79.238	35.5859
11044.556553	79.225	35.1992
11044.922764	79.225	34.8408
11045.288975	79.225	34.4365
11045.655186	79.223	34.0654
11046.021397	79.230	33.6621
11046.387608	79.225	33.1973
11046.753819	79.209	32.8535
11047.120029	79.217	32.6006
11047.486240	79.241	32.1836
11047.852451	79.245	31.6562
11048.218662	79.237	31.2051
11048.584873	79.232	30.7725
11048.951084	79.219	30.3408
11049.317295	79.206	30.0156
11049.683506	79.214	29.6885
11050.049717	79.219	29.2188
11050.415928	79.200	28.7881
11050.782139	79.191	28.5410
11051.148350	79.214	28.2314
11051.514561	79.232	27.6943
11051.880772	79.218	27.1699
11052.246983	79.206	26.7881
11052.613194	79.206	26.3789
11052.979405	79.196	25.9385
11053.345616	79.185	25.6016
11053.711827	79.193	25.2783
11054.078038	79.205	24.8389
11054.444249	79.205	24.3506
11054.810460	79.197	23.8984
11055.176671	79.187	23.5000
11055.542882	79.182	23.1406
11055.909093	79.181	22.7715
11056.275304	79.179	22.4355
11056.641515	79.194	22.1328
11057.007726	79.223	21.6582
11057.373937	79.220	21.0215
11057.740148	79.185	20.5791
11058.106358	79.172	20.3691
11058.472569	79.188	20.0654
11058.838780	79.196	19.6289
11059.204991	79.193	19.2432
11059.571202	79.199	18.8740
11059.937413	79.205	18.4287
11060.303624	79.198	17.9668
11060.669835	79.182	17.5918
11061.036046	79.177	17.3135
11061.402257	79.194	16.9795
11061.768468	79.207	16.4756
11062.134679	79.195	15.9531
11062.500890	79.178	15.5430
11062.867101	79.167	15.1553
11063.233312	79.153	14.7832
11063.599523	79.145	14.4854
11063.965734	79.152	14.1650
11064.331945	79.163	13.7578
11064.698156	79.169	13.2969
11065.064367	79.165	12.8184
11065.430578	79.155	12.3994
11065.796789	79.153	12.0283
11066.163000	79.157	11.5889
11066.529211	79.149	11.1387
11066.895422	79.142	10.7686
11067.261633	79.143	10.3740
11067.627844	79.135	9.9717
11067.994055	79.131	9.6816
11068.360266	79.149	9.3574
11068.726477	79.164	8.8838
11069.092688	79.160	8.4404
11069.458898	79.165	8.0645
11069.825109	79.173	7.5908
11070.191320	79.159	7.1074
11070.557531	79.143	6.7998
11070.923742	79.154	6.5137
11071.289953	79.169	6.0527
11071.656164	79.159	5.5732
11072.022375	79.148	5.2373
11072.388586	79.158	4.8838
11072.754797	79.161	4.4062
11073.121008	79.147	3.9775
11073.487219	79.144	3.6484
11073.853430	79.153	3.2305
11074.219641	79.146	2.7266
11074.585852	79.125	2.3398
11074.952063	79.120	2.0537
11075.318274	79.131	1.6924
11075.684485	79.136	1.2588
11076.050696	79.136	0.8271
11076.416907	79.135	0.3809
11076.783118	79.125	-0.0352
11077.149329	79.122	-0.3730
11077.515540	79.134	-0.7637
11077.881751	79.136	-1.2646
11078.247962	79.119	-1.6934
11078.614173	79.114	-1.9814
11078.980384	79.133	-2.3418
11079.346595	79.142	-2.8828
11079.712806	79.120	-3.3867
11080.079017	79.098	-3.6748
11080.445228	79.107	-3.9307
11080.811438	79.123	-4.3574
11081.177649	79.119	-4.8232
11081.543860	79.113	-5.1953
11081.910071	79.117	-5.6064
11082.276282	79.109	-6.0605
11082.642493	79.095	-6.4033
11083.008704	79.100	-6.7158
11083.374915	79.110	-7.1357
11083.741126	79.108	-7.5674
11084.107337	79.111	-7.9736
11084.473548	79.113	-8.4463
11084.839759	79.100	-8.8955
11085.205970	79.093	-9.2461
11085.572181	79.099	-9.6465
11085.938392	79.094	-10.1152
11086.304603	79.080	-10.4746
11086.670814	79.087	-10.7783
11087.037025	79.103	-11.2266
11087.403236	79.097	-11.7412
11087.769447	79.079	-12.1260
11088.135658	79.076	-12.4219
11088.501869	79.087	-12.7744
11088.868080	79.093	-13.1963
11089.234291	79.092	-13.6055
11089.600502	79.095	-13.9795
11089.966713	79.104	-14.4102
11090.332924	79.100	-14.9082
11090.699135	79.079	-15.2998
11091.065346	79.076	-15.5615
11091.431557	79.095	-15.9482
11091.797767	79.093	-16.4834
11092.163978	79.068	-16.8721
11092.530189	79.067	-17.1191
11092.896400	79.085	-17.5186
11093.262611	79.082	-18.0430
11093.628822	79.062	-18.4404
11093.995033	79.057	-18.7373
11094.361244	79.066	-19.0957
11094.727455	79.074	-19.5303
11095.093666	79.075	-20.0098
11095.459877	79.063	-20.4824
11095.826088	79.045	-20.8379
11096.192299	79.047	-21.1299
11096.558510	79.061	-21.5420
11096.924721	79.057	-22.0264
11097.290932	79.045	-22.4004
11097.657143	79.048	-22.7373
11098.023354	79.053	-23.1533
11098.389565	79.049	-23.5391
11098.755776	79.057	-23.8857
11099.121987	79.069	-24.3643
11099.488198	79.056	-24.8838
11099.854409	79.034	-25.2256
11100.220620	79.036	-25.5117
11100.586831	79.042	-25.9189
11100.953042	79.035	-26.3203
11101.319253	79.033	-26.6484
11101.685464	79.041	-27.0400
11102.051675	79.038	-27.4766
11102.417886	79.031	-27.8389
11102.784097	79.037	-28.1963
11103.150307	79.043	-28.6475
11103.516518	79.036	-29.1074
11103.882729	79.029	-29.4980
11104.248940	79.029	-29.8975
11104.615151	79.025	-30.3457
11104.981362	79.013	-30.7393
11105.347573	79.012	-31.0713
11105.713784	79.021	-31.4834
11106.079995	79.016	-31.9619
11106.446206	79.001	-32.3320
11106.812417	79.002	-32.6221
11107.178628	79.018	-33.0029
11107.544839	79.026	-33.4658
11107.911050	79.025	-33.9238
11108.277261	79.019	-34.3730
11108.643472	79.007	-34.7500
11109.009683	79.009	-35.0479
11109.375894	79.026	-35.4668
11109.742105	79.021	-35.9902
11110.108316	78.999	-36.3408
11110.474527	79.006	-36.5996
11110.840738	79.022	-37.0410
11111.206949	79.012	-37.5205
11111.573160	79.001	-37.8535
11111.939371	79.007	-38.1992
11112.305582	79.009	-38.6104
11112.671793	79.010	-38.9990
11113.038004	79.012	-39.4297
11113.404215	79.003	-39.8564
11113.770426	78.999	-40.1670
11114.136636	79.018	-40.5557
11114.502847	79.023	-41.1299
11114.869058	78.998	-41.6162
11115.235269	78.984	-41.9199
11115.601480	78.991	-42.2725
11115.967691	78.992	-42.7266
11116.333902	78.983	-43.1484
11116.700113	78.975	-43.5166
11117.066324	78.972	-43.8467
11117.432535	78.982	-44.1748
11117.798746	78.999	-44.6104
11118.164957	79.000	-45.1299
11118.531168	78.985	-45.5586
11118.897379	78.981	-45.8906
11119.263590	78.989	-46.2686
11119.629801	78.993	-46.7139
11119.996012	78.989	-47.1445
11120.362223	78.986	-47.5498
11120.728434	78.983	-47.9688
11121.094645	78.973	-48.3906
11121.460856	78.959	-48.7324
11121.827067	78.960	-49.0264
11122.193278	78.969	-49.4248
11122.559489	78.961	-49.8564
11122.925700	78.954	-50.1611
11123.291911	78.971	-50.5107
11123.658122	78.976	-51.0322
11124.024333	78.956	-51.4756
11124.390544	78.948	-51.7822
11124.756755	78.953	-52.1631
11125.122966	78.949	-52.5635
11125.489176	78.952	-52.9150
11125.855387	78.960	-53.3691
11126.221598	78.947	-53.8330
11126.587809	78.937	-54.1465
11126.954020	78.950	-54.4951
11127.320231	78.956	-54.9648
11127.686442	78.950	-55.3887
11128.052653	78.953	-55.7891
11128.418864	78.952	-56.2441
11128.785075	78.944	-56.6582
11129.151286	78.941	-57.0332
11129.517497	78.940	-57.4248
11129.883708	78.940	-57.7969
11130.249919	78.947	-58.2031
11130.616130	78.945	-58.6699
11130.982341	78.933	-59.0479
11131.348552	78.939	-59.3828
11131.714763	78.946	-59.8604
11132.080974	78.928	-60.3301
11132.447185	78.911	-60.6074
11132.813396	78.924	-60.9053
11133.179607	78.931	-61.3740
11133.545818	78.915	-61.8008
11133.912029	78.907	-62.0840
11134.278240	78.919	-62.4092
11134.644451	78.929	-62.8496
11135.010662	78.925	-63.2969
11135.376873	78.919	-63.6943
11135.743084	78.916	-64.0596
11136.109295	78.922	-64.4297
11136.475506	78.931	-64.8770
11136.841716	78.927	-65.3945
11137.207927	78.908	-65.8398
11137.574138	78.895	-66.1787
11137.940349	78.894	-66.5303
11138.306560	78.891	-66.9102
11138.672771	78.889	-67.2490
11139.038982	78.899	-67.6182
11139.405193	78.905	-68.0771
11139.771404	78.897	-68.5146
11140.137615	78.892	-68.8643
11140.503826	78.900	-69.2266
11140.870037	78.908	-69.6748
11141.236248	78.902	-70.1406
11141.602459	78.890	-70.4990
11141.968670	78.898	-70.8086
11142.334881	78.914	-71.2744
11142.701092	78.901	-71.7969
11143.067303	78.881	-72.1064
11143.433514	78.895	-72.3955
11143.799725	78.906	-72.9131
11144.165936	78.883	-73.3701
11144.532147	78.872	-73.6094
11144.898358	78.891	-73.9463
11145.264569	78.896	-74.4355
11145.630780	78.886	-74.8506
11145.996991	78.885	-75.2090
11146.363202	78.889	-75.6240
11146.729413	78.887	-76.0781
11147.095624	78.877	-76.5215
11147.461835	78.862	-76.8955
11147.828045	78.857	-77.2129
11148.194256	78.861	-77.5645
11148.560467	78.866	-77.9580
11148.926678	78.870	-78.3838
11149.292889	78.865	-78.8398
11149.659100	78.851	-79.2168
11150.025311	78.851	-79.5029
11150.391522	78.869	-79.8994
11150.757733	78.869	-80.4082
11151.123944	78.853	-80.7910
11151.490155	78.858	-81.0713
11151.856366	78.878	-81.4893
11152.222577	78.881	-82.0117
11152.588788	78.870	-82.4512
11152.954999	78.865	-82.8301
11153.321210	78.866	-83.2188
11153.687421	78.871	-83.6455
11154.053632	78.866	-84.1553
11154.419843	78.838	-84.5830
11154.786054	78.822	-84.7861
11155.152265	78.845	-85.0684
11155.518476	78.854	-85.6006
11155.884687	78.831	-86.0107
11156.250898	78.832	-86.2363
11156.617109	78.858	-86.6641
11156.983320	78.851	-87.2227
11157.349531	78.830	-87.5781
11157.715742	78.837	-87.8867
11158.081953	78.845	-88.3633
11158.448164	78.829	-88.8154
11158.814375	78.818	-89.1211
11159.180585	78.827	-89.4365
11159.546796	78.839	-89.8545
11159.913007	78.843	-90.3330
11160.279218	78.835	-90.7988
11160.645429	78.824	-91.1914
11161.011640	78.821	-91.5557
11161.377851	78.820	-91.9717
11161.744062	78.808	-92.3809
11162.110273	78.796	-92.6885
11162.476484	78.802	-92.9668
11162.842695	78.818	-93.3477
11163.208906	78.825	-93.8086
11163.575117	78.822	-94.2520
11163.941328	78.817	-94.6797
11164.307539	78.807	-95.0850
11164.673750	78.802	-95.4355
11165.039961	78.808	-95.8457
11165.406172	78.797	-96.3428
11165.772383	78.769	-96.6885
11166.138594	78.767	-96.8965
11166.504805	78.787	-97.2725
11166.871016	78.782	-97.7510
11167.237227	78.771	-98.0762
11167.603438	78.784	-98.3936
11167.969649	78.796	-98.8643
11168.335860	78.791	-99.3213
11168.702071	78.791	-99.7139
11169.068282	78.796	-100.1680
11169.434493	78.789	-100.6426
11169.800704	78.778	-101.0469
11170.166914	78.773	-101.4238
11170.533125	78.771	-101.7920
11170.899336	78.775	-102.1572
11171.265547	78.782	-102.5977
11171.631758	78.774	-103.0479
11171.997969	78.767	-103.3896
11172.364180	78.778	-103.7549
11172.730391	78.781	-104.2314
11173.096602	78.771	-104.6455
11173.462813	78.772	-105.0117
11173.829024	78.770	-105.4717
11174.195235	78.752	-105.8633
11174.561446	78.747	-106.1250
11174.927657	78.761	-106.4912
11175.293868	78.761	-106.9336
11175.660079	78.758	-107.3008
11176.026290	78.763	-107.7197
11176.392501	78.752	-108.1758
11176.758712	78.738	-108.4746
11177.124923	78.752	-108.7725
11177.491134	78.763	-109.2686
11177.857345	78.746	-109.7246
11178.223556	78.739	-110.0098
11178.589767	78.754	-110.3975
11178.955978	78.747	-110.9043
11179.322189	78.725	-111.2314
11179.688400	78.732	-111.4570
11180.054611	78.754	-111.8584
11180.420822	78.757	-112.3252
11180.787033	78.759	-112.7402
11181.153244	78.761	-113.2129
11181.519454	78.746	-113.6416
11181.885665	78.742	-113.9521
11182.251876	78.753	-114.3750
11182.618087	78.742	-114.8643
11182.984298	78.725	-115.1865
11183.350509	78.732	-115.5029
11183.716720	78.735	-115.9482
11184.082931	78.725	-116.3496
11184.449142	78.721	-116.6953
11184.815353	78.721	-117.0596
11185.181564	78.727	-117.4219
11185.547775	78.738	-117.8770
11185.913986	78.728	-118.4043
11186.280197	78.704	-118.7773
11186.646408	78.703	-119.0527
11187.012619	78.715	-119.4570
11187.378830	78.712	-119.9404
11187.745041	78.699	-120.3438
11188.111252	78.695	-120.6934
11188.477463	78.698	-121.0762
11188.843674	78.698	-121.4922
11189.209885	78.696	-121.9160
11189.576096	78.690	-122.3389
11189.942307	78.679	-122.7021
11190.308518	78.680	-123.0020
11190.674729	78.696	-123.4004
11191.040940	78.695	-123.8975
11191.407151	78.681	-124.2822
11191.773362	78.684	-124.6084
11192.139573	78.691	-125.0254
11192.505783	78.689	-125.4385
11192.871994	78.691	-125.8389
11193.238205	78.688	-126.2832
11193.604416	78.678	-126.6387
11193.970627	78.688	-126.9756
11194.336838	78.697	-127.4785
11194.703049	78.679	-127.9375
11195.069260	78.673	-128.2441
11195.435471	78.683	-128.6631
11195.801682	78.671	-129.1445
11196.167893	78.654	-129.4668
11196.534104	78.660	-129.7881
11196.900315	78.660	-130.2041
11197.266526	78.655	-130.5576
11197.632737	78.663	-130.9102
11197.998948	78.667	-131.3613
11198.365159	78.658	-131.7627
11198.731370	78.660	-132.1104
11199.097581	78.665	-132.5576
11199.463792	78.651	-133.0049
11199.830003	78.636	-133.2939
11200.196214	78.647	-133.5508
11200.562425	78.670	-133.9785
11200.928636	78.670	-134.5146
11201.294847	78.652	-134.9424
11201.661058	78.644	-135.2578
11202.027269	78.650	-135.6211
11202.393480	78.650	-136.0254
11202.759691	78.654	-136.4102
11203.125902	78.660	-136.8721
11203.492113	78.648	-137.3750
11203.858323	78.628	-137.7432
11204.224534	78.625	-138.0615
11204.590745	78.625	-138.4648
11204.956956	78.616	-138.8408
11205.323167	78.617	-139.1650
11205.689378	78.624	-139.5693
11206.055589	78.620	-139.9980
11206.421800	78.616	-140.3662
11206.788011	78.619	-140.7480
11207.154222	78.620	-141.1553
11207.520433	78.620	-141.5449
11207.886644	78.620	-141.9424
11208.252855	78.618	-142.3125
11208.619066	78.627	-142.6465
11208.985277	78.648	-143.0830
11209.351488	78.654	-143.6445
11209.717699	78.637	-144.1543
11210.083910	78.621	-144.5283
11210.450121	78.618	-144.8857
11210.816332	78.614	-145.3086
11211.182543	78.598	-145.6924
11211.548754	78.589	-145.9639
11211.914965	78.600	-146.2607
11212.281176	78.611	-146.6738
11212.647387	78.609	-147.1191
11213.013598	78.599	-147.5107
11213.379809	78.593	-147.8193
11213.746020	78.604	-148.1357
11214.112231	78.616	-148.5908
11214.478442	78.607	-149.0596
11214.844653	78.600	-149.4160
11215.210863	78.604	-149.8232
11215.577074	78.592	-150.2754
11215.943285	78.580	-150.5986
11216.309496	78.588	-150.9570
11216.675707	78.582	-151.4385
11217.041918	78.560	-151.7764
11217.408129	78.564	-152.0205
11217.774340	78.580	-152.4404
11218.140551	78.572	-152.8828
11218.506762	78.570	-153.1846
11218.872973	78.592	-153.5928
11219.239184	78.594	-154.1807
11219.605395	78.566	-154.6377
11219.971606	78.554	-154.9111
11220.337817	78.564	-155.2627
11220.704028	78.564	-155.7139
11221.070239	78.557	-156.1025
11221.436450	78.557	-156.4658
11221.802661	78.559	-156.8604
11222.168872	78.562	-157.2539
11222.535083	78.568	-157.6992
11222.901294	78.563	-158.1963
11223.267505	78.545	-158.6260
11223.633716	78.530	-158.9746
11223.999927	78.520	-159.2598
11224.366138	78.532	-159.5195
11224.732349	78.558	-159.9727
11225.098560	78.549	-160.5781
11225.464771	78.510	-160.9307
11225.830982	78.509	-161.0762
11226.197192	78.537	-161.4346
11226.563403	78.538	-161.9268
11226.929614	78.532	-162.2656
11227.295825	78.548	-162.6211
11227.662036	78.557	-163.1436
11228.028247	78.541	-163.6143
11228.394458	78.529	-163.9326
11228.760669	78.537	-164.2568
11229.126880	78.551	-164.6963
11229.493091	78.550	-165.2236
11229.859302	78.528	-165.6875
11230.225513	78.510	-165.9902
11230.591724	78.515	-166.2930
11230.957935	78.521	-166.7314
11231.324146	78.508	-167.1494
11231.690357	78.500	-167.4512
11232.056568	78.509	-167.7910
11232.422779	78.514	-168.2148
11232.788990	78.512	-168.6201
11233.155201	78.514	-169.0127
11233.521412	78.515	-169.4316
11233.887623	78.513	-169.8408
11234.253834	78.513	-170.2334
11234.620045	78.515	-170.6475
11234.986256	78.514	-171.0811
11235.352467	78.510	-171.4941
11235.718678	78.509	-171.8896
11236.084889	78.509	-172.3252
11236.451100	78.497	-172.7490
11236.817311	78.487	-173.0430
11237.183522	78.503	-173.3516
11237.549732	78.516	-173.8516
11237.915943	78.498	-174.3125
11238.282154	78.490	-174.5889
11238.648365	78.505	-174.9453
11239.014576	78.505	-175.4043
11239.380787	78.496	-175.7500
11239.746998	78.506	-176.0859
11240.113209	78.513	-176.5430
11240.479420	78.504	-176.9668
11240.845631	78.501	-177.3174
11241.211842	78.504	-177.7100
11241.578053	78.500	-178.1309
11241.944264	78.493	-178.5146
11242.310475	78.491	-178.8887
11242.676686	78.489	-179.2900
11243.042897	78.482	-179.6846
11243.409108	78.477	179.9453
11243.775319	78.476	179.5547
11244.141530	78.471	179.1465
11244.507741	78.465	178.7549
11244.873952	78.459	178.3535
11245.240163	78.448	177.9893
11245.606374	78.447	177.6777
11245.972585	78.455	177.2930
11246.338796	78.452	176.8760
11246.705007	78.454	176.5195
11247.071218	78.463	176.0713
11247.437429	78.449	175.5918
11247.803640	78.434	175.3213
11248.169851	78.455	175.0361
11248.536061	78.471	174.5225
11248.902272	78.461	174.0449
11249.268483	78.457	173.6660
11249.634694	78.454	173.2168
11250.000905	78.436	172.8320
11250.367116	78.431	172.5693
11250.733327	78.444	172.2207
11251.099538	78.446	171.7930
11251.465749	78.444	171.4053
11251.831960	78.445	171.0029
11252.198171	78.438	170.5801
11252.564382	78.427	170.2080
11252.930593	78.420	169.8789
11253.296804	78.420	169.5654
11253.663015	78.430	169.2090
11254.029226	78.435	168.7568
11254.395437	78.424	168.3330
11254.761648	78.420	168.0117
11255.127859	78.432	167.6104
11255.494070	78.428	167.1113
11255.860281	78.411	166.7441
11256.226492	78.418	166.4463
11256.592703	78.434	165.9883
11256.958914	78.430	165.4697
11257.325125	78.419	165.0322
11257.691336	78.409	164.6074
11258.057547	78.394	164.2305
11258.423758	78.391	163.9287
11258.789969	78.400	163.5527
11259.156180	78.396	163.1270
11259.522391	78.391	162.8105
11259.888601	78.408	162.4707
11260.254812	78.421	161.9609
11260.621023	78.405	161.4736
11260.987234	78.391	161.1523
11261.353445	78.396	160.8330
11261.719656	78.400	160.4209
11262.085867	78.392	160.0410
11262.452078	78.391	159.7324
11262.818289	78.402	159.3838
11263.184500	78.411	158.9570
11263.550711	78.411	158.5166
11263.916922	78.408	158.0947
11264.283133	78.403	157.6875
11264.649344	78.398	157.2900
11265.015555	78.393	156.8945
11265.381766	78.386	156.5078
11265.747977	78.382	156.1396
11266.114188	78.381	155.7607
11266.480399	78.379	155.3555
11266.846610	78.373	154.9609
11267.212821	78.367	154.6006
11267.579032	78.368	154.2539
11267.945243	78.374	153.8691
11268.311454	78.377	153.4248
11268.677665	78.367	153.0068
11269.043876	78.363	152.6748
11269.410087	78.371	152.3076
11269.776298	78.373	151.8555
11270.142509	78.363	151.4785
11270.508720	78.369	151.1660
11270.874931	78.384	150.7305
11271.241141	78.380	150.2275
11271.607352	78.366	149.8408
11271.973563	78.366	149.4951
11272.339774	78.368	149.0703
11272.705985	78.358	148.6543
11273.072196	78.350	148.3213
11273.438407	78.354	147.9805
11273.804618	78.357	147.5645
11274.170829	78.350	147.1689
11274.537040	78.350	146.8340
11274.903251	78.361	146.4248
11275.269462	78.357	145.9287
11275.635673	78.338	145.5293
11276.001884	78.332	145.2217
11276.368095	78.335	144.8506
11276.734306	78.330	144.4766
11277.100517	78.335	144.1611
11277.466728	78.352	143.7363
11277.832939	78.349	143.2012
11278.199150	78.325	142.8076
11278.565361	78.322	142.5566
11278.931572	78.339	142.2090
11279.297783	78.349	141.7432
11279.663994	78.349	141.2842
11280.030205	78.345	140.8223
11280.396416	78.329	140.3916
11280.762627	78.314	140.0957
11281.128838	78.324	139.8203
11281.495049	78.340	139.4014
11281.861260	78.340	138.9307
11282.227470	78.334	138.5176
11282.593681	78.330	138.1152
11282.959892	78.322	137.7217
11283.326103	78.315	137.3887
11283.692314	78.320	137.0684
11284.058525	78.331	136.6768
11284.424736	78.335	136.2227
11284.790947	78.331	135.7832
11285.157158	78.326	135.3691
11285.523369	78.319	134.9453
11285.889580	78.305	134.5762
11286.255791	78.302	134.3008
11286.622002	78.319	133.9424
11286.988213	78.326	133.4287
11287.354424	78.309	132.9668
11287.720635	78.295	132.6279
11288.086846	78.293	132.2949
11288.453057	78.293	131.9521
11288.819268	78.300	131.5947
11289.185479	78.307	131.1621
11289.551690	78.301	130.7119
11289.917901	78.292	130.3320
11290.284112	78.288	129.9863
11290.650323	78.291	129.6348
11291.016534	78.298	129.2432
11291.382745	78.302	128.7832
11291.748956	78.292	128.3359
11292.115167	78.281	127.9688
11292.481378	78.280	127.6055
11292.847589	78.276	127.2070
11293.213800	78.268	126.8457
11293.580010	78.268	126.5166
11293.946221	78.274	126.1445
11294.312432	78.276	125.7441
11294.678643	78.278	125.3516
11295.044854	78.280	124.9268
11295.411065	78.272	124.5000
11295.777276	78.263	124.1621
11296.143487	78.270	123.8359
11296.509698	78.280	123.3955
11296.875909	78.272	122.9395
11297.242120	78.263	122.5850
11297.608331	78.265	122.2314
11297.974542	78.265	121.8301
11298.340753	78.262	121.4600
11298.706964	78.265	121.0918
11299.073175	78.267	120.6875
11299.439386	78.269	120.2939
11299.805597	78.277	119.8516
11300.171808	78.269	119.3330
11300.538019	78.243	118.9297
11300.904230	78.233	118.6699
11301.270441	78.244	118.3359
11301.636652	78.246	117.9043
11302.002863	78.241	117.5137
11302.369074	78.241	117.1309
11302.735285	78.236	116.7344
11303.101496	78.232	116.4043
11303.467707	78.243	116.0732
11303.833918	78.256	115.6289
11304.200129	78.255	115.1602
11304.566339	78.250	114.7510
11304.932550	78.249	114.3408
11305.298761	78.245	113.9199
11305.664972	78.238	113.5430
11306.031183	78.238	113.1719
11306.397394	78.235	112.7686
11306.763605	78.227	112.4023
11307.129816	78.226	112.0830
11307.496027	78.233	111.7256
11307.862238	78.236	111.3311
11308.228449	78.237	110.9502
11308.594660	78.241	110.5557
11308.960871	78.242	110.1387
11309.327082	78.241	109.7295
11309.693293	78.237	109.2998
11310.059504	78.223	108.9160
11310.425715	78.221	108.6504
11310.791926	78.247	108.2764
11311.158137	78.254	107.6729
11311.524348	78.223	107.1904
11311.890559	78.211	106.9355
11312.256770	78.226	106.5322
11312.622981	78.212	105.9951
11312.989192	78.182	105.7080
11313.355403	78.195	105.5166
11313.721614	78.222	105.0342
11314.087825	78.206	104.4766
11314.454036	78.182	104.1895
11314.820247	78.197	103.9424
11315.186458	78.217	103.4785
11315.552669	78.213	102.9717
11315.918879	78.205	102.5381
11316.285090	78.195	102.0938
11316.651301	78.172	101.7324
11317.017512	78.166	101.5020
11317.383723	78.183	101.1680
11317.749934	78.184	100.7051
11318.116145	78.171	100.3701
11318.482356	78.183	100.0947
11318.848567	78.201	99.6299
11319.214778	78.191	99.1270
11319.580989	78.178	98.7930
11319.947200	78.186	98.4473
11320.313411	78.188	97.9893
11320.679622	78.177	97.5820
11321.045833	78.172	97.2266
11321.412044	78.168	96.8477
11321.778255	78.164	96.5068
11322.144466	78.170	96.1514
11322.510677	78.170	95.7344
11322.876888	78.164	95.3799
11323.243099	78.171	95.0508
11323.609310	78.179	94.6309
11323.975521	78.179	94.2178
11324.341732	78.183	93.8066
11324.707943	78.178	93.3369
11325.074154	78.161	92.9766
11325.440365	78.163	92.7002
11325.806576	78.173	92.3076
11326.172787	78.171	91.9209
11326.538998	78.182	91.5947
11326.905208	78.201	91.0928
11327.271419	78.186	90.5381
11327.637630	78.162	90.2148
11328.003841	78.167	89.9395
11328.370052	78.177	89.5283
11328.736263	78.175	89.1240
11329.102474	78.179	88.7383
11329.468685	78.180	88.2861
11329.834896	78.170	87.8818
11330.201107	78.169	87.5518
11330.567318	78.177	87.1396
11330.933529	78.169	86.6787
11331.299740	78.154	86.3408
11331.665951	78.158	86.0645
11332.032162	78.174	85.6641
11332.398373	78.174	85.1777
11332.764584	78.161	84.7754
11333.130795	78.157	84.4365
11333.497006	78.158	84.0566
11333.863217	78.155	83.6631
11334.229428	78.154	83.2734
11334.595639	78.147	82.8496
11334.961850	78.131	82.4990
11335.328061	78.130	82.2510
11335.694272	78.151	81.8721
11336.060483	78.149	81.3311
11336.426694	78.121	80.9414
11336.792905	78.114	80.7412
11337.159116	78.138	80.4268
11337.525327	78.151	79.9219
11337.891538	78.140	79.4482
11338.257748	78.131	79.0996
11338.623959	78.137	78.7422
11338.990170	78.142	78.2949
11339.356381	78.134	77.8672
11339.722592	78.132	77.5166
11340.088803	78.141	77.1191
11340.455014	78.141	76.6426
11340.821225	78.129	76.2109
11341.187436	78.119	75.8633
11341.553647	78.120	75.5332
11341.919858	78.128	75.1572
11342.286069	78.131	74.7012
11342.652280	78.115	74.2734
11343.018491	78.103	74.0068
11343.384702	78.119	73.7354
11343.750913	78.137	73.2568
11344.117124	78.124	72.7715
11344.483335	78.112	72.4648
11344.849546	78.125	72.1133
11345.215757	78.124	71.6123
11345.581968	78.100	71.2168
11345.948179	78.091	70.9902
11346.314390	78.108	70.7041
11346.680601	78.124	70.2627
11347.046812	78.124	69.7715
11347.413023	78.111	69.3438
11347.779234	78.103	69.0029
11348.145445	78.107	68.6572
11348.511656	78.112	68.2344
11348.877867	78.106	67.8018
11349.244078	78.098	67.4404
11349.610288	78.102	67.0928
11349.976499	78.109	66.6709
11350.342710	78.105	66.2178
11350.708921	78.096	65.8252
11351.075132	78.093	65.4678
11351.441343	78.096	65.0742
11351.807554	78.093	64.6475
11352.173765	78.083	64.2344
11352.539976	78.070	63.9072
11352.906187	78.074	63.6367
11353.272398	78.092	63.2393
11353.638609	78.090	62.7334
11354.004820	78.073	62.3535
11354.371031	78.075	62.0488
11354.737242	78.083	61.6230
11355.103453	78.075	61.1777
11355.469664	78.065	60.8291
11355.835875	78.066	60.4902
11356.202086	78.071	60.1182
11356.568297	78.077	59.7070
11356.934508	78.077	59.2588
11357.300719	78.070	58.8477
11357.666930	78.068	58.4688
11358.033141	78.067	58.0566
11358.399352	78.060	57.6729
11358.765563	78.060	57.3359
11359.131774	78.067	56.9590
11359.497985	78.072	56.5352
11359.864196	78.070	56.1123
11360.230407	78.066	55.7295
11360.596617	78.070	55.3691
11360.962828	78.077	54.9336
11361.329039	78.067	54.4736
11361.695250	78.050	54.1621
11362.061461	78.057	53.9170
11362.427672	78.077	53.5459
11362.793883	78.087	53.0908
11363.160094	78.089	52.6289
11363.526305	78.081	52.1650
11363.892516	78.065	51.8037
11364.258727	78.066	51.5244
11364.624938	78.082	51.1172
11364.991149	78.077	50.6064
11365.357360	78.056	50.2275
11365.723571	78.053	49.9404
11366.089782	78.059	49.5410
11366.455993	78.045	49.1240
11366.822204	78.035	48.8760
11367.188415	78.059	48.5938
11367.554626	78.079	48.0332
11367.920837	78.053	47.4697
11368.287048	78.024	47.2217
11368.653259	78.042	46.9971
11369.019470	78.063	46.4707
11369.385681	78.039	45.9355
11369.751892	78.013	45.6895
11370.118103	78.028	45.4648
11370.484314	78.049	45.0117
11370.850525	78.041	44.5303
11371.216736	78.032	44.1885
11371.582947	78.039	43.8457
11371.949157	78.045	43.4414
11372.315368	78.048	43.0557
11372.681579	78.057	42.6465
11373.047790	78.060	42.1836
11373.414001	78.056	41.7607
11373.780212	78.057	41.3506
11374.146423	78.054	40.8799
11374.512634	78.036	40.4590
11374.878845	78.024	40.1592
11375.245056	78.027	39.8574
11375.611267	78.033	39.4902
11375.977478	78.035	39.1143
11376.343689	78.040	38.7334
11376.709900	78.042	38.3105
11377.076111	78.035	37.9014
11377.442322	78.031	37.5752
11377.808533	78.042	37.2266
11378.174744	78.050	36.7471
11378.540955	78.037	36.2773
11378.907166	78.023	35.9424
11379.273377	78.027	35.6152
11379.639588	78.033	35.1885
11380.005799	78.025	34.7500
11380.372010	78.014	34.3711
11380.738221	78.007	34.0430
11381.104432	78.009	33.7314
11381.470643	78.020	33.3652
11381.836854	78.025	32.9219
11382.203065	78.018	32.5068
11382.569276	78.018	32.1807
11382.935486	78.034	31.7910
11383.301697	78.039	31.2627
11383.667908	78.021	30.8076
11384.034119	78.014	30.4834
11384.400330	78.020	30.0664
11384.766541	78.005	29.6113
11385.132752	77.987	29.3477
11385.498963	78.004	29.0869
11385.865174	78.019	28.6016
11386.231385	78.003	28.1426
11386.597596	77.994	27.8604
11386.963807	78.006	27.5137
11387.330018	78.007	27.0732
11387.696229	78.002	26.7158
11388.062440	78.011	26.3408
11388.428651	78.012	25.8564
11388.794862	77.996	25.4307
11389.161073	77.984	25.1104
11389.527284	77.984	24.7939
11389.893495	77.990	24.4531
11390.259706	78.000	24.0469
11390.625917	77.998	23.5811
11390.992128	77.986	23.1787
11391.358339	77.980	22.8564
11391.724550	77.985	22.5303
11392.090761	77.998	22.1455
11392.456972	78.007	21.6709
11392.823183	77.998	21.1855
11393.189394	77.984	20.8076
11393.555605	77.982	20.4795
11393.921816	77.987	20.1094
11394.288026	77.990	19.7080
11394.654237	77.990	19.3047
11395.020448	77.990	18.9121
11395.386659	77.993	18.4951
11395.752870	77.985	18.0566
11396.119081	77.971	17.7217
11396.485292	77.977	17.4443
11396.851503	77.991	17.0449
11397.217714	77.991	16.6064
11397.583925	77.990	16.2256
11397.950136	77.992	15.8047
11398.316347	77.982	15.4053
11398.682558	77.981	15.0986
11399.048769	77.995	14.7207
11399.414980	77.999	14.2471
11399.781191	77.994	13.8213
11400.147402	77.994	13.4004
11400.513613	77.986	12.9521
11400.879824	77.972	12.5830
11401.246035	77.971	12.2568
11401.612246	77.974	11.8730
11401.978457	77.971	11.5059
11402.344668	77.979	11.1719
11402.710879	77.994	10.7188
11403.077090	77.988	10.1934
11403.443301	77.969	9.8135
11403.809512	77.969	9.5234
11404.175723	77.981	9.1338
11404.541934	77.983	8.6680
11404.908145	77.972	8.2441
11405.274356	77.963	7.9189
11405.640566	77.972	7.6211
11406.006777	77.990	7.1777
11406.372988	77.981	6.6533
11406.739199	77.959	6.3135
11407.105410	77.964	6.0625
11407.471621	77.980	5.6533
11407.837832	77.976	5.1855
11408.204043	77.965	4.8154
11408.570254	77.961	4.5049
11408.936465	77.968	4.2031
11409.302676	77.986	3.8193
11409.668887	77.995	3.3066
11410.035098	77.980	2.8223
11410.401309	77.962	2.4814
11410.767520	77.960	2.1982
11411.133731	77.970	1.8691
11411.499942	77.982	1.4521
11411.866153	77.984	0.9912
11412.232364	77.979	0.5518
11412.598575	77.969	0.1309
11412.964786	77.953	-0.2070
11413.330997	77.955	-0.4424
11413.697208	77.982	-0.8105
11414.063419	77.988	-1.3682
11414.429630	77.966	-1.7988
11414.795841	77.962	-2.0664
11415.162052	77.978	-2.4512
11415.528263	77.976	-2.9277
11415.894474	77.966	-3.3047
11416.260685	77.967	-3.6533
11416.626895	77.968	-4.0576
11416.993106	77.963	-4.4268
11417.359317	77.967	-4.7607
11417.725528	77.978	-5.1875
11418.091739	77.971	-5.6709
11418.457950	77.952	-6.0205
11418.824161	77.954	-6.2822
11419.190372	77.969	-6.6680
11419.556583	77.967	-7.1055
11419.922794	77.966	-7.4375
11420.289005	77.983	-7.8389
11420.655216	77.983	-8.3799
11421.021427	77.961	-8.7949
11421.387638	77.958	-9.0703
11421.753849	77.971	-9.4619
11422.120060	77.971	-9.9229
11422.486271	77.967	-10.3115
11422.852482	77.972	-10.7363
11423.218693	77.965	-11.2041
11423.584904	77.954	-11.5840
11423.951115	77.954	-11.9619
11424.317326	77.946	-12.3936
11424.683537	77.931	-12.7080
11425.049748	77.941	-12.9609
11425.415959	77.962	-13.3887
11425.782170	77.961	-13.8975
11426.148381	77.949	-14.2949
11426.514592	77.946	-14.6484
11426.880803	77.946	-15.0098
11427.247014	77.950	-15.3604
11427.613225	77.959	-15.7744
11427.979435	77.957	-16.2100
11428.345646	77.954	-16.5635
11428.711857	77.965	-16.9600
11429.078068	77.962	-17.4463
11429.444279	77.946	-17.8018
11429.810490	77.955	-18.0762
11430.176701	77.975	-18.5547
11430.542912	77.959	-19.0869
11430.909123	77.937	-19.3613
11431.275334	77.955	-19.6045
11431.641545	77.977	-20.0967
11432.007756	77.967	-20.6074
11432.373967	77.956	-20.9541
11432.740178	77.962	-21.3223
11433.106389	77.960	-21.7627
11433.472600	77.951	-22.1387
11433.838811	77.951	-22.4717
11434.205022	77.956	-22.8555
11434.571233	77.954	-23.2598
11434.937444	77.951	-23.6182
11435.303655	77.956	-23.9658
11435.669866	77.963	-24.3848
11436.036077	77.958	-24.8271
11436.402288	77.946	-25.1807
11436.768499	77.947	-25.4824
11437.134710	77.956	-25.8340
11437.500921	77.965	-26.2383
11437.867132	77.970	-26.6855
11438.233343	77.964	-27.1436
11438.599554	77.952	-27.5293
11438.965764	77.947	-27.8633
11439.331975	77.949	-28.2188
11439.698186	77.950	-28.5889
11440.064397	77.954	-28.9648
11440.430608	77.958	-29.3682
11440.796819	77.959	-29.7822
11441.163030	77.957	-30.1865
11441.529241	77.956	-30.5791
11441.895452	77.957	-30.9805
11442.261663	77.954	-31.3965
11442.627874	77.947	-31.7676
11442.994085	77.950	-32.1025
11443.360296	77.959	-32.5078
11443.726507	77.957	-32.9404
11444.092718	77.954	-33.3008
11444.458929	77.962	-33.6826
11444.825140	77.963	-34.1416
11445.191351	77.954	-34.5410
11445.557562	77.955	-34.8857
11445.923773	77.960	-35.3154
11446.289984	77.947	-35.7539
11446.656195	77.933	-36.0566
11447.022406	77.938	-36.3076
11447.388617	77.957	-36.6582
11447.754828	77.970	-37.1143
11448.121039	77.968	-37.5840
11448.487250	77.958	-37.9697
11448.853461	77.960	-38.2910
11449.219672	77.973	-38.7051
11449.585883	77.970	-39.2002
11449.952094	77.952	-39.5840
11450.318304	77.949	-39.8740
11450.684515	77.957	-40.2314
11451.050726	77.958	-40.6270
11451.416937	77.959	-41.0039
11451.783148	77.959	-41.3975
11452.149359	77.955	-41.7578
11452.515570	77.961	-42.1016
11452.881781	77.967	-42.5391
11453.247992	77.956	-42.9609
11453.614203	77.950	-43.2578
11453.980414	77.963	-43.6035
11454.346625	77.969	-44.0635
11454.712836	77.961	-44.4785
11455.079047	77.961	-44.8506
11455.445258	77.960	-45.2842
11455.811469	77.946	-45.6826
11456.177680	77.941	-45.9639
11456.543891	77.959	-46.3057
11456.910102	77.969	-46.8242
11457.276313	77.951	-47.2861
11457.642524	77.945	-47.5693
11458.008735	77.967	-47.9717
11458.374946	77.965	-48.5586
11458.741157	77.935	-48.9668
11459.107368	77.932	-49.2070
11459.473579	77.948	-49.6035
11459.839790	77.945	-50.0713
11460.206001	77.939	-50.4248
11460.572212	77.947	-50.8105
11460.938423	77.945	-51.2666
11461.304633	77.935	-51.6309
11461.670844	77.939	-51.9443
11462.037055	77.950	-52.3398
11462.403266	77.951	-52.7578
11462.769477	77.953	-53.1279
11463.135688	77.962	-53.5381
11463.501899	77.960	-54.0010
11463.868110	77.948	-54.3760
11464.234321	77.950	-54.6816
11464.600532	77.963	-55.0996
11464.966743	77.956	-55.5811
11465.332954	77.939	-55.9287
11465.699165	77.940	-56.1934
11466.065376	77.955	-56.5469
11466.431587	77.962	-56.9883
11466.797798	77.961	-57.4062
11467.164009	77.964	-57.8018
11467.530220	77.967	-58.2676
11467.896431	77.951	-58.7129
11468.262642	77.940	-58.9951
11468.628853	77.957	-59.3184
11468.995064	77.966	-59.8359
11469.361275	77.947	-60.2656
11469.727486	77.947	-60.5439
11470.093697	77.964	-60.9746
11470.459908	77.955	-61.4805
11470.826119	77.941	-61.8076
11471.192330	77.952	-62.1348
11471.558541	77.958	-62.6123
11471.924752	77.943	-63.0312
11472.290963	77.940	-63.3389
11472.657173	77.949	-63.7148
11473.023384	77.950	-64.1641
11473.389595	77.940	-64.5723
11473.755806	77.931	-64.9111
11474.122017	77.933	-65.2090
11474.488228	77.948	-65.5762
11474.854439	77.953	-66.0752
11475.220650	77.934	-66.5059
11475.586861	77.927	-66.7666
11475.953072	77.945	-67.1318
11476.319283	77.944	-67.6426
11476.685494	77.926	-68.0039
11477.051705	77.930	-68.2842
11477.417916	77.942	-68.7002
11477.784127	77.940	-69.1162
11478.150338	77.946	-69.5010
11478.516549	77.948	-69.9932
11478.882760	77.928	-70.4072
11479.248971	77.924	-70.6465
11479.615182	77.949	-71.0127
11479.981393	77.954	-71.5664
11480.347604	77.932	-72.0000
11480.713815	77.924	-72.2607
11481.080026	77.939	-72.5742
11481.446237	77.952	-73.0205
11481.812448	77.950	-73.4863
11482.178659	77.942	-73.8770
11482.544870	77.940	-74.2129
11482.911081	77.949	-74.5820
11483.277292	77.954	-75.0352
11483.643503	77.944	-75.4688
11484.009713	77.935	-75.7832
11484.375924	77.946	-76.1123
11484.742135	77.953	-76.5596
11485.108346	77.946	-76.9658
11485.474557	77.949	-77.3096
11485.840768	77.958	-77.7588
11486.206979	77.949	-78.2266
11486.573190	77.939	-78.5791
11486.939401	77.941	-78.9541
11487.305612	77.936	-79.3750
11487.671823	77.927	-79.7031
11488.038034	77.937	-80.0264
11488.404245	77.948	-80.4766
11488.770456	77.940	-80.9248
11489.136667	77.935	-81.2754
11489.502878	77.942	-81.6436
11489.869089	77.946	-82.0801
11490.235300	77.942	-82.5098
11490.601511	77.936	-82.9043
11490.967722	77.930	-83.2607
11491.333933	77.932	-83.5684
11491.700144	77.949	-83.9131
11492.066355	77.965	-84.3848
11492.432566	77.964	-84.9033
11492.798777	77.950	-85.3359
11493.164988	77.944	-85.6973
11493.531199	77.945	-86.1104
11493.897410	77.930	-86.5303
11494.263621	77.914	-86.7773
11494.629832	77.935	-87.0088
11494.996042	77.959	-87.5146
11495.362253	77.940	-88.0303
11495.728464	77.927	-88.2607
11496.094675	77.956	-88.5752
11496.460886	77.966	-89.1719
11496.827097	77.937	-89.6377
11497.193308	77.923	-89.8643
11497.559519	77.940	-90.1455
11497.925730	77.960	-90.6045
11498.291941	77.956	-91.1523
11498.658152	77.929	-91.5684
11499.024363	77.919	-91.7764
11499.390574	77.943	-92.0811
11499.756785	77.954	-92.5879
11500.122996	77.943	-93.0000
11500.489207	77.950	-93.3408
11500.855418	77.959	-93.8330
11501.221629	77.942	-94.2910
11501.587840	77.934	-94.5791
11501.954051	77.949	-94.9385
11502.320262	77.952	-95.4189
11502.686473	77.942	-95.8154
11503.052684	77.946	-96.1631
11503.418895	77.953	-96.5986
11503.785106	77.947	-97.0400
11504.151317	77.940	-97.4141
11504.517528	77.938	-97.7754
11504.883739	77.939	-98.1191
11505.249950	77.950	-98.4785
11505.616161	77.960	-98.9521
11505.982372	77.948	-99.4268
11506.348582	77.934	-99.7588
11506.714793	77.936	-100.0498
11507.081004	77.948	-100.3926
11507.447215	77.964	-100.7969
11507.813426	77.974	-101.3037
11508.179637	77.963	-101.8145
11508.545848	77.946	-102.2080
11508.912059	77.937	-102.5576
11509.278270	77.930	-102.8799
11509.644481	77.937	-103.1846
11510.010692	77.949	-103.6133
11510.376903	77.938	-104.0576
11510.743114	77.931	-104.3438
11511.109325	77.947	-104.6904
11511.475536	77.949	-105.1807
11511.841747	77.933	-105.5391
11512.207958	77.940	-105.8018
11512.574169	77.961	-106.2070
11512.940380	77.967	-106.6982
11513.306591	77.961	-107.1660
11513.672802	77.946	-107.5684
11514.039013	77.940	-107.8506
11514.405224	77.960	-108.1895
11514.771435	77.970	-108.7275
11515.137646	77.948	-109.1904
11515.503857	77.939	-109.4609
11515.870068	77.954	-109.8291
11516.236279	77.952	-110.3164
11516.602490	77.937	-110.6787
11516.968701	77.940	-110.9824
11517.334911	77.948	-111.3760
11517.701122	77.951	-111.7793
11518.067333	77.957	-112.1953
11518.433544	77.955	-112.6631
11518.799755	77.944	-113.0625
11519.165966	77.945	-113.4229
11519.532177	77.946	-113.8633
11519.898388	77.934	-114.2559
11520.264599	77.935	-114.5703
11520.630810	77.944	-114.9844
11520.997021	77.937	-115.4150
11521.363232	77.935	-115.7500
11521.729443	77.944	-116.1367
11522.095654	77.943	-116.5693
11522.461865	77.942	-116.9336
11522.828076	77.950	-117.3320
11523.194287	77.949	-117.7773
11523.560498	77.943	-118.1602
11523.926709	77.945	-118.5322
11524.292920	77.947	-118.9199
11524.659131	77.951	-119.3066
11525.025342	77.953	-119.7480
11525.391553	77.942	-120.1611
11525.757764	77.937	-120.4600
11526.123975	77.950	-120.8037
11526.490186	77.957	-121.2422
11526.856397	77.956	-121.6602
11527.222608	77.956	-122.0713
11527.588819	77.950	-122.4756
11527.955030	77.947	-122.8223
11528.321241	77.954	-123.2021
11528.687451	77.955	-123.6367
11529.053662	77.951	-124.0234
11529.419873	77.956	-124.4160
11529.786084	77.954	-124.8721
11530.152295	77.942	-125.2725
11530.518506	77.937	-125.6016
11530.884717	77.942	-125.9639
11531.250928	77.944	-126.3604
11531.617139	77.945	-126.7520
11531.983350	77.945	-127.1543
11532.349561	77.943	-127.5342
11532.715772	77.947	-127.8818
11533.081983	77.959	-128.2949
11533.448194	77.961	-128.7842
11533.814405	77.948	-129.2197
11534.180616	77.940	-129.5742
11534.546827	77.938	-129.9258
11534.913038	77.937	-130.2832
11535.279249	77.938	-130.6338
11535.645460	77.942	-130.9834
11536.011671	77.950	-131.3486
11536.377882	77.959	-131.7715
11536.744093	77.958	-132.2119
11537.110304	77.956	-132.5977
11537.476515	77.961	-133.0244
11537.842726	77.950	-133.5029
11538.208937	77.928	-133.8115
11538.575148	77.937	-134.0244
11538.941359	77.963	-134.4512
11539.307570	77.959	-134.9717
11539.673781	77.948	-135.3467
11540.039991	77.952	-135.7334
11540.406202	77.942	-136.1680
11540.772413	77.930	-136.4375
11541.138624	77.951	-136.6992
11541.504835	77.977	-137.1992
11541.871046	77.973	-137.7471
11542.237257	77.961	-138.1709
11542.603468	77.956	-138.5615
11542.969679	77.953	-138.9365
11543.335890	77.958	-139.3174
11543.702101	77.960	-139.7900
11544.068312	77.944	-140.2148
11544.434523	77.937	-140.5029
11544.800734	77.949	-140.8643
11545.166945	77.946	-141.3105
11545.533156	77.935	-141.6182
11545.899367	77.952	-141.8906
11546.265578	77.975	-142.3643
11546.631789	77.970	-142.8857
11546.998000	77.959	-143.2549
11547.364211	77.966	-143.6318
11547.730422	77.962	-144.1064
11548.096633	77.944	-144.4619
11548.462844	77.950	-144.7188
11548.829055	77.969	-145.1416
11549.195266	77.964	-145.6406
11549.561477	77.953	-145.9912
11549.927688	77.963	-146.3525
11550.293899	77.963	-146.8291
11550.660110	77.949	-147.2227
11551.026320	77.950	-147.5430
11551.392531	77.958	-147.9531
11551.758742	77.954	-148.3906
11552.124953	77.949	-148.7705
11552.491164	77.949	-149.1396
11552.857375	77.954	-149.5371
11553.223586	77.955	-149.9873
11553.589797	77.944	-150.4189
11553.956008	77.935	-150.7373
11554.322219	77.947	-151.0752
11554.688430	77.955	-151.5518
11555.054641	77.942	-152.0049
11555.420852	77.933	-152.3516
11555.787063	77.932	-152.7178
11556.153274	77.926	-153.0693
11556.519485	77.931	-153.3457
11556.885696	77.956	-153.7461
11557.251907	77.958	-154.3008
11557.618118	77.938	-154.7188
11557.984329	77.940	-155.0293
11558.350540	77.946	-155.5078
11558.716751	77.920	-155.9492
11559.082962	77.906	-156.1084
11559.449173	77.942	-156.3574
11559.815384	77.968	-156.9395
11560.181595	77.952	-157.4883
11560.547806	77.938	-157.8438
11560.914017	77.940	-158.2246
11561.280228	77.936	-158.6416
11561.646439	77.932	-159.0107
11562.012650	77.933	-159.3730
11562.378860	77.937	-159.7324
11562.745071	77.951	-160.1289
11563.111282	77.959	-160.6377
11563.477493	77.945	-161.1270
11563.843704	77.929	-161.4746
11564.209915	77.930	-161.7891
11564.576126	77.936	-162.1553
11564.942337	77.941	-162.5371
11565.308548	77.947	-162.9434
11565.674759	77.948	-163.3770
11566.040970	77.942	-163.7754
11566.407181	77.939	-164.1279
11566.773392	77.941	-164.4805
11567.139603	77.945	-164.8457
11567.505814	77.950	-165.2178
11567.872025	77.956	-165.6172
11568.238236	77.958	-166.0273
11568.604447	77.959	-166.4209
11568.970658	77.962	-166.8477
11569.336869	77.953	-167.2891
11569.703080	77.940	-167.6074
11570.069291	77.950	-167.8789
11570.435502	77.969	-168.3193
11570.801713	77.964	-168.8086
11571.167924	77.959	-169.1709
11571.534135	77.968	-169.5967
11571.900346	77.957	-170.1143
11572.266557	77.931	-170.4219
11572.632768	77.943	-170.6328
11572.998979	77.970	-171.1025
11573.365189	77.960	-171.6572
11573.731400	77.940	-171.9893
11574.097611	77.950	-172.2910
11574.463822	77.960	-172.7695
11574.830033	77.944	-173.2188
11575.196244	77.935	-173.4951
11575.562455	77.954	-173.8184
11575.928666	77.966	-174.3389
11576.294877	77.944	-174.8203
11576.661088	77.927	-175.0635
11577.027299	77.946	-175.3018
11577.393510	77.972	-175.7705
11577.759721	77.971	-176.3154
11578.125932	77.956	-176.7451
11578.492143	77.947	-177.1006
11578.858354	77.946	-177.4346
11579.224565	77.954	-177.7920
11579.590776	77.961	-178.2344
11579.956987	77.954	-178.6729
11580.323198	77.950	-179.0078
11580.689409	77.965	-179.4111
11581.055620	77.962	-179.9648
11581.421831	77.929	179.6279
11581.788042	77.919	179.4688
11582.154253	77.951	179.1836
11582.520464	77.969	178.6162
11582.886675	77.947	178.1201
11583.252886	77.933	177.8574
11583.619097	77.949	177.5566
11583.985308	77.961	177.1006
11584.351519	77.958	176.6719
11584.717729	77.963	176.3027
11585.083940	77.974	175.8398
11585.450151	77.966	175.3174
11585.816362	77.944	174.9131
11586.182573	77.934	174.6211
11586.548784	77.940	174.2998
11586.914995	77.947	173.9092
11587.281206	77.949	173.5010
11587.647417	77.952	173.0996
11588.013628	77.955	172.6699
11588.379839	77.949	172.2119
11588.746050	77.935	171.8203
11589.112261	77.930	171.5117
11589.478472	77.937	171.1572
11589.844683	77.938	170.7461
11590.210894	77.935	170.3936
11590.577105	77.945	170.0352
11590.943316	77.951	169.5859
11591.309527	77.945	169.1777
11591.675738	77.948	168.8359
11592.041949	77.959	168.4053
11592.408160	77.953	167.9570
11592.774371	77.950	167.6230
11593.140582	77.965	167.2334
11593.506793	77.967	166.7148
11593.873004	77.950	166.2871
11594.239215	77.944	165.9775
11594.605426	77.953	165.6025
11594.971637	77.953	165.1768
11595.337848	77.952	164.7812
11595.704058	77.952	164.3691
11596.070269	77.946	163.9570
11596.436480	77.939	163.5996
11596.802691	77.941	163.2559
11597.168902	77.947	162.8916
11597.535113	77.956	162.4893
11597.901324	77.961	162.0234
11598.267535	77.954	161.5742
11598.633746	77.949	161.1914
11598.999957	77.949	160.7793
11599.366168	77.940	160.3750
11599.732379	77.938	160.0586
11600.098590	77.951	159.6719
11600.464801	77.950	159.1777
11600.831012	77.934	158.8037
11601.197223	77.938	158.5146
11601.563434	77.951	158.1025
11601.929645	77.949	157.6465
11602.295856	77.944	157.2598
11602.662067	77.943	156.8662
11603.028278	77.935	156.5000
11603.394489	77.937	156.2148
11603.760700	77.958	155.8604
11604.126911	77.972	155.3672
11604.493122	77.968	154.8623
11604.859333	77.956	154.4277
11605.225544	77.945	154.0566
11605.591755	77.941	153.7324
11605.957966	77.948	153.3857
11606.324177	77.953	152.9717
11606.690388	77.950	152.5625
11607.056598	77.949	152.2090
11607.422809	77.956	151.8408
11607.789020	77.963	151.4219
11608.155231	77.964	151.0000
11608.521442	77.966	150.5889
11608.887653	77.967	150.1631
11609.253864	77.965	149.7363
11609.620075	77.961	149.3193
11609.986286	77.955	148.9141
11610.352497	77.948	148.5332
11610.718708	77.944	148.1816
11611.084919	77.945	147.8350
11611.451130	77.950	147.4609
11611.817341	77.952	147.0459
11612.183552	77.947	146.6445
11612.549763	77.944	146.3105
11612.915974	77.955	145.9619
11613.282185	77.967	145.4883
11613.648396	77.957	144.9912
11614.014607	77.942	144.6465
11614.380818	77.953	144.3359
11614.747029	77.969	143.8398
11615.113240	77.955	143.2891
11615.479451	77.930	142.9277
11615.845662	77.928	142.6582
11616.211873	77.940	142.2842
11616.578084	77.941	141.8486
11616.944295	77.939	141.4707
11617.310506	77.948	141.0928
11617.676717	77.955	140.6162
11618.042928	77.944	140.1641
11618.409138	77.938	139.8525
11618.775349	77.955	139.4863
11619.141560	77.960	138.9736
11619.507771	77.944	138.5625
11619.873982	77.946	138.2441
11620.240193	77.952	137.8115
11620.606404	77.940	137.4092
11620.972615	77.938	137.1250
11621.338826	77.949	136.7578
11621.705037	77.947	136.3594
11622.071248	77.951	136.0420
11622.437459	77.966	135.6270
11622.803670	77.961	135.1494
11623.169881	77.950	134.8115
11623.536092	77.961	134.4600
11623.902303	77.962	133.9648
11624.268514	77.941	133.5586
11624.634725	77.934	133.3086
11625.000936	77.952	132.9795
11625.367147	77.963	132.4824
11625.733358	77.951	131.9883
11626.099569	77.935	131.6201
11626.465780	77.935	131.2891
11626.831991	77.942	130.8691
11627.198202	77.937	130.3984
11627.564413	77.921	129.9980
11627.930624	77.913	129.6875
11628.296835	77.920	129.3574
11628.663046	77.928	128.9463
11629.029257	77.928	128.5410
11629.395467	77.935	128.1562
11629.761678	77.942	127.6846
11630.127889	77.929	127.2227
11630.494100	77.920	126.9180
11630.860311	77.937	126.5742
11631.226522	77.943	126.0684
11631.592733	77.927	125.6504
11631.958944	77.926	125.3594
11632.325155	77.938	124.9727
11632.691366	77.938	124.5488
11633.057577	77.941	124.1904
11633.423788	77.952	123.7383
11633.789999	77.941	123.2500
11634.156210	77.926	122.9258
11634.522421	77.934	122.6006
11634.888632	77.935	122.1455
11635.254843	77.921	121.7881
11635.621054	77.927	121.5098
11635.987265	77.943	121.0830
11636.353476	77.939	120.6318
11636.719687	77.938	120.2695
11637.085898	77.945	119.8320
11637.452109	77.935	119.3955
11637.818320	77.933	119.0918
11638.184531	77.954	118.6650
11638.550742	77.947	118.0889
11638.916953	77.917	117.7236
11639.283164	77.918	117.5098
11639.649375	77.939	117.1387
11640.015586	77.945	116.6875
11640.381797	77.949	116.2744
11640.748007	77.952	115.8281
11641.114218	77.948	115.4199
11641.480429	77.956	115.0352
11641.846640	77.961	114.5186
11642.212851	77.939	114.0615
11642.579062	77.930	113.8105
11642.945273	77.951	113.4424
11643.311484	77.949	112.8926
11643.677695	77.921	112.5283
11644.043906	77.923	112.3125
11644.410117	77.943	111.9375
11644.776328	77.947	111.4707
11645.142539	77.943	111.0752
11645.508750	77.947	110.6865
11645.874961	77.949	110.2529
11646.241172	77.945	109.8115
11646.607383	77.935	109.3975
11646.973594	77.924	109.0605
11647.339805	77.928	108.7490
11647.706016	77.940	108.3418
11648.072227	77.937	107.8770
11648.438438	77.927	107.4883
11648.804649	77.925	107.1455
11649.170860	77.928	106.7598
11649.537071	77.927	106.3623
11649.903282	77.927	105.9814
11650.269493	77.928	105.5732
11650.635704	77.922	105.1826
11651.001915	77.922	104.8633
11651.368126	77.938	104.4893
11651.734336	77.947	103.9805
11652.100547	77.935	103.4873
11652.466758	77.919	103.1250
11652.832969	77.920	102.8096
11653.199180	77.931	102.4141
11653.565391	77.933	101.9355
11653.931602	77.921	101.4951
11654.297813	77.910	101.1602
11654.664024	77.915	100.8320
11655.030235	77.921	100.4316
11655.396446	77.920	100.0352
11655.762657	77.924	99.6826
11656.128868	77.937	99.2773
11656.495079	77.941	98.7959
11656.861290	77.932	98.3730
11657.227501	77.932	98.0205
11657.593712	77.938	97.5967
11657.959923	77.929	97.1621
11658.326134	77.923	96.8574
11658.692345	77.940	96.5049
11659.058556	77.944	95.9912
11659.424767	77.924	95.5723
11659.790978	77.918	95.3105
11660.157189	77.931	94.9717
11660.523400	77.937	94.5449
11660.889611	77.937	94.1387
11661.255822	77.939	93.7148
11661.622033	77.933	93.2861
11661.988244	77.927	92.9053
11662.354455	77.926	92.5186
11662.720666	77.922	92.1064
11663.086876	77.915	91.7090
11663.453087	77.907	91.3564
11663.819298	77.909	91.0381
11664.185509	77.923	90.6465
11664.551720	77.926	90.1338
11664.917931	77.908	89.6914
11665.284142	77.899	89.3926
11665.650353	77.909	89.0439
11666.016564	77.912	88.6143
11666.382775	77.911	88.2441
11666.748986	77.923	87.8623
11667.115197	77.929	87.3682
11667.481408	77.915	86.9258
11667.847619	77.909	86.6201
11668.213830	77.922	86.2734
11668.580041	77.931	85.8037
11668.946252	77.923	85.3613
11669.312463	77.918	85.0293
11669.678674	77.930	84.6729
11670.044885	77.939	84.1855
11670.411096	77.926	83.6992
11670.777307	77.909	83.3564
11671.143518	77.909	83.0732
11671.509729	77.921	82.7227
11671.875940	77.933	82.2773
11672.242151	77.930	81.7715
11672.608362	77.911	81.3467
11672.974573	77.902	81.0625
11673.340784	77.916	80.7090
11673.706995	77.919	80.2207
11674.073206	77.906	79.8096
11674.439416	77.906	79.4561
11674.805627	77.906	79.0059
11675.171838	77.890	78.6045
11675.538049	77.885	78.3350
11675.904260	77.901	77.9834
11676.270471	77.907	77.5088
11676.636682	77.898	77.0879
11677.002893	77.894	76.7412
11677.369104	77.896	76.3896
11677.735315	77.903	76.0293
11678.101526	77.915	75.6211
11678.467737	77.920	75.1348
11678.833948	77.908	74.6826
11679.200159	77.898	74.3438
11679.566370	77.903	74.0049
11679.932581	77.907	73.5977
11680.298792	77.904	73.2188
11680.665003	77.911	72.8711
11681.031214	77.923	72.4395
11681.397425	77.922	71.9492
11681.763636	77.911	71.5098
11682.129847	77.900	71.1465
11682.496058	77.899	70.8281
11682.862269	77.913	70.4570
11683.228480	77.921	69.9473
11683.594691	77.902	69.4395
11683.960902	77.877	69.1348
11684.327113	77.882	68.9189
11684.693324	77.905	68.5449
11685.059535	77.911	68.0439
11685.425745	77.899	67.6289
11685.791956	77.899	67.3154
11686.158167	77.913	66.9453
11686.524378	77.923	66.4795
11686.890589	77.922	66.0078
11687.256800	77.914	65.5684
11687.623011	77.904	65.1816
11687.989222	77.899	64.8564
11688.355433	77.907	64.5098
11688.721644	77.914	64.0879
11689.087855	77.913	63.6533
11689.454066	77.909	63.2539
11689.820277	77.908	62.8740
11690.186488	77.910	62.4609
11690.552699	77.904	62.0059
11690.918910	77.885	61.6328
11691.285121	77.881	61.3818
11691.651332	77.899	61.0410
11692.017543	77.903	60.5625
11692.383754	77.893	60.1826
11692.749965	77.902	59.8535
11693.116176	77.914	59.3525
11693.482387	77.895	58.8760
11693.848598	77.886	58.6006
11694.214809	77.907	58.2207
11694.581020	77.907	57.6699
11694.947231	77.887	57.2793
11695.313442	77.895	56.9404
11695.679653	77.898	56.3955
11696.045864	77.864	55.9570
11696.412075	77.851	55.7979
11696.778285	77.881	55.5068
11697.144496	77.896	54.9648
11697.510707	77.883	54.4932
11697.876918	77.878	54.1318
11698.243129	77.880	53.7236
11698.609340	77.873	53.3057
11698.975551	77.867	52.9492
11699.341762	77.867	52.6045
11699.707973	77.869	52.2344
11700.074184	77.871	51.8818
11700.440395	77.882	51.5244
11700.806606	77.894	51.0693
11701.172817	77.888	50.5957
11701.539028	77.880	50.2285
11701.905239	77.885	49.8516
11702.271450	77.881	49.4199
11702.637661	77.875	49.0830
11703.003872	77.887	48.7373
11703.370083	77.893	48.2461
11703.736294	77.878	47.8184
11704.102505	77.875	47.5068
11704.468716	77.883	47.1064
11704.834927	77.877	46.6738
11705.201138	77.871	46.3477
11705.567349	77.883	45.9941
11705.933560	77.891	45.5273
11706.299771	77.883	45.0820
11706.665982	77.878	44.7246
11707.032193	77.884	44.3477
11707.398404	77.886	43.9043
11707.764614	77.881	43.4980
11708.130825	77.883	43.1328
11708.497036	77.890	42.6904
11708.863247	77.883	42.2324
11709.229458	77.876	41.8633
11709.595669	77.879	41.4854
11709.961880	77.878	41.0762
11710.328091	77.878	40.7061
11710.694302	77.885	40.2891
11711.060513	77.882	39.8301
11711.426724	77.873	39.4531
11711.792935	77.876	39.0898
11712.159146	77.878	38.6768
11712.525357	77.879	38.2666
11712.891568	77.877	37.8174
11713.257779	77.860	37.4131
11713.623990	77.853	37.1602
11713.990201	77.874	36.8096
11714.356412	77.877	36.2861
11714.722623	77.858	35.9043
11715.088834	77.862	35.6191
11715.455045	77.874	35.1895
11715.821256	77.869	34.7568
11716.187467	77.871	34.3818
11716.553678	77.874	33.9189
11716.919889	77.860	33.4834
11717.286100	77.853	33.1523
11717.652311	77.857	32.7686
11718.018522	77.852	32.3574
11718.384733	77.849	32.0156
11718.750944	77.856	31.6484
11719.117154	77.861	31.2227
11719.483365	77.863	30.7949
11719.849576	77.862	30.3447
11720.215787	77.852	29.9102
11720.581998	77.842	29.5625
11720.948209	77.845	29.2188
11721.314420	77.849	28.8086
11721.680631	77.846	28.4092
11722.046842	77.848	28.0225
11722.413053	77.848	27.5781
11722.779264	77.833	27.1826
11723.145475	77.830	26.9219
11723.511686	77.854	26.5605
11723.877897	77.859	25.9805
11724.244108	77.825	25.5342
11724.610319	77.811	25.3770
11724.976530	77.843	25.1172
11725.342741	77.865	24.5703
11725.708952	77.851	24.0547
11726.075163	77.840	23.7070
11726.441374	77.846	23.3311
11726.807585	77.844	22.8828
11727.173796	77.834	22.4893
11727.540007	77.831	22.1602
11727.906218	77.840	21.7949
11728.272429	77.847	21.3408
11728.638640	77.839	20.8867
11729.004851	77.832	20.5283
11729.371062	77.838	20.1562
11729.737273	77.840	19.6914
11730.103483	77.827	19.2910
11730.469694	77.828	18.9678
11730.835905	77.836	18.5430
11731.202116	77.826	18.1279
11731.568327	77.828	17.8447
11731.934538	77.852	17.4238
11732.300749	77.849	16.8477
11732.666960	77.824	16.4668
11733.033171	77.828	16.1885
11733.399382	77.836	15.7412
11733.765593	77.819	15.3574
11734.131804	77.825	15.1465
11734.498015	77.860	14.7471
11734.864226	77.868	14.1270
11735.230437	77.845	13.6406
11735.596648	77.832	13.3105
11735.962859	77.833	12.9521
11736.329070	77.833	12.5732
11736.695281	77.837	12.1758
11737.061492	77.835	11.7266
11737.427703	77.824	11.3379
11737.793914	77.825	11.0059
11738.160125	77.833	10.5654
11738.526336	77.821	10.1084
11738.892547	77.813	9.7871
11739.258758	77.824	9.4072
11739.624969	77.819	8.9111
11739.991180	77.801	8.5586
11740.357391	77.807	8.2705
11740.723602	77.818	7.8203
11741.089813	77.806	7.4004
11741.456023	77.809	7.0977
11741.822234	77.826	6.6572
11742.188445	77.818	6.1494
11742.554656	77.805	5.7871
11742.920867	77.807	5.4326
11743.287078	77.804	5.0283
11743.653289	77.800	4.7051
11744.019500	77.812	4.3643
11744.385711	77.822	3.9189
11744.751922	77.822	3.4893
11745.118133	77.826	3.0576
11745.484344	77.820	2.5684
11745.850555	77.799	2.1855
11746.216766	77.796	1.9287
11746.582977	77.814	1.5625
11746.949188	77.820	1.0576
11747.315399	77.805	0.6064
11747.681610	77.792	0.2793
11748.047821	77.797	-0.0176
11748.414032	77.814	-0.4199
11748.780243	77.816	-0.9297
11749.146454	77.799	-1.3428
11749.512665	77.800	-1.6348
11749.878876	77.818	-2.0615
11750.245087	77.814	-2.5889
11750.611298	77.800	-2.9824
11750.977509	77.803	-3.3721
11751.343720	77.793	-3.8486
11751.709931	77.771	-4.1680
11752.076142	77.778	-4.3994
11752.442353	77.798	-4.8379
11752.808563	77.788	-5.3154
11753.174774	77.779	-5.6211
11753.540985	77.793	-5.9844
11753.907196	77.791	-6.4824
11754.273407	77.769	-6.8271
11754.639618	77.775	-7.0381
11755.005829	77.801	-7.4219
11755.372040	77.808	-7.9316
11755.738251	77.803	-8.3525
11756.104462	77.807	-8.7852
11756.470673	77.799	-9.2695
11756.836884	77.782	-9.6240
11757.203095	77.787	-9.9512
11757.569306	77.789	-10.4082
11757.935517	77.774	-10.7822
11758.301728	77.779	-11.0576
11758.667939	77.797	-11.4951
11759.034150	77.791	-11.9980
11759.400361	77.779	-12.3691
11759.766572	77.782	-12.7246
11760.132783	77.785	-13.1250
11760.498994	77.790	-13.5371
11760.865205	77.791	-14.0146
11761.231416	77.776	-14.4668
11761.597627	77.763	-14.7881
11761.963838	77.769	-15.1045
11762.330049	77.778	-15.5176
11762.696260	77.779	-15.9775
11763.062471	77.769	-16.4111
11763.428682	77.759	-16.7773
11763.794892	77.758	-17.1221
11764.161103	77.758	-17.4941
11764.527314	77.758	-17.8418
11764.893525	77.768	-18.2080
11765.259736	77.776	-18.6572
11765.625947	77.772	-19.0859
11765.992158	77.774	-19.4775
11766.358369	77.777	-19.9102
11766.724580	77.774	-20.3281
11767.090791	77.779	-20.7490
11767.457002	77.777	-21.2607
11767.823213	77.752	-21.7070
11768.189424	77.734	-21.9648
11768.555635	77.745	-22.2256
11768.921846	77.761	-22.6270
11769.288057	77.765	-23.0859
11769.654268	77.761	-23.5234
11770.020479	77.752	-23.9141
11770.386690	77.747	-24.2422
11770.752901	77.755	-24.5693
11771.119112	77.767	-24.9834
11771.485323	77.768	-25.4336
11771.851534	77.765	-25.8330
11772.217745	77.768	-26.2549
11772.583956	77.760	-26.7148
11772.950167	77.744	-27.0615
11773.316378	77.749	-27.3555
11773.682589	77.761	-27.7920
11774.048800	77.752	-28.2451
11774.415011	77.747	-28.5908
11774.781222	77.753	-29.0078
11775.147432	77.742	-29.4746
11775.513643	77.727	-29.7930
11775.879854	77.737	-30.1045
11776.246065	77.745	-30.5693
11776.612276	77.734	-31.0020
11776.978487	77.732	-31.3350
11777.344698	77.741	-31.7549
11777.710909	77.734	-32.2197
11778.077120	77.725	-32.5635
11778.443331	77.736	-32.9102
11778.809542	77.744	-33.4033
11779.175753	77.731	-33.8828
11779.541964	77.718	-34.2334
11779.908175	77.719	-34.5840
11780.274386	77.718	-34.9883
11780.640597	77.712	-35.3564
11781.006808	77.714	-35.6924
11781.373019	77.723	-36.0850
11781.739230	77.725	-36.5391
11782.105441	77.715	-36.9697
11782.471652	77.705	-37.3379
11782.837863	77.698	-37.6758
11783.204074	77.694	-37.9736
11783.570285	77.706	-38.2568
11783.936496	77.730	-38.6816
11784.302707	77.730	-39.2256
11784.668918	77.710	-39.6279
11785.035129	77.710	-39.8955
11785.401340	77.730	-40.2930
11785.767551	77.732	-40.8242
11786.133761	77.715	-41.2676
11786.499972	77.706	-41.5928
11786.866183	77.712	-41.9453
11787.232394	77.716	-42.3701
11787.598605	77.711	-42.7920
11787.964816	77.704	-43.1689
11788.331027	77.702	-43.4941
11788.697238	77.715	-43.8262
11789.063449	77.733	-44.2891
11789.429660	77.729	-44.8369
11789.795871	77.707	-45.2461
11790.162082	77.703	-45.5410
11790.528293	77.712	-45.9307
11790.894504	77.708	-46.3760
11791.260715	77.699	-46.7432
11791.626926	77.701	-47.0908
11791.993137	77.705	-47.4883
11792.359348	77.705	-47.9219
11792.725559	77.697	-48.3467
11793.091770	77.688	-48.7051
11793.457981	77.689	-49.0547
11793.824192	77.691	-49.4775
11794.190403	77.681	-49.8789
11794.556614	77.677	-50.2139
11794.922825	77.679	-50.5791
11795.289036	77.679	-50.9453
11795.655247	77.688	-51.3066
11796.021458	77.698	-51.7676
11796.387669	77.693	-52.2383
11796.753880	77.689	-52.6328
11797.120091	77.689	-53.0811
11797.486301	77.674	-53.5088
11797.852512	77.668	-53.7930
11798.218723	77.686	-54.1768
11798.584934	77.685	-54.7021
11798.951145	77.669	-55.0801
11799.317356	77.676	-55.4189
11799.683567	77.679	-55.9297
11800.049778	77.655	-56.3525
11800.415989	77.648	-56.5908
11800.782200	77.665	-56.9492
11801.148411	77.665	-57.4141
11801.514622	77.659	-57.7617
11801.880833	77.674	-58.1338
11802.247044	77.680	-58.6602
11802.613255	77.662	-59.1152
11802.979466	77.655	-59.4395
11803.345677	77.661	-59.8467
11803.711888	77.652	-60.2979
11804.078099	77.640	-60.6152
11804.444310	77.651	-60.9111
11804.810521	77.668	-61.3428
11805.176732	77.673	-61.8398
11805.542943	77.667	-62.3223
11805.909154	77.652	-62.7461
11806.275365	77.644	-63.0684
11806.641576	77.654	-63.4170
11807.007787	77.659	-63.8906
11807.373998	77.645	-64.3086
11807.740209	77.642	-64.5879
11808.106420	77.662	-64.9561
11808.472631	77.667	-65.4844
11808.838841	77.647	-65.9346
11809.205052	77.634	-66.2178
11809.571263	77.642	-66.5098
11809.937474	77.651	-66.8994
11810.303685	77.653	-67.3057
11810.669896	77.653	-67.6963
11811.036107	77.652	-68.0879
11811.402318	77.650	-68.4580
11811.768529	77.654	-68.8164
11812.134740	77.661	-69.2363
11812.500951	77.656	-69.7090
11812.867162	77.639	-70.1084
11813.233373	77.630	-70.4043
11813.599584	77.638	-70.7246
11813.965795	77.646	-71.1406
11814.332006	77.645	-71.5869
11814.698217	77.638	-72.0010
11815.064428	77.633	-72.3818
11815.430639	77.634	-72.7734
11815.796850	77.632	-73.2148
11816.163061	77.620	-73.6299
11816.529272	77.614	-73.9629
11816.895483	77.621	-74.3486
11817.261694	77.618	-74.8115
11817.627905	77.604	-75.1855
11817.994116	77.605	-75.5039
11818.360327	77.612	-75.8965
11818.726538	77.612	-76.3037
11819.092749	77.616	-76.6992
11819.458960	77.619	-77.1514
11819.825170	77.610	-77.5938
11820.191381	77.600	-77.9512
11820.557592	77.599	-78.2705
11820.923803	77.608	-78.6025
11821.290014	77.625	-79.0059
11821.656225	77.634	-79.5078
11822.022436	77.626	-80.0068
11822.388647	77.611	-80.4082
11822.754858	77.606	-80.7461
11823.121069	77.610	-81.1016
11823.487280	77.616	-81.5186
11823.853491	77.613	-81.9824
11824.219702	77.596	-82.3838
11824.585913	77.588	-82.6582
11824.952124	77.602	-82.9570
11825.318335	77.616	-83.4180
11825.684546	77.610	-83.8721
11826.050757	77.608	-84.2354
11826.416968	77.613	-84.6934
11826.783179	77.594	-85.1543
11827.149390	77.579	-85.4023
11827.515601	77.599	-85.6953
11827.881812	77.609	-86.2236
11828.248023	77.589	-86.6641
11828.614234	77.584	-86.9570
11828.980445	77.590	-87.3604
11829.346656	77.580	-87.7637
11829.712867	77.581	-88.0566
11830.079078	77.599	-88.4785
11830.445289	77.591	-89.0059
11830.811500	77.571	-89.3584
11831.177710	77.575	-89.6514
11831.543921	77.584	-90.0898
11831.910132	77.573	-90.5078
11832.276343	77.573	-90.8242
11832.642554	77.586	-91.2344
11833.008765	77.583	-91.7217
11833.374976	77.571	-92.1143
11833.741187	77.569	-92.4688
11834.107398	77.570	-92.8672
11834.473609	77.567	-93.2559
11834.839820	77.566	-93.6406
11835.206031	77.563	-94.0195
11835.572242	77.564	-94.3711
11835.938453	77.570	-94.7656
11836.304664	77.568	-95.1699
11836.670875	77.570	-95.5029
11837.037086	77.588	-95.9170
11837.403297	77.590	-96.4580
11837.769508	77.572	-96.8994
11838.135719	77.564	-97.2314
11838.501930	77.567	-97.6113
11838.868141	77.567	-98.0127
11839.234352	77.569	-98.4268
11839.600563	77.563	-98.8857
11839.966774	77.549	-99.2744
11840.332985	77.545	-99.6035
11840.699196	77.546	-99.9990
11841.065407	77.538	-100.3799
11841.431618	77.538	-100.7012
11841.797829	77.549	-101.1025
11842.164039	77.547	-101.5615
11842.530250	77.539	-101.9658
11842.896461	77.535	-102.3535
11843.262672	77.529	-102.7285
11843.628883	77.531	-103.0820
11843.995094	77.536	-103.5000
11844.361305	77.529	-103.9297
11844.727516	77.524	-104.2734
11845.093727	77.533	-104.6504
11845.459938	77.534	-105.1182
11845.826149	77.524	-105.5342
11846.192360	77.522	-105.8975
11846.558571	77.523	-106.3057
11846.924782	77.518	-106.7080
11847.290993	77.516	-107.0752
11847.657204	77.519	-107.4785
11848.023415	77.516	-107.9053
11848.389626	77.511	-108.2939
11848.755837	77.510	-108.6816
11849.122048	77.506	-109.0947
11849.488259	77.496	-109.4619
11849.854470	77.496	-109.7715
11850.220681	77.509	-110.1572
11850.586892	77.509	-110.6436
11850.953103	77.493	-111.0449
11851.319314	77.490	-111.3301
11851.685525	77.505	-111.7070
11852.051736	77.507	-112.1914
11852.417947	77.495	-112.5908
11852.784158	77.496	-112.9258
11853.150369	77.506	-113.3418
11853.516579	77.505	-113.8203
11853.882790	77.494	-114.2715
11854.249001	77.478	-114.6514
11854.615212	77.469	-114.9502
11854.981423	77.478	-115.2705
11855.347634	77.487	-115.6973
11855.713845	77.483	-116.1426
11856.080056	77.476	-116.5264
11856.446267	77.477	-116.8955
11856.812478	77.479	-117.3086
11857.178689	77.473	-117.7568
11857.544900	77.457	-118.1279
11857.911111	77.453	-118.3896
11858.277322	77.470	-118.7285
11858.643533	77.477	-119.1934
11859.009744	77.472	-119.5908
11859.375955	77.483	-119.9785
11859.742166	77.487	-120.5176
11860.108377	77.461	-120.9951
11860.474588	77.443	-121.2637
11860.840799	77.455	-121.5732
11861.207010	77.460	-122.0352
11861.573221	77.449	-122.4609
11861.939432	77.442	-122.8086
11862.305643	77.443	-123.1797
11862.671854	77.441	-123.5713
11863.038065	77.441	-123.9600
11863.404276	77.438	-124.3701
11863.770487	77.430	-124.7500
11864.136698	77.429	-125.0752
11864.502908	77.440	-125.4707
11864.869119	77.438	-125.9590
11865.235330	77.419	-126.3447
11865.601541	77.418	-126.6064
11865.967752	77.439	-127.0000
11866.333963	77.439	-127.5410
11866.700174	77.417	-127.9541
11867.066385	77.414	-128.2539
11867.432596	77.421	-128.6680
11867.798807	77.410	-129.1084
11868.165018	77.401	-129.4150
11868.531229	77.414	-129.7588
11868.897440	77.419	-130.2568
11869.263651	77.401	-130.7002
11869.629862	77.389	-130.9883
11869.996073	77.400	-131.2891
11870.362284	77.414	-131.7158
11870.728495	77.416	-132.2021
11871.094706	77.407	-132.6504
11871.460917	77.398	-133.0498
11871.827128	77.390	-133.4248
11872.193339	77.384	-133.7686
11872.559550	77.387	-134.1035
11872.925761	77.395	-134.5000
11873.291972	77.397	-134.9443
11873.658183	77.389	-135.3691
11874.024394	77.380	-135.7412
11874.390605	77.377	-136.0625
11874.756816	77.387	-136.4150
11875.123027	77.394	-136.8809
11875.489238	77.380	-137.3633
11875.855448	77.357	-137.6895
11876.221659	77.356	-137.8975
11876.587870	77.379	-138.2344
11876.954081	77.387	-138.7441
11877.320292	77.372	-139.1572
11877.686503	77.376	-139.4668
11878.052714	77.387	-139.9434
11878.418925	77.366	-140.4150
11878.785136	77.356	-140.6465
11879.151347	77.387	-141.0293
11879.517558	77.385	-141.6963
11879.883769	77.340	-142.1143
11880.249980	77.334	-142.2949
11880.616191	77.352	-142.7041
11880.982402	77.339	-143.1982
11881.348613	77.324	-143.5020
11881.714824	77.334	-143.8330
11882.081035	77.339	-144.2998
11882.447246	77.328	-144.7324
11882.813457	77.320	-145.0938
11883.179668	77.319	-145.4463
11883.545879	77.321	-145.8154
11883.912090	77.326	-146.2012
11884.278301	77.333	-146.6221
11884.644512	77.334	-147.1064
11885.010723	77.319	-147.5586
11885.376934	77.307	-147.8857
11885.743145	77.310	-148.2285
11886.109356	77.307	-148.6240
11886.475567	77.305	-148.9258
11886.841778	77.327	-149.2773
11887.207988	77.336	-149.8291
11887.574199	77.315	-150.2939
11887.940410	77.306	-150.5928
11888.306621	77.313	-150.9941
11888.672832	77.300	-151.4229
11889.039043	77.291	-151.7080
11889.405254	77.303	-152.0371
11889.771465	77.308	-152.4688
11890.137676	77.306	-152.8652
11890.503887	77.307	-153.2842
11890.870098	77.297	-153.7109
11891.236309	77.290	-154.0342
11891.602520	77.298	-154.3896
11891.968731	77.300	-154.8311
11892.334942	77.297	-155.2266
11892.701153	77.302	-155.6777
11893.067364	77.283	-156.1924
11893.433575	77.251	-156.4824
11893.799786	77.257	-156.6572
11894.165997	77.281	-157.0547
11894.532208	77.279	-157.5293
11894.898419	77.276	-157.8994
11895.264630	77.281	-158.3447
11895.630841	77.265	-158.7949
11895.997052	77.252	-159.0498
11896.363263	77.275	-159.3574
11896.729474	77.289	-159.9062
11897.095685	77.270	-160.3936
11897.461896	77.260	-160.7178
11897.828107	77.267	-161.1270
11898.194317	77.257	-161.5957
11898.560528	77.243	-161.9492
11898.926739	77.243	-162.2988
11899.292950	77.239	-162.7246
11899.659161	77.225	-163.0645
11900.025372	77.232	-163.3428
11900.391583	77.250	-163.7842
11900.757794	77.243	-164.3262
11901.124005	77.218	-164.6953
11901.490216	77.219	-164.9492
11901.856427	77.238	-165.3652
11902.222638	77.234	-165.9033
11902.588849	77.212	-166.3115
11902.955060	77.205	-166.6191
11903.321271	77.208	-167.0000
11903.687482	77.201	-167.4111
11904.053693	77.192	-167.7451
11904.419904	77.197	-168.0586
11904.786115	77.208	-168.4590
11905.152326	77.207	-168.9170
11905.518537	77.195	-169.3027
11905.884748	77.194	-169.5996
11906.250959	77.210	-169.9502
11906.617170	77.223	-170.4170
11906.983381	77.223	-170.9287
11907.349592	77.207	-171.4102
11907.715803	77.185	-171.7715
11908.082014	77.180	-172.0254
11908.448225	77.194	-172.3643
11908.814436	77.200	-172.8281
11909.180647	77.191	-173.2480
11909.546857	77.189	-173.6240
11909.913068	77.186	-174.0557
11910.279279	77.170	-174.4463
11910.645490	77.162	-174.7246
11911.011701	77.172	-175.0332
11911.377912	77.181	-175.4453
11911.744123	77.182	-175.8652
11912.110334	77.183	-176.2861
11912.476545	77.177	-176.7344
11912.842756	77.163	-177.1123
11913.208967	77.163	-177.4150
11913.575178	77.174	-177.8145
11913.941389	77.171	-178.2969
11914.307600	77.156	-178.6875
11914.673811	77.152	-179.0176
11915.040022	77.154	-179.3877
11915.406233	77.154	-179.7676
11915.772444	77.157	179.8438
11916.138655	77.155	179.4219
11916.504866	77.149	179.0469
11916.871077	77.153	178.7178
11917.237288	77.168	178.2939
11917.603499	77.170	177.7539
11917.969710	77.147	177.2754
11918.335921	77.126	176.9717
11918.702132	77.131	176.7080
11919.068343	77.147	176.2949
11919.434554	77.143	175.7959
11919.800765	77.125	175.4082
11920.166976	77.122	175.1035
11920.533186	77.128	174.7324
11920.899397	77.127	174.3291
11921.265608	77.128	173.9600
11921.631819	77.134	173.5312
11921.998030	77.125	173.0605
11922.364241	77.107	172.7246
11922.730452	77.113	172.4502
11923.096663	77.130	172.0156
11923.462874	77.123	171.5010
11923.829085	77.102	171.1162
11924.195296	77.096	170.8311
11924.561507	77.106	170.4795
11924.927718	77.107	170.0186
11925.293929	77.090	169.6064
11925.660140	77.081	169.3447
11926.026351	77.097	169.0225
11926.392562	77.103	168.5410
11926.758773	77.090	168.1309
11927.124984	77.092	167.7812
11927.491195	77.091	167.3047
11927.857406	77.066	166.9277
11928.223617	77.067	166.7246
11928.589828	77.093	166.2959
11928.956039	77.080	165.7383
11929.322250	77.060	165.4658
11929.688461	77.086	165.1543
11930.054672	77.093	164.5127
11930.420883	77.051	164.0439
11930.787094	77.038	163.8760
11931.153305	77.060	163.5137
11931.519516	77.054	163.0059
11931.885726	77.039	162.7012
11932.251937	77.058	162.3818
11932.618148	77.070	161.8145
11932.984359	77.042	161.2842
11933.350570	77.011	161.0352
11933.716781	77.022	160.8594
11934.082992	77.052	160.4551
11934.449203	77.054	159.8994
11934.815414	77.036	159.4775
11935.181625	77.032	159.1582
11935.547836	77.037	158.7607
11935.914047	77.032	158.3467
11936.280258	77.029	157.9814
11936.646469	77.028	157.5869
11937.012680	77.022	157.2061
11937.378891	77.022	156.8701
11937.745102	77.029	156.4561
11938.111313	77.020	155.9893
11938.477524	77.001	155.6416
11938.843735	76.999	155.3770
11939.209946	77.011	155.0420
11939.576157	77.021	154.6133
11939.942368	77.020	154.1504
11940.308579	77.010	153.7178
11940.674790	77.001	153.3389
11941.041001	76.997	152.9482
11941.407212	76.986	152.5547
11941.773423	76.977	152.2520
11942.139634	76.988	151.9414
11942.505845	76.999	151.4746
11942.872056	76.988	151.0156
11943.238266	76.982	150.6758
11943.604477	76.990	150.2529
11943.970688	76.977	149.7666
11944.336899	76.957	149.4502
11944.703110	76.964	149.1855
11945.069321	76.978	148.7725
11945.435532	76.980	148.3301
11945.801743	76.984	147.8975
11946.167954	76.980	147.3779
11946.534165	76.952	146.9248
11946.900376	76.930	146.6807
11947.266587	76.938	146.4531
11947.632798	76.955	146.0723
11947.999009	76.958	145.6279
11948.365220	76.954	145.2197
11948.731431	76.951	144.8301
11949.097642	76.947	144.4434
11949.463853	76.942	144.0840
11949.830064	76.942	143.7480
11950.196275	76.949	143.3867
11950.562486	76.956	142.9658
11950.928697	76.955	142.5117
11951.294908	76.945	142.0859
11951.661119	76.935	141.7148
11952.027330	76.930	141.3691
11952.393541	76.930	141.0127
11952.759752	76.932	140.6279
11953.125963	76.932	140.2070
11953.492174	76.923	139.7773
11953.858385	76.909	139.4268
11954.224595	76.910	139.1348
11954.590806	76.923	138.7461
11954.957017	76.921	138.2705
11955.323228	76.909	137.8887
11955.689439	76.912	137.5508
11956.055650	76.917	137.0986
11956.421861	76.903	136.6631
11956.788072	76.896	136.3652
11957.154283	76.911	136.0029
11957.520494	76.915	135.4922
11957.886705	76.897	135.0605
11958.252916	76.891	134.7422
11958.619127	76.896	134.3535
11958.985338	76.889	133.9482
11959.351549	76.887	133.6191
11959.717760	76.897	133.2129
11960.083971	76.887	132.7422
11960.450182	76.869	132.4492
11960.816393	76.884	132.1885
11961.182604	76.900	131.6992
11961.548815	76.882	131.2275
11961.915026	76.872	130.9688
11962.281237	76.890	130.6260
11962.647448	76.892	130.1299
11963.013659	76.877	129.7432
11963.379870	76.880	129.4189
11963.746081	76.887	128.9824
11964.112292	76.880	128.5127
11964.478503	76.864	128.0967
11964.844714	76.847	127.7529
11965.210925	76.841	127.4717
11965.577135	76.847	127.1396
11965.943346	76.848	126.7451
11966.309557	76.847	126.3945
11966.675768	76.857	126.0176
11967.041979	76.863	125.5322
11967.408190	76.849	125.0508
11967.774401	76.827	124.6816
11968.140612	76.817	124.4365
11968.506823	76.834	124.1768
11968.873034	76.858	123.6982
11969.239245	76.849	123.1465
11969.605456	76.830	122.7852
11969.971667	76.834	122.4502
11970.337878	76.834	122.0000
11970.704089	76.819	121.6250
11971.070300	76.819	121.3223
11971.436511	76.824	120.9453
11971.802722	76.823	120.5781
11972.168933	76.832	120.2227
11972.535144	76.841	119.7617
11972.901355	76.833	119.3018
11973.267566	76.825	118.9346
11973.633777	76.826	118.5381
11973.999988	76.818	118.0947
11974.366199	76.800	117.7559
11974.732410	76.802	117.5020
11975.098621	76.822	117.1250
11975.464832	76.826	116.5918
11975.831043	76.804	116.1396
11976.197254	76.791	115.8398
11976.563464	76.795	115.4932
11976.929675	76.790	115.0830
11977.295886	76.781	114.7656
11977.662097	76.792	114.4678
11978.028308	76.808	114.0303
11978.394519	76.806	113.5215
11978.760730	76.790	113.0957
11979.126941	76.780	112.7695
11979.493152	76.783	112.4365
11979.859363	76.787	112.0459
11980.225574	76.787	111.6514
11980.591785	76.788	111.2471
11980.957996	76.782	110.8281
11981.324207	76.773	110.4893
11981.690418	76.780	110.1660
11982.056629	76.789	109.7119
11982.422840	76.777	109.2578
11982.789051	76.767	108.9180
11983.155262	76.767	108.5303
11983.521473	76.752	108.1221
11983.887684	76.738	107.8613
11984.253895	76.750	107.5967
11984.620106	76.764	107.1631
11984.986317	76.759	106.7002
11985.352528	76.749	106.3086
11985.718739	76.742	105.9453
11986.084950	76.738	105.6025
11986.451161	76.743	105.2412
11986.817372	76.748	104.7920
11987.183583	76.738	104.3193
11987.549794	76.720	103.9473
11987.916004	76.714	103.6406
11988.282215	76.720	103.2744
11988.648426	76.720	102.8594
11989.014637	76.719	102.4561
11989.380848	76.718	102.0186
11989.747059	76.704	101.5977
11990.113270	76.695	101.3008
11990.479481	76.707	100.9678
11990.845692	76.713	100.4912
11991.211903	76.702	100.0771
11991.578114	76.703	99.7422
11991.944325	76.711	99.3008
11992.310536	76.702	98.8398
11992.676747	76.692	98.4619
11993.042958	76.684	98.0723
11993.409169	76.669	97.7393
11993.775380	76.671	97.5020
11994.141591	76.692	97.1191
11994.507802	76.687	96.6279
11994.874013	76.673	96.3213
11995.240224	76.693	96.0137
11995.606435	76.704	95.4336
11995.972646	76.668	94.9512
11996.338857	76.649	94.7949
11996.705068	76.676	94.5088
11997.071279	76.682	93.9746
11997.437490	76.663	93.6006
11997.803701	76.671	93.3008
11998.169912	76.679	92.7949
11998.536123	76.654	92.3447
11998.902333	76.642	92.0947
11999.268544	76.655	91.7354
11999.634755	76.646	91.2695
12000.000966	76.627	90.9727
