* Measurement data measured by REW V5.40 beta 133
* Source: EXCL: Behringer UMC22 (USB Audio CODEC ), MICROPHONE (Master Volume), L, Volume: 1.000
* Format: 256k Log Swept Sine, 1 sweep at -20.0 dBFS using a loopback as calibration and timing reference
* Dated: Sep 6, 2026, 6:54:03 PM
* REW Settings:
*  C-weighting compensation: Off
*  Target level: 75.0 dB
* Note: DELAY 3.0067 ms (1.031 m, 3 ft 4.6 in) relative to Loopback as cal ref from  L to MICROPHONE (Master Volume) R with no timing offset
* Measurement: SB26-IW-000deg-tweeter-axis-1m-U22-260906-C2
* Smoothing: None
* Frequency Step: 0.36621097 Hz
* Start Frequency: 500.0 Hz
*
* Freq(Hz)	SPL(dB)	Phase(degrees)
499.877960	68.191	1.3835
500.244171	68.238	0.9690
500.610382	68.279	0.3909
500.976593	68.297	-0.1338
501.342804	68.323	-0.5649
501.709015	68.349	-1.0566
502.075226	68.363	-1.4891
502.441437	68.388	-1.8281
502.807648	68.424	-2.2173
503.173859	68.460	-2.6353
503.540070	68.502	-3.0995
503.906281	68.535	-3.6669
504.272492	68.546	-4.1975
504.638703	68.554	-4.5909
505.004914	68.577	-4.8708
505.371125	68.632	-5.1638
505.737336	68.703	-5.7444
506.103547	68.727	-6.5181
506.469758	68.716	-7.0038
506.835969	68.743	-7.2695
507.202180	68.796	-7.7386
507.568391	68.825	-8.3177
507.934601	68.847	-8.7719
508.300812	68.883	-9.2150
508.667023	68.918	-9.7200
509.033234	68.950	-10.2349
509.399445	68.976	-10.7744
509.765656	68.989	-11.2655
510.131867	69.008	-11.6294
510.498078	69.046	-12.0093
510.864289	69.080	-12.5023
511.230500	69.100	-12.9532
511.596711	69.131	-13.3096
511.962922	69.176	-13.7661
512.329133	69.204	-14.3373
512.695344	69.212	-14.7909
513.061555	69.237	-15.1096
513.427766	69.283	-15.5085
513.793977	69.326	-16.0635
514.160188	69.347	-16.6644
514.526399	69.353	-17.1550
514.892610	69.371	-17.5095
515.258821	69.411	-17.9303
515.625032	69.439	-18.4792
515.991243	69.454	-18.9246
516.357454	69.491	-19.3030
516.723665	69.535	-19.8823
517.089876	69.548	-20.5132
517.456087	69.569	-20.9436
517.822298	69.619	-21.4949
518.188509	69.639	-22.2416
518.554720	69.627	-22.7256
518.920931	69.658	-22.9744
519.287141	69.727	-23.4814
519.653352	69.767	-24.2339
520.019563	69.776	-24.8815
520.385774	69.789	-25.4006
520.751985	69.812	-25.9143
521.118196	69.834	-26.4690
521.484407	69.844	-27.0234
521.850618	69.850	-27.4282
522.216829	69.888	-27.7678
522.583040	69.941	-28.3411
522.949251	69.958	-29.0310
523.315462	69.960	-29.4983
523.681673	69.993	-29.8788
524.047884	70.036	-30.4489
524.414095	70.053	-31.0706
524.780306	70.065	-31.5210
525.146517	70.105	-31.9241
525.512728	70.157	-32.5125
525.878939	70.187	-33.2239
526.245150	70.198	-33.8470
526.611361	70.211	-34.3818
526.977572	70.226	-34.8818
527.343783	70.251	-35.3235
527.709994	70.293	-35.8267
528.076205	70.328	-36.4675
528.442416	70.343	-37.0753
528.808627	70.362	-37.6052
529.174838	70.382	-38.1660
529.541049	70.394	-38.6912
529.907260	70.414	-39.1309
530.273470	70.448	-39.6262
530.639681	70.474	-40.2229
531.005892	70.484	-40.7610
531.372103	70.505	-41.1802
531.738314	70.548	-41.6997
532.104525	70.569	-42.3954
532.470736	70.559	-42.9080
532.836947	70.584	-43.1821
533.203158	70.649	-43.7200
533.569369	70.673	-44.5238
533.935580	70.663	-45.0706
534.301791	70.689	-45.4639
534.668002	70.725	-46.0701
535.034213	70.735	-46.6760
535.400424	70.755	-47.1460
535.766635	70.789	-47.7400
536.132846	70.799	-48.3875
536.499057	70.805	-48.8616
536.865268	70.834	-49.3339
537.231479	70.860	-49.8983
537.597690	70.873	-50.3970
537.963901	70.892	-50.8273
538.330112	70.917	-51.2732
538.696323	70.947	-51.7283
539.062534	70.982	-52.2644
539.428745	70.997	-52.8784
539.794956	70.993	-53.3352
540.161167	71.012	-53.6252
540.527378	71.060	-54.0481
540.893589	71.093	-54.6555
541.259800	71.101	-55.2065
541.626010	71.111	-55.6196
541.992221	71.136	-56.0098
542.358432	71.170	-56.4534
542.724643	71.204	-56.9691
543.090854	71.229	-57.5580
543.457065	71.236	-58.1282
543.823276	71.238	-58.5688
544.189487	71.257	-58.9550
544.555698	71.283	-59.4272
544.921909	71.299	-59.9431
545.288120	71.308	-60.3899
545.654331	71.326	-60.7825
546.020542	71.355	-61.2039
546.386753	71.386	-61.7109
546.752964	71.407	-62.2839
547.119175	71.414	-62.8160
547.485386	71.424	-63.2463
547.851597	71.450	-63.6965
548.217808	71.471	-64.2749
548.584019	71.468	-64.7944
548.950230	71.479	-65.1279
549.316441	71.521	-65.5935
549.682652	71.536	-66.2853
550.048863	71.514	-66.7395
550.415074	71.532	-66.9403
550.781285	71.588	-67.3867
551.147496	71.614	-68.0424
551.513707	71.620	-68.5615
551.879918	71.640	-69.0336
552.246129	71.656	-69.5701
552.612339	71.663	-70.0530
552.978550	71.677	-70.4741
553.344761	71.699	-70.8933
553.710972	71.728	-71.3503
554.077183	71.754	-71.8789
554.443394	71.767	-72.3711
554.809605	71.792	-72.7740
555.175816	71.835	-73.2915
555.542027	71.861	-73.9845
555.908238	71.854	-74.5923
556.274449	71.851	-75.0029
556.640660	71.870	-75.3962
557.006871	71.894	-75.8655
557.373082	71.917	-76.3596
557.739293	71.939	-76.9158
558.105504	71.941	-77.5093
558.471715	71.926	-77.9500
558.837926	71.941	-78.2065
559.204137	71.996	-78.6047
559.570348	72.042	-79.2972
559.936559	72.047	-80.0193
560.302770	72.039	-80.5178
560.668981	72.058	-80.9044
561.035192	72.095	-81.4490
561.401403	72.109	-82.1130
561.767614	72.104	-82.6105
562.133825	72.126	-82.9990
562.500036	72.162	-83.5698
562.866247	72.170	-84.2177
563.232458	72.168	-84.6858
563.598669	72.190	-85.0869
563.964879	72.224	-85.6008
564.331090	72.248	-86.1938
564.697301	72.262	-86.7819
565.063512	72.275	-87.3042
565.429723	72.301	-87.8513
565.795934	72.315	-88.5515
566.162145	72.292	-89.1371
566.528356	72.287	-89.3984
566.894567	72.335	-89.7504
567.260778	72.373	-90.4243
567.626989	72.374	-91.0334
567.993200	72.390	-91.4958
568.359411	72.417	-92.0885
568.725622	72.422	-92.7290
569.091833	72.421	-93.2482
569.458044	72.429	-93.7310
569.824255	72.439	-94.2156
570.190466	72.455	-94.6936
570.556677	72.473	-95.2126
570.922888	72.487	-95.7458
571.289099	72.500	-96.2607
571.655310	72.513	-96.7795
572.021521	72.524	-97.2896
572.387732	72.535	-97.7697
572.753943	72.552	-98.2219
573.120154	72.581	-98.7072
573.486365	72.607	-99.3187
573.852576	72.608	-99.9354
574.218787	72.606	-100.3528
574.584998	72.638	-100.7361
574.951209	72.678	-101.3567
575.317419	72.683	-102.0565
575.683630	72.673	-102.5667
576.049841	72.684	-102.9817
576.416052	72.706	-103.4780
576.782263	72.720	-104.0022
577.148474	72.739	-104.5042
577.514685	72.761	-105.0841
577.880896	72.763	-105.7029
578.247107	72.755	-106.1521
578.613318	72.776	-106.5022
578.979529	72.817	-107.0564
579.345740	72.828	-107.7427
579.711951	72.821	-108.2377
580.078162	72.843	-108.6450
580.444373	72.874	-109.2209
580.810584	72.878	-109.8320
581.176795	72.878	-110.2839
581.543006	72.898	-110.7198
581.909217	72.920	-111.2681
582.275428	72.927	-111.8291
582.641639	72.930	-112.3123
583.007850	72.942	-112.7605
583.374061	72.958	-113.2639
583.740272	72.962	-113.7834
584.106483	72.963	-114.1790
584.472694	72.987	-114.5222
584.838905	73.025	-115.0272
585.205116	73.043	-115.6499
585.571327	73.043	-116.1882
585.937538	73.049	-116.6316
586.303748	73.064	-117.0967
586.669959	73.074	-117.6033
587.036170	73.078	-118.0540
587.402381	73.094	-118.4434
587.768592	73.123	-118.9312
588.134803	73.138	-119.5251
588.501014	73.139	-120.0410
588.867225	73.151	-120.5123
589.233436	73.160	-121.0674
589.599647	73.153	-121.5664
589.965858	73.157	-121.9358
590.332069	73.181	-122.3784
590.698280	73.195	-122.9246
591.064491	73.199	-123.4055
591.430702	73.215	-123.8676
591.796913	73.228	-124.4082
592.163124	73.229	-124.8938
592.529335	73.244	-125.2965
592.895546	73.273	-125.8188
593.261757	73.281	-126.4343
593.627968	73.276	-126.9175
593.994179	73.287	-127.3220
594.360390	73.305	-127.8081
594.726601	73.314	-128.3049
595.092812	73.324	-128.7383
595.459023	73.344	-129.1675
595.825234	73.371	-129.6532
596.191445	73.394	-130.2471
596.557656	73.393	-130.8634
596.923867	73.380	-131.3094
597.290078	73.391	-131.6584
597.656288	73.415	-132.1187
598.022499	73.428	-132.6484
598.388710	73.436	-133.1620
598.754921	73.440	-133.6846
599.121132	73.434	-134.1482
599.487343	73.439	-134.5242
599.853554	73.458	-134.9579
600.219765	73.469	-135.4711
600.585976	73.473	-135.9153
600.952187	73.494	-136.3369
601.318398	73.516	-136.9133
601.684609	73.511	-137.4958
602.050820	73.508	-137.8672
602.417031	73.540	-138.3022
602.783242	73.554	-138.9814
603.149453	73.533	-139.4998
603.515664	73.542	-139.8359
603.881875	73.569	-140.4015
604.248086	73.558	-140.9902
604.614297	73.558	-141.3013
604.980508	73.599	-141.7623
605.346719	73.609	-142.4531
605.712930	73.595	-142.9086
606.079141	73.617	-143.2866
606.445352	73.640	-143.8988
606.811563	73.630	-144.4509
607.177774	73.635	-144.8387
607.543985	73.658	-145.3412
607.910196	73.662	-145.9254
608.276407	73.655	-146.4021
608.642617	73.659	-146.8002
609.008828	73.677	-147.2087
609.375039	73.702	-147.6885
609.741250	73.725	-148.2701
610.107461	73.732	-148.8967
610.473672	73.724	-149.4460
610.839883	73.722	-149.8621
611.206094	73.745	-150.3041
611.572305	73.764	-150.9270
611.938516	73.752	-151.5322
612.304727	73.741	-151.9153
612.670938	73.761	-152.2732
613.037149	73.787	-152.8073
613.403360	73.791	-153.3796
613.769571	73.790	-153.8179
614.135782	73.807	-154.1953
614.501993	73.839	-154.6895
614.868204	73.857	-155.2905
615.234415	73.861	-155.8435
615.600626	73.868	-156.3510
615.966837	73.873	-156.8788
616.333048	73.872	-157.3474
616.699259	73.886	-157.7781
617.065470	73.904	-158.3235
617.431681	73.904	-158.9172
617.797892	73.894	-159.4043
618.164103	73.893	-159.8289
618.530314	73.899	-160.2588
618.896525	73.911	-160.7040
619.262736	73.924	-161.2188
619.628947	73.923	-161.7476
619.995157	73.922	-162.1588
620.361368	73.944	-162.5715
620.727579	73.967	-163.1760
621.093790	73.958	-163.8000
621.460001	73.943	-164.2073
621.826212	73.958	-164.5608
622.192423	73.981	-165.0619
622.558634	73.990	-165.5901
622.924845	74.002	-166.0723
623.291056	74.015	-166.6064
623.657267	74.016	-167.1187
624.023478	74.026	-167.5366
624.389689	74.053	-168.0417
624.755900	74.063	-168.6699
625.122111	74.053	-169.1914
625.488322	74.055	-169.5845
625.854533	74.073	-170.0253
626.220744	74.088	-170.5369
626.586955	74.098	-171.0559
626.953166	74.103	-171.5608
627.319377	74.108	-172.0164
627.685588	74.119	-172.4717
628.051799	74.127	-172.9822
628.418010	74.124	-173.4672
628.784221	74.125	-173.8774
629.150432	74.135	-174.3197
629.516643	74.136	-174.7808
629.882854	74.138	-175.1476
630.249065	74.161	-175.5286
630.615276	74.185	-176.0587
630.981486	74.189	-176.6184
631.347697	74.187	-177.0991
631.713908	74.187	-177.5304
632.080119	74.194	-177.9165
632.446330	74.217	-178.3494
632.812541	74.233	-178.9326
633.178752	74.221	-179.4688
633.544963	74.216	-179.8101
633.911174	74.239	179.7986
634.277385	74.253	179.2476
634.643596	74.248	178.7551
635.009807	74.250	178.3501
635.376018	74.258	177.9202
635.742229	74.266	177.5107
636.108440	74.286	177.0785
636.474651	74.301	176.5227
636.840862	74.294	175.9929
637.207073	74.289	175.5974
637.573284	74.300	175.1917
637.939495	74.308	174.7296
638.305706	74.313	174.3086
638.671917	74.328	173.9009
639.038128	74.348	173.4104
639.404339	74.358	172.8514
639.770550	74.355	172.3257
640.136761	74.350	171.8914
640.502972	74.356	171.5029
640.869183	74.373	171.0782
641.235394	74.391	170.5620
641.601605	74.394	169.9873
641.967816	74.382	169.5079
642.334026	74.381	169.1637
642.700237	74.401	168.7625
643.066448	74.414	168.2429
643.432659	74.414	167.7673
643.798870	74.421	167.3468
644.165081	74.431	166.8806
644.531292	74.436	166.4204
644.897503	74.447	165.9840
645.263714	74.459	165.4738
645.629925	74.454	164.9658
645.996136	74.452	164.5889
646.362347	74.472	164.1941
646.728558	74.488	163.6405
647.094769	74.481	163.1136
647.460980	74.479	162.7258
647.827191	74.495	162.2888
648.193402	74.500	161.7554
648.559613	74.493	161.3064
648.925824	74.499	160.9370
649.292035	74.517	160.4871
649.658246	74.525	159.9634
650.024457	74.521	159.4891
650.390668	74.521	159.1000
650.756879	74.535	158.7219
651.123090	74.556	158.2644
651.489301	74.567	157.7418
651.855512	74.568	157.2454
652.221723	74.576	156.8013
652.587934	74.590	156.3049
652.954145	74.591	155.7745
653.320356	74.587	155.3551
653.686566	74.603	154.9805
654.052777	74.626	154.4580
654.418988	74.625	153.8903
654.785199	74.619	153.4714
655.151410	74.631	153.0698
655.517621	74.641	152.5640
655.883832	74.639	152.1128
656.250043	74.648	151.7275
656.616254	74.665	151.2405
656.982465	74.665	150.7378
657.348676	74.669	150.3409
657.714887	74.690	149.8849
658.081098	74.698	149.3149
658.447309	74.690	148.8279
658.813520	74.695	148.4299
659.179731	74.711	147.9523
659.545942	74.715	147.4209
659.912153	74.713	146.9612
660.278364	74.723	146.5342
660.644575	74.738	146.0271
661.010786	74.739	145.4801
661.376997	74.732	145.0422
661.743208	74.746	144.6672
662.109419	74.772	144.1482
662.475630	74.776	143.5381
662.841841	74.766	143.0558
663.208052	74.773	142.6365
663.574263	74.784	142.1255
663.940474	74.780	141.6088
664.306685	74.774	141.1924
664.672895	74.780	140.8303
665.039106	74.799	140.4275
665.405317	74.820	139.9218
665.771528	74.826	139.3822
666.137739	74.828	138.9133
666.503950	74.838	138.4534
666.870161	74.845	137.9385
667.236372	74.844	137.4535
667.602583	74.846	137.0281
667.968794	74.857	136.5901
668.335005	74.869	136.1084
668.701216	74.877	135.5989
669.067427	74.879	135.1013
669.433638	74.882	134.6370
669.799849	74.890	134.1617
670.166060	74.895	133.6567
670.532271	74.894	133.1763
670.898482	74.897	132.7373
671.264693	74.906	132.2782
671.630904	74.912	131.7660
671.997115	74.907	131.2898
672.363326	74.908	130.9192
672.729537	74.930	130.5079
673.095748	74.947	129.9387
673.461959	74.940	129.4070
673.828170	74.941	129.0281
674.194381	74.963	128.5747
674.560592	74.972	127.9835
674.926803	74.961	127.4877
675.293014	74.963	127.0969
675.659225	74.976	126.6418
676.025435	74.980	126.1604
676.391646	74.984	125.7319
676.757857	74.995	125.3123
677.124068	75.012	124.8667
677.490279	75.033	124.3530
677.856490	75.034	123.7753
678.222701	75.016	123.3347
678.588912	75.017	123.0466
678.955123	75.040	122.6433
679.321334	75.045	122.1302
679.687545	75.037	121.7346
680.053756	75.045	121.4167
680.419967	75.065	121.0222
680.786178	75.079	120.5503
681.152389	75.083	120.0634
681.518600	75.080	119.6384
681.884811	75.085	119.2690
682.251022	75.098	118.8246
682.617233	75.096	118.3430
682.983444	75.089	117.9890
683.349655	75.105	117.6438
683.715866	75.120	117.1355
684.082077	75.108	116.6648
684.448288	75.107	116.3745
684.814499	75.135	115.9966
685.180710	75.149	115.4185
685.546921	75.136	114.9192
685.913132	75.132	114.5723
686.279343	75.146	114.1648
686.645554	75.151	113.6829
687.011764	75.148	113.2529
687.377975	75.151	112.8677
687.744186	75.159	112.4900
688.110397	75.174	112.0950
688.476608	75.190	111.6299
688.842819	75.196	111.1405
689.209030	75.198	110.7104
689.575241	75.206	110.2998
689.941452	75.216	109.8496
690.307663	75.220	109.3916
690.673874	75.221	108.9794
691.040085	75.228	108.6033
691.406296	75.242	108.1870
691.772507	75.250	107.7194
692.138718	75.249	107.3015
692.504929	75.257	106.9373
692.871140	75.273	106.5100
693.237351	75.280	106.0347
693.603562	75.280	105.6177
693.969773	75.290	105.2207
694.335984	75.299	104.7644
694.702195	75.298	104.3250
695.068406	75.303	103.9626
695.434617	75.321	103.5435
695.800828	75.328	103.0178
696.167039	75.316	102.5962
696.533250	75.322	102.3092
696.899461	75.349	101.8936
697.265672	75.357	101.3550
697.631883	75.351	100.9369
697.998094	75.361	100.5752
698.364304	75.373	100.1313
698.730515	75.378	99.7161
699.096726	75.392	99.3231
699.462937	75.407	98.8347
699.829148	75.405	98.3650
700.195359	75.407	97.9944
700.561570	75.420	97.5929
700.927781	75.429	97.1533
701.293992	75.437	96.7515
701.660203	75.451	96.3208
702.026414	75.460	95.8394
702.392625	75.460	95.3917
702.758836	75.462	94.9814
703.125047	75.464	94.5923
703.491258	75.473	94.2319
703.857469	75.491	93.8242
704.223680	75.501	93.3354
704.589891	75.504	92.8962
704.956102	75.519	92.4814
705.322313	75.536	91.9639
705.688524	75.535	91.4568
706.054735	75.539	91.0585
706.420946	75.558	90.6067
706.787157	75.565	90.0715
707.153368	75.563	89.6145
707.519579	75.571	89.2041
707.885790	75.583	88.7371
708.252001	75.588	88.2615
708.618212	75.592	87.8169
708.984423	75.597	87.4127
709.350634	75.614	87.0208
709.716844	75.637	86.5127
710.083055	75.640	85.9335
710.449266	75.631	85.4841
710.815477	75.639	85.0918
711.181688	75.648	84.6067
711.547899	75.643	84.1552
711.914110	75.647	83.8011
712.280321	75.666	83.3979
712.646532	75.682	82.9072
713.012743	75.689	82.3967
713.378954	75.688	81.9163
713.745165	75.688	81.5085
714.111376	75.701	81.1121
714.477587	75.719	80.6262
714.843798	75.724	80.0963
715.210009	75.721	79.6196
715.576220	75.721	79.2073
715.942431	75.730	78.8083
716.308642	75.743	78.3667
716.674853	75.753	77.9055
717.041064	75.764	77.4548
717.407275	75.775	76.9697
717.773486	75.779	76.4841
718.139697	75.783	76.0532
718.505908	75.793	75.6007
718.872119	75.795	75.1460
719.238330	75.801	74.7839
719.604541	75.825	74.3906
719.970752	75.845	73.8672
720.336963	75.848	73.3511
720.703173	75.848	72.9216
721.069384	75.856	72.5432
721.435595	75.878	72.1444
721.801806	75.901	71.6133
722.168017	75.899	71.0503
722.534228	75.892	70.6659
722.900439	75.910	70.3184
723.266650	75.933	69.8145
723.632861	75.938	69.2961
723.999072	75.944	68.8326
724.365283	75.949	68.3314
724.731494	75.943	67.8853
725.097705	75.949	67.5430
725.463916	75.974	67.1178
725.830127	75.989	66.5642
726.196338	75.987	66.0498
726.562549	75.987	65.6301
726.928760	75.997	65.2046
727.294971	76.006	64.7299
727.661182	76.010	64.2849
728.027393	76.021	63.8765
728.393604	76.038	63.3892
728.759815	76.040	62.8718
729.126026	76.038	62.4797
729.492237	76.059	62.1091
729.858448	76.083	61.5920
730.224659	76.088	61.0375
730.590870	76.085	60.5795
730.957081	76.091	60.1702
731.323292	76.105	59.7415
731.689503	76.119	59.2693
732.055713	76.129	58.7946
732.421924	76.136	58.3386
732.788135	76.143	57.8704
733.154346	76.142	57.4087
733.520557	76.140	57.0344
733.886768	76.153	56.6877
734.252979	76.172	56.2532
734.619190	76.182	55.7690
734.985401	76.184	55.3340
735.351612	76.191	54.9668
735.717823	76.212	54.5780
736.084034	76.232	54.0725
736.450245	76.232	53.5618
736.816456	76.231	53.1899
737.182667	76.251	52.8136
737.548878	76.268	52.3074
737.915089	76.268	51.8412
738.281300	76.277	51.4680
738.647511	76.296	51.0082
739.013722	76.300	50.4841
739.379933	76.293	50.0736
739.746144	76.302	49.7341
740.112355	76.321	49.3201
740.478566	76.335	48.8364
740.844777	76.341	48.3468
741.210988	76.340	47.8779
741.577199	76.336	47.4730
741.943410	76.341	47.1238
742.309621	76.359	46.7207
742.675832	76.371	46.2349
743.042042	76.372	45.7793
743.408253	76.378	45.3896
743.774464	76.393	44.9659
744.140675	76.404	44.4810
744.506886	76.405	44.0336
744.873097	76.414	43.6465
745.239308	76.434	43.2063
745.605519	76.445	42.6952
745.971730	76.445	42.2496
746.337941	76.456	41.8744
746.704152	76.478	41.4280
747.070363	76.491	40.9248
747.436574	76.499	40.4609
747.802785	76.509	39.9956
748.168996	76.513	39.5352
748.535207	76.518	39.1547
748.901418	76.538	38.7512
749.267629	76.551	38.2535
749.633840	76.550	37.8308
750.000051	76.563	37.5085
750.366262	76.593	37.0737
750.732473	76.606	36.5273
751.098684	76.605	36.0737
751.464895	76.615	35.6920
751.831106	76.633	35.2256
752.197317	76.636	34.7247
752.563528	76.634	34.3125
752.929739	76.644	33.9307
753.295950	76.657	33.4885
753.662161	76.663	33.0438
754.028372	76.672	32.6453
754.394582	76.690	32.2045
754.760793	76.700	31.6858
755.127004	76.696	31.2289
755.493215	76.702	30.8840
755.859426	76.726	30.4661
756.225637	76.739	29.9275
756.591848	76.737	29.4836
756.958059	76.753	29.1216
757.324270	76.779	28.6074
757.690481	76.779	28.0366
758.056692	76.774	27.6271
758.422903	76.790	27.2275
758.789114	76.801	26.7080
759.155325	76.794	26.2561
759.521536	76.800	25.9155
759.887747	76.821	25.5031
760.253958	76.832	25.0144
760.620169	76.837	24.5833
760.986380	76.850	24.1765
761.352591	76.865	23.7102
761.718802	76.872	23.2478
762.085013	76.882	22.8511
762.451224	76.905	22.4224
762.817435	76.926	21.8949
763.183646	76.934	21.3523
763.549857	76.936	20.8601
763.916068	76.939	20.4087
764.282279	76.946	19.9847
764.648490	76.961	19.5486
765.014701	76.977	19.0590
765.380911	76.986	18.5334
765.747122	76.985	18.0343
766.113333	76.983	17.6208
766.479544	76.994	17.2551
766.845755	77.015	16.8240
767.211966	77.031	16.3301
767.578177	77.041	15.8508
767.944388	77.053	15.3698
768.310599	77.060	14.8730
768.676810	77.062	14.4160
769.043021	77.069	14.0020
769.409232	77.083	13.5735
769.775443	77.096	13.1011
770.141654	77.102	12.6372
770.507865	77.111	12.2306
770.874076	77.132	11.7800
771.240287	77.143	11.2344
771.606498	77.137	10.7788
771.972709	77.149	10.4333
772.338920	77.176	9.9514
772.705131	77.179	9.3745
773.071342	77.168	8.9763
773.437553	77.186	8.6681
773.803764	77.220	8.1799
774.169975	77.231	7.5714
774.536186	77.224	7.0562
774.902397	77.221	6.6487
775.268608	77.230	6.2566
775.634819	77.246	5.8302
776.001030	77.262	5.3469
776.367241	77.272	4.8206
776.733451	77.272	4.3159
777.099662	77.269	3.8805
777.465873	77.276	3.4885
777.832084	77.294	3.0566
778.198295	77.308	2.5400
778.564506	77.309	2.0303
778.930717	77.311	1.6091
779.296928	77.326	1.1720
779.663139	77.337	0.6499
780.029350	77.336	0.1693
780.395561	77.342	-0.2422
780.761772	77.355	-0.6982
781.127983	77.363	-1.1750
781.494194	77.373	-1.6219
781.860405	77.386	-2.1033
782.226616	77.391	-2.5939
782.592827	77.398	-3.0308
782.959038	77.413	-3.4958
783.325249	77.420	-4.0142
783.691460	77.419	-4.4738
784.057671	77.426	-4.8773
784.423882	77.441	-5.3237
784.790093	77.449	-5.8032
785.156304	77.452	-6.2328
785.522515	77.467	-6.6252
785.888726	77.490	-7.1067
786.254937	77.497	-7.6720
786.621148	77.490	-8.1217
786.987359	77.502	-8.4825
787.353570	77.525	-8.9910
787.719781	77.521	-9.5288
788.085991	77.520	-9.8853
788.452202	77.547	-10.2966
788.818413	77.561	-10.8867
789.184624	77.553	-11.3685
789.550835	77.563	-11.7513
789.917046	77.579	-12.2585
790.283257	77.576	-12.7520
790.649468	77.581	-13.1217
791.015679	77.605	-13.5715
791.381890	77.621	-14.1348
791.748101	77.624	-14.6725
792.114312	77.627	-15.1594
792.480523	77.632	-15.6270
792.846734	77.642	-16.0978
793.212945	77.652	-16.5967
793.579156	77.658	-17.1060
793.945367	77.661	-17.6101
794.311578	77.660	-18.0962
794.677789	77.657	-18.5181
795.044000	77.667	-18.8972
795.410211	77.689	-19.3394
795.776422	77.706	-19.8906
796.142633	77.705	-20.4629
796.508844	77.693	-20.9208
796.875055	77.693	-21.2709
797.241266	77.711	-21.6587
797.607477	77.730	-22.1385
797.973688	77.743	-22.6577
798.339899	77.747	-23.1842
798.706110	77.743	-23.6482
799.072320	77.751	-24.0247
799.438531	77.778	-24.4874
799.804742	77.792	-25.1135
800.170953	77.777	-25.6681
800.537164	77.768	-26.0237
800.903375	77.787	-26.3772
801.269586	77.812	-26.8785
801.635797	77.823	-27.4495
802.002008	77.822	-27.9658
802.368219	77.825	-28.3868
802.734430	77.847	-28.8267
803.100641	77.867	-29.4181
803.466852	77.859	-30.0026
803.833063	77.853	-30.3916
804.199274	77.878	-30.8016
804.565485	77.896	-31.4093
804.931696	77.886	-31.9581
805.297907	77.887	-32.3357
805.664118	77.910	-32.7966
806.030329	77.920	-33.3851
806.396540	77.912	-33.8816
806.762751	77.918	-34.2803
807.128962	77.935	-34.7537
807.495173	77.942	-35.2924
807.861384	77.942	-35.7628
808.227595	77.951	-36.2074
808.593806	77.960	-36.7213
808.960017	77.958	-37.1924
809.326228	77.967	-37.5684
809.692439	77.994	-38.0430
810.058650	78.008	-38.6580
810.424860	78.001	-39.2146
810.791071	77.998	-39.6602
811.157282	78.005	-40.0995
811.523493	78.016	-40.5760
811.889704	78.026	-41.0762
812.255915	78.034	-41.5862
812.622126	78.040	-42.1083
812.988337	78.041	-42.6321
813.354548	78.038	-43.1133
813.720759	78.040	-43.5552
814.086970	78.048	-43.9985
814.453181	78.059	-44.4583
814.819392	78.071	-44.9625
815.185603	78.075	-45.4839
815.551814	78.076	-45.9391
815.918025	78.088	-46.3835
816.284236	78.100	-46.9012
816.650447	78.102	-47.4106
817.016658	78.108	-47.8721
817.382869	78.118	-48.3646
817.749080	78.124	-48.8865
818.115291	78.125	-49.3901
818.481502	78.126	-49.8774
818.847713	78.127	-50.3544
819.213924	78.128	-50.8240
819.580135	78.127	-51.2666
819.946346	78.135	-51.6775
820.312557	78.151	-52.1440
820.678768	78.159	-52.6799
821.044979	78.159	-53.1704
821.411189	78.166	-53.6306
821.777400	78.174	-54.1431
822.143611	78.174	-54.6277
822.509822	78.177	-55.0649
822.876033	78.186	-55.5327
823.242244	78.191	-56.0132
823.608455	78.197	-56.4821
823.974666	78.202	-56.9879
824.340877	78.197	-57.4492
824.707088	78.202	-57.8162
825.073299	78.224	-58.2659
825.439510	78.232	-58.8162
825.805721	78.229	-59.2642
826.171932	78.243	-59.6730
826.538143	78.259	-60.2031
826.904354	78.256	-60.7183
827.270565	78.258	-61.1396
827.636776	78.268	-61.5942
828.002987	78.271	-62.0449
828.369198	78.283	-62.4480
828.735409	78.302	-62.9358
829.101620	78.307	-63.4597
829.467831	78.314	-63.9038
829.834042	78.333	-64.4274
830.200253	78.329	-65.0486
830.566464	78.306	-65.4890
830.932675	78.310	-65.7903
831.298886	78.333	-66.2501
831.665097	78.335	-66.8031
832.031308	78.328	-67.2234
832.397519	78.341	-67.6045
832.763729	78.359	-68.1025
833.129940	78.365	-68.6511
833.496151	78.363	-69.1504
833.862362	78.363	-69.5967
834.228573	78.373	-70.0515
834.594784	78.383	-70.5779
834.960995	78.379	-71.1096
835.327206	78.374	-71.5488
835.693417	78.382	-71.9773
836.059628	78.391	-72.4702
836.425839	78.393	-72.9509
836.792050	78.400	-73.4172
837.158261	78.405	-73.9204
837.524472	78.403	-74.3955
837.890683	78.406	-74.8225
838.256894	78.415	-75.2637
838.623105	78.426	-75.7224
838.989316	78.439	-76.2258
839.355527	78.441	-76.7656
839.721738	78.436	-77.2119
840.087949	78.448	-77.6257
840.454160	78.461	-78.1719
840.820371	78.451	-78.6841
841.186582	78.452	-79.0447
841.552793	78.476	-79.5242
841.919004	78.476	-80.1470
842.285215	78.456	-80.5972
842.651426	78.460	-80.9229
843.017637	78.479	-81.3721
843.383848	78.488	-81.8889
843.750059	78.494	-82.3940
844.116269	78.495	-82.9280
844.482480	78.487	-83.4041
844.848691	78.489	-83.8008
845.214902	78.504	-84.2759
845.581113	78.508	-84.8330
845.947324	78.499	-85.3281
846.313535	78.497	-85.7502
846.679746	78.503	-86.1833
847.045957	78.509	-86.6589
847.412168	78.511	-87.1238
847.778379	78.518	-87.5515
848.144590	78.533	-88.0493
848.510801	78.533	-88.6216
848.877012	78.518	-89.0654
849.243223	78.525	-89.4087
849.609434	78.547	-89.8979
849.975645	78.548	-90.4734
850.341856	78.537	-90.9238
850.708067	78.540	-91.3157
851.074278	78.549	-91.7566
851.440489	78.556	-92.2112
851.806700	78.565	-92.6873
852.172911	78.569	-93.1843
852.539122	78.571	-93.6367
852.905333	78.582	-94.0781
853.271544	78.597	-94.6104
853.637755	78.596	-95.2148
854.003966	78.577	-95.7354
854.370177	78.564	-96.0903
854.736388	78.576	-96.4407
855.102598	78.594	-96.9353
855.468809	78.598	-97.4548
855.835020	78.603	-97.9177
856.201231	78.615	-98.4480
856.567442	78.611	-99.0210
856.933653	78.598	-99.4885
857.299864	78.595	-99.8882
857.666075	78.598	-100.2898
858.032286	78.611	-100.6792
858.398497	78.635	-101.1484
858.764708	78.650	-101.7527
859.130919	78.642	-102.3223
859.497130	78.635	-102.7668
859.863341	78.641	-103.2227
860.229552	78.642	-103.7329
860.595763	78.637	-104.1914
860.961974	78.641	-104.6038
861.328185	78.653	-105.0859
861.694396	78.655	-105.6401
862.060607	78.643	-106.1387
862.426818	78.637	-106.5435
862.793029	78.643	-106.9731
863.159240	78.644	-107.4595
863.525451	78.640	-107.8923
863.891662	78.647	-108.3081
864.257873	78.654	-108.8010
864.624084	78.651	-109.2485
864.990295	78.664	-109.6431
865.356506	78.687	-110.2100
865.722717	78.677	-110.8484
866.088928	78.657	-111.2698
866.455138	78.667	-111.6333
866.821349	78.681	-112.1650
867.187560	78.675	-112.6919
867.553771	78.675	-113.1282
867.919982	78.683	-113.6289
868.286193	78.679	-114.1538
868.652404	78.673	-114.6011
869.018615	78.674	-115.0498
869.384826	78.672	-115.4951
869.751037	78.678	-115.8892
870.117248	78.698	-116.3726
870.483459	78.702	-116.9656
870.849670	78.689	-117.4604
871.215881	78.690	-117.8713
871.582092	78.699	-118.3669
871.948303	78.695	-118.8843
872.314514	78.691	-119.3379
872.680725	78.692	-119.7925
873.046936	78.693	-120.2341
873.413147	78.704	-120.6689
873.779358	78.719	-121.2148
874.145569	78.714	-121.8127
874.511780	78.698	-122.2993
874.877991	78.691	-122.7097
875.244202	78.691	-123.1221
875.610413	78.698	-123.5327
875.976624	78.712	-124.0034
876.342835	78.715	-124.5500
876.709046	78.705	-125.0146
877.075257	78.709	-125.3772
877.441467	78.730	-125.8577
877.807678	78.730	-126.4531
878.173889	78.713	-126.8972
878.540100	78.721	-127.2371
878.906311	78.742	-127.7449
879.272522	78.738	-128.3333
879.638733	78.722	-128.7737
880.004944	78.725	-129.1492
880.371155	78.736	-129.5981
880.737366	78.744	-130.1079
881.103577	78.744	-130.6460
881.469788	78.734	-131.1511
881.835999	78.726	-131.5762
882.202210	78.730	-131.9976
882.568421	78.737	-132.4985
882.934632	78.732	-133.0393
883.300843	78.718	-133.5095
883.667054	78.712	-133.8911
884.033265	78.721	-134.3130
884.399476	78.726	-134.8115
884.765687	78.726	-135.2827
885.131898	78.734	-135.7622
885.498109	78.734	-136.3159
885.864320	78.720	-136.7998
886.230531	78.717	-137.1709
886.596742	78.733	-137.6182
886.962953	78.738	-138.1667
887.329164	78.733	-138.6738
887.695375	78.730	-139.1460
888.061586	78.726	-139.6270
888.427797	78.721	-140.0557
888.794007	78.729	-140.4875
889.160218	78.735	-141.0095
889.526429	78.727	-141.4978
889.892640	78.729	-141.9082
890.258851	78.741	-142.3940
890.625062	78.741	-142.9387
890.991273	78.735	-143.4346
891.357484	78.731	-143.9189
891.723695	78.723	-144.3643
892.089906	78.728	-144.7710
892.456117	78.738	-145.2964
892.822328	78.727	-145.8469
893.188539	78.715	-146.2373
893.554750	78.726	-146.6509
893.920961	78.732	-147.1973
894.287172	78.722	-147.6885
894.653383	78.720	-148.1218
895.019594	78.722	-148.5952
895.385805	78.721	-149.0566
895.752016	78.724	-149.5215
896.118227	78.723	-150.0112
896.484438	78.722	-150.4561
896.850649	78.731	-150.9177
897.216860	78.737	-151.4741
897.583071	78.727	-152.0181
897.949282	78.715	-152.4727
898.315493	78.711	-152.8979
898.681704	78.712	-153.3521
899.047915	78.709	-153.8232
899.414126	78.704	-154.2571
899.780336	78.707	-154.6565
900.146547	78.719	-155.1001
900.512758	78.730	-155.6179
900.878969	78.733	-156.1709
901.245180	78.727	-156.7163
901.611391	78.716	-157.2141
901.977602	78.706	-157.6460
902.343813	78.708	-158.0581
902.710024	78.717	-158.5364
903.076235	78.718	-159.0835
903.442446	78.708	-159.5898
903.808657	78.702	-160.0430
904.174868	78.699	-160.5242
904.541079	78.688	-160.9678
904.907290	78.689	-161.3438
905.273501	78.702	-161.8159
905.639712	78.699	-162.3560
906.005923	78.691	-162.7920
906.372134	78.698	-163.2336
906.738345	78.696	-163.7593
907.104556	78.685	-164.1809
907.470767	78.696	-164.5571
907.836978	78.713	-165.1060
908.203189	78.704	-165.6765
908.569400	78.696	-166.1206
908.935611	78.700	-166.6179
909.301822	78.686	-167.1555
909.668033	78.669	-167.5269
910.034244	78.680	-167.8618
910.400455	78.701	-168.3804
910.766666	78.700	-168.9744
911.132876	78.689	-169.4941
911.499087	78.679	-169.9648
911.865298	78.672	-170.4067
912.231509	78.672	-170.8403
912.597720	78.675	-171.3171
912.963931	78.674	-171.8193
913.330142	78.669	-172.3079
913.696353	78.663	-172.7803
914.062564	78.658	-173.2222
914.428775	78.659	-173.6572
914.794986	78.663	-174.1348
915.161197	78.661	-174.6199
915.527408	78.660	-175.0732
915.893619	78.664	-175.5483
916.259830	78.664	-176.0623
916.626041	78.656	-176.5481
916.992252	78.650	-176.9780
917.358463	78.654	-177.3906
917.724674	78.668	-177.8743
918.090885	78.673	-178.4844
918.457096	78.649	-179.0625
918.823307	78.624	-179.4229
919.189518	78.632	-179.7451
919.555729	78.646	179.7268
919.921940	78.631	179.1721
920.288151	78.615	178.8008
920.654362	78.624	178.4255
921.020573	78.632	177.9048
921.386784	78.623	177.3914
921.752995	78.614	176.9478
922.119206	78.610	176.4951
922.485416	78.604	176.0540
922.851627	78.603	175.6323
923.217838	78.605	175.1594
923.584049	78.596	174.6826
923.950260	78.589	174.2993
924.316471	78.600	173.8931
924.682682	78.608	173.3564
925.048893	78.599	172.8413
925.415104	78.598	172.3960
925.781315	78.600	171.8445
926.147526	78.576	171.2856
926.513737	78.550	170.9653
926.879948	78.564	170.6626
927.246159	78.580	170.1118
927.612370	78.564	169.5935
927.978581	78.565	169.2375
928.344792	78.585	168.6895
928.711003	78.566	168.0391
929.077214	78.536	167.6895
929.443425	78.553	167.3630
929.809636	78.564	166.7432
930.175847	78.537	166.2334
930.542058	78.536	165.9329
930.908269	78.558	165.4050
931.274480	78.540	164.7959
931.640691	78.520	164.4617
932.006902	78.540	164.0933
932.373113	78.550	163.4866
932.739324	78.530	162.9668
933.105535	78.523	162.5918
933.471745	78.530	162.1499
933.837956	78.531	161.6545
934.204167	78.527	161.1670
934.570378	78.518	160.6912
934.936589	78.508	160.2725
935.302800	78.507	159.8625
935.669011	78.504	159.4106
936.035222	78.496	159.0010
936.401433	78.497	158.6265
936.767644	78.505	158.1965
937.133855	78.512	157.7168
937.500066	78.513	157.1777
937.866277	78.494	156.6338
938.232488	78.468	156.2668
938.598699	78.472	155.9705
938.964910	78.486	155.4810
939.331121	78.474	154.9448
939.697332	78.460	154.5559
940.063543	78.463	154.1450
940.429754	78.459	153.6772
940.795965	78.455	153.2781
941.162176	78.465	152.8271
941.528387	78.465	152.2654
941.894598	78.446	151.7710
942.260809	78.433	151.3911
942.627020	78.435	151.0264
942.993231	78.447	150.5828
943.359442	78.449	150.0442
943.725653	78.435	149.5654
944.091864	78.432	149.1831
944.458075	78.439	148.7180
944.824285	78.430	148.2339
945.190496	78.426	147.8655
945.556707	78.441	147.4185
945.922918	78.439	146.8508
946.289129	78.422	146.3970
946.655340	78.419	146.0029
947.021551	78.419	145.5303
947.387762	78.409	145.0798
947.753973	78.405	144.6497
948.120184	78.396	144.1885
948.486395	78.382	143.7974
948.852606	78.382	143.4358
949.218817	78.384	143.0166
949.585028	78.386	142.6055
949.951239	78.395	142.1350
950.317450	78.388	141.5908
950.683661	78.371	141.2046
951.049872	78.386	140.8489
951.416083	78.401	140.2310
951.782294	78.374	139.6284
952.148505	78.352	139.2778
952.514716	78.358	138.8728
952.880927	78.349	138.3484
953.247138	78.329	137.9636
953.613349	78.333	137.6477
953.979560	78.351	137.1790
954.345771	78.351	136.5981
954.711982	78.331	136.0825
955.078193	78.313	135.6978
955.444404	78.311	135.3496
955.810614	78.317	134.9409
956.176825	78.322	134.4683
956.543036	78.317	133.9731
956.909247	78.307	133.5449
957.275458	78.310	133.1509
957.641669	78.315	132.6299
958.007880	78.294	132.1187
958.374091	78.278	131.8086
958.740302	78.292	131.4575
959.106513	78.298	130.9497
959.472724	78.291	130.5100
959.838935	78.297	130.0662
960.205146	78.289	129.5447
960.571357	78.272	129.1724
960.937568	78.286	128.8208
961.303779	78.297	128.2417
961.669990	78.273	127.6997
962.036201	78.256	127.3516
962.402412	78.259	126.9448
962.768623	78.250	126.4668
963.134834	78.236	126.0840
963.501045	78.237	125.7190
963.867256	78.240	125.2727
964.233467	78.234	124.7998
964.599678	78.223	124.3606
964.965889	78.212	123.9790
965.332100	78.211	123.6206
965.698311	78.216	123.2036
966.064522	78.216	122.7317
966.430733	78.207	122.2859
966.796944	78.199	121.8945
967.163154	78.199	121.5269
967.529365	78.209	121.1287
967.895576	78.220	120.6372
968.261787	78.216	120.0950
968.627998	78.201	119.6382
968.994209	78.197	119.2583
969.360420	78.202	118.8184
969.726631	78.200	118.3267
970.092842	78.192	117.8750
970.459053	78.188	117.4390
970.825264	78.184	116.9795
971.191475	78.176	116.5264
971.557686	78.167	116.0903
971.923897	78.157	115.6704
972.290108	78.149	115.2734
972.656319	78.145	114.8765
973.022530	78.141	114.4741
973.388741	78.138	114.0757
973.754952	78.139	113.6609
974.121163	78.138	113.2278
974.487374	78.136	112.7864
974.853585	78.133	112.3169
975.219796	78.120	111.8550
975.586007	78.105	111.4807
975.952218	78.105	111.1421
976.318429	78.113	110.7070
976.684640	78.106	110.2178
977.050851	78.093	109.8291
977.417062	78.099	109.4807
977.783273	78.112	108.9812
978.149484	78.099	108.4253
978.515694	78.077	108.0386
978.881905	78.078	107.7046
979.248116	78.084	107.2314
979.614327	78.070	106.7639
979.980538	78.062	106.4028
980.346749	78.066	105.9893
980.712960	78.059	105.5264
981.079171	78.048	105.1558
981.445382	78.053	104.8013
981.811593	78.062	104.3513
982.177804	78.060	103.8682
982.544015	78.054	103.4033
982.910226	78.045	102.9526
983.276437	78.034	102.5454
983.642648	78.030	102.1699
984.008859	78.033	101.7495
984.375070	78.029	101.2878
984.741281	78.020	100.8760
985.107492	78.021	100.4932
985.473703	78.026	100.0291
985.839914	78.017	99.5513
986.206125	78.011	99.1663
986.572336	78.019	98.7341
986.938547	78.016	98.1970
987.304758	77.998	97.7510
987.670969	77.993	97.3887
988.037180	77.997	96.9375
988.403391	77.989	96.4692
988.769602	77.982	96.0693
989.135813	77.982	95.6431
989.502023	77.977	95.1960
989.868234	77.973	94.7754
990.234445	77.970	94.3145
990.600656	77.953	93.8674
990.966867	77.939	93.5430
991.333078	77.945	93.2041
991.699289	77.945	92.7510
992.065500	77.928	92.3872
992.431711	77.933	92.1584
992.797922	77.964	91.7544
993.164133	77.969	91.1455
993.530344	77.946	90.6787
993.896555	77.938	90.3438
994.262766	77.938	89.9102
994.628977	77.923	89.5159
994.995188	77.925	89.2021
995.361399	77.934	88.7329
995.727610	77.917	88.2559
996.093821	77.906	87.9263
996.460032	77.910	87.5000
996.826243	77.894	87.0703
997.192454	77.894	86.7615
997.558665	77.906	86.2473
997.924876	77.879	85.7388
998.291087	77.876	85.4846
998.657298	77.903	84.8281
999.023509	77.823	84.0505
999.389720	77.730	84.2449
999.755931	77.808	84.5664
1000.122142	77.911	83.7827
1000.488353	77.872	82.8835
1000.854563	77.835	82.6704
1001.220774	77.866	82.3179
1001.586985	77.864	81.7231
1001.953196	77.851	81.3516
1002.319407	77.864	80.9185
1002.685618	77.854	80.3994
1003.051829	77.844	80.0820
1003.418040	77.863	79.6858
1003.784251	77.861	79.1313
1004.150462	77.842	78.7583
1004.516673	77.852	78.4478
1004.882884	77.864	77.9663
1005.249095	77.856	77.4888
1005.615306	77.850	77.0913
1005.981517	77.846	76.6558
1006.347728	77.831	76.2478
1006.713939	77.822	75.9409
1007.080150	77.828	75.6118
1007.446361	77.835	75.1875
1007.812572	77.831	74.7490
1008.178783	77.825	74.3462
1008.544994	77.822	73.9609
1008.911205	77.824	73.5632
1009.277416	77.827	73.1094
1009.643627	77.820	72.6157
1010.009838	77.805	72.1685
1010.376049	77.791	71.7915
1010.742260	77.786	71.4409
1011.108471	77.791	71.0542
1011.474682	77.794	70.5923
1011.840892	77.784	70.1309
1012.207103	77.774	69.7502
1012.573314	77.773	69.3989
1012.939525	77.778	69.0369
1013.305736	77.792	68.6489
1013.671947	77.808	68.1582
1014.038158	77.808	67.6055
1014.404369	77.795	67.1199
1014.770580	77.782	66.7002
1015.136791	77.770	66.3308
1015.503002	77.767	66.0112
1015.869213	77.776	65.6387
1016.235424	77.780	65.1914
1016.601635	77.775	64.7683
1016.967846	77.772	64.3643
1017.334057	77.768	63.9429
1017.700268	77.759	63.5332
1018.066479	77.748	63.1567
1018.432690	77.740	62.8401
1018.798901	77.749	62.5249
1019.165112	77.763	62.0684
1019.531323	77.756	61.5479
1019.897534	77.738	61.1577
1020.263745	77.739	60.8135
1020.629956	77.745	60.3384
1020.996167	77.728	59.8276
1021.362378	77.701	59.4849
1021.728589	77.699	59.2617
1022.094800	77.722	58.8999
1022.461011	77.731	58.3738
1022.827222	77.721	57.9204
1023.193432	77.722	57.5220
1023.559643	77.722	57.0293
1023.925854	77.705	56.6006
1024.292065	77.702	56.2883
1024.658276	77.713	55.8674
1025.024487	77.707	55.3923
1025.390698	77.697	55.0269
1025.756909	77.699	54.6663
1026.123120	77.699	54.2837
1026.489331	77.706	53.9104
1026.855542	77.712	53.4517
1027.221753	77.701	53.0193
1027.587964	77.701	52.7107
1027.954175	77.719	52.2903
1028.320386	77.717	51.7529
1028.686597	77.702	51.3354
1029.052808	77.700	50.9509
1029.419019	77.694	50.5120
1029.785230	77.685	50.1409
1030.151441	77.688	49.7698
1030.517652	77.690	49.3308
1030.883863	77.689	48.9033
1031.250074	77.689	48.4136
1031.616285	77.667	47.9207
1031.982496	77.645	47.6389
1032.348707	77.660	47.3508
1032.714918	77.669	46.8350
1033.081129	77.649	46.4099
1033.447340	77.652	46.1421
1033.813551	77.674	45.6809
1034.179761	77.664	45.1340
1034.545972	77.648	44.7839
1034.912183	77.655	44.4373
1035.278394	77.656	43.9846
1035.644605	77.646	43.6206
1036.010816	77.655	43.3054
1036.377027	77.672	42.8723
1036.743238	77.675	42.3552
1037.109449	77.661	41.8713
1037.475660	77.642	41.5251
1037.841871	77.644	41.2512
1038.208082	77.658	40.8459
1038.574293	77.653	40.3953
1038.940504	77.652	40.0500
1039.306715	77.665	39.6077
1039.672926	77.653	39.0764
1040.039137	77.630	38.7454
1040.405348	77.640	38.4465
1040.771559	77.647	37.9404
1041.137770	77.625	37.5007
1041.503981	77.620	37.2327
1041.870192	77.639	36.8269
1042.236403	77.637	36.2659
1042.602614	77.613	35.8142
1042.968825	77.599	35.4880
1043.335036	77.598	35.1394
1043.701247	77.595	34.7676
1044.067458	77.596	34.4231
1044.433669	77.606	34.0398
1044.799880	77.612	33.5845
1045.166091	77.608	33.1472
1045.532301	77.606	32.7444
1045.898512	77.605	32.3350
1046.264723	77.603	31.9536
1046.630934	77.610	31.5686
1046.997145	77.615	31.1116
1047.363356	77.608	30.6587
1047.729567	77.599	30.2764
1048.095778	77.597	29.9260
1048.461989	77.603	29.5632
1048.828200	77.610	29.1252
1049.194411	77.601	28.6873
1049.560622	77.597	28.4104
1049.926833	77.630	28.0696
1050.293044	77.653	27.3838
1050.659255	77.615	26.7363
1051.025466	77.577	26.4907
1051.391677	77.592	26.2593
1051.757888	77.606	25.7468
1052.124099	77.587	25.2703
1052.490310	77.575	24.9846
1052.856521	77.589	24.6572
1053.222732	77.600	24.2085
1053.588943	77.601	23.7405
1053.955154	77.596	23.3003
1054.321365	77.590	22.9167
1054.687576	77.595	22.5603
1055.053787	77.606	22.1150
1055.419998	77.603	21.6067
1055.786209	77.587	21.2058
1056.152420	77.587	20.8848
1056.518631	77.596	20.4460
1056.884841	77.581	19.9714
1057.251052	77.563	19.7021
1057.617263	77.581	19.4739
1057.983474	77.610	18.9893
1058.349685	77.603	18.4319
1058.715896	77.590	18.0510
1059.082107	77.597	17.6692
1059.448318	77.597	17.1672
1059.814529	77.581	16.7141
1060.180740	77.569	16.3547
1060.546951	77.568	15.9949
1060.913162	77.569	15.6042
1061.279373	77.572	15.1731
1061.645584	77.566	14.7141
1062.011795	77.553	14.3025
1062.378006	77.543	13.9866
1062.744217	77.554	13.6794
1063.110428	77.571	13.2168
1063.476639	77.562	12.6946
1063.842850	77.543	12.3757
1064.209061	77.559	12.1106
1064.575272	77.581	11.6111
1064.941483	77.569	11.0906
1065.307694	77.556	10.7649
1065.673905	77.566	10.4250
1066.040116	77.572	9.9973
1066.406327	77.572	9.5969
1066.772538	77.576	9.1733
1067.138749	77.569	8.7385
1067.504960	77.562	8.3765
1067.871170	77.563	8.0046
1068.237381	77.559	7.6086
1068.603592	77.554	7.2747
1068.969803	77.561	6.9333
1069.336014	77.568	6.5312
1069.702225	77.572	6.1160
1070.068436	77.575	5.6589
1070.434647	77.565	5.2080
1070.800858	77.556	4.8823
1071.167069	77.573	4.5408
1071.533280	77.592	3.9783
1071.899491	77.572	3.3604
1072.265702	77.535	2.9714
1072.631913	77.522	2.7542
1072.998124	77.537	2.4453
1073.364335	77.544	1.9995
1073.730546	77.536	1.6182
1074.096757	77.546	1.3186
1074.462968	77.570	0.8608
1074.829179	77.566	0.2871
1075.195390	77.542	-0.0911
1075.561601	77.547	-0.3525
1075.927812	77.566	-0.7842
1076.294023	77.561	-1.2727
1076.660234	77.552	-1.6331
1077.026445	77.557	-1.9751
1077.392656	77.567	-2.3726
1077.758867	77.576	-2.8223
1078.125078	77.575	-3.3359
1078.491289	77.557	-3.7822
1078.857500	77.548	-4.1128
1079.223710	77.553	-4.4819
1079.589921	77.554	-4.8989
1079.956132	77.556	-5.3286
1080.322343	77.549	-5.8032
1080.688554	77.530	-6.1677
1081.054765	77.534	-6.4180
1081.420976	77.557	-6.8289
1081.787187	77.560	-7.3391
1082.153398	77.558	-7.7554
1082.519609	77.564	-8.2158
1082.885820	77.555	-8.6970
1083.252031	77.549	-9.0459
1083.618242	77.564	-9.4504
1083.984453	77.566	-9.9907
1084.350664	77.547	-10.4365
1084.716875	77.537	-10.7573
1085.083086	77.542	-11.0764
1085.449297	77.557	-11.4517
1085.815508	77.568	-11.9250
1086.181719	77.562	-12.4001
1086.547930	77.556	-12.7627
1086.914141	77.565	-13.1318
1087.280352	77.573	-13.6013
1087.646563	77.566	-14.0654
1088.012774	77.558	-14.4521
1088.378985	77.558	-14.8149
1088.745196	77.562	-15.2144
1089.111407	77.563	-15.6406
1089.477618	77.563	-16.0630
1089.843829	77.560	-16.4917
1090.210039	77.552	-16.8926
1090.576250	77.551	-17.2349
1090.942461	77.561	-17.6240
1091.308672	77.563	-18.0854
1091.674883	77.557	-18.4854
1092.041094	77.562	-18.8423
1092.407305	77.574	-19.2827
1092.773516	77.575	-19.7666
1093.139727	77.570	-20.2090
1093.505938	77.565	-20.6296
1093.872149	77.557	-21.0293
1094.238360	77.552	-21.3628
1094.604571	77.561	-21.6777
1094.970782	77.579	-22.0889
1095.336993	77.586	-22.5701
1095.703204	77.587	-23.0256
1096.069415	77.586	-23.4995
1096.435626	77.569	-23.9568
1096.801837	77.552	-24.2383
1097.168048	77.568	-24.4941
1097.534259	77.591	-24.9761
1097.900470	77.582	-25.4998
1098.266681	77.569	-25.8481
1098.632892	77.577	-26.1794
1098.999103	77.589	-26.6187
1099.365314	77.591	-27.1025
1099.731525	77.584	-27.5874
1100.097736	77.567	-28.0039
1100.463947	77.559	-28.3323
1100.830158	77.563	-28.6953
1101.196369	77.562	-29.0981
1101.562579	77.561	-29.4316
1101.928790	77.579	-29.7959
1102.295001	77.593	-30.3232
1102.661212	77.580	-30.8540
1103.027423	77.561	-31.2251
1103.393634	77.559	-31.5259
1103.759845	77.571	-31.8635
1104.126056	77.591	-32.3052
1104.492267	77.596	-32.8884
1104.858478	77.569	-33.3979
1105.224689	77.548	-33.6646
1105.590900	77.562	-33.9490
1105.957111	77.572	-34.4009
1106.323322	77.567	-34.7932
1106.689533	77.581	-35.1519
1107.055744	77.597	-35.6936
1107.421955	77.579	-36.2471
1107.788166	77.555	-36.5820
1108.154377	77.562	-36.8494
1108.520588	77.584	-37.2798
1108.886799	77.587	-37.8452
1109.253010	77.567	-38.3159
1109.619221	77.557	-38.6411
1109.985432	77.564	-39.0300
1110.351643	77.558	-39.4673
1110.717854	77.555	-39.7749
1111.084065	77.580	-40.1497
1111.450276	77.591	-40.7456
1111.816487	77.566	-41.2388
1112.182698	77.555	-41.5205
1112.548909	77.570	-41.8662
1112.915119	77.579	-42.3188
1113.281330	77.582	-42.7661
1113.647541	77.583	-43.2183
1114.013752	77.579	-43.6592
1114.379963	77.575	-44.0889
1114.746174	77.564	-44.5146
1115.112385	77.550	-44.8267
1115.478596	77.558	-45.0632
1115.844807	77.586	-45.4307
1116.211018	77.604	-45.9409
1116.577229	77.605	-46.4800
1116.943440	77.591	-46.9717
1117.309651	77.574	-47.3301
1117.675862	77.578	-47.6348
1118.042073	77.591	-48.0691
1118.408284	77.585	-48.5503
1118.774495	77.576	-48.9302
1119.140706	77.577	-49.3101
1119.506917	77.572	-49.7212
1119.873128	77.567	-50.0376
1120.239339	77.583	-50.3594
1120.605550	77.599	-50.8413
1120.971761	77.592	-51.3149
1121.337972	77.591	-51.6641
1121.704183	77.606	-52.0908
1122.070394	77.605	-52.6165
1122.436605	77.590	-53.0276
1122.802816	77.592	-53.3745
1123.169027	77.599	-53.8140
1123.535238	77.595	-54.2744
1123.901448	77.588	-54.6982
1124.267659	77.578	-55.1035
1124.633870	77.568	-55.4302
1125.000081	77.575	-55.7214
1125.366292	77.593	-56.1138
1125.732503	77.602	-56.5918
1126.098714	77.601	-57.0718
1126.464925	77.592	-57.5171
1126.831136	77.583	-57.8760
1127.197347	77.592	-58.1965
1127.563558	77.614	-58.6621
1127.929769	77.612	-59.2764
1128.295980	77.578	-59.7451
1128.662191	77.560	-59.9556
1129.028402	77.581	-60.2227
1129.394613	77.598	-60.7070
1129.760824	77.592	-61.1421
1130.127035	77.600	-61.4727
1130.493246	77.621	-61.9434
1130.859457	77.618	-62.4868
1131.225668	77.608	-62.9011
1131.591879	77.611	-63.3005
1131.958090	77.609	-63.7625
1132.324301	77.598	-64.1353
1132.690512	77.606	-64.4551
1133.056723	77.623	-64.9209
1133.422934	77.615	-65.4470
1133.789145	77.598	-65.8125
1134.155356	77.602	-66.1279
1134.521567	77.609	-66.5664
1134.887778	77.600	-66.9617
1135.253988	77.607	-67.2622
1135.620199	77.629	-67.7261
1135.986410	77.624	-68.2983
1136.352621	77.603	-68.7122
1136.718832	77.598	-69.0576
1137.085043	77.596	-69.4419
1137.451254	77.598	-69.7996
1137.817465	77.610	-70.2407
1138.183676	77.603	-70.7612
1138.549887	77.585	-71.1406
1138.916098	77.589	-71.4844
1139.282309	77.590	-71.9392
1139.648520	77.581	-72.3247
1140.014731	77.590	-72.6899
1140.380942	77.593	-73.2024
1140.747153	77.571	-73.6162
1141.113364	77.572	-73.8633
1141.479575	77.596	-74.2632
1141.845786	77.602	-74.7900
1142.211997	77.596	-75.2346
1142.578208	77.597	-75.6748
1142.944419	77.590	-76.1255
1143.310630	77.583	-76.5093
1143.676841	77.581	-76.8887
1144.043052	77.581	-77.2524
1144.409263	77.592	-77.6194
1144.775474	77.602	-78.1240
1145.141685	77.585	-78.6055
1145.507896	77.574	-78.8838
1145.874107	77.595	-79.2239
1146.240317	77.603	-79.7510
1146.606528	77.589	-80.1938
1146.972739	77.590	-80.5281
1147.338950	77.601	-80.9717
1147.705161	77.594	-81.4705
1148.071372	77.580	-81.8394
1148.437583	77.589	-82.1550
1148.803794	77.608	-82.6404
1149.170005	77.600	-83.2383
1149.536216	77.570	-83.6572
1149.902427	77.561	-83.9131
1150.268638	77.575	-84.2686
1150.634849	77.580	-84.7168
1151.001060	77.580	-85.1450
1151.367271	77.577	-85.5774
1151.733482	77.569	-85.9233
1152.099693	77.588	-86.2146
1152.465904	77.622	-86.7712
1152.832115	77.607	-87.4707
1153.198326	77.564	-87.8362
1153.564537	77.565	-88.0249
1153.930748	77.585	-88.4329
1154.296959	77.581	-88.8813
1154.663170	77.584	-89.2012
1155.029381	77.605	-89.6265
1155.395592	77.607	-90.1692
1155.761803	77.592	-90.6099
1156.128014	77.586	-90.9617
1156.494225	77.589	-91.3452
1156.860436	77.587	-91.7559
1157.226647	77.583	-92.1230
1157.592857	77.590	-92.4573
1157.959068	77.606	-92.8958
1158.325279	77.604	-93.4226
1158.691490	77.588	-93.8230
1159.057701	77.593	-94.1609
1159.423912	77.601	-94.6597
1159.790123	77.580	-95.1479
1160.156334	77.563	-95.4165
1160.522545	77.580	-95.6958
1160.888756	77.600	-96.1689
1161.254967	77.602	-96.6902
1161.621178	77.595	-97.1729
1161.987389	77.581	-97.6201
1162.353600	77.568	-97.9541
1162.719811	77.578	-98.2607
1163.086022	77.597	-98.7539
1163.452233	77.583	-99.3081
1163.818444	77.560	-99.6387
1164.184655	77.569	-99.8984
1164.550866	77.588	-100.3669
1164.917077	77.577	-100.8638
1165.283288	77.566	-101.1831
1165.649499	77.578	-101.5337
1166.015710	77.579	-101.9905
1166.381921	77.572	-102.3291
1166.748132	77.592	-102.6606
1167.114343	77.609	-103.2344
1167.480554	77.583	-103.7720
1167.846765	77.565	-104.0171
1168.212976	77.589	-104.3384
1168.579186	77.598	-104.9258
1168.945397	77.570	-105.4026
1169.311608	77.558	-105.6960
1169.677819	77.559	-106.0596
1170.044030	77.552	-106.3994
1170.410241	77.565	-106.6685
1170.776452	77.595	-107.1411
1171.142663	77.594	-107.7551
1171.508874	77.571	-108.2168
1171.875085	77.559	-108.5703
1172.241296	77.553	-108.8975
1172.607507	77.562	-109.1892
1172.973718	77.586	-109.5967
1173.339929	77.598	-110.1445
1173.706140	77.591	-110.6611
1174.072351	77.581	-111.1165
1174.438562	77.568	-111.5161
1174.804773	77.565	-111.8545
1175.170984	77.571	-112.2456
1175.537195	77.569	-112.6658
1175.903406	77.569	-113.0049
1176.269617	77.585	-113.3960
1176.635828	77.592	-113.9111
1177.002039	77.580	-114.3652
1177.368250	77.575	-114.7200
1177.734461	77.581	-115.0967
1178.100672	77.588	-115.5264
1178.466883	77.591	-116.0054
1178.833094	77.581	-116.4827
1179.199305	77.567	-116.8730
1179.565516	77.562	-117.2275
1179.931726	77.558	-117.5952
1180.297937	77.556	-117.9072
1180.664148	77.573	-118.2371
1181.030359	77.591	-118.7329
1181.396570	77.584	-119.2661
1181.762781	77.569	-119.6626
1182.128992	77.568	-120.0317
1182.495203	77.564	-120.4590
1182.861414	77.553	-120.8120
1183.227625	77.561	-121.1157
1183.593836	77.577	-121.5720
1183.960047	77.567	-122.0874
1184.326258	77.550	-122.4199
1184.692469	77.562	-122.7224
1185.058680	77.577	-123.2280
1185.424891	77.563	-123.7412
1185.791102	77.550	-124.1006
1186.157313	77.553	-124.5032
1186.523524	77.542	-124.9707
1186.889735	77.523	-125.3081
1187.255946	77.525	-125.5854
1187.622157	77.537	-125.9597
1187.988368	77.544	-126.3828
1188.354579	77.550	-126.8252
1188.720790	77.550	-127.3186
1189.087001	77.534	-127.7678
1189.453212	77.523	-128.0854
1189.819423	77.534	-128.3918
1190.185634	77.551	-128.8374
1190.551845	77.551	-129.3264
1190.918056	77.551	-129.7358
1191.284266	77.560	-130.2100
1191.650477	77.547	-130.7537
1192.016688	77.521	-131.0869
1192.382899	77.532	-131.3281
1192.749110	77.553	-131.8276
1193.115321	77.534	-132.3601
1193.481532	77.514	-132.6213
1193.847743	77.533	-132.8936
1194.213954	77.550	-133.3701
1194.580165	77.548	-133.8501
1194.946376	77.544	-134.2930
1195.312587	77.534	-134.7319
1195.678798	77.522	-135.0576
1196.045009	77.533	-135.3667
1196.411220	77.547	-135.8494
1196.777431	77.534	-136.3589
1197.143642	77.514	-136.6743
1197.509853	77.523	-136.9082
1197.876064	77.555	-137.3169
1198.242275	77.567	-137.9175
1198.608486	77.549	-138.4556
1198.974697	77.535	-138.8164
1199.340908	77.542	-139.2153
1199.707119	77.536	-139.7239
1200.073330	77.515	-140.1060
1200.439541	77.517	-140.3889
1200.805752	77.531	-140.8311
1201.171963	77.520	-141.3125
1201.538174	77.510	-141.6240
1201.904385	77.526	-141.9790
1202.270595	77.531	-142.5078
1202.636806	77.510	-142.9453
1203.003017	77.501	-143.2192
1203.369228	77.514	-143.5513
1203.735439	77.524	-143.9893
1204.101650	77.523	-144.4414
1204.467861	77.515	-144.8677
1204.834072	77.505	-145.2100
1205.200283	77.512	-145.5186
1205.566494	77.525	-145.9487
1205.932705	77.519	-146.4028
1206.298916	77.515	-146.7229
1206.665127	77.533	-147.1055
1207.031338	77.537	-147.6577
1207.397549	77.515	-148.0952
1207.763760	77.511	-148.3882
1208.129971	77.520	-148.7900
1208.496182	77.515	-149.2021
1208.862393	77.523	-149.5293
1209.228604	77.543	-150.0540
1209.594815	77.520	-150.6689
1209.961026	77.482	-150.9404
1210.327237	77.497	-151.1169
1210.693448	77.523	-151.6179
1211.059659	77.507	-152.1445
1211.425870	77.496	-152.4619
1211.792081	77.504	-152.8442
1212.158292	77.499	-153.2715
1212.524503	77.502	-153.5894
1212.890714	77.526	-154.0552
1213.256925	77.517	-154.6816
1213.623135	77.482	-155.0720
1213.989346	77.480	-155.2913
1214.355557	77.501	-155.7034
1214.721768	77.497	-156.2146
1215.087979	77.485	-156.5967
1215.454190	77.488	-156.9624
1215.820401	77.488	-157.3958
1216.186612	77.482	-157.7769
1216.552823	77.488	-158.1353
1216.919034	77.496	-158.5977
1217.285245	77.485	-159.0596
1217.651456	77.474	-159.3948
1218.017667	77.481	-159.7388
1218.383878	77.482	-160.1646
1218.750089	77.475	-160.5098
1219.116300	77.489	-160.8064
1219.482511	77.512	-161.2881
1219.848722	77.503	-161.8540
1220.214933	77.478	-162.2122
1220.581144	77.482	-162.4644
1220.947355	77.501	-162.8735
1221.313566	77.502	-163.3738
1221.679777	77.490	-163.7915
1222.045988	77.484	-164.1426
1222.412199	77.486	-164.4841
1222.778410	77.496	-164.8677
1223.144621	77.502	-165.3442
1223.510832	77.489	-165.8083
1223.877043	77.476	-166.1445
1224.243254	77.478	-166.4619
1224.609464	77.483	-166.8359
1224.975675	77.489	-167.1929
1225.341886	77.506	-167.6094
1225.708097	77.510	-168.1538
1226.074308	77.490	-168.6140
1226.440519	77.480	-168.9277
1226.806730	77.487	-169.3147
1227.172941	77.480	-169.7595
1227.539152	77.468	-170.1035
1227.905363	77.470	-170.4277
1228.271574	77.472	-170.7844
1228.637785	77.480	-171.1248
1229.003996	77.497	-171.5615
1229.370207	77.495	-172.0933
1229.736418	77.476	-172.5103
1230.102629	77.470	-172.8423
1230.468840	77.470	-173.2231
1230.835051	77.467	-173.5771
1231.201262	77.476	-173.9253
1231.567473	77.486	-174.4004
1231.933684	77.475	-174.8823
1232.299895	77.461	-175.2188
1232.666106	77.469	-175.5281
1233.032317	77.486	-175.9717
1233.398528	77.485	-176.5232
1233.764739	77.459	-176.9878
1234.130950	77.440	-177.2568
1234.497161	77.451	-177.5271
1234.863372	77.462	-177.9521
1235.229583	77.457	-178.3521
1235.595794	77.465	-178.6804
1235.962004	77.480	-179.1309
1236.328215	77.475	-179.6284
1236.694426	77.464	-179.9927
1237.060637	77.471	179.6533
1237.426848	77.477	179.1973
1237.793059	77.470	178.7397
1238.159270	77.457	178.3511
1238.525481	77.449	178.0322
1238.891692	77.454	177.7305
1239.257903	77.468	177.3452
1239.624114	77.472	176.8906
1239.990325	77.468	176.4595
1240.356536	77.465	176.0596
1240.722747	77.463	175.6592
1241.088958	77.458	175.2529
1241.455169	77.451	174.8779
1241.821380	77.451	174.5391
1242.187591	77.458	174.1416
1242.553802	77.454	173.7119
1242.920013	77.451	173.3621
1243.286224	77.463	172.9580
1243.652435	77.458	172.4512
1244.018646	77.439	172.0845
1244.384857	77.444	171.7908
1244.751068	77.453	171.3403
1245.117279	77.440	170.9194
1245.483490	77.439	170.6262
1245.849701	77.455	170.2197
1246.215912	77.452	169.7339
1246.582123	77.441	169.3572
1246.948334	77.443	169.0127
1247.314544	77.447	168.6245
1247.680755	77.451	168.2224
1248.046966	77.453	167.7969
1248.413177	77.449	167.3826
1248.779388	77.449	167.0049
1249.145599	77.453	166.5820
1249.511810	77.447	166.1050
1249.878021	77.424	165.7183
1250.244232	77.412	165.4895
1250.610443	77.428	165.2507
1250.976654	77.452	164.8484
1251.342865	77.460	164.3718
1251.709076	77.461	163.9146
1252.075287	77.455	163.4692
1252.441498	77.445	163.0994
1252.807709	77.448	162.7690
1253.173920	77.457	162.3438
1253.540131	77.453	161.9043
1253.906342	77.452	161.5127
1254.272553	77.449	161.0698
1254.638764	77.433	160.6802
1255.004975	77.429	160.4163
1255.371186	77.445	160.0671
1255.737397	77.450	159.6169
1256.103608	77.447	159.2329
1256.469819	77.454	158.8579
1256.836030	77.461	158.4197
1257.202241	77.463	157.9573
1257.568452	77.455	157.4819
1257.934663	77.434	157.0920
1258.300873	77.424	156.8472
1258.667084	77.440	156.5952
1259.033295	77.466	156.2114
1259.399506	77.485	155.6855
1259.765717	77.476	155.1233
1260.131928	77.452	154.7471
1260.498139	77.455	154.4949
1260.864350	77.475	154.0830
1261.230561	77.472	153.5999
1261.596772	77.467	153.2339
1261.962983	77.476	152.8296
1262.329194	77.471	152.3647
1262.695405	77.460	152.0142
1263.061616	77.468	151.6655
1263.427827	77.471	151.1914
1263.794038	77.453	150.7788
1264.160249	77.444	150.5156
1264.526460	77.458	150.2251
1264.892671	77.476	149.7993
1265.258882	77.480	149.3027
1265.625093	77.469	148.8477
1265.991304	77.459	148.4976
1266.357515	77.466	148.1685
1266.723726	77.479	147.7075
1267.089937	77.469	147.1824
1267.456148	77.445	146.8169
1267.822359	77.443	146.5706
1268.188570	77.461	146.2134
1268.554781	77.469	145.7402
1268.920992	77.465	145.2766
1269.287203	77.453	144.8545
1269.653413	77.441	144.5259
1270.019624	77.447	144.2532
1270.385835	77.466	143.8447
1270.752046	77.462	143.3633
1271.118257	77.451	143.0488
1271.484468	77.471	142.7661
1271.850679	77.495	142.2666
1272.216890	77.490	141.7095
1272.583101	77.474	141.3062
1272.949312	77.473	140.9397
1273.315523	77.469	140.4966
1273.681734	77.450	140.1133
1274.047945	77.441	139.8835
1274.414156	77.460	139.6252
1274.780367	77.482	139.1738
1275.146578	77.480	138.6787
1275.512789	77.472	138.2834
1275.879000	77.469	137.9058
1276.245211	77.463	137.5469
1276.611422	77.467	137.2407
1276.977633	77.481	136.8550
1277.343844	77.483	136.4146
1277.710055	77.485	136.0581
1278.076266	77.502	135.6331
1278.442477	77.500	135.0796
1278.808688	77.474	134.6785
1279.174899	77.470	134.4460
1279.541110	77.490	134.1050
1279.907321	77.499	133.6470
1280.273532	77.497	133.2227
1280.639742	77.498	132.8181
1281.005953	77.495	132.4121
1281.372164	77.492	132.0439
1281.738375	77.494	131.6816
1282.104586	77.496	131.3093
1282.470797	77.500	130.9692
1282.837008	77.515	130.5896
1283.203219	77.523	130.0938
1283.569430	77.508	129.6445
1283.935641	77.501	129.3513
1284.301852	77.518	129.0029
1284.668063	77.525	128.4985
1285.034274	77.509	128.0527
1285.400485	77.500	127.7473
1285.766696	77.509	127.4226
1286.132907	77.521	126.9956
1286.499118	77.521	126.5195
1286.865329	77.508	126.0845
1287.231540	77.494	125.7615
1287.597751	77.498	125.4954
1287.963962	77.516	125.1428
1288.330173	77.528	124.6851
1288.696384	77.527	124.2305
1289.062595	77.522	123.8247
1289.428806	77.518	123.4558
1289.795017	77.519	123.1316
1290.161228	77.532	122.8013
1290.527439	77.549	122.3821
1290.893650	77.557	121.8953
1291.259861	77.551	121.4272
1291.626072	77.541	121.0417
1291.992282	77.540	120.7051
1292.358493	77.545	120.3174
1292.724704	77.541	119.9280
1293.090915	77.544	119.6069
1293.457126	77.557	119.1978
1293.823337	77.550	118.7212
1294.189548	77.537	118.4185
1294.555759	77.553	118.1372
1294.921970	77.571	117.6455
1295.288181	77.560	117.1631
1295.654392	77.554	116.8022
1296.020603	77.556	116.3984
1296.386814	77.550	115.9932
1296.753025	77.549	115.6377
1297.119236	77.553	115.2275
1297.485447	77.548	114.8096
1297.851658	77.541	114.4602
1298.217869	77.543	114.1392
1298.584080	77.555	113.8162
1298.950291	77.575	113.4014
1299.316502	77.581	112.8794
1299.682713	77.568	112.4585
1300.048924	77.570	112.1646
1300.415135	77.589	111.7632
1300.781346	77.591	111.2495
1301.147557	77.575	110.8557
1301.513768	77.575	110.5928
1301.879979	77.595	110.2363
1302.246190	77.602	109.7458
1302.612401	77.589	109.3521
1302.978611	77.594	109.0786
1303.344822	77.616	108.6636
1303.711033	77.614	108.1328
1304.077244	77.596	107.7517
1304.443455	77.598	107.4385
1304.809666	77.603	107.0054
1305.175877	77.590	106.5938
1305.542088	77.582	106.3074
1305.908299	77.594	105.9875
1306.274510	77.605	105.5430
1306.640721	77.599	105.0769
1307.006932	77.587	104.7207
1307.373143	77.592	104.4258
1307.739354	77.609	104.0059
1308.105565	77.607	103.5176
1308.471776	77.599	103.1553
1308.837987	77.609	102.7944
1309.204198	77.613	102.3313
1309.570409	77.605	101.9609
1309.936620	77.615	101.6541
1310.302831	77.632	101.2332
1310.669042	77.637	100.8030
1311.035253	77.647	100.3970
1311.401464	77.653	99.9260
1311.767675	77.648	99.5164
1312.133886	77.656	99.1599
1312.500097	77.663	98.6931
1312.866308	77.650	98.2810
1313.232519	77.651	98.0171
1313.598730	77.674	97.6150
1313.964941	77.670	97.0815
1314.331151	77.647	96.7390
1314.697362	77.653	96.5044
1315.063573	77.672	96.0911
1315.429784	77.666	95.6235
1315.795995	77.657	95.3071
1316.162206	77.670	94.9553
1316.528417	77.669	94.4619
1316.894628	77.647	94.1099
1317.260839	77.652	93.9070
1317.627050	77.681	93.5073
1317.993261	77.681	92.9763
1318.359472	77.670	92.6099
1318.725683	77.683	92.2561
1319.091894	77.688	91.7520
1319.458105	77.671	91.3376
1319.824316	77.670	91.0747
1320.190527	77.691	90.7080
1320.556738	77.698	90.2380
1320.922949	77.697	89.8628
1321.289160	77.712	89.5068
1321.655371	77.730	89.0205
1322.021582	77.727	88.5078
1322.387793	77.717	88.0879
1322.754004	77.711	87.7295
1323.120215	77.713	87.3975
1323.486426	77.723	87.0322
1323.852637	77.729	86.5933
1324.218848	77.722	86.1953
1324.585059	77.721	85.8911
1324.951270	77.737	85.5352
1325.317481	77.747	85.0518
1325.683691	77.733	84.5845
1326.049902	77.716	84.2996
1326.416113	77.731	84.0784
1326.782324	77.761	83.6233
1327.148535	77.755	83.0437
1327.514746	77.730	82.7048
1327.880957	77.741	82.4521
1328.247168	77.757	81.9966
1328.613379	77.747	81.5728
1328.979590	77.753	81.2935
1329.345801	77.780	80.8560
1329.712012	77.780	80.2925
1330.078223	77.763	79.8872
1330.444434	77.764	79.5742
1330.810645	77.774	79.1978
1331.176856	77.781	78.7969
1331.543067	77.787	78.3965
1331.909278	77.792	77.9910
1332.275489	77.798	77.5947
1332.641700	77.804	77.1704
1333.007911	77.800	76.7510
1333.374122	77.795	76.4429
1333.740333	77.812	76.1548
1334.106544	77.835	75.7134
1334.472755	77.837	75.2183
1334.838966	77.833	74.8286
1335.205177	77.841	74.4426
1335.571388	77.842	73.9902
1335.937599	77.834	73.5942
1336.303810	77.834	73.2544
1336.670020	77.840	72.8628
1337.036231	77.839	72.4565
1337.402442	77.837	72.1013
1337.768653	77.844	71.7446
1338.134864	77.852	71.3330
1338.501075	77.852	70.9189
1338.867286	77.854	70.5566
1339.233497	77.867	70.1689
1339.599708	77.877	69.6958
1339.965919	77.875	69.2329
1340.332130	77.873	68.8149
1340.698341	77.870	68.3975
1341.064552	77.866	68.0352
1341.430763	77.876	67.6792
1341.796974	77.883	67.2319
1342.163185	77.877	66.8521
1342.529396	77.892	66.5483
1342.895607	77.919	66.0586
1343.261818	77.916	65.4722
1343.628029	77.897	65.0449
1343.994240	77.890	64.6851
1344.360451	77.884	64.3208
1344.726662	77.881	64.0232
1345.092873	77.892	63.7209
1345.459084	77.910	63.3389
1345.825295	77.925	62.8525
1346.191506	77.915	62.3169
1346.557717	77.886	61.9932
1346.923928	77.892	61.8530
1347.290139	77.933	61.4834
1347.656350	77.944	60.8965
1348.022560	77.929	60.4451
1348.388771	77.928	60.0957
1348.754982	77.933	59.6899
1349.121193	77.931	59.2837
1349.487404	77.930	58.9253
1349.853615	77.939	58.5884
1350.219826	77.958	58.1758
1350.586037	77.964	57.6533
1350.952248	77.952	57.2256
1351.318459	77.955	56.9185
1351.684670	77.974	56.4819
1352.050881	77.971	55.9824
1352.417092	77.963	55.6135
1352.783303	77.969	55.2283
1353.149514	77.963	54.8110
1353.515725	77.959	54.5496
1353.881936	77.986	54.2686
1354.248147	78.014	53.7485
1354.614358	78.008	53.2058
1354.980569	77.997	52.8293
1355.346780	78.001	52.4824
1355.712991	78.009	52.0667
1356.079202	78.009	51.6416
1356.445413	78.006	51.2427
1356.811624	78.005	50.8633
1357.177835	78.006	50.5039
1357.544046	78.013	50.1289
1357.910257	78.019	49.6982
1358.276468	78.014	49.2812
1358.642679	78.013	48.9475
1359.008889	78.029	48.5762
1359.375100	78.039	48.0798
1359.741311	78.030	47.6140
1360.107522	78.025	47.2690
1360.473733	78.036	46.9053
1360.839944	78.047	46.4561
1361.206155	78.046	45.9961
1361.572366	78.039	45.5977
1361.938577	78.040	45.2944
1362.304788	78.065	44.9619
1362.670999	78.090	44.4209
1363.037210	78.079	43.8398
1363.403421	78.055	43.5034
1363.769632	78.064	43.2646
1364.135843	78.085	42.8662
1364.502054	78.088	42.4167
1364.868265	78.088	42.0784
1365.234476	78.105	41.7432
1365.600687	78.122	41.2942
1365.966898	78.123	40.8428
1366.333109	78.126	40.5000
1366.699320	78.149	40.1162
1367.065531	78.163	39.5601
1367.431742	78.146	39.0530
1367.797953	78.134	38.7578
1368.164164	78.151	38.4414
1368.530375	78.167	37.9639
1368.896586	78.165	37.4917
1369.262797	78.165	37.0779
1369.629008	78.166	36.6440
1369.995219	78.162	36.2256
1370.361429	78.162	35.8501
1370.727640	78.169	35.4399
1371.093851	78.170	34.9683
1371.460062	78.155	34.5566
1371.826273	78.150	34.3000
1372.192484	78.175	33.9985
1372.558695	78.197	33.4597
1372.924906	78.183	32.9468
1373.291117	78.176	32.6455
1373.657328	78.196	32.2490
1374.023539	78.192	31.7100
1374.389750	78.170	31.3545
1374.755961	78.173	31.1123
1375.122172	78.190	30.7578
1375.488383	78.203	30.3706
1375.854594	78.223	29.9233
1376.220805	78.226	29.3569
1376.587016	78.205	28.9219
1376.953227	78.205	28.6313
1377.319438	78.220	28.2031
1377.685649	78.215	27.7305
1378.051860	78.213	27.3892
1378.418071	78.229	26.9707
1378.784282	78.227	26.4360
1379.150493	78.207	26.0574
1379.516704	78.212	25.7959
1379.882915	78.235	25.4041
1380.249126	78.244	24.9119
1380.615337	78.243	24.4717
1380.981548	78.247	24.0791
1381.347759	78.256	23.6660
1381.713969	78.264	23.2085
1382.080180	78.261	22.7549
1382.446391	78.255	22.3926
1382.812602	78.263	22.0979
1383.178813	78.286	21.7271
1383.545024	78.304	21.2427
1383.911235	78.306	20.7656
1384.277446	78.307	20.3521
1384.643657	78.313	19.9497
1385.009868	78.321	19.5317
1385.376079	78.329	19.0630
1385.742290	78.322	18.5586
1386.108501	78.300	18.1851
1386.474712	78.298	17.9473
1386.840923	78.317	17.6106
1387.207134	78.326	17.1699
1387.573345	78.329	16.7769
1387.939556	78.339	16.3525
1388.305767	78.336	15.8945
1388.671978	78.330	15.5469
1389.038189	78.343	15.1929
1389.404400	78.352	14.7256
1389.770611	78.349	14.3120
1390.136822	78.359	13.9456
1390.503033	78.373	13.4622
1390.869244	78.370	12.9424
1391.235455	78.357	12.5181
1391.601666	78.350	12.1755
1391.967877	78.355	11.8735
1392.334088	78.377	11.5078
1392.700298	78.395	11.0063
1393.066509	78.393	10.5132
1393.432720	78.393	10.1284
1393.798931	78.407	9.7102
1394.165142	78.414	9.1860
1394.531353	78.402	8.7024
1394.897564	78.390	8.3433
1395.263775	78.391	8.0298
1395.629986	78.404	7.6851
1395.996197	78.421	7.2676
1396.362408	78.429	6.7717
1396.728619	78.423	6.2964
1397.094830	78.414	5.9226
1397.461041	78.416	5.5852
1397.827252	78.425	5.2122
1398.193463	78.433	4.8079
1398.559674	78.440	4.3899
1398.925885	78.445	3.9839
1399.292096	78.456	3.5674
1399.658307	78.464	3.0703
1400.024518	78.454	2.5818
1400.390729	78.444	2.2485
1400.756940	78.462	1.9097
1401.123151	78.479	1.3516
1401.489362	78.457	0.8071
1401.855573	78.435	0.5400
1402.221784	78.457	0.2822
1402.587995	78.481	-0.2290
1402.954206	78.473	-0.7542
1403.320417	78.465	-1.1184
1403.686628	78.475	-1.5068
1404.052838	78.477	-1.9585
1404.419049	78.475	-2.3389
1404.785260	78.485	-2.7068
1405.151471	78.495	-3.1392
1405.517682	78.501	-3.5603
1405.883893	78.514	-3.9922
1406.250104	78.520	-4.4985
1406.616315	78.511	-4.9485
1406.982526	78.513	-5.3152
1407.348737	78.521	-5.7812
1407.714948	78.504	-6.2356
1408.081159	78.494	-6.4495
1408.447370	78.530	-6.7275
1408.813581	78.556	-7.3491
1409.179792	78.528	-7.8875
1409.546003	78.514	-8.0859
1409.912214	78.549	-8.3792
1410.278425	78.573	-8.9604
1410.644636	78.563	-9.5107
1411.010847	78.552	-9.9114
1411.377058	78.552	-10.3081
1411.743269	78.551	-10.7300
1412.109480	78.547	-11.1218
1412.475691	78.549	-11.4912
1412.841902	78.557	-11.8882
1413.208113	78.564	-12.3330
1413.574324	78.565	-12.7927
1413.940535	78.561	-13.2427
1414.306746	78.553	-13.6504
1414.672957	78.548	-13.9795
1415.039167	78.559	-14.2915
1415.405378	78.579	-14.6919
1415.771589	78.593	-15.1809
1416.137800	78.594	-15.6743
1416.504011	78.589	-16.0994
1416.870222	78.592	-16.4585
1417.236433	78.609	-16.8599
1417.602644	78.622	-17.3796
1417.968855	78.613	-17.9033
1418.335066	78.599	-18.2959
1418.701277	78.598	-18.6216
1419.067488	78.606	-18.9802
1419.433699	78.619	-19.3689
1419.799910	78.634	-19.8354
1420.166121	78.631	-20.3662
1420.532332	78.615	-20.7678
1420.898543	78.618	-21.0708
1421.264754	78.632	-21.4980
1421.630965	78.629	-21.9551
1421.997176	78.629	-22.3130
1422.363387	78.641	-22.7363
1422.729598	78.637	-23.1934
1423.095809	78.637	-23.5293
1423.462020	78.658	-23.9404
1423.828231	78.662	-24.5115
1424.194442	78.639	-24.9497
1424.560653	78.633	-25.2017
1424.926864	78.656	-25.5208
1425.293075	78.677	-25.9868
1425.659286	78.685	-26.4937
1426.025497	78.687	-26.9797
1426.391707	78.684	-27.4453
1426.757918	78.678	-27.8652
1427.124129	78.679	-28.2305
1427.490340	78.690	-28.6379
1427.856551	78.694	-29.1155
1428.222762	78.688	-29.5293
1428.588973	78.696	-29.8845
1428.955184	78.713	-30.3525
1429.321395	78.709	-30.8984
1429.687606	78.690	-31.3064
1430.053817	78.691	-31.5903
1430.420028	78.712	-31.9937
1430.786239	78.716	-32.5332
1431.152450	78.703	-32.9705
1431.518661	78.704	-33.3298
1431.884872	78.711	-33.8030
1432.251083	78.697	-34.2637
1432.617294	78.688	-34.5928
1432.983505	78.695	-34.9512
1433.349716	78.699	-35.3584
1433.715927	78.704	-35.7407
1434.082138	78.713	-36.1641
1434.448349	78.716	-36.5898
1434.814560	78.727	-36.9946
1435.180771	78.739	-37.4954
1435.546982	78.732	-37.9878
1435.913193	78.731	-38.3718
1436.279404	78.739	-38.8091
1436.645615	78.736	-39.2588
1437.011826	78.740	-39.6079
1437.378036	78.759	-40.0413
1437.744247	78.761	-40.5464
1438.110458	78.762	-40.9336
1438.476669	78.780	-41.3855
1438.842880	78.777	-41.9644
1439.209091	78.754	-42.3398
1439.575302	78.765	-42.5938
1439.941513	78.789	-43.0864
1440.307724	78.774	-43.6191
1440.673935	78.757	-43.8796
1441.040146	78.784	-44.1362
1441.406357	78.813	-44.6746
1441.772568	78.804	-45.2666
1442.138779	78.784	-45.6538
1442.504990	78.786	-45.9653
1442.871201	78.798	-46.3955
1443.237412	78.794	-46.8706
1443.603623	78.786	-47.2510
1443.969834	78.793	-47.6196
1444.336045	78.799	-48.0803
1444.702256	78.794	-48.5269
1445.068467	78.793	-48.9021
1445.434678	78.804	-49.3252
1445.800889	78.808	-49.8105
1446.167100	78.808	-50.2769
1446.533311	78.809	-50.7632
1446.899522	78.798	-51.2700
1447.265733	78.778	-51.6528
1447.631944	78.776	-51.9243
1447.998155	78.794	-52.2842
1448.364366	78.803	-52.7402
1448.730576	78.807	-53.1323
1449.096787	78.825	-53.5298
1449.462998	78.838	-54.0605
1449.829209	78.828	-54.5513
1450.195420	78.825	-54.8926
1450.561631	78.844	-55.2971
1450.927842	78.850	-55.8408
1451.294053	78.832	-56.3203
1451.660264	78.816	-56.6296
1452.026475	78.824	-56.8794
1452.392686	78.852	-57.2705
1452.758897	78.862	-57.8315
1453.125108	78.845	-58.3037
1453.491319	78.840	-58.6086
1453.857530	78.857	-58.9966
1454.223741	78.861	-59.5093
1454.589952	78.851	-59.9521
1454.956163	78.848	-60.3218
1455.322374	78.854	-60.7290
1455.688585	78.856	-61.1870
1456.054796	78.849	-61.6260
1456.421007	78.844	-61.9839
1456.787218	78.855	-62.3452
1457.153429	78.868	-62.8115
1457.519640	78.868	-63.2920
1457.885851	78.867	-63.7251
1458.252062	78.868	-64.1763
1458.618273	78.861	-64.5957
1458.984484	78.862	-64.9375
1459.350695	78.878	-65.3440
1459.716906	78.885	-65.8674
1460.083116	78.871	-66.3379
1460.449327	78.861	-66.6616
1460.815538	78.872	-66.9702
1461.181749	78.892	-67.4019
1461.547960	78.898	-67.9102
1461.914171	78.893	-68.3838
1462.280382	78.885	-68.8013
1462.646593	78.880	-69.1631
1463.012804	78.886	-69.4917
1463.379015	78.907	-69.9058
1463.745226	78.917	-70.4539
1464.111437	78.903	-70.9697
1464.477648	78.890	-71.3154
1464.843859	78.904	-71.6460
1465.210070	78.922	-72.1672
1465.576281	78.910	-72.7241
1465.942492	78.892	-73.0737
1466.308703	78.904	-73.3848
1466.674914	78.920	-73.8633
1467.041125	78.918	-74.3389
1467.407336	78.923	-74.7427
1467.773547	78.934	-75.2500
1468.139758	78.923	-75.7764
1468.505969	78.910	-76.1680
1468.872180	78.909	-76.5520
1469.238391	78.903	-76.9487
1469.604602	78.903	-77.2622
1469.970813	78.921	-77.6492
1470.337024	78.923	-78.1475
1470.703235	78.913	-78.5127
1471.069445	78.930	-78.8362
1471.435656	78.948	-79.3677
1471.801867	78.932	-79.8779
1472.168078	78.925	-80.1816
1472.534289	78.946	-80.5718
1472.900500	78.951	-81.1257
1473.266711	78.937	-81.5786
1473.632922	78.935	-81.9497
1473.999133	78.938	-82.3940
1474.365344	78.930	-82.8145
1474.731555	78.931	-83.1428
1475.097766	78.951	-83.5432
1475.463977	78.962	-84.1052
1475.830188	78.943	-84.6245
1476.196399	78.927	-84.9263
1476.562610	78.945	-85.2305
1476.928821	78.964	-85.7458
1477.295032	78.955	-86.2493
1477.661243	78.953	-86.6240
1478.027454	78.961	-87.0803
1478.393665	78.948	-87.5537
1478.759876	78.938	-87.8613
1479.126087	78.953	-88.1978
1479.492298	78.960	-88.6721
1479.858509	78.951	-89.0640
1480.224720	78.961	-89.3760
1480.590931	78.983	-89.8359
1480.957142	78.982	-90.3926
1481.323353	78.966	-90.8174
1481.689564	78.968	-91.1641
1482.055775	78.977	-91.6392
1482.421985	78.963	-92.1362
1482.788196	78.949	-92.4592
1483.154407	78.964	-92.8027
1483.520618	78.971	-93.3291
1483.886829	78.955	-93.7930
1484.253040	78.949	-94.1367
1484.619251	78.954	-94.5581
1484.985462	78.947	-94.9753
1485.351673	78.950	-95.3345
1485.717884	78.957	-95.7969
1486.084095	78.943	-96.2146
1486.450306	78.947	-96.4668
1486.816517	78.980	-96.8828
1487.182728	78.986	-97.4902
1487.548939	78.968	-97.9307
1487.915150	78.973	-98.2808
1488.281361	78.980	-98.7505
1488.647572	78.972	-99.1836
1489.013783	78.974	-99.5432
1489.379994	78.982	-99.9683
1489.746205	78.982	-100.3875
1490.112416	78.990	-100.7866
1490.478627	78.997	-101.2781
1490.844838	78.985	-101.7368
1491.211049	78.983	-102.0723
1491.577260	78.999	-102.5083
1491.943471	78.992	-103.0618
1492.309682	78.967	-103.4351
1492.675893	78.972	-103.6836
1493.042104	78.993	-104.1340
1493.408314	78.985	-104.6680
1493.774525	78.970	-105.0137
1494.140736	78.981	-105.3672
1494.506947	78.982	-105.8545
1494.873158	78.971	-106.2195
1495.239369	78.989	-106.5503
1495.605580	79.006	-107.1350
1495.971791	78.978	-107.6953
1496.338002	78.955	-107.9539
1496.704213	78.972	-108.2236
1497.070424	78.990	-108.6890
1497.436635	78.992	-109.1479
1497.802846	79.001	-109.5952
1498.169057	79.005	-110.1360
1498.535268	78.989	-110.6509
1498.901479	78.970	-111.0332
1499.267690	78.963	-111.3328
1499.633901	78.975	-111.6401
1500.000112	78.998	-112.0725
1500.366323	79.004	-112.6389
1500.732534	78.984	-113.1299
1501.098745	78.969	-113.4248
1501.464956	78.984	-113.7104
1501.831167	79.005	-114.1636
1502.197378	79.008	-114.6846
1502.563589	79.000	-115.1311
1502.929800	78.996	-115.5103
1503.296011	79.003	-115.8789
1503.662222	79.019	-116.3555
1504.028433	79.011	-116.9448
1504.394644	78.975	-117.3213
1504.760854	78.978	-117.4678
1505.127065	79.020	-117.9080
1505.493276	79.012	-118.5981
1505.859487	78.970	-118.9360
1506.225698	78.982	-119.1001
1506.591909	79.011	-119.5820
1506.958120	79.000	-120.1138
1507.324331	78.990	-120.4341
1507.690542	79.006	-120.8057
1508.056753	79.014	-121.2954
1508.422964	79.011	-121.7627
1508.789175	79.006	-122.2041
1509.155386	79.001	-122.6033
1509.521597	79.006	-122.9841
1509.887808	79.015	-123.4500
1510.254019	79.011	-123.9707
1510.620230	78.993	-124.4197
1510.986441	78.979	-124.7358
1511.352652	78.989	-125.0361
1511.718863	79.005	-125.4951
1512.085074	78.998	-125.9810
1512.451285	78.992	-126.3179
1512.817496	79.007	-126.6948
1513.183707	79.013	-127.1807
1513.549918	79.012	-127.5996
1513.916129	79.020	-128.0435
1514.282340	79.014	-128.5518
1514.648551	78.999	-128.9016
1515.014762	79.013	-129.2197
1515.380973	79.026	-129.7368
1515.747184	79.011	-130.2212
1516.113394	79.003	-130.5261
1516.479605	79.019	-130.8975
1516.845816	79.023	-131.3994
1517.212027	79.010	-131.8145
1517.578238	79.012	-132.1069
1517.944449	79.036	-132.5127
1518.310660	79.041	-133.0972
1518.676871	79.015	-133.5503
1519.043082	79.011	-133.7979
1519.409293	79.035	-134.2090
1519.775504	79.030	-134.7812
1520.141715	79.006	-135.1328
1520.507926	79.016	-135.3904
1520.874137	79.036	-135.8635
1521.240348	79.029	-136.3633
1521.606559	79.024	-136.7495
1521.972770	79.026	-137.2024
1522.338981	79.009	-137.6396
1522.705192	79.001	-137.8862
1523.071403	79.031	-138.1880
1523.437614	79.058	-138.7878
1523.803825	79.040	-139.4385
1524.170036	79.004	-139.8237
1524.536247	78.998	-140.0483
1524.902458	79.017	-140.3916
1525.268669	79.027	-140.8633
1525.634880	79.027	-141.2954
1526.001091	79.037	-141.7158
1526.367302	79.043	-142.2461
1526.733513	79.025	-142.7505
1527.099723	79.007	-143.0747
1527.465934	79.015	-143.3882
1527.832145	79.021	-143.8130
1528.198356	79.017	-144.1765
1528.564567	79.033	-144.4878
1528.930778	79.061	-144.9771
1529.296989	79.062	-145.5762
1529.663200	79.044	-146.0576
1530.029411	79.032	-146.4346
1530.395622	79.029	-146.7878
1530.761833	79.033	-147.1501
1531.128044	79.041	-147.5825
1531.494255	79.037	-148.0396
1531.860466	79.028	-148.4258
1532.226677	79.028	-148.7788
1532.592888	79.034	-149.1567
1532.959099	79.041	-149.5713
1533.325310	79.044	-150.0327
1533.691521	79.036	-150.4707
1534.057732	79.033	-150.8259
1534.423943	79.043	-151.2163
1534.790154	79.046	-151.7153
1535.156365	79.029	-152.1553
1535.522576	79.022	-152.4414
1535.888787	79.042	-152.7905
1536.254998	79.053	-153.3286
1536.621209	79.035	-153.8086
1536.987420	79.026	-154.1016
1537.353631	79.044	-154.4592
1537.719842	79.052	-154.9849
1538.086053	79.038	-155.4668
1538.452263	79.025	-155.8296
1538.818474	79.022	-156.1602
1539.184685	79.028	-156.4910
1539.550896	79.044	-156.8989
1539.917107	79.046	-157.4048
1540.283318	79.031	-157.8237
1540.649529	79.028	-158.1147
1541.015740	79.045	-158.4797
1541.381951	79.055	-158.9429
1541.748162	79.059	-159.4062
1542.114373	79.057	-159.9114
1542.480584	79.036	-160.3677
1542.846795	79.022	-160.6260
1543.213006	79.044	-160.9192
1543.579217	79.061	-161.4514
1543.945428	79.046	-161.9521
1544.311639	79.037	-162.2817
1544.677850	79.045	-162.6553
1545.044061	79.047	-163.0862
1545.410272	79.047	-163.4668
1545.776483	79.056	-163.8789
1546.142694	79.057	-164.3315
1546.508905	79.054	-164.7400
1546.875116	79.056	-165.1440
1547.241327	79.055	-165.5488
1547.607538	79.058	-165.9114
1547.973749	79.071	-166.3140
1548.339960	79.077	-166.7920
1548.706171	79.073	-167.2437
1549.072382	79.072	-167.6455
1549.438592	79.074	-168.0605
1549.804803	79.074	-168.4980
1550.171014	79.069	-168.9160
1550.537225	79.064	-169.2756
1550.903436	79.071	-169.6182
1551.269647	79.085	-170.0413
1551.635858	79.089	-170.5244
1552.002069	79.086	-170.9702
1552.368280	79.085	-171.4167
1552.734491	79.073	-171.8838
1553.100702	79.053	-172.2119
1553.466913	79.060	-172.4346
1553.833124	79.089	-172.8442
1554.199335	79.091	-173.4155
1554.565546	79.071	-173.8333
1554.931757	79.070	-174.1294
1555.297968	79.083	-174.5146
1555.664179	79.089	-174.9580
1556.030390	79.091	-175.4268
1556.396601	79.078	-175.8977
1556.762812	79.060	-176.1948
1557.129023	79.077	-176.4263
1557.495234	79.107	-176.9146
1557.861445	79.099	-177.5029
1558.227656	79.078	-177.8752
1558.593867	79.081	-178.1865
1558.960078	79.089	-178.6006
1559.326289	79.091	-179.0068
1559.692500	79.101	-179.4490
1560.058711	79.097	-179.9875
1560.424922	79.070	179.6003
1560.791132	79.064	179.3647
1561.157343	79.085	179.0117
1561.523554	79.090	178.4902
1561.889765	79.074	178.0850
1562.255976	79.079	177.8052
1562.622187	79.103	177.3555
1562.988398	79.099	176.7649
1563.354609	79.072	176.3733
1563.720820	79.075	176.1377
1564.087031	79.101	175.7158
1564.453242	79.101	175.1738
1564.819453	79.090	174.7905
1565.185664	79.103	174.4204
1565.551875	79.112	173.8843
1565.918086	79.095	173.4016
1566.284297	79.086	173.0593
1566.650508	79.089	172.6709
1567.016719	79.083	172.2793
1567.382930	79.084	171.9817
1567.749141	79.102	171.6282
1568.115352	79.116	171.1729
1568.481563	79.123	170.7192
1568.847774	79.128	170.2490
1569.213985	79.122	169.7788
1569.580196	79.114	169.3896
1569.946407	79.115	169.0273
1570.312618	79.120	168.6460
1570.678829	79.129	168.2402
1571.045040	79.134	167.7534
1571.411251	79.118	167.2939
1571.777461	79.104	167.0222
1572.143672	79.121	166.7654
1572.509883	79.146	166.3130
1572.876094	79.149	165.7808
1573.242305	79.138	165.3232
1573.608516	79.128	164.9531
1573.974727	79.130	164.6196
1574.340938	79.141	164.1973
1574.707149	79.135	163.7061
1575.073360	79.117	163.3608
1575.439571	79.125	163.0896
1575.805782	79.143	162.6299
1576.171993	79.132	162.1357
1576.538204	79.122	161.8413
1576.904415	79.144	161.4927
1577.270626	79.153	160.9253
1577.636837	79.131	160.4614
1578.003048	79.128	160.1626
1578.369259	79.141	159.7258
1578.735470	79.130	159.2407
1579.101681	79.119	158.9463
1579.467892	79.141	158.6172
1579.834103	79.158	158.0813
1580.200314	79.149	157.5732
1580.566525	79.143	157.1672
1580.932736	79.143	156.7495
1581.298947	79.143	156.3613
1581.665158	79.155	155.9563
1582.031369	79.161	155.4307
1582.397580	79.145	154.9595
1582.763791	79.137	154.6470
1583.130001	79.151	154.2812
1583.496212	79.156	153.8152
1583.862423	79.151	153.4138
1584.228634	79.155	153.0500
1584.594845	79.161	152.6406
1584.961056	79.163	152.2556
1585.327267	79.173	151.8855
1585.693478	79.185	151.4460
1586.059689	79.187	151.0005
1586.425900	79.190	150.6077
1586.792111	79.201	150.1860
1587.158322	79.208	149.7046
1587.524533	79.206	149.2104
1587.890744	79.195	148.7388
1588.256955	79.180	148.3472
1588.623166	79.174	148.0291
1588.989377	79.180	147.6836
1589.355588	79.188	147.2803
1589.721799	79.193	146.8340
1590.088010	79.187	146.3735
1590.454221	79.174	146.0232
1590.820432	79.182	145.7510
1591.186643	79.206	145.3264
1591.552854	79.209	144.8054
1591.919065	79.203	144.4062
1592.285276	79.215	144.0107
1592.651487	79.222	143.5015
1593.017698	79.215	143.0293
1593.383909	79.213	142.6011
1593.750120	79.206	142.1504
1594.116331	79.194	141.8018
1594.482541	79.205	141.5076
1594.848752	79.226	141.0447
1595.214963	79.222	140.5137
1595.581174	79.211	140.1274
1595.947385	79.219	139.7627
1596.313596	79.224	139.2927
1596.679807	79.215	138.8589
1597.046018	79.213	138.5098
1597.412229	79.219	138.1196
1597.778440	79.219	137.7144
1598.144651	79.223	137.3608
1598.510862	79.236	136.9600
1598.877073	79.240	136.5117
1599.243284	79.244	136.1299
1599.609495	79.262	135.7031
1599.975706	79.268	135.1382
1600.341917	79.248	134.6521
1600.708128	79.239	134.3262
1601.074339	79.247	133.9458
1601.440550	79.245	133.4888
1601.806761	79.236	133.1245
1602.172972	79.242	132.8169
1602.539183	79.260	132.4038
1602.905394	79.265	131.9092
1603.271605	79.260	131.4851
1603.637816	79.267	131.1091
1604.004027	79.280	130.6152
1604.370238	79.270	130.0806
1604.736449	79.252	129.7183
1605.102660	79.262	129.3904
1605.468870	79.273	128.8833
1605.835081	79.256	128.4004
1606.201292	79.246	128.1074
1606.567503	79.265	127.7563
1606.933714	79.275	127.2192
1607.299925	79.258	126.7344
1607.666136	79.245	126.4321
1608.032347	79.261	126.1460
1608.398558	79.287	125.6912
1608.764769	79.294	125.1064
1609.130980	79.276	124.6025
1609.497191	79.265	124.2480
1609.863402	79.271	123.8647
1610.229613	79.269	123.3994
1610.595824	79.256	123.0410
1610.962035	79.267	122.7610
1611.328246	79.292	122.2949
1611.694457	79.286	121.7202
1612.060668	79.263	121.3440
1612.426879	79.268	121.0811
1612.793090	79.289	120.6772
1613.159301	79.296	120.1812
1613.525512	79.292	119.7158
1613.891723	79.284	119.3101
1614.257934	79.285	118.9844
1614.624145	79.306	118.6055
1614.990356	79.321	118.0479
1615.356567	79.307	117.5068
1615.722778	79.290	117.1484
1616.088989	79.297	116.8188
1616.455200	79.308	116.3853
1616.821410	79.310	115.9072
1617.187621	79.305	115.4609
1617.553832	79.299	115.0591
1617.920043	79.296	114.6895
1618.286254	79.300	114.3408
1618.652465	79.312	113.9429
1619.018676	79.316	113.4644
1619.384887	79.306	113.0669
1619.751098	79.315	112.7690
1620.117309	79.340	112.3064
1620.483520	79.336	111.7256
1620.849731	79.314	111.3340
1621.215942	79.316	111.0430
1621.582153	79.329	110.6411
1621.948364	79.334	110.2173
1622.314575	79.344	109.7866
1622.680786	79.350	109.2542
1623.046997	79.335	108.7395
1623.413208	79.316	108.3589
1623.779419	79.311	108.0264
1624.145630	79.314	107.6621
1624.511841	79.317	107.2717
1624.878052	79.320	106.8777
1625.244263	79.326	106.4727
1625.610474	79.332	106.0320
1625.976685	79.330	105.5967
1626.342896	79.332	105.2136
1626.709107	79.344	104.8149
1627.075318	79.358	104.3203
1627.441529	79.356	103.7759
1627.807739	79.341	103.3047
1628.173950	79.330	102.9556
1628.540161	79.337	102.6121
1628.906372	79.348	102.1675
1629.272583	79.346	101.7034
1629.638794	79.344	101.2979
1630.005005	79.346	100.8833
1630.371216	79.344	100.4585
1630.737427	79.343	100.0781
1631.103638	79.349	99.6807
1631.469849	79.350	99.2485
1631.836060	79.349	98.8604
1632.202271	79.355	98.4658
1632.568482	79.356	98.0293
1632.934693	79.354	97.6621
1633.300904	79.370	97.2837
1633.667115	79.381	96.7349
1634.033326	79.360	96.2378
1634.399537	79.349	95.9578
1634.765748	79.369	95.6001
1635.131959	79.375	95.0732
1635.498170	79.364	94.6421
1635.864381	79.369	94.2520
1636.230592	79.370	93.7329
1636.596803	79.346	93.2976
1636.963014	79.338	93.0366
1637.329225	79.356	92.6846
1637.695436	79.362	92.1934
1638.061647	79.351	91.7808
1638.427858	79.353	91.4702
1638.794069	79.371	91.0972
1639.160279	79.385	90.6035
1639.526490	79.383	90.1172
1639.892701	79.382	89.7239
1640.258912	79.395	89.3013
1640.625123	79.401	88.7759
1640.991334	79.390	88.3035
1641.357545	79.386	87.9380
1641.723756	79.395	87.5325
1642.089967	79.399	87.0679
1642.456178	79.397	86.6328
1642.822389	79.399	86.2092
1643.188600	79.400	85.7744
1643.554811	79.402	85.3569
1643.921022	79.407	84.9229
1644.287233	79.409	84.4468
1644.653444	79.403	83.9766
1645.019655	79.392	83.5576
1645.385866	79.385	83.2036
1645.752077	79.390	82.8481
1646.118288	79.395	82.4185
1646.484499	79.389	82.0220
1646.850710	79.395	81.7173
1647.216921	79.421	81.2942
1647.583132	79.428	80.7244
1647.949343	79.416	80.2656
1648.315554	79.420	79.8853
1648.681765	79.429	79.3926
1649.047976	79.423	78.8945
1649.414187	79.418	78.4565
1649.780398	79.413	77.9902
1650.146609	79.400	77.5957
1650.512819	79.405	77.2725
1650.879030	79.421	76.8115
1651.245241	79.415	76.2993
1651.611452	79.406	75.9158
1651.977663	79.411	75.5337
1652.343874	79.410	75.1106
1652.710085	79.411	74.7622
1653.076296	79.427	74.3879
1653.442507	79.439	73.8994
1653.808718	79.435	73.4390
1654.174929	79.434	73.0747
1654.541140	79.449	72.6882
1654.907351	79.461	72.1873
1655.273562	79.451	71.6873
1655.639773	79.442	71.3594
1656.005984	79.465	71.0159
1656.372195	79.484	70.3979
1656.738406	79.453	69.8062
1657.104617	79.424	69.5464
1657.470828	79.439	69.2944
1657.837039	79.454	68.8159
1658.203250	79.448	68.3564
1658.569461	79.449	67.9739
1658.935672	79.456	67.4985
1659.301883	79.446	67.0144
1659.668094	79.435	66.6504
1660.034305	79.442	66.2913
1660.400516	79.450	65.8398
1660.766727	79.448	65.3818
1661.132938	79.448	64.9844
1661.499148	79.460	64.5713
1661.865359	79.472	64.0503
1662.231570	79.464	63.4883
1662.597781	79.445	63.0466
1662.963992	79.439	62.7100
1663.330203	79.448	62.3018
1663.696414	79.445	61.8340
1664.062625	79.437	61.4587
1664.428836	79.444	61.1030
1664.795047	79.451	60.6548
1665.161258	79.447	60.2466
1665.527469	79.456	59.8992
1665.893680	79.473	59.4175
1666.259891	79.465	58.8845
1666.626102	79.450	58.5396
1666.992313	79.467	58.2224
1667.358524	79.486	57.6753
1667.724735	79.467	57.1099
1668.090946	79.444	56.8047
1668.457157	79.459	56.5327
1668.823368	79.480	56.0264
1669.189579	79.470	55.4971
1669.555790	79.461	55.1282
1669.922001	79.470	54.7256
1670.288212	79.469	54.2451
1670.654423	79.463	53.8579
1671.020634	79.474	53.4805
1671.386845	79.485	52.9678
1671.753056	79.474	52.4529
1672.119267	79.458	52.0815
1672.485478	79.461	51.7971
1672.851688	79.485	51.4443
1673.217899	79.510	50.9175
1673.584110	79.511	50.3169
1673.950321	79.496	49.8188
1674.316532	79.486	49.4116
1674.682743	79.482	49.0083
1675.048954	79.479	48.6035
1675.415165	79.474	48.2090
1675.781376	79.471	47.8577
1676.147587	79.480	47.5308
1676.513798	79.500	47.0967
1676.880009	79.506	46.5635
1677.246220	79.498	46.0903
1677.612431	79.493	45.6689
1677.978642	79.488	45.2368
1678.344853	79.483	44.8647
1678.711064	79.495	44.4885
1679.077275	79.506	43.9541
1679.443486	79.488	43.4229
1679.809697	79.471	43.0889
1680.175908	79.481	42.7480
1680.542119	79.486	42.2656
1680.908330	79.478	41.8601
1681.274541	79.489	41.5156
1681.640752	79.507	40.9922
1682.006963	79.495	40.4463
1682.373174	79.483	40.0801
1682.739385	79.492	39.6729
1683.105596	79.487	39.1909
1683.471807	79.478	38.8682
1683.838017	79.501	38.5327
1684.204228	79.519	37.9673
1684.570439	79.506	37.4258
1684.936650	79.494	37.0444
1685.302861	79.496	36.6650
1685.669072	79.502	36.2578
1686.035283	79.512	35.7881
1686.401494	79.504	35.2676
1686.767705	79.489	34.8999
1687.133916	79.502	34.5596
1687.500127	79.513	34.0010
1687.866338	79.489	33.5198
1688.232549	79.486	33.2368
1688.598760	79.506	32.7739
1688.964971	79.494	32.2329
1689.331182	79.483	31.9121
1689.697393	79.504	31.5176
1690.063604	79.506	30.9468
1690.429815	79.489	30.5361
1690.796026	79.499	30.1882
1691.162237	79.511	29.6741
1691.528448	79.501	29.2004
1691.894659	79.504	28.8384
1692.260870	79.519	28.3625
1692.627081	79.513	27.8247
1692.993292	79.498	27.4485
1693.359503	79.508	27.1318
1693.725714	79.526	26.6543
1694.091925	79.521	26.1296
1694.458136	79.510	25.7498
1694.824347	79.517	25.3823
1695.190557	79.520	24.9238
1695.556768	79.512	24.5410
1695.922979	79.522	24.2112
1696.289190	79.538	23.7356
1696.655401	79.531	23.2236
1697.021612	79.522	22.8560
1697.387823	79.534	22.4697
1697.754034	79.540	21.9253
1698.120245	79.520	21.4265
1698.486456	79.507	21.0884
1698.852667	79.513	20.6997
1699.218878	79.507	20.2212
1699.585089	79.492	19.8755
1699.951300	79.505	19.5793
1700.317511	79.529	19.0842
1700.683722	79.527	18.5247
1701.049933	79.520	18.0681
1701.416144	79.520	17.6003
1701.782355	79.511	17.1489
1702.148566	79.513	16.7847
1702.514777	79.530	16.3171
1702.880988	79.526	15.7500
1703.247199	79.510	15.3333
1703.613410	79.516	14.9873
1703.979621	79.528	14.5159
1704.345832	79.526	14.0356
1704.712043	79.528	13.6099
1705.078254	79.531	13.1211
1705.444465	79.519	12.6445
1705.810676	79.508	12.2856
1706.176886	79.511	11.9326
1706.543097	79.514	11.5273
1706.909308	79.515	11.1299
1707.275519	79.519	10.7227
1707.641730	79.521	10.2935
1708.007941	79.521	9.8687
1708.374152	79.520	9.4360
1708.740363	79.515	9.0234
1709.106574	79.516	8.6338
1709.472785	79.521	8.1765
1709.838996	79.511	7.6978
1710.205207	79.498	7.3350
1710.571418	79.505	7.0000
1710.937629	79.519	6.5288
1711.303840	79.514	6.0044
1711.670051	79.499	5.5933
1712.036262	79.500	5.2529
1712.402473	79.515	4.8276
1712.768684	79.521	4.2949
1713.134895	79.510	3.7827
1713.501106	79.497	3.3828
1713.867317	79.497	3.0337
1714.233528	79.507	2.6116
1714.599739	79.508	2.1313
1714.965950	79.501	1.7109
1715.332161	79.504	1.3296
1715.698372	79.511	0.8848
1716.064583	79.509	0.4336
1716.430794	79.510	0.0474
1716.797005	79.522	-0.3875
1717.163216	79.525	-0.9136
1717.529426	79.513	-1.3772
1717.895637	79.511	-1.7551
1718.261848	79.520	-2.2219
1718.628059	79.510	-2.7593
1718.994270	79.487	-3.1465
1719.360481	79.487	-3.4282
1719.726692	79.505	-3.8452
1720.092903	79.506	-4.3555
1720.459114	79.498	-4.7910
1720.825325	79.499	-5.2002
1721.191536	79.501	-5.6465
1721.557747	79.501	-6.0972
1721.923958	79.501	-6.5610
1722.290169	79.495	-7.0195
1722.656380	79.491	-7.4526
1723.022591	79.487	-7.9014
1723.388802	79.476	-8.3123
1723.755013	79.475	-8.6553
1724.121224	79.488	-9.0703
1724.487435	79.490	-9.5803
1724.853646	79.480	-10.0330
1725.219857	79.475	-10.4177
1725.586068	79.477	-10.8281
1725.952279	79.475	-11.2480
1726.318490	79.476	-11.6357
1726.684701	79.486	-12.0552
1727.050912	79.492	-12.5610
1727.417123	79.482	-13.0537
1727.783334	79.471	-13.4346
1728.149545	79.475	-13.8032
1728.515756	79.480	-14.2432
1728.881966	79.480	-14.6592
1729.248177	79.490	-15.0627
1729.614388	79.500	-15.5806
1729.980599	79.488	-16.0894
1730.346810	79.479	-16.4258
1730.713021	79.499	-16.7939
1731.079232	79.514	-17.3562
1731.445443	79.504	-17.9021
1731.811654	79.493	-18.3394
1732.177865	79.485	-18.7759
1732.544076	79.473	-19.1450
1732.910287	79.480	-19.4697
1733.276498	79.493	-19.9307
1733.642709	79.486	-20.3999
1734.008920	79.487	-20.7500
1734.375131	79.503	-21.2034
1734.741342	79.498	-21.7512
1735.107553	79.482	-22.1582
1735.473764	79.485	-22.5364
1735.839975	79.485	-23.0195
1736.206186	79.470	-23.4558
1736.572397	79.460	-23.7893
1736.938608	79.465	-24.1128
1737.304819	79.483	-24.5237
1737.671030	79.491	-25.0847
1738.037241	79.469	-25.6033
1738.403452	79.452	-25.8779
1738.769663	79.477	-26.1882
1739.135874	79.498	-26.7910
1739.502085	79.476	-27.3608
1739.868295	79.463	-27.6899
1740.234506	79.479	-28.1062
1740.600717	79.477	-28.6831
1740.966928	79.456	-29.1030
1741.333139	79.463	-29.4419
1741.699350	79.476	-29.9785
1742.065561	79.457	-30.5295
1742.431772	79.438	-30.8887
1742.797983	79.440	-31.2358
1743.164194	79.443	-31.6721
1743.530405	79.438	-32.0923
1743.896616	79.437	-32.4558
1744.262827	79.449	-32.8076
1744.629038	79.473	-33.2852
1744.995249	79.475	-33.9146
1745.361460	79.448	-34.4185
1745.727671	79.436	-34.7358
1746.093882	79.444	-35.1484
1746.460093	79.433	-35.6104
1746.826304	79.424	-35.9060
1747.192515	79.448	-36.2415
1747.558726	79.466	-36.8118
1747.924937	79.450	-37.3843
1748.291148	79.429	-37.7568
1748.657359	79.434	-38.0654
1749.023570	79.452	-38.5342
1749.389781	79.446	-39.1226
1749.755992	79.418	-39.5464
1750.122203	79.414	-39.7961
1750.488414	79.440	-40.2048
1750.854625	79.445	-40.8081
1751.220835	79.423	-41.3159
1751.587046	79.410	-41.6956
1751.953257	79.406	-42.0938
1752.319468	79.401	-42.4907
1752.685679	79.403	-42.8640
1753.051890	79.414	-43.3105
1753.418101	79.414	-43.8359
1753.784312	79.401	-44.3208
1754.150523	79.388	-44.7058
1754.516734	79.390	-45.0649
1754.882945	79.400	-45.4973
1755.249156	79.404	-46.0068
1755.615367	79.394	-46.4985
1755.981578	79.383	-46.8928
1756.347789	79.389	-47.2600
1756.714000	79.402	-47.7510
1757.080211	79.393	-48.3103
1757.446422	79.371	-48.7148
1757.812633	79.372	-49.0159
1758.178844	79.390	-49.4619
1758.545055	79.388	-50.0005
1758.911266	79.378	-50.4524
1759.277477	79.374	-50.8967
1759.643688	79.360	-51.3389
1760.009899	79.352	-51.6494
1760.376110	79.372	-52.0208
1760.742321	79.380	-52.6111
1761.108532	79.355	-53.1086
1761.474743	79.347	-53.4229
1761.840954	79.359	-53.8721
1762.207164	79.347	-54.4028
1762.573375	79.330	-54.7671
1762.939586	79.338	-55.1301
1763.305797	79.343	-55.6301
1763.672008	79.334	-56.1099
1764.038219	79.328	-56.5557
1764.404430	79.317	-57.0334
1764.770641	79.297	-57.4258
1765.136852	79.294	-57.7056
1765.503063	79.316	-58.0786
1765.869274	79.331	-58.6602
1766.235485	79.311	-59.2473
1766.601696	79.283	-59.6111
1766.967907	79.285	-59.8774
1767.334118	79.304	-60.2925
1767.700329	79.310	-60.8149
1768.066540	79.305	-61.3066
1768.432751	79.299	-61.7822
1768.798962	79.285	-62.2253
1769.165173	79.277	-62.5801
1769.531384	79.286	-62.9526
1769.897595	79.294	-63.4556
1770.263806	79.283	-63.9673
1770.630017	79.270	-64.3621
1770.996228	79.271	-64.7644
1771.362439	79.264	-65.2432
1771.728650	79.245	-65.6099
1772.094861	79.252	-65.8696
1772.461072	79.280	-66.3257
1772.827283	79.280	-66.9578
1773.193494	79.252	-67.4143
1773.559704	79.248	-67.7136
1773.925915	79.264	-68.1501
1774.292126	79.263	-68.6924
1774.658337	79.250	-69.1606
1775.024548	79.239	-69.5874
1775.390759	79.227	-69.9724
1775.756970	79.227	-70.2769
1776.123181	79.247	-70.6724
1776.489392	79.257	-71.2285
1776.855603	79.245	-71.7476
1777.221814	79.234	-72.1763
1777.588025	79.226	-72.5806
1777.954236	79.225	-72.9451
1778.320447	79.238	-73.3853
1778.686658	79.236	-73.9595
1779.052869	79.209	-74.4224
1779.419080	79.199	-74.7297
1779.785291	79.207	-75.1201
1780.151502	79.206	-75.5789
1780.517713	79.205	-76.0046
1780.883924	79.207	-76.4963
1781.250135	79.191	-76.9963
1781.616346	79.176	-77.3533
1781.982557	79.185	-77.7253
1782.348768	79.191	-78.2505
1782.714979	79.179	-78.7659
1783.081190	79.168	-79.2217
1783.447401	79.153	-79.6875
1783.813612	79.133	-80.0376
1784.179823	79.141	-80.2979
1784.546034	79.171	-80.7874
1784.912244	79.167	-81.4583
1785.278455	79.134	-81.9250
1785.644666	79.126	-82.2290
1786.010877	79.136	-82.6572
1786.377088	79.131	-83.1470
1786.743299	79.123	-83.5518
1787.109510	79.127	-83.9695
1787.475721	79.127	-84.4624
1787.841932	79.114	-84.9297
1788.208143	79.101	-85.2966
1788.574354	79.107	-85.6313
1788.940565	79.125	-86.1108
1789.306776	79.116	-86.7212
1789.672987	79.081	-87.1387
1790.039198	79.078	-87.3486
1790.405409	79.108	-87.7852
1790.771620	79.100	-88.4341
1791.137831	79.064	-88.8218
1791.504042	79.069	-89.0547
1791.870253	79.091	-89.5439
1792.236464	79.078	-90.1030
1792.602675	79.063	-90.4731
1792.968886	79.071	-90.8691
1793.335097	79.072	-91.3767
1793.701308	79.064	-91.8481
1794.067519	79.059	-92.3179
1794.433730	79.044	-92.7998
1794.799941	79.026	-93.1826
1795.166152	79.024	-93.5244
1795.532363	79.028	-93.9338
1795.898573	79.029	-94.3740
1796.264784	79.030	-94.8252
1796.630995	79.027	-95.3130
1796.997206	79.015	-95.7834
1797.363417	79.001	-96.1675
1797.729628	79.001	-96.4958
1798.095839	79.020	-96.9160
1798.462050	79.030	-97.5264
1798.828261	79.003	-98.1433
1799.194472	78.962	-98.5037
1799.560683	78.957	-98.6995
1799.926894	78.984	-99.0659
1800.293105	78.995	-99.6660
1800.659316	78.974	-100.2007
1801.025527	78.962	-100.5530
1801.391738	78.974	-100.9868
1801.757949	78.970	-101.5649
1802.124160	78.949	-102.0183
1802.490371	78.948	-102.3984
1802.856582	78.951	-102.9438
1803.222793	78.925	-103.4729
1803.589004	78.901	-103.8052
1803.955215	78.902	-104.1387
1804.321426	78.905	-104.5637
1804.687637	78.904	-105.0129
1805.053848	78.897	-105.4744
1805.420059	78.883	-105.8540
1805.786270	78.889	-106.1821
1806.152481	78.903	-106.6538
1806.518692	78.897	-107.1660
1806.884903	78.892	-107.5879
1807.251113	78.893	-108.0957
1807.617324	78.869	-108.6079
1807.983535	78.847	-108.8979
1808.349746	78.861	-109.2214
1808.715957	78.866	-109.7666
1809.082168	78.842	-110.2119
1809.448379	78.840	-110.5020
1809.814590	78.860	-110.9756
1810.180801	78.850	-111.5891
1810.547012	78.821	-112.0261
1810.913223	78.814	-112.3667
1811.279434	78.815	-112.8311
1811.645645	78.797	-113.2893
1812.011856	78.788	-113.6221
1812.378067	78.799	-114.0288
1812.744278	78.798	-114.5681
1813.110489	78.781	-115.0254
1813.476700	78.777	-115.4060
1813.842911	78.779	-115.8757
1814.209122	78.767	-116.3625
1814.575333	78.754	-116.7441
1814.941544	78.757	-117.1157
1815.307755	78.765	-117.5872
1815.673966	78.759	-118.1101
1816.040177	78.743	-118.5769
1816.406388	78.728	-118.9590
1816.772599	78.724	-119.3242
1817.138810	78.726	-119.7185
1817.505021	78.730	-120.1455
1817.871232	78.732	-120.6482
1818.237442	78.716	-121.1814
1818.603653	78.687	-121.5630
1818.969864	78.681	-121.8120
1819.336075	78.701	-122.1917
1819.702286	78.708	-122.7537
1820.068497	78.693	-123.2852
1820.434708	78.677	-123.7295
1820.800919	78.665	-124.1636
1821.167130	78.654	-124.5635
1821.533341	78.655	-124.9783
1821.899552	78.652	-125.5090
1822.265763	78.628	-125.9924
1822.631974	78.614	-126.3130
1822.998185	78.627	-126.7180
1823.364396	78.628	-127.2883
1823.730607	78.609	-127.7905
1824.096818	78.597	-128.2227
1824.463029	78.585	-128.6829
1824.829240	78.570	-129.0591
1825.195451	78.577	-129.4136
1825.561662	78.587	-129.9473
1825.927873	78.567	-130.5068
1826.294084	78.540	-130.8662
1826.660295	78.540	-131.1555
1827.026506	78.554	-131.5723
1827.392717	78.556	-132.0881
1827.758928	78.544	-132.5591
1828.125139	78.539	-132.9629
1828.491350	78.540	-133.4492
1828.857561	78.519	-133.9822
1829.223772	78.487	-134.3013
1829.589982	78.493	-134.5210
1829.956193	78.516	-134.9888
1830.322404	78.507	-135.5605
1830.688615	78.491	-135.9814
1831.054826	78.489	-136.4343
1831.421037	78.471	-136.9595
1831.787248	78.443	-137.3296
1832.153459	78.437	-137.6409
1832.519670	78.438	-138.0518
1832.885881	78.435	-138.4575
1833.252092	78.442	-138.8997
1833.618303	78.437	-139.4646
1833.984514	78.410	-139.9370
1834.350725	78.397	-140.2537
1834.716936	78.404	-140.6602
1835.083147	78.399	-141.1660
1835.449358	78.384	-141.5811
1835.815569	78.385	-141.9697
1836.181780	78.385	-142.4563
1836.547991	78.372	-142.9243
1836.914202	78.366	-143.3337
1837.280413	78.361	-143.8188
1837.646624	78.337	-144.2708
1838.012835	78.324	-144.5566
1838.379046	78.338	-144.9407
1838.745257	78.332	-145.4980
1839.111468	78.304	-145.8857
1839.477679	78.306	-146.1772
1839.843890	78.314	-146.6660
1840.210101	78.297	-147.1379
1840.576311	78.292	-147.4988
1840.942522	78.293	-148.0122
1841.308733	78.262	-148.4937
1841.674944	78.246	-148.7397
1842.041155	78.265	-149.1226
1842.407366	78.259	-149.6997
1842.773577	78.234	-150.0999
1843.139788	78.237	-150.4465
1843.505999	78.239	-150.9722
1843.872210	78.217	-151.4424
1844.238421	78.207	-151.7874
1844.604632	78.212	-152.2168
1844.970843	78.207	-152.7029
1845.337054	78.200	-153.1650
1845.703265	78.190	-153.6558
1846.069476	78.170	-154.1182
1846.435687	78.151	-154.4905
1846.801898	78.143	-154.8354
1847.168109	78.144	-155.2078
1847.534320	78.147	-155.6575
1847.900531	78.137	-156.1499
1848.266742	78.118	-156.5471
1848.632953	78.112	-156.8896
1848.999164	78.113	-157.3008
1849.365375	78.109	-157.7322
1849.731586	78.107	-158.1743
1850.097797	78.097	-158.6609
1850.464008	78.077	-159.0754
1850.830219	78.071	-159.4219
1851.196430	78.076	-159.8579
1851.562641	78.071	-160.3616
1851.928851	78.056	-160.8560
1852.295062	78.033	-161.3027
1852.661273	78.014	-161.6497
1853.027484	78.013	-161.9951
1853.393695	78.014	-162.4563
1853.759906	78.002	-162.9141
1854.126117	77.995	-163.3267
1854.492328	77.988	-163.7888
1854.858539	77.972	-164.2197
1855.224750	77.964	-164.5808
1855.590961	77.966	-165.0093
1855.957172	77.957	-165.4727
1856.323383	77.946	-165.8706
1856.689594	77.943	-166.2810
1857.055805	77.934	-166.7209
1857.422016	77.921	-167.0977
1857.788227	77.920	-167.4475
1858.154438	77.924	-167.8799
1858.520649	77.915	-168.3706
1858.886860	77.892	-168.7734
1859.253071	77.881	-169.0571
1859.619282	77.891	-169.4009
1859.985493	77.896	-169.8950
1860.351704	77.881	-170.3840
1860.717915	77.865	-170.7922
1861.084126	77.854	-171.2124
1861.450337	77.836	-171.6338
1861.816548	77.820	-171.9934
1862.182759	77.812	-172.3435
1862.548970	77.809	-172.7224
1862.915181	77.811	-173.1289
1863.281391	77.816	-173.6375
1863.647602	77.800	-174.2297
1864.013813	77.762	-174.7024
1864.380024	77.735	-174.9990
1864.746235	77.731	-175.3074
1865.112446	77.732	-175.7222
1865.478657	77.723	-176.1599
1865.844868	77.713	-176.5645
1866.211079	77.708	-176.9614
1866.577290	77.705	-177.4021
1866.943501	77.693	-177.8662
1867.309712	77.675	-178.2422
1867.675923	77.672	-178.5684
1868.042134	77.678	-179.0103
1868.408345	77.666	-179.4919
1868.774556	77.651	-179.8706
1869.140767	77.648	179.7393
1869.506978	77.641	179.2878
1869.873189	77.628	178.8684
1870.239400	77.619	178.4324
1870.605611	77.598	177.9910
1870.971822	77.579	177.6577
1871.338033	77.578	177.3027
1871.704244	77.570	176.8298
1872.070455	77.547	176.4297
1872.436666	77.539	176.1133
1872.802877	77.541	175.6860
1873.169088	77.528	175.1914
1873.535299	77.504	174.7915
1873.901510	77.492	174.4680
1874.267720	77.493	174.1077
1874.633931	77.495	173.6565
1875.000142	77.484	173.1711
1875.366353	77.467	172.7520
1875.732564	77.459	172.3777
1876.098775	77.459	171.9309
1876.464986	77.443	171.4272
1876.831197	77.414	171.0488
1877.197408	77.406	170.7957
1877.563619	77.421	170.4001
1877.929830	77.414	169.8462
1878.296041	77.387	169.4309
1878.662252	77.379	169.1072
1879.028463	77.376	168.6467
1879.394674	77.349	168.2380
1879.760885	77.340	167.9832
1880.127096	77.355	167.5645
1880.493307	77.340	167.0046
1880.859518	77.307	166.6426
1881.225729	77.300	166.3711
1881.591940	77.302	165.9697
1881.958151	77.293	165.5498
1882.324362	77.286	165.1445
1882.690573	77.274	164.7095
1883.056784	77.257	164.3611
1883.422995	77.261	164.0242
1883.789206	77.263	163.5344
1884.155417	77.243	163.0911
1884.521628	77.239	162.7676
1884.887839	77.250	162.2654
1885.254050	77.223	161.6743
1885.620260	77.184	161.3506
1885.986471	77.182	161.1045
1886.352682	77.187	160.6567
1886.718893	77.169	160.2078
1887.085104	77.157	159.8447
1887.451315	77.147	159.4255
1887.817526	77.127	159.0684
1888.183737	77.127	158.7903
1888.549948	77.141	158.3149
1888.916159	77.121	157.7451
1889.282370	77.088	157.3877
1889.648581	77.081	157.0820
1890.014792	77.076	156.6479
1890.381003	77.057	156.2598
1890.747214	77.051	155.9280
1891.113425	77.051	155.5027
1891.479636	77.040	155.0481
1891.845847	77.027	154.6216
1892.212058	77.011	154.1973
1892.578269	76.993	153.8232
1892.944480	76.985	153.4622
1893.310691	76.976	153.0613
1893.676902	76.965	152.7017
1894.043113	76.968	152.3328
1894.409324	76.969	151.8364
1894.775535	76.948	151.3337
1895.141746	76.922	150.9482
1895.507957	76.905	150.6184
1895.874168	76.895	150.2922
1896.240379	76.890	149.9543
1896.606589	76.888	149.6030
1896.972800	76.891	149.2390
1897.339011	76.897	148.7896
1897.705222	76.888	148.2756
1898.071433	76.868	147.8413
1898.437644	76.855	147.4619
1898.803855	76.845	147.0427
1899.170066	76.831	146.6133
1899.536277	76.813	146.1865
1899.902488	76.788	145.8000
1900.268699	76.770	145.5034
1900.634910	76.768	145.1592
1901.001121	76.757	144.7319
1901.367332	76.739	144.3914
1901.733543	76.739	144.0603
1902.099754	76.739	143.5828
1902.465965	76.715	143.1123
1902.832176	76.689	142.7698
1903.198387	76.675	142.4934
1903.564598	76.679	142.2097
1903.930809	76.694	141.7539
1904.297020	76.679	141.1616
1904.663231	76.637	140.7927
1905.029442	76.630	140.5879
1905.395653	76.642	140.1726
1905.761864	76.625	139.6921
1906.128075	76.610	139.3716
1906.494286	76.613	138.9761
1906.860497	76.597	138.5002
1907.226708	76.576	138.1858
1907.592919	76.580	137.8669
1907.959129	76.580	137.3899
1908.325340	76.560	136.9702
1908.691551	76.551	136.6321
1909.057762	76.549	136.2202
1909.423973	76.538	135.7896
1909.790184	76.526	135.3950
1910.156395	76.515	134.9968
1910.522606	76.505	134.6040
1910.888817	76.497	134.1819
1911.255028	76.480	133.7390
1911.621239	76.458	133.3853
1911.987450	76.450	133.0596
1912.353661	76.445	132.6462
1912.719872	76.429	132.2258
1913.086083	76.412	131.8564
1913.452294	76.398	131.5103
1913.818505	76.391	131.1882
1914.184716	76.396	130.7874
1914.550927	76.387	130.2612
1914.917138	76.356	129.7991
1915.283349	76.325	129.4758
1915.649560	76.306	129.2034
1916.015771	76.301	128.9480
1916.381982	76.312	128.5916
1916.748193	76.308	128.0869
1917.114404	76.282	127.6650
1917.480615	76.268	127.3535
1917.846826	76.261	126.9626
1918.213037	76.242	126.5820
1918.579248	76.231	126.2944
1918.945459	76.233	125.9468
1919.311669	76.231	125.5396
1919.677880	76.229	125.0972
1920.044091	76.212	124.5789
1920.410302	76.170	124.2192
1920.776513	76.157	124.0791
1921.142724	76.183	123.7429
1921.508935	76.181	123.1482
1921.875146	76.144	122.6992
1922.241357	76.121	122.4294
1922.607568	76.115	122.1135
1922.973779	76.107	121.7554
1923.339990	76.101	121.3860
1923.706201	76.090	120.9722
1924.072412	76.068	120.5999
1924.438623	76.054	120.3206
1924.804834	76.058	119.9971
1925.171045	76.056	119.5515
1925.537256	76.036	119.1389
1925.903467	76.024	118.8262
1926.269678	76.026	118.4370
1926.635889	76.011	117.9773
1927.002100	75.990	117.6396
1927.368311	75.988	117.3201
1927.734522	75.986	116.8633
1928.100733	75.964	116.4353
1928.466944	75.948	116.1011
1928.833155	75.939	115.7461
1929.199366	75.930	115.4041
1929.565577	75.932	115.0430
1929.931788	75.930	114.5591
1930.297998	75.906	114.1001
1930.664209	75.883	113.7639
1931.030420	75.869	113.4341
1931.396631	75.856	113.1248
1931.762842	75.855	112.8357
1932.129053	75.860	112.4294
1932.495264	75.845	112.0024
1932.861475	75.831	111.7083
1933.227686	75.839	111.3772
1933.593897	75.840	110.8936
1933.960108	75.818	110.4468
1934.326319	75.798	110.1245
1934.692530	75.792	109.7856
1935.058741	75.781	109.3945
1935.424952	75.766	109.0532
1935.791163	75.760	108.7224
1936.157374	75.753	108.3018
1936.523585	75.727	107.9209
1936.889796	75.710	107.6880
1937.256007	75.719	107.3840
1937.622218	75.717	106.8982
1937.988429	75.689	106.4807
1938.354640	75.671	106.2053
1938.720851	75.669	105.8574
1939.087062	75.654	105.4375
1939.453273	75.631	105.1201
1939.819484	75.625	104.8459
1940.185695	75.627	104.4556
1940.551906	75.614	104.0083
1940.918117	75.593	103.6494
1941.284328	75.584	103.3259
1941.650538	75.580	102.8948
1942.016749	75.552	102.4402
1942.382960	75.517	102.1665
1942.749171	75.509	102.0027
1943.115382	75.523	101.6980
1943.481593	75.525	101.2485
1943.847804	75.511	100.8433
1944.214015	75.503	100.4927
1944.580226	75.496	100.0945
1944.946437	75.479	99.7097
1945.312648	75.467	99.4131
1945.678859	75.470	99.0659
1946.045070	75.461	98.6040
1946.411281	75.433	98.2351
1946.777492	75.421	97.9966
1947.143703	75.425	97.6543
1947.509914	75.413	97.2261
1947.876125	75.392	96.9048
1948.242336	75.386	96.6106
1948.608547	75.378	96.2490
1948.974758	75.366	95.9160
1949.340969	75.362	95.5745
1949.707180	75.351	95.1689
1950.073391	75.331	94.8323
1950.439602	75.323	94.5474
1950.805813	75.321	94.1792
1951.172024	75.310	93.7969
1951.538235	75.301	93.4368
1951.904446	75.291	93.0183
1952.270657	75.267	92.6499
1952.636867	75.254	92.3953
1953.003078	75.260	92.0557
1953.369289	75.252	91.6091
1953.735500	75.232	91.2568
1954.101711	75.228	90.9575
1954.467922	75.230	90.5488
1954.834133	75.214	90.1118
1955.200344	75.193	89.7832
1955.566555	75.185	89.5022
1955.932766	75.185	89.1643
1956.298977	75.180	88.7957
1956.665188	75.174	88.4375
1957.031399	75.167	88.0522
1957.397610	75.151	87.6694
1957.763821	75.134	87.3787
1958.130032	75.132	87.0981
1958.496243	75.131	86.7175
1958.862454	75.115	86.3484
1959.228665	75.104	86.0508
1959.594876	75.098	85.7021
1959.961087	75.080	85.3535
1960.327298	75.068	85.1296
1960.693509	75.083	84.8342
1961.059720	75.085	84.3120
1961.425931	75.048	83.8772
1961.792142	75.025	83.7200
1962.158353	75.046	83.4592
1962.524564	75.050	82.8975
1962.890775	75.009	82.4536
1963.256986	74.988	82.2756
1963.623197	75.000	81.9629
1963.989407	74.990	81.4729
1964.355618	74.959	81.1443
1964.721829	74.950	80.9229
1965.088040	74.952	80.5935
1965.454251	74.944	80.2395
1965.820462	74.939	79.9290
1966.186673	74.940	79.5918
1966.552884	74.941	79.2068
1966.919095	74.936	78.7527
1967.285306	74.910	78.3074
1967.651517	74.877	78.0464
1968.017728	74.870	77.8691
1968.383939	74.876	77.5603
1968.750150	74.869	77.2080
1969.116361	74.862	76.9214
1969.482572	74.864	76.6023
1969.848783	74.861	76.2307
1970.214994	74.854	75.8591
1970.581205	74.843	75.4795
1970.947416	74.824	75.1467
1971.313627	74.813	74.8867
1971.679838	74.814	74.5952
1972.046049	74.815	74.2278
1972.412260	74.809	73.8191
1972.778471	74.793	73.4087
1973.144682	74.769	73.0813
1973.510893	74.756	72.8228
1973.877104	74.751	72.5212
1974.243315	74.742	72.2087
1974.609526	74.742	71.9192
1974.975736	74.748	71.5269
1975.341947	74.733	71.0544
1975.708158	74.700	70.7136
1976.074369	74.680	70.5369
1976.440580	74.687	70.3484
1976.806791	74.704	70.0063
1977.173002	74.704	69.5559
1977.539213	74.686	69.1785
1977.905424	74.678	68.9207
1978.271635	74.690	68.6079
1978.637846	74.697	68.1306
1979.004057	74.675	67.6392
1979.370268	74.641	67.3435
1979.736479	74.635	67.1750
1980.102690	74.652	66.8594
1980.468901	74.652	66.3816
1980.835112	74.630	65.9749
1981.201323	74.612	65.6760
1981.567534	74.603	65.3865
1981.933745	74.597	65.0774
1982.299956	74.589	64.7266
1982.666167	74.571	64.4158
1983.032378	74.562	64.2085
1983.398589	74.572	63.9204
1983.764800	74.568	63.5361
1984.131011	74.558	63.2556
1984.497222	74.569	62.9480
1984.863433	74.568	62.4885
1985.229644	74.545	62.1243
1985.595855	74.538	61.8591
1985.962066	74.539	61.4775
1986.328276	74.520	61.0903
1986.694487	74.502	60.8191
1987.060698	74.498	60.5454
1987.426909	74.494	60.2227
1987.793120	74.486	59.9021
1988.159331	74.478	59.6265
1988.525542	74.484	59.3579
1988.891753	74.495	58.9500
1989.257964	74.479	58.4758
1989.624175	74.450	58.1924
1989.990386	74.447	58.0000
1990.356597	74.453	57.6646
1990.722808	74.441	57.3301
1991.089019	74.437	57.1196
1991.455230	74.455	56.8179
1991.821441	74.459	56.3665
1992.187652	74.443	55.9812
1992.553863	74.434	55.6892
1992.920074	74.432	55.3645
1993.286285	74.426	55.0281
1993.652496	74.424	54.6890
1994.018707	74.416	54.2869
1994.384918	74.392	53.9495
1994.751129	74.380	53.7712
1995.117340	74.398	53.4978
1995.483551	74.400	52.9995
1995.849762	74.366	52.6169
1996.215973	74.350	52.4895
1996.582184	74.373	52.2397
1996.948395	74.377	51.7639
1997.314606	74.356	51.4175
1997.680816	74.355	51.1777
1998.047027	74.359	50.7996
1998.413238	74.342	50.5205
1998.779449	74.364	50.3752
1999.145660	74.413	49.8318
1999.511871	74.387	49.0256
1999.878082	74.308	48.7139
2000.244293	74.289	48.7854
2000.610504	74.321	48.6045
2000.976715	74.330	48.1802
2001.342926	74.316	47.8616
2001.709137	74.316	47.6475
2002.075348	74.330	47.3374
2002.441559	74.330	46.9099
2002.807770	74.308	46.5710
2003.173981	74.297	46.3813
2003.540192	74.307	46.1211
2003.906403	74.307	45.7451
2004.272614	74.295	45.4314
2004.638825	74.291	45.1621
2005.005036	74.289	44.8291
2005.371247	74.276	44.4998
2005.737458	74.264	44.2576
2006.103669	74.268	44.0376
2006.469880	74.283	43.6931
2006.836091	74.280	43.2300
2007.202302	74.254	42.8716
2007.568513	74.241	42.6650
2007.934724	74.248	42.4048
2008.300935	74.250	42.0725
2008.667145	74.253	41.7561
2009.033356	74.259	41.3650
2009.399567	74.247	40.9446
2009.765778	74.229	40.6663
2010.131989	74.229	40.4136
2010.498200	74.227	40.0859
2010.864411	74.220	39.8408
2011.230622	74.236	39.6001
2011.596833	74.249	39.1572
2011.963044	74.227	38.7449
2012.329255	74.210	38.5857
2012.695466	74.230	38.4031
2013.061677	74.251	37.9995
2013.427888	74.246	37.5730
2013.794099	74.236	37.2437
2014.160310	74.231	36.9465
2014.526521	74.229	36.6548
2014.892732	74.230	36.3486
2015.258943	74.230	36.0208
2015.625154	74.228	35.7102
2015.991365	74.228	35.3896
2016.357576	74.223	35.0535
2016.723787	74.216	34.7781
2017.089998	74.221	34.5215
2017.456209	74.228	34.1958
2017.822420	74.229	33.8667
2018.188631	74.234	33.5610
2018.554842	74.242	33.1943
2018.921053	74.239	32.7839
2019.287264	74.224	32.4214
2019.653475	74.208	32.1562
2020.019685	74.205	31.9675
2020.385896	74.218	31.7202
2020.752107	74.226	31.3640
2021.118318	74.221	31.0547
2021.484529	74.226	30.8203
2021.850740	74.243	30.5044
2022.216951	74.251	30.0925
2022.583162	74.245	29.6909
2022.949373	74.232	29.3665
2023.315584	74.227	29.1191
2023.681795	74.236	28.8276
2024.048006	74.237	28.4438
2024.414217	74.225	28.1340
2024.780428	74.227	27.9082
2025.146639	74.241	27.5728
2025.512850	74.239	27.1682
2025.879061	74.229	26.8655
2026.245272	74.234	26.5881
2026.611483	74.241	26.2141
2026.977694	74.233	25.8247
2027.343905	74.219	25.5227
2027.710116	74.214	25.2939
2028.076327	74.223	25.0566
2028.442538	74.238	24.7188
2028.808749	74.238	24.3176
2029.174960	74.227	24.0166
2029.541171	74.233	23.8008
2029.907382	74.254	23.4736
2030.273593	74.259	23.0349
2030.639804	74.247	22.6755
2031.006014	74.244	22.4236
2031.372225	74.255	22.1399
2031.738436	74.265	21.7595
2032.104647	74.261	21.3667
2032.470858	74.252	21.0598
2032.837069	74.252	20.8088
2033.203280	74.262	20.5215
2033.569491	74.272	20.1763
2033.935702	74.275	19.7986
2034.301913	74.269	19.4429
2034.668124	74.264	19.1533
2035.034335	74.268	18.8718
2035.400546	74.273	18.5527
2035.766757	74.274	18.2346
2036.132968	74.276	17.9224
2036.499179	74.276	17.6270
2036.865390	74.284	17.3499
2037.231601	74.296	16.9998
2037.597812	74.295	16.6216
2037.964023	74.295	16.3318
2038.330234	74.307	15.9875
2038.696445	74.304	15.5449
2039.062656	74.284	15.2498
2039.428867	74.290	15.0344
2039.795078	74.300	14.6555
2040.161289	74.286	14.2869
2040.527500	74.278	14.0767
2040.893711	74.287	13.8252
2041.259922	74.291	13.5327
2041.626133	74.304	13.3052
2041.992344	74.336	12.9285
2042.358554	74.337	12.3838
2042.724765	74.311	12.0435
2043.090976	74.315	11.8721
2043.457187	74.339	11.4949
2043.823398	74.331	11.0288
2044.189609	74.314	10.7783
2044.555820	74.329	10.5562
2044.922031	74.344	10.1565
2045.288242	74.336	9.7769
2045.654453	74.334	9.5117
2046.020664	74.344	9.2095
2046.386875	74.348	8.8740
2046.753086	74.355	8.5686
2047.119297	74.364	8.2114
2047.485508	74.361	7.8403
2047.851719	74.358	7.5808
2048.217930	74.376	7.2957
2048.584141	74.384	6.8621
2048.950352	74.367	6.5171
2049.316563	74.368	6.3506
2049.682774	74.395	6.0647
2050.048985	74.405	5.6245
2050.415196	74.399	5.2981
2050.781407	74.412	5.0125
2051.147618	74.423	4.5801
2051.513829	74.409	4.1838
2051.880040	74.400	3.9509
2052.246251	74.411	3.6948
2052.612462	74.418	3.3679
2052.978673	74.423	3.0850
2053.344884	74.440	2.7839
2053.711094	74.453	2.3914
2054.077305	74.453	2.0120
2054.443516	74.454	1.6914
2054.809727	74.460	1.3628
2055.175938	74.464	1.0256
2055.542149	74.470	0.6865
2055.908360	74.472	0.3174
2056.274571	74.464	-0.0068
2056.640782	74.464	-0.2239
2057.006993	74.486	-0.4705
2057.373204	74.509	-0.8831
2057.739415	74.506	-1.3494
2058.105626	74.490	-1.6621
2058.471837	74.495	-1.8542
2058.838048	74.522	-2.1687
2059.204259	74.534	-2.6494
2059.570470	74.520	-3.0735
2059.936681	74.507	-3.3513
2060.302892	74.507	-3.5769
2060.669103	74.522	-3.8169
2061.035314	74.547	-4.1663
2061.401525	74.556	-4.6423
2061.767736	74.543	-5.0398
2062.133947	74.539	-5.2920
2062.500158	74.552	-5.5945
2062.866369	74.559	-5.9858
2063.232580	74.556	-6.3352
2063.598791	74.558	-6.6328
2063.965002	74.566	-6.9336
2064.331213	74.579	-7.2783
2064.697423	74.586	-7.6855
2065.063634	74.578	-8.0525
2065.429845	74.575	-8.2996
2065.796056	74.592	-8.5535
2066.162267	74.612	-8.9263
2066.528478	74.618	-9.3325
2066.894689	74.620	-9.6770
2067.260900	74.628	-9.9993
2067.627111	74.640	-10.3718
2067.993322	74.641	-10.7676
2068.359533	74.637	-11.0837
2068.725744	74.646	-11.3381
2069.091955	74.669	-11.6963
2069.458166	74.675	-12.1733
2069.824377	74.659	-12.5449
2070.190588	74.655	-12.7549
2070.556799	74.673	-13.0283
2070.923010	74.683	-13.4175
2071.289221	74.680	-13.7361
2071.655432	74.688	-13.9932
2072.021643	74.702	-14.3103
2072.387854	74.713	-14.6316
2072.754065	74.730	-14.9536
2073.120276	74.747	-15.3665
2073.486487	74.749	-15.7854
2073.852698	74.751	-16.1404
2074.218909	74.755	-16.5129
2074.585120	74.753	-16.8721
2074.951331	74.756	-17.1738
2075.317542	74.766	-17.5154
2075.683753	74.770	-17.8977
2076.049963	74.768	-18.2354
2076.416174	74.772	-18.5400
2076.782385	74.780	-18.8467
2077.148596	74.793	-19.1821
2077.514807	74.803	-19.5505
2077.881018	74.811	-19.9045
2078.247229	74.824	-20.2988
2078.613440	74.823	-20.7551
2078.979651	74.804	-21.0723
2079.345862	74.809	-21.2341
2079.712073	74.839	-21.5129
2080.078284	74.860	-21.9502
2080.444495	74.864	-22.3733
2080.810706	74.863	-22.7285
2081.176917	74.868	-23.0229
2081.543128	74.888	-23.3433
2081.909339	74.904	-23.7966
2082.275550	74.896	-24.2258
2082.641761	74.892	-24.5005
2083.007972	74.908	-24.8037
2083.374183	74.918	-25.1982
2083.740394	74.922	-25.5588
2084.106605	74.930	-25.9194
2084.472816	74.931	-26.2891
2084.839027	74.934	-26.5847
2085.205238	74.952	-26.9155
2085.571449	74.962	-27.3489
2085.937660	74.958	-27.7300
2086.303871	74.960	-28.0332
2086.670082	74.970	-28.3665
2087.036292	74.977	-28.7173
2087.402503	74.984	-29.0591
2087.768714	74.990	-29.4060
2088.134925	74.994	-29.7258
2088.501136	75.005	-30.0181
2088.867347	75.024	-30.3394
2089.233558	75.044	-30.7375
2089.599769	75.052	-31.1997
2089.965980	75.043	-31.5930
2090.332191	75.042	-31.8457
2090.698402	75.062	-32.1309
2091.064613	75.079	-32.5479
2091.430824	75.082	-32.9292
2091.797035	75.095	-33.2593
2092.163246	75.112	-33.7227
2092.529457	75.100	-34.2188
2092.895668	75.078	-34.4934
2093.261879	75.087	-34.6704
2093.628090	75.113	-35.0154
2093.994301	75.119	-35.4468
2094.360512	75.116	-35.7661
2094.726723	75.130	-36.0356
2095.092934	75.154	-36.4097
2095.459145	75.166	-36.8760
2095.825356	75.161	-37.2917
2096.191567	75.160	-37.5984
2096.557778	75.174	-37.9185
2096.923989	75.184	-38.3269
2097.290200	75.182	-38.6960
2097.656411	75.189	-38.9788
2098.022622	75.210	-39.3325
2098.388832	75.220	-39.7981
2098.755043	75.210	-40.2104
2099.121254	75.200	-40.4751
2099.487465	75.209	-40.6809
2099.853676	75.236	-40.9641
2100.219887	75.261	-41.3657
2100.586098	75.273	-41.8145
2100.952309	75.276	-42.2344
2101.318520	75.276	-42.6025
2101.684731	75.281	-42.9326
2102.050942	75.294	-43.2800
2102.417153	75.307	-43.6877
2102.783364	75.310	-44.1042
2103.149575	75.311	-44.4609
2103.515786	75.320	-44.8040
2103.881997	75.331	-45.2065
2104.248208	75.331	-45.6008
2104.614419	75.336	-45.9175
2104.980630	75.355	-46.2810
2105.346841	75.364	-46.7488
2105.713052	75.355	-47.1379
2106.079263	75.356	-47.4053
2106.445474	75.374	-47.7195
2106.811685	75.388	-48.0986
2107.177896	75.399	-48.4717
2107.544107	75.407	-48.8501
2107.910318	75.413	-49.1892
2108.276529	75.430	-49.4988
2108.642740	75.454	-49.9153
2109.008951	75.461	-50.3931
2109.375161	75.457	-50.7944
2109.741372	75.455	-51.1504
2110.107583	75.454	-51.4583
2110.473794	75.468	-51.7273
2110.840005	75.493	-52.1382
2111.206216	75.492	-52.6338
2111.572427	75.479	-52.9514
2111.938638	75.492	-53.1960
2112.304849	75.514	-53.5820
2112.671060	75.525	-54.0176
2113.037271	75.534	-54.4624
2113.403482	75.531	-54.9473
2113.769693	75.514	-55.2974
2114.135904	75.521	-55.5242
2114.502115	75.548	-55.9080
2114.868326	75.553	-56.4087
2115.234537	75.546	-56.7773
2115.600748	75.558	-57.1013
2115.966959	75.571	-57.5452
2116.333170	75.566	-57.9802
2116.699381	75.561	-58.2908
2117.065592	75.570	-58.5764
2117.431803	75.587	-58.9077
2117.798014	75.605	-59.2761
2118.164225	75.622	-59.7065
2118.530436	75.625	-60.1501
2118.896647	75.624	-60.5110
2119.262858	75.631	-60.8389
2119.629069	75.641	-61.2063
2119.995280	75.647	-61.5698
2120.361491	75.655	-61.9202
2120.727701	75.664	-62.2766
2121.093912	75.676	-62.6262
2121.460123	75.692	-63.0300
2121.826334	75.696	-63.4932
2122.192545	75.688	-63.8774
2122.558756	75.690	-64.1819
2122.924967	75.703	-64.5371
2123.291178	75.712	-64.9531
2123.657389	75.711	-65.3608
2124.023600	75.707	-65.6853
2124.389811	75.722	-65.9419
2124.756022	75.756	-66.3445
2125.122233	75.769	-66.9312
2125.488444	75.752	-67.3972
2125.854655	75.750	-67.6990
2126.220866	75.762	-68.0850
2126.587077	75.760	-68.4963
2126.953288	75.761	-68.7754
2127.319499	75.785	-69.0925
2127.685710	75.804	-69.5640
2128.051921	75.802	-70.0132
2128.418132	75.801	-70.3420
2128.784343	75.816	-70.6636
2129.150554	75.832	-71.0657
2129.516765	75.837	-71.4797
2129.882976	75.841	-71.8293
2130.249187	75.854	-72.1880
2130.615398	75.862	-72.5886
2130.981609	75.867	-72.9277
2131.347820	75.887	-73.2742
2131.714031	75.904	-73.7603
2132.080241	75.897	-74.2163
2132.446452	75.896	-74.5388
2132.812663	75.910	-74.9290
2133.178874	75.908	-75.3772
2133.545085	75.901	-75.6978
2133.911296	75.914	-75.9934
2134.277507	75.930	-76.3979
2134.643718	75.936	-76.8157
2135.009929	75.943	-77.1914
2135.376140	75.954	-77.5708
2135.742351	75.968	-77.9841
2136.108562	75.978	-78.4456
2136.474773	75.977	-78.8977
2136.840984	75.973	-79.2786
2137.207195	75.974	-79.6165
2137.573406	75.981	-79.9263
2137.939617	76.001	-80.2393
2138.305828	76.026	-80.6594
2138.672039	76.035	-81.1506
2139.038250	76.032	-81.5396
2139.404461	76.043	-81.8516
2139.770672	76.064	-82.2690
2140.136883	76.067	-82.7461
2140.503094	76.060	-83.0872
2140.869305	76.075	-83.3716
2141.235516	76.097	-83.7947
2141.601727	76.100	-84.2507
2141.967938	76.103	-84.6106
2142.334149	76.116	-85.0161
2142.700360	76.117	-85.4951
2143.066570	76.103	-85.8674
2143.432781	76.104	-86.1333
2143.798992	76.121	-86.4512
2144.165203	76.138	-86.8787
2144.531414	76.140	-87.3350
2144.897625	76.134	-87.6985
2145.263836	76.142	-87.9832
2145.630047	76.169	-88.3599
2145.996258	76.186	-88.8926
2146.362469	76.176	-89.4111
2146.728680	76.159	-89.7478
2147.094891	76.167	-89.9929
2147.461102	76.192	-90.3643
2147.827313	76.203	-90.8484
2148.193524	76.199	-91.2502
2148.559735	76.208	-91.5725
2148.925946	76.227	-91.9700
2149.292157	76.235	-92.4421
2149.658368	76.230	-92.8469
2150.024579	76.235	-93.1553
2150.390790	76.255	-93.5217
2150.757001	76.266	-94.0007
2151.123212	76.260	-94.4133
2151.489423	76.264	-94.7190
2151.855634	76.283	-95.0940
2152.221845	76.293	-95.5498
2152.588056	76.295	-95.9851
2152.954267	76.293	-96.4062
2153.320478	76.285	-96.7717
2153.686689	76.287	-97.0442
2154.052900	76.309	-97.3660
2154.419110	76.329	-97.8311
2154.785321	76.329	-98.3157
2155.151532	76.325	-98.7051
2155.517743	76.331	-99.0623
2155.883954	76.339	-99.4753
2156.250165	76.341	-99.8823
2156.616376	76.348	-100.2559
2156.982587	76.358	-100.7058
2157.348798	76.349	-101.1423
2157.715009	76.347	-101.4199
2158.081220	76.372	-101.7742
2158.447431	76.378	-102.3013
2158.813642	76.360	-102.6418
2159.179853	76.378	-102.8369
2159.546064	76.416	-103.2876
2159.912275	76.419	-103.8464
2160.278486	76.413	-104.2192
2160.644697	76.425	-104.5859
2161.010908	76.430	-105.0134
2161.377119	76.435	-105.3506
2161.743330	76.459	-105.7300
2162.109541	76.474	-106.2520
2162.475752	76.470	-106.7305
2162.841963	76.469	-107.1272
2163.208174	76.471	-107.5393
2163.574385	76.470	-107.9319
2163.940596	76.475	-108.3049
2164.306807	76.479	-108.7153
2164.673018	76.476	-109.0994
2165.039229	76.478	-109.4119
2165.405439	76.494	-109.7478
2165.771650	76.510	-110.1602
2166.137861	76.520	-110.5947
2166.504072	76.528	-111.0422
2166.870283	76.526	-111.4946
2167.236494	76.520	-111.8457
2167.602705	76.534	-112.1370
2167.968916	76.559	-112.5903
2168.335127	76.558	-113.1289
2168.701338	76.544	-113.4707
2169.067549	76.563	-113.7517
2169.433760	76.589	-114.2468
2169.799971	76.585	-114.7886
2170.166182	76.573	-115.1597
2170.532393	76.582	-115.4915
2170.898604	76.595	-115.9006
2171.264815	76.604	-116.3435
2171.631026	76.609	-116.8076
2171.997237	76.604	-117.2485
2172.363448	76.601	-117.6021
2172.729659	76.613	-117.9675
2173.095870	76.619	-118.4207
2173.462081	76.613	-118.8120
2173.828292	76.621	-119.1062
2174.194503	76.645	-119.5171
2174.560714	76.651	-120.0403
2174.926925	76.642	-120.4448
2175.293136	76.650	-120.7942
2175.659347	76.658	-121.2605
2176.025558	76.645	-121.6760
2176.391769	76.643	-121.9243
2176.757979	76.669	-122.2476
2177.124190	76.686	-122.7429
2177.490401	76.681	-123.1936
2177.856612	76.684	-123.5471
2178.222823	76.696	-123.9512
2178.589034	76.701	-124.4019
2178.955245	76.701	-124.8218
2179.321456	76.701	-125.2393
2179.687667	76.696	-125.6331
2180.053878	76.695	-125.9495
2180.420089	76.710	-126.2976
2180.786300	76.720	-126.7319
2181.152511	76.721	-127.1074
2181.518722	76.739	-127.4529
2181.884933	76.760	-127.9507
2182.251144	76.756	-128.4797
2182.617355	76.746	-128.8455
2182.983566	76.758	-129.1895
2183.349777	76.771	-129.6465
2183.715988	76.770	-130.1025
2184.082199	76.767	-130.4822
2184.448410	76.773	-130.8198
2184.814621	76.792	-131.1907
2185.180832	76.809	-131.6914
2185.547043	76.802	-132.2092
2185.913254	76.790	-132.5413
2186.279465	76.806	-132.8469
2186.645676	76.823	-133.3298
2187.011887	76.817	-133.7942
2187.378098	76.818	-134.1384
2187.744309	76.829	-134.5637
2188.110519	76.823	-135.0010
2188.476730	76.824	-135.2876
2188.842941	76.852	-135.6765
2189.209152	76.859	-136.2710
2189.575363	76.832	-136.6877
2189.941574	76.835	-136.8936
2190.307785	76.868	-137.2925
2190.673996	76.873	-137.8572
2191.040207	76.860	-138.2722
2191.406418	76.864	-138.6169
2191.772629	76.871	-139.0347
2192.138840	76.872	-139.4194
2192.505051	76.882	-139.7893
2192.871262	76.891	-140.2283
2193.237473	76.892	-140.6313
2193.603684	76.902	-140.9958
2193.969895	76.916	-141.4495
2194.336106	76.914	-141.9253
2194.702317	76.907	-142.2944
2195.068528	76.914	-142.6060
2195.434739	76.934	-142.9817
2195.800950	76.950	-143.4751
2196.167161	76.946	-143.9907
2196.533372	76.933	-144.3835
2196.899583	76.935	-144.7014
2197.265794	76.947	-145.0867
2197.632005	76.952	-145.5222
2197.998216	76.954	-145.9338
2198.364427	76.958	-146.3506
2198.730638	76.958	-146.7952
2199.096848	76.949	-147.1797
2199.463059	76.952	-147.4761
2199.829270	76.974	-147.8513
2200.195481	76.985	-148.3674
2200.561692	76.976	-148.8174
2200.927903	76.980	-149.1621
2201.294114	76.994	-149.5979
2201.660325	76.993	-150.0818
2202.026536	76.988	-150.4590
2202.392747	76.996	-150.8125
2202.758958	77.007	-151.2126
2203.125169	77.021	-151.6248
2203.491380	77.035	-152.1018
2203.857591	77.035	-152.6199
2204.223802	77.025	-153.0366
2204.590013	77.026	-153.3813
2204.956224	77.036	-153.7866
2205.322435	77.036	-154.2207
2205.688646	77.033	-154.5854
2206.054857	77.040	-154.9104
2206.421068	77.057	-155.2871
2206.787279	77.070	-155.7373
2207.153490	77.074	-156.2036
2207.519701	77.073	-156.6213
2207.885912	77.079	-157.0161
2208.252123	77.087	-157.4741
2208.618334	77.082	-157.9456
2208.984545	77.075	-158.3198
2209.350756	77.083	-158.6851
2209.716967	77.090	-159.1323
2210.083178	77.088	-159.5532
2210.449388	77.094	-159.9465
2210.815599	77.100	-160.4087
2211.181810	77.094	-160.8455
2211.548021	77.094	-161.2136
2211.914232	77.101	-161.6294
2212.280443	77.099	-162.0417
2212.646654	77.102	-162.3770
2213.012865	77.119	-162.7654
2213.379076	77.128	-163.2366
2213.745287	77.127	-163.6677
2214.111498	77.129	-164.0520
2214.477709	77.134	-164.4324
2214.843920	77.142	-164.8005
2215.210131	77.157	-165.2083
2215.576342	77.167	-165.6931
2215.942553	77.161	-166.1631
2216.308764	77.152	-166.5315
2216.674975	77.155	-166.8452
2217.041186	77.171	-167.2124
2217.407397	77.184	-167.6763
2217.773608	77.183	-168.1589
2218.139819	77.176	-168.5796
2218.506030	77.173	-168.9729
2218.872241	77.169	-169.3572
2219.238452	77.169	-169.6965
2219.604663	77.179	-170.0569
2219.970874	77.186	-170.4790
2220.337085	77.189	-170.8652
2220.703296	77.202	-171.2493
2221.069507	77.215	-171.7397
2221.435717	77.211	-172.2295
2221.801928	77.207	-172.6262
2222.168139	77.213	-173.0251
2222.534350	77.217	-173.4678
2222.900561	77.215	-173.9080
2223.266772	77.210	-174.3000
2223.632983	77.214	-174.6462
2223.999194	77.226	-175.0544
2224.365405	77.226	-175.5059
2224.731616	77.226	-175.8621
2225.097827	77.244	-176.2527
2225.464038	77.251	-176.7817
2225.830249	77.238	-177.2219
2226.196460	77.240	-177.5708
2226.562671	77.247	-178.0281
2226.928882	77.237	-178.4592
2227.295093	77.237	-178.7791
2227.661304	77.252	-179.1958
2228.027515	77.253	-179.6841
2228.393726	77.248	179.9094
2228.759937	77.254	179.4932
2229.126148	77.252	179.0298
2229.492359	77.246	178.6226
2229.858570	77.247	178.2363
2230.224781	77.248	177.8135
2230.590992	77.244	177.4211
2230.957203	77.248	177.0642
2231.323414	77.258	176.6604
2231.689625	77.262	176.2190
2232.055836	77.261	175.8140
2232.422047	77.266	175.4402
2232.788257	77.277	175.0312
2233.154468	77.285	174.5771
2233.520679	77.287	174.1245
2233.886890	77.287	173.6760
2234.253101	77.279	173.2280
2234.619312	77.265	172.8804
2234.985523	77.272	172.6279
2235.351734	77.300	172.2190
2235.717945	77.303	171.6431
2236.084156	77.280	171.2512
2236.450367	77.286	171.0073
2236.816578	77.309	170.5706
2237.182789	77.306	170.0835
2237.549000	77.307	169.7561
2237.915211	77.333	169.3044
2238.281422	77.330	168.6875
2238.647633	77.301	168.2820
2239.013844	77.302	168.0339
2239.380055	77.321	167.6394
2239.746266	77.327	167.1824
2240.112477	77.334	166.7732
2240.478688	77.344	166.2876
2240.844899	77.335	165.7847
2241.211110	77.323	165.4226
2241.577321	77.330	165.0901
2241.943532	77.340	164.6663
2242.309743	77.340	164.2429
2242.675954	77.343	163.8557
2243.042165	77.349	163.4470
2243.408376	77.352	163.0410
2243.774586	77.359	162.6360
2244.140797	77.366	162.1667
2244.507008	77.358	161.6841
2244.873219	77.341	161.3066
2245.239430	77.336	161.0457
2245.605641	77.357	160.7590
2245.971852	77.386	160.2744
2246.338063	77.385	159.6699
2246.704274	77.361	159.2205
2247.070485	77.353	158.9299
2247.436696	77.365	158.5754
2247.802907	77.374	158.1277
2248.169118	77.375	157.6765
2248.535329	77.372	157.2380
2248.901540	77.369	156.8340
2249.267751	77.370	156.4446
2249.633962	77.372	156.0283
2250.000173	77.371	155.6494
2250.366384	77.382	155.2866
2250.732595	77.396	154.8064
2251.098806	77.390	154.2974
2251.465017	77.380	153.9224
2251.831228	77.386	153.5681
2252.197439	77.393	153.1201
2252.563650	77.387	152.7051
2252.929861	77.389	152.3701
2253.296072	77.404	151.9678
2253.662283	77.410	151.4680
2254.028494	77.399	151.0273
2254.394705	77.394	150.6956
2254.760916	77.406	150.3308
2255.127126	77.413	149.8853
2255.493337	77.412	149.4785
2255.859548	77.423	149.0964
2256.225759	77.436	148.5967
2256.591970	77.428	148.0605
2256.958181	77.413	147.6643
2257.324392	77.414	147.3118
2257.690603	77.418	146.8699
2258.056814	77.411	146.4485
2258.423025	77.410	146.0913
2258.789236	77.416	145.6863
2259.155447	77.413	145.2778
2259.521658	77.416	144.9319
2259.887869	77.429	144.5315
2260.254080	77.433	144.0884
2260.620291	77.437	143.7129
2260.986502	77.455	143.2810
2261.352713	77.458	142.7358
2261.718924	77.443	142.2937
2262.085135	77.441	141.9705
2262.451346	77.454	141.5635
2262.817557	77.456	141.0801
2263.183768	77.447	140.6555
2263.549979	77.444	140.2932
2263.916190	77.450	139.8982
2264.282401	77.449	139.4468
2264.648612	77.437	139.0740
2265.014823	77.443	138.7898
2265.381034	77.465	138.3572
2265.747245	77.463	137.8147
2266.113456	77.448	137.4412
2266.479666	77.459	137.0955
2266.845877	77.465	136.5769
2267.212088	77.445	136.1433
2267.578299	77.442	135.8704
2267.944510	77.460	135.4797
2268.310721	77.463	134.9995
2268.676932	77.460	134.6013
2269.043143	77.468	134.1853
2269.409354	77.469	133.7100
2269.775565	77.462	133.2849
2270.141776	77.461	132.8877
2270.507987	77.460	132.4717
2270.874198	77.456	132.0911
2271.240409	77.460	131.7461
2271.606620	77.476	131.3367
2271.972831	77.483	130.8110
2272.339042	77.466	130.3027
2272.705253	77.444	129.9861
2273.071464	77.451	129.7576
2273.437675	77.476	129.3730
2273.803886	77.486	128.8594
2274.170097	77.482	128.3962
2274.536308	77.481	127.9636
2274.902519	77.475	127.5078
2275.268730	77.463	127.1343
2275.634941	77.467	126.8188
2276.001152	77.481	126.3711
2276.367363	77.471	125.8650
2276.733574	77.453	125.5352
2277.099785	77.463	125.2683
2277.465995	77.483	124.8369
2277.832206	77.484	124.3442
2278.198417	77.480	123.9363
2278.564628	77.486	123.5371
2278.930839	77.492	123.0798
2279.297050	77.489	122.6047
2279.663261	77.479	122.1772
2280.029472	77.472	121.8220
2280.395683	77.477	121.4775
2280.761894	77.489	121.0896
2281.128105	77.503	120.6345
2281.494316	77.506	120.0955
2281.860527	77.487	119.6240
2282.226738	77.479	119.3181
2282.592949	77.495	118.9368
2282.959160	77.495	118.4167
2283.325371	77.479	118.0295
2283.691582	77.485	117.7056
2284.057793	77.492	117.2373
2284.424004	77.480	116.8237
2284.790215	77.484	116.5146
2285.156426	77.498	116.0530
2285.522637	77.485	115.5640
2285.888848	77.472	115.2754
2286.255059	77.489	114.9526
2286.621270	77.497	114.4702
2286.987481	77.488	114.0767
2287.353692	77.497	113.7483
2287.719903	77.510	113.2776
2288.086114	77.501	112.8237
2288.452325	77.503	112.4854
2288.818535	77.516	112.0081
2289.184746	77.494	111.4988
2289.550957	77.473	111.3015
2289.917168	77.510	111.0911
2290.283379	77.544	110.4626
2290.649590	77.517	109.8528
2291.015801	77.494	109.6008
2291.382012	77.514	109.2937
2291.748223	77.521	108.7842
2292.114434	77.510	108.3752
2292.480645	77.515	108.0222
2292.846856	77.520	107.5779
2293.213067	77.516	107.1638
2293.579278	77.520	106.7483
2293.945489	77.514	106.2698
2294.311700	77.496	105.9263
2294.677911	77.506	105.6699
2295.044122	77.531	105.2090
2295.410333	77.527	104.6379
2295.776544	77.507	104.2166
2296.142755	77.500	103.8909
2296.508966	77.504	103.5322
2296.875177	77.510	103.1167
2297.241388	77.508	102.6667
2297.607599	77.500	102.2712
2297.973810	77.500	101.9253
2298.340021	77.506	101.5259
2298.706232	77.507	101.1140
2299.072443	77.513	100.7217
2299.438654	77.519	100.2559
2299.804864	77.509	99.7969
2300.171075	77.502	99.4717
2300.537286	77.518	99.1179
2300.903497	77.530	98.5896
2301.269708	77.515	98.0676
2301.635919	77.496	97.7300
2302.002130	77.502	97.4414
2302.368341	77.519	96.9941
2302.734552	77.512	96.4836
2303.100763	77.496	96.1328
2303.466974	77.505	95.8364
2303.833185	77.523	95.3594
2304.199396	77.512	94.8240
2304.565607	77.490	94.4758
2304.931818	77.493	94.2241
2305.298029	77.515	93.8335
2305.664240	77.521	93.3096
2306.030451	77.507	92.8506
2306.396662	77.498	92.5264
2306.762873	77.508	92.1895
2307.129084	77.519	91.7361
2307.495295	77.515	91.2761
2307.861506	77.511	90.8928
2308.227717	77.515	90.4912
2308.593928	77.514	90.0479
2308.960139	77.507	89.6621
2309.326350	77.511	89.2947
2309.692561	77.513	88.8699
2310.058772	77.508	88.4829
2310.424983	77.513	88.1411
2310.791194	77.525	87.7114
2311.157404	77.524	87.2505
2311.523615	77.521	86.8503
2311.889826	77.522	86.4150
2312.256037	77.510	85.9844
2312.622248	77.500	85.6951
2312.988459	77.516	85.3840
2313.354670	77.529	84.8906
2313.720881	77.515	84.4253
2314.087092	77.507	84.1265
2314.453303	77.523	83.7834
2314.819514	77.534	83.2905
2315.185725	77.527	82.8132
2315.551936	77.519	82.4114
2315.918147	77.514	82.0247
2316.284358	77.515	81.6670
2316.650569	77.528	81.2480
2317.016780	77.527	80.6848
2317.382991	77.496	80.2419
2317.749202	77.486	80.0325
2318.115413	77.511	79.6899
2318.481624	77.518	79.1331
2318.847835	77.498	78.6953
2319.214046	77.494	78.3833
2319.580257	77.501	78.0066
2319.946468	77.503	77.5984
2320.312679	77.505	77.2087
2320.678890	77.509	76.8389
2321.045101	77.523	76.4514
2321.411312	77.534	75.9373
2321.777523	77.517	75.4409
2322.143734	77.504	75.1587
2322.509944	77.523	74.8442
2322.876155	77.533	74.3491
2323.242366	77.522	73.9456
2323.608577	77.529	73.6260
2323.974788	77.542	73.1775
2324.340999	77.537	72.7219
2324.707210	77.534	72.3503
2325.073421	77.537	71.9485
2325.439632	77.535	71.5364
2325.805843	77.534	71.1404
2326.172054	77.530	70.7241
2326.538265	77.522	70.3579
2326.904476	77.526	70.0100
2327.270687	77.530	69.5652
2327.636898	77.517	69.1389
2328.003109	77.509	68.8318
2328.369320	77.519	68.4822
2328.735531	77.524	68.0181
2329.101742	77.515	67.5840
2329.467953	77.508	67.2192
2329.834164	77.508	66.8428
2330.200375	77.509	66.4592
2330.566586	77.515	66.0601
2330.932797	77.517	65.5928
2331.299008	77.506	65.1633
2331.665219	77.505	64.8279
2332.031430	77.518	64.3916
2332.397641	77.510	63.8757
2332.763852	77.493	63.5183
2333.130063	77.499	63.1953
2333.496273	77.505	62.7397
2333.862484	77.496	62.3323
2334.228695	77.497	61.9739
2334.594906	77.496	61.5420
2334.961117	77.486	61.2156
2335.327328	77.506	60.9438
2335.693539	77.534	60.4016
2336.059750	77.517	59.7874
2336.425961	77.489	59.4502
2336.792172	77.492	59.1736
2337.158383	77.497	58.7666
2337.524594	77.493	58.4026
2337.890805	77.503	58.0542
2338.257016	77.510	57.5818
2338.623227	77.498	57.1489
2338.989438	77.495	56.8325
2339.355649	77.506	56.4419
2339.721860	77.505	55.9980
2340.088071	77.505	55.6243
2340.454282	77.516	55.1748
2340.820493	77.506	54.6438
2341.186704	77.480	54.3008
2341.552915	77.485	54.0740
2341.919126	77.507	53.6619
2342.285337	77.506	53.1580
2342.651548	77.498	52.7812
2343.017759	77.505	52.4177
2343.383970	77.510	51.9685
2343.750181	77.506	51.5535
2344.116392	77.510	51.1694
2344.482603	77.513	50.7188
2344.848813	77.505	50.2791
2345.215024	77.497	49.9238
2345.581235	77.498	49.5803
2345.947446	77.505	49.2058
2346.313657	77.513	48.7856
2346.679868	77.513	48.3093
2347.046079	77.499	47.8787
2347.412290	77.489	47.5437
2347.778501	77.490	47.2144
2348.144712	77.496	46.8540
2348.510923	77.503	46.4580
2348.877134	77.507	46.0164
2349.243345	77.505	45.5852
2349.609556	77.503	45.1643
2349.975767	77.496	44.7454
2350.341978	77.491	44.3979
2350.708189	77.500	44.0288
2351.074400	77.504	43.5579
2351.440611	77.496	43.1575
2351.806822	77.504	42.7988
2352.173033	77.511	42.3044
2352.539244	77.495	41.8625
2352.905455	77.492	41.5850
2353.271666	77.513	41.2124
2353.637877	77.520	40.7214
2354.004088	77.518	40.2886
2354.370299	77.520	39.8604
2354.736510	77.515	39.4187
2355.102721	77.508	39.0579
2355.468932	77.512	38.6978
2355.835142	77.511	38.2888
2356.201353	77.506	37.9443
2356.567564	77.514	37.6292
2356.933775	77.526	37.2156
2357.299986	77.524	36.7756
2357.666197	77.519	36.4163
2358.032408	77.524	36.0703
2358.398619	77.533	35.6599
2358.764830	77.534	35.2012
2359.131041	77.523	34.7590
2359.497252	77.509	34.4114
2359.863463	77.510	34.1169
2360.229674	77.521	33.7451
2360.595885	77.524	33.3181
2360.962096	77.526	32.9207
2361.328307	77.533	32.4849
2361.694518	77.529	31.9888
2362.060729	77.511	31.5769
2362.426940	77.505	31.2864
2362.793151	77.520	30.9512
2363.159362	77.533	30.4680
2363.525573	77.526	29.9641
2363.891784	77.513	29.5630
2364.257995	77.507	29.2061
2364.624206	77.504	28.8713
2364.990417	77.514	28.5605
2365.356628	77.533	28.1204
2365.722839	77.528	27.5957
2366.089050	77.511	27.2593
2366.455261	77.526	26.9775
2366.821472	77.544	26.4631
2367.187682	77.525	25.9570
2367.553893	77.510	25.6848
2367.920104	77.525	25.3821
2368.286315	77.536	24.9368
2368.652526	77.537	24.5132
2369.018737	77.541	24.0674
2369.384948	77.528	23.5918
2369.751159	77.507	23.2917
2370.117370	77.519	23.0706
2370.483581	77.546	22.6372
2370.849792	77.546	22.0852
2371.216003	77.528	21.6602
2371.582214	77.519	21.3372
2371.948425	77.521	21.0193
2372.314636	77.532	20.6616
2372.680847	77.541	20.2222
2373.047058	77.536	19.7817
2373.413269	77.532	19.4292
2373.779480	77.541	19.0598
2374.145691	77.546	18.6016
2374.511902	77.537	18.1716
2374.878113	77.529	17.8430
2375.244324	77.538	17.5232
2375.610535	77.551	17.1116
2375.976746	77.555	16.6455
2376.342957	77.551	16.2249
2376.709168	77.552	15.8293
2377.075379	77.554	15.3948
2377.441590	77.549	14.9744
2377.807801	77.547	14.5959
2378.174011	77.552	14.1768
2378.540222	77.547	13.7258
2378.906433	77.537	13.3447
2379.272644	77.537	13.0078
2379.638855	77.545	12.6206
2380.005066	77.549	12.1938
2380.371277	77.549	11.7627
2380.737488	77.545	11.3240
2381.103699	77.534	10.9407
2381.469910	77.532	10.6387
2381.836121	77.545	10.2876
2382.202332	77.553	9.8438
2382.568543	77.551	9.4358
2382.934754	77.556	9.0559
2383.300965	77.560	8.5977
2383.667176	77.546	8.1680
2384.033387	77.537	7.8843
2384.399598	77.552	7.5837
2384.765809	77.564	7.1401
2385.132020	77.559	6.7158
2385.498231	77.560	6.3948
2385.864442	77.575	6.0120
2386.230653	77.581	5.5286
2386.596864	77.572	5.1006
2386.963075	77.570	4.7588
2387.329286	77.579	4.3936
2387.695497	77.589	3.9487
2388.061708	77.586	3.4722
2388.427919	77.576	3.0613
2388.794130	77.573	2.7083
2389.160341	77.577	2.2937
2389.526551	77.566	1.8623
2389.892762	77.554	1.5608
2390.258973	77.564	1.2871
2390.625184	77.581	0.8674
2390.991395	77.580	0.3989
2391.357606	77.574	0.0076
2391.723817	77.572	-0.3713
2392.090028	77.568	-0.7485
2392.456239	77.567	-1.0710
2392.822450	77.579	-1.4341
2393.188661	77.584	-1.8867
2393.554872	77.577	-2.3052
2393.921083	77.574	-2.6758
2394.287294	77.573	-3.0620
2394.653505	77.570	-3.4185
2395.019716	77.577	-3.7700
2395.385927	77.585	-4.1953
2395.752138	77.585	-4.6404
2396.118349	77.578	-5.0630
2396.484560	77.567	-5.4202
2396.850771	77.571	-5.6726
2397.216982	77.601	-6.0505
2397.583193	77.610	-6.6570
2397.949404	77.580	-7.1040
2398.315615	77.575	-7.3142
2398.681826	77.598	-7.6704
2399.048037	77.602	-8.1326
2399.414248	77.604	-8.4724
2399.780459	77.624	-8.8845
2400.146670	77.625	-9.4141
2400.512881	77.611	-9.7974
2400.879091	77.619	-10.1167
2401.245302	77.630	-10.5867
2401.611513	77.617	-11.0525
2401.977724	77.605	-11.3713
2402.343935	77.609	-11.6777
2402.710146	77.617	-12.0522
2403.076357	77.621	-12.4460
2403.442568	77.624	-12.8418
2403.808779	77.627	-13.2380
2404.174990	77.631	-13.6602
2404.541201	77.628	-14.1277
2404.907412	77.613	-14.5308
2405.273623	77.608	-14.8245
2405.639834	77.621	-15.1807
2406.006045	77.627	-15.6604
2406.372256	77.615	-16.1018
2406.738467	77.606	-16.4360
2407.104678	77.613	-16.7554
2407.470889	77.627	-17.1611
2407.837100	77.631	-17.6516
2408.203311	77.619	-18.0891
2408.569522	77.613	-18.4160
2408.935733	77.622	-18.7607
2409.301944	77.629	-19.1775
2409.668155	77.628	-19.5813
2410.034366	77.630	-19.9407
2410.400577	77.640	-20.3108
2410.766788	77.652	-20.7556
2411.132999	77.649	-21.2312
2411.499210	77.639	-21.6111
2411.865420	77.642	-21.9395
2412.231631	77.650	-22.3477
2412.597842	77.648	-22.7698
2412.964053	77.645	-23.1250
2413.330264	77.652	-23.4844
2413.696475	77.660	-23.8879
2414.062686	77.666	-24.3254
2414.428897	77.664	-24.7710
2414.795108	77.659	-25.1533
2415.161319	77.665	-25.5251
2415.527530	77.670	-25.9883
2415.893741	77.659	-26.4163
2416.259952	77.657	-26.7212
2416.626163	77.674	-27.1042
2416.992374	77.676	-27.6086
2417.358585	77.662	-27.9990
2417.724796	77.667	-28.2988
2418.091007	77.681	-28.7244
2418.457218	77.676	-29.1721
2418.823429	77.673	-29.4905
2419.189640	77.688	-29.8523
2419.555851	77.691	-30.3054
2419.922062	77.686	-30.6523
2420.288273	77.701	-30.9739
2420.654484	77.718	-31.4578
2421.020695	77.709	-31.9460
2421.386906	77.699	-32.2974
2421.753117	77.701	-32.6372
2422.119328	77.705	-33.0161
2422.485539	77.709	-33.4009
2422.851750	77.710	-33.8142
2423.217960	77.705	-34.1951
2423.584171	77.710	-34.5256
2423.950382	77.723	-34.9534
2424.316593	77.717	-35.4385
2424.682804	77.704	-35.7913
2425.049015	77.712	-36.1194
2425.415226	77.718	-36.5784
2425.781437	77.705	-36.9856
2426.147648	77.704	-37.2632
2426.513859	77.724	-37.6379
2426.880070	77.730	-38.1294
2427.246281	77.723	-38.5552
2427.612492	77.723	-38.9363
2427.978703	77.723	-39.3337
2428.344914	77.722	-39.6785
2428.711125	77.736	-40.0200
2429.077336	77.753	-40.4812
2429.443547	77.752	-40.9990
2429.809758	77.736	-41.4119
2430.175969	77.732	-41.7034
2430.542180	77.749	-42.0435
2430.908391	77.760	-42.5278
2431.274602	77.749	-42.9836
2431.640813	77.742	-43.3042
2432.007024	77.752	-43.6602
2432.373235	77.752	-44.0774
2432.739446	77.751	-44.4001
2433.105657	77.772	-44.7554
2433.471868	77.784	-45.3013
2433.838079	77.765	-45.7820
2434.204289	77.758	-46.0603
2434.570500	77.778	-46.4465
2434.936711	77.777	-46.9944
2435.302922	77.753	-47.3684
2435.669133	77.758	-47.6055
2436.035344	77.783	-48.0300
2436.401555	77.782	-48.5654
2436.767766	77.767	-48.9517
2437.133977	77.772	-49.2683
2437.500188	77.784	-49.6812
2437.866399	77.788	-50.1316
2438.232610	77.788	-50.5488
2438.598821	77.791	-50.9717
2438.965032	77.790	-51.4004
2439.331243	77.789	-51.8062
2439.697454	77.788	-52.2175
2440.063665	77.782	-52.6189
2440.429876	77.776	-52.9495
2440.796087	77.783	-53.2603
2441.162298	77.795	-53.6248
2441.528509	77.807	-54.0166
2441.894720	77.819	-54.4539
2442.260931	77.821	-54.9436
2442.627142	77.812	-55.3655
2442.993353	77.809	-55.7212
2443.359564	77.810	-56.1121
2443.725775	77.804	-56.4575
2444.091986	77.815	-56.7490
2444.458197	77.836	-57.1755
2444.824408	77.837	-57.6821
2445.190619	77.830	-58.0737
2445.556829	77.837	-58.4468
2445.923040	77.841	-58.9119
2446.289251	77.832	-59.3376
2446.655462	77.829	-59.6914
2447.021673	77.835	-60.0955
2447.387884	77.830	-60.5317
2447.754095	77.821	-60.8889
2448.120306	77.825	-61.1907
2448.486517	77.841	-61.5603
2448.852728	77.853	-62.0366
2449.218939	77.849	-62.5215
2449.585150	77.838	-62.9150
2449.951361	77.838	-63.2495
2450.317572	77.847	-63.6240
2450.683783	77.855	-64.0520
2451.049994	77.858	-64.4897
2451.416205	77.857	-64.9402
2451.782416	77.847	-65.3564
2452.148627	77.841	-65.6562
2452.514838	77.858	-65.9683
2452.881049	77.875	-66.4480
2453.247260	77.868	-66.9214
2453.613471	77.864	-67.2551
2453.979682	77.878	-67.6370
2454.345893	77.880	-68.0840
2454.712104	77.881	-68.4402
2455.078315	77.899	-68.8352
2455.444526	77.907	-69.3586
2455.810737	77.896	-69.8118
2456.176948	77.894	-70.1799
2456.543159	77.896	-70.5859
2456.909369	77.893	-70.9578
2457.275580	77.902	-71.3013
2457.641791	77.916	-71.7395
2458.008002	77.916	-72.1990
2458.374213	77.915	-72.5925
2458.740424	77.921	-72.9966
2459.106635	77.924	-73.4260
2459.472846	77.925	-73.8364
2459.839057	77.927	-74.2532
2460.205268	77.927	-74.6782
2460.571479	77.926	-75.0813
2460.937690	77.926	-75.4851
2461.303901	77.924	-75.9014
2461.670112	77.918	-76.2800
2462.036323	77.919	-76.6052
2462.402534	77.931	-76.9651
2462.768745	77.941	-77.4197
2463.134956	77.935	-77.8684
2463.501167	77.931	-78.2173
2463.867378	77.942	-78.5701
2464.233589	77.955	-79.0327
2464.599800	77.953	-79.5237
2464.966011	77.943	-79.9407
2465.332222	77.940	-80.2969
2465.698433	77.948	-80.6594
2466.064644	77.962	-81.1116
2466.430855	77.960	-81.6360
2466.797066	77.942	-82.0647
2467.163277	77.936	-82.3652
2467.529488	77.948	-82.6995
2467.895698	77.961	-83.1211
2468.261909	77.968	-83.5781
2468.628120	77.967	-84.0334
2468.994331	77.964	-84.4175
2469.360542	77.974	-84.7937
2469.726753	77.982	-85.2788
2470.092964	77.972	-85.7126
2470.459175	77.974	-86.0308
2470.825386	77.989	-86.4783
2471.191597	77.977	-86.9673
2471.557808	77.964	-87.2285
2471.924019	77.989	-87.5034
2472.290230	78.010	-88.0303
2472.656441	77.996	-88.5278
2473.022652	77.987	-88.8352
2473.388863	78.000	-89.1682
2473.755074	78.011	-89.6138
2474.121285	78.009	-90.0491
2474.487496	78.008	-90.4314
2474.853707	78.012	-90.8228
2475.219918	78.014	-91.2373
2475.586129	78.014	-91.6428
2475.952340	78.014	-92.0359
2476.318551	78.016	-92.4031
2476.684762	78.029	-92.7732
2477.050973	78.044	-93.2507
2477.417184	78.040	-93.7695
2477.783395	78.029	-94.1594
2478.149606	78.035	-94.5076
2478.515817	78.047	-94.9541
2478.882028	78.049	-95.4272
2479.248238	78.046	-95.8782
2479.614449	78.040	-96.3003
2479.980660	78.040	-96.6587
2480.346871	78.051	-97.0635
2480.713082	78.053	-97.5618
2481.079293	78.039	-97.9761
2481.445504	78.037	-98.2878
2481.811715	78.047	-98.6433
2482.177926	78.056	-99.0452
2482.544137	78.065	-99.4700
2482.910348	78.068	-99.9143
2483.276559	78.070	-100.3157
2483.642770	78.079	-100.7388
2484.008981	78.080	-101.2458
2484.375192	78.063	-101.6594
2484.741403	78.061	-101.9390
2485.107614	78.081	-102.3203
2485.473825	78.088	-102.8330
2485.840036	78.079	-103.2874
2486.206247	78.073	-103.6616
2486.572458	78.073	-104.0325
2486.938669	78.077	-104.4109
2487.304880	78.083	-104.8118
2487.671091	78.085	-105.2297
2488.037302	78.084	-105.6155
2488.403513	78.091	-105.9778
2488.769724	78.104	-106.3760
2489.135935	78.116	-106.8440
2489.502146	78.118	-107.3533
2489.868357	78.107	-107.8193
2490.234567	78.096	-108.2036
2490.600778	78.092	-108.5498
2490.966989	78.094	-108.8835
2491.333200	78.106	-109.2473
2491.699411	78.117	-109.7136
2492.065622	78.106	-110.1782
2492.431833	78.095	-110.4666
2492.798044	78.116	-110.7234
2493.164255	78.149	-111.2178
2493.530466	78.148	-111.8279
2493.896677	78.128	-112.2615
2494.262888	78.128	-112.5969
2494.629099	78.135	-113.0398
2494.995310	78.126	-113.4888
2495.361521	78.120	-113.8198
2495.727732	78.130	-114.1616
2496.093943	78.141	-114.5835
2496.460154	78.148	-115.0022
2496.826365	78.160	-115.4521
2497.192576	78.161	-115.9609
2497.558787	78.150	-116.3694
2497.924998	78.161	-116.7036
2498.291209	78.182	-117.2205
2498.657420	78.169	-117.8259
2499.023631	78.139	-118.1814
2499.389842	78.146	-118.4133
2499.756053	78.169	-118.8550
2500.122264	78.164	-119.3760
2500.488475	78.153	-119.7351
2500.854686	78.162	-120.0737
2501.220897	78.172	-120.5298
2501.587107	78.167	-120.9751
2501.953318	78.165	-121.3342
2502.319529	78.174	-121.6987
2502.685740	78.185	-122.1360
2503.051951	78.188	-122.6052
2503.418162	78.184	-123.0339
2503.784373	78.184	-123.4268
2504.150584	78.187	-123.8330
2504.516795	78.189	-124.2463
2504.883006	78.192	-124.6594
2505.249217	78.195	-125.0962
2505.615428	78.191	-125.5254
2505.981639	78.186	-125.8972
2506.347850	78.191	-126.2456
2506.714061	78.202	-126.6387
2507.080272	78.210	-127.0745
2507.446483	78.215	-127.5044
2507.812694	78.222	-127.9463
2508.178905	78.225	-128.4460
2508.545116	78.212	-128.9229
2508.911327	78.197	-129.2671
2509.277538	78.200	-129.5469
2509.643749	78.218	-129.9033
2510.009960	78.234	-130.3604
2510.376171	78.238	-130.8496
2510.742382	78.235	-131.2925
2511.108593	78.238	-131.6938
2511.474804	78.244	-132.1497
2511.841015	78.236	-132.6233
2512.207226	78.226	-132.9688
2512.573436	78.238	-133.2903
2512.939647	78.254	-133.7783
2513.305858	78.245	-134.2744
2513.672069	78.238	-134.6187
2514.038280	78.251	-135.0032
2514.404491	78.254	-135.4937
2514.770702	78.247	-135.9055
2515.136913	78.254	-136.2910
2515.503124	78.258	-136.7805
2515.869335	78.247	-137.2429
2516.235546	78.239	-137.6169
2516.601757	78.237	-137.9998
2516.967968	78.234	-138.3645
2517.334179	78.242	-138.7271
2517.700390	78.249	-139.1794
2518.066601	78.242	-139.5908
2518.432812	78.250	-139.9121
2518.799023	78.271	-140.3718
2519.165234	78.269	-140.9243
2519.531445	78.255	-141.3220
2519.897656	78.262	-141.6846
2520.263867	78.269	-142.1511
2520.630078	78.265	-142.5793
2520.996289	78.271	-142.9863
2521.362500	78.273	-143.4629
2521.728711	78.266	-143.8906
2522.094922	78.267	-144.2664
2522.461133	78.272	-144.6953
2522.827344	78.271	-145.1309
2523.193555	78.270	-145.5491
2523.559766	78.266	-145.9636
2523.925976	78.265	-146.3179
2524.292187	78.277	-146.7019
2524.658398	78.282	-147.1921
2525.024609	78.271	-147.6204
2525.390820	78.270	-147.9399
2525.757031	78.284	-148.3206
2526.123242	78.294	-148.7996
2526.489453	78.290	-149.2747
2526.855664	78.282	-149.6736
2527.221875	78.285	-150.0315
2527.588086	78.295	-150.4585
2527.954297	78.296	-150.9307
2528.320508	78.293	-151.3540
2528.686719	78.295	-151.7808
2529.052930	78.291	-152.2141
2529.419141	78.291	-152.5789
2529.785352	78.308	-152.9963
2530.151563	78.315	-153.5574
2530.517774	78.297	-154.0776
2530.883985	78.281	-154.4465
2531.250196	78.281	-154.7883
2531.616407	78.288	-155.1941
2531.982618	78.290	-155.6208
2532.348829	78.292	-156.0291
2532.715040	78.299	-156.4602
2533.081251	78.302	-156.9258
2533.447462	78.301	-157.3730
2533.813673	78.301	-157.8232
2534.179884	78.294	-158.2739
2534.546095	78.287	-158.6296
2534.912306	78.300	-158.9854
2535.278516	78.312	-159.4785
2535.644727	78.306	-159.9529
2536.010938	78.308	-160.3540
2536.377149	78.314	-160.8525
2536.743360	78.298	-161.3289
2537.109571	78.290	-161.6492
2537.475782	78.302	-162.0437
2537.841993	78.300	-162.5300
2538.208204	78.293	-162.9060
2538.574415	78.300	-163.3042
2538.940626	78.294	-163.7620
2539.306837	78.286	-164.0461
2539.673048	78.317	-164.3621
2540.039259	78.340	-164.9897
2540.405470	78.315	-165.5605
2540.771681	78.300	-165.8540
2541.137892	78.317	-166.2378
2541.504103	78.315	-166.7507
2541.870314	78.305	-167.1240
2542.236525	78.315	-167.5022
2542.602736	78.316	-167.9927
2542.968947	78.307	-168.3674
2543.335158	78.324	-168.7258
2543.701369	78.337	-169.2917
2544.067580	78.317	-169.8049
2544.433791	78.308	-170.1213
2544.800002	78.324	-170.5396
2545.166213	78.320	-171.0715
2545.532424	78.304	-171.4663
2545.898635	78.308	-171.8127
2546.264845	78.315	-172.2637
2546.631056	78.311	-172.6980
2546.997267	78.314	-173.0723
2547.363478	78.328	-173.5181
2547.729689	78.331	-174.0432
2548.095900	78.321	-174.5278
2548.462111	78.311	-174.9338
2548.828322	78.311	-175.3262
2549.194533	78.313	-175.7622
2549.560744	78.306	-176.2097
2549.926955	78.296	-176.5767
2550.293166	78.301	-176.8850
2550.659377	78.322	-177.3052
2551.025588	78.326	-177.8538
2551.391799	78.310	-178.3169
2551.758010	78.303	-178.6567
2552.124221	78.310	-179.0405
2552.490432	78.311	-179.4690
2552.856643	78.312	-179.8740
2553.222854	78.316	179.6885
2553.589065	78.312	179.2471
2553.955276	78.310	178.8667
2554.321487	78.319	178.4453
2554.687698	78.320	177.9456
2555.053909	78.310	177.4868
2555.420120	78.302	177.0862
2555.786331	78.300	176.6865
2556.152542	78.300	176.2839
2556.518753	78.302	175.8489
2556.884964	78.298	175.3958
2557.251175	78.292	175.0085
2557.617385	78.298	174.6340
2557.983596	78.306	174.1807
2558.349807	78.308	173.7136
2558.716018	78.311	173.2388
2559.082229	78.302	172.7297
2559.448440	78.283	172.3496
2559.814651	78.289	172.0679
2560.180862	78.310	171.6060
2560.547073	78.304	171.0796
2560.913284	78.297	170.7268
2561.279495	78.314	170.3137
2561.645706	78.314	169.7449
2562.011917	78.292	169.3154
2562.378128	78.289	168.9995
2562.744339	78.294	168.6096
2563.110550	78.296	168.2244
2563.476761	78.308	167.8232
2563.842972	78.314	167.3176
2564.209183	78.304	166.8538
2564.575394	78.301	166.4695
2564.941605	78.306	166.0215
2565.307816	78.299	165.5398
2565.674027	78.287	165.1277
2566.040238	78.282	164.7629
2566.406449	78.287	164.3772
2566.772660	78.293	163.9321
2567.138871	78.292	163.4556
2567.505082	78.286	163.0037
2567.871293	78.283	162.5767
2568.237504	78.282	162.1396
2568.603714	78.279	161.6743
2568.969925	78.268	161.2383
2569.336136	78.262	160.8916
2569.702347	78.273	160.5176
2570.068558	78.282	160.0190
2570.434769	78.275	159.5396
2570.800980	78.271	159.1335
2571.167191	78.270	158.6877
2571.533402	78.259	158.2725
2571.899613	78.257	157.9592
2572.265824	78.274	157.5710
2572.632035	78.279	157.0635
2572.998246	78.269	156.6279
2573.364457	78.271	156.2617
2573.730668	78.279	155.8052
2574.096879	78.272	155.3210
2574.463090	78.262	154.9470
2574.829301	78.269	154.5769
2575.195512	78.277	154.0796
2575.561723	78.266	153.5620
2575.927934	78.249	153.1389
2576.294145	78.239	152.7664
2576.660356	78.235	152.4041
2577.026567	78.240	152.0276
2577.392778	78.248	151.5688
2577.758989	78.243	151.0598
2578.125200	78.228	150.6333
2578.491411	78.225	150.2871
2578.857622	78.237	149.8721
2579.223833	78.241	149.3540
2579.590044	78.231	148.8655
2579.956254	78.222	148.4526
2580.322465	78.218	148.0432
2580.688676	78.214	147.6462
2581.054887	78.218	147.2759
2581.421098	78.229	146.8403
2581.787309	78.231	146.3450
2582.153520	78.225	145.8960
2582.519731	78.222	145.4788
2582.885942	78.218	145.0583
2583.252153	78.216	144.6753
2583.618364	78.223	144.2764
2583.984575	78.226	143.8000
2584.350786	78.218	143.3372
2584.716997	78.210	142.9292
2585.083208	78.203	142.5093
2585.449419	78.190	142.1301
2585.815630	78.189	141.8259
2586.181841	78.205	141.4229
2586.548052	78.204	140.8904
2586.914263	78.183	140.4678
2587.280474	78.179	140.1799
2587.646685	78.197	139.7815
2588.012896	78.203	139.2244
2588.379107	78.185	138.7092
2588.745318	78.168	138.3389
2589.111529	78.171	137.9829
2589.477740	78.177	137.5039
2589.843951	78.163	137.0200
2590.210162	78.153	136.6699
2590.576373	78.164	136.2788
2590.942584	78.166	135.7473
2591.308794	78.149	135.3096
2591.675005	78.150	134.9700
2592.041216	78.161	134.4814
2592.407427	78.145	133.9646
2592.773638	78.127	133.6440
2593.139849	78.139	133.3354
2593.506060	78.156	132.8628
2593.872271	78.155	132.3459
2594.238482	78.147	131.8579
2594.604693	78.130	131.4219
2594.970904	78.119	131.1040
2595.337115	78.130	130.7683
2595.703326	78.139	130.2776
2596.069537	78.126	129.8306
2596.435748	78.127	129.5010
2596.801959	78.144	129.0354
2597.168170	78.135	128.4680
2597.534381	78.112	128.0718
2597.900592	78.112	127.7527
2598.266803	78.119	127.3164
2598.633014	78.113	126.8640
2598.999225	78.111	126.4648
2599.365436	78.115	126.0298
2599.731647	78.113	125.5481
2600.097858	78.103	125.0693
2600.464069	78.086	124.6567
2600.830280	78.079	124.3376
2601.196491	78.089	123.9814
2601.562702	78.097	123.5146
2601.928913	78.095	123.0608
2602.295123	78.098	122.6147
2602.661334	78.095	122.0850
2603.027545	78.071	121.6208
2603.393756	78.055	121.3293
2603.759967	78.064	121.0159
2604.126178	78.074	120.5747
2604.492389	78.075	120.1174
2604.858600	78.074	119.6597
2605.224811	78.066	119.1721
2605.591022	78.047	118.7554
2605.957233	78.035	118.4492
2606.323444	78.042	118.1345
2606.689655	78.056	117.7065
2607.055866	78.057	117.1941
2607.422077	78.042	116.7349
2607.788288	78.032	116.3970
2608.154499	78.042	116.0339
2608.520710	78.049	115.5308
2608.886921	78.036	115.0398
2609.253132	78.025	114.6655
2609.619343	78.028	114.2610
2609.985554	78.024	113.7842
2610.351765	78.012	113.3835
2610.717976	78.016	113.0225
2611.084187	78.025	112.5359
2611.450398	78.014	112.0071
2611.816609	77.996	111.5981
2612.182820	77.992	111.2249
2612.549031	77.990	110.7898
2612.915242	77.981	110.3767
2613.281453	77.979	110.0000
2613.647663	77.980	109.5801
2614.013874	77.977	109.1484
2614.380085	77.974	108.7478
2614.746296	77.974	108.3425
2615.112507	77.976	107.9272
2615.478718	77.981	107.4817
2615.844929	77.979	106.9810
2616.211140	77.964	106.5312
2616.577351	77.957	106.1782
2616.943562	77.963	105.7712
2617.309773	77.961	105.2844
2617.675984	77.948	104.8638
2618.042195	77.947	104.4832
2618.408406	77.947	104.0251
2618.774617	77.935	103.5657
2619.140828	77.922	103.1973
2619.507039	77.921	102.8330
2619.873250	77.922	102.3982
2620.239461	77.912	101.9656
2620.605672	77.903	101.6030
2620.971883	77.906	101.2432
2621.338094	77.912	100.7932
2621.704305	77.905	100.3083
2622.070516	77.890	99.9050
2622.436727	77.886	99.5488
2622.802938	77.890	99.1304
2623.169149	77.887	98.6594
2623.535360	77.876	98.2114
2623.901571	77.866	97.8040
2624.267782	77.860	97.4189
2624.633992	77.862	97.0193
2625.000203	77.864	96.5535
2625.366414	77.856	96.0500
2625.732625	77.838	95.6135
2626.098836	77.828	95.2368
2626.465047	77.824	94.8267
2626.831258	77.815	94.4141
2627.197469	77.812	94.0349
2627.563680	77.815	93.5867
2627.929891	77.803	93.1006
2628.296102	77.785	92.7283
2628.662313	77.785	92.3840
2629.028524	77.787	91.9468
2629.394735	77.781	91.5020
2629.760946	77.775	91.0603
2630.127157	77.760	90.6204
2630.493368	77.745	90.3047
2630.859579	77.758	89.9851
2631.225790	77.770	89.4551
2631.592001	77.751	88.9229
2631.958212	77.732	88.5671
2632.324423	77.733	88.2036
2632.690634	77.731	87.7571
2633.056845	77.723	87.3135
2633.423056	77.710	86.8931
2633.789267	77.696	86.5562
2634.155478	77.704	86.2534
2634.521689	77.722	85.7866
2634.887900	77.717	85.2285
2635.254111	77.699	84.7871
2635.620322	77.693	84.3872
2635.986532	77.687	83.9343
2636.352743	77.674	83.5110
2636.718954	77.666	83.1106
2637.085165	77.655	82.7026
2637.451376	77.645	82.3569
2637.817587	77.651	82.0083
2638.183798	77.659	81.5208
2638.550009	77.645	81.0115
2638.916220	77.626	80.6436
2639.282431	77.627	80.2932
2639.648642	77.630	79.8203
2640.014853	77.615	79.3506
2640.381064	77.602	78.9766
2640.747275	77.600	78.5740
2641.113486	77.591	78.1162
2641.479697	77.575	77.7295
2641.845908	77.571	77.3845
2642.212119	77.574	76.9543
2642.578330	77.565	76.4844
2642.944541	77.549	76.0996
2643.310752	77.546	75.7686
2643.676963	77.554	75.3567
2644.043174	77.552	74.8572
2644.409385	77.537	74.4126
2644.775596	77.530	74.0366
2645.141807	77.527	73.6042
2645.508018	77.512	73.1738
2645.874229	77.501	72.8643
2646.240440	77.512	72.5332
2646.606651	77.524	72.0464
2646.972861	77.516	71.5254
2647.339072	77.500	71.0747
2647.705283	77.485	70.6794
2648.071494	77.474	70.3274
2648.437705	77.474	69.9614
2648.803916	77.473	69.5264
2649.170127	77.461	69.0886
2649.536338	77.448	68.7246
2649.902549	77.445	68.3894
2650.268760	77.449	67.9976
2650.634971	77.449	67.5591
2651.001182	77.446	67.1223
2651.367393	77.441	66.6611
2651.733604	77.425	66.2009
2652.099815	77.407	65.8396
2652.466026	77.404	65.5081
2652.832237	77.405	65.0913
2653.198448	77.398	64.6653
2653.564659	77.393	64.2722
2653.930870	77.390	63.8379
2654.297081	77.380	63.3972
2654.663292	77.369	63.0068
2655.029503	77.364	62.6135
2655.395714	77.358	62.1843
2655.761925	77.347	61.7546
2656.128136	77.334	61.3635
2656.494347	77.325	60.9897
2656.860558	77.317	60.5918
2657.226769	77.306	60.2290
2657.592980	77.306	59.8933
2657.959191	77.313	59.4409
2658.325401	77.299	58.9590
2658.691612	77.285	58.6201
2659.057823	77.295	58.2334
2659.424034	77.294	57.6658
2659.790245	77.263	57.1719
2660.156456	77.239	56.8430
2660.522667	77.229	56.5183
2660.888878	77.223	56.1829
2661.255089	77.226	55.8406
2661.621300	77.231	55.4207
2661.987511	77.229	54.9688
2662.353722	77.223	54.5247
2662.719933	77.212	54.0769
2663.086144	77.197	53.7026
2663.452355	77.196	53.3572
2663.818566	77.197	52.8943
2664.184777	77.177	52.4504
2664.550988	77.164	52.1597
2664.917199	77.173	51.8042
2665.283410	77.171	51.3203
2665.649621	77.156	50.9167
2666.015832	77.154	50.5303
2666.382043	77.143	50.0559
2666.748254	77.117	49.6953
2667.114465	77.112	49.4387
2667.480676	77.121	49.0432
2667.846887	77.113	48.6038
2668.213098	77.108	48.2646
2668.579309	77.120	47.8333
2668.945520	77.113	47.2764
2669.311731	77.085	46.8342
2669.677941	77.070	46.5078
2670.044152	77.067	46.1394
2670.410363	77.060	45.7461
2670.776574	77.054	45.3740
2671.142785	77.053	44.9897
2671.508996	77.051	44.5847
2671.875207	77.049	44.1692
2672.241418	77.044	43.7603
2672.607629	77.043	43.3535
2672.973840	77.041	42.8911
2673.340051	77.024	42.4380
2673.706262	77.007	42.1230
2674.072473	77.014	41.7998
2674.438684	77.017	41.3086
2674.804895	76.993	40.8677
2675.171106	76.979	40.6104
2675.537317	76.993	40.2715
2675.903528	76.995	39.7559
2676.269739	76.972	39.3154
2676.635950	76.962	39.0010
2677.002161	76.967	38.5884
2677.368372	76.952	38.0757
2677.734583	76.921	37.7129
2678.100794	76.913	37.4805
2678.467005	76.927	37.1001
2678.833216	76.921	36.5859
2679.199427	76.900	36.1729
2679.565638	76.892	35.8237
2679.931849	76.887	35.4150
2680.298060	76.878	34.9995
2680.664270	76.867	34.5923
2681.030481	76.851	34.2100
2681.396692	76.842	33.9277
2681.762903	76.857	33.5854
2682.129114	76.862	33.0674
2682.495325	76.842	32.6309
2682.861536	76.839	32.3174
2683.227747	76.847	31.8604
2683.593958	76.829	31.3926
2683.960169	76.817	31.0952
2684.326380	76.827	30.7036
2684.692591	76.816	30.2080
2685.058802	76.798	29.8848
2685.425013	76.808	29.5415
2685.791224	76.806	29.0112
2686.157435	76.777	28.5903
2686.523646	76.765	28.2944
2686.889857	76.761	27.9097
2687.256068	76.746	27.5625
2687.622279	76.749	27.2627
2687.988490	76.756	26.7979
2688.354701	76.736	26.3223
2688.720912	76.718	26.0249
2689.087123	76.725	25.6943
2689.453334	76.725	25.2080
2689.819545	76.704	24.7568
2690.185756	76.685	24.4492
2690.551967	76.688	24.1567
2690.918178	76.698	23.7222
2691.284389	76.688	23.2129
2691.650600	76.664	22.8262
2692.016810	76.656	22.5273
2692.383021	76.660	22.1455
2692.749232	76.653	21.7051
2693.115443	76.639	21.3086
2693.481654	76.627	20.9551
2693.847865	76.619	20.6270
2694.214076	76.620	20.2896
2694.580287	76.625	19.8789
2694.946498	76.618	19.4116
2695.312709	76.599	18.9980
2695.678920	76.583	18.6860
2696.045131	76.582	18.3799
2696.411342	76.586	17.9829
2696.777553	76.580	17.5474
2697.143764	76.568	17.1528
2697.509975	76.560	16.7793
2697.876186	76.552	16.3955
2698.242397	76.543	16.0210
2698.608608	76.537	15.6587
2698.974819	76.532	15.2842
2699.341030	76.525	14.9014
2699.707241	76.517	14.5547
2700.073452	76.520	14.2256
2700.439663	76.531	13.8018
2700.805874	76.526	13.2788
2701.172085	76.501	12.8389
2701.538296	76.482	12.5400
2701.904507	76.481	12.2231
2702.270718	76.475	11.8467
2702.636929	76.468	11.5361
2703.003139	76.479	11.2139
2703.369350	76.488	10.7085
2703.735561	76.464	10.2041
2704.101772	76.439	9.9233
2704.467983	76.443	9.6523
2704.834194	76.447	9.2129
2705.200405	76.432	8.7998
2705.566616	76.424	8.4790
2705.932827	76.426	8.0889
2706.299038	76.417	7.6372
2706.665249	76.400	7.2383
2707.031460	76.385	6.8975
2707.397671	76.378	6.5732
2707.763882	76.376	6.2168
2708.130093	76.371	5.8335
2708.496304	76.368	5.4658
2708.862515	76.369	5.0557
2709.228726	76.360	4.6035
2709.594937	76.344	4.2383
2709.961148	76.343	3.8984
2710.327359	76.341	3.4512
2710.693570	76.321	3.0625
2711.059781	76.317	2.8037
2711.425992	76.333	2.4014
2711.792203	76.324	1.8564
2712.158414	76.294	1.4873
2712.524625	76.285	1.2471
2712.890836	76.291	0.9146
2713.257047	76.291	0.5601
2713.623258	76.300	0.1953
2713.989469	76.305	-0.2930
2714.355679	76.287	-0.7681
2714.721890	76.268	-1.1016
2715.088101	76.264	-1.4131
2715.454312	76.264	-1.7803
2715.820523	76.260	-2.1787
2716.186734	76.252	-2.5635
2716.552945	76.248	-2.9028
2716.919156	76.254	-3.3110
2717.285367	76.243	-3.8193
2717.651578	76.213	-4.1953
2718.017789	76.200	-4.4224
2718.384000	76.209	-4.7373
2718.750211	76.210	-5.1504
2719.116422	76.202	-5.5439
2719.482633	76.195	-5.9028
2719.848844	76.193	-6.2422
2720.215055	76.197	-6.6416
2720.581266	76.189	-7.1045
2720.947477	76.170	-7.4785
2721.313688	76.161	-7.7900
2721.679899	76.157	-8.1450
2722.046110	76.151	-8.4824
2722.412321	76.153	-8.8354
2722.778532	76.147	-9.2485
2723.144743	76.134	-9.5742
2723.510954	76.141	-9.8838
2723.877165	76.144	-10.3491
2724.243376	76.123	-10.7510
2724.609587	76.120	-10.9961
2724.975798	76.139	-11.4180
2725.342009	76.124	-11.9834
2725.708219	76.087	-12.2959
2726.074430	76.086	-12.4775
2726.440641	76.101	-12.8682
2726.806852	76.089	-13.3232
2727.173063	76.075	-13.6270
2727.539274	76.080	-13.9580
2727.905485	76.076	-14.3843
2728.271696	76.063	-14.7383
2728.637907	76.062	-15.0771
2729.004118	76.056	-15.4800
2729.370329	76.043	-15.7910
2729.736540	76.051	-16.0850
2730.102751	76.059	-16.5620
2730.468962	76.037	-17.0254
2730.835173	76.018	-17.3154
2731.201384	76.017	-17.6304
2731.567595	76.008	-18.0020
2731.933806	75.999	-18.3159
2732.300017	75.997	-18.6562
2732.666228	75.987	-19.0098
2733.032439	75.981	-19.2666
2733.398650	75.996	-19.5820
2733.764861	76.003	-20.0576
2734.131072	75.988	-20.4990
2734.497283	75.976	-20.8472
2734.863494	75.969	-21.2158
2735.229705	75.959	-21.5742
2735.595916	75.954	-21.8975
2735.962127	75.956	-22.2861
2736.328338	75.946	-22.7197
2736.694548	75.929	-23.0840
2737.060759	75.917	-23.3950
2737.426970	75.911	-23.7026
2737.793181	75.911	-24.0107
2738.159392	75.916	-24.3750
2738.525603	75.913	-24.7949
2738.891814	75.902	-25.1646
2739.258025	75.898	-25.5020
2739.624236	75.894	-25.8887
2739.990447	75.881	-26.2451
2740.356658	75.876	-26.5293
2740.722869	75.881	-26.8643
2741.089080	75.881	-27.2568
2741.455291	75.877	-27.6128
2741.821502	75.880	-27.9912
2742.187713	75.876	-28.4580
2742.553924	75.853	-28.8779
2742.920135	75.831	-29.1431
2743.286346	75.831	-29.3809
2743.652557	75.839	-29.7437
2744.018768	75.831	-30.1436
2744.384979	75.821	-30.4399
2744.751190	75.829	-30.7456
2745.117401	75.833	-31.1738
2745.483612	75.821	-31.5703
2745.849823	75.816	-31.8794
2746.216034	75.819	-32.2622
2746.582245	75.808	-32.6709
2746.948456	75.796	-32.9673
2747.314667	75.801	-33.2861
2747.680878	75.799	-33.6885
2748.047088	75.788	-34.0151
2748.413299	75.793	-34.3174
2748.779510	75.797	-34.7178
2749.145721	75.791	-35.1060
2749.511932	75.788	-35.4678
2749.878143	75.781	-35.8818
2750.244354	75.762	-36.2075
2750.610565	75.763	-36.4473
2750.976776	75.776	-36.8486
2751.342987	75.761	-37.3135
2751.709198	75.739	-37.5728
2752.075409	75.749	-37.7949
2752.441620	75.764	-38.2246
2752.807831	75.752	-38.6919
2753.174042	75.735	-39.0059
2753.540253	75.738	-39.3135
2753.906464	75.738	-39.7471
2754.272675	75.716	-40.1313
2754.638886	75.705	-40.3398
2755.005097	75.725	-40.6118
2755.371308	75.738	-41.1133
2755.737519	75.719	-41.5972
2756.103730	75.700	-41.8989
2756.469941	75.701	-42.2095
2756.836152	75.697	-42.6113
2757.202363	75.682	-42.9521
2757.568574	75.677	-43.2148
2757.934785	75.684	-43.5293
2758.300996	75.687	-43.8994
2758.667207	75.686	-44.2422
2759.033417	75.692	-44.5879
2759.399628	75.696	-45.0078
2759.765839	75.686	-45.4194
2760.132050	75.676	-45.7109
2760.498261	75.688	-46.0088
2760.864472	75.699	-46.4775
2761.230683	75.681	-46.9478
2761.596894	75.662	-47.2344
2761.963105	75.666	-47.5171
2762.329316	75.667	-47.9121
2762.695527	75.656	-48.2510
2763.061738	75.656	-48.5361
2763.427949	75.661	-48.8979
2763.794160	75.658	-49.2617
2764.160371	75.659	-49.5938
2764.526582	75.662	-49.9883
2764.892793	75.653	-50.3936
2765.259004	75.642	-50.7368
2765.625215	75.633	-51.0488
2765.991426	75.630	-51.3354
2766.357637	75.636	-51.6475
2766.723848	75.637	-52.0332
2767.090059	75.628	-52.3799
2767.456270	75.629	-52.6528
2767.822481	75.643	-53.0088
2768.188692	75.646	-53.4712
2768.554903	75.632	-53.8838
2768.921114	75.621	-54.2031
2769.287325	75.620	-54.5303
2769.653536	75.618	-54.9087
2770.019747	75.609	-55.2671
2770.385957	75.603	-55.5771
2770.752168	75.603	-55.9014
2771.118379	75.602	-56.2358
2771.484590	75.605	-56.5474
2771.850801	75.617	-56.9160
2772.217012	75.620	-57.3809
2772.583223	75.606	-57.8154
2772.949434	75.591	-58.1543
2773.315645	75.583	-58.4648
2773.681856	75.579	-58.7808
2774.048067	75.577	-59.0938
2774.414278	75.578	-59.4092
2774.780489	75.583	-59.7344
2775.146700	75.591	-60.1284
2775.512911	75.584	-60.5820
2775.879122	75.560	-60.9053
2776.245333	75.559	-61.0918
2776.611544	75.580	-61.4214
2776.977755	75.581	-61.8955
2777.343966	75.564	-62.2295
2777.710177	75.568	-62.4751
2778.076388	75.583	-62.8525
2778.442599	75.583	-63.2905
2778.808810	75.576	-63.6748
2779.175021	75.571	-64.0352
2779.541232	75.568	-64.3828
2779.907443	75.569	-64.7441
2780.273654	75.565	-65.1436
2780.639865	75.554	-65.4883
2781.006076	75.554	-65.7734
2781.372286	75.565	-66.1377
2781.738497	75.564	-66.5698
2782.104708	75.555	-66.9307
2782.470919	75.556	-67.2603
2782.837130	75.557	-67.6611
2783.203341	75.544	-68.0303
2783.569552	75.540	-68.2832
2783.935763	75.556	-68.5938
2784.301974	75.563	-69.0498
2784.668185	75.550	-69.4492
2785.034396	75.545	-69.7305
2785.400607	75.554	-70.0762
2785.766818	75.552	-70.4766
2786.133029	75.546	-70.7871
2786.499240	75.557	-71.1133
2786.865451	75.562	-71.5703
2787.231662	75.544	-71.9805
2787.597873	75.530	-72.2354
2787.964084	75.538	-72.4946
2788.330295	75.549	-72.8481
2788.696506	75.555	-73.2437
2789.062717	75.553	-73.6553
2789.428928	75.545	-74.0264
2789.795139	75.542	-74.3403
2790.161350	75.547	-74.7070
2790.527561	75.542	-75.1025
2790.893772	75.537	-75.4248
2791.259983	75.542	-75.7905
2791.626194	75.533	-76.2153
2791.992405	75.514	-76.4883
2792.358616	75.524	-76.6992
2792.724826	75.543	-77.0947
2793.091037	75.538	-77.5273
2793.457248	75.534	-77.8315
2793.823459	75.546	-78.1836
2794.189670	75.548	-78.6338
2794.555881	75.536	-79.0039
2794.922092	75.536	-79.3188
2795.288303	75.540	-79.6982
2795.654514	75.535	-80.0645
2796.020725	75.537	-80.3799
2796.386936	75.546	-80.7690
2796.753147	75.541	-81.1934
2797.119358	75.534	-81.5156
2797.485569	75.543	-81.8413
2797.851780	75.549	-82.2646
2798.217991	75.543	-82.6416
2798.584202	75.550	-82.9795
2798.950413	75.559	-83.4414
2799.316624	75.543	-83.9141
2799.682835	75.523	-84.2144
2800.049046	75.525	-84.4639
2800.415257	75.534	-84.8135
2800.781468	75.532	-85.1826
2801.147679	75.532	-85.4893
2801.513890	75.542	-85.8066
2801.880101	75.551	-86.2007
2802.246312	75.550	-86.5991
2802.612523	75.548	-86.9307
2802.978734	75.556	-87.2715
2803.344945	75.561	-87.6943
2803.711156	75.551	-88.1123
2804.077366	75.538	-88.4170
2804.443577	75.541	-88.6680
2804.809788	75.556	-89.0127
2805.175999	75.560	-89.4448
2805.542210	75.552	-89.8242
2805.908421	75.549	-90.1567
2806.274632	75.548	-90.5117
2806.640843	75.544	-90.8242
2807.007054	75.554	-91.1187
2807.373265	75.569	-91.5303
2807.739476	75.567	-91.9834
2808.105687	75.560	-92.3496
2808.471898	75.561	-92.7100
2808.838109	75.558	-93.0986
2809.204320	75.553	-93.4390
2809.570531	75.555	-93.7627
2809.936742	75.560	-94.1138
2810.302953	75.566	-94.4834
2810.669164	75.568	-94.8794
2811.035375	75.564	-95.2363
2811.401586	75.570	-95.5439
2811.767797	75.584	-95.9463
2812.134008	75.582	-96.4097
2812.500219	75.572	-96.7793
2812.866430	75.571	-97.1191
2813.232641	75.567	-97.4756
2813.598852	75.567	-97.7725
2813.965063	75.581	-98.1191
2814.331274	75.585	-98.5947
2814.697485	75.568	-98.9941
2815.063695	75.563	-99.2734
2815.429906	75.571	-99.6284
2815.796117	75.565	-100.0312
2816.162328	75.557	-100.3252
2816.528539	75.567	-100.6162
2816.894750	75.577	-101.0225
2817.260961	75.574	-101.4102
2817.627172	75.578	-101.7358
2817.993383	75.588	-102.1343
2818.359594	75.584	-102.5508
2818.725805	75.583	-102.8745
2819.092016	75.596	-103.2446
2819.458227	75.598	-103.6973
2819.824438	75.590	-104.0635
2820.190649	75.596	-104.4014
2820.556860	75.599	-104.8247
2820.923071	75.589	-105.1885
2821.289282	75.592	-105.4673
2821.655493	75.606	-105.8369
2822.021704	75.608	-106.2598
2822.387915	75.604	-106.6123
2822.754126	75.610	-106.9531
2823.120337	75.616	-107.3369
2823.486548	75.618	-107.7476
2823.852759	75.611	-108.1440
2824.218970	75.605	-108.4536
2824.585181	75.616	-108.7661
2824.951392	75.625	-109.2256
2825.317603	75.608	-109.6333
2825.683814	75.606	-109.8633
2826.050025	75.632	-110.2520
2826.416235	75.626	-110.8081
2826.782446	75.599	-111.1216
2827.148657	75.612	-111.3530
2827.514868	75.627	-111.8467
2827.881079	75.605	-112.2866
2828.247290	75.600	-112.5103
2828.613501	75.621	-112.8896
2828.979712	75.613	-113.3818
2829.345923	75.596	-113.6650
2829.712134	75.610	-113.9043
2830.078345	75.631	-114.3184
2830.444556	75.633	-114.7764
2830.810767	75.630	-115.1729
2831.176978	75.630	-115.5503
2831.543189	75.630	-115.9253
2831.909400	75.630	-116.2822
2832.275611	75.635	-116.6260
2832.641822	75.644	-117.0137
2833.008033	75.645	-117.4355
2833.374244	75.640	-117.7871
2833.740455	75.645	-118.1021
2834.106666	75.653	-118.4907
2834.472877	75.650	-118.8701
2834.839088	75.653	-119.1724
2835.205299	75.667	-119.5361
2835.571510	75.669	-119.9702
2835.937721	75.662	-120.3027
2836.303932	75.674	-120.5913
2836.670143	75.692	-121.0283
2837.036354	75.685	-121.5107
2837.402564	75.672	-121.8418
2837.768775	75.677	-122.1406
2838.134986	75.682	-122.5410
2838.501197	75.673	-122.8896
2838.867408	75.677	-123.1455
2839.233619	75.696	-123.5088
2839.599830	75.699	-123.9531
2839.966041	75.694	-124.3105
2840.332252	75.699	-124.6587
2840.698463	75.699	-125.0532
2841.064674	75.695	-125.3623
2841.430885	75.711	-125.6699
2841.797096	75.726	-126.1484
2842.163307	75.712	-126.6123
2842.529518	75.702	-126.8906
2842.895729	75.717	-127.1953
2843.261940	75.731	-127.6611
2843.628151	75.723	-128.1318
2843.994362	75.709	-128.4980
2844.360573	75.706	-128.8018
2844.726784	75.714	-129.1309
2845.092995	75.721	-129.5288
2845.459206	75.720	-129.9292
2845.825417	75.720	-130.2930
2846.191628	75.723	-130.6729
2846.557839	75.721	-131.0488
2846.924050	75.722	-131.3789
2847.290261	75.731	-131.7129
2847.656472	75.743	-132.0986
2848.022683	75.749	-132.5366
2848.388894	75.743	-132.9634
2848.755104	75.736	-133.2891
2849.121315	75.743	-133.5840
2849.487526	75.756	-133.9697
2849.853737	75.758	-134.3843
2850.219948	75.757	-134.7500
2850.586159	75.759	-135.0962
2850.952370	75.765	-135.4482
2851.318581	75.773	-135.8389
2851.684792	75.773	-136.2559
2852.051003	75.769	-136.6191
2852.417214	75.773	-136.9629
2852.783425	75.776	-137.3574
2853.149636	75.772	-137.7339
2853.515847	75.773	-138.0566
2853.882058	75.783	-138.4175
2854.248269	75.789	-138.8496
2854.614480	75.782	-139.2607
2854.980691	75.776	-139.5713
2855.346902	75.790	-139.8813
2855.713113	75.806	-140.3301
2856.079324	75.801	-140.8154
2856.445535	75.790	-141.1890
2856.811746	75.788	-141.5166
2857.177957	75.792	-141.8599
2857.544168	75.800	-142.2090
2857.910379	75.809	-142.6211
2858.276590	75.804	-143.0386
2858.642801	75.801	-143.3428
2859.009012	75.817	-143.6592
2859.375223	75.831	-144.1123
2859.741434	75.826	-144.5459
2860.107644	75.825	-144.8672
2860.473855	75.839	-145.2280
2860.840066	75.846	-145.6919
2861.206277	75.837	-146.1216
2861.572488	75.829	-146.4443
2861.938699	75.835	-146.7661
2862.304910	75.841	-147.1680
2862.671121	75.833	-147.5537
2863.037332	75.828	-147.8271
2863.403543	75.842	-148.0938
2863.769754	75.864	-148.4863
2864.135965	75.873	-148.9561
2864.502176	75.872	-149.4121
2864.868387	75.863	-149.8320
2865.234598	75.852	-150.1626
2865.600809	75.859	-150.4521
2865.967020	75.874	-150.8623
2866.333231	75.871	-151.3281
2866.699442	75.862	-151.6758
2867.065653	75.870	-152.0200
2867.431864	75.873	-152.4580
2867.798075	75.865	-152.8374
2868.164286	75.867	-153.1641
2868.530497	75.872	-153.5615
2868.896708	75.868	-153.9297
2869.262919	75.874	-154.2397
2869.629130	75.888	-154.6514
2869.995341	75.885	-155.1030
2870.361552	75.876	-155.4297
2870.727763	75.885	-155.7271
2871.093973	75.899	-156.1240
2871.460184	75.901	-156.5283
2871.826395	75.906	-156.8848
2872.192606	75.918	-157.2988
2872.558817	75.915	-157.7534
2872.925028	75.907	-158.0928
2873.291239	75.919	-158.3955
2873.657450	75.937	-158.8589
2874.023661	75.928	-159.3691
2874.389872	75.910	-159.7173
2874.756083	75.912	-160.0029
2875.122294	75.922	-160.3774
2875.488505	75.924	-160.7900
2875.854716	75.922	-161.1680
2876.220927	75.924	-161.5386
2876.587138	75.926	-161.9390
2876.953349	75.921	-162.3184
2877.319560	75.921	-162.6328
2877.685771	75.935	-162.9932
2878.051982	75.942	-163.4619
2878.418193	75.932	-163.8789
2878.784404	75.929	-164.1865
2879.150615	75.940	-164.5332
2879.516826	75.949	-164.9482
2879.883037	75.952	-165.3574
2880.249248	75.955	-165.7759
2880.615459	75.951	-166.1797
2880.981670	75.951	-166.5234
2881.347881	75.960	-166.8916
2881.714092	75.964	-167.3281
2882.080303	75.959	-167.7197
2882.446513	75.962	-168.0566
2882.812724	75.971	-168.4673
2883.178935	75.967	-168.9150
2883.545146	75.958	-169.2656
2883.911357	75.963	-169.5898
2884.277568	75.969	-170.0107
2884.643779	75.961	-170.4336
2885.009990	75.951	-170.7461
2885.376201	75.960	-171.0469
2885.742412	75.972	-171.4717
2886.108623	75.965	-171.9297
2886.474834	75.952	-172.2383
2886.841045	75.965	-172.5127
2887.207256	75.983	-172.9688
2887.573467	75.976	-173.4453
2887.939678	75.972	-173.7959
2888.305889	75.979	-174.2295
2888.672100	75.962	-174.6782
2889.038311	75.950	-174.8955
2889.404522	75.980	-175.1670
2889.770733	76.000	-175.7246
2890.136944	75.983	-176.2109
2890.503155	75.978	-176.5098
2890.869366	75.990	-176.8965
2891.235577	75.988	-177.3301
2891.601788	75.986	-177.6782
2891.967999	75.994	-178.0566
2892.334210	75.995	-178.4644
2892.700421	75.996	-178.8164
2893.066632	76.005	-179.1797
2893.432842	76.013	-179.5879
2893.799053	76.020	179.9902
2894.165264	76.021	179.5312
2894.531475	76.008	179.1084
2894.897686	75.999	178.8105
2895.263897	76.009	178.5049
2895.630108	76.018	178.0850
2895.996319	76.013	177.6855
2896.362530	76.014	177.3657
2896.728741	76.026	176.9854
2897.094952	76.028	176.5352
2897.461163	76.022	176.1436
2897.827374	76.024	175.7803
2898.193585	76.025	175.3711
2898.559796	76.019	174.9932
2898.926007	76.021	174.6528
2899.292218	76.028	174.2402
2899.658429	76.023	173.8105
2900.024640	76.017	173.4653
2900.390851	76.022	173.1123
2900.757062	76.025	172.7090
2901.123273	76.025	172.3359
2901.489484	76.032	171.9346
2901.855695	76.029	171.4883
2902.221906	76.019	171.1313
2902.588117	76.025	170.8174
2902.954328	76.036	170.4102
2903.320539	76.037	169.9795
2903.686750	76.036	169.5752
2904.052961	76.032	169.1787
2904.419172	76.030	168.8481
2904.785382	76.043	168.4893
2905.151593	76.049	168.0059
2905.517804	76.036	167.5928
2905.884015	76.035	167.2812
2906.250226	76.041	166.8838
2906.616437	76.034	166.5068
2906.982648	76.040	166.2168
2907.348859	76.058	165.7861
2907.715070	76.049	165.3086
2908.081281	76.039	165.0195
2908.447492	76.057	164.6992
2908.813703	76.066	164.2173
2909.179914	76.057	163.8135
2909.546125	76.062	163.4653
2909.912336	76.066	163.0127
2910.278547	76.054	162.6221
2910.644758	76.058	162.3237
2911.010969	76.071	161.8872
2911.377180	76.060	161.4321
2911.743391	76.054	161.1631
2912.109602	76.081	160.7974
2912.475813	76.086	160.2012
2912.842024	76.057	159.7681
2913.208235	76.056	159.5176
2913.574446	76.072	159.0752
2913.940657	76.056	158.5820
2914.306868	76.040	158.3164
2914.673079	76.057	158.0176
2915.039290	76.067	157.5327
2915.405501	76.057	157.1133
2915.771711	76.058	156.7734
2916.137922	76.065	156.3545
2916.504133	76.061	155.9297
2916.870344	76.059	155.5586
2917.236555	76.062	155.1562
2917.602766	76.056	154.7446
2917.968977	76.048	154.4185
2918.335188	76.056	154.1313
2918.701399	76.075	153.7539
2919.067610	76.085	153.2803
2919.433821	76.081	152.8242
2919.800032	76.073	152.4434
2920.166243	76.074	152.1084
2920.532454	76.085	151.7339
2920.898665	76.089	151.2598
2921.264876	76.072	150.8340
2921.631087	76.062	150.5859
2921.997298	76.082	150.3013
2922.363509	76.099	149.8232
2922.729720	76.093	149.3335
2923.095931	76.079	148.9355
2923.462142	76.066	148.6113
2923.828353	76.068	148.3638
2924.194564	76.091	148.0020
2924.560775	76.095	147.4570
2924.926986	76.070	147.0518
2925.293197	76.067	146.8174
2925.659408	76.085	146.4443
2926.025619	76.086	145.9688
2926.391830	76.077	145.5718
2926.758041	76.074	145.2129
2927.124251	76.077	144.8677
2927.490462	76.093	144.4536
2927.856673	76.093	143.8906
2928.222884	76.063	143.4395
2928.589095	76.050	143.2148
2928.955306	76.068	142.8896
2929.321517	76.073	142.4072
2929.687728	76.062	142.0200
2930.053939	76.064	141.6924
2930.420150	76.071	141.3047
2930.786361	76.075	140.9150
2931.152572	76.084	140.5029
2931.518783	76.085	140.0342
2931.884994	76.074	139.6157
2932.251205	76.068	139.2988
2932.617416	76.079	138.9780
2932.983627	76.095	138.5264
2933.349838	76.088	138.0161
2933.716049	76.067	137.6797
2934.082260	76.076	137.4404
2934.448471	76.101	136.9868
2934.814682	76.090	136.4409
2935.180893	76.069	136.1113
2935.547104	76.076	135.8154
2935.913315	76.080	135.3662
2936.279526	76.066	134.9971
2936.645737	76.071	134.7256
2937.011948	76.088	134.2959
2937.378159	76.080	133.8154
2937.744370	76.070	133.4795
2938.110581	76.078	133.1133
2938.476791	76.074	132.6553
2938.843002	76.059	132.3149
2939.209213	76.066	132.0410
2939.575424	76.084	131.6201
2939.941635	76.083	131.1221
2940.307846	76.070	130.7051
2940.674057	76.061	130.3564
2941.040268	76.057	130.0322
2941.406479	76.063	129.7104
2941.772690	76.075	129.3252
2942.138901	76.078	128.8696
2942.505112	76.069	128.4502
2942.871323	76.064	128.1143
2943.237534	76.070	127.7671
2943.603745	76.075	127.3506
2943.969956	76.072	126.9331
2944.336167	76.069	126.5522
2944.702378	76.068	126.1777
2945.068589	76.068	125.8027
2945.434800	76.069	125.4321
2945.801011	76.071	125.0645
2946.167222	76.078	124.6875
2946.533433	76.087	124.2480
2946.899644	76.082	123.7744
2947.265855	76.070	123.3945
2947.632066	76.071	123.0723
2947.998277	76.080	122.6582
2948.364488	76.075	122.2041
2948.730699	76.064	121.8428
2949.096910	76.066	121.5166
2949.463120	76.072	121.1333
2949.829331	76.071	120.7261
2950.195542	76.066	120.3623
2950.561753	76.068	120.0381
2950.927964	76.081	119.6626
2951.294175	76.087	119.1816
2951.660386	76.071	118.7275
2952.026597	76.055	118.4365
2952.392808	76.064	118.1768
2952.759019	76.080	117.7529
2953.125230	76.071	117.2793
2953.491441	76.054	116.9810
2953.857652	76.067	116.7363
2954.223863	76.089	116.2900
2954.590074	76.081	115.7773
2954.956285	76.065	115.4434
2955.322496	76.073	115.1523
2955.688707	76.086	114.7280
2956.054918	76.084	114.2764
2956.421129	76.080	113.8745
2956.787340	76.079	113.4800
2957.153551	76.078	113.0859
2957.519762	76.076	112.6729
2957.885973	76.065	112.2803
2958.252184	76.059	111.9990
2958.618395	76.077	111.6973
2958.984606	76.096	111.2119
2959.350817	76.087	110.6997
2959.717028	76.072	110.3232
2960.083239	76.068	109.9922
2960.449450	76.067	109.6450
2960.815660	76.069	109.3071
2961.181871	76.076	108.9307
2961.548082	76.076	108.5195
2961.914293	76.071	108.1689
2962.280504	76.078	107.8477
2962.646715	76.093	107.4229
2963.012926	76.092	106.9048
2963.379137	76.069	106.4717
2963.745348	76.053	106.2109
2964.111559	76.065	105.9531
2964.477770	76.081	105.5142
2964.843981	76.072	105.0371
2965.210192	76.060	104.7275
2965.576403	76.074	104.4194
2965.942614	76.086	103.9277
2966.308825	76.070	103.4570
2966.675036	76.058	103.1543
2967.041247	76.065	102.8477
2967.407458	76.074	102.4600
2967.773669	76.081	102.0537
2968.139880	76.084	101.6089
2968.506091	76.077	101.1719
2968.872302	76.069	100.8203
2969.238513	76.072	100.4697
2969.604724	76.074	100.0615
2969.970935	76.068	99.6733
2970.337146	76.064	99.3330
2970.703357	76.066	98.9883
2971.069568	76.069	98.6113
2971.435779	76.068	98.2285
2971.801989	76.066	97.8711
2972.168200	76.069	97.5098
2972.534411	76.068	97.1289
2972.900622	76.067	96.7852
2973.266833	76.075	96.4536
2973.633044	76.088	96.0386
2973.999255	76.091	95.5654
2974.365466	76.083	95.1172
2974.731677	76.072	94.7266
2975.097888	76.066	94.3950
2975.464099	76.071	94.0547
2975.830310	76.078	93.6416
2976.196521	76.074	93.2158
2976.562732	76.067	92.8521
2976.928943	76.069	92.5283
2977.295154	76.079	92.1572
2977.661365	76.084	91.7197
2978.027576	76.080	91.3174
2978.393787	76.083	90.9541
2978.759998	76.087	90.5195
2979.126209	76.076	90.1074
2979.492420	76.073	89.8086
2979.858631	76.086	89.4287
2980.224842	76.082	88.9595
2980.591053	76.068	88.6162
2980.957264	76.072	88.3135
2981.323475	76.077	87.9248
2981.689686	76.078	87.5547
2982.055897	76.087	87.1523
2982.422108	76.083	86.6592
2982.788319	76.062	86.2793
2983.154529	76.060	86.0068
2983.520740	76.069	85.6143
2983.886951	76.061	85.1807
2984.253162	76.051	84.8682
2984.619373	76.059	84.5557
2984.985584	76.068	84.1445
2985.351795	76.066	83.7241
2985.718006	76.062	83.3462
2986.084217	76.062	82.9814
2986.450428	76.063	82.6128
2986.816639	76.066	82.2354
2987.182850	76.069	81.8457
2987.549061	76.071	81.4336
2987.915272	76.067	81.0083
2988.281483	76.056	80.6357
2988.647694	76.051	80.3223
2989.013905	76.055	79.9775
2989.380116	76.055	79.5928
2989.746327	76.051	79.2271
2990.112538	76.048	78.8682
2990.478749	76.043	78.5303
2990.844960	76.045	78.2373
2991.211171	76.059	77.8647
2991.577382	76.058	77.3887
2991.943593	76.040	77.0312
2992.309804	76.044	76.7920
2992.676015	76.068	76.3682
2993.042226	76.061	75.7969
2993.408437	76.030	75.4409
2993.774648	76.031	75.2451
2994.140859	76.055	74.8457
2994.507069	76.050	74.3237
2994.873280	76.033	73.9814
2995.239491	76.042	73.6826
2995.605702	76.051	73.2256
2995.971913	76.038	72.7988
2996.338124	76.034	72.5083
2996.704335	76.049	72.1548
2997.070546	76.054	71.6846
2997.436757	76.043	71.2783
2997.802968	76.041	70.9639
2998.169179	76.048	70.5654
2998.535390	76.033	70.1387
2998.901601	76.014	69.9834
2999.267812	76.056	69.8848
2999.634023	76.121	69.2695
3000.000234	76.100	68.4170
3000.366445	76.034	68.0771
3000.732656	76.030	68.0166
3001.098867	76.056	67.6621
3001.465078	76.050	67.2109
3001.831289	76.044	66.9238
3002.197500	76.058	66.5791
3002.563711	76.062	66.1152
3002.929922	76.051	65.7041
3003.296133	76.044	65.3545
3003.662344	76.040	65.0205
3004.028555	76.044	64.6924
3004.394766	76.054	64.3057
3004.760977	76.056	63.8477
3005.127188	76.044	63.4355
3005.493398	76.038	63.1211
3005.859609	76.049	62.7598
3006.225820	76.051	62.2842
3006.592031	76.034	61.8833
3006.958242	76.029	61.6099
3007.324453	76.042	61.2568
3007.690664	76.045	60.8203
3008.056875	76.041	60.4385
3008.423086	76.042	60.0498
3008.789297	76.036	59.6558
3009.155508	76.033	59.3428
3009.521719	76.045	58.9702
3009.887930	76.042	58.5059
3010.254141	76.027	58.1621
3010.620352	76.032	57.8730
3010.986563	76.040	57.4561
3011.352774	76.030	57.0576
3011.718985	76.029	56.7642
3012.085196	76.041	56.3838
3012.451407	76.037	55.9258
3012.817618	76.023	55.5737
3013.183829	76.024	55.2847
3013.550040	76.033	54.9277
3013.916251	76.036	54.5229
3014.282462	76.035	54.1260
3014.648673	76.032	53.7451
3015.014884	76.029	53.3789
3015.381095	76.027	53.0225
3015.747306	76.028	52.6851
3016.113517	76.036	52.3408
3016.479728	76.045	51.9141
3016.845938	76.039	51.4619
3017.212149	76.026	51.1294
3017.578360	76.032	50.8320
3017.944571	76.040	50.4321
3018.310782	76.035	50.0483
3018.676993	76.039	49.7227
3019.043204	76.047	49.3018
3019.409415	76.035	48.8916
3019.775626	76.031	48.6353
3020.141837	76.051	48.2939
3020.508048	76.054	47.7974
3020.874259	76.037	47.4399
3021.240470	76.044	47.1895
3021.606681	76.064	46.7769
3021.972892	76.064	46.2773
3022.339103	76.052	45.8589
3022.705314	76.042	45.4912
3023.071525	76.034	45.1592
3023.437736	76.035	44.8457
3023.803947	76.041	44.4805
3024.170158	76.041	44.0918
3024.536369	76.041	43.7192
3024.902580	76.039	43.3403
3025.268791	76.037	42.9873
3025.635002	76.042	42.6348
3026.001213	76.045	42.2148
3026.367424	76.035	41.8340
3026.733635	76.035	41.5522
3027.099846	76.051	41.1860
3027.466057	76.053	40.7144
3027.832267	76.041	40.3408
3028.198478	76.042	40.0356
3028.564689	76.049	39.6426
3028.930900	76.041	39.2646
3029.297111	76.042	38.9893
3029.663322	76.061	38.6338
3030.029533	76.067	38.1426
3030.395744	76.052	37.7285
3030.761955	76.045	37.4434
3031.128166	76.053	37.1216
3031.494377	76.060	36.7334
3031.860588	76.063	36.3398
3032.226799	76.063	35.9185
3032.593010	76.052	35.5098
3032.959221	76.041	35.1875
3033.325432	76.040	34.8926
3033.691643	76.044	34.5688
3034.057854	76.052	34.2178
3034.424065	76.058	33.8115
3034.790276	76.052	33.4150
3035.156487	76.051	33.0933
3035.522698	76.060	32.7246
3035.888909	76.062	32.2939
3036.255120	76.059	31.9160
3036.621331	76.062	31.4922
3036.987542	76.045	31.0303
3037.353753	76.019	30.7861
3037.719964	76.033	30.6289
3038.086175	76.062	30.2285
3038.452386	76.062	29.7466
3038.818597	76.058	29.3901
3039.184807	76.064	29.0088
3039.551018	76.061	28.6045
3039.917229	76.061	28.2793
3040.283440	76.074	27.8877
3040.649651	76.073	27.4150
3041.015862	76.061	27.0469
3041.382073	76.063	26.7207
3041.748284	76.067	26.3037
3042.114495	76.057	25.9004
3042.480706	76.047	25.6016
3042.846917	76.052	25.3325
3043.213128	76.069	24.9941
3043.579339	76.083	24.5498
3043.945550	76.081	24.0791
3044.311761	76.070	23.6870
3044.677972	76.065	23.3477
3045.044183	76.065	23.0127
3045.410394	76.070	22.6763
3045.776605	76.079	22.2939
3046.142816	76.080	21.8672
3046.509027	76.073	21.4839
3046.875238	76.071	21.1592
3047.241449	76.077	20.8223
3047.607660	76.084	20.4316
3047.973871	76.083	20.0264
3048.340082	76.080	19.6855
3048.706293	76.090	19.3481
3049.072504	76.097	18.8994
3049.438715	76.084	18.4780
3049.804926	76.076	18.2100
3050.171136	76.092	17.8940
3050.537347	76.098	17.4424
3050.903558	76.087	17.0566
3051.269769	76.085	16.7578
3051.635980	76.092	16.4170
3052.002191	76.096	16.0449
3052.368402	76.099	15.6689
3052.734613	76.099	15.2842
3053.100824	76.096	14.9346
3053.467035	76.100	14.5947
3053.833246	76.103	14.2280
3054.199457	76.106	13.8682
3054.565668	76.113	13.4839
3054.931879	76.112	13.0625
3055.298090	76.106	12.6943
3055.664301	76.109	12.3467
3056.030512	76.109	11.9434
3056.396723	76.102	11.5928
3056.762934	76.107	11.2871
3057.129145	76.118	10.8784
3057.495356	76.113	10.4658
3057.861567	76.113	10.1396
3058.227778	76.123	9.7261
3058.593989	76.113	9.2773
3058.960200	76.100	9.0020
3059.326411	76.116	8.7324
3059.692622	76.132	8.2832
3060.058833	76.125	7.8369
3060.425044	76.120	7.4941
3060.791255	76.123	7.1416
3061.157466	76.124	6.7764
3061.523676	76.127	6.4424
3061.889887	76.137	6.0928
3062.256098	76.147	5.6924
3062.622309	76.150	5.2705
3062.988520	76.149	4.8682
3063.354731	76.147	4.4746
3063.720942	76.139	4.0898
3064.087153	76.130	3.7939
3064.453364	76.139	3.5459
3064.819575	76.160	3.1650
3065.185786	76.163	2.7061
3065.551997	76.158	2.3560
3065.918208	76.170	2.0176
3066.284419	76.180	1.5625
3066.650630	76.173	1.1274
3067.016841	76.171	0.7764
3067.383052	76.177	0.3857
3067.749263	76.173	-0.0400
3068.115474	76.164	-0.3867
3068.481685	76.168	-0.6943
3068.847896	76.178	-1.0742
3069.214107	76.177	-1.4790
3069.580318	76.174	-1.8037
3069.946529	76.186	-2.1191
3070.312740	76.200	-2.5371
3070.678951	76.197	-2.9697
3071.045162	76.191	-3.3027
3071.411373	76.199	-3.5947
3071.777584	76.216	-3.9492
3072.143795	76.228	-4.3975
3072.510006	76.223	-4.8506
3072.876216	76.212	-5.1699
3073.242427	76.222	-5.4414
3073.608638	76.239	-5.8472
3073.974849	76.238	-6.2803
3074.341060	76.237	-6.6221
3074.707271	76.244	-7.0059
3075.073482	76.238	-7.3994
3075.439693	76.237	-7.6699
3075.805904	76.258	-7.9961
3076.172115	76.269	-8.4829
3076.538326	76.259	-8.8975
3076.904537	76.260	-9.2061
3077.270748	76.272	-9.5947
3077.636959	76.272	-10.0137
3078.003170	76.271	-10.3564
3078.369381	76.282	-10.7231
3078.735592	76.288	-11.1558
3079.101803	76.285	-11.5605
3079.468014	76.283	-11.9214
3079.834225	76.285	-12.2690
3080.200436	76.291	-12.6133
3080.566647	76.300	-12.9917
3080.932858	76.304	-13.3818
3081.299069	76.310	-13.7402
3081.665280	76.321	-14.1514
3082.031491	76.318	-14.6060
3082.397702	76.306	-14.9385
3082.763913	76.315	-15.2139
3083.130124	76.330	-15.6143
3083.496335	76.331	-16.0469
3083.862545	76.330	-16.4141
3084.228756	76.333	-16.8047
3084.594967	76.329	-17.2002
3084.961178	76.326	-17.5332
3085.327389	76.330	-17.8652
3085.693600	76.337	-18.2295
3086.059811	76.343	-18.6035
3086.426022	76.349	-18.9990
3086.792233	76.351	-19.4082
3087.158444	76.349	-19.7939
3087.524655	76.350	-20.1455
3087.890866	76.357	-20.5078
3088.257077	76.363	-20.9219
3088.623288	76.358	-21.3047
3088.989499	76.362	-21.5996
3089.355710	76.382	-21.9609
3089.721921	76.392	-22.4365
3090.088132	76.387	-22.8623
3090.454343	76.386	-23.2158
3090.820554	76.389	-23.5708
3091.186765	76.396	-23.9092
3091.552976	76.410	-24.2900
3091.919187	76.414	-24.7441
3092.285398	76.406	-25.1167
3092.651609	76.412	-25.4102
3093.017820	76.427	-25.8037
3093.384031	76.427	-26.2461
3093.750242	76.420	-26.5864
3094.116453	76.427	-26.8867
3094.482664	76.441	-27.2627
3094.848875	76.447	-27.7002
3095.215085	76.441	-28.1025
3095.581296	76.437	-28.4082
3095.947507	76.450	-28.7061
3096.313718	76.466	-29.1182
3096.679929	76.469	-29.5654
3097.046140	76.468	-29.9482
3097.412351	76.472	-30.3301
3097.778562	76.472	-30.7324
3098.144773	76.470	-31.0928
3098.510984	76.474	-31.4355
3098.877195	76.482	-31.7979
3099.243406	76.490	-32.1826
3099.609617	76.495	-32.6016
3099.975828	76.492	-32.9834
3100.342039	76.497	-33.2983
3100.708250	76.514	-33.6953
3101.074461	76.515	-34.1709
3101.440672	76.505	-34.5356
3101.806883	76.513	-34.8564
3102.173094	76.521	-35.2881
3102.539305	76.513	-35.6895
3102.905516	76.513	-35.9888
3103.271727	76.526	-36.3711
3103.637938	76.523	-36.8164
3104.004149	76.513	-37.1357
3104.370360	76.524	-37.4238
3104.736571	76.539	-37.8574
3105.102782	76.531	-38.3057
3105.468993	76.520	-38.6035
3105.835204	76.531	-38.8701
3106.201414	76.551	-39.2588
3106.567625	76.558	-39.7158
3106.933836	76.554	-40.1240
3107.300047	76.556	-40.4619
3107.666258	76.570	-40.8262
3108.032469	76.582	-41.3184
3108.398680	76.567	-41.8086
3108.764891	76.546	-42.0859
3109.131102	76.560	-42.2881
3109.497313	76.587	-42.6987
3109.863524	76.586	-43.2021
3110.229735	76.573	-43.5205
3110.595946	76.587	-43.7642
3110.962157	76.613	-44.1758
3111.328368	76.617	-44.6602
3111.694579	76.614	-45.0312
3112.060790	76.624	-45.3936
3112.427001	76.629	-45.8438
3112.793212	76.620	-46.2231
3113.159423	76.625	-46.5098
3113.525634	76.644	-46.8984
3113.891845	76.646	-47.3643
3114.258056	76.638	-47.7354
3114.624267	76.642	-48.0430
3114.990478	76.656	-48.3994
3115.356689	76.668	-48.8242
3115.722900	76.670	-49.2603
3116.089111	76.671	-49.6426
3116.455322	76.680	-50.0430
3116.821533	76.680	-50.5078
3117.187744	76.667	-50.8760
3117.553954	76.672	-51.1553
3117.920165	76.689	-51.5562
3118.286376	76.688	-51.9985
3118.652587	76.686	-52.3301
3119.018798	76.698	-52.6846
3119.385009	76.705	-53.0996
3119.751220	76.708	-53.4678
3120.117431	76.719	-53.8613
3120.483642	76.720	-54.2959
3120.849853	76.717	-54.6396
3121.216064	76.732	-54.9844
3121.582275	76.742	-55.4736
3121.948486	76.724	-55.9116
3122.314697	76.714	-56.1328
3122.680908	76.740	-56.4023
3123.047119	76.760	-56.9053
3123.413330	76.747	-57.3608
3123.779541	76.745	-57.6362
3124.145752	76.766	-58.0205
3124.511963	76.764	-58.5312
3124.878174	76.744	-58.8560
3125.244385	76.756	-59.0649
3125.610596	76.786	-59.4775
3125.976807	76.789	-60.0156
3126.343018	76.774	-60.3906
3126.709229	76.782	-60.6768
3127.075440	76.800	-61.1060
3127.441651	76.796	-61.5703
3127.807862	76.790	-61.8896
3128.174073	76.805	-62.2241
3128.540284	76.813	-62.6738
3128.906494	76.808	-63.0552
3129.272705	76.816	-63.3721
3129.638916	76.829	-63.7666
3130.005127	76.834	-64.1694
3130.371338	76.842	-64.5605
3130.737549	76.845	-65.0020
3131.103760	76.837	-65.3760
3131.469971	76.843	-65.6733
3131.836182	76.858	-66.0654
3132.202393	76.861	-66.5151
3132.568604	76.857	-66.9043
3132.934815	76.856	-67.2739
3133.301026	76.856	-67.6338
3133.667237	76.860	-67.9888
3134.033448	76.862	-68.3857
3134.399659	76.857	-68.7324
3134.765870	76.867	-69.0225
3135.132081	76.888	-69.4551
3135.498292	76.884	-69.9648
3135.864503	76.871	-70.2969
3136.230714	76.885	-70.5933
3136.596925	76.900	-71.0713
3136.963136	76.889	-71.5303
3137.329347	76.884	-71.8242
3137.695558	76.901	-72.1479
3138.061769	76.916	-72.5918
3138.427980	76.920	-73.0537
3138.794191	76.917	-73.4736
3139.160402	76.914	-73.8311
3139.526613	76.923	-74.1675
3139.892823	76.935	-74.5674
3140.259034	76.941	-74.9922
3140.625245	76.945	-75.3896
3140.991456	76.948	-75.7954
3141.357667	76.949	-76.1797
3141.723878	76.955	-76.5469
3142.090089	76.960	-76.9697
3142.456300	76.953	-77.3535
3142.822511	76.957	-77.6304
3143.188722	76.980	-77.9961
3143.554933	76.991	-78.5127
3143.921144	76.980	-78.9775
3144.287355	76.970	-79.3242
3144.653566	76.971	-79.6533
3145.019777	76.977	-80.0059
3145.385988	76.986	-80.3828
3145.752199	76.993	-80.7939
3146.118410	76.995	-81.2188
3146.484621	76.994	-81.6143
3146.850832	76.996	-81.9766
3147.217043	77.003	-82.3657
3147.583254	77.004	-82.7759
3147.949465	77.004	-83.1221
3148.315676	77.017	-83.4517
3148.681887	77.035	-83.8774
3149.048098	77.041	-84.3418
3149.414309	77.043	-84.7568
3149.780520	77.050	-85.1816
3150.146731	77.050	-85.6372
3150.512942	77.042	-86.0322
3150.879153	77.043	-86.3730
3151.245363	77.049	-86.7549
3151.611574	77.049	-87.1519
3151.977785	77.049	-87.4980
3152.343996	77.057	-87.8550
3152.710207	77.062	-88.2427
3153.076418	77.067	-88.5894
3153.442629	77.084	-88.9766
3153.808840	77.091	-89.4756
3154.175051	77.077	-89.9082
3154.541262	77.074	-90.2061
3154.907473	77.088	-90.5625
3155.273684	77.095	-91.0186
3155.639895	77.089	-91.4375
3156.006106	77.087	-91.7900
3156.372317	77.093	-92.1416
3156.738528	77.103	-92.5420
3157.104739	77.106	-92.9844
3157.470950	77.100	-93.3848
3157.837161	77.100	-93.7236
3158.203372	77.110	-94.0913
3158.569583	77.116	-94.5132
3158.935794	77.113	-94.9097
3159.302005	77.114	-95.2393
3159.668216	77.127	-95.5703
3160.034427	77.144	-95.9805
3160.400638	77.154	-96.4448
3160.766849	77.156	-96.9004
3161.133060	77.154	-97.3447
3161.499271	77.147	-97.7510
3161.865482	77.144	-98.1006
3162.231692	77.149	-98.4736
3162.597903	77.149	-98.8799
3162.964114	77.145	-99.2266
3163.330325	77.152	-99.5537
3163.696536	77.161	-99.9453
3164.062747	77.164	-100.3311
3164.428958	77.173	-100.6904
3164.795169	77.186	-101.1133
3165.161380	77.190	-101.5791
3165.527591	77.186	-102.0186
3165.893802	77.178	-102.4199
3166.260013	77.171	-102.7402
3166.626224	77.182	-103.0352
3166.992435	77.200	-103.4658
3167.358646	77.195	-103.9307
3167.724857	77.188	-104.2314
3168.091068	77.210	-104.5488
3168.457279	77.225	-105.0566
3168.823490	77.214	-105.5020
3169.189701	77.219	-105.7998
3169.555912	77.242	-106.2471
3169.922123	77.238	-106.8164
3170.288334	77.214	-107.1943
3170.654545	77.215	-107.4551
3171.020756	77.229	-107.8379
3171.386967	77.231	-108.2686
3171.753178	77.231	-108.6401
3172.119389	77.236	-109.0171
3172.485600	77.239	-109.3916
3172.851811	77.250	-109.7568
3173.218022	77.264	-110.2100
3173.584232	77.261	-110.7051
3173.950443	77.248	-111.0869
3174.316654	77.249	-111.3823
3174.682865	77.263	-111.7207
3175.049076	77.278	-112.1450
3175.415287	77.283	-112.6133
3175.781498	77.277	-113.0322
3176.147709	77.276	-113.3726
3176.513920	77.286	-113.7266
3176.880131	77.296	-114.1392
3177.246342	77.299	-114.5640
3177.612553	77.299	-114.9683
3177.978764	77.299	-115.3384
3178.344975	77.303	-115.6987
3178.711186	77.309	-116.0811
3179.077397	77.314	-116.4561
3179.443608	77.323	-116.8486
3179.809819	77.327	-117.2910
3180.176030	77.323	-117.6797
3180.542241	77.330	-118.0244
3180.908452	77.341	-118.4648
3181.274663	77.336	-118.9224
3181.640874	77.332	-119.2944
3182.007085	77.338	-119.6831
3182.373296	77.339	-120.1172
3182.739507	77.337	-120.5254
3183.105718	77.336	-120.9307
3183.471929	77.331	-121.3047
3183.838140	77.337	-121.6328
3184.204351	77.354	-122.0508
3184.570561	77.356	-122.5537
3184.936772	77.346	-122.9727
3185.302983	77.344	-123.3140
3185.669194	77.351	-123.6787
3186.035405	77.360	-124.0815
3186.401616	77.366	-124.5225
3186.767827	77.362	-124.9629
3187.134038	77.356	-125.3105
3187.500249	77.367	-125.6221
3187.866460	77.386	-126.0522
3188.232671	77.387	-126.5430
3188.598882	77.381	-126.9224
3188.965093	77.391	-127.2793
3189.331304	77.400	-127.7490
3189.697515	77.392	-128.1807
3190.063726	77.395	-128.5078
3190.429937	77.411	-128.9336
3190.796148	77.409	-129.4468
3191.162359	77.394	-129.8330
3191.528570	77.397	-130.1270
3191.894781	77.414	-130.5098
3192.260992	77.424	-130.9980
3192.627203	77.417	-131.4741
3192.993414	77.407	-131.8525
3193.359625	77.409	-132.1895
3193.725836	77.417	-132.5801
3194.092047	77.419	-132.9922
3194.458258	77.420	-133.3652
3194.824469	77.428	-133.7383
3195.190680	77.438	-134.1533
3195.556891	77.444	-134.6035
3195.923101	77.443	-135.0518
3196.289312	77.437	-135.4502
3196.655523	77.437	-135.8154
3197.021734	77.440	-136.1997
3197.387945	77.440	-136.5747
3197.754156	77.444	-136.9062
3198.120367	77.461	-137.2798
3198.486578	77.473	-137.7656
3198.852789	77.467	-138.2456
3199.219000	77.459	-138.6133
3199.585211	77.465	-138.9844
3199.951422	77.465	-139.4092
3200.317633	77.462	-139.7617
3200.683844	77.478	-140.1152
3201.050055	77.494	-140.6406
3201.416266	77.479	-141.1924
3201.782477	77.454	-141.5488
3202.148688	77.453	-141.7969
3202.514899	77.470	-142.1343
3202.881110	77.484	-142.5889
3203.247321	77.485	-143.0498
3203.613532	77.484	-143.4775
3203.979743	77.482	-143.9170
3204.345954	77.472	-144.3076
3204.712165	77.473	-144.6172
3205.078376	77.488	-145.0029
3205.444587	77.489	-145.4678
3205.810798	77.483	-145.8267
3206.177009	77.494	-146.1494
3206.543220	77.510	-146.5952
3206.909431	77.509	-147.0635
3207.275641	77.506	-147.4575
3207.641852	77.510	-147.8486
3208.008063	77.512	-148.2695
3208.374274	77.507	-148.6680
3208.740485	77.506	-149.0098
3209.106696	77.517	-149.3633
3209.472907	77.527	-149.8018
3209.839118	77.525	-150.2329
3210.205329	77.527	-150.6016
3210.571540	77.535	-151.0278
3210.937751	77.530	-151.4658
3211.303962	77.530	-151.8057
3211.670173	77.547	-152.2256
3212.036384	77.544	-152.7627
3212.402595	77.522	-153.1289
3212.768806	77.529	-153.3657
3213.135017	77.556	-153.7881
3213.501228	77.559	-154.3379
3213.867439	77.546	-154.7852
3214.233650	77.540	-155.1494
3214.599861	77.541	-155.5107
3214.966072	77.546	-155.8936
3215.332283	77.549	-156.3198
3215.698494	77.544	-156.7085
3216.064705	77.548	-157.0195
3216.430916	77.567	-157.4097
3216.797127	77.575	-157.9233
3217.163338	77.565	-158.3740
3217.529549	77.561	-158.7168
3217.895760	77.570	-159.0967
3218.261970	77.576	-159.5474
3218.628181	77.572	-159.9902
3218.994392	77.564	-160.3833
3219.360603	77.562	-160.7266
3219.726814	77.570	-161.0703
3220.093025	77.583	-161.4824
3220.459236	77.589	-161.9565
3220.825447	77.585	-162.4272
3221.191658	77.575	-162.8359
3221.557869	77.572	-163.1885
3221.924080	77.576	-163.5625
3222.290291	77.579	-163.9697
3222.656502	77.579	-164.3545
3223.022713	77.584	-164.7471
3223.388924	77.586	-165.1602
3223.755135	77.588	-165.5498
3224.121346	77.594	-165.9663
3224.487557	77.589	-166.3921
3224.853768	77.585	-166.7080
3225.219979	77.604	-167.0474
3225.586190	77.618	-167.5547
3225.952401	77.607	-168.0205
3226.318612	77.605	-168.3652
3226.684823	77.614	-168.8013
3227.051034	77.603	-169.2617
3227.417245	77.591	-169.5576
3227.783456	77.606	-169.8604
3228.149667	77.618	-170.3228
3228.515878	77.610	-170.7480
3228.882089	77.612	-171.0625
3229.248300	77.630	-171.4766
3229.614510	77.630	-171.9844
3229.980721	77.619	-172.3633
3230.346932	77.630	-172.7051
3230.713143	77.643	-173.2207
3231.079354	77.626	-173.7295
3231.445565	77.610	-174.0464
3231.811776	77.619	-174.3711
3232.177987	77.626	-174.8066
3232.544198	77.623	-175.2188
3232.910409	77.624	-175.6162
3233.276620	77.621	-176.0234
3233.642831	77.620	-176.3691
3234.009042	77.632	-176.7471
3234.375253	77.636	-177.2173
3234.741464	77.625	-177.6069
3235.107675	77.630	-177.9136
3235.473886	77.647	-178.3257
3235.840097	77.649	-178.8135
3236.206308	77.638	-179.2178
3236.572519	77.637	-179.5337
3236.938730	77.652	-179.8755
3237.304941	77.668	179.6509
3237.671152	77.663	179.1289
3238.037363	77.646	178.7437
3238.403574	77.648	178.4253
3238.769785	77.655	178.0083
3239.135996	77.650	177.5771
3239.502207	77.645	177.2168
3239.868418	77.646	176.8496
3240.234629	77.647	176.4668
3240.600839	77.648	176.0947
3240.967050	77.651	175.7109
3241.333261	77.653	175.3340
3241.699472	77.661	174.9399
3242.065683	77.663	174.4971
3242.431894	77.657	174.1055
3242.798105	77.663	173.7764
3243.164316	77.681	173.3472
3243.530527	77.684	172.8164
3243.896738	77.671	172.3535
3244.262949	77.663	171.9785
3244.629160	77.661	171.5908
3244.995371	77.656	171.1982
3245.361582	77.652	170.8608
3245.727793	77.660	170.5352
3246.094004	77.675	170.1353
3246.460215	77.681	169.6787
3246.826426	77.681	169.2490
3247.192637	77.684	168.8442
3247.558848	77.689	168.3994
3247.925059	77.685	167.9443
3248.291270	77.678	167.5610
3248.657481	77.682	167.1973
3249.023692	77.687	166.7544
3249.389903	77.679	166.3062
3249.756114	77.669	165.9365
3250.122325	77.666	165.5967
3250.488536	77.666	165.2715
3250.854747	77.675	164.9463
3251.220958	77.689	164.5420
3251.587169	77.693	164.0986
3251.953379	77.694	163.6919
3252.319590	77.696	163.2744
3252.685801	77.692	162.8770
3253.052012	77.697	162.5269
3253.418223	77.710	162.0723
3253.784434	77.701	161.5596
3254.150645	77.681	161.2178
3254.516856	77.687	160.9404
3254.883067	77.701	160.5254
3255.249278	77.702	160.0762
3255.615489	77.701	159.6538
3255.981700	77.695	159.2080
3256.347911	77.681	158.8462
3256.714122	77.682	158.5674
3257.080333	77.696	158.1855
3257.446544	77.696	157.7500
3257.812755	77.694	157.3994
3258.178966	77.704	157.0430
3258.545177	77.713	156.6123
3258.911388	77.714	156.1851
3259.277599	77.716	155.7832
3259.643810	77.721	155.3701
3260.010021	77.722	154.9268
3260.376232	77.714	154.4971
3260.742443	77.707	154.1572
3261.108654	77.716	153.8262
3261.474865	77.726	153.3857
3261.841076	77.722	152.9326
3262.207287	77.715	152.5479
3262.573498	77.712	152.1772
3262.939709	77.712	151.8291
3263.305919	77.720	151.4668
3263.672130	77.725	151.0210
3264.038341	77.716	150.6162
3264.404552	77.717	150.2871
3264.770763	77.725	149.8818
3265.136974	77.721	149.4688
3265.503185	77.724	149.1318
3265.869396	77.739	148.6997
3266.235607	77.734	148.1865
3266.601818	77.717	147.8042
3266.968029	77.717	147.4893
3267.334240	77.725	147.0869
3267.700451	77.722	146.6587
3268.066662	77.718	146.2788
3268.432873	77.718	145.9150
3268.799084	77.723	145.5244
3269.165295	77.723	145.0986
3269.531506	77.716	144.7012
3269.897717	77.713	144.3716
3270.263928	77.723	144.0166
3270.630139	77.729	143.5864
3270.996350	77.726	143.1772
3271.362561	77.729	142.8027
3271.728772	77.733	142.3730
3272.094983	77.724	141.9531
3272.461194	77.719	141.6367
3272.827405	77.730	141.2969
3273.193616	77.737	140.8618
3273.559827	77.734	140.4561
3273.926038	77.737	140.0830
3274.292248	77.739	139.6738
3274.658459	77.739	139.2920
3275.024670	77.746	138.9038
3275.390881	77.747	138.4326
3275.757092	77.733	138.0273
3276.123303	77.730	137.7280
3276.489514	77.740	137.3535
3276.855725	77.739	136.9268
3277.221936	77.735	136.5737
3277.588147	77.741	136.2231
3277.954358	77.748	135.8164
3278.320569	77.750	135.4048
3278.686780	77.752	134.9912
3279.052991	77.750	134.5635
3279.419202	77.742	134.1602
3279.785413	77.734	133.8330
3280.151624	77.742	133.5449
3280.517835	77.762	133.1377
3280.884046	77.764	132.6201
3281.250257	77.749	132.2080
3281.616468	77.748	131.8818
3281.982679	77.753	131.4712
3282.348890	77.745	131.0762
3282.715101	77.745	130.7700
3283.081312	77.759	130.3877
3283.447523	77.762	129.9287
3283.813734	77.758	129.5205
3284.179945	77.756	129.1250
3284.546156	77.751	128.7422
3284.912367	77.752	128.4199
3285.278578	77.766	128.0361
3285.644788	77.769	127.5659
3286.010999	77.763	127.1572
3286.377210	77.764	126.7593
3286.743421	77.757	126.3174
3287.109632	77.743	125.9990
3287.475843	77.755	125.7305
3287.842054	77.773	125.2710
3288.208265	77.761	124.7939
3288.574476	77.751	124.5039
3288.940687	77.766	124.1807
3289.306898	77.776	123.7373
3289.673109	77.777	123.3276
3290.039320	77.783	122.8940
3290.405531	77.774	122.4170
3290.771742	77.756	122.0894
3291.137953	77.763	121.8281
3291.504164	77.780	121.4033
3291.870375	77.773	120.9253
3292.236586	77.759	120.5928
3292.602797	77.765	120.3213
3292.969008	77.784	119.9453
3293.335219	77.792	119.4629
3293.701430	77.784	119.0059
3294.067641	77.776	118.6299
3294.433852	77.774	118.2568
3294.800063	77.768	117.8848
3295.166274	77.767	117.5737
3295.532485	77.778	117.2236
3295.898696	77.784	116.7783
3296.264907	77.776	116.3867
3296.631117	77.780	116.0620
3296.997328	77.791	115.6475
3297.363539	77.787	115.2002
3297.729750	77.783	114.8506
3298.095961	77.792	114.4746
3298.462172	77.792	113.9951
3298.828383	77.775	113.6118
3299.194594	77.775	113.3457
3299.560805	77.792	112.9585
3299.927016	77.789	112.4751
3300.293227	77.773	112.1309
3300.659438	77.777	111.8633
3301.025649	77.792	111.4829
3301.391860	77.793	111.0557
3301.758071	77.793	110.6865
3302.124282	77.799	110.3145
3302.490493	77.804	109.9023
3302.856704	77.806	109.4790
3303.222915	77.802	109.0527
3303.589126	77.794	108.6641
3303.955337	77.790	108.3398
3304.321548	77.799	107.9941
3304.687759	77.805	107.5605
3305.053970	77.797	107.1309
3305.420181	77.789	106.8145
3305.786392	77.799	106.5146
3306.152603	77.814	106.0757
3306.518814	77.806	105.6089
3306.885025	77.796	105.3047
3307.251236	77.812	105.0112
3307.617447	77.831	104.5195
3307.983657	77.820	104.0039
3308.349868	77.802	103.6709
3308.716079	77.808	103.3828
3309.082290	77.820	102.9912
3309.448501	77.824	102.5596
3309.814712	77.823	102.1406
3310.180923	77.820	101.7236
3310.547134	77.813	101.3379
3310.913345	77.809	100.9932
3311.279556	77.812	100.6294
3311.645767	77.811	100.2461
3312.011978	77.810	99.9023
3312.378189	77.818	99.5420
3312.744400	77.822	99.0947
3313.110611	77.810	98.6982
3313.476822	77.809	98.4297
3313.843033	77.831	98.0820
3314.209244	77.842	97.5732
3314.575455	77.832	97.1172
3314.941666	77.828	96.7666
3315.307877	77.835	96.3696
3315.674088	77.833	95.9297
3316.040299	77.824	95.5439
3316.406510	77.820	95.2153
3316.772721	77.825	94.8940
3317.138932	77.836	94.5322
3317.505143	77.845	94.1318
3317.871354	77.852	93.7207
3318.237565	77.856	93.2773
3318.603776	77.848	92.8506
3318.969986	77.840	92.5337
3319.336197	77.851	92.2183
3319.702408	77.861	91.7896
3320.068619	77.855	91.3818
3320.434830	77.855	91.0557
3320.801041	77.865	90.6768
3321.167252	77.866	90.2515
3321.533463	77.862	89.8730
3321.899674	77.863	89.5098
3322.265885	77.863	89.1401
3322.632096	77.867	88.7705
3322.998307	77.870	88.3564
3323.364518	77.863	87.9478
3323.730729	77.858	87.6299
3324.096940	77.870	87.2910
3324.463151	77.879	86.8311
3324.829362	77.871	86.3843
3325.195573	77.865	86.0303
3325.561784	77.870	85.6577
3325.927995	77.870	85.2393
3326.294206	77.866	84.8516
3326.660417	77.866	84.4922
3327.026628	77.870	84.1328
3327.392839	77.879	83.7402
3327.759050	77.883	83.3047
3328.125261	77.879	82.9209
3328.491472	77.888	82.5840
3328.857683	77.905	82.1157
3329.223894	77.896	81.5952
3329.590105	77.878	81.2686
3329.956316	77.888	80.9805
3330.322526	77.897	80.5264
3330.688737	77.883	80.1455
3331.054948	77.888	79.9243
3331.421159	77.919	79.5342
3331.787370	77.922	78.9824
3332.153581	77.903	78.6035
3332.519792	77.907	78.3320
3332.886003	77.920	77.9302
3333.252214	77.916	77.5059
3333.618425	77.913	77.1768
3333.984636	77.920	76.8286
3334.350847	77.923	76.4375
3334.717058	77.924	76.0684
3335.083269	77.927	75.6963
3335.449480	77.927	75.3281
3335.815691	77.932	74.9844
3336.181902	77.942	74.5850
3336.548113	77.940	74.1416
3336.914324	77.931	73.7905
3337.280535	77.937	73.4893
3337.646746	77.952	73.0811
3338.012957	77.951	72.6201
3338.379168	77.944	72.2446
3338.745379	77.947	71.9023
3339.111590	77.953	71.5039
3339.477801	77.953	71.1011
3339.844012	77.952	70.7393
3340.210223	77.958	70.3818
3340.576434	77.966	69.9927
3340.942645	77.970	69.5718
3341.308856	77.969	69.1738
3341.675066	77.972	68.8193
3342.041277	77.984	68.4170
3342.407488	77.985	67.9561
3342.773699	77.978	67.5557
3343.139910	77.977	67.2051
3343.506121	77.980	66.8125
3343.872332	77.975	66.4326
3344.238543	77.974	66.1270
3344.604754	77.988	65.7959
3344.970965	78.002	65.3516
3345.337176	77.997	64.8794
3345.703387	77.984	64.5098
3346.069598	77.981	64.2227
3346.435809	77.990	63.9058
3346.802020	78.001	63.5439
3347.168231	78.013	63.1621
3347.534442	78.025	62.7158
3347.900653	78.023	62.2363
3348.266864	78.012	61.8384
3348.633075	78.010	61.5117
3348.999286	78.017	61.1504
3349.365497	78.022	60.7305
3349.731708	78.018	60.3115
3350.097919	78.009	59.9639
3350.464130	78.011	59.6812
3350.830341	78.027	59.3574
3351.196552	78.043	58.9341
3351.562763	78.048	58.4863
3351.928974	78.050	58.0640
3352.295185	78.049	57.6406
3352.661395	78.041	57.2588
3353.027606	78.041	56.9482
3353.393817	78.055	56.5898
3353.760028	78.059	56.1304
3354.126239	78.046	55.7510
3354.492450	78.046	55.5068
3354.858661	78.069	55.1782
3355.224872	78.082	54.7031
3355.591083	78.076	54.2832
3355.957294	78.078	53.9414
3356.323505	78.086	53.5449
3356.689716	78.086	53.1450
3357.055927	78.089	52.7988
3357.422138	78.100	52.4023
3357.788349	78.102	51.9551
3358.154560	78.095	51.5732
3358.520771	78.098	51.2432
3358.886982	78.108	50.8701
3359.253193	78.115	50.4404
3359.619404	78.114	50.0156
3359.985615	78.111	49.6367
3360.351826	78.112	49.2690
3360.718037	78.113	48.9028
3361.084248	78.117	48.5674
3361.450459	78.129	48.1997
3361.816670	78.136	47.7544
3362.182881	78.128	47.3506
3362.549092	78.125	47.0557
3362.915303	78.140	46.7524
3363.281514	78.158	46.3418
3363.647725	78.163	45.8760
3364.013935	78.158	45.4717
3364.380146	78.159	45.1445
3364.746357	78.171	44.7773
3365.112568	78.178	44.3325
3365.478779	78.173	43.9180
3365.844990	78.170	43.5693
3366.211201	78.173	43.2246
3366.577412	78.179	42.8711
3366.943623	78.190	42.5005
3367.309834	78.200	42.0791
3367.676045	78.203	41.6445
3368.042256	78.204	41.2339
3368.408467	78.206	40.8037
3368.774678	78.200	40.3701
3369.140889	78.189	40.0205
3369.507100	78.191	39.7295
3369.873311	78.204	39.3760
3370.239522	78.210	38.9502
3370.605733	78.205	38.5835
3370.971944	78.214	38.2939
3371.338155	78.240	37.8921
3371.704366	78.246	37.3530
3372.070577	78.229	36.9409
3372.436788	78.232	36.6704
3372.802999	78.252	36.2656
3373.169210	78.251	35.7681
3373.535421	78.239	35.4121
3373.901632	78.245	35.1064
3374.267843	78.255	34.7158
3374.634054	78.258	34.3315
3375.000264	78.268	33.9531
3375.366475	78.274	33.4990
3375.732686	78.264	33.0771
3376.098897	78.258	32.7842
3376.465108	78.274	32.4775
3376.831319	78.289	32.0361
3377.197530	78.285	31.5850
3377.563741	78.280	31.2520
3377.929952	78.291	30.9307
3378.296163	78.303	30.5273
3378.662374	78.307	30.1396
3379.028585	78.318	29.7803
3379.394796	78.333	29.3296
3379.761007	78.330	28.8535
3380.127218	78.322	28.5117
3380.493429	78.334	28.2158
3380.859640	78.355	27.7866
3381.225851	78.358	27.2744
3381.592062	78.344	26.8545
3381.958273	78.337	26.5620
3382.324484	78.349	26.2729
3382.690695	78.366	25.8818
3383.056906	78.371	25.4355
3383.423117	78.367	25.0527
3383.789328	78.372	24.7197
3384.155539	78.383	24.3311
3384.521750	78.385	23.9082
3384.887961	78.383	23.5410
3385.254172	78.390	23.1855
3385.620383	78.395	22.7900
3385.986594	78.398	22.4209
3386.352804	78.411	22.0400
3386.719015	78.418	21.5527
3387.085226	78.404	21.1113
3387.451437	78.397	20.8398
3387.817648	78.417	20.5078
3388.183859	78.426	20.0044
3388.550070	78.410	19.5938
3388.916281	78.408	19.3481
3389.282492	78.430	19.0371
3389.648703	78.449	18.5903
3390.014914	78.455	18.1196
3390.381125	78.453	17.7017
3390.747336	78.456	17.3467
3391.113547	78.471	16.9502
3391.479758	78.477	16.4609
3391.845969	78.466	16.0400
3392.212180	78.465	15.7334
3392.578391	78.479	15.3691
3392.944602	78.485	14.9424
3393.310813	78.487	14.5674
3393.677024	78.497	14.1802
3394.043235	78.501	13.7461
3394.409446	78.499	13.3701
3394.775657	78.507	13.0283
3395.141868	78.519	12.6240
3395.508079	78.525	12.2090
3395.874290	78.531	11.8145
3396.240501	78.537	11.3838
3396.606712	78.534	10.9873
3396.972923	78.541	10.6562
3397.339134	78.556	10.2324
3397.705344	78.553	9.7588
3398.071555	78.544	9.4463
3398.437766	78.561	9.1533
3398.803977	78.579	8.6846
3399.170188	78.573	8.2363
3399.536399	78.574	7.9131
3399.902610	78.589	7.5181
3400.268821	78.589	7.0532
3400.635032	78.579	6.6846
3401.001243	78.580	6.4014
3401.367454	78.596	6.0928
3401.733665	78.616	5.6777
3402.099876	78.622	5.1943
3402.466087	78.617	4.7881
3402.832298	78.622	4.4258
3403.198509	78.628	4.0000
3403.564720	78.624	3.6172
3403.930931	78.635	3.2725
3404.297142	78.646	2.7935
3404.663353	78.632	2.3418
3405.029564	78.627	2.0928
3405.395775	78.655	1.7520
3405.761986	78.666	1.2002
3406.128197	78.648	0.7715
3406.494408	78.649	0.4980
3406.860619	78.667	0.1191
3407.226830	78.672	-0.3130
3407.593041	78.676	-0.6777
3407.959252	78.688	-1.0698
3408.325463	78.696	-1.4883
3408.691673	78.704	-1.8823
3409.057884	78.715	-2.3242
3409.424095	78.713	-2.7700
3409.790306	78.713	-3.1230
3410.156517	78.725	-3.4995
3410.522728	78.731	-3.9512
3410.888939	78.728	-4.3447
3411.255150	78.734	-4.7002
3411.621361	78.741	-5.1133
3411.987572	78.739	-5.4971
3412.353783	78.746	-5.8081
3412.719994	78.767	-6.1826
3413.086205	78.782	-6.6729
3413.452416	78.779	-7.1533
3413.818627	78.773	-7.5347
3414.184838	78.779	-7.8906
3414.551049	78.788	-8.3076
3414.917260	78.788	-8.7256
3415.283471	78.790	-9.0918
3415.649682	78.797	-9.4619
3416.015893	78.806	-9.8452
3416.382104	78.817	-10.2383
3416.748315	78.827	-10.6792
3417.114526	78.827	-11.0869
3417.480737	78.836	-11.4355
3417.846948	78.854	-11.8867
3418.213159	78.850	-12.3809
3418.579370	78.842	-12.7051
3418.945581	78.860	-13.0220
3419.311792	78.876	-13.5146
3419.678003	78.868	-13.9736
3420.044213	78.866	-14.3066
3420.410424	78.876	-14.6777
3420.776635	78.880	-15.0791
3421.142846	78.886	-15.4580
3421.509057	78.893	-15.8740
3421.875268	78.890	-16.2686
3422.241479	78.895	-16.5923
3422.607690	78.911	-16.9756
3422.973901	78.919	-17.4248
3423.340112	78.921	-17.8271
3423.706323	78.929	-18.2354
3424.072534	78.931	-18.6758
3424.438745	78.928	-19.0508
3424.804956	78.938	-19.4062
3425.171167	78.949	-19.8350
3425.537378	78.951	-20.2529
3425.903589	78.958	-20.6387
3426.269800	78.968	-21.0762
3426.636011	78.967	-21.5166
3427.002222	78.966	-21.8867
3427.368433	78.974	-22.2412
3427.734644	78.986	-22.6348
3428.100855	78.994	-23.0669
3428.467066	78.995	-23.4844
3428.833277	78.998	-23.8286
3429.199488	79.015	-24.1846
3429.565699	79.032	-24.6558
3429.931910	79.030	-25.1348
3430.298121	79.026	-25.4961
3430.664332	79.037	-25.8271
3431.030542	79.054	-26.2461
3431.396753	79.062	-26.7090
3431.762964	79.065	-27.1406
3432.129175	79.071	-27.5840
3432.495386	79.067	-28.0518
3432.861597	79.055	-28.4307
3433.227808	79.056	-28.7305
3433.594019	79.069	-29.0879
3433.960230	79.077	-29.4893
3434.326441	79.087	-29.8896
3434.692652	79.094	-30.3462
3435.058863	79.087	-30.7783
3435.425074	79.085	-31.0830
3435.791285	79.104	-31.4224
3436.157496	79.118	-31.8960
3436.523707	79.116	-32.3340
3436.889918	79.121	-32.7002
3437.256129	79.132	-33.1318
3437.622340	79.132	-33.5786
3437.988551	79.132	-33.9487
3438.354762	79.144	-34.3384
3438.720973	79.153	-34.7881
3439.087184	79.156	-35.2212
3439.453395	79.162	-35.6533
3439.819606	79.163	-36.1025
3440.185817	79.161	-36.5088
3440.552028	79.164	-36.8916
3440.918239	79.170	-37.2861
3441.284450	79.177	-37.6782
3441.650661	79.187	-38.1006
3442.016872	79.191	-38.5283
3442.383082	79.198	-38.9131
3442.749293	79.212	-39.3594
3443.115504	79.211	-39.8589
3443.481715	79.202	-40.2207
3443.847926	79.217	-40.5371
3444.214137	79.237	-41.0186
3444.580348	79.235	-41.5283
3444.946559	79.231	-41.9375
3445.312770	79.233	-42.3667
3445.678981	79.225	-42.7842
3446.045192	79.221	-43.0850
3446.411403	79.239	-43.4131
3446.777614	79.256	-43.8750
3447.143825	79.259	-44.3643
3447.510036	79.253	-44.8057
3447.876247	79.247	-45.1855
3448.242458	79.250	-45.5234
3448.608669	79.261	-45.9155
3448.974880	79.265	-46.3320
3449.341091	79.272	-46.7002
3449.707302	79.288	-47.1523
3450.073513	79.284	-47.6641
3450.439724	79.271	-47.9980
3450.805935	79.289	-48.2974
3451.172146	79.309	-48.7959
3451.538357	79.303	-49.2666
3451.904568	79.307	-49.6172
3452.270779	79.322	-50.0830
3452.636990	79.315	-50.5576
3453.003201	79.314	-50.8809
3453.369411	79.333	-51.2876
3453.735622	79.335	-51.8076
3454.101833	79.324	-52.1875
3454.468044	79.334	-52.5078
3454.834255	79.349	-52.9395
3455.200466	79.354	-53.3804
3455.566677	79.362	-53.8076
3455.932888	79.365	-54.2896
3456.299099	79.356	-54.7070
3456.665310	79.360	-55.0371
3457.031521	79.376	-55.4590
3457.397732	79.377	-55.9341
3457.763943	79.375	-56.3076
3458.130154	79.391	-56.7070
3458.496365	79.397	-57.2324
3458.862576	79.383	-57.6768
3459.228787	79.382	-57.9907
3459.594998	79.398	-58.3857
3459.961209	79.402	-58.8701
3460.327420	79.398	-59.2842
3460.693631	79.402	-59.6562
3461.059842	79.410	-60.0723
3461.426053	79.415	-60.5059
3461.792264	79.417	-60.9365
3462.158475	79.414	-61.3457
3462.524686	79.414	-61.6743
3462.890897	79.434	-62.0029
3463.257108	79.459	-62.4844
3463.623319	79.463	-63.0278
3463.989530	79.457	-63.4658
3464.355741	79.461	-63.8774
3464.721951	79.462	-64.3364
3465.088162	79.456	-64.7275
3465.454373	79.463	-65.0732
3465.820584	79.476	-65.5078
3466.186795	79.478	-65.9707
3466.553006	79.478	-66.3828
3466.919217	79.482	-66.7993
3467.285428	79.481	-67.2158
3467.651639	79.483	-67.5977
3468.017850	79.489	-67.9805
3468.384061	79.497	-68.3740
3468.750272	79.509	-68.7920
3469.116483	79.517	-69.2568
3469.482694	79.518	-69.6992
3469.848905	79.522	-70.1025
3470.215116	79.532	-70.5488
3470.581327	79.534	-71.0156
3470.947538	79.534	-71.4482
3471.313749	79.536	-71.8896
3471.679960	79.533	-72.3252
3472.046171	79.532	-72.7095
3472.412382	79.539	-73.1191
3472.778593	79.540	-73.5708
3473.144804	79.536	-73.9541
3473.511015	79.544	-74.3174
3473.877226	79.554	-74.7744
3474.243437	79.549	-75.2090
3474.609648	79.552	-75.5547
3474.975859	79.566	-75.9766
3475.342070	79.566	-76.4497
3475.708281	79.564	-76.8125
3476.074491	79.580	-77.1982
3476.440702	79.588	-77.7031
3476.806913	79.580	-78.1270
3477.173124	79.587	-78.4697
3477.539335	79.605	-78.9136
3477.905546	79.610	-79.4043
3478.271757	79.612	-79.8608
3478.637968	79.613	-80.3301
3479.004179	79.609	-80.7705
3479.370390	79.610	-81.1758
3479.736601	79.613	-81.6191
3480.102812	79.608	-82.0386
3480.469023	79.611	-82.4014
3480.835234	79.622	-82.8223
3481.201445	79.624	-83.2939
3481.567656	79.619	-83.7051
3481.933867	79.621	-84.0625
3482.300078	79.634	-84.4429
3482.666289	79.647	-84.9019
3483.032500	79.648	-85.4067
3483.398711	79.638	-85.8193
3483.764922	79.642	-86.1455
3484.131133	79.659	-86.5684
3484.497344	79.662	-87.0723
3484.863555	79.653	-87.4727
3485.229766	79.662	-87.8223
3485.595977	79.675	-88.2847
3485.962188	79.670	-88.7651
3486.328399	79.664	-89.1182
3486.694610	79.678	-89.4722
3487.060820	79.692	-89.9658
3487.427031	79.685	-90.4580
3487.793242	79.678	-90.8174
3488.159453	79.688	-91.1738
3488.525664	79.698	-91.6279
3488.891875	79.698	-92.0723
3489.258086	79.700	-92.4609
3489.624297	79.708	-92.8701
3489.990508	79.715	-93.3037
3490.356719	79.722	-93.7451
3490.722930	79.725	-94.2139
3491.089141	79.721	-94.6514
3491.455352	79.722	-95.0254
3491.821563	79.734	-95.4365
3492.187774	79.740	-95.9023
3492.553985	79.741	-96.3389
3492.920196	79.747	-96.7715
3493.286407	79.750	-97.2412
3493.652618	79.747	-97.6748
3494.018829	79.750	-98.0781
3494.385040	79.755	-98.5254
3494.751251	79.754	-98.9741
3495.117462	79.753	-99.3892
3495.483673	79.753	-99.8223
3495.849884	79.747	-100.2119
3496.216095	79.755	-100.5381
3496.582306	79.776	-100.9863
3496.948517	79.774	-101.5298
3497.314728	79.760	-101.9062
3497.680939	79.774	-102.2280
3498.047150	79.792	-102.7461
3498.413360	79.779	-103.2588
3498.779571	79.772	-103.5928
3499.145782	79.787	-103.9839
3499.511993	79.791	-104.4741
3499.878204	79.787	-104.8799
3500.244415	79.798	-105.2930
3500.610626	79.801	-105.7964
3500.976837	79.791	-106.2178
3501.343048	79.796	-106.5791
3501.709259	79.805	-107.0410
3502.075470	79.800	-107.4976
3502.441681	79.800	-107.8623
3502.807892	79.811	-108.2827
3503.174103	79.811	-108.7559
3503.540314	79.806	-109.1216
3503.906525	79.824	-109.4717
3504.272736	79.846	-110.0049
3504.638947	79.836	-110.5879
3505.005158	79.815	-110.9600
3505.371369	79.823	-111.2480
3505.737580	79.843	-111.7119
3506.103791	79.839	-112.2188
3506.470002	79.834	-112.5850
3506.836213	79.849	-112.9946
3507.202424	79.851	-113.5181
3507.568635	79.837	-113.9297
3507.934846	79.843	-114.2607
3508.301057	79.856	-114.7183
3508.667268	79.851	-115.2080
3509.033479	79.843	-115.5801
3509.399689	79.851	-115.9316
3509.765900	79.863	-116.3721
3510.132111	79.863	-116.8369
3510.498322	79.861	-117.2334
3510.864533	79.871	-117.6201
3511.230744	79.883	-118.1074
3511.596955	79.878	-118.6162
3511.963166	79.869	-119.0127
3512.329377	79.874	-119.3794
3512.695588	79.884	-119.8262
3513.061799	79.884	-120.2969
3513.428010	79.882	-120.7192
3513.794221	79.887	-121.1211
3514.160432	79.897	-121.5752
3514.526643	79.900	-122.0996
3514.892854	79.887	-122.5820
3515.259065	79.878	-122.9561
3515.625276	79.884	-123.3340
3515.991487	79.890	-123.7905
3516.357698	79.885	-124.2422
3516.723909	79.881	-124.6211
3517.090120	79.890	-124.9907
3517.456331	79.903	-125.4473
3517.822542	79.903	-125.9385
3518.188753	79.899	-126.3418
3518.554964	79.911	-126.7368
3518.921175	79.921	-127.2495
3519.287386	79.911	-127.7354
3519.653597	79.908	-128.0898
3520.019808	79.922	-128.4980
3520.386019	79.927	-129.0137
3520.752229	79.919	-129.4609
3521.118440	79.919	-129.8486
3521.484651	79.922	-130.2773
3521.850862	79.920	-130.6836
3522.217073	79.927	-131.0630
3522.583284	79.935	-131.5137
3522.949495	79.933	-131.9561
3523.315706	79.937	-132.3296
3523.681917	79.950	-132.7832
3524.048128	79.948	-133.3071
3524.414339	79.934	-133.7158
3524.780550	79.936	-134.0684
3525.146761	79.942	-134.5044
3525.512972	79.937	-134.9272
3525.879183	79.940	-135.2842
3526.245394	79.953	-135.7114
3526.611605	79.956	-136.2246
3526.977816	79.944	-136.6758
3527.344027	79.939	-137.0234
3527.710238	79.950	-137.3936
3528.076449	79.963	-137.8682
3528.442660	79.963	-138.3691
3528.808871	79.959	-138.8242
3529.175082	79.957	-139.2744
3529.541293	79.951	-139.7158
3529.907504	79.947	-140.0977
3530.273715	79.955	-140.4951
3530.639926	79.960	-140.9697
3531.006137	79.954	-141.4141
3531.372348	79.956	-141.7979
3531.738559	79.966	-142.2480
3532.104769	79.964	-142.7437
3532.470980	79.956	-143.1431
3532.837191	79.963	-143.5225
3533.203402	79.971	-143.9976
3533.569613	79.967	-144.4590
3533.935824	79.967	-144.8701
3534.302035	79.969	-145.3232
3534.668246	79.963	-145.7461
3535.034457	79.967	-146.1221
3535.400668	79.975	-146.5908
3535.766879	79.967	-147.0762
3536.133090	79.958	-147.4443
3536.499301	79.965	-147.8291
3536.865512	79.966	-148.2847
3537.231723	79.959	-148.6729
3537.597934	79.965	-149.0195
3537.964145	79.980	-149.4502
3538.330356	79.986	-149.9443
3538.696567	79.983	-150.4136
3539.062778	79.981	-150.8379
3539.428989	79.984	-151.2607
3539.795200	79.987	-151.7173
3540.161411	79.986	-152.1855
3540.527622	79.982	-152.6299
3540.893833	79.980	-153.0396
3541.260044	79.985	-153.4717
3541.626255	79.985	-153.9600
3541.992466	79.975	-154.3955
3542.358677	79.975	-154.7642
3542.724888	79.983	-155.2197
3543.091098	79.974	-155.7002
3543.457309	79.964	-156.0449
3543.823520	79.976	-156.3945
3544.189731	79.986	-156.8594
3544.555942	79.985	-157.3018
3544.922153	79.990	-157.7109
3545.288364	79.997	-158.1816
3545.654575	79.994	-158.6685
3546.020786	79.986	-159.1006
3546.386997	79.982	-159.4746
3546.753208	79.990	-159.8584
3547.119419	79.999	-160.3438
3547.485630	79.989	-160.8428
3547.851841	79.975	-161.2134
3548.218052	79.979	-161.5527
3548.584263	79.987	-161.9609
3548.950474	79.994	-162.3940
3549.316685	79.999	-162.8716
3549.682896	79.991	-163.3540
3550.049107	79.981	-163.7158
3550.415318	79.994	-164.0825
3550.781529	80.003	-164.5898
3551.147740	79.994	-165.0596
3551.513951	79.995	-165.4551
3551.880162	80.000	-165.9438
3552.246373	79.987	-166.4106
3552.612584	79.983	-166.7583
3552.978795	79.994	-167.1846
3553.345006	79.990	-167.6694
3553.711217	79.984	-168.0366
3554.077428	79.998	-168.4185
3554.443638	80.009	-168.9434
3554.809849	79.999	-169.4668
3555.176060	79.982	-169.8726
3555.542271	79.978	-170.1846
3555.908482	79.995	-170.5356
3556.274693	80.011	-171.0522
3556.640904	80.000	-171.5996
3557.007115	79.981	-171.9844
3557.373326	79.980	-172.2856
3557.739537	79.994	-172.6455
3558.105748	80.011	-173.1069
3558.471959	80.015	-173.6592
3558.838170	79.999	-174.1553
3559.204381	79.989	-174.5176
3559.570592	79.997	-174.9258
3559.936803	79.995	-175.4346
3560.303014	79.978	-175.8652
3560.669225	79.973	-176.1963
3561.035436	79.984	-176.5815
3561.401647	79.992	-177.0620
3561.767858	79.989	-177.5576
3562.134069	79.980	-178.0107
3562.500280	79.971	-178.4189
3562.866491	79.967	-178.7842
3563.232702	79.974	-179.1431
3563.598913	79.988	-179.5762
3563.965124	79.995	179.9199
3564.331335	79.992	179.4365
3564.697546	79.987	178.9854
3565.063757	79.980	178.5674
3565.429967	79.979	178.2114
3565.796178	79.993	177.8149
3566.162389	80.001	177.3008
3566.528600	79.990	176.8223
3566.894811	79.984	176.4541
3567.261022	79.990	176.0420
3567.627233	79.987	175.5752
3567.993444	79.978	175.1885
3568.359655	79.984	174.8164
3568.725866	79.989	174.3296
3569.092077	79.973	173.8628
3569.458288	79.959	173.5537
3569.824499	79.971	173.2275
3570.190710	79.981	172.7529
3570.556921	79.973	172.3057
3570.923132	79.975	171.9346
3571.289343	79.985	171.4590
3571.655554	79.974	170.9424
3572.021765	79.958	170.5728
3572.387976	79.964	170.2383
3572.754187	79.976	169.7900
3573.120398	79.978	169.2920
3573.486609	79.972	168.8018
3573.852820	79.958	168.3667
3574.219031	79.954	168.0122
3574.585242	79.964	167.5991
3574.951453	79.963	167.0967
3575.317664	79.953	166.6782
3575.683875	79.957	166.3018
3576.050086	79.965	165.8096
3576.416297	79.953	165.3066
3576.782507	79.939	164.9189
3577.148718	79.937	164.5718
3577.514929	79.944	164.1870
3577.881140	79.952	163.7402
3578.247351	79.952	163.2510
3578.613562	79.943	162.7930
3578.979773	79.936	162.3721
3579.345984	79.929	161.9668
3579.712195	79.925	161.5977
3580.078406	79.932	161.2031
3580.444617	79.935	160.7275
3580.810828	79.927	160.2681
3581.177039	79.919	159.8657
3581.543250	79.915	159.4639
3581.909461	79.911	159.0771
3582.275672	79.913	158.7051
3582.641883	79.919	158.2979
3583.008094	79.923	157.8643
3583.374305	79.927	157.4116
3583.740516	79.927	156.9253
3584.106727	79.917	156.4551
3584.472938	79.905	156.0439
3584.839149	79.897	155.6641
3585.205360	79.893	155.3037
3585.571571	79.896	154.9531
3585.937782	79.906	154.5625
3586.303993	79.913	154.0898
3586.670204	79.907	153.6035
3587.036415	79.896	153.2109
3587.402626	79.900	152.8477
3587.768836	79.908	152.3799
3588.135047	79.899	151.8916
3588.501258	79.887	151.5098
3588.867469	79.890	151.1372
3589.233680	79.894	150.6821
3589.599891	79.889	150.2124
3589.966102	79.880	149.7778
3590.332313	79.872	149.3789
3590.698524	79.870	148.9980
3591.064735	79.873	148.5732
3591.430946	79.868	148.1250
3591.797157	79.863	147.7275
3592.163368	79.865	147.3218
3592.529579	79.865	146.8638
3592.895790	79.858	146.4351
3593.262001	79.857	146.0332
3593.628212	79.858	145.5791
3593.994423	79.848	145.1250
3594.360634	79.838	144.7422
3594.726845	79.836	144.3916
3595.093056	79.842	144.0146
3595.459267	79.852	143.5752
3595.825478	79.854	143.0718
3596.191689	79.842	142.5962
3596.557900	79.831	142.2139
3596.924111	79.832	141.8369
3597.290322	79.833	141.3975
3597.656533	79.826	140.9688
3598.022744	79.823	140.5752
3598.388955	79.823	140.1641
3598.755166	79.820	139.7480
3599.121376	79.819	139.3486
3599.487587	79.821	138.9209
3599.853798	79.817	138.4824
3600.220009	79.813	138.0889
3600.586220	79.817	137.6904
3600.952431	79.823	137.2271
3601.318642	79.818	136.7280
3601.684853	79.803	136.2773
3602.051064	79.791	135.9209
3602.417275	79.796	135.5488
3602.783486	79.796	135.0625
3603.149697	79.778	134.6230
3603.515908	79.769	134.3232
3603.882119	79.781	133.9536
3604.248330	79.782	133.4731
3604.614541	79.774	133.0571
3604.980752	79.777	132.6504
3605.346963	79.774	132.1777
3605.713174	79.764	131.7588
3606.079385	79.764	131.3691
3606.445596	79.764	130.8896
3606.811807	79.748	130.4268
3607.178018	79.733	130.0811
3607.544229	79.735	129.7524
3607.910440	79.743	129.3481
3608.276651	79.745	128.8975
3608.642862	79.742	128.4609
3609.009073	79.742	128.0244
3609.375284	79.737	127.5576
3609.741495	79.724	127.1426
3610.107706	79.720	126.8018
3610.473916	79.728	126.3926
3610.840127	79.725	125.9136
3611.206338	79.715	125.5083
3611.572549	79.714	125.1338
3611.938760	79.714	124.7041
3612.304971	79.707	124.3076
3612.671182	79.710	123.9453
3613.037393	79.718	123.5039
3613.403604	79.715	123.0327
3613.769815	79.710	122.6094
3614.136026	79.710	122.1582
3614.502237	79.698	121.6846
3614.868448	79.681	121.3086
3615.234659	79.678	120.9834
3615.600870	79.682	120.5889
3615.967081	79.680	120.1777
3616.333292	79.682	119.7915
3616.699503	79.687	119.3555
3617.065714	79.685	118.8823
3617.431925	79.676	118.4438
3617.798136	79.667	118.0391
3618.164347	79.662	117.6680
3618.530558	79.667	117.2969
3618.896769	79.674	116.8340
3619.262980	79.667	116.3267
3619.629191	79.649	115.9048
3619.995402	79.638	115.5698
3620.361613	79.639	115.2490
3620.727824	79.651	114.8643
3621.094035	79.658	114.3848
3621.460245	79.650	113.9150
3621.826456	79.642	113.5283
3622.192667	79.645	113.1426
3622.558878	79.650	112.7046
3622.925089	79.650	112.2085
3623.291300	79.633	111.7036
3623.657511	79.605	111.3608
3624.023722	79.604	111.1494
3624.389933	79.629	110.7715
3624.756144	79.633	110.2363
3625.122355	79.619	109.8125
3625.488566	79.620	109.4404
3625.854777	79.620	108.9756
3626.220988	79.607	108.5615
3626.587199	79.607	108.2109
3626.953410	79.612	107.7471
3627.319621	79.595	107.2861
3627.685832	79.584	106.9805
3628.052043	79.596	106.6167
3628.418254	79.595	106.1069
3628.784465	79.577	105.7051
3629.150676	79.578	105.3984
3629.516887	79.590	104.9424
3629.883098	79.578	104.4336
3630.249309	79.562	104.0703
3630.615520	79.566	103.7197
3630.981731	79.568	103.2583
3631.347942	79.558	102.8232
3631.714153	79.554	102.4507
3632.080364	79.558	102.0098
3632.446575	79.547	101.5361
3632.812785	79.532	101.1797
3633.178996	79.537	100.8516
3633.545207	79.546	100.3936
3633.911418	79.536	99.9287
3634.277629	79.530	99.5767
3634.643840	79.540	99.1646
3635.010051	79.536	98.6514
3635.376262	79.518	98.2529
3635.742473	79.519	97.9326
3636.108684	79.528	97.4893
3636.474895	79.520	97.0127
3636.841106	79.511	96.6221
3637.207317	79.509	96.2148
3637.573528	79.499	95.7871
3637.939739	79.489	95.4438
3638.305950	79.494	95.0923
3638.672161	79.496	94.6426
3639.038372	79.485	94.2178
3639.404583	79.478	93.8730
3639.770794	79.482	93.5049
3640.137005	79.486	93.0815
3640.503216	79.486	92.6406
3640.869427	79.481	92.1963
3641.235638	79.473	91.7739
3641.601849	79.465	91.3809
3641.968060	79.460	91.0059
3642.334271	79.462	90.6367
3642.700482	79.469	90.2070
3643.066693	79.466	89.7231
3643.432904	79.453	89.3120
3643.799114	79.452	88.9556
3644.165325	79.458	88.5176
3644.531536	79.452	88.0459
3644.897747	79.443	87.6348
3645.263958	79.438	87.2324
3645.630169	79.433	86.8184
3645.996380	79.426	86.4185
3646.362591	79.419	86.0273
3646.728802	79.414	85.6685
3647.095013	79.419	85.3032
3647.461224	79.423	84.8545
3647.827435	79.413	84.4014
3648.193646	79.402	84.0352
3648.559857	79.402	83.6914
3648.926068	79.408	83.2998
3649.292279	79.412	82.8540
3649.658490	79.408	82.3843
3650.024701	79.396	81.9556
3650.390912	79.386	81.5767
3650.757123	79.381	81.2139
3651.123334	79.383	80.8535
3651.489545	79.388	80.4355
3651.855756	79.384	79.9731
3652.221967	79.372	79.5928
3652.588178	79.375	79.2568
3652.954389	79.384	78.8174
3653.320600	79.377	78.3379
3653.686811	79.364	77.9502
3654.053022	79.361	77.6123
3654.419233	79.367	77.2344
3654.785444	79.371	76.7930
3655.151654	79.365	76.3379
3655.517865	79.354	75.9531
3655.884076	79.354	75.6045
3656.250287	79.361	75.1655
3656.616498	79.350	74.6777
3656.982709	79.330	74.3105
3657.348920	79.329	74.0273
3657.715131	79.343	73.6279
3658.081342	79.341	73.1167
3658.447553	79.323	72.6841
3658.813764	79.313	72.3511
3659.179975	79.315	71.9844
3659.546186	79.314	71.5684
3659.912397	79.311	71.1543
3660.278608	79.307	70.7295
3660.644819	79.298	70.3203
3661.011030	79.293	69.9639
3661.377241	79.299	69.5767
3661.743452	79.301	69.0962
3662.109663	79.286	68.6406
3662.475874	79.273	68.2871
3662.842085	79.272	67.9414
3663.208296	79.274	67.5547
3663.574507	79.275	67.1602
3663.940718	79.276	66.7402
3664.306929	79.271	66.3135
3664.673140	79.266	65.9443
3665.039351	79.270	65.5601
3665.405562	79.269	65.1128
3665.771773	79.259	64.7280
3666.137984	79.262	64.4033
3666.504194	79.275	63.9727
3666.870405	79.273	63.4639
3667.236616	79.259	63.0254
3667.602827	79.249	62.6597
3667.969038	79.247	62.2993
3668.335249	79.249	61.9141
3668.701460	79.250	61.4912
3669.067671	79.246	61.0625
3669.433882	79.241	60.6602
3669.800093	79.237	60.2617
3670.166304	79.232	59.8711
3670.532515	79.231	59.4907
3670.898726	79.232	59.0815
3671.264937	79.229	58.6543
3671.631148	79.221	58.2588
3671.997359	79.217	57.8975
3672.363570	79.220	57.5283
3672.729781	79.224	57.1084
3673.095992	79.219	56.6714
3673.462203	79.212	56.2866
3673.828414	79.210	55.9136
3674.194625	79.208	55.5186
3674.560836	79.207	55.1572
3674.927047	79.217	54.7490
3675.293258	79.214	54.2285
3675.659469	79.190	53.8027
3676.025680	79.180	53.5234
3676.391891	79.188	53.1450
3676.758102	79.179	52.6890
3677.124313	79.163	52.3667
3677.490523	79.169	52.0825
3677.856734	79.184	51.6758
3678.222945	79.187	51.1797
3678.589156	79.175	50.6836
3678.955367	79.153	50.3076
3679.321578	79.149	50.0332
3679.687789	79.163	49.6255
3680.054000	79.155	49.1187
3680.420211	79.135	48.7812
3680.786422	79.144	48.4863
3681.152633	79.154	48.0117
3681.518844	79.139	47.5645
3681.885055	79.135	47.2520
3682.251266	79.147	46.8232
3682.617477	79.135	46.3281
3682.983688	79.118	46.0205
3683.349899	79.130	45.7148
3683.716110	79.138	45.2158
3684.082321	79.120	44.7842
3684.448532	79.116	44.4971
3684.814743	79.128	44.0864
3685.180954	79.118	43.6177
3685.547165	79.105	43.3022
3685.913376	79.115	42.9854
3686.279587	79.124	42.5420
3686.645798	79.121	42.0991
3687.012009	79.117	41.6592
3687.378220	79.102	41.2256
3687.744431	79.087	40.9307
3688.110642	79.100	40.6436
3688.476853	79.114	40.1592
3688.843063	79.101	39.6714
3689.209274	79.091	39.3364
3689.575485	79.099	38.9404
3689.941696	79.092	38.4521
3690.307907	79.074	38.0889
3690.674118	79.077	37.7861
3691.040329	79.086	37.3662
3691.406540	79.082	36.9243
3691.772751	79.080	36.5278
3692.138962	79.079	36.0854
3692.505173	79.064	35.6738
3692.871384	79.059	35.3916
3693.237595	79.078	35.0371
3693.603806	79.088	34.4814
3693.970017	79.064	33.9834
3694.336228	79.045	33.6992
3694.702439	79.055	33.3862
3695.068650	79.057	32.9326
3695.434861	79.043	32.5635
3695.801072	79.049	32.2852
3696.167283	79.068	31.8418
3696.533494	79.060	31.3213
3696.899705	79.043	30.9854
3697.265916	79.055	30.6631
3697.632127	79.062	30.1460
3697.998338	79.039	29.6963
3698.364549	79.030	29.4414
3698.730760	79.048	29.0635
3699.096971	79.043	28.5361
3699.463182	79.019	28.1895
3699.829392	79.023	27.9482
3700.195603	79.042	27.5269
3700.561814	79.037	27.0435
3700.928025	79.029	26.6616
3701.294236	79.028	26.2749
3701.660447	79.023	25.8838
3702.026658	79.024	25.5479
3702.392869	79.035	25.1250
3702.759080	79.027	24.6260
3703.125291	79.007	24.2754
3703.491502	79.010	24.0186
3703.857713	79.029	23.6138
3704.223924	79.029	23.0972
3704.590135	79.012	22.6777
3704.956346	79.004	22.3633
3705.322557	79.011	22.0166
3705.688768	79.017	21.5830
3706.054979	79.011	21.1333
3706.421190	78.999	20.7461
3706.787401	78.993	20.4170
3707.153612	78.997	20.0610
3707.519823	78.997	19.6548
3707.886034	78.992	19.2803
3708.252245	78.996	18.9365
3708.618456	79.004	18.5137
3708.984667	79.000	18.0537
3709.350878	78.990	17.6768
3709.717089	78.993	17.3247
3710.083300	78.998	16.9033
3710.449511	78.997	16.4609
3710.815722	78.992	16.0312
3711.181932	78.982	15.6152
3711.548143	78.972	15.2764
3711.914354	78.978	14.9668
3712.280565	78.992	14.5381
3712.646776	78.991	14.0352
3713.012987	78.978	13.6245
3713.379198	78.976	13.2686
3713.745409	78.979	12.8428
3714.111620	78.970	12.4023
3714.477831	78.958	12.0420
3714.844042	78.955	11.7178
3715.210253	78.961	11.3613
3715.576464	78.967	10.9429
3715.942675	78.962	10.4966
3716.308886	78.951	10.1274
3716.675097	78.953	9.7959
3717.041308	78.957	9.3711
3717.407519	78.947	8.9658
3717.773730	78.946	8.6582
3718.139941	78.960	8.2490
3718.506152	78.954	7.7466
3718.872363	78.935	7.3892
3719.238574	78.936	7.0972
3719.604785	78.943	6.7036
3719.970996	78.941	6.3096
3720.337207	78.944	5.9541
3720.703418	78.952	5.5371
3721.069629	78.950	5.0908
3721.435840	78.945	4.6841
3721.802051	78.942	4.2852
3722.168261	78.937	3.8813
3722.534472	78.929	3.5215
3722.900683	78.929	3.2012
3723.266894	78.938	2.8359
3723.633105	78.944	2.3965
3723.999316	78.940	1.9531
3724.365527	78.932	1.5391
3724.731738	78.921	1.1738
3725.097949	78.917	0.8682
3725.464160	78.927	0.5195
3725.830371	78.930	0.0889
3726.196582	78.926	-0.3057
3726.562793	78.930	-0.6924
3726.929004	78.928	-1.1465
3727.295215	78.914	-1.5430
3727.661426	78.911	-1.8647
3728.027637	78.918	-2.2529
3728.393848	78.917	-2.6943
3728.760059	78.910	-3.1240
3729.126270	78.897	-3.5137
3729.492481	78.890	-3.8135
3729.858692	78.903	-4.1455
3730.224903	78.912	-4.6318
3730.591114	78.900	-5.0806
3730.957325	78.896	-5.4282
3731.323536	78.899	-5.8467
3731.689747	78.890	-6.2549
3732.055958	78.891	-6.5762
3732.422169	78.904	-7.0068
3732.788380	78.895	-7.4941
3733.154591	78.882	-7.8306
3733.520801	78.890	-8.1753
3733.887012	78.892	-8.6396
3734.253223	78.877	-9.0273
3734.619434	78.874	-9.3218
3734.985645	78.882	-9.6797
3735.351856	78.884	-10.0879
3735.718067	78.882	-10.4727
3736.084278	78.882	-10.8457
3736.450489	78.882	-11.2344
3736.816700	78.878	-11.6191
3737.182911	78.875	-11.9502
3737.549122	78.885	-12.2930
3737.915333	78.894	-12.7461
3738.281544	78.886	-13.2080
3738.647755	78.877	-13.5703
3739.013966	78.878	-13.9346
3739.380177	78.878	-14.3442
3739.746388	78.875	-14.7432
3740.112599	78.872	-15.1426
3740.478810	78.867	-15.5259
3740.845021	78.868	-15.8857
3741.211232	78.871	-16.2988
3741.577443	78.864	-16.7061
3741.943654	78.864	-17.0352
3742.309865	78.876	-17.4263
3742.676076	78.876	-17.8940
3743.042287	78.869	-18.2817
3743.408498	78.873	-18.6548
3743.774709	78.874	-19.0918
3744.140920	78.868	-19.4648
3744.507131	78.876	-19.8271
3744.873341	78.881	-20.3242
3745.239552	78.860	-20.7578
3745.605763	78.852	-21.0083
3745.971974	78.872	-21.3657
3746.338185	78.872	-21.8940
3746.704396	78.848	-22.2729
3747.070607	78.849	-22.5225
3747.436818	78.865	-22.9258
3747.803029	78.860	-23.3955
3748.169240	78.851	-23.7637
3748.535451	78.851	-24.1523
3748.901662	78.842	-24.5537
3749.267873	78.837	-24.8599
3749.634084	78.850	-25.2388
3750.000295	78.846	-25.7305
3750.366506	78.827	-26.0742
3750.732717	78.834	-26.3242
3751.098928	78.855	-26.7529
3751.465139	78.853	-27.2720
3751.831350	78.839	-27.6719
3752.197561	78.836	-28.0176
3752.563772	78.838	-28.3979
3752.929983	78.839	-28.7881
3753.296194	78.839	-29.1787
3753.662405	78.839	-29.5586
3754.028616	78.843	-29.9268
3754.394827	78.852	-30.3540
3754.761038	78.848	-30.8218
3755.127249	78.836	-31.2095
3755.493460	78.834	-31.5361
3755.859670	78.840	-31.9219
3756.225881	78.838	-32.3398
3756.592092	78.834	-32.7061
3756.958303	78.838	-33.0605
3757.324514	78.846	-33.4712
3757.690725	78.848	-33.9448
3758.056936	78.836	-34.4077
3758.423147	78.820	-34.7710
3758.789358	78.816	-35.0762
3759.155569	78.821	-35.4277
3759.521780	78.824	-35.8271
3759.887991	78.823	-36.2275
3760.254202	78.821	-36.6006
3760.620413	78.825	-36.9526
3760.986624	78.835	-37.3569
3761.352835	78.836	-37.8130
3761.719046	78.832	-38.2178
3762.085257	78.834	-38.6143
3762.451468	78.830	-39.0527
3762.817679	78.818	-39.3936
3763.183890	78.829	-39.6821
3763.550101	78.848	-40.1572
3763.916312	78.832	-40.6753
3764.282523	78.810	-40.9365
3764.648734	78.830	-41.1514
3765.014945	78.857	-41.6357
3765.381156	78.848	-42.1611
3765.747367	78.838	-42.4873
3766.113578	78.853	-42.8711
3766.479789	78.850	-43.4033
3766.846000	78.826	-43.7852
3767.212210	78.825	-44.0474
3767.578421	78.836	-44.4482
3767.944632	78.830	-44.8789
3768.310843	78.826	-45.2178
3768.677054	78.833	-45.6143
3769.043265	78.829	-46.0522
3769.409476	78.822	-46.4229
3769.775687	78.823	-46.7993
3770.141898	78.821	-47.2017
3770.508109	78.819	-47.5723
3770.874320	78.821	-47.9512
3771.240531	78.823	-48.3350
3771.606742	78.831	-48.7236
3771.972953	78.838	-49.1953
3772.339164	78.827	-49.6689
3772.705375	78.817	-50.0142
3773.071586	78.825	-50.3687
3773.437797	78.828	-50.8354
3773.804008	78.815	-51.2480
3774.170219	78.813	-51.5537
3774.536430	78.826	-51.9258
3774.902641	78.829	-52.3818
3775.268852	78.824	-52.7822
3775.635063	78.827	-53.1455
3776.001274	78.833	-53.5713
3776.367485	78.830	-54.0107
3776.733696	78.826	-54.3979
3777.099907	78.827	-54.7842
3777.466118	78.827	-55.1982
3777.832329	78.824	-55.6074
3778.198539	78.819	-55.9971
3778.564750	78.814	-56.3506
3778.930961	78.818	-56.6719
3779.297172	78.833	-57.0708
3779.663383	78.837	-57.5771
3780.029594	78.821	-58.0215
3780.395805	78.811	-58.3252
3780.762016	78.823	-58.6650
3781.128227	78.829	-59.1338
3781.494438	78.816	-59.5635
3781.860649	78.810	-59.8726
3782.226860	78.819	-60.2139
3782.593071	78.826	-60.6387
3782.959282	78.825	-61.0420
3783.325493	78.828	-61.4346
3783.691704	78.829	-61.8604
3784.057915	78.825	-62.2500
3784.424126	78.829	-62.6221
3784.790337	78.834	-63.0669
3785.156548	78.826	-63.5063
3785.522759	78.820	-63.8711
3785.888970	78.822	-64.2578
3786.255181	78.817	-64.6621
3786.621392	78.814	-64.9937
3786.987603	78.828	-65.3657
3787.353814	78.834	-65.8794
3787.720025	78.815	-66.3462
3788.086236	78.801	-66.6421
3788.452447	78.811	-66.9634
3788.818658	78.816	-67.4175
3789.184869	78.804	-67.8096
3789.551079	78.806	-68.0889
3789.917290	78.828	-68.4766
3790.283501	78.835	-68.9961
3790.649712	78.825	-69.4453
3791.015923	78.822	-69.8340
3791.382134	78.820	-70.2651
3791.748345	78.810	-70.6597
3792.114556	78.808	-70.9897
3792.480767	78.814	-71.3550
3792.846978	78.819	-71.7534
3793.213189	78.823	-72.1646
3793.579400	78.823	-72.6040
3793.945611	78.816	-73.0000
3794.311822	78.817	-73.3506
3794.678033	78.824	-73.7637
3795.044244	78.820	-74.1938
3795.410455	78.816	-74.5591
3795.776666	78.820	-74.9458
3796.142877	78.818	-75.3716
3796.509088	78.812	-75.7334
3796.875299	78.819	-76.0723
3797.241510	78.831	-76.5073
3797.607721	78.830	-76.9961
3797.973932	78.818	-77.4170
3798.340143	78.812	-77.7656
3798.706354	78.816	-78.1328
3799.072565	78.821	-78.5508
3799.438776	78.821	-78.9775
3799.804987	78.820	-79.4097
3800.171198	78.813	-79.8433
3800.537409	78.804	-80.2163
3800.903619	78.804	-80.5518
3801.269830	78.812	-80.9453
3801.636041	78.813	-81.3682
3802.002252	78.814	-81.7578
3802.368463	78.821	-82.1768
3802.734674	78.821	-82.6475
3803.100885	78.810	-83.0835
3803.467096	78.800	-83.4473
3803.833307	78.799	-83.7729
3804.199518	78.807	-84.1172
3804.565729	78.818	-84.5439
3804.931940	78.817	-85.0112
3805.298151	78.807	-85.4038
3805.664362	78.807	-85.7329
3806.030573	78.817	-86.1177
3806.396784	78.821	-86.5708
3806.762995	78.816	-86.9995
3807.129206	78.813	-87.3877
3807.495417	78.813	-87.7974
3807.861628	78.807	-88.1978
3808.227839	78.806	-88.5464
3808.594050	78.813	-88.9438
3808.960261	78.810	-89.3970
3809.326472	78.800	-89.7563
3809.692683	78.807	-90.0811
3810.058894	78.817	-90.5225
3810.425105	78.813	-90.9570
3810.791316	78.815	-91.3218
3811.157527	78.823	-91.7695
3811.523738	78.814	-92.2266
3811.889948	78.809	-92.5649
3812.256159	78.821	-92.9668
3812.622370	78.818	-93.4683
3812.988581	78.801	-93.8521
3813.354792	78.800	-94.1509
3813.721003	78.810	-94.5176
3814.087214	78.816	-94.9194
3814.453425	78.822	-95.3418
3814.819636	78.822	-95.7905
3815.185847	78.818	-96.1958
3815.552058	78.820	-96.5952
3815.918269	78.817	-97.0244
3816.284480	78.812	-97.4111
3816.650691	78.813	-97.7998
3817.016902	78.809	-98.2217
3817.383113	78.802	-98.5576
3817.749324	78.814	-98.8857
3818.115535	78.827	-99.3584
3818.481746	78.821	-99.8306
3818.847957	78.818	-100.2144
3819.214168	78.824	-100.6665
3819.580379	78.815	-101.1548
3819.946590	78.799	-101.5259
3820.312801	78.798	-101.8467
3820.679012	78.806	-102.2251
3821.045223	78.813	-102.6611
3821.411434	78.812	-103.1313
3821.777645	78.801	-103.5566
3822.143856	78.796	-103.8979
3822.510067	78.803	-104.2651
3822.876278	78.807	-104.7065
3823.242488	78.801	-105.1206
3823.608699	78.799	-105.4863
3823.974910	78.802	-105.8677
3824.341121	78.804	-106.2627
3824.707332	78.807	-106.6543
3825.073543	78.812	-107.0684
3825.439754	78.813	-107.5161
3825.805965	78.807	-107.9478
3826.172176	78.800	-108.3223
3826.538387	78.803	-108.6934
3826.904598	78.806	-109.1333
3827.270809	78.796	-109.5674
3827.637020	78.786	-109.9077
3828.003231	78.791	-110.2319
3828.369442	78.802	-110.6279
3828.735653	78.810	-111.0889
3829.101864	78.807	-111.5771
3829.468075	78.794	-112.0098
3829.834286	78.787	-112.3599
3830.200497	78.792	-112.7393
3830.566708	78.793	-113.1812
3830.932919	78.786	-113.5952
3831.299130	78.780	-113.9575
3831.665341	78.782	-114.2959
3832.031552	78.793	-114.6626
3832.397763	78.803	-115.1162
3832.763974	78.801	-115.5645
3833.130185	78.802	-115.9434
3833.496396	78.812	-116.4019
3833.862607	78.803	-116.9106
3834.228817	78.787	-117.2778
3834.595028	78.790	-117.6143
3834.961239	78.790	-118.0439
3835.327450	78.783	-118.4077
3835.693661	78.792	-118.7539
3836.059872	78.800	-119.2471
3836.426083	78.782	-119.6948
3836.792294	78.776	-119.9897
3837.158505	78.788	-120.3608
3837.524716	78.789	-120.8159
3837.890927	78.787	-121.2065
3838.257138	78.795	-121.6245
3838.623349	78.794	-122.1201
3838.989560	78.779	-122.5513
3839.355771	78.773	-122.8872
3839.721982	78.781	-123.2520
3840.088193	78.788	-123.7266
3840.454404	78.777	-124.1973
3840.820615	78.767	-124.5332
3841.186826	78.779	-124.8877
3841.553037	78.785	-125.3936
3841.919248	78.769	-125.8330
3842.285459	78.765	-126.1353
3842.651670	78.777	-126.5249
3843.017881	78.776	-126.9775
3843.384092	78.774	-127.3496
3843.750303	78.782	-127.7539
3844.116514	78.781	-128.2300
3844.482725	78.769	-128.6206
3844.848936	78.770	-128.9316
3845.215147	78.787	-129.3286
3845.581357	78.792	-129.8423
3845.947568	78.778	-130.3091
3846.313779	78.770	-130.6494
3846.679990	78.779	-131.0444
3847.046201	78.775	-131.5386
3847.412412	78.758	-131.9136
3847.778623	78.763	-132.2266
3848.144834	78.770	-132.6968
3848.511045	78.753	-133.1318
3848.877256	78.748	-133.3843
3849.243467	78.772	-133.7593
3849.609678	78.776	-134.3135
3849.975889	78.757	-134.7222
3850.342100	78.762	-135.0264
3850.708311	78.777	-135.4956
3851.074522	78.766	-136.0137
3851.440733	78.749	-136.3706
3851.806944	78.752	-136.6899
3852.173155	78.758	-137.0962
3852.539366	78.759	-137.5044
3852.905577	78.763	-137.9126
3853.271788	78.762	-138.3770
3853.637999	78.750	-138.7827
3854.004210	78.748	-139.0923
3854.370421	78.762	-139.4790
3854.736632	78.765	-139.9590
3855.102843	78.758	-140.4023
3855.469054	78.752	-140.8145
3855.835265	78.743	-141.2051
3856.201476	78.738	-141.5308
3856.567686	78.748	-141.8682
3856.933897	78.761	-142.2964
3857.300108	78.767	-142.7944
3857.666319	78.758	-143.3037
3858.032530	78.739	-143.7085
3858.398741	78.734	-144.0127
3858.764952	78.746	-144.4102
3859.131163	78.744	-144.8994
3859.497374	78.731	-145.2949
3859.863585	78.732	-145.6426
3860.229796	78.737	-146.0664
3860.596007	78.732	-146.5063
3860.962218	78.725	-146.8892
3861.328429	78.724	-147.2349
3861.694640	78.733	-147.6157
3862.060851	78.739	-148.0962
3862.427062	78.724	-148.5581
3862.793273	78.712	-148.8667
3863.159484	78.723	-149.1880
3863.525695	78.730	-149.6533
3863.891906	78.719	-150.0654
3864.258117	78.720	-150.3687
3864.624328	78.736	-150.7632
3864.990539	78.740	-151.2368
3865.356750	78.738	-151.6685
3865.722961	78.737	-152.1128
3866.089172	78.727	-152.5396
3866.455383	78.723	-152.8823
3866.821594	78.730	-153.2900
3867.187805	78.722	-153.7583
3867.554016	78.709	-154.0830
3867.920226	78.721	-154.3945
3868.286437	78.733	-154.8877
3868.652648	78.718	-155.3491
3869.018859	78.712	-155.6558
3869.385070	78.726	-156.0493
3869.751281	78.726	-156.5640
3870.117492	78.709	-156.9785
3870.483703	78.705	-157.3115
3870.849914	78.708	-157.7134
3871.216125	78.702	-158.1191
3871.582336	78.701	-158.4624
3871.948547	78.710	-158.8574
3872.314758	78.710	-159.3130
3872.680969	78.703	-159.7104
3873.047180	78.705	-160.0884
3873.413391	78.706	-160.5215
3873.779602	78.699	-160.9346
3874.145813	78.695	-161.2988
3874.512024	78.696	-161.6611
3874.878235	78.703	-162.0415
3875.244446	78.710	-162.4961
3875.610657	78.701	-162.9702
3875.976868	78.689	-163.3081
3876.343079	78.701	-163.6587
3876.709290	78.704	-164.1831
3877.075501	78.680	-164.6040
3877.441712	78.677	-164.8462
3877.807923	78.697	-165.2603
3878.174134	78.689	-165.7891
3878.540345	78.670	-166.1172
3878.906556	78.681	-166.4170
3879.272766	78.693	-166.8965
3879.638977	78.683	-167.3687
3880.005188	78.674	-167.7515
3880.371399	78.670	-168.1274
3880.737610	78.668	-168.4756
3881.103821	78.678	-168.8462
3881.470032	78.685	-169.3140
3881.836243	78.677	-169.7539
3882.202454	78.676	-170.1123
3882.568665	78.686	-170.5410
3882.934876	78.683	-171.0430
3883.301087	78.668	-171.4653
3883.667298	78.660	-171.8184
3884.033509	78.658	-172.1885
3884.399720	78.656	-172.5430
3884.765931	78.663	-172.8970
3885.132142	78.670	-173.3330
3885.498353	78.664	-173.7666
3885.864564	78.662	-174.1201
3886.230775	78.672	-174.5293
3886.596986	78.669	-175.0200
3886.963197	78.652	-175.4072
3887.329408	78.652	-175.7012
3887.695619	78.667	-176.0991
3888.061830	78.668	-176.6006
3888.428041	78.654	-177.0405
3888.794252	78.644	-177.3833
3889.160463	78.646	-177.7344
3889.526674	78.648	-178.1226
3889.892885	78.651	-178.4980
3890.259095	78.660	-178.9155
3890.625306	78.660	-179.4150
3890.991517	78.644	-179.8433
3891.357728	78.639	179.8374
3891.723939	78.648	179.4453
3892.090150	78.645	178.9883
3892.456361	78.635	178.6157
3892.822572	78.638	178.2734
3893.188783	78.645	177.8623
3893.554994	78.647	177.4146
3893.921205	78.643	176.9644
3894.287416	78.633	176.5405
3894.653627	78.624	176.1685
3895.019838	78.621	175.7969
3895.386049	78.618	175.3989
3895.752260	78.613	175.0132
3896.118471	78.610	174.6318
3896.484682	78.605	174.2446
3896.850893	78.601	173.8867
3897.217104	78.604	173.5410
3897.583315	78.612	173.1426
3897.949526	78.617	172.6841
3898.315737	78.613	172.2109
3898.681948	78.601	171.7744
3899.048159	78.590	171.4072
3899.414370	78.588	171.0674
3899.780581	78.593	170.6885
3900.146792	78.596	170.2773
3900.513003	78.600	169.8447
3900.879214	78.596	169.3730
3901.245425	78.581	168.9526
3901.611635	78.572	168.6528
3901.977846	78.585	168.3179
3902.344057	78.594	167.8477
3902.710268	78.586	167.3853
3903.076479	78.577	167.0078
3903.442690	78.576	166.6426
3903.808901	78.577	166.2661
3904.175112	78.582	165.8638
3904.541323	78.583	165.4043
3904.907534	78.570	164.9619
3905.273745	78.557	164.6187
3905.639956	78.559	164.3052
3906.006167	78.569	163.9180
3906.372378	78.573	163.4688
3906.738589	78.571	163.0166
3907.104800	78.565	162.5615
3907.471011	78.551	162.1323
3907.837222	78.538	161.7974
3908.203433	78.541	161.4810
3908.569644	78.550	161.0576
3908.935855	78.545	160.6157
3909.302066	78.542	160.2432
3909.668277	78.546	159.8228
3910.034488	78.539	159.3672
3910.400699	78.528	159.0225
3910.766910	78.536	158.6807
3911.133121	78.542	158.2129
3911.499332	78.531	157.7822
3911.865543	78.528	157.4438
3912.231754	78.534	157.0386
3912.597964	78.528	156.6108
3912.964175	78.524	156.2598
3913.330386	78.531	155.8730
3913.696597	78.530	155.4253
3914.062808	78.523	155.0249
3914.429019	78.520	154.6479
3914.795230	78.519	154.2632
3915.161441	78.521	153.8906
3915.527652	78.528	153.4644
3915.893863	78.525	152.9878
3916.260074	78.513	152.5601
3916.626285	78.505	152.1719
3916.992496	78.498	151.7998
3917.358707	78.496	151.4531
3917.724918	78.502	151.0562
3918.091129	78.500	150.6147
3918.457340	78.495	150.2266
3918.823551	78.498	149.8384
3919.189762	78.497	149.3965
3919.555973	78.491	148.9912
3919.922184	78.492	148.6050
3920.288395	78.492	148.1587
3920.654606	78.481	147.7314
3921.020817	78.472	147.3833
3921.387028	78.475	147.0283
3921.753239	78.478	146.6216
3922.119450	78.476	146.1978
3922.485661	78.471	145.7817
3922.851872	78.462	145.4072
3923.218083	78.462	145.0747
3923.584294	78.472	144.6865
3923.950504	78.474	144.2041
3924.316715	78.459	143.7661
3924.682926	78.450	143.4453
3925.049137	78.458	143.0947
3925.415348	78.464	142.6353
3925.781559	78.457	142.1777
3926.147770	78.447	141.7759
3926.513981	78.440	141.4082
3926.880192	78.441	141.0649
3927.246403	78.451	140.6494
3927.612614	78.449	140.1362
3927.978825	78.427	139.7197
3928.345036	78.419	139.4390
3928.711247	78.431	139.0835
3929.077458	78.434	138.6294
3929.443669	78.428	138.2129
3929.809880	78.426	137.8125
3930.176091	78.419	137.4028
3930.542302	78.412	137.0620
3930.908513	78.420	136.7256
3931.274724	78.430	136.2690
3931.640935	78.422	135.7896
3932.007146	78.410	135.4141
3932.373357	78.412	135.0483
3932.739568	78.412	134.6108
3933.105779	78.402	134.1895
3933.471990	78.396	133.8164
3933.838201	78.394	133.4150
3934.204412	78.384	133.0000
3934.570623	78.371	132.6611
3934.936834	78.372	132.3779
3935.303044	78.386	132.0195
3935.669255	78.395	131.5542
3936.035466	78.390	131.1094
3936.401677	78.389	130.7217
3936.767888	78.394	130.2773
3937.134099	78.387	129.7944
3937.500310	78.371	129.4092
3937.866521	78.369	129.0752
3938.232732	78.372	128.6743
3938.598943	78.367	128.2554
3938.965154	78.361	127.8979
3939.331365	78.364	127.5547
3939.697576	78.373	127.1479
3940.063787	78.374	126.6782
3940.429998	78.362	126.2363
3940.796209	78.349	125.8940
3941.162420	78.352	125.5830
3941.528631	78.363	125.1758
3941.894842	78.360	124.6885
3942.261053	78.342	124.2866
3942.627264	78.336	124.0112
3942.993475	78.352	123.6694
3943.359686	78.360	123.1802
3943.725897	78.350	122.7314
3944.092108	78.347	122.3750
3944.458319	78.355	121.9336
3944.824530	78.346	121.4194
3945.190741	78.324	121.0264
3945.556952	78.316	120.7344
3945.923163	78.323	120.3730
3946.289373	78.323	119.9331
3946.655584	78.314	119.5312
3947.021795	78.309	119.1836
3947.388006	78.310	118.8130
3947.754217	78.310	118.4185
3948.120428	78.309	118.0396
3948.486639	78.312	117.6279
3948.852850	78.307	117.1875
3949.219061	78.297	116.8115
3949.585272	78.297	116.4507
3949.951483	78.297	116.0200
3950.317694	78.285	115.6201
3950.683905	78.281	115.2842
3951.050116	78.285	114.8921
3951.416327	78.280	114.4717
3951.782538	78.276	114.0991
3952.148749	78.277	113.7061
3952.514960	78.274	113.2842
3952.881171	78.270	112.8872
3953.247382	78.269	112.4878
3953.613593	78.266	112.0854
3953.979804	78.266	111.6851
3954.346015	78.265	111.2485
3954.712226	78.257	110.8477
3955.078437	78.259	110.4922
3955.444648	78.267	110.0259
3955.810859	78.253	109.5269
3956.177070	78.235	109.2031
3956.543281	78.243	108.9043
3956.909492	78.253	108.4380
3957.275703	78.242	107.9756
3957.641913	78.233	107.6235
3958.008124	78.233	107.2437
3958.374335	78.227	106.8452
3958.740546	78.223	106.5142
3959.106757	78.232	106.1426
3959.472968	78.233	105.6890
3959.839179	78.224	105.2910
3960.205390	78.225	104.9229
3960.571601	78.225	104.4795
3960.937812	78.212	104.0723
3961.304023	78.208	103.7549
3961.670234	78.216	103.3789
3962.036445	78.217	102.9404
3962.402656	78.215	102.5259
3962.768867	78.213	102.0889
3963.135078	78.203	101.6582
3963.501289	78.195	101.2964
3963.867500	78.195	100.9121
3964.233711	78.190	100.5195
3964.599922	78.192	100.1714
3964.966133	78.201	99.7168
3965.332344	78.186	99.2188
3965.698555	78.166	98.9155
3966.064766	78.177	98.6226
3966.430977	78.185	98.1440
3966.797188	78.172	97.7212
3967.163399	78.171	97.3813
3967.529610	78.174	96.9263
3967.895821	78.157	96.5127
3968.262032	78.154	96.2197
3968.628242	78.166	95.7964
3968.994453	78.156	95.2974
3969.360664	78.138	94.9336
3969.726875	78.134	94.5835
3970.093086	78.125	94.1934
3970.459297	78.116	93.8955
3970.825508	78.128	93.5771
3971.191719	78.137	93.1069
3971.557930	78.125	92.6470
3971.924141	78.113	92.3018
3972.290352	78.113	91.9707
3972.656563	78.118	91.6040
3973.022774	78.123	91.1997
3973.388985	78.124	90.7520
3973.755196	78.116	90.3306
3974.121407	78.110	89.9736
3974.487618	78.113	89.5938
3974.853829	78.112	89.1660
3975.220040	78.104	88.7808
3975.586251	78.105	88.4297
3975.952462	78.110	88.0176
3976.318673	78.106	87.5742
3976.684884	78.098	87.1768
3977.051095	78.094	86.8047
3977.417306	78.092	86.4214
3977.783517	78.090	86.0264
3978.149728	78.086	85.6309
3978.515939	78.082	85.2573
3978.882150	78.084	84.8779
3979.248361	78.086	84.4453
3979.614572	78.079	84.0107
3979.980782	78.071	83.6172
3980.346993	78.064	83.2417
3980.713204	78.061	82.9023
3981.079415	78.069	82.5566
3981.445626	78.080	82.0996
3981.811837	78.073	81.6118
3982.178048	78.061	81.2241
3982.544259	78.060	80.8696
3982.910470	78.063	80.4604
3983.276681	78.059	80.0220
3983.642892	78.050	79.6133
3984.009103	78.042	79.2656
3984.375314	78.046	78.9033
3984.741525	78.045	78.4590
3985.107736	78.031	78.0679
3985.473947	78.029	77.7681
3985.840158	78.038	77.3608
3986.206369	78.027	76.8975
3986.572580	78.013	76.6045
3986.938791	78.028	76.3027
3987.305002	78.039	75.7773
3987.671213	78.014	75.3086
3988.037424	78.000	75.0659
3988.403635	78.018	74.7476
3988.769846	78.026	74.2568
3989.136057	78.016	73.8188
3989.502268	78.013	73.4463
3989.868479	78.016	73.0225
3990.234690	78.011	72.5771
3990.600901	78.002	72.1621
3990.967111	77.995	71.7803
3991.333322	77.993	71.3994
3991.699533	77.990	70.9771
3992.065744	77.977	70.5884
3992.431955	77.972	70.2871
3992.798166	77.984	69.9302
3993.164377	77.987	69.4634
3993.530588	77.974	69.0405
3993.896799	77.964	68.7207
3994.263010	77.969	68.4028
3994.629221	77.979	68.0068
3994.995432	77.980	67.5630
3995.361643	77.974	67.1533
3995.727854	77.974	66.7617
3996.094065	77.972	66.3193
3996.460276	77.958	65.8940
3996.826487	77.945	65.5562
3997.192698	77.944	65.2227
3997.558909	77.945	64.8496
3997.925120	77.946	64.4731
3998.291331	77.951	64.0386
3998.657542	77.940	63.5469
3999.023753	77.914	63.1851
3999.389964	77.907	62.9712
3999.756175	77.927	62.6504
4000.122386	77.936	62.1729
4000.488597	77.929	61.7480
4000.854808	77.932	61.3623
4001.221019	77.933	60.8804
4001.587230	77.913	60.4385
4001.953441	77.899	60.1655
4002.319651	77.914	59.8706
4002.685862	77.928	59.3848
4003.052073	77.915	58.8853
4003.418284	77.899	58.5552
4003.784495	77.907	58.2241
4004.150706	77.910	57.7500
4004.516917	77.895	57.3477
4004.883128	77.896	57.0464
4005.249339	77.908	56.5791
4005.615550	77.888	56.0854
4005.981761	77.871	55.8369
4006.347972	77.893	55.5288
4006.714183	77.902	54.9502
4007.080394	77.873	54.4824
4007.446605	77.862	54.2188
4007.812816	77.871	53.8320
4008.179027	77.860	53.3721
4008.545238	77.845	53.0625
4008.911449	77.854	52.7617
4009.277660	77.865	52.3125
4009.643871	77.856	51.8325
4010.010082	77.837	51.4624
4010.376293	77.832	51.1846
4010.742504	77.844	50.8477
4011.108715	77.851	50.3965
4011.474926	77.843	49.9756
4011.841137	77.842	49.6074
4012.207348	77.841	49.1846
4012.573559	77.831	48.8032
4012.939770	77.834	48.4888
4013.305981	77.845	48.0581
4013.672191	77.835	47.6011
4014.038402	77.828	47.2759
4014.404613	77.838	46.8906
4014.770824	77.832	46.4165
4015.137035	77.818	46.0757
4015.503246	77.825	45.7563
4015.869457	77.830	45.3105
4016.235668	77.822	44.9126
4016.601879	77.825	44.5522
4016.968090	77.827	44.0825
4017.334301	77.809	43.6729
4017.700512	77.804	43.4033
4018.066723	77.820	43.0312
4018.432934	77.820	42.5439
4018.799145	77.807	42.1611
4019.165356	77.810	41.8218
4019.531567	77.813	41.3857
4019.897778	77.803	40.9751
4020.263989	77.800	40.6489
4020.630200	77.809	40.2476
4020.996411	77.804	39.7710
4021.362622	77.787	39.3911
4021.728833	77.784	39.0928
4022.095044	77.792	38.7251
4022.461255	77.792	38.2856
4022.827466	77.783	37.8794
4023.193677	77.776	37.5303
4023.559888	77.776	37.1875
4023.926099	77.781	36.8179
4024.292310	77.786	36.4048
4024.658520	77.785	35.9619
4025.024731	77.777	35.5547
4025.390942	77.775	35.1855
4025.757153	77.776	34.7856
4026.123364	77.773	34.3726
4026.489575	77.771	33.9775
4026.855786	77.769	33.5601
4027.221997	77.761	33.1558
4027.588208	77.756	32.8018
4027.954419	77.756	32.4229
4028.320630	77.751	32.0488
4028.686841	77.753	31.7266
4029.053052	77.763	31.3364
4029.419263	77.761	30.8945
4029.785474	77.755	30.5513
4030.151685	77.766	30.2095
4030.517896	77.777	29.7500
4030.884107	77.771	29.2759
4031.250318	77.760	28.8555
4031.616529	77.747	28.4912
4031.982740	77.742	28.1958
4032.348951	77.753	27.8506
4032.715162	77.757	27.3955
4033.081373	77.746	26.9912
4033.447584	77.746	26.6616
4033.813795	77.755	26.2422
4034.180006	77.750	25.7588
4034.546217	77.735	25.3608
4034.912428	77.730	25.0078
4035.278639	77.726	24.6099
4035.644850	77.717	24.2285
4036.011060	77.712	23.9072
4036.377271	77.717	23.5669
4036.743482	77.724	23.1626
4037.109693	77.723	22.7402
4037.475904	77.720	22.3696
4037.842115	77.729	22.0264
4038.208326	77.746	21.5581
4038.574537	77.740	20.9824
4038.940748	77.710	20.5713
4039.306959	77.701	20.3340
4039.673170	77.714	20.0049
4040.039381	77.717	19.5967
4040.405592	77.721	19.2319
4040.771803	77.732	18.7964
4041.138014	77.724	18.3130
4041.504225	77.708	17.9629
4041.870436	77.710	17.6675
4042.236647	77.718	17.2812
4042.602858	77.718	16.8672
4042.969069	77.717	16.4751
4043.335280	77.717	16.0669
4043.701491	77.713	15.6470
4044.067702	77.704	15.2407
4044.433913	77.693	14.8789
4044.800124	77.690	14.5513
4045.166335	77.693	14.1768
4045.532546	77.690	13.7622
4045.898757	77.683	13.3936
4046.264968	77.684	13.0288
4046.631179	77.683	12.6104
4046.997389	77.674	12.2256
4047.363600	77.674	11.8823
4047.729811	77.678	11.4707
4048.096022	77.672	11.0464
4048.462233	77.668	10.6943
4048.828444	77.674	10.2954
4049.194655	77.669	9.8330
4049.560866	77.655	9.4712
4049.927077	77.659	9.1582
4050.293288	77.668	8.7329
4050.659499	77.661	8.2944
4051.025710	77.654	7.9478
4051.391921	77.658	7.5864
4051.758132	77.659	7.1875
4052.124343	77.660	6.8218
4052.490554	77.669	6.4165
4052.856765	77.666	5.9414
4053.222976	77.652	5.5508
4053.589187	77.650	5.2402
4053.955398	77.657	4.8496
4054.321609	77.652	4.4351
4054.687820	77.650	4.0869
4055.054031	77.657	3.6802
4055.420242	77.651	3.2251
4055.786453	77.641	2.8716
4056.152664	77.647	2.5010
4056.518875	77.644	2.0122
4056.885086	77.620	1.6323
4057.251297	77.616	1.4023
4057.617508	77.636	1.0322
4057.983719	77.636	0.5029
4058.349929	77.614	0.0923
4058.716140	77.606	-0.1724
4059.082351	77.619	-0.5015
4059.448562	77.628	-0.9478
4059.814773	77.626	-1.4067
4060.180984	77.618	-1.8335
4060.547195	77.609	-2.2124
4060.913406	77.607	-2.5557
4061.279617	77.612	-2.9531
4061.645828	77.607	-3.3916
4062.012039	77.596	-3.7422
4062.378250	77.600	-4.0679
4062.744461	77.606	-4.4819
4063.110672	77.600	-4.8779
4063.476883	77.602	-5.2280
4063.843094	77.606	-5.6499
4064.209305	77.597	-6.0610
4064.575516	77.594	-6.3833
4064.941727	77.604	-6.7686
4065.307938	77.601	-7.2246
4065.674149	77.590	-7.6084
4066.040360	77.587	-7.9531
4066.406571	77.586	-8.3130
4066.772782	77.590	-8.6689
4067.138993	77.597	-9.0928
4067.505204	77.590	-9.5537
4067.871415	77.579	-9.8975
4068.237626	77.589	-10.2397
4068.603837	77.596	-10.7485
4068.970048	77.574	-11.2246
4069.336259	77.558	-11.5269
4069.702469	77.563	-11.8652
4070.068680	77.559	-12.2812
4070.434891	77.552	-12.6138
4070.801102	77.560	-12.9609
4071.167313	77.561	-13.4126
4071.533524	77.549	-13.7852
4071.899735	77.553	-14.0776
4072.265946	77.568	-14.4946
4072.632157	77.565	-14.9683
4072.998368	77.556	-15.3447
4073.364579	77.559	-15.7163
4073.730790	77.559	-16.1465
4074.097001	77.551	-16.5400
4074.463212	77.549	-16.8970
4074.829423	77.552	-17.3013
4075.195634	77.546	-17.7251
4075.561845	77.537	-18.0820
4075.928056	77.540	-18.4302
4076.294267	77.544	-18.8726
4076.660478	77.530	-19.3027
4077.026689	77.519	-19.6060
4077.392900	77.529	-19.9370
4077.759111	77.534	-20.3931
4078.125322	77.522	-20.8071
4078.491533	77.519	-21.1343
4078.857744	77.527	-21.5210
4079.223955	77.526	-21.9683
4079.590166	77.517	-22.3716
4079.956377	77.513	-22.7363
4080.322588	77.511	-23.1196
4080.688798	77.505	-23.4937
4081.055009	77.503	-23.8110
4081.421220	77.515	-24.1543
4081.787431	77.524	-24.6079
4082.153642	77.515	-25.0356
4082.519853	77.514	-25.3579
4082.886064	77.530	-25.7769
4083.252275	77.524	-26.3154
4083.618486	77.497	-26.6851
4083.984697	77.496	-26.9180
4084.350908	77.514	-27.3179
4084.717119	77.507	-27.7998
4085.083330	77.494	-28.1377
4085.449541	77.501	-28.4805
4085.815752	77.502	-28.9443
4086.181963	77.485	-29.3394
4086.548174	77.481	-29.6309
4086.914385	77.491	-29.9961
4087.280596	77.493	-30.4517
4087.646807	77.482	-30.8765
4088.013018	77.473	-31.2148
4088.379229	77.479	-31.5527
4088.745440	77.486	-32.0044
4089.111651	77.473	-32.4609
4089.477862	77.460	-32.7759
4089.844073	77.469	-33.1001
4090.210284	77.474	-33.5479
4090.576495	77.467	-33.9648
4090.942706	77.465	-34.3467
4091.308917	77.460	-34.7661
4091.675128	77.449	-35.0908
4092.041338	77.462	-35.3926
4092.407549	77.477	-35.9033
4092.773760	77.456	-36.4067
4093.139971	77.440	-36.6763
4093.506182	77.454	-37.0034
4093.872393	77.455	-37.4844
4094.238604	77.442	-37.8408
4094.604815	77.451	-38.1733
4094.971026	77.456	-38.6665
4095.337237	77.439	-39.0884
4095.703448	77.436	-39.4062
4096.069659	77.440	-39.8379
4096.435870	77.424	-40.2422
4096.802081	77.420	-40.5122
4097.168292	77.436	-40.8848
4097.534503	77.438	-41.3677
4097.900714	77.429	-41.7925
4098.266925	77.420	-42.1812
4098.633136	77.409	-42.5142
4098.999347	77.415	-42.7964
4099.365558	77.434	-43.2236
4099.731769	77.428	-43.7490
4100.097980	77.406	-44.1147
4100.464191	77.407	-44.3784
4100.830402	77.421	-44.7583
4101.196613	77.422	-45.2256
4101.562824	77.413	-45.6387
4101.929035	77.408	-45.9995
4102.295246	77.406	-46.3857
4102.661457	77.399	-46.7686
4103.027667	77.396	-47.0991
4103.393878	77.403	-47.4712
4103.760089	77.402	-47.9160
4104.126300	77.392	-48.3047
4104.492511	77.391	-48.6587
4104.858722	77.389	-49.0737
4105.224933	77.379	-49.4517
4105.591144	77.379	-49.7822
4105.957355	77.384	-50.2026
4106.323566	77.373	-50.6260
4106.689777	77.367	-50.9512
4107.055988	77.373	-51.3198
4107.422199	77.372	-51.7495
4107.788410	77.367	-52.1226
4108.154621	77.371	-52.5103
4108.520832	77.369	-52.9502
4108.887043	77.362	-53.3369
4109.253254	77.364	-53.7197
4109.619465	77.363	-54.1577
4109.985676	77.354	-54.5532
4110.351887	77.354	-54.9282
4110.718098	77.351	-55.3594
4111.084309	77.338	-55.7446
4111.450520	77.334	-56.0571
4111.816731	77.339	-56.4204
4112.182942	77.339	-56.8223
4112.549153	77.336	-57.1851
4112.915364	77.341	-57.5522
4113.281575	77.345	-57.9624
4113.647786	77.344	-58.3745
4114.013997	77.345	-58.7769
4114.380207	77.345	-59.2158
4114.746418	77.335	-59.6689
4115.112629	77.318	-60.0288
4115.478840	77.315	-60.3257
4115.845051	77.321	-60.7090
4116.211262	77.315	-61.1206
4116.577473	77.310	-61.4414
4116.943684	77.320	-61.8032
4117.309895	77.322	-62.2729
4117.676106	77.310	-62.6875
4118.042317	77.304	-63.0361
4118.408528	77.303	-63.4185
4118.774739	77.297	-63.7881
4119.140950	77.297	-64.1274
4119.507161	77.304	-64.5166
4119.873372	77.306	-64.9644
4120.239583	77.297	-65.4097
4120.605794	77.284	-65.7964
4120.972005	77.277	-66.1318
4121.338216	77.278	-66.4966
4121.704427	77.275	-66.8994
4122.070638	77.268	-67.2729
4122.436849	77.265	-67.6313
4122.803060	77.263	-68.0039
4123.169271	77.263	-68.3569
4123.535482	77.271	-68.7344
4123.901693	77.275	-69.2153
4124.267904	77.258	-69.6875
4124.634115	77.239	-70.0029
4125.000326	77.243	-70.2788
4125.366536	77.254	-70.6870
4125.732747	77.249	-71.1279
4126.098958	77.243	-71.4888
4126.465169	77.246	-71.8730
4126.831380	77.243	-72.2944
4127.197591	77.237	-72.6494
4127.563802	77.244	-73.0195
4127.930013	77.245	-73.4761
4128.296224	77.234	-73.8779
4128.662435	77.234	-74.2158
4129.028646	77.241	-74.6519
4129.394857	77.228	-75.1265
4129.761068	77.207	-75.4497
4130.127279	77.209	-75.6919
4130.493490	77.226	-76.0522
4130.859701	77.232	-76.5156
4131.225912	77.224	-76.9321
4131.592123	77.222	-77.2837
4131.958334	77.229	-77.6733
4132.324545	77.232	-78.1504
4132.690756	77.217	-78.6250
4133.056967	77.195	-78.9683
4133.423178	77.192	-79.2271
4133.789389	77.205	-79.5977
4134.155600	77.202	-80.0718
4134.521811	77.184	-80.4424
4134.888022	77.183	-80.7349
4135.254233	77.191	-81.1387
4135.620444	77.182	-81.5762
4135.986655	77.171	-81.8867
4136.352866	77.183	-82.2158
4136.719076	77.189	-82.7026
4137.085287	77.172	-83.1519
4137.451498	77.162	-83.4473
4137.817709	77.173	-83.8101
4138.183920	77.171	-84.3057
4138.550131	77.151	-84.6899
4138.916342	77.150	-84.9604
4139.282553	77.166	-85.3838
4139.648764	77.156	-85.9121
4140.014975	77.130	-86.2656
4140.381186	77.129	-86.5068
4140.747397	77.143	-86.8838
4141.113608	77.140	-87.3345
4141.479819	77.133	-87.6831
4141.846030	77.143	-88.0400
4142.212241	77.148	-88.5298
4142.578452	77.130	-88.9849
4142.944663	77.115	-89.2896
4143.310874	77.119	-89.5977
4143.677085	77.124	-89.9927
4144.043296	77.122	-90.3848
4144.409507	77.123	-90.7622
4144.775718	77.124	-91.1772
4145.141929	77.116	-91.5913
4145.508140	77.108	-91.9380
4145.874351	77.111	-92.2607
4146.240562	77.123	-92.6851
4146.606773	77.116	-93.1899
4146.972984	77.093	-93.5791
4147.339195	77.084	-93.8457
4147.705406	77.092	-94.1807
4148.071616	77.094	-94.5928
4148.437827	77.089	-94.9839
4148.804038	77.086	-95.3599
4149.170249	77.084	-95.7280
4149.536460	77.086	-96.1196
4149.902671	77.080	-96.5537
4150.268882	77.065	-96.8901
4150.635093	77.074	-97.1602
4151.001304	77.093	-97.6323
4151.367515	77.077	-98.1904
4151.733726	77.046	-98.4902
4152.099937	77.052	-98.6982
4152.466148	77.071	-99.1172
4152.832359	77.065	-99.5757
4153.198570	77.062	-99.9233
4153.564781	77.071	-100.3599
4153.930992	77.058	-100.8750
4154.297203	77.031	-101.2075
4154.663414	77.032	-101.4390
4155.029625	77.048	-101.8320
4155.395836	77.044	-102.3022
4155.762047	77.032	-102.6768
4156.128258	77.031	-103.0386
4156.494469	77.026	-103.4434
4156.860680	77.016	-103.8013
4157.226891	77.014	-104.1235
4157.593102	77.018	-104.4878
4157.959313	77.019	-104.8911
4158.325524	77.013	-105.2876
4158.691735	77.007	-105.6343
4159.057945	77.012	-105.9814
4159.424156	77.016	-106.4233
4159.790367	77.002	-106.8599
4160.156578	76.989	-107.1655
4160.522789	76.996	-107.4785
4160.889000	77.000	-107.9019
4161.255211	76.992	-108.3091
4161.621422	76.988	-108.6631
4161.987633	76.987	-109.0376
4162.353844	76.986	-109.4194
4162.720055	76.986	-109.8169
4163.086266	76.980	-110.2500
4163.452477	76.967	-110.6313
4163.818688	76.961	-110.9531
4164.184899	76.964	-111.3091
4164.551110	76.966	-111.7056
4164.917321	76.965	-112.1318
4165.283532	76.955	-112.5708
4165.649743	76.940	-112.9204
4166.015954	76.942	-113.2329
4166.382165	76.947	-113.6626
4166.748376	76.933	-114.0928
4167.114587	76.922	-114.3906
4167.480798	76.932	-114.7207
4167.847009	76.936	-115.1685
4168.213220	76.927	-115.5923
4168.579431	76.920	-115.9546
4168.945642	76.918	-116.3223
4169.311853	76.916	-116.7080
4169.678064	76.911	-117.1060
4170.044275	76.901	-117.4722
4170.410485	76.897	-117.7832
4170.776696	76.904	-118.1294
4171.142907	76.906	-118.5347
4171.509118	76.903	-118.9097
4171.875329	76.907	-119.2759
4172.241540	76.910	-119.7080
4172.607751	76.900	-120.1299
4172.973962	76.890	-120.4707
4173.340173	76.891	-120.8096
4173.706384	76.893	-121.1943
4174.072595	76.892	-121.5874
4174.438806	76.891	-121.9902
4174.805017	76.884	-122.3999
4175.171228	76.876	-122.7729
4175.537439	76.872	-123.1226
4175.903650	76.873	-123.5098
4176.269861	76.867	-123.9307
4176.636072	76.852	-124.2861
4177.002283	76.851	-124.5522
4177.368494	76.869	-124.9048
4177.734705	76.875	-125.4126
4178.100916	76.859	-125.8574
4178.467127	76.851	-126.1816
4178.833338	76.856	-126.5688
4179.199549	76.849	-126.9937
4179.565760	76.840	-127.3398
4179.931971	76.841	-127.6797
4180.298182	76.843	-128.0469
4180.664393	76.848	-128.4233
4181.030604	76.852	-128.8643
4181.396814	76.841	-129.2905
4181.763025	76.834	-129.6108
4182.129236	76.842	-129.9722
4182.495447	76.843	-130.4312
4182.861658	76.831	-130.8394
4183.227869	76.824	-131.1948
4183.594080	76.820	-131.5771
4183.960291	76.812	-131.9448
4184.326502	76.807	-132.2866
4184.692713	76.806	-132.6431
4185.058924	76.805	-133.0161
4185.425135	76.803	-133.4077
4185.791346	76.795	-133.7842
4186.157557	76.791	-134.1089
4186.523768	76.798	-134.4697
4186.889979	76.798	-134.9038
4187.256190	76.788	-135.2876
4187.622401	76.788	-135.6113
4187.988612	76.796	-136.0005
4188.354823	76.795	-136.4434
4188.721034	76.788	-136.8408
4189.087245	76.786	-137.2119
4189.453456	76.786	-137.6089
4189.819667	76.781	-137.9995
4190.185878	76.779	-138.3574
4190.552089	76.782	-138.7451
4190.918300	76.778	-139.1729
4191.284511	76.768	-139.5405
4191.650722	76.767	-139.8657
4192.016933	76.769	-140.2480
4192.383144	76.763	-140.6187
4192.749354	76.765	-140.9409
4193.115565	76.774	-141.3496
4193.481776	76.766	-141.8013
4193.847987	76.751	-142.1357
4194.214198	76.753	-142.4346
4194.580409	76.759	-142.8154
4194.946620	76.757	-143.2124
4195.312831	76.756	-143.5996
4195.679042	76.753	-144.0234
4196.045253	76.737	-144.4229
4196.411464	76.722	-144.7134
4196.777675	76.724	-144.9570
4197.143886	76.741	-145.2871
4197.510097	76.754	-145.7280
4197.876308	76.754	-146.2036
4198.242519	76.744	-146.6582
4198.608730	76.728	-147.0361
4198.974941	76.723	-147.3418
4199.341152	76.729	-147.7061
4199.707363	76.727	-148.1450
4200.073574	76.714	-148.5034
4200.439785	76.717	-148.8096
4200.805996	76.726	-149.2217
4201.172207	76.720	-149.6694
4201.538418	76.710	-150.0215
4201.904629	76.713	-150.3745
4202.270840	76.711	-150.8052
4202.637051	76.696	-151.1816
4203.003262	76.690	-151.4551
4203.369473	76.702	-151.7827
4203.735684	76.707	-152.2178
4204.101894	76.699	-152.6289
4204.468105	76.693	-152.9741
4204.834316	76.694	-153.3213
4205.200527	76.697	-153.6904
4205.566738	76.701	-154.1045
4205.932949	76.694	-154.5571
4206.299160	76.677	-154.9268
4206.665371	76.671	-155.2036
4207.031582	76.680	-155.5439
4207.397793	76.681	-155.9512
4207.764004	76.680	-156.3228
4208.130215	76.684	-156.7222
4208.496426	76.677	-157.1724
4208.862637	76.660	-157.5220
4209.228848	76.660	-157.7930
4209.595059	76.673	-158.1670
4209.961270	76.673	-158.6201
4210.327481	76.663	-159.0181
4210.693692	76.656	-159.3633
4211.059903	76.654	-159.6938
4211.426114	76.659	-160.0444
4211.792325	76.662	-160.4653
4212.158536	76.650	-160.8701
4212.524747	76.640	-161.1509
4212.890958	76.652	-161.4395
4213.257169	76.664	-161.8750
4213.623380	76.655	-162.3311
4213.989591	76.642	-162.6675
4214.355802	76.643	-162.9819
4214.722013	76.645	-163.3862
4215.088223	76.632	-163.7676
4215.454434	76.625	-164.0303
4215.820645	76.639	-164.3413
4216.186856	76.646	-164.8066
4216.553067	76.630	-165.2197
4216.919278	76.623	-165.5059
4217.285489	76.632	-165.8682
4217.651700	76.629	-166.3149
4218.017911	76.615	-166.6738
4218.384122	76.614	-166.9917
4218.750333	76.616	-167.3784
4219.116544	76.611	-167.7705
4219.482755	76.606	-168.1196
4219.848966	76.607	-168.4810
4220.215177	76.607	-168.8730
4220.581388	76.604	-169.2651
4220.947599	76.602	-169.6484
4221.313810	76.598	-170.0376
4221.680021	76.592	-170.4141
4222.046232	76.588	-170.7461
4222.412443	76.593	-171.0928
4222.778654	76.597	-171.5107
4223.144865	76.590	-171.9146
4223.511076	76.587	-172.2471
4223.877287	76.594	-172.6157
4224.243498	76.594	-173.0605
4224.609709	76.581	-173.4590
4224.975920	76.572	-173.7612
4225.342131	76.576	-174.0752
4225.708342	76.580	-174.4614
4226.074553	76.574	-174.8330
4226.440763	76.573	-175.1362
4226.806974	76.584	-175.4883
4227.173185	76.586	-175.9385
4227.539396	76.571	-176.3179
4227.905607	76.569	-176.5806
4228.271818	76.584	-176.9287
4228.638029	76.588	-177.4019
4229.004240	76.573	-177.8066
4229.370451	76.567	-178.1172
4229.736662	76.571	-178.4775
4230.102873	76.567	-178.8809
4230.469084	76.560	-179.2344
4230.835295	76.560	-179.5781
4231.201506	76.558	-179.9688
4231.567717	76.550	179.6626
4231.933928	76.546	179.3491
4232.300139	76.552	179.0059
4232.666350	76.554	178.6118
4233.032561	76.553	178.2236
4233.398772	76.553	177.8184
4233.764983	76.545	177.3965
4234.131194	76.531	177.0474
4234.497405	76.526	176.7534
4234.863616	76.530	176.4199
4235.229827	76.531	176.0596
4235.596038	76.533	175.6973
4235.962249	76.533	175.3188
4236.328460	76.532	174.9448
4236.694671	76.531	174.5679
4237.060882	76.526	174.1880
4237.427092	76.521	173.8677
4237.793303	76.529	173.5527
4238.159514	76.540	173.1216
4238.525725	76.532	172.6548
4238.891936	76.515	172.2905
4239.258147	76.506	172.0063
4239.624358	76.512	171.7207
4239.990569	76.525	171.3442
4240.356780	76.525	170.8643
4240.722991	76.503	170.4678
4241.089202	76.492	170.2314
4241.455413	76.503	169.9463
4241.821624	76.509	169.5640
4242.187835	76.509	169.2324
4242.554046	76.521	168.8779
4242.920257	76.524	168.4355
4243.286468	76.517	168.0664
4243.652679	76.524	167.7217
4244.018890	76.527	167.2583
4244.385101	76.510	166.8667
4244.751312	76.509	166.6099
4245.117523	76.526	166.2090
4245.483734	76.518	165.7012
4245.849945	76.494	165.3735
4246.216156	76.494	165.1401
4246.582367	76.506	164.7939
4246.948578	76.508	164.3882
4247.314789	76.505	164.0132
4247.681000	76.504	163.6582
4248.047211	76.505	163.2944
4248.413422	76.504	162.9111
4248.779632	76.499	162.5474
4249.145843	76.498	162.1982
4249.512054	76.496	161.8174
4249.878265	76.486	161.4912
4250.244476	76.492	161.2310
4250.610687	76.512	160.8247
4250.976898	76.507	160.3076
4251.343109	76.484	159.9546
4251.709320	76.482	159.6963
4252.075531	76.487	159.3325
4252.441742	76.481	158.9912
4252.807953	76.488	158.7192
4253.174164	76.508	158.3003
4253.540375	76.504	157.7788
4253.906586	76.481	157.4038
4254.272797	76.474	157.1416
4254.639008	76.480	156.8340
4255.005219	76.488	156.4741
4255.371430	76.492	156.0718
4255.737641	76.486	155.6675
4256.103852	76.478	155.3535
4256.470063	76.485	155.0562
4256.836274	76.495	154.6543
4257.202485	76.490	154.2427
4257.568696	76.485	153.9136
4257.934907	76.489	153.5879
4258.301118	76.493	153.2231
4258.667329	76.496	152.8516
4259.033540	76.498	152.4629
4259.399751	76.494	152.0620
4259.765961	76.485	151.7095
4260.132172	76.482	151.4106
4260.498383	76.490	151.0654
4260.864594	76.489	150.6421
4261.230805	76.473	150.2949
4261.597016	76.470	150.0649
4261.963227	76.487	149.7495
4262.329438	76.494	149.3193
4262.695649	76.490	148.9424
4263.061860	76.495	148.5698
4263.428071	76.492	148.1313
4263.794282	76.478	147.7798
4264.160493	76.480	147.4941
4264.526704	76.490	147.0996
4264.892915	76.484	146.6895
4265.259126	76.482	146.3652
4265.625337	76.490	145.9907
4265.991548	76.489	145.5649
4266.357759	76.485	145.1982
4266.723970	76.486	144.8169
4267.090181	76.478	144.4189
4267.456392	76.470	144.1255
4267.822603	76.480	143.8257
4268.188814	76.486	143.4185
4268.555025	76.480	143.0728
4268.921236	76.488	142.7871
4269.287447	76.504	142.3774
4269.653658	76.502	141.9165
4270.019869	76.492	141.5391
4270.386080	76.484	141.1943
4270.752291	76.476	140.8950
4271.118501	76.480	140.6392
4271.484712	76.494	140.2876
4271.850923	76.496	139.8716
4272.217134	76.492	139.5161
4272.583345	76.493	139.1440
4272.949556	76.484	138.7612
4273.315767	76.477	138.4990
4273.681978	76.494	138.2051
4274.048189	76.506	137.7266
4274.414400	76.491	137.2939
4274.780611	76.486	136.9902
4275.146822	76.491	136.5991
4275.513033	76.479	136.1997
4275.879244	76.475	135.9321
4276.245455	76.490	135.5586
4276.611666	76.481	135.0825
4276.977877	76.462	134.8286
4277.344088	76.482	134.6167
4277.710299	76.507	134.1304
4278.076510	76.495	133.6357
4278.442721	76.486	133.3140
4278.808932	76.490	132.9409
4279.175143	76.480	132.5659
4279.541354	76.478	132.3115
4279.907565	76.496	131.9629
4280.273776	76.496	131.5166
4280.639987	76.488	131.1992
4281.006198	76.500	130.8931
4281.372409	76.508	130.4551
4281.738620	76.500	130.0562
4282.104831	76.497	129.7383
4282.471041	76.500	129.3774
4282.837252	76.496	129.0239
4283.203463	76.498	128.7271
4283.569674	76.509	128.3794
4283.935885	76.513	127.9678
4284.302096	76.508	127.5972
4284.668307	76.508	127.2700
4285.034518	76.513	126.9048
4285.400729	76.511	126.5166
4285.766940	76.506	126.1860
4286.133151	76.511	125.8711
4286.499362	76.518	125.4849
4286.865573	76.513	125.0957
4287.231784	76.508	124.7822
4287.597995	76.513	124.4648
4287.964206	76.518	124.0903
4288.330417	76.515	123.7368
4288.696628	76.517	123.4316
4289.062839	76.530	123.0918
4289.429050	76.540	122.6626
4289.795261	76.535	122.2134
4290.161472	76.523	121.8555
4290.527683	76.523	121.5664
4290.893894	76.534	121.2095
4291.260105	76.536	120.7671
4291.626316	76.522	120.3921
4291.992527	76.519	120.1445
4292.358738	76.540	119.8413
4292.724949	76.556	119.3608
4293.091160	76.545	118.8970
4293.457370	76.536	118.5913
4293.823581	76.549	118.2632
4294.189792	76.556	117.8105
4294.556003	76.547	117.3950
4294.922214	76.540	117.0757
4295.288425	76.544	116.7559
4295.654636	76.550	116.4106
4296.020847	76.558	116.0308
4296.387058	76.559	115.6118
4296.753269	76.551	115.2451
4297.119480	76.550	114.9517
4297.485691	76.559	114.6118
4297.851902	76.561	114.2153
4298.218113	76.557	113.8633
4298.584324	76.557	113.5444
4298.950535	76.560	113.2104
4299.316746	76.564	112.8735
4299.682957	76.570	112.5161
4300.049168	76.571	112.1479
4300.415379	76.573	111.8057
4300.781590	76.579	111.4355
4301.147801	76.577	111.0503
4301.514012	76.576	110.7427
4301.880223	76.591	110.3911
4302.246434	76.596	109.9028
4302.612645	76.578	109.4927
4302.978856	76.569	109.2266
4303.345067	76.575	108.9233
4303.711278	76.579	108.5962
4304.077489	76.591	108.2842
4304.443700	76.607	107.8765
4304.809910	76.609	107.4355
4305.176121	76.608	107.0625
4305.542332	76.611	106.6562
4305.908543	76.599	106.2715
4306.274754	76.595	106.0356
4306.640965	76.619	105.7417
4307.007176	76.634	105.2417
4307.373387	76.619	104.7944
4307.739598	76.611	104.5186
4308.105809	76.621	104.2046
4308.472020	76.625	103.8105
4308.838231	76.623	103.4736
4309.204442	76.632	103.1445
4309.570653	76.638	102.7266
4309.936864	76.629	102.3359
4310.303075	76.624	102.0708
4310.669286	76.641	101.7837
4311.035497	76.659	101.3457
4311.401708	76.656	100.8828
4311.767919	76.649	100.5132
4312.134130	76.649	100.1548
4312.500341	76.646	99.7803
4312.866552	76.644	99.4580
4313.232763	76.652	99.1260
4313.598974	76.658	98.7192
4313.965185	76.654	98.3403
4314.331396	76.656	98.0278
4314.697607	76.668	97.6777
4315.063818	76.679	97.2427
4315.430029	76.676	96.7842
4315.796239	76.662	96.4141
4316.162450	76.659	96.1548
4316.528661	76.677	95.8257
4316.894872	76.682	95.3652
4317.261083	76.669	95.0142
4317.627294	76.678	94.7866
4317.993505	76.707	94.3721
4318.359716	76.705	93.8169
4318.725927	76.682	93.4600
4319.092138	76.685	93.2261
4319.458349	76.702	92.8447
4319.824560	76.700	92.3984
4320.190771	76.690	92.0483
4320.556982	76.688	91.7568
4320.923193	76.696	91.4663
4321.289404	76.711	91.1162
4321.655615	76.720	90.6885
4322.021826	76.717	90.3018
4322.388037	76.722	89.9604
4322.754248	76.730	89.5518
4323.120459	76.724	89.1470
4323.486670	76.720	88.8262
4323.852881	76.726	88.5049
4324.219092	76.734	88.1611
4324.585303	76.746	87.7910
4324.951514	76.753	87.3384
4325.317725	76.740	86.9214
4325.683936	76.731	86.6533
4326.050147	76.745	86.3813
4326.416358	76.760	85.9932
4326.782569	76.764	85.5884
4327.148779	76.767	85.2139
4327.514990	76.771	84.8232
4327.881201	76.769	84.4419
4328.247412	76.768	84.1201
4328.613623	76.779	83.7896
4328.979834	76.789	83.3618
4329.346045	76.782	82.9346
4329.712256	76.774	82.6362
4330.078467	76.786	82.3379
4330.444678	76.797	81.9072
4330.810889	76.788	81.5029
4331.177100	76.785	81.2295
4331.543311	76.800	80.9131
4331.909522	76.810	80.4907
4332.275733	76.809	80.1118
4332.641944	76.816	79.7700
4333.008155	76.825	79.3560
4333.374366	76.822	78.9370
4333.740577	76.819	78.5854
4334.106788	76.822	78.2290
4334.472999	76.823	77.8623
4334.839210	76.827	77.5205
4335.205421	76.834	77.1289
4335.571632	76.833	76.7100
4335.937843	76.829	76.3652
4336.304054	76.838	76.0176
4336.670265	76.843	75.5674
4337.036476	76.828	75.1665
4337.402687	76.821	74.9268
4337.768898	76.843	74.6582
4338.135109	76.866	74.2007
4338.501319	76.866	73.6978
4338.867530	76.858	73.2949
4339.233741	76.855	72.9277
4339.599952	76.852	72.5674
4339.966163	76.853	72.2700
4340.332374	76.870	71.9355
4340.698585	76.882	71.4775
4341.064796	76.875	71.0586
4341.431007	76.876	70.7563
4341.797218	76.893	70.3921
4342.163429	76.899	69.9336
4342.529640	76.893	69.5596
4342.895851	76.900	69.2544
4343.262062	76.918	68.8413
4343.628273	76.917	68.3545
4343.994484	76.903	67.9839
4344.360695	76.904	67.7163
4344.726906	76.919	67.3735
4345.093117	76.927	66.9468
4345.459328	76.928	66.5508
4345.825539	76.932	66.1470
4346.191750	76.927	65.7124
4346.557961	76.913	65.3818
4346.924172	76.919	65.1235
4347.290383	76.936	64.7402
4347.656594	76.937	64.2847
4348.022805	76.929	63.9321
4348.389016	76.937	63.6143
4348.755227	76.950	63.2041
4349.121438	76.952	62.7588
4349.487648	76.951	62.3608
4349.853859	76.955	61.9692
4350.220070	76.958	61.5342
4350.586281	76.951	61.1060
4350.952492	76.943	60.7510
4351.318703	76.943	60.4370
4351.684914	76.950	60.1104
4352.051125	76.962	59.7480
4352.417336	76.972	59.3306
4352.783547	76.971	58.9219
4353.149758	76.971	58.6040
4353.515969	76.988	58.2764
4353.882180	77.006	57.8320
4354.248391	77.009	57.3682
4354.614602	77.007	56.9565
4354.980813	77.006	56.5605
4355.347024	77.005	56.1899
4355.713235	77.009	55.8232
4356.079446	77.011	55.4219
4356.445657	77.007	55.0493
4356.811868	77.007	54.7217
4357.178079	77.013	54.3862
4357.544290	77.023	54.0439
4357.910501	77.038	53.6499
4358.276712	77.045	53.1787
4358.642923	77.039	52.7534
4359.009134	77.038	52.3940
4359.375345	77.042	52.0024
4359.741556	77.039	51.6265
4360.107767	77.044	51.2964
4360.473978	77.056	50.9102
4360.840188	77.061	50.4780
4361.206399	77.060	50.0825
4361.572610	77.062	49.7051
4361.938821	77.064	49.3232
4362.305032	77.065	48.9614
4362.671243	77.069	48.6284
4363.037454	77.082	48.2725
4363.403665	77.092	47.8359
4363.769876	77.086	47.4263
4364.136087	77.088	47.1294
4364.502298	77.107	46.7588
4364.868509	77.111	46.2710
4365.234720	77.101	45.9004
4365.600931	77.109	45.5850
4365.967142	77.117	45.1436
4366.333353	77.106	44.7529
4366.699564	77.109	44.4731
4367.065775	77.125	44.0835
4367.431986	77.125	43.6460
4367.798197	77.125	43.3037
4368.164408	77.137	42.9062
4368.530619	77.136	42.4341
4368.896830	77.124	42.0781
4369.263041	77.130	41.7910
4369.629252	77.148	41.3955
4369.995463	77.154	40.9189
4370.361674	77.148	40.4829
4370.727885	77.143	40.1084
4371.094096	77.144	39.7368
4371.460307	77.143	39.3584
4371.826517	77.143	39.0254
4372.192728	77.153	38.6924
4372.558939	77.165	38.2905
4372.925150	77.168	37.8945
4373.291361	77.177	37.5312
4373.657572	77.189	37.1050
4374.023783	77.190	36.6660
4374.389994	77.192	36.2949
4374.756205	77.203	35.8823
4375.122416	77.202	35.4106
4375.488627	77.190	35.0469
4375.854838	77.196	34.7559
4376.221049	77.212	34.3516
4376.587260	77.213	33.8892
4376.953471	77.206	33.5239
4377.319682	77.214	33.1787
4377.685893	77.219	32.7471
4378.052104	77.209	32.3618
4378.418315	77.211	32.1040
4378.784526	77.238	31.7666
4379.150737	77.256	31.2349
4379.516948	77.245	30.7231
4379.883159	77.231	30.3755
4380.249370	77.235	30.0586
4380.615581	77.244	29.6689
4380.981792	77.246	29.2681
4381.348003	77.249	28.9009
4381.714214	77.258	28.5117
4382.080425	77.263	28.0645
4382.446636	77.256	27.6455
4382.812847	77.252	27.3267
4383.179057	77.266	26.9878
4383.545268	77.277	26.5229
4383.911479	77.268	26.0776
4384.277690	77.261	25.7632
4384.643901	77.272	25.4448
4385.010112	77.284	25.0459
4385.376323	77.290	24.6362
4385.742534	77.297	24.2017
4386.108745	77.292	23.7544
4386.474956	77.281	23.4131
4386.841167	77.288	23.1284
4387.207378	77.306	22.7378
4387.573589	77.312	22.2715
4387.939800	77.307	21.8481
4388.306011	77.303	21.4849
4388.672222	77.306	21.1460
4389.038433	77.316	20.7686
4389.404644	77.320	20.3350
4389.770855	77.315	19.9492
4390.137066	77.320	19.6289
4390.503277	77.334	19.2368
4390.869488	77.338	18.7788
4391.235699	77.333	18.4053
4391.601910	77.343	18.0771
4391.968121	77.360	17.6367
4392.334332	77.361	17.1436
4392.700543	77.354	16.7476
4393.066754	77.359	16.3789
4393.432965	77.365	15.9312
4393.799176	77.357	15.5000
4394.165386	77.350	15.1606
4394.531597	77.356	14.8296
4394.897808	77.365	14.4492
4395.264019	77.370	14.0469
4395.630230	77.374	13.6475
4395.996441	77.378	13.2437
4396.362652	77.378	12.8252
4396.728863	77.371	12.4468
4397.095074	77.371	12.1401
4397.461285	77.385	11.7964
4397.827496	77.394	11.3706
4398.193707	77.394	10.9692
4398.559918	77.398	10.5991
4398.926129	77.404	10.1963
4399.292340	77.405	9.8027
4399.658551	77.409	9.4351
4400.024762	77.418	9.0303
4400.390973	77.423	8.5908
4400.757184	77.421	8.1592
4401.123395	77.417	7.7554
4401.489606	77.413	7.3911
4401.855817	77.416	7.0459
4402.222028	77.426	6.6699
4402.588239	77.433	6.2446
4402.954450	77.433	5.8198
4403.320661	77.434	5.4487
4403.686872	77.445	5.0581
4404.053083	77.451	4.5879
4404.419294	77.443	4.1587
4404.785505	77.442	3.8228
4405.151716	77.455	3.4326
4405.517926	77.459	2.9580
4405.884137	77.450	2.5376
4406.250348	77.447	2.2002
4406.616559	77.456	1.8545
4406.982770	77.469	1.4287
4407.348981	77.470	0.9458
4407.715192	77.456	0.5454
4408.081403	77.455	0.2656
4408.447614	77.474	-0.0767
4408.813825	77.487	-0.5586
4409.180036	77.482	-1.0166
4409.546247	77.478	-1.4004
4409.912458	77.478	-1.7983
4410.278669	77.473	-2.1670
4410.644880	77.478	-2.4790
4411.011091	77.494	-2.8726
4411.377302	77.498	-3.3550
4411.743513	77.487	-3.7549
4412.109724	77.488	-4.0659
4412.475935	77.501	-4.4302
4412.842146	77.511	-4.8682
4413.208357	77.512	-5.3081
4413.574568	77.511	-5.7285
4413.940779	77.507	-6.1143
4414.306990	77.509	-6.4600
4414.673201	77.521	-6.8408
4415.039412	77.528	-7.2949
4415.405623	77.524	-7.7314
4415.771834	77.522	-8.1104
4416.138045	77.525	-8.4980
4416.504256	77.526	-8.8906
4416.870466	77.529	-9.2622
4417.236677	77.534	-9.6528
4417.602888	77.536	-10.0376
4417.969099	77.545	-10.4043
4418.335310	77.558	-10.8394
4418.701521	77.558	-11.3135
4419.067732	77.553	-11.7153
4419.433943	77.555	-12.0918
4419.800154	77.557	-12.4946
4420.166365	77.557	-12.8701
4420.532576	77.564	-13.2441
4420.898787	77.570	-13.6636
4421.264998	77.571	-14.0757
4421.631209	77.573	-14.4746
4421.997420	77.574	-14.8892
4422.363631	77.571	-15.2744
4422.729842	77.572	-15.6309
4423.096053	77.576	-16.0093
4423.462264	77.577	-16.3872
4423.828475	77.582	-16.7559
4424.194686	77.588	-17.1621
4424.560897	77.585	-17.5581
4424.927108	77.587	-17.8862
4425.293319	77.602	-18.2578
4425.659530	77.611	-18.7451
4426.025741	77.601	-19.2051
4426.391952	77.592	-19.5527
4426.758163	77.595	-19.8994
4427.124374	77.599	-20.2891
4427.490585	77.602	-20.6753
4427.856795	77.608	-21.0903
4428.223006	77.606	-21.5327
4428.589217	77.600	-21.9160
4428.955428	77.604	-22.2739
4429.321639	77.611	-22.6885
4429.687850	77.612	-23.1245
4430.054061	77.611	-23.5508
4430.420272	77.608	-23.9727
4430.786483	77.602	-24.3506
4431.152694	77.604	-24.7041
4431.518905	77.610	-25.0933
4431.885116	77.614	-25.4912
4432.251327	77.620	-25.8901
4432.617538	77.625	-26.3130
4432.983749	77.626	-26.7144
4433.349960	77.631	-27.1025
4433.716171	77.637	-27.5273
4434.082382	77.636	-27.9355
4434.448593	77.640	-28.3149
4434.814804	77.645	-28.7280
4435.181015	77.644	-29.1250
4435.547226	77.649	-29.4829
4435.913437	77.659	-29.9082
4436.279648	77.655	-30.3530
4436.645859	77.651	-30.6968
4437.012070	77.662	-31.0532
4437.378281	77.669	-31.5264
4437.744492	77.657	-31.9658
4438.110703	77.647	-32.2773
4438.476914	77.655	-32.5776
4438.843125	77.670	-32.9722
4439.209335	77.676	-33.4409
4439.575546	77.669	-33.8823
4439.941757	77.662	-34.2480
4440.307968	77.663	-34.6133
4440.674179	77.662	-34.9897
4441.040390	77.667	-35.3296
4441.406601	77.681	-35.7378
4441.772812	77.682	-36.2329
4442.139023	77.670	-36.6187
4442.505234	77.677	-36.9561
4442.871445	77.684	-37.4253
4443.237656	77.670	-37.8364
4443.603867	77.673	-38.1123
4443.970078	77.694	-38.5420
4444.336289	77.689	-39.0742
4444.702500	77.672	-39.4204
4445.068711	77.682	-39.7202
4445.434922	77.693	-40.1689
4445.801133	77.688	-40.6021
4446.167344	77.689	-40.9561
4446.533555	77.698	-41.3877
4446.899766	77.689	-41.8457
4447.265977	77.678	-42.1567
4447.632188	77.695	-42.4438
4447.998399	77.718	-42.9336
4448.364610	77.709	-43.4883
4448.730821	77.689	-43.8516
4449.097032	77.694	-44.1509
4449.463243	77.704	-44.5771
4449.829454	77.698	-44.9907
4450.195664	77.700	-45.3115
4450.561875	77.715	-45.7012
4450.928086	77.721	-46.1812
4451.294297	77.715	-46.6152
4451.660508	77.711	-46.9766
4452.026719	77.715	-47.3218
4452.392930	77.724	-47.6997
4452.759141	77.731	-48.1162
4453.125352	77.734	-48.5288
4453.491563	77.737	-48.9370
4453.857774	77.735	-49.3428
4454.223985	77.733	-49.6846
4454.590196	77.746	-50.0161
4454.956407	77.761	-50.4868
4455.322618	77.751	-50.9946
4455.688829	77.730	-51.3164
4456.055040	77.736	-51.5449
4456.421251	77.759	-51.9136
4456.787462	77.770	-52.3984
4457.153673	77.767	-52.8584
4457.519884	77.762	-53.2891
4457.886095	77.754	-53.7109
4458.252306	77.743	-54.0830
4458.618517	77.738	-54.4150
4458.984728	77.740	-54.7607
4459.350939	77.744	-55.1265
4459.717150	77.751	-55.5068
4460.083361	77.760	-55.9438
4460.449572	77.758	-56.4282
4460.815783	77.743	-56.8354
4461.181994	77.738	-57.1211
4461.548204	77.757	-57.4531
4461.914415	77.775	-57.9536
4462.280626	77.769	-58.4893
4462.646837	77.751	-58.9023
4463.013048	77.745	-59.2183
4463.379259	77.753	-59.5479
4463.745470	77.765	-59.9595
4464.111681	77.768	-60.4097
4464.477892	77.766	-60.8140
4464.844103	77.770	-61.1987
4465.210314	77.775	-61.6255
4465.576525	77.772	-62.0532
4465.942736	77.767	-62.4424
4466.308947	77.764	-62.7954
4466.675158	77.769	-63.1235
4467.041369	77.783	-63.5093
4467.407580	77.788	-63.9712
4467.773791	77.783	-64.3804
4468.140002	77.786	-64.7402
4468.506213	77.792	-65.1738
4468.872424	77.785	-65.6147
4469.238635	77.778	-65.9634
4469.604846	77.782	-66.3032
4469.971057	77.788	-66.6899
4470.337268	77.791	-67.0815
4470.703479	77.796	-67.4717
4471.069690	77.801	-67.8809
4471.435901	77.805	-68.3193
4471.802112	77.801	-68.7686
4472.168323	77.789	-69.1504
4472.534534	77.786	-69.4419
4472.900744	77.803	-69.7583
4473.266955	77.823	-70.2173
4473.633166	77.823	-70.7578
4473.999377	77.804	-71.1851
4474.365588	77.800	-71.4805
4474.731799	77.815	-71.8672
4475.098010	77.814	-72.3809
4475.464221	77.792	-72.7764
4475.830432	77.788	-73.0308
4476.196643	77.804	-73.3838
4476.562854	77.807	-73.8511
4476.929065	77.796	-74.2339
4477.295276	77.800	-74.5293
4477.661487	77.818	-74.9233
4478.027698	77.823	-75.4238
4478.393909	77.814	-75.8535
4478.760120	77.815	-76.2188
4479.126331	77.822	-76.6660
4479.492542	77.814	-77.1411
4479.858753	77.799	-77.5073
4480.224964	77.797	-77.8052
4480.591175	77.810	-78.1387
4480.957386	77.827	-78.5869
4481.323597	77.826	-79.1143
4481.689808	77.807	-79.5137
4482.056019	77.809	-79.7979
4482.422230	77.824	-80.2183
4482.788441	77.818	-80.6968
4483.154652	77.806	-81.0273
4483.520863	77.815	-81.3481
4483.887073	77.823	-81.7573
4484.253284	77.825	-82.1611
4484.619495	77.827	-82.5840
4484.985706	77.819	-82.9863
4485.351917	77.816	-83.2837
4485.718128	77.832	-83.6357
4486.084339	77.839	-84.1069
4486.450550	77.833	-84.5371
4486.816761	77.829	-84.9316
4487.182972	77.821	-85.3252
4487.549183	77.815	-85.6318
4487.915394	77.828	-85.9570
4488.281605	77.838	-86.4263
4488.647816	77.828	-86.8789
4489.014027	77.820	-87.2070
4489.380238	77.829	-87.5488
4489.746449	77.838	-87.9736
4490.112660	77.839	-88.4062
4490.478871	77.842	-88.8286
4490.845082	77.843	-89.2827
4491.211293	77.835	-89.7407
4491.577504	77.820	-90.1216
4491.943715	77.815	-90.4126
4492.309926	77.830	-90.7246
4492.676137	77.849	-91.1826
4493.042348	77.845	-91.7051
4493.408559	77.829	-92.0967
4493.774770	77.829	-92.4097
4494.140981	77.837	-92.8140
4494.507192	77.830	-93.2163
4494.873403	77.830	-93.5171
4495.239613	77.846	-93.8716
4495.605824	77.855	-94.3315
4495.972035	77.852	-94.7588
4496.338246	77.853	-95.1450
4496.704457	77.856	-95.5674
4497.070668	77.851	-95.9976
4497.436879	77.844	-96.3789
4497.803090	77.841	-96.7285
4498.169301	77.844	-97.0933
4498.535512	77.848	-97.4951
4498.901723	77.846	-97.9194
4499.267934	77.836	-98.3062
4499.634145	77.831	-98.6006
4500.000356	77.847	-98.9146
4500.366567	77.864	-99.3984
4500.732778	77.853	-99.9067
4501.098989	77.837	-100.2402
4501.465200	77.844	-100.5479
4501.831411	77.853	-100.9761
4502.197622	77.849	-101.3911
4502.563833	77.851	-101.7515
4502.930044	77.857	-102.1743
4503.296255	77.852	-102.6162
4503.662466	77.843	-102.9668
4504.028677	77.849	-103.2881
4504.394888	77.862	-103.7026
4504.761099	77.861	-104.1787
4505.127310	77.850	-104.5815
4505.493521	77.848	-104.9131
4505.859732	77.856	-105.3032
4506.225942	77.853	-105.7427
4506.592153	77.844	-106.1108
4506.958364	77.848	-106.4463
4507.324575	77.856	-106.8682
4507.690786	77.851	-107.3203
4508.056997	77.840	-107.6836
4508.423208	77.842	-107.9956
4508.789419	77.855	-108.3711
4509.155630	77.865	-108.8438
4509.521841	77.858	-109.3345
4509.888052	77.841	-109.7222
4510.254263	77.838	-110.0127
4510.620474	77.853	-110.3813
4510.986685	77.857	-110.8794
4511.352896	77.840	-111.3188
4511.719107	77.828	-111.6182
4512.085318	77.834	-111.9170
4512.451529	77.844	-112.2822
4512.817740	77.853	-112.6748
4513.183951	77.861	-113.1187
4513.550162	77.856	-113.5830
4513.916373	77.847	-113.9653
4514.282584	77.849	-114.3438
4514.648795	77.843	-114.7959
4515.015006	77.822	-115.1265
4515.381217	77.827	-115.3125
4515.747428	77.861	-115.6938
4516.113639	77.867	-116.2832
4516.479850	77.845	-116.7285
4516.846061	77.840	-117.0352
4517.212272	77.847	-117.4185
4517.578482	77.849	-117.8516
4517.944693	77.846	-118.2861
4518.310904	77.836	-118.7158
4518.677115	77.823	-119.0503
4519.043326	77.826	-119.3472
4519.409537	77.836	-119.7319
4519.775748	77.839	-120.1382
4520.141959	77.844	-120.5347
4520.508170	77.847	-120.9819
4520.874381	77.840	-121.4194
4521.240592	77.830	-121.7925
4521.606803	77.825	-122.1196
4521.973014	77.829	-122.4155
4522.339225	77.847	-122.7866
4522.705436	77.853	-123.2646
4523.071647	77.843	-123.6719
4523.437858	77.846	-124.0078
4523.804069	77.853	-124.4424
4524.170280	77.843	-124.8853
4524.536491	77.832	-125.1992
4524.902702	77.839	-125.5171
4525.268913	77.847	-125.9224
4525.635124	77.846	-126.3330
4526.001335	77.845	-126.7354
4526.367546	77.840	-127.1221
4526.733757	77.840	-127.4800
4527.099968	77.844	-127.8926
4527.466179	77.836	-128.3306
4527.832390	77.824	-128.6523
4528.198601	77.833	-128.9663
4528.564811	77.841	-129.4136
4528.931022	77.831	-129.8213
4529.297233	77.834	-130.1436
4529.663444	77.844	-130.5830
4530.029655	77.831	-131.0366
4530.395866	77.822	-131.3120
4530.762077	77.842	-131.6353
4531.128288	77.852	-132.1504
4531.494499	77.836	-132.5918
4531.860710	77.831	-132.8843
4532.226921	77.846	-133.2559
4532.593132	77.849	-133.7280
4532.959343	77.839	-134.1367
4533.325554	77.838	-134.4790
4533.691765	77.845	-134.8691
4534.057976	77.844	-135.3071
4534.424187	77.836	-135.6938
4534.790398	77.836	-136.0317
4535.156609	77.842	-136.4199
4535.522820	77.841	-136.8447
4535.889031	77.837	-137.2158
4536.255242	77.842	-137.5791
4536.621453	77.847	-138.0205
4536.987664	77.838	-138.4658
4537.353875	77.828	-138.8188
4537.720086	77.829	-139.1543
4538.086297	77.833	-139.5420
4538.452508	77.833	-139.9297
4538.818719	77.835	-140.3169
4539.184930	77.834	-140.7388
4539.551141	77.825	-141.1191
4539.917351	77.824	-141.4351
4540.283562	77.834	-141.7939
4540.649773	77.839	-142.2168
4541.015984	77.838	-142.6392
4541.382195	77.832	-143.0386
4541.748406	77.826	-143.3862
4542.114617	77.829	-143.6968
4542.480828	77.842	-144.0703
4542.847039	77.850	-144.5161
4543.213250	77.850	-144.9688
4543.579461	77.843	-145.4131
4543.945672	77.830	-145.8076
4544.311883	77.821	-146.1187
4544.678094	77.825	-146.4321
4545.044305	77.832	-146.7998
4545.410516	77.837	-147.1870
4545.776727	77.841	-147.5928
4546.142938	77.840	-147.9941
4546.509149	77.841	-148.3672
4546.875360	77.846	-148.7734
4547.241571	77.843	-149.1953
4547.607782	77.840	-149.5571
4547.973993	77.845	-149.9268
4548.340204	77.848	-150.3477
4548.706415	77.845	-150.7515
4549.072626	77.842	-151.1494
4549.438837	77.833	-151.5093
4549.805048	77.834	-151.7637
4550.171259	77.861	-152.1040
4550.537470	77.877	-152.6553
4550.903681	77.862	-153.1621
4551.269891	77.848	-153.5190
4551.636102	77.844	-153.8789
4552.002313	77.838	-154.2178
4552.368524	77.844	-154.5332
4552.734735	77.852	-154.9634
4553.100946	77.840	-155.3823
4553.467157	77.835	-155.6470
4553.833368	77.854	-155.9854
4554.199579	77.861	-156.4912
4554.565790	77.844	-156.9102
4554.932001	77.839	-157.1968
4555.298212	77.852	-157.5439
4555.664423	77.860	-157.9951
4556.030634	77.854	-158.4556
4556.396845	77.841	-158.8423
4556.763056	77.836	-159.1621
4557.129267	77.843	-159.5259
4557.495478	77.842	-159.9536
4557.861689	77.832	-160.3276
4558.227900	77.831	-160.6353
4558.594111	77.842	-160.9854
4558.960322	77.851	-161.4116
4559.326533	77.850	-161.8472
4559.692744	77.848	-162.2578
4560.058955	77.845	-162.6772
4560.425166	77.833	-163.0586
4560.791377	77.830	-163.3374
4561.157588	77.848	-163.6738
4561.523799	77.858	-164.1665
4561.890010	77.845	-164.5913
4562.256220	77.845	-164.9087
4562.622431	77.853	-165.3232
4562.988642	77.845	-165.7451
4563.354853	77.841	-166.0513
4563.721064	77.851	-166.4082
4564.087275	77.852	-166.8237
4564.453486	77.849	-167.1602
4564.819697	77.861	-167.5078
4565.185908	77.869	-167.9463
4565.552119	77.864	-168.3745
4565.918330	77.859	-168.7402
4566.284541	77.860	-169.0908
4566.650752	77.864	-169.4780
4567.016963	77.861	-169.8813
4567.383174	77.856	-170.2368
4567.749385	77.859	-170.5771
4568.115596	77.863	-170.9531
4568.481807	77.865	-171.3325
4568.848018	77.869	-171.7212
4569.214229	77.871	-172.1426
4569.580440	77.867	-172.5542
4569.946651	77.862	-172.9365
4570.312862	77.859	-173.2935
4570.679073	77.863	-173.6514
4571.045284	77.867	-174.0601
4571.411495	77.863	-174.4590
4571.777706	77.865	-174.8120
4572.143917	77.871	-175.2197
4572.510128	77.865	-175.6313
4572.876339	77.863	-175.9326
4573.242550	77.882	-176.2856
4573.608760	77.892	-176.7920
4573.974971	77.878	-177.2437
4574.341182	77.869	-177.5625
4574.707393	77.873	-177.8848
4575.073604	77.879	-178.2368
4575.439815	77.889	-178.5981
4575.806026	77.898	-179.0166
4576.172237	77.897	-179.4512
4576.538448	77.894	-179.8291
4576.904659	77.895	179.7852
4577.270870	77.887	179.3799
4577.637081	77.876	179.0918
4578.003292	77.889	178.8501
4578.369503	77.914	178.4160
4578.735714	77.908	177.8848
4579.101925	77.886	177.5303
4579.468136	77.886	177.2920
4579.834347	77.904	176.9604
4580.200558	77.918	176.5103
4580.566769	77.917	176.0259
4580.932980	77.904	175.6226
4581.299191	77.903	175.3022
4581.665402	77.912	174.8979
4582.031613	77.906	174.4414
4582.397824	77.894	174.1172
4582.764035	77.904	173.8105
4583.130246	77.914	173.3774
4583.496457	77.910	172.9707
4583.862668	77.914	172.6206
4584.228879	77.921	172.1973
4584.595089	77.916	171.7949
4584.961300	77.919	171.4673
4585.327511	77.933	171.0513
4585.693722	77.930	170.5728
4586.059933	77.917	170.1982
4586.426144	77.914	169.8965
4586.792355	77.923	169.5649
4587.158566	77.932	169.1772
4587.524777	77.935	168.7490
4587.890988	77.930	168.3516
4588.257199	77.926	168.0093
4588.623410	77.929	167.6631
4588.989621	77.932	167.3003
4589.355832	77.936	166.9326
4589.722043	77.938	166.5522
4590.088254	77.939	166.1860
4590.454465	77.944	165.8291
4590.820676	77.951	165.4351
4591.186887	77.954	165.0264
4591.553098	77.956	164.6284
4591.919309	77.956	164.2222
4592.285520	77.953	163.8345
4592.651731	77.954	163.4746
4593.017942	77.958	163.0889
4593.384153	77.957	162.6982
4593.750364	77.959	162.3501
4594.116575	77.969	161.9697
4594.482786	77.972	161.5225
4594.848997	77.964	161.1343
4595.215208	77.967	160.8164
4595.581419	77.979	160.4131
4595.947629	77.976	159.9575
4596.313840	77.966	159.6177
4596.680051	77.976	159.3110
4597.046262	77.990	158.8657
4597.412473	77.981	158.3940
4597.778684	77.966	158.0737
4598.144895	77.972	157.8091
4598.511106	77.990	157.4199
4598.877317	77.990	156.9556
4599.243528	77.979	156.5913
4599.609739	77.982	156.3188
4599.975950	78.002	155.9678
4600.342161	78.016	155.4897
4600.708372	78.012	155.0039
4601.074583	78.000	154.6030
4601.440794	77.996	154.2627
4601.807005	78.000	153.9077
4602.173216	78.003	153.5132
4602.539427	78.002	153.1226
4602.905638	78.003	152.7456
4603.271849	78.003	152.3608
4603.638060	78.001	151.9932
4604.004271	78.004	151.6431
4604.370482	78.010	151.2671
4604.736693	78.013	150.8740
4605.102904	78.015	150.4937
4605.469115	78.019	150.0981
4605.835326	78.017	149.6885
4606.201537	78.012	149.3320
4606.567748	78.016	149.0210
4606.933959	78.030	148.6406
4607.300169	78.034	148.1812
4607.666380	78.027	147.7793
4608.032591	78.027	147.4404
4608.398802	78.032	147.0435
4608.765013	78.026	146.6431
4609.131224	78.023	146.3462
4609.497435	78.039	146.0200
4609.863646	78.051	145.5586
4610.229857	78.044	145.1187
4610.596068	78.040	144.7925
4610.962279	78.051	144.4395
4611.328490	78.057	144.0024
4611.694701	78.052	143.6001
4612.060912	78.052	143.2607
4612.427123	78.061	142.8901
4612.793334	78.065	142.4756
4613.159545	78.065	142.0850
4613.525756	78.069	141.7183
4613.891967	78.075	141.3218
4614.258178	78.076	140.9131
4614.624389	78.075	140.5508
4614.990600	78.083	140.1953
4615.356811	78.092	139.7705
4615.723022	78.089	139.3438
4616.089233	78.087	138.9937
4616.455444	78.094	138.6260
4616.821655	78.095	138.2124
4617.187866	78.091	137.8794
4617.554077	78.104	137.5649
4617.920288	78.119	137.1255
4618.286498	78.116	136.6748
4618.652709	78.114	136.3057
4619.018920	78.118	135.9224
4619.385131	78.118	135.5361
4619.751342	78.123	135.1636
4620.117553	78.128	134.7202
4620.483764	78.116	134.3027
4620.849975	78.111	134.0063
4621.216186	78.125	133.6533
4621.582397	78.127	133.2012
4621.948608	78.119	132.8311
4622.314819	78.123	132.5029
4622.681030	78.129	132.1016
4623.047241	78.127	131.7280
4623.413452	78.134	131.4097
4623.779663	78.152	131.0137
4624.145874	78.161	130.5308
4624.512085	78.156	130.0591
4624.878296	78.146	129.6533
4625.244507	78.140	129.3262
4625.610718	78.147	129.0039
4625.976929	78.158	128.6094
4626.343140	78.162	128.1963
4626.709351	78.165	127.7954
4627.075562	78.163	127.3857
4627.441773	78.157	127.0503
4627.807984	78.168	126.7686
4628.174195	78.190	126.3545
4628.540406	78.192	125.8608
4628.906617	78.185	125.4736
4629.272828	78.188	125.1201
4629.639038	78.190	124.7300
4630.005249	78.192	124.3809
4630.371460	78.204	124.0117
4630.737671	78.211	123.5542
4631.103882	78.204	123.1313
4631.470093	78.200	122.7876
4631.836304	78.207	122.4243
4632.202515	78.211	122.0039
4632.568726	78.205	121.5972
4632.934937	78.202	121.2612
4633.301148	78.211	120.9121
4633.667359	78.215	120.4717
4634.033570	78.205	120.0747
4634.399781	78.204	119.7822
4634.765992	78.217	119.4326
4635.132203	78.223	119.0107
4635.498414	78.223	118.6294
4635.864625	78.228	118.2520
4636.230836	78.230	117.8696
4636.597047	78.237	117.5342
4636.963258	78.256	117.1362
4637.329469	78.265	116.6196
4637.695680	78.254	116.1519
4638.061891	78.246	115.8008
4638.428102	78.250	115.4487
4638.794313	78.252	115.0664
4639.160524	78.255	114.7124
4639.526735	78.267	114.3447
4639.892946	78.278	113.8989
4640.259157	78.277	113.4453
4640.625367	78.272	113.0581
4640.991578	78.274	112.6895
4641.357789	78.276	112.2969
4641.724000	78.275	111.9165
4642.090211	78.275	111.5825
4642.456422	78.285	111.2607
4642.822633	78.303	110.8525
4643.188844	78.307	110.3643
4643.555055	78.295	109.9736
4643.921266	78.299	109.6943
4644.287477	78.319	109.2979
4644.653688	78.320	108.7954
4645.019899	78.306	108.4238
4645.386110	78.310	108.1299
4645.752321	78.320	107.7446
4646.118532	78.320	107.3647
4646.484743	78.327	107.0439
4646.850954	78.344	106.6494
4647.217165	78.350	106.1919
4647.583376	78.349	105.7686
4647.949587	78.348	105.3721
4648.315798	78.347	105.0049
4648.682009	78.355	104.6309
4649.048220	78.359	104.1777
4649.414431	78.345	103.7715
4649.780642	78.340	103.5161
4650.146853	78.361	103.2222
4650.513064	78.382	102.7559
4650.879275	78.382	102.2520
4651.245486	78.371	101.8384
4651.611697	78.367	101.5107
4651.977907	78.378	101.1621
4652.344118	78.385	100.7061
4652.710329	78.372	100.2847
4653.076540	78.366	100.0234
4653.442751	78.386	99.7173
4653.808962	78.400	99.2471
4654.175173	78.394	98.8281
4654.541384	78.399	98.4971
4654.907595	78.413	98.0776
4655.273806	78.413	97.6274
4655.640017	78.413	97.2397
4656.006228	78.416	96.8198
4656.372439	78.408	96.4165
4656.738650	78.408	96.1201
4657.104861	78.427	95.7500
4657.471072	78.432	95.2529
4657.837283	78.420	94.8667
4658.203494	78.425	94.5835
4658.569705	78.444	94.1880
4658.935916	78.449	93.7163
4659.302127	78.445	93.3115
4659.668338	78.447	92.9604
4660.034549	78.457	92.5957
4660.400760	78.469	92.1670
4660.766971	78.470	91.7080
4661.133182	78.464	91.3345
4661.499393	78.472	91.0005
4661.865604	78.484	90.5649
4662.231815	78.481	90.1162
4662.598026	78.476	89.7661
4662.964236	78.483	89.4126
4663.330447	78.487	89.0317
4663.696658	78.497	88.6875
4664.062869	78.517	88.2471
4664.429080	78.516	87.6963
4664.795291	78.495	87.3003
4665.161502	78.497	87.0322
4665.527713	78.515	86.6147
4665.893924	78.510	86.1333
4666.260135	78.501	85.7886
4666.626346	78.510	85.4395
4666.992557	78.513	84.9951
4667.358768	78.502	84.6304
4667.724979	78.506	84.3662
4668.091190	78.528	84.0239
4668.457401	78.544	83.5640
4668.823612	78.546	83.1050
4669.189823	78.545	82.7061
4669.556034	78.549	82.3218
4669.922245	78.553	81.9326
4670.288456	78.558	81.5532
4670.654667	78.566	81.1489
4671.020878	78.568	80.7280
4671.387089	78.567	80.3701
4671.753300	78.580	80.0146
4672.119511	78.592	79.5439
4672.485722	78.583	79.0737
4672.851933	78.572	78.7524
4673.218144	78.582	78.4468
4673.584355	78.595	78.0161
4673.950566	78.590	77.5874
4674.316776	78.589	77.2632
4674.682987	78.606	76.8892
4675.049198	78.612	76.3818
4675.415409	78.596	75.9414
4675.781620	78.589	75.6646
4676.147831	78.606	75.3296
4676.514042	78.615	74.8525
4676.880253	78.607	74.4375
4677.246464	78.610	74.1025
4677.612675	78.620	73.6987
4677.978886	78.620	73.2949
4678.345097	78.629	72.9355
4678.711308	78.643	72.4673
4679.077519	78.633	71.9751
4679.443730	78.619	71.6787
4679.809941	78.636	71.4106
4680.176152	78.659	70.9546
4680.542363	78.659	70.4653
4680.908574	78.656	70.0659
4681.274785	78.658	69.6680
4681.640996	78.655	69.2832
4682.007207	78.659	68.9370
4682.373418	78.668	68.5454
4682.739629	78.669	68.1318
4683.105840	78.670	67.7656
4683.472051	78.676	67.3901
4683.838262	78.680	66.9956
4684.204473	78.685	66.6143
4684.570684	78.692	66.1948
4684.936895	78.690	65.7622
4685.303106	78.687	65.4072
4685.669316	78.699	65.0469
4686.035527	78.710	64.5771
4686.401738	78.705	64.0962
4686.767949	78.696	63.7036
4687.134160	78.696	63.3457
4687.500371	78.700	62.9609
4687.866582	78.703	62.5591
4688.232793	78.705	62.1621
4688.599004	78.706	61.7769
4688.965215	78.709	61.4053
4689.331426	78.717	61.0283
4689.697637	78.725	60.6128
4690.063848	78.727	60.1880
4690.430059	78.727	59.8047
4690.796270	78.732	59.4121
4691.162481	78.732	59.0005
4691.528692	78.729	58.6606
4691.894903	78.741	58.3335
4692.261114	78.754	57.8955
4692.627325	78.751	57.4536
4692.993536	78.750	57.0972
4693.359747	78.757	56.7095
4693.725958	78.756	56.2905
4694.092169	78.755	55.9360
4694.458380	78.765	55.5630
4694.824591	78.770	55.1182
4695.190802	78.765	54.7114
4695.557013	78.768	54.3442
4695.923224	78.775	53.9150
4696.289435	78.771	53.4673
4696.655645	78.765	53.0957
4697.021856	78.770	52.7310
4697.388067	78.774	52.2881
4697.754278	78.764	51.8745
4698.120489	78.762	51.5703
4698.486700	78.777	51.2178
4698.852911	78.786	50.7505
4699.219122	78.782	50.3354
4699.585333	78.787	49.9839
4699.951544	78.799	49.5581
4700.317755	78.800	49.1011
4700.683966	78.799	48.6802
4701.050177	78.795	48.2671
4701.416388	78.789	47.9229
4701.782599	78.800	47.6201
4702.148810	78.818	47.1855
4702.515021	78.817	46.7065
4702.881232	78.812	46.3545
4703.247443	78.825	45.9814
4703.613654	78.829	45.5063
4703.979865	78.820	45.1118
4704.346076	78.824	44.7769
4704.712287	78.831	44.3657
4705.078498	78.826	43.9834
4705.444709	78.831	43.6816
4705.810920	78.851	43.2998
4706.177131	78.861	42.8154
4706.543342	78.857	42.3662
4706.909553	78.854	41.9805
4707.275764	78.857	41.5938
4707.641975	78.858	41.1890
4708.008185	78.858	40.7935
4708.374396	78.859	40.4121
4708.740607	78.862	40.0107
4709.106818	78.860	39.5986
4709.473029	78.854	39.2349
4709.839240	78.857	38.9170
4710.205451	78.870	38.5566
4710.571662	78.881	38.1021
4710.937873	78.876	37.6406
4711.304084	78.868	37.2822
4711.670295	78.875	36.9595
4712.036506	78.888	36.5469
4712.402717	78.891	36.0903
4712.768928	78.888	35.6787
4713.135139	78.889	35.2983
4713.501350	78.894	34.9116
4713.867561	78.900	34.4858
4714.233772	78.899	34.0415
4714.599983	78.893	33.6694
4714.966194	78.899	33.3315
4715.332405	78.911	32.9072
4715.698616	78.911	32.4570
4716.064827	78.908	32.0791
4716.431038	78.916	31.7139
4716.797249	78.926	31.2876
4717.163460	78.928	30.8057
4717.529671	78.915	30.3701
4717.895882	78.906	30.0684
4718.262093	78.919	29.7427
4718.628304	78.925	29.2827
4718.994514	78.913	28.9209
4719.360725	78.924	28.6758
4719.726936	78.952	28.2329
4720.093147	78.949	27.6807
4720.459358	78.934	27.3257
4720.825569	78.944	27.0078
4721.191780	78.952	26.5571
4721.557991	78.947	26.1577
4721.924202	78.955	25.8091
4722.290413	78.967	25.3521
4722.656624	78.963	24.8921
4723.022835	78.961	24.5044
4723.389046	78.964	24.0801
4723.755257	78.959	23.6719
4724.121468	78.963	23.3174
4724.487679	78.972	22.8765
4724.853890	78.965	22.4199
4725.220101	78.960	22.0864
4725.586312	78.974	21.7095
4725.952523	78.976	21.2324
4726.318734	78.966	20.8628
4726.684945	78.977	20.5439
4727.051156	78.992	20.0796
4727.417367	78.983	19.5972
4727.783578	78.971	19.2681
4728.149789	78.980	18.9819
4728.516000	78.999	18.5913
4728.882211	79.007	18.1348
4729.248422	79.008	17.7109
4729.614633	79.011	17.3042
4729.980844	79.012	16.8833
4730.347054	79.010	16.5029
4730.713265	79.017	16.1221
4731.079476	79.019	15.6729
4731.445687	79.008	15.2925
4731.811898	79.014	15.0083
4732.178109	79.034	14.5859
4732.544320	79.030	14.0747
4732.910531	79.015	13.7500
4733.276742	79.033	13.4702
4733.642953	79.055	12.9653
4734.009164	79.045	12.4312
4734.375375	79.031	12.0801
4734.741586	79.040	11.7251
4735.107797	79.043	11.2642
4735.474008	79.035	10.8516
4735.840219	79.033	10.5024
4736.206430	79.038	10.1362
4736.572641	79.046	9.7544
4736.938852	79.057	9.3086
4737.305063	79.054	8.8232
4737.671274	79.044	8.4575
4738.037485	79.055	8.1318
4738.403696	79.070	7.6523
4738.769907	79.063	7.1685
4739.136118	79.059	6.8179
4739.502329	79.072	6.3955
4739.868540	79.066	5.8818
4740.234751	79.047	5.5337
4740.600962	79.054	5.2905
4740.967173	79.079	4.8853
4741.333384	79.085	4.3716
4741.699594	79.078	3.9331
4742.065805	79.074	3.5474
4742.432016	79.073	3.1763
4742.798227	79.076	2.8306
4743.164438	79.087	2.4463
4743.530649	79.093	2.0098
4743.896860	79.092	1.5845
4744.263071	79.091	1.1860
4744.629282	79.090	0.8037
4744.995493	79.093	0.4175
4745.361704	79.092	0.0190
4745.727915	79.092	-0.3286
4746.094126	79.105	-0.6733
4746.460337	79.121	-1.1582
4746.826548	79.114	-1.6782
4747.192759	79.099	-2.0571
4747.558970	79.099	-2.3823
4747.925181	79.107	-2.7524
4748.291392	79.117	-3.1606
4748.657603	79.124	-3.6362
4749.023814	79.117	-4.1108
4749.390025	79.109	-4.4800
4749.756236	79.115	-4.8350
4750.122447	79.124	-5.2715
4750.488658	79.124	-5.7251
4750.854869	79.119	-6.1401
4751.221080	79.117	-6.5078
4751.587291	79.124	-6.8584
4751.953502	79.137	-7.2739
4752.319713	79.143	-7.7461
4752.685923	79.140	-8.1826
4753.052134	79.139	-8.5796
4753.418345	79.139	-8.9731
4753.784556	79.141	-9.3506
4754.150767	79.148	-9.7290
4754.516978	79.157	-10.1450
4754.883189	79.161	-10.5903
4755.249400	79.158	-11.0322
4755.615611	79.151	-11.4268
4755.981822	79.148	-11.7573
4756.348033	79.158	-12.1001
4756.714244	79.169	-12.5249
4757.080455	79.169	-12.9707
4757.446666	79.165	-13.3535
4757.812877	79.170	-13.7012
4758.179088	79.183	-14.1055
4758.545299	79.191	-14.5908
4758.911510	79.183	-15.0557
4759.277721	79.176	-15.4219
4759.643932	79.182	-15.7856
4760.010143	79.187	-16.2148
4760.376354	79.188	-16.6221
4760.742565	79.195	-17.0283
4761.108776	79.199	-17.5117
4761.474987	79.188	-17.9521
4761.841198	79.185	-18.2896
4762.207409	79.195	-18.6797
4762.573620	79.196	-19.1353
4762.939831	79.191	-19.5317
4763.306042	79.193	-19.8931
4763.672253	79.201	-20.2847
4764.038463	79.209	-20.7202
4764.404674	79.206	-21.2056
4764.770885	79.188	-21.6045
4765.137096	79.182	-21.8359
4765.503307	79.208	-22.1440
4765.869518	79.225	-22.6465
4766.235729	79.220	-23.1006
4766.601940	79.226	-23.4824
4766.968151	79.232	-23.9785
4767.334362	79.215	-24.4429
4767.700573	79.206	-24.7251
4768.066784	79.224	-25.0708
4768.432995	79.232	-25.5884
4768.799206	79.216	-26.0342
4769.165417	79.209	-26.3467
4769.531628	79.219	-26.6982
4769.897839	79.227	-27.1221
4770.264050	79.231	-27.5596
4770.630261	79.230	-28.0073
4770.996472	79.222	-28.4180
4771.362683	79.219	-28.7524
4771.728894	79.231	-29.1079
4772.095105	79.242	-29.5522
4772.461316	79.245	-30.0093
4772.827527	79.246	-30.4531
4773.193738	79.242	-30.9116
4773.559949	79.231	-31.2954
4773.926160	79.236	-31.6167
4774.292371	79.251	-32.0674
4774.658582	79.241	-32.5708
4775.024792	79.224	-32.8828
4775.391003	79.239	-33.1519
4775.757214	79.260	-33.6172
4776.123425	79.256	-34.1196
4776.489636	79.249	-34.5034
4776.855847	79.253	-34.8843
4777.222058	79.253	-35.2876
4777.588269	79.256	-35.6499
4777.954480	79.268	-36.0415
4778.320691	79.276	-36.5063
4778.686902	79.274	-36.9644
4779.053113	79.269	-37.3667
4779.419324	79.270	-37.7344
4779.785535	79.278	-38.1265
4780.151746	79.284	-38.5786
4780.517957	79.278	-39.0127
4780.884168	79.274	-39.3618
4781.250379	79.284	-39.7222
4781.616590	79.293	-40.1602
4781.982801	79.294	-40.5889
4782.349012	79.299	-40.9956
4782.715223	79.304	-41.4639
4783.081434	79.296	-41.9351
4783.447645	79.285	-42.3125
4783.813856	79.284	-42.6631
4784.180067	79.285	-43.0454
4784.546278	79.286	-43.4111
4784.912489	79.295	-43.7930
4785.278700	79.301	-44.2397
4785.644911	79.299	-44.6699
4786.011122	79.300	-45.0659
4786.377332	79.304	-45.5103
4786.743543	79.296	-45.9492
4787.109754	79.291	-46.3105
4787.475965	79.297	-46.6924
4787.842176	79.296	-47.1201
4788.208387	79.293	-47.4771
4788.574598	79.304	-47.8188
4788.940809	79.320	-48.2808
4789.307020	79.318	-48.7754
4789.673231	79.310	-49.1802
4790.039442	79.310	-49.5508
4790.405653	79.313	-49.9395
4790.771864	79.318	-50.3296
4791.138075	79.324	-50.7476
4791.504286	79.324	-51.1890
4791.870497	79.318	-51.5796
4792.236708	79.320	-51.9209
4792.602919	79.329	-52.2925
4792.969130	79.338	-52.7241
4793.335341	79.339	-53.1743
4793.701552	79.333	-53.5840
4794.067763	79.333	-53.9424
4794.433974	79.341	-54.3345
4794.800185	79.344	-54.7988
4795.166396	79.335	-55.2285
4795.532607	79.330	-55.5874
4795.898818	79.334	-55.9722
4796.265029	79.332	-56.3809
4796.631240	79.331	-56.7432
4796.997451	79.339	-57.1196
4797.363661	79.346	-57.5688
4797.729872	79.341	-58.0088
4798.096083	79.338	-58.3799
4798.462294	79.346	-58.7500
4798.828505	79.357	-59.1963
4799.194716	79.356	-59.6807
4799.560927	79.347	-60.0977
4799.927138	79.345	-60.4492
4800.293349	79.353	-60.8311
4800.659560	79.360	-61.2559
4801.025771	79.364	-61.6753
4801.391982	79.369	-62.1069
4801.758193	79.371	-62.5669
4802.124404	79.365	-63.0093
4802.490615	79.359	-63.3945
4802.856826	79.362	-63.7646
4803.223037	79.367	-64.1909
4803.589248	79.361	-64.6318
4803.955459	79.353	-64.9824
4804.321670	79.360	-65.3081
4804.687881	79.371	-65.7354
4805.054092	79.370	-66.1875
4805.420303	79.366	-66.5732
4805.786514	79.370	-66.9663
4806.152725	79.370	-67.3745
4806.518936	79.375	-67.7554
4806.885147	79.384	-68.2109
4807.251358	79.376	-68.7148
4807.617569	79.357	-69.0654
4807.983780	79.363	-69.3389
4808.349991	79.381	-69.7578
4808.716201	79.380	-70.2217
4809.082412	79.378	-70.5903
4809.448623	79.388	-70.9849
4809.814834	79.392	-71.4370
4810.181045	79.392	-71.8467
4810.547256	79.399	-72.2676
4810.913467	79.398	-72.7515
4811.279678	79.384	-73.1709
4811.645889	79.378	-73.4780
4812.012100	79.390	-73.8154
4812.378311	79.400	-74.2583
4812.744522	79.397	-74.6870
4813.110733	79.398	-75.0420
4813.476944	79.410	-75.4458
4813.843155	79.414	-75.9248
4814.209366	79.407	-76.3545
4814.575577	79.406	-76.7456
4814.941788	79.404	-77.1606
4815.307999	79.401	-77.5415
4815.674210	79.406	-77.9204
4816.040421	79.408	-78.3687
4816.406632	79.400	-78.7783
4816.772843	79.400	-79.1182
4817.139054	79.410	-79.5239
4817.505265	79.410	-79.9751
4817.871476	79.406	-80.3750
4818.237687	79.409	-80.7754
4818.603898	79.409	-81.2017
4818.970109	79.409	-81.6055
4819.336320	79.412	-82.0210
4819.702531	79.411	-82.4766
4820.068741	79.402	-82.8887
4820.434952	79.400	-83.2339
4820.801163	79.409	-83.6216
4821.167374	79.414	-84.0903
4821.533585	79.406	-84.5298
4821.899796	79.402	-84.8940
4822.266007	79.409	-85.2720
4822.632218	79.415	-85.7114
4822.998429	79.413	-86.1616
4823.364640	79.407	-86.5679
4823.730851	79.407	-86.9399
4824.097062	79.410	-87.3345
4824.463273	79.410	-87.7373
4824.829484	79.411	-88.0913
4825.195695	79.424	-88.4604
4825.561906	79.437	-88.9175
4825.928117	79.439	-89.3965
4826.294328	79.434	-89.8428
4826.660539	79.427	-90.2407
4827.026750	79.427	-90.5981
4827.392961	79.433	-91.0083
4827.759172	79.428	-91.4355
4828.125383	79.424	-91.7524
4828.491594	79.442	-92.1104
4828.857805	79.449	-92.6226
4829.224016	79.436	-93.0547
4829.590227	79.438	-93.3945
4829.956438	79.445	-93.8584
4830.322649	79.431	-94.3091
4830.688860	79.423	-94.6094
4831.055070	79.434	-94.9692
4831.421281	79.437	-95.4150
4831.787492	79.435	-95.7881
4832.153703	79.447	-96.1885
4832.519914	79.450	-96.6973
4832.886125	79.436	-97.1421
4833.252336	79.431	-97.4683
4833.618547	79.443	-97.8330
4833.984758	79.453	-98.3052
4834.350969	79.448	-98.7788
4834.717180	79.443	-99.1699
4835.083391	79.449	-99.5723
4835.449602	79.448	-100.0474
4835.815813	79.434	-100.4326
4836.182024	79.438	-100.7129
4836.548235	79.460	-101.1382
4836.914446	79.457	-101.6743
4837.280657	79.438	-102.0366
4837.646868	79.444	-102.2993
4838.013079	79.463	-102.7056
4838.379290	79.466	-103.1865
4838.745501	79.460	-103.5952
4839.111712	79.460	-103.9556
4839.477923	79.469	-104.3501
4839.844134	79.473	-104.8213
4840.210345	79.461	-105.2632
4840.576556	79.454	-105.5806
4840.942767	79.469	-105.9453
4841.308978	79.474	-106.4517
4841.675189	79.462	-106.9082
4842.041400	79.455	-107.2900
4842.407610	79.450	-107.7031
4842.773821	79.441	-108.0620
4843.140032	79.447	-108.3936
4843.506243	79.455	-108.8394
4843.872454	79.447	-109.2686
4844.238665	79.448	-109.6011
4844.604876	79.463	-110.0186
4844.971087	79.464	-110.5068
4845.337298	79.458	-110.9160
4845.703509	79.461	-111.3154
4846.069720	79.461	-111.7490
4846.435931	79.458	-112.1304
4846.802142	79.466	-112.5039
4847.168353	79.473	-112.9399
4847.534564	79.473	-113.3730
4847.900775	79.473	-113.7651
4848.266986	79.478	-114.1772
4848.633197	79.478	-114.6138
4848.999408	79.473	-115.0068
4849.365619	79.473	-115.3447
4849.731830	79.484	-115.7061
4850.098041	79.496	-116.1387
4850.464252	79.501	-116.6152
4850.830463	79.495	-117.0957
4851.196674	79.480	-117.5137
4851.562885	79.468	-117.8208
4851.929096	79.476	-118.1089
4852.295307	79.494	-118.5098
4852.661518	79.499	-118.9966
4853.027729	79.492	-119.4463
4853.393939	79.484	-119.8232
4853.760150	79.484	-120.1787
4854.126361	79.490	-120.5527
4854.492572	79.498	-120.9634
4854.858783	79.502	-121.4160
4855.224994	79.496	-121.8481
4855.591205	79.495	-122.2109
4855.957416	79.506	-122.6045
4856.323627	79.511	-123.0986
4856.689838	79.499	-123.5566
4857.056049	79.492	-123.8906
4857.422260	79.503	-124.2417
4857.788471	79.514	-124.7051
4858.154682	79.511	-125.1851
4858.520893	79.505	-125.6118
4858.887104	79.502	-126.0239
4859.253315	79.498	-126.4375
4859.619526	79.494	-126.8325
4859.985737	79.491	-127.2222
4860.351948	79.488	-127.6084
4860.718159	79.487	-127.9702
4861.084370	79.492	-128.3301
4861.450581	79.501	-128.7314
4861.816792	79.507	-129.1748
4862.183003	79.507	-129.6284
4862.549214	79.503	-130.0581
4862.915425	79.499	-130.4595
4863.281636	79.497	-130.8550
4863.647847	79.496	-131.2310
4864.014058	79.501	-131.5938
4864.380269	79.512	-132.0156
4864.746479	79.514	-132.4849
4865.112690	79.509	-132.9146
4865.478901	79.508	-133.3198
4865.845112	79.506	-133.7339
4866.211323	79.501	-134.1152
4866.577534	79.503	-134.4707
4866.943745	79.509	-134.8462
4867.309956	79.517	-135.2441
4867.676167	79.526	-135.6782
4868.042378	79.526	-136.1440
4868.408589	79.519	-136.5576
4868.774800	79.518	-136.9028
4869.141011	79.528	-137.2725
4869.507222	79.537	-137.7168
4869.873433	79.537	-138.1836
4870.239644	79.530	-138.6182
4870.605855	79.522	-139.0034
4870.972066	79.521	-139.3535
4871.338277	79.527	-139.7339
4871.704488	79.530	-140.1787
4872.070699	79.523	-140.6074
4872.436910	79.517	-140.9692
4872.803121	79.519	-141.3271
4873.169332	79.523	-141.7065
4873.535543	79.531	-142.1064
4873.901754	79.537	-142.5698
4874.267965	79.530	-143.0356
4874.634176	79.521	-143.4023
4875.000387	79.527	-143.7598
4875.366598	79.535	-144.2095
4875.732809	79.531	-144.6665
4876.099019	79.525	-145.0645
4876.465230	79.526	-145.4453
4876.831441	79.530	-145.8496
4877.197652	79.533	-146.2954
4877.563863	79.527	-146.7407
4877.930074	79.518	-147.1182
4878.296285	79.517	-147.4624
4878.662496	79.521	-147.8110
4879.028707	79.531	-148.1577
4879.394918	79.548	-148.5806
4879.761129	79.553	-149.0796
4880.127340	79.546	-149.4917
4880.493551	79.553	-149.8608
4880.859762	79.560	-150.3496
4881.225973	79.545	-150.8086
4881.592184	79.537	-151.0981
4881.958395	79.554	-151.4448
4882.324606	79.561	-151.9580
4882.690817	79.543	-152.3882
4883.057028	79.538	-152.6558
4883.423239	79.558	-153.0073
4883.789450	79.567	-153.5205
4884.155661	79.553	-153.9673
4884.521872	79.549	-154.2910
4884.888083	79.560	-154.6973
4885.254294	79.555	-155.1689
4885.620505	79.543	-155.5220
4885.986716	79.550	-155.8467
4886.352927	79.560	-156.2788
4886.719138	79.558	-156.7031
4887.085348	79.561	-157.0908
4887.451559	79.567	-157.5352
4887.817770	79.564	-157.9780
4888.183981	79.563	-158.3926
4888.550192	79.559	-158.8389
4888.916403	79.547	-159.2241
4889.282614	79.548	-159.5278
4889.648825	79.563	-159.9214
4890.015036	79.565	-160.3877
4890.381247	79.560	-160.7725
4890.747458	79.568	-161.1436
4891.113669	79.575	-161.5942
4891.479880	79.573	-162.0356
4891.846091	79.570	-162.4399
4892.212302	79.569	-162.8428
4892.578513	79.568	-163.2192
4892.944724	79.573	-163.6069
4893.310935	79.573	-164.0356
4893.677146	79.568	-164.4072
4894.043357	79.576	-164.7505
4894.409568	79.587	-165.1953
4894.775779	79.582	-165.6479
4895.141990	79.579	-166.0044
4895.508201	79.590	-166.4106
4895.874412	79.588	-166.8872
4896.240623	79.578	-167.2676
4896.606834	79.584	-167.6172
4896.973045	79.590	-168.0791
4897.339256	79.577	-168.5093
4897.705467	79.574	-168.8140
4898.071678	79.590	-169.2002
4898.437888	79.591	-169.7031
4898.804099	79.577	-170.0874
4899.170310	79.584	-170.3911
4899.536521	79.601	-170.8535
4899.902732	79.591	-171.3638
4900.268943	79.577	-171.7021
4900.635154	79.586	-172.0142
4901.001365	79.597	-172.4565
4901.367576	79.593	-172.8867
4901.733787	79.595	-173.2451
4902.099998	79.606	-173.6587
4902.466209	79.610	-174.1313
4902.832420	79.605	-174.5664
4903.198631	79.602	-174.9561
4903.564842	79.605	-175.3506
4903.931053	79.609	-175.7817
4904.297264	79.606	-176.2217
4904.663475	79.600	-176.6187
4905.029686	79.600	-177.0005
4905.395897	79.599	-177.3979
4905.762108	79.600	-177.7671
4906.128319	79.609	-178.1562
4906.494530	79.613	-178.6338
4906.860741	79.601	-179.0645
4907.226952	79.598	-179.3848
4907.593163	79.611	-179.7803
4907.959374	79.610	179.7324
4908.325585	79.597	179.3516
4908.691796	79.602	179.0366
4909.058007	79.613	178.6113
4909.424217	79.609	178.1587
4909.790428	79.603	177.8076
4910.156639	79.612	177.4585
4910.522850	79.621	177.0327
4910.889061	79.624	176.6040
4911.255272	79.629	176.1675
4911.621483	79.626	175.6953
4911.987694	79.613	175.3018
4912.353905	79.615	174.9775
4912.720116	79.625	174.5630
4913.086327	79.623	174.1079
4913.452538	79.619	173.7236
4913.818749	79.624	173.3154
4914.184960	79.619	172.8760
4914.551171	79.612	172.5176
4914.917382	79.619	172.1602
4915.283593	79.625	171.7207
4915.649804	79.620	171.3047
4916.016015	79.622	170.9380
4916.382226	79.630	170.5298
4916.748437	79.632	170.0898
4917.114648	79.633	169.6655
4917.480859	79.635	169.2271
4917.847070	79.630	168.7769
4918.213281	79.621	168.4053
4918.579492	79.628	168.0820
4918.945703	79.645	167.6343
4919.311914	79.640	167.1084
4919.678125	79.622	166.7451
4920.044336	79.630	166.4717
4920.410547	79.651	166.0391
4920.776757	79.653	165.5288
4921.142968	79.647	165.1157
4921.509179	79.650	164.7148
4921.875390	79.650	164.2725
4922.241601	79.646	163.8652
4922.607812	79.646	163.4658
4922.974023	79.643	163.0532
4923.340234	79.640	162.6846
4923.706445	79.645	162.3115
4924.072656	79.648	161.8926
4924.438867	79.647	161.5068
4924.805078	79.655	161.1216
4925.171289	79.661	160.6523
4925.537500	79.652	160.2056
4925.903711	79.646	159.8501
4926.269922	79.652	159.4629
4926.636133	79.652	159.0278
4927.002344	79.648	158.6411
4927.368555	79.651	158.2573
4927.734766	79.650	157.8403
4928.100977	79.648	157.4790
4928.467188	79.660	157.1108
4928.833399	79.668	156.6104
4929.199610	79.653	156.1377
4929.565821	79.641	155.8335
4929.932032	79.652	155.5020
4930.298243	79.658	155.0635
4930.664454	79.656	154.6816
4931.030665	79.667	154.2852
4931.396876	79.667	153.7822
4931.763086	79.649	153.3979
4932.129297	79.656	153.1279
4932.495508	79.678	152.6641
4932.861719	79.668	152.1099
4933.227930	79.647	151.7559
4933.594141	79.652	151.4546
4933.960352	79.660	151.0347
4934.326563	79.660	150.6206
4934.692774	79.667	150.2070
4935.058985	79.667	149.7056
4935.425196	79.649	149.2739
4935.791407	79.642	148.9873
4936.157618	79.659	148.6333
4936.523829	79.668	148.1382
4936.890040	79.659	147.6890
4937.256251	79.657	147.3447
4937.622462	79.670	146.9580
4937.988673	79.679	146.4668
4938.354884	79.673	145.9810
4938.721095	79.663	145.5835
4939.087306	79.662	145.2334
4939.453517	79.669	144.8530
4939.819728	79.674	144.4268
4940.185939	79.673	144.0127
4940.552150	79.674	143.6401
4940.918361	79.682	143.2422
4941.284572	79.684	142.8032
4941.650783	79.680	142.4082
4942.016994	79.684	142.0396
4942.383205	79.688	141.6206
4942.749416	79.684	141.2207
4943.115626	79.686	140.8867
4943.481837	79.699	140.5054
4943.848048	79.706	140.0449
4944.214259	79.705	139.6030
4944.580470	79.705	139.1860
4944.946681	79.704	138.7490
4945.312892	79.698	138.3296
4945.679103	79.696	137.9526
4946.045314	79.702	137.5410
4946.411525	79.701	137.0596
4946.777736	79.687	136.6162
4947.143947	79.676	136.2725
4947.510158	79.678	135.9292
4947.876369	79.681	135.5396
4948.242580	79.684	135.1582
4948.608791	79.692	134.7510
4948.975002	79.695	134.2852
4949.341213	79.689	133.8545
4949.707424	79.688	133.4741
4950.073635	79.691	133.0659
4950.439846	79.691	132.6499
4950.806057	79.694	132.2275
4951.172268	79.690	131.7671
4951.538479	79.676	131.3848
4951.904690	79.678	131.0962
4952.270901	79.696	130.6924
4952.637112	79.697	130.1909
4953.003323	79.688	129.8032
4953.369534	79.698	129.4282
4953.735745	79.702	128.9165
4954.101956	79.684	128.4624
4954.468166	79.675	128.1543
4954.834377	79.684	127.7896
4955.200588	79.686	127.3555
4955.566799	79.685	126.9766
4955.933010	79.694	126.5581
4956.299221	79.691	126.0728
4956.665432	79.679	125.6978
4957.031643	79.686	125.3721
4957.397854	79.699	124.9082
4957.764065	79.694	124.4297
4958.130276	79.690	124.0356
4958.496487	79.691	123.5938
4958.862698	79.679	123.1787
4959.228909	79.679	122.8809
4959.595120	79.697	122.4736
4959.961331	79.695	121.9590
4960.327542	79.682	121.5991
4960.693753	79.695	121.2695
4961.059964	79.708	120.7705
4961.426175	79.697	120.2856
4961.792386	79.689	119.9087
4962.158597	79.687	119.5264
4962.524808	79.685	119.1582
4962.891019	79.691	118.8032
4963.257230	79.700	118.3833
4963.623441	79.702	117.9321
4963.989652	79.700	117.4980
4964.355863	79.694	117.0913
4964.722074	79.693	116.7300
4965.088285	79.702	116.3364
4965.454495	79.705	115.8623
4965.820706	79.695	115.4287
4966.186917	79.691	115.0825
4966.553128	79.700	114.7026
4966.919339	79.706	114.2383
4967.285550	79.700	113.7656
4967.651761	79.687	113.3672
4968.017972	79.682	113.0396
4968.384183	79.691	112.6831
4968.750394	79.697	112.2480
4969.116605	79.694	111.8179
4969.482816	79.691	111.4399
4969.849027	79.696	111.0581
4970.215238	79.701	110.6401
4970.581449	79.703	110.2007
4970.947660	79.698	109.7764
4971.313871	79.697	109.4082
4971.680082	79.708	109.0156
4972.046293	79.714	108.4951
4972.412504	79.695	108.0054
4972.778715	79.678	107.7041
4973.144926	79.688	107.3970
4973.511137	79.697	106.9497
4973.877348	79.693	106.5425
4974.243559	79.702	106.1768
4974.609770	79.713	105.6694
4974.975981	79.697	105.1577
4975.342192	79.680	104.8398
4975.708403	79.692	104.5308
4976.074614	79.704	104.0659
4976.440825	79.700	103.5996
4976.807035	79.697	103.1973
4977.173246	79.696	102.7656
4977.539457	79.688	102.3608
4977.905668	79.688	102.0234
4978.271879	79.699	101.6201
4978.638090	79.699	101.1519
4979.004301	79.692	100.7520
4979.370512	79.693	100.3906
4979.736723	79.699	99.9873
4980.102934	79.700	99.5591
4980.469145	79.698	99.1455
4980.835356	79.698	98.7686
4981.201567	79.707	98.3682
4981.567778	79.709	97.8838
4981.933989	79.697	97.4565
4982.300200	79.696	97.1313
4982.666411	79.709	96.7036
4983.032622	79.704	96.1973
4983.398833	79.690	95.8042
4983.765044	79.690	95.4380
4984.131255	79.687	95.0215
4984.497466	79.681	94.6558
4984.863677	79.686	94.2959
4985.229888	79.692	93.8687
4985.596099	79.691	93.4297
4985.962310	79.687	92.9941
4986.328521	79.677	92.6074
4986.694732	79.678	92.3003
4987.060943	79.695	91.9150
4987.427154	79.701	91.4224
4987.793364	79.695	90.9980
4988.159575	79.701	90.6055
4988.525786	79.706	90.1260
4988.891997	79.697	89.6665
4989.258208	79.690	89.2979
4989.624419	79.694	88.9199
4989.990630	79.698	88.4922
4990.356841	79.698	88.0601
4990.723052	79.696	87.6333
4991.089263	79.691	87.2129
4991.455474	79.685	86.8237
4991.821685	79.683	86.4561
4992.187896	79.685	86.0664
4992.554107	79.683	85.6753
4992.920318	79.685	85.3203
4993.286529	79.696	84.9321
4993.652740	79.704	84.4478
4994.018951	79.695	83.9585
4994.385162	79.680	83.5791
4994.751373	79.679	83.2676
4995.117584	79.693	82.8809
4995.483795	79.699	82.3911
4995.850006	79.689	81.9209
4996.216217	79.679	81.5312
4996.582428	79.676	81.1743
4996.948639	79.681	80.8032
4997.314850	79.689	80.3652
4997.681061	79.685	79.8887
4998.047272	79.673	79.5103
4998.413483	79.678	79.1841
4998.779694	79.690	78.7485
4999.145904	79.688	78.2896
4999.512115	79.688	77.8979
4999.878326	79.694	77.4468
5000.244537	79.687	76.9727
5000.610748	79.679	76.5972
5000.976959	79.682	76.1904
5001.343170	79.673	75.7402
5001.709381	79.662	75.4272
5002.075592	79.676	75.1196
5002.441803	79.692	74.6328
5002.808014	79.684	74.1357
5003.174225	79.675	73.7251
5003.540436	79.667	73.3218
5003.906647	79.658	72.9888
5004.272858	79.669	72.6792
5004.639069	79.687	72.2070
5005.005280	79.681	71.6743
5005.371491	79.666	71.2559
5005.737702	79.660	70.8779
5006.103913	79.655	70.4912
5006.470124	79.654	70.1128
5006.836335	79.654	69.7100
5007.202546	79.652	69.3228
5007.568757	79.658	68.9473
5007.934968	79.666	68.4814
5008.301179	79.657	68.0103
5008.667390	79.648	67.6577
5009.033601	79.656	67.2925
5009.399812	79.661	66.8320
5009.766023	79.654	66.4180
5010.132234	79.659	66.0693
5010.498444	79.674	65.6284
5010.864655	79.674	65.1021
5011.230866	79.661	64.6523
5011.597077	79.655	64.2861
5011.963288	79.658	63.8794
5012.329499	79.653	63.4385
5012.695710	79.642	63.0693
5013.061921	79.643	62.7539
5013.428132	79.654	62.3809
5013.794343	79.660	61.9360
5014.160554	79.658	61.5132
5014.526765	79.660	61.1367
5014.892976	79.669	60.7061
5015.259187	79.668	60.1973
5015.625398	79.650	59.7515
5015.991609	79.638	59.4312
5016.357820	79.644	59.1060
5016.724031	79.651	58.6953
5017.090242	79.652	58.2759
5017.456453	79.656	57.8613
5017.822664	79.659	57.3735
5018.188875	79.643	56.8994
5018.555086	79.627	56.5767
5018.921297	79.636	56.2651
5019.287508	79.648	55.8052
5019.653719	79.641	55.3291
5020.019930	79.633	54.9453
5020.386141	79.635	54.5522
5020.752352	79.635	54.1172
5021.118563	79.630	53.7095
5021.484773	79.629	53.3276
5021.850984	79.634	52.9150
5022.217195	79.634	52.4629
5022.583406	79.626	52.0503
5022.949617	79.628	51.6880
5023.315828	79.637	51.2441
5023.682039	79.630	50.7451
5024.048250	79.613	50.3682
5024.414461	79.613	50.0391
5024.780672	79.614	49.6362
5025.146883	79.609	49.2944
5025.513094	79.623	48.9937
5025.879305	79.646	48.5176
5026.245516	79.642	47.9634
5026.611727	79.627	47.5557
5026.977938	79.628	47.1958
5027.344149	79.632	46.7534
5027.710360	79.626	46.3164
5028.076571	79.621	45.9312
5028.442782	79.623	45.5225
5028.808993	79.620	45.0791
5029.175204	79.609	44.6714
5029.541415	79.604	44.3271
5029.907626	79.611	43.9619
5030.273837	79.616	43.5024
5030.640048	79.606	43.0542
5031.006259	79.599	42.7109
5031.372470	79.608	42.3389
5031.738681	79.611	41.8672
5032.104892	79.601	41.4468
5032.471103	79.601	41.0962
5032.837313	79.610	40.6738
5033.203524	79.609	40.1938
5033.569735	79.599	39.7622
5033.935946	79.592	39.3872
5034.302157	79.592	39.0234
5034.668368	79.597	38.6299
5035.034579	79.601	38.2061
5035.400790	79.603	37.7705
5035.767001	79.603	37.3013
5036.133212	79.591	36.8506
5036.499423	79.580	36.5039
5036.865634	79.586	36.1558
5037.231845	79.591	35.7051
5037.598056	79.582	35.2803
5037.964267	79.580	34.9390
5038.330478	79.591	34.5425
5038.696689	79.595	34.0518
5039.062900	79.585	33.5850
5039.429111	79.574	33.2070
5039.795322	79.575	32.8413
5040.161533	79.577	32.4077
5040.527744	79.569	31.9824
5040.893955	79.565	31.6240
5041.260166	79.571	31.2197
5041.626377	79.566	30.7607
5041.992588	79.555	30.3809
5042.358799	79.555	30.0444
5042.725010	79.561	29.6528
5043.091221	79.565	29.2383
5043.457432	79.568	28.7988
5043.823642	79.562	28.3438
5044.189853	79.553	27.9756
5044.556064	79.561	27.6108
5044.922275	79.565	27.1211
5045.288486	79.549	26.6846
5045.654697	79.546	26.3726
5046.020908	79.558	25.9404
5046.387119	79.545	25.4341
5046.753330	79.525	25.1270
5047.119541	79.538	24.8525
5047.485752	79.552	24.3706
5047.851963	79.539	23.9106
5048.218174	79.535	23.6060
5048.584385	79.551	23.2036
5048.950596	79.551	22.6899
5049.316807	79.540	22.2852
5049.683018	79.544	21.8975
5050.049229	79.542	21.3984
5050.415440	79.520	20.9888
5050.781651	79.516	20.7197
5051.147862	79.532	20.3262
5051.514073	79.528	19.8062
5051.880284	79.507	19.4409
5052.246495	79.511	19.1880
5052.612706	79.533	18.7676
5052.978917	79.533	18.2256
5053.345128	79.515	17.8062
5053.711339	79.512	17.4844
5054.077550	79.521	17.0879
5054.443761	79.522	16.6294
5054.809972	79.517	16.2144
5055.176182	79.517	15.8306
5055.542393	79.523	15.4043
5055.908604	79.524	14.9370
5056.274815	79.517	14.4819
5056.641026	79.510	14.0610
5057.007237	79.505	13.6587
5057.373448	79.503	13.2427
5057.739659	79.495	12.8228
5058.105870	79.486	12.4712
5058.472081	79.492	12.1548
5058.838292	79.509	11.7188
5059.204503	79.509	11.1904
5059.570714	79.494	10.7466
5059.936925	79.486	10.3853
5060.303136	79.487	10.0034
5060.669347	79.487	9.5957
5061.035558	79.484	9.1797
5061.401769	79.478	8.7905
5061.767980	79.478	8.4463
5062.134191	79.488	8.0518
5062.500402	79.490	7.5776
5062.866613	79.481	7.1411
5063.232824	79.474	6.7734
5063.599035	79.475	6.4014
5063.965246	79.478	5.9990
5064.331457	79.478	5.5703
5064.697668	79.474	5.1533
5065.063879	79.472	4.7715
5065.430090	79.475	4.3730
5065.796301	79.477	3.9429
5066.162511	79.478	3.5098
5066.528722	79.476	3.0483
5066.894933	79.464	2.6050
5067.261144	79.454	2.2637
5067.627355	79.461	1.9258
5067.993566	79.470	1.4741
5068.359777	79.465	1.0049
5068.725988	79.457	0.6152
5069.092199	79.458	0.2422
5069.458410	79.462	-0.1719
5069.824621	79.462	-0.6152
5070.190832	79.456	-1.0625
5070.557043	79.445	-1.4712
5070.923254	79.436	-1.8145
5071.289465	79.436	-2.1362
5071.655676	79.443	-2.4971
5072.021887	79.449	-2.8994
5072.388098	79.452	-3.3081
5072.754309	79.455	-3.7080
5073.120520	79.461	-4.1333
5073.486731	79.461	-4.5938
5073.852942	79.456	-5.0366
5074.219153	79.450	-5.4521
5074.585364	79.444	-5.8735
5074.951575	79.435	-6.2637
5075.317786	79.432	-6.6221
5075.683997	79.434	-7.0229
5076.050208	79.429	-7.4326
5076.416419	79.427	-7.8018
5076.782630	79.431	-8.2119
5077.148841	79.426	-8.6597
5077.515051	79.415	-9.0366
5077.881262	79.416	-9.3848
5078.247473	79.420	-9.7886
5078.613684	79.418	-10.2100
5078.979895	79.416	-10.6182
5079.346106	79.413	-11.0264
5079.712317	79.410	-11.4258
5080.078528	79.409	-11.8257
5080.444739	79.408	-12.2490
5080.810950	79.402	-12.6851
5081.177161	79.390	-13.0869
5081.543372	79.383	-13.4199
5081.909583	79.390	-13.7661
5082.275794	79.397	-14.2202
5082.642005	79.388	-14.6807
5083.008216	79.378	-15.0430
5083.374427	79.381	-15.4150
5083.740638	79.381	-15.8447
5084.106849	79.377	-16.2314
5084.473060	79.382	-16.6191
5084.839271	79.384	-17.0781
5085.205482	79.375	-17.4771
5085.571693	79.382	-17.8228
5085.937904	79.396	-18.3110
5086.304115	79.384	-18.8398
5086.670326	79.367	-19.1909
5087.036537	79.374	-19.5151
5087.402748	79.383	-19.9702
5087.768959	79.376	-20.4165
5088.135170	79.373	-20.8008
5088.501381	79.374	-21.2119
5088.867591	79.370	-21.6323
5089.233802	79.365	-22.0269
5089.600013	79.360	-22.4004
5089.966224	79.359	-22.7559
5090.332435	79.362	-23.1426
5090.698646	79.361	-23.5527
5091.064857	79.359	-23.9355
5091.431068	79.360	-24.3447
5091.797279	79.353	-24.7627
5092.163490	79.348	-25.1064
5092.529701	79.356	-25.4951
5092.895912	79.354	-25.9829
5093.262123	79.337	-26.3774
5093.628334	79.337	-26.6924
5093.994545	79.346	-27.1191
5094.360756	79.341	-27.5962
5094.726967	79.332	-28.0103
5095.093178	79.327	-28.4199
5095.459389	79.319	-28.8242
5095.825600	79.316	-29.1929
5096.191811	79.318	-29.5972
5096.558022	79.315	-30.0278
5096.924233	79.311	-30.4053
5097.290444	79.318	-30.7983
5097.656655	79.320	-31.2729
5098.022866	79.309	-31.7031
5098.389077	79.305	-32.0400
5098.755288	79.316	-32.4341
5099.121499	79.316	-32.8994
5099.487710	79.309	-33.2993
5099.853920	79.310	-33.6587
5100.220131	79.315	-34.0566
5100.586342	79.320	-34.4697
5100.952553	79.324	-34.9248
5101.318764	79.315	-35.3857
5101.684975	79.304	-35.7271
5102.051186	79.313	-36.0732
5102.417397	79.316	-36.5571
5102.783608	79.299	-36.9663
5103.149819	79.299	-37.2544
5103.516030	79.314	-37.6890
5103.882241	79.303	-38.1929
5104.248452	79.286	-38.5107
5104.614663	79.298	-38.8198
5104.980874	79.308	-39.3164
5105.347085	79.292	-39.7842
5105.713296	79.283	-40.1094
5106.079507	79.293	-40.4961
5106.445718	79.292	-40.9873
5106.811929	79.278	-41.4194
5107.178140	79.268	-41.7754
5107.544351	79.267	-42.1299
5107.910562	79.271	-42.5054
5108.276773	79.275	-42.9424
5108.642984	79.268	-43.4004
5109.009195	79.257	-43.7622
5109.375406	79.262	-44.1040
5109.741617	79.267	-44.5469
5110.107828	79.259	-44.9731
5110.474039	79.256	-45.3169
5110.840250	79.266	-45.7217
5111.206460	79.264	-46.1958
5111.572671	79.253	-46.5967
5111.938882	79.252	-46.9492
5112.305093	79.256	-47.3716
5112.671304	79.248	-47.8086
5113.037515	79.240	-48.1558
5113.403726	79.246	-48.5039
5113.769937	79.252	-48.9512
5114.136148	79.244	-49.3872
5114.502359	79.239	-49.7524
5114.868570	79.243	-50.1519
5115.234781	79.241	-50.5918
5115.600992	79.235	-51.0093
5115.967203	79.228	-51.4126
5116.333414	79.220	-51.7773
5116.699625	79.223	-52.1328
5117.065836	79.226	-52.5757
5117.432047	79.211	-52.9971
5117.798258	79.203	-53.2778
5118.164469	79.221	-53.6118
5118.530680	79.230	-54.1182
5118.896891	79.215	-54.5757
5119.263102	79.207	-54.9009
5119.629313	79.215	-55.2676
5119.995524	79.219	-55.7017
5120.361735	79.219	-56.1323
5120.727946	79.217	-56.5996
5121.094157	79.202	-57.0400
5121.460368	79.191	-57.3599
5121.826579	79.199	-57.7241
5122.192789	79.196	-58.1943
5122.559000	79.181	-58.5459
5122.925211	79.191	-58.8345
5123.291422	79.210	-59.3164
5123.657633	79.199	-59.8574
5124.023844	79.181	-60.2261
5124.390055	79.184	-60.5591
5124.756266	79.190	-61.0122
5125.122477	79.179	-61.4712
5125.488688	79.165	-61.8086
5125.854899	79.171	-62.1128
5126.221110	79.184	-62.5273
5126.587321	79.185	-62.9976
5126.953532	79.181	-63.4141
5127.319743	79.180	-63.8398
5127.685954	79.169	-64.2759
5128.052165	79.157	-64.5923
5128.418376	79.167	-64.8853
5128.784587	79.183	-65.3428
5129.150798	79.175	-65.8418
5129.517009	79.160	-66.1978
5129.883220	79.164	-66.5288
5130.249431	79.168	-66.9634
5130.615642	79.157	-67.3726
5130.981853	79.153	-67.6792
5131.348064	79.166	-68.0454
5131.714275	79.171	-68.5249
5132.080486	79.160	-68.9697
5132.446697	79.153	-69.3408
5132.812908	79.152	-69.7163
5133.179119	79.153	-70.1196
5133.545329	79.153	-70.5586
5133.911540	79.145	-71.0103
5134.277751	79.131	-71.4014
5134.643962	79.124	-71.7314
5135.010173	79.128	-72.0820
5135.376384	79.134	-72.5093
5135.742595	79.129	-72.9692
5136.108806	79.117	-73.3521
5136.475017	79.116	-73.6792
5136.841228	79.124	-74.0820
5137.207439	79.122	-74.5244
5137.573650	79.117	-74.9077
5137.939861	79.120	-75.2871
5138.306072	79.124	-75.6997
5138.672283	79.129	-76.1401
5139.038494	79.127	-76.6382
5139.404705	79.107	-77.0752
5139.770916	79.096	-77.3555
5140.137127	79.112	-77.6924
5140.503338	79.119	-78.1938
5140.869549	79.106	-78.6406
5141.235760	79.103	-78.9849
5141.601971	79.110	-79.4058
5141.968182	79.105	-79.8804
5142.334393	79.092	-80.2729
5142.700604	79.090	-80.6265
5143.066815	79.092	-81.0327
5143.433026	79.086	-81.4639
5143.799237	79.074	-81.8408
5144.165448	79.070	-82.1479
5144.531659	79.081	-82.4731
5144.897869	79.096	-82.9126
5145.264080	79.096	-83.4277
5145.630291	79.079	-83.8735
5145.996502	79.067	-84.1948
5146.362713	79.074	-84.5127
5146.728924	79.084	-84.9497
5147.095135	79.076	-85.4185
5147.461346	79.064	-85.7744
5147.827557	79.068	-86.1021
5148.193768	79.074	-86.5298
5148.559979	79.067	-86.9424
5148.926190	79.068	-87.2710
5149.292401	79.084	-87.6968
5149.658612	79.083	-88.2495
5150.024823	79.059	-88.6929
5150.391034	79.048	-88.9917
5150.757245	79.055	-89.3511
5151.123456	79.054	-89.7939
5151.489667	79.045	-90.1694
5151.855878	79.050	-90.5093
5152.222089	79.059	-90.9624
5152.588300	79.050	-91.4497
5152.954511	79.036	-91.8164
5153.320722	79.039	-92.1689
5153.686933	79.040	-92.6250
5154.053144	79.024	-93.0537
5154.419355	79.011	-93.3569
5154.785566	79.018	-93.6426
5155.151777	79.035	-94.0439
5155.517988	79.038	-94.5615
5155.884198	79.019	-95.0093
5156.250409	79.008	-95.2915
5156.616620	79.022	-95.6260
5156.982831	79.028	-96.1006
5157.349042	79.019	-96.5151
5157.715253	79.022	-96.8960
5158.081464	79.021	-97.3574
5158.447675	79.007	-97.7378
5158.813886	79.012	-98.0405
5159.180097	79.029	-98.4912
5159.546308	79.026	-99.0210
5159.912519	79.011	-99.4634
5160.278730	79.000	-99.8589
5160.644941	78.989	-100.2109
5161.011152	78.990	-100.5278
5161.377363	78.998	-100.9160
5161.743574	78.999	-101.3384
5162.109785	79.000	-101.7334
5162.475996	79.003	-102.1821
5162.842207	78.992	-102.6377
5163.208418	78.978	-102.9712
5163.574629	78.982	-103.2759
5163.940840	78.993	-103.6738
5164.307051	78.995	-104.1250
5164.673262	78.989	-104.5703
5165.039473	78.976	-104.9575
5165.405684	78.971	-105.2769
5165.771895	78.978	-105.6411
5166.138106	78.977	-106.0693
5166.504317	78.972	-106.4468
5166.870528	78.976	-106.8257
5167.236738	78.975	-107.2866
5167.602949	78.960	-107.6963
5167.969160	78.955	-108.0166
5168.335371	78.962	-108.4048
5168.701582	78.960	-108.8525
5169.067793	78.952	-109.2427
5169.434004	78.953	-109.6230
5169.800215	78.954	-110.0615
5170.166426	78.947	-110.4897
5170.532637	78.942	-110.8716
5170.898848	78.943	-111.2710
5171.265059	78.942	-111.7065
5171.631270	78.936	-112.1323
5171.997481	78.929	-112.5430
5172.363692	78.920	-112.9238
5172.729903	78.916	-113.2319
5173.096114	78.931	-113.5605
5173.462325	78.949	-114.0537
5173.828536	78.940	-114.6040
5174.194747	78.917	-115.0034
5174.560958	78.909	-115.2856
5174.927169	78.918	-115.6138
5175.293380	78.926	-116.0269
5175.659591	78.925	-116.4482
5176.025802	78.925	-116.8364
5176.392013	78.927	-117.2456
5176.758224	78.923	-117.6807
5177.124435	78.913	-118.0439
5177.490646	78.917	-118.3696
5177.856857	78.928	-118.7983
5178.223067	78.924	-119.2847
5178.589278	78.910	-119.6934
5178.955489	78.902	-120.0386
5179.321700	78.903	-120.3916
5179.687911	78.908	-120.7896
5180.054122	78.907	-121.2368
5180.420333	78.898	-121.6626
5180.786544	78.890	-122.0283
5181.152755	78.890	-122.3965
5181.518966	78.890	-122.7900
5181.885177	78.890	-123.1875
5182.251388	78.889	-123.5889
5182.617599	78.889	-123.9863
5182.983810	78.893	-124.4023
5183.350021	78.891	-124.8589
5183.716232	78.880	-125.2671
5184.082443	78.879	-125.6187
5184.448654	78.885	-126.0483
5184.814865	78.877	-126.5107
5185.181076	78.864	-126.8682
5185.547287	78.866	-127.2085
5185.913498	78.868	-127.6143
5186.279709	78.865	-127.9990
5186.645920	78.869	-128.3818
5187.012131	78.868	-128.8193
5187.378342	78.858	-129.2065
5187.744553	78.858	-129.5215
5188.110764	78.871	-129.9126
5188.476975	78.873	-130.3970
5188.843186	78.861	-130.8301
5189.209397	78.852	-131.1748
5189.575607	78.854	-131.5288
5189.941818	78.856	-131.9180
5190.308029	78.858	-132.2964
5190.674240	78.866	-132.7114
5191.040451	78.866	-133.1914
5191.406662	78.854	-133.6235
5191.772873	78.849	-134.0029
5192.139084	78.845	-134.4351
5192.505295	78.828	-134.8330
5192.871506	78.820	-135.1094
5193.237717	78.833	-135.4355
5193.603928	78.841	-135.9028
5193.970139	78.831	-136.3501
5194.336350	78.824	-136.7031
5194.702561	78.827	-137.0674
5195.068772	78.828	-137.4878
5195.434983	78.823	-137.8950
5195.801194	78.822	-138.2656
5196.167405	78.826	-138.6685
5196.533616	78.825	-139.1064
5196.899827	78.820	-139.5103
5197.266038	78.820	-139.9121
5197.632249	78.816	-140.3452
5197.998460	78.807	-140.7251
5198.364671	78.809	-141.0649
5198.730882	78.820	-141.4824
5199.097093	78.821	-141.9639
5199.463304	78.811	-142.4229
5199.829515	78.797	-142.8164
5200.195726	78.790	-143.1426
5200.561936	78.796	-143.4834
5200.928147	78.802	-143.8975
5201.294358	78.802	-144.3110
5201.660569	78.804	-144.7065
5202.026780	78.806	-145.1465
5202.392991	78.799	-145.5845
5202.759202	78.791	-145.9604
5203.125413	78.789	-146.3247
5203.491624	78.788	-146.7129
5203.857835	78.785	-147.0986
5204.224046	78.783	-147.4629
5204.590257	78.786	-147.8252
5204.956468	78.792	-148.2310
5205.322679	78.790	-148.6729
5205.688890	78.782	-149.0747
5206.055101	78.779	-149.4297
5206.421312	78.784	-149.8184
5206.787523	78.784	-150.2515
5207.153734	78.780	-150.6753
5207.519945	78.775	-151.0840
5207.886156	78.769	-151.4839
5208.252367	78.765	-151.8682
5208.618578	78.764	-152.2729
5208.984789	78.757	-152.6792
5209.351000	78.753	-153.0264
5209.717211	78.763	-153.4155
5210.083422	78.763	-153.9097
5210.449633	78.748	-154.3345
5210.815844	78.743	-154.6733
5211.182055	78.745	-155.0884
5211.548266	78.735	-155.4819
5211.914476	78.736	-155.7939
5212.280687	78.748	-156.2178
5212.646898	78.742	-156.6802
5213.013109	78.737	-157.0229
5213.379320	78.748	-157.4312
5213.745531	78.743	-157.9229
5214.111742	78.731	-158.2910
5214.477953	78.736	-158.6509
5214.844164	78.736	-159.1069
5215.210375	78.726	-159.4976
5215.576586	78.728	-159.8628
5215.942797	78.727	-160.2954
5216.309008	78.718	-160.6631
5216.675219	78.724	-161.0137
5217.041430	78.729	-161.4814
5217.407641	78.715	-161.9038
5217.773852	78.711	-162.2178
5218.140063	78.720	-162.6074
5218.506274	78.719	-163.0493
5218.872485	78.717	-163.4458
5219.238696	78.719	-163.8862
5219.604907	78.706	-164.3311
5219.971118	78.693	-164.6440
5220.337329	78.703	-164.9492
5220.703540	78.717	-165.4043
5221.069751	78.712	-165.9087
5221.435962	78.696	-166.3208
5221.802173	78.687	-166.6382
5222.168384	78.696	-166.9653
5222.534595	78.709	-167.4121
5222.900806	78.706	-167.9219
5223.267016	78.692	-168.3496
5223.633227	78.685	-168.7202
5223.999438	78.682	-169.1196
5224.365649	78.675	-169.5073
5224.731860	78.672	-169.8687
5225.098071	78.674	-170.2524
5225.464282	78.674	-170.6426
5225.830493	78.679	-171.0415
5226.196704	78.683	-171.5039
5226.562915	78.673	-171.9766
5226.929126	78.659	-172.3604
5227.295337	78.656	-172.6997
5227.661548	78.661	-173.0894
5228.027759	78.661	-173.5273
5228.393970	78.653	-173.9585
5228.760181	78.644	-174.3413
5229.126392	78.640	-174.6899
5229.492603	78.642	-175.0698
5229.858814	78.641	-175.4829
5230.225025	78.636	-175.8740
5230.591236	78.634	-176.2520
5230.957447	78.632	-176.6392
5231.323658	78.630	-177.0020
5231.689869	78.634	-177.3623
5232.056080	78.641	-177.7700
5232.422291	78.645	-178.2100
5232.788502	78.644	-178.6680
5233.154713	78.634	-179.1147
5233.520924	78.623	-179.4810
5233.887135	78.627	-179.8369
5234.253345	78.630	179.7061
5234.619556	78.616	179.2744
5234.985767	78.610	178.9644
5235.351978	78.624	178.5762
5235.718189	78.623	178.0586
5236.084400	78.604	177.6392
5236.450611	78.598	177.3188
5236.816822	78.602	176.9243
5237.183033	78.595	176.5176
5237.549244	78.593	176.1753
5237.915455	78.599	175.7925
5238.281666	78.600	175.3564
5238.647877	78.595	174.9468
5239.014088	78.591	174.5620
5239.380299	78.589	174.2051
5239.746510	78.597	173.8530
5240.112721	78.610	173.4014
5240.478932	78.605	172.8833
5240.845143	78.588	172.4707
5241.211354	78.584	172.1479
5241.577565	78.593	171.7329
5241.943776	78.586	171.2368
5242.309987	78.566	170.8496
5242.676198	78.561	170.5581
5243.042409	78.568	170.1934
5243.408620	78.569	169.7734
5243.774831	78.569	169.3755
5244.141042	78.571	168.9385
5244.507253	78.561	168.4878
5244.873464	78.550	168.1162
5245.239675	78.548	167.7573
5245.605885	78.545	167.3672
5245.972096	78.541	167.0078
5246.338307	78.546	166.6538
5246.704518	78.554	166.2451
5247.070729	78.560	165.7803
5247.436940	78.553	165.2920
5247.803151	78.536	164.8911
5248.169362	78.533	164.5854
5248.535573	78.545	164.1855
5248.901784	78.543	163.6885
5249.267995	78.529	163.2773
5249.634206	78.523	162.9321
5250.000417	78.525	162.5645
5250.366628	78.529	162.1777
5250.732839	78.533	161.7319
5251.099050	78.523	161.2803
5251.465261	78.513	160.9351
5251.831472	78.521	160.5698
5252.197683	78.520	160.0991
5252.563894	78.506	159.7095
5252.930105	78.507	159.4062
5253.296316	78.521	158.9863
5253.662527	78.520	158.4785
5254.028738	78.506	158.0366
5254.394949	78.494	157.6670
5254.761160	78.490	157.3247
5255.127371	78.495	156.9546
5255.493582	78.499	156.5112
5255.859793	78.492	156.0518
5256.226004	78.480	155.6450
5256.592214	78.471	155.2837
5256.958425	78.469	154.9385
5257.324636	78.474	154.5610
5257.690847	78.477	154.1255
5258.057058	78.472	153.6929
5258.423269	78.467	153.3037
5258.789480	78.467	152.9150
5259.155691	78.467	152.4917
5259.521902	78.462	152.0649
5259.888113	78.456	151.6724
5260.254324	78.455	151.2891
5260.620535	78.455	150.8740
5260.986746	78.449	150.4692
5261.352957	78.447	150.1084
5261.719168	78.452	149.7183
5262.085379	78.454	149.2725
5262.451590	78.447	148.8457
5262.817801	78.442	148.4634
5263.184012	78.442	148.0811
5263.550223	78.442	147.6724
5263.916434	78.438	147.2588
5264.282645	78.434	146.8721
5264.648856	78.434	146.4829
5265.015067	78.432	146.0703
5265.381278	78.428	145.6909
5265.747489	78.432	145.3125
5266.113700	78.435	144.8486
5266.479911	78.422	144.4038
5266.846122	78.413	144.0688
5267.212333	78.420	143.7031
5267.578544	78.422	143.2383
5267.944754	78.410	142.8057
5268.310965	78.400	142.4551
5268.677176	78.402	142.1143
5269.043387	78.409	141.7231
5269.409598	78.411	141.2744
5269.775809	78.405	140.8398
5270.142020	78.402	140.4595
5270.508231	78.407	140.0410
5270.874442	78.402	139.5654
5271.240653	78.388	139.1606
5271.606864	78.384	138.8135
5271.973075	78.386	138.4038
5272.339286	78.377	137.9976
5272.705497	78.375	137.6636
5273.071708	78.383	137.2715
5273.437919	78.380	136.8208
5273.804130	78.373	136.4575
5274.170341	78.380	136.0830
5274.536552	78.380	135.6074
5274.902763	78.365	135.2251
5275.268974	78.371	134.9014
5275.635185	78.378	134.4165
5276.001396	78.358	133.9575
5276.367607	78.347	133.6895
5276.733818	78.361	133.3345
5277.100029	78.359	132.8516
5277.466240	78.346	132.5015
5277.832451	78.357	132.1782
5278.198662	78.369	131.6938
5278.564873	78.362	131.1875
5278.931084	78.350	130.7412
5279.297294	78.335	130.3218
5279.663505	78.322	129.9888
5280.029716	78.328	129.6626
5280.395927	78.336	129.2021
5280.762138	78.326	128.7231
5281.128349	78.314	128.3540
5281.494560	78.316	127.9873
5281.860771	78.319	127.5352
5282.226982	78.308	127.0889
5282.593193	78.297	126.7466
5282.959404	78.306	126.4106
5283.325615	78.316	125.9297
5283.691826	78.303	125.4297
5284.058037	78.286	125.0977
5284.424248	78.292	124.7822
5284.790459	78.298	124.3418
5285.156670	78.290	123.9321
5285.522881	78.289	123.5923
5285.889092	78.295	123.2075
5286.255303	78.298	122.8125
5286.621514	78.307	122.3857
5286.987725	78.304	121.8628
5287.353936	78.278	121.4453
5287.720147	78.270	121.2080
5288.086358	78.289	120.8447
5288.452569	78.288	120.3140
5288.818780	78.265	119.9272
5289.184991	78.265	119.6592
5289.551202	78.280	119.2417
5289.917413	78.275	118.7363
5290.283623	78.258	118.3438
5290.649834	78.255	118.0024
5291.016045	78.256	117.5918
5291.382256	78.248	117.1748
5291.748467	78.242	116.8208
5292.114678	78.247	116.4434
5292.480889	78.247	115.9878
5292.847100	78.236	115.5645
5293.213311	78.230	115.2222
5293.579522	78.236	114.8394
5293.945733	78.237	114.3945
5294.311944	78.233	113.9780
5294.678155	78.233	113.5493
5295.044366	78.225	113.0771
5295.410577	78.208	112.6875
5295.776788	78.205	112.3623
5296.142999	78.208	111.9468
5296.509210	78.197	111.5151
5296.875421	78.189	111.1924
5297.241632	78.199	110.8306
5297.607843	78.201	110.3306
5297.974054	78.182	109.8853
5298.340265	78.169	109.5850
5298.706476	78.178	109.2554
5299.072687	78.186	108.8115
5299.438898	78.182	108.3511
5299.805109	78.176	107.9131
5300.171320	78.166	107.4849
5300.537531	78.155	107.1094
5300.903742	78.153	106.7637
5301.269953	78.157	106.3662
5301.636163	78.155	105.9468
5302.002374	78.154	105.5488
5302.368585	78.156	105.1240
5302.734796	78.150	104.6934
5303.101007	78.146	104.3071
5303.467218	78.148	103.8906
5303.833429	78.141	103.4448
5304.199640	78.130	103.0791
5304.565851	78.132	102.7212
5304.932062	78.130	102.2822
5305.298273	78.115	101.9136
5305.664484	78.116	101.6328
5306.030695	78.132	101.2251
5306.396906	78.128	100.7261
5306.763117	78.113	100.3325
5307.129328	78.111	99.9868
5307.495539	78.111	99.5776
5307.861750	78.106	99.1577
5308.227961	78.100	98.7456
5308.594172	78.090	98.3335
5308.960383	78.079	97.9663
5309.326594	78.077	97.6118
5309.692805	78.078	97.2046
5310.059016	78.072	96.7886
5310.425227	78.068	96.3965
5310.791438	78.068	95.9858
5311.157649	78.066	95.5498
5311.523860	78.060	95.1226
5311.890071	78.056	94.7007
5312.256282	78.051	94.2559
5312.622492	78.039	93.8184
5312.988703	78.025	93.4551
5313.354914	78.022	93.1440
5313.721125	78.033	92.7759
5314.087336	78.040	92.3120
5314.453547	78.032	91.8315
5314.819758	78.017	91.4385
5315.185969	78.012	91.1221
5315.552180	78.019	90.7500
5315.918391	78.018	90.3184
5316.284602	78.013	89.9458
5316.650813	78.019	89.5649
5317.017024	78.018	89.0938
5317.383235	78.003	88.6968
5317.749446	78.002	88.3892
5318.115657	78.011	87.9683
5318.481868	78.004	87.4995
5318.848079	77.994	87.1182
5319.214290	77.993	86.7144
5319.580501	77.983	86.2886
5319.946712	77.976	85.9307
5320.312923	77.979	85.5117
5320.679134	77.967	85.0137
5321.045345	77.940	84.6416
5321.411556	77.931	84.3892
5321.777767	77.943	84.0581
5322.143978	77.951	83.5889
5322.510189	77.939	83.0996
5322.876400	77.920	82.7324
5323.242611	77.916	82.4351
5323.608822	77.924	82.0527
5323.975032	77.924	81.6255
5324.341243	77.923	81.2241
5324.707454	77.925	80.7773
5325.073665	77.916	80.3130
5325.439876	77.903	79.9219
5325.806087	77.897	79.5522
5326.172298	77.892	79.1567
5326.538509	77.885	78.7783
5326.904720	77.882	78.4282
5327.270931	77.888	78.0454
5327.637142	77.890	77.5708
5328.003353	77.873	77.1104
5328.369564	77.858	76.7925
5328.735775	77.866	76.4570
5329.101986	77.868	75.9707
5329.468197	77.850	75.5273
5329.834408	77.838	75.1929
5330.200619	77.835	74.8232
5330.566830	77.827	74.4565
5330.933041	77.828	74.1255
5331.299252	77.836	73.7056
5331.665463	77.831	73.2417
5332.031674	77.821	72.8462
5332.397885	77.817	72.4614
5332.764096	77.813	72.0640
5333.130307	77.812	71.6611
5333.496518	77.808	71.2002
5333.862729	77.788	70.7822
5334.228940	77.776	70.5103
5334.595151	77.789	70.1899
5334.961361	77.798	69.7031
5335.327572	77.785	69.2368
5335.693783	77.773	68.8672
5336.059994	77.768	68.5088
5336.426205	77.768	68.1577
5336.792416	77.777	67.7544
5337.158627	77.776	67.2344
5337.524838	77.751	66.7817
5337.891049	77.734	66.5059
5338.257260	77.743	66.1846
5338.623471	77.745	65.7129
5338.989682	77.727	65.2935
5339.355893	77.717	64.9980
5339.722104	77.723	64.6646
5340.088315	77.727	64.2383
5340.454526	77.720	63.8164
5340.820737	77.713	63.4380
5341.186948	77.709	63.0767
5341.553159	77.710	62.7104
5341.919370	77.713	62.3091
5342.285581	77.712	61.8721
5342.651792	77.705	61.4370
5343.018003	77.694	61.0342
5343.384214	77.684	60.6982
5343.750425	77.691	60.3677
5344.116636	77.703	59.8896
5344.482847	77.689	59.3433
5344.849058	77.660	58.9595
5345.215269	77.652	58.6758
5345.581480	77.655	58.3008
5345.947691	77.649	57.8657
5346.313901	77.636	57.4663
5346.680112	77.624	57.1172
5347.046323	77.619	56.7979
5347.412534	77.623	56.4443
5347.778745	77.625	56.0273
5348.144956	77.621	55.6055
5348.511167	77.617	55.1958
5348.877378	77.611	54.7627
5349.243589	77.598	54.3350
5349.609800	77.581	53.9932
5349.976011	77.582	53.7075
5350.342222	77.598	53.2788
5350.708433	77.588	52.7056
5351.074644	77.550	52.3291
5351.440855	77.544	52.1709
5351.807066	77.571	51.8013
5352.173277	77.567	51.2329
5352.539488	77.541	50.8706
5352.905699	77.547	50.5771
5353.271910	77.552	50.0654
5353.638121	77.523	49.6201
5354.004332	77.509	49.3848
5354.370543	77.519	49.0420
5354.736754	77.513	48.6128
5355.102965	77.507	48.3032
5355.469176	77.520	47.9111
5355.835387	77.513	47.3862
5356.201598	77.487	47.0298
5356.567809	77.489	46.7695
5356.934020	77.502	46.3228
5357.300231	77.487	45.8291
5357.666441	77.468	45.4990
5358.032652	77.470	45.1909
5358.398863	77.475	44.7729
5358.765074	77.468	44.3384
5359.131285	77.459	43.9487
5359.497496	77.452	43.5679
5359.863707	77.446	43.2080
5360.229918	77.448	42.8618
5360.596129	77.455	42.4360
5360.962340	77.450	41.9492
5361.328551	77.432	41.5288
5361.694762	77.419	41.1851
5362.060973	77.415	40.8594
5362.427184	77.420	40.5088
5362.793395	77.428	40.0537
5363.159606	77.415	39.5439
5363.525817	77.387	39.1812
5363.892028	77.381	38.9292
5364.258239	77.392	38.5488
5364.624450	77.383	38.0718
5364.990661	77.361	37.7339
5365.356872	77.362	37.4873
5365.723083	77.377	37.0762
5366.089294	77.367	36.5645
5366.455505	77.344	36.2319
5366.821716	77.349	35.9668
5367.187927	77.360	35.4990
5367.554138	77.341	35.0166
5367.920349	77.323	34.7300
5368.286560	77.329	34.4131
5368.652770	77.329	33.9873
5369.018981	77.324	33.6255
5369.385192	77.332	33.2241
5369.751403	77.325	32.7129
5370.117614	77.301	32.3262
5370.483825	77.295	32.0332
5370.850036	77.296	31.6255
5371.216247	77.280	31.2334
5371.582458	77.274	30.9658
5371.948669	77.289	30.6143
5372.314880	77.292	30.1221
5372.681091	77.276	29.6704
5373.047302	77.260	29.3198
5373.413513	77.254	28.9863
5373.779724	77.251	28.6187
5374.145935	77.245	28.2505
5374.512146	77.243	27.9019
5374.878357	77.246	27.4941
5375.244568	77.237	27.0322
5375.610779	77.217	26.6606
5375.976990	77.210	26.3462
5376.343201	77.207	25.9502
5376.709412	77.190	25.5898
5377.075623	77.187	25.3428
5377.441834	77.207	24.9678
5377.808045	77.205	24.4292
5378.174256	77.181	24.0156
5378.540467	77.174	23.7227
5378.906678	77.180	23.3164
5379.272889	77.168	22.8608
5379.639100	77.152	22.5176
5380.005310	77.150	22.1929
5380.371521	77.150	21.7935
5380.737732	77.142	21.3989
5381.103943	77.137	21.0454
5381.470154	77.136	20.6646
5381.836365	77.131	20.2617
5382.202576	77.124	19.8945
5382.568787	77.123	19.5186
5382.934998	77.117	19.0967
5383.301209	77.104	18.7236
5383.667420	77.099	18.4019
5384.033631	77.101	18.0122
5384.399842	77.091	17.6016
5384.766053	77.080	17.2729
5385.132264	77.082	16.9312
5385.498475	77.080	16.5176
5385.864686	77.071	16.1201
5386.230897	77.063	15.7471
5386.597108	77.055	15.3711
5386.963319	77.047	15.0142
5387.329530	77.042	14.6460
5387.695741	77.034	14.2583
5388.061952	77.022	13.9160
5388.428163	77.019	13.6025
5388.794374	77.024	13.2349
5389.160585	77.024	12.7979
5389.526796	77.011	12.3628
5389.893007	76.995	12.0103
5390.259218	76.990	11.7041
5390.625429	76.993	11.3296
5390.991639	76.987	10.8989
5391.357850	76.973	10.5176
5391.724061	76.965	10.1934
5392.090272	76.964	9.8481
5392.456483	76.963	9.4478
5392.822694	76.952	9.0596
5393.188905	76.944	8.7363
5393.555116	76.948	8.3901
5393.921327	76.949	7.9478
5394.287538	76.933	7.5312
5394.653749	76.920	7.2207
5395.019960	76.923	6.8848
5395.386171	76.919	6.4634
5395.752382	76.904	6.0991
5396.118593	76.901	5.8159
5396.484804	76.912	5.4448
5396.851015	76.910	4.9492
5397.217226	76.886	4.5098
5397.583437	76.863	4.2412
5397.949648	76.867	4.0132
5398.315859	76.884	3.6167
5398.682070	76.878	3.1045
5399.048281	76.853	2.7227
5399.414492	76.844	2.4551
5399.780703	76.848	2.1064
5400.146914	76.843	1.7109
5400.513125	76.838	1.3535
5400.879336	76.836	0.9702
5401.245547	76.828	0.5708
5401.611758	76.819	0.2021
5401.977969	76.809	-0.1616
5402.344179	76.799	-0.4775
5402.710390	76.803	-0.7686
5403.076601	76.814	-1.1870
5403.442812	76.803	-1.6626
5403.809023	76.783	-1.9995
5404.175234	76.783	-2.2856
5404.541445	76.788	-2.6709
5404.907656	76.782	-3.0801
5405.273867	76.776	-3.4541
5405.640078	76.770	-3.8467
5406.006289	76.758	-4.2109
5406.372500	76.753	-4.5073
5406.738711	76.761	-4.8755
5407.104922	76.757	-5.3457
5407.471133	76.735	-5.7241
5407.837344	76.726	-5.9937
5408.203555	76.731	-6.3301
5408.569766	76.728	-6.7324
5408.935977	76.720	-7.1133
5409.302188	76.711	-7.4844
5409.668399	76.699	-7.8149
5410.034610	76.698	-8.1055
5410.400821	76.704	-8.4785
5410.767032	76.697	-8.9053
5411.133243	76.684	-9.2520
5411.499454	76.681	-9.5737
5411.865665	76.678	-9.9424
5412.231876	76.672	-10.2930
5412.598087	76.672	-10.6460
5412.964298	76.669	-11.0615
5413.330509	76.653	-11.4390
5413.696719	76.644	-11.7261
5414.062930	76.649	-12.0620
5414.429141	76.644	-12.4771
5414.795352	76.628	-12.8081
5415.161563	76.628	-13.0552
5415.527774	76.645	-13.4224
5415.893985	76.645	-13.9150
5416.260196	76.627	-14.3296
5416.626407	76.617	-14.6714
5416.992618	76.607	-15.0547
5417.358829	76.587	-15.3750
5417.725040	76.582	-15.5894
5418.091251	76.598	-15.9087
5418.457462	76.601	-16.3604
5418.823673	76.588	-16.7476
5419.189884	76.584	-17.0757
5419.556095	76.583	-17.4546
5419.922306	76.575	-17.8335
5420.288517	76.568	-18.1777
5420.654728	76.564	-18.5400
5421.020939	76.557	-18.9097
5421.387150	76.549	-19.2603
5421.753361	76.541	-19.5991
5422.119572	76.533	-19.8955
5422.485783	76.538	-20.1694
5422.851994	76.554	-20.5557
5423.218205	76.553	-21.0571
5423.584416	76.531	-21.4805
5423.950627	76.515	-21.7803
5424.316838	76.510	-22.0791
5424.683048	76.508	-22.3882
5425.049259	76.514	-22.7285
5425.415470	76.514	-23.1777
5425.781681	76.491	-23.5737
5426.147892	76.478	-23.7993
5426.514103	76.490	-24.1016
5426.880314	76.489	-24.5430
5427.246525	76.473	-24.8765
5427.612736	76.477	-25.1592
5427.978947	76.484	-25.5879
5428.345158	76.470	-26.0225
5428.711369	76.457	-26.3394
5429.077580	76.456	-26.6797
5429.443791	76.449	-27.0850
5429.810002	76.433	-27.4243
5430.176213	76.428	-27.6943
5430.542424	76.435	-28.0356
5430.908635	76.433	-28.4639
5431.274846	76.418	-28.8413
5431.641057	76.408	-29.1353
5432.007268	76.407	-29.4302
5432.373479	76.412	-29.7622
5432.739690	76.417	-30.1553
5433.105901	76.410	-30.5869
5433.472112	76.393	-30.9258
5433.838323	76.390	-31.1802
5434.204534	76.399	-31.5249
5434.570745	76.397	-31.9395
5434.936956	76.387	-32.2808
5435.303167	76.388	-32.6069
5435.669378	76.387	-32.9912
5436.035588	76.378	-33.3521
5436.401799	76.374	-33.6733
5436.768010	76.373	-34.0278
5437.134221	76.366	-34.3862
5437.500432	76.361	-34.7021
5437.866643	76.363	-35.0317
5438.232854	76.365	-35.4126
5438.599065	76.359	-35.7920
5438.965276	76.353	-36.1318
5439.331487	76.352	-36.4741
5439.697698	76.351	-36.8540
5440.063909	76.343	-37.2173
5440.430120	76.340	-37.5425
5440.796331	76.341	-37.9102
5441.162542	76.333	-38.3032
5441.528753	76.322	-38.6182
5441.894964	76.324	-38.9155
5442.261175	76.326	-39.2788
5442.627386	76.323	-39.6377
5442.993597	76.322	-39.9751
5443.359808	76.322	-40.3447
5443.726019	76.316	-40.7080
5444.092230	76.313	-41.0532
5444.458441	76.310	-41.4268
5444.824652	76.300	-41.7983
5445.190863	76.286	-42.1064
5445.557074	76.282	-42.3501
5445.923285	76.295	-42.6411
5446.289496	76.304	-43.0869
5446.655707	76.286	-43.5356
5447.021917	76.266	-43.8066
5447.388128	76.269	-44.0503
5447.754339	76.277	-44.4077
5448.120550	76.277	-44.8042
5448.486761	76.271	-45.2129
5448.852972	76.253	-45.5771
5449.219183	76.243	-45.8257
5449.585394	76.252	-46.1299
5449.951605	76.250	-46.5479
5450.317816	76.235	-46.8496
5450.684027	76.244	-47.0967
5451.050238	76.258	-47.5215
5451.416449	76.245	-47.9604
5451.782660	76.234	-48.2402
5452.148871	76.244	-48.5464
5452.515082	76.249	-48.9775
5452.881293	76.236	-49.3833
5453.247504	76.224	-49.6875
5453.613715	76.225	-49.9692
5453.979926	76.231	-50.3203
5454.346137	76.227	-50.7070
5454.712348	76.219	-51.0293
5455.078559	76.222	-51.3301
5455.444770	76.226	-51.6992
5455.810981	76.220	-52.0625
5456.177192	76.218	-52.3730
5456.543403	76.223	-52.7227
5456.909614	76.221	-53.1001
5457.275825	76.218	-53.4385
5457.642036	76.220	-53.7964
5458.008247	76.217	-54.1914
5458.374457	76.210	-54.5479
5458.740668	76.205	-54.8901
5459.106879	76.198	-55.2334
5459.473090	76.192	-55.5044
5459.839301	76.206	-55.7954
5460.205512	76.218	-56.2451
5460.571723	76.203	-56.7017
5460.937934	76.186	-56.9966
5461.304145	76.188	-57.2686
5461.670356	76.191	-57.6338
5462.036567	76.183	-57.9814
5462.402778	76.180	-58.2603
5462.768989	76.188	-58.5771
5463.135200	76.191	-58.9634
5463.501411	76.183	-59.3066
5463.867622	76.184	-59.5786
5464.233833	76.197	-59.9292
5464.600044	76.197	-60.3833
5464.966255	76.178	-60.7363
5465.332466	76.175	-60.9692
5465.698677	76.189	-61.2920
5466.064888	76.191	-61.7119
5466.431099	76.182	-62.0859
5466.797310	76.175	-62.4009
5467.163521	76.176	-62.6958
5467.529732	76.184	-63.0386
5467.895943	76.185	-63.4736
5468.262154	76.167	-63.8394
5468.628365	76.162	-64.0693
5468.994576	76.177	-64.3843
5469.360786	76.180	-64.8149
5469.726997	76.170	-65.1733
5470.093208	76.169	-65.4932
5470.459419	76.168	-65.8418
5470.825630	76.166	-66.1484
5471.191841	76.176	-66.4907
5471.558052	76.176	-66.9316
5471.924263	76.160	-67.2935
5472.290474	76.155	-67.5483
5472.656685	76.162	-67.8691
5473.022896	76.162	-68.2402
5473.389107	76.158	-68.5562
5473.755318	76.164	-68.8799
5474.121529	76.167	-69.2676
5474.487740	76.161	-69.6445
5474.853951	76.154	-69.9644
5475.220162	76.155	-70.2700
5475.586373	76.159	-70.6182
5475.952584	76.157	-71.0020
5476.318795	76.148	-71.3384
5476.685006	76.148	-71.6157
5477.051217	76.157	-71.9507
5477.417428	76.157	-72.3511
5477.783639	76.149	-72.6753
5478.149850	76.155	-72.9497
5478.516061	76.171	-73.3413
5478.882272	76.168	-73.8062
5479.248483	76.154	-74.1909
5479.614694	76.143	-74.5063
5479.980905	76.137	-74.8052
5480.347116	76.135	-75.0874
5480.713326	76.138	-75.3804
5481.079537	76.144	-75.6880
5481.445748	76.153	-76.0181
5481.811959	76.161	-76.4092
5482.178170	76.158	-76.7969
5482.544381	76.157	-77.1338
5482.910592	76.160	-77.5181
5483.276803	76.148	-77.9062
5483.643014	76.137	-78.1562
5484.009225	76.151	-78.4106
5484.375436	76.165	-78.8320
5484.741647	76.157	-79.2510
5485.107858	76.152	-79.5518
5485.474069	76.160	-79.8950
5485.840280	76.160	-80.3149
5486.206491	76.148	-80.6567
5486.572702	76.150	-80.9360
5486.938913	76.159	-81.2964
5487.305124	76.156	-81.6870
5487.671335	76.152	-82.0005
5488.037546	76.159	-82.3345
5488.403757	76.159	-82.7344
5488.769968	76.148	-83.0439
5489.136179	76.156	-83.2788
5489.502390	76.178	-83.6440
5489.868601	76.181	-84.1235
5490.234812	76.166	-84.5151
5490.601023	76.157	-84.7764
5490.967234	76.166	-85.0479
5491.333445	76.177	-85.4229
5491.699656	76.175	-85.8174
5492.065866	76.170	-86.1392
5492.432077	76.175	-86.4468
5492.798288	76.181	-86.8013
5493.164499	76.184	-87.1865
5493.530710	76.179	-87.5684
5493.896921	76.170	-87.8848
5494.263132	76.174	-88.1636
5494.629343	76.184	-88.5254
5494.995554	76.182	-88.9155
5495.361765	76.180	-89.2373
5495.727976	76.186	-89.5962
5496.094187	76.181	-89.9907
5496.460398	76.174	-90.2812
5496.826609	76.185	-90.5654
5497.192820	76.196	-90.9766
5497.559031	76.188	-91.3760
5497.925242	76.183	-91.6582
5498.291453	76.194	-91.9478
5498.657664	76.206	-92.3271
5499.023875	76.209	-92.7271
5499.390086	76.209	-93.0923
5499.756297	76.213	-93.4634
5500.122508	76.211	-93.8560
5500.488719	76.202	-94.2017
5500.854930	76.200	-94.4854
5501.221141	76.209	-94.8032
5501.587352	76.212	-95.1919
5501.953563	76.203	-95.5430
5502.319774	76.200	-95.7998
5502.685985	76.212	-96.0815
5503.052195	76.223	-96.4585
5503.418406	76.223	-96.8364
5503.784617	76.222	-97.1655
5504.150828	76.226	-97.4941
5504.517039	76.232	-97.8369
5504.883250	76.238	-98.2104
5505.249461	76.237	-98.6011
5505.615672	76.232	-98.9248
5505.981883	76.240	-99.2222
5506.348094	76.251	-99.6099
5506.714305	76.250	-100.0190
5507.080516	76.246	-100.3511
5507.446727	76.252	-100.6777
5507.812938	76.258	-101.0537
5508.179149	76.259	-101.4282
5508.545360	76.260	-101.7822
5508.911571	76.265	-102.1548
5509.277782	76.263	-102.5532
5509.643993	76.253	-102.8911
5510.010204	76.255	-103.1523
5510.376415	76.271	-103.4976
5510.742626	76.271	-103.9326
5511.108837	76.260	-104.2476
5511.475048	76.269	-104.4883
5511.841259	76.290	-104.8677
5512.207470	76.293	-105.3091
5512.573681	76.291	-105.6753
5512.939892	76.296	-106.0513
5513.306103	76.295	-106.4668
5513.672314	76.287	-106.8271
5514.038525	76.285	-107.1382
5514.404735	76.289	-107.4702
5514.770946	76.291	-107.8218
5515.137157	76.292	-108.1353
5515.503368	76.305	-108.4375
5515.869579	76.324	-108.8667
5516.235790	76.318	-109.3755
5516.602001	76.295	-109.6899
5516.968212	76.301	-109.8564
5517.334423	76.331	-110.2134
5517.700634	76.335	-110.7114
5518.066845	76.322	-111.0532
5518.433056	76.329	-111.3125
5518.799267	76.345	-111.6753
5519.165478	76.352	-112.0771
5519.531689	76.357	-112.4814
5519.897900	76.351	-112.9028
5520.264111	76.336	-113.2188
5520.630322	76.337	-113.4180
5520.996533	76.362	-113.7075
5521.362744	76.379	-114.1636
5521.728955	76.373	-114.6128
5522.095166	76.363	-114.9331
5522.461377	76.367	-115.2139
5522.827588	76.377	-115.5601
5523.193799	76.382	-115.9395
5523.560010	76.383	-116.3037
5523.926221	76.385	-116.6509
5524.292432	76.389	-116.9863
5524.658643	76.398	-117.3564
5525.024854	76.399	-117.7612
5525.391064	76.395	-118.1021
5525.757275	76.403	-118.4043
5526.123486	76.418	-118.8003
5526.489697	76.419	-119.2559
5526.855908	76.408	-119.6431
5527.222119	76.401	-119.9385
5527.588330	76.408	-120.2061
5527.954541	76.425	-120.5508
5528.320752	76.434	-120.9795
5528.686963	76.430	-121.3667
5529.053174	76.432	-121.6885
5529.419385	76.440	-122.0371
5529.785596	76.445	-122.4160
5530.151807	76.447	-122.7739
5530.518018	76.452	-123.1221
5530.884229	76.457	-123.4893
5531.250440	76.458	-123.8506
5531.616651	76.461	-124.1641
5531.982862	76.474	-124.4854
5532.349073	76.489	-124.8926
5532.715284	76.492	-125.3247
5533.081495	76.491	-125.7173
5533.447706	76.490	-126.0977
5533.813917	76.488	-126.4541
5534.180128	76.491	-126.8008
5534.546339	76.492	-127.1836
5534.912550	76.486	-127.5156
5535.278761	76.494	-127.7896
5535.644972	76.513	-128.1841
5536.011183	76.511	-128.6582
5536.377394	76.497	-128.9966
5536.743604	76.499	-129.2520
5537.109815	76.514	-129.5830
5537.476026	76.523	-129.9653
5537.842237	76.530	-130.3555
5538.208448	76.532	-130.7593
5538.574659	76.528	-131.1265
5538.940870	76.530	-131.4487
5539.307081	76.538	-131.8052
5539.673292	76.540	-132.1924
5540.039503	76.538	-132.5190
5540.405714	76.549	-132.8252
5540.771925	76.563	-133.2246
5541.138136	76.564	-133.6514
5541.504347	76.561	-134.0024
5541.870558	76.567	-134.3511
5542.236769	76.569	-134.7231
5542.602980	76.572	-135.0479
5542.969191	76.587	-135.4121
5543.335402	76.593	-135.8687
5543.701613	76.584	-136.2622
5544.067824	76.584	-136.5723
5544.434035	76.592	-136.9253
5544.800246	76.597	-137.3013
5545.166457	76.603	-137.6738
5545.532668	76.607	-138.0820
5545.898879	76.603	-138.4507
5546.265090	76.608	-138.7627
5546.631301	76.620	-139.1445
5546.997512	76.622	-139.5610
5547.363723	76.620	-139.9004
5547.729934	76.630	-140.2388
5548.096144	76.638	-140.6318
5548.462355	76.641	-140.9868
5548.828566	76.654	-141.3335
5549.194777	76.667	-141.7632
5549.560988	76.667	-142.1855
5549.927199	76.670	-142.5430
5550.293410	76.678	-142.9429
5550.659621	76.677	-143.3550
5551.025832	76.677	-143.6948
5551.392043	76.685	-144.0830
5551.758254	76.678	-144.4961
5552.124465	76.670	-144.7485
5552.490676	76.692	-145.0151
5552.856887	76.710	-145.4995
5553.223098	76.696	-145.9312
5553.589309	76.692	-146.1846
5553.955520	76.708	-146.5186
5554.321731	76.711	-146.9229
5554.687942	76.712	-147.2314
5555.054153	76.728	-147.5640
5555.420364	76.740	-147.9927
5555.786575	76.743	-148.3979
5556.152786	76.749	-148.7847
5556.518997	76.753	-149.2158
5556.885208	76.747	-149.6265
5557.251419	76.741	-149.9575
5557.617630	76.747	-150.2598
5557.983841	76.762	-150.6289
5558.350052	76.771	-151.0752
5558.716263	76.766	-151.4971
5559.082473	76.762	-151.8379
5559.448684	76.769	-152.1636
5559.814895	76.780	-152.5488
5560.181106	76.782	-152.9609
5560.547317	76.781	-153.3198
5560.913528	76.789	-153.6519
5561.279739	76.800	-154.0464
5561.645950	76.801	-154.4673
5562.012161	76.797	-154.8135
5562.378372	76.805	-155.1138
5562.744583	76.823	-155.4888
5563.110794	76.830	-155.9458
5563.477005	76.822	-156.3330
5563.843216	76.826	-156.6133
5564.209427	76.846	-156.9805
5564.575638	76.852	-157.4580
5564.941849	76.845	-157.8364
5565.308060	76.852	-158.1548
5565.674271	76.863	-158.5786
5566.040482	76.857	-158.9912
5566.406693	76.856	-159.3076
5566.772904	76.866	-159.6543
5567.139115	76.873	-160.0366
5567.505326	76.882	-160.4180
5567.871537	76.889	-160.8521
5568.237748	76.884	-161.2598
5568.603959	76.885	-161.5972
5568.970170	76.892	-161.9902
5569.336381	76.887	-162.3789
5569.702592	76.889	-162.6680
5570.068803	76.907	-163.0273
5570.435013	76.912	-163.4712
5570.801224	76.911	-163.8232
5571.167435	76.925	-164.1938
5571.533646	76.929	-164.6689
5571.899857	76.918	-165.0464
5572.266068	76.921	-165.3438
5572.632279	76.932	-165.7236
5572.998490	76.933	-166.0991
5573.364701	76.941	-166.4414
5573.730912	76.952	-166.8477
5574.097123	76.953	-167.2476
5574.463334	76.959	-167.6216
5574.829545	76.962	-168.0513
5575.195756	76.952	-168.4229
5575.561967	76.955	-168.6792
5575.928178	76.978	-169.0151
5576.294389	76.994	-169.5063
5576.660600	76.985	-169.9814
5577.026811	76.973	-170.3052
5577.393022	76.982	-170.5737
5577.759233	77.002	-170.9819
5578.125444	77.000	-171.4600
5578.491655	76.990	-171.7959
5578.857866	77.001	-172.0933
5579.224077	77.015	-172.5151
5579.590288	77.014	-172.9307
5579.956499	77.018	-173.2993
5580.322710	77.022	-173.7129
5580.688921	77.018	-174.0820
5581.055132	77.027	-174.4023
5581.421342	77.042	-174.8223
5581.787553	77.044	-175.2837
5582.153764	77.042	-175.7026
5582.519975	77.037	-176.1187
5582.886186	77.027	-176.4546
5583.252397	77.035	-176.7285
5583.618608	77.053	-177.1323
5583.984819	77.053	-177.5845
5584.351030	77.050	-177.9180
5584.717241	77.063	-178.2617
5585.083452	77.073	-178.6792
5585.449663	77.080	-179.0786
5585.815874	77.091	-179.5176
5586.182085	77.090	-179.9990
5586.548296	77.079	179.6104
5586.914507	77.076	179.2783
5587.280718	77.078	178.9458
5587.646929	77.086	178.6387
5588.013140	77.106	178.2646
5588.379351	77.115	177.7842
5588.745562	77.108	177.3628
5589.111773	77.108	177.0327
5589.477984	77.118	176.6641
5589.844195	77.124	176.2500
5590.210406	77.124	175.8628
5590.576617	77.128	175.5049
5590.942828	77.137	175.1206
5591.309039	77.143	174.6797
5591.675250	77.136	174.2622
5592.041461	77.132	173.9463
5592.407672	77.144	173.6206
5592.773882	77.155	173.1865
5593.140093	77.151	172.7705
5593.506304	77.151	172.4487
5593.872515	77.164	172.0903
5594.238726	77.172	171.6670
5594.604937	77.174	171.2817
5594.971148	77.184	170.8994
5595.337359	77.190	170.4590
5595.703570	77.188	170.0537
5596.069781	77.193	169.6978
5596.435992	77.205	169.2749
5596.802203	77.206	168.7974
5597.168414	77.194	168.3765
5597.534625	77.183	168.0513
5597.900836	77.184	167.7827
5598.267047	77.200	167.4697
5598.633258	77.215	167.0693
5598.999469	77.224	166.6626
5599.365680	77.235	166.2417
5599.731891	77.239	165.7524
5600.098102	77.227	165.3242
5600.464313	77.223	165.0020
5600.830524	77.231	164.6304
5601.196735	77.231	164.2329
5601.562946	77.235	163.8838
5601.929157	77.245	163.4585
5602.295368	77.239	163.0093
5602.661579	77.232	162.6992
5603.027790	77.248	162.3672
5603.394001	77.258	161.9004
5603.760211	77.253	161.4849
5604.126422	77.258	161.1050
5604.492633	77.259	160.6631
5604.858844	77.252	160.3071
5605.225055	77.266	159.9854
5605.591266	77.281	159.4849
5605.957477	77.265	158.9961
5606.323688	77.251	158.7192
5606.689899	77.265	158.4390
5607.056110	77.281	158.0264
5607.422321	77.286	157.6011
5607.788532	77.290	157.1855
5608.154743	77.289	156.7769
5608.520954	77.289	156.4165
5608.887165	77.296	156.0547
5609.253376	77.302	155.6641
5609.619587	77.307	155.2773
5609.985798	77.313	154.8682
5610.352009	77.312	154.4585
5610.718220	77.310	154.1167
5611.084431	77.321	153.7725
5611.450642	77.331	153.3506
5611.816853	77.331	152.9336
5612.183064	77.333	152.5625
5612.549275	77.340	152.1621
5612.915486	77.340	151.7344
5613.281697	77.335	151.3647
5613.647908	77.340	151.0254
5614.014119	77.350	150.6206
5614.380330	77.351	150.1797
5614.746541	77.346	149.7915
5615.112751	77.347	149.4443
5615.478962	77.355	149.0854
5615.845173	77.365	148.6880
5616.211384	77.373	148.2402
5616.577595	77.371	147.7949
5616.943806	77.367	147.4092
5617.310017	77.371	147.0283
5617.676228	77.375	146.6089
5618.042439	77.373	146.2021
5618.408650	77.374	145.8267
5618.774861	77.380	145.4419
5619.141072	77.386	145.0259
5619.507283	77.387	144.5879
5619.873494	77.381	144.1812
5620.239705	77.380	143.8276
5620.605916	77.385	143.4561
5620.972127	77.387	143.0542
5621.338338	77.387	142.6914
5621.704549	77.395	142.3257
5622.070760	77.400	141.9102
5622.436971	77.400	141.5342
5622.803182	77.409	141.1836
5623.169393	77.421	140.7339
5623.535604	77.416	140.2715
5623.901815	77.408	139.9268
5624.268026	77.417	139.5859
5624.634237	77.425	139.1548
5625.000448	77.422	138.7305
5625.366659	77.420	138.3511
5625.732870	77.419	137.9746
5626.099081	77.417	137.6274
5626.465291	77.425	137.3037
5626.831502	77.441	136.9102
5627.197713	77.449	136.4287
5627.563924	77.442	135.9771
5627.930135	77.437	135.6201
5628.296346	77.444	135.2554
5628.662557	77.448	134.8179
5629.028768	77.443	134.4116
5629.394979	77.444	134.0591
5629.761190	77.452	133.6562
5630.127401	77.452	133.2305
5630.493612	77.452	132.8428
5630.859823	77.455	132.4316
5631.226034	77.450	132.0234
5631.592245	77.447	131.6914
5631.958456	77.457	131.3457
5632.324667	77.466	130.9292
5632.690878	77.469	130.5186
5633.057089	77.475	130.1152
5633.423300	77.478	129.6909
5633.789511	77.478	129.2832
5634.155722	77.479	128.8882
5634.521933	77.481	128.4927
5634.888144	77.484	128.1035
5635.254355	77.488	127.6880
5635.620566	77.486	127.2651
5635.986777	77.481	126.8994
5636.352988	77.485	126.5566
5636.719199	77.493	126.1816
5637.085410	77.501	125.7666
5637.451620	77.502	125.3267
5637.817831	77.496	124.9434
5638.184042	77.500	124.6113
5638.550253	77.511	124.1973
5638.916464	77.509	123.7632
5639.282675	77.509	123.4258
5639.648886	77.525	123.0161
5640.015097	77.524	122.5015
5640.381308	77.508	122.1206
5640.747519	77.511	121.8086
5641.113730	77.518	121.3721
5641.479941	77.507	120.9653
5641.846152	77.504	120.6782
5642.212363	77.517	120.3306
5642.578574	77.523	119.9062
5642.944785	77.523	119.5283
5643.310996	77.530	119.1577
5643.677207	77.538	118.7241
5644.043418	77.535	118.2900
5644.409629	77.530	117.9258
5644.775840	77.536	117.5698
5645.142051	77.542	117.1519
5645.508262	77.541	116.7393
5645.874473	77.543	116.3604
5646.240684	77.547	115.9385
5646.606895	77.541	115.5259
5646.973106	77.538	115.1924
5647.339317	77.549	114.8306
5647.705528	77.555	114.3970
5648.071739	77.555	113.9761
5648.437950	77.556	113.5679
5648.804160	77.555	113.1528
5649.170371	77.551	112.7676
5649.536582	77.553	112.4116
5649.902793	77.561	112.0366
5650.269004	77.570	111.5913
5650.635215	77.564	111.1255
5651.001426	77.554	110.7666
5651.367637	77.562	110.4448
5651.733848	77.573	109.9927
5652.100059	77.562	109.5337
5652.466270	77.552	109.2402
5652.832481	77.570	108.9375
5653.198692	77.588	108.4395
5653.564903	77.575	107.9248
5653.931114	77.556	107.6069
5654.297325	77.565	107.3599
5654.663536	77.588	106.9595
5655.029747	77.595	106.4375
5655.395958	77.581	105.9766
5655.762169	77.569	105.6367
5656.128380	77.573	105.3325
5656.494591	77.586	104.9546
5656.860802	77.593	104.4927
5657.227013	77.586	104.0532
5657.593224	77.580	103.6914
5657.959435	77.583	103.3423
5658.325646	77.592	102.9458
5658.691857	77.596	102.5054
5659.058068	77.592	102.0679
5659.424279	77.586	101.6812
5659.790489	77.586	101.3252
5660.156700	77.592	100.9482
5660.522911	77.598	100.5308
5660.889122	77.598	100.0894
5661.255333	77.590	99.6909
5661.621544	77.589	99.3545
5661.987755	77.597	98.9858
5662.353966	77.602	98.5620
5662.720177	77.601	98.1621
5663.086388	77.604	97.7671
5663.452599	77.602	97.3530
5663.818810	77.597	97.0010
5664.185021	77.605	96.6675
5664.551232	77.616	96.2290
5664.917443	77.609	95.7861
5665.283654	77.605	95.4463
5665.649865	77.614	95.0605
5666.016076	77.609	94.5986
5666.382287	77.593	94.2793
5666.748498	77.605	94.0308
5667.114709	77.628	93.5762
5667.480920	77.619	93.0527
5667.847131	77.601	92.7354
5668.213342	77.612	92.4624
5668.579553	77.628	92.0337
5668.945764	77.629	91.5757
5669.311975	77.628	91.1689
5669.678186	77.630	90.7500
5670.044397	77.629	90.3286
5670.410608	77.627	89.9106
5670.776819	77.621	89.4854
5671.143029	77.612	89.1260
5671.509240	77.615	88.8052
5671.875451	77.624	88.3945
5672.241662	77.619	87.9668
5672.607873	77.615	87.6426
5672.974084	77.628	87.2798
5673.340295	77.632	86.8037
5673.706506	77.620	86.4116
5674.072717	77.622	86.1064
5674.438928	77.634	85.6870
5674.805139	77.627	85.2412
5675.171350	77.621	84.9214
5675.537561	77.632	84.5728
5675.903772	77.637	84.1260
5676.269983	77.631	83.7334
5676.636194	77.634	83.3794
5677.002405	77.640	82.9688
5677.368616	77.640	82.5532
5677.734827	77.639	82.1475
5678.101038	77.636	81.7363
5678.467249	77.631	81.3818
5678.833460	77.638	81.0356
5679.199671	77.648	80.5991
5679.565882	77.646	80.1416
5679.932093	77.640	79.7388
5680.298304	77.638	79.3486
5680.664515	77.636	78.9629
5681.030726	77.638	78.5781
5681.396937	77.638	78.1641
5681.763148	77.633	77.7769
5682.129359	77.633	77.4346
5682.495569	77.641	77.0483
5682.861780	77.642	76.6343
5683.227991	77.643	76.2539
5683.594202	77.648	75.8481
5683.960413	77.645	75.4175
5684.326624	77.640	75.0444
5684.692835	77.641	74.6909
5685.059046	77.645	74.3149
5685.425257	77.650	73.9341
5685.791468	77.655	73.5093
5686.157679	77.649	73.0796
5686.523890	77.642	72.7417
5686.890101	77.650	72.4111
5687.256312	77.660	71.9937
5687.622523	77.661	71.5527
5687.988734	77.657	71.1338
5688.354945	77.651	70.7554
5688.721156	77.651	70.4058
5689.087367	77.654	70.0015
5689.453578	77.645	69.6147
5689.819789	77.645	69.3296
5690.186000	77.662	68.9565
5690.552211	77.662	68.4810
5690.918422	77.652	68.1357
5691.284633	77.664	67.8115
5691.650844	77.675	67.3350
5692.017055	77.665	66.8896
5692.383266	77.661	66.5317
5692.749477	77.662	66.1357
5693.115688	77.658	65.7490
5693.481898	77.659	65.3677
5693.848109	77.656	64.9502
5694.214320	77.649	64.5996
5694.580531	77.657	64.2461
5694.946742	77.658	63.7935
5695.312953	77.646	63.4277
5695.679164	77.654	63.1289
5696.045375	77.670	62.6641
5696.411586	77.659	62.1685
5696.777797	77.647	61.8218
5697.144008	77.650	61.4814
5697.510219	77.654	61.0864
5697.876430	77.656	60.6763
5698.242641	77.653	60.2388
5698.608852	77.640	59.8794
5698.975063	77.644	59.5884
5699.341274	77.657	59.1646
5699.707485	77.645	58.7144
5700.073696	77.633	58.4697
5700.439907	77.656	58.2285
5700.806118	77.684	57.7480
5701.172329	77.682	57.2046
5701.538540	77.668	56.8032
5701.904751	77.667	56.4604
5702.270962	77.670	56.0610
5702.637173	77.665	55.6592
5703.003384	77.661	55.3145
5703.369595	77.667	54.9521
5703.735806	77.669	54.5273
5704.102017	77.662	54.1226
5704.468228	77.656	53.7710
5704.834438	77.655	53.4248
5705.200649	77.656	53.0781
5705.566860	77.662	52.7212
5705.933071	77.669	52.3164
5706.299282	77.669	51.8882
5706.665493	77.666	51.4839
5707.031704	77.664	51.0869
5707.397915	77.658	50.6870
5707.764126	77.650	50.3491
5708.130337	77.655	50.0674
5708.496548	77.677	49.6782
5708.862759	77.683	49.1489
5709.228970	77.666	48.7061
5709.595181	77.662	48.4038
5709.961392	77.676	48.0205
5710.327603	77.679	47.5239
5710.693814	77.666	47.0767
5711.060025	77.653	46.7061
5711.426236	77.644	46.3848
5711.792447	77.646	46.0986
5712.158658	77.661	45.7432
5712.524869	77.668	45.2974
5712.891080	77.665	44.8706
5713.257291	77.661	44.4702
5713.623502	77.653	44.0825
5713.989713	77.646	43.7749
5714.355924	77.655	43.4824
5714.722135	77.668	43.0869
5715.088346	77.669	42.6851
5715.454557	77.676	42.3486
5715.820767	77.695	41.9253
5716.186978	77.698	41.3755
5716.553189	77.676	40.9072
5716.919400	77.658	40.6152
5717.285611	77.663	40.3574
5717.651822	77.679	39.9961
5718.018033	77.688	39.5498
5718.384244	77.686	39.1079
5718.750455	77.682	38.6958
5719.116666	77.675	38.2949
5719.482877	77.665	37.9487
5719.849088	77.665	37.6704
5720.215299	77.684	37.3247
5720.581510	77.695	36.8291
5720.947721	77.681	36.3555
5721.313932	77.669	36.0327
5721.680143	77.676	35.7026
5722.046354	77.679	35.2632
5722.412565	77.668	34.8755
5722.778776	77.668	34.5718
5723.144987	77.678	34.1860
5723.511198	77.676	33.7505
5723.877409	77.669	33.3999
5724.243620	77.674	33.0605
5724.609831	77.679	32.6562
5724.976042	77.676	32.2671
5725.342253	77.676	31.9248
5725.708464	77.684	31.5669
5726.074675	77.692	31.1562
5726.440886	77.692	30.7231
5726.807097	77.688	30.3276
5727.173307	77.688	29.9497
5727.539518	77.686	29.5273
5727.905729	77.671	29.1455
5728.271940	77.663	28.8887
5728.638151	77.678	28.6021
5729.004362	77.692	28.1587
5729.370573	77.685	27.7080
5729.736784	77.675	27.3638
5730.102995	77.675	27.0396
5730.469206	77.678	26.6963
5730.835417	77.685	26.3418
5731.201628	77.693	25.9160
5731.567839	77.687	25.4673
5731.934050	77.676	25.1157
5732.300261	77.678	24.7891
5732.666472	77.682	24.3853
5733.032683	77.675	23.9976
5733.398894	77.674	23.6772
5733.765105	77.684	23.3125
5734.131316	77.689	22.8691
5734.497527	77.682	22.4546
5734.863738	77.679	22.1064
5735.229949	77.685	21.7280
5735.596160	77.685	21.2925
5735.962371	77.676	20.9058
5736.328582	77.674	20.5703
5736.694793	77.677	20.2051
5737.061004	77.678	19.8413
5737.427215	77.685	19.4814
5737.793426	77.691	19.0620
5738.159636	77.689	18.6514
5738.525847	77.689	18.2842
5738.892058	77.691	17.8770
5739.258269	77.684	17.5000
5739.624480	77.688	17.1934
5739.990691	77.703	16.7915
5740.356902	77.701	16.3115
5740.723113	77.687	15.9443
5741.089324	77.686	15.6558
5741.455535	77.697	15.3237
5741.821746	77.710	14.9297
5742.187957	77.717	14.4644
5742.554168	77.709	14.0044
5742.920379	77.697	13.6528
5743.286590	77.697	13.3286
5743.652801	77.698	12.9697
5744.019012	77.701	12.6465
5744.385223	77.716	12.2896
5744.751434	77.727	11.8042
5745.117645	77.715	11.3413
5745.483856	77.704	11.0132
5745.850067	77.709	10.6934
5746.216278	77.717	10.2935
5746.582489	77.717	9.8599
5746.948700	77.710	9.4551
5747.314911	77.705	9.1099
5747.681122	77.709	8.7476
5748.047333	77.707	8.3120
5748.413544	77.690	7.9526
5748.779755	77.689	7.7144
5749.145966	77.707	7.3770
5749.512176	77.713	6.9180
5749.878387	77.706	6.5225
5750.244598	77.704	6.1655
5750.610809	77.700	5.7993
5750.977020	77.699	5.5068
5751.343231	77.716	5.1797
5751.709442	77.726	4.7129
5752.075653	77.718	4.2959
5752.441864	77.720	3.9683
5752.808075	77.730	3.5381
5753.174286	77.719	3.0967
5753.540497	77.710	2.8169
5753.906708	77.727	2.5107
5754.272919	77.740	2.0312
5754.639130	77.730	1.5693
5755.005341	77.720	1.2417
5755.371552	77.725	0.9258
5755.737763	77.734	0.5371
5756.103974	77.737	0.1191
5756.470185	77.736	-0.2847
5756.836396	77.734	-0.6797
5757.202607	77.730	-1.0693
5757.568818	77.724	-1.4116
5757.935029	77.728	-1.7251
5758.301240	77.739	-2.1152
5758.667451	77.738	-2.5659
5759.033662	77.725	-2.9272
5759.399873	77.725	-3.1963
5759.766084	77.740	-3.5259
5760.132295	77.751	-3.9487
5760.498506	77.752	-4.3691
5760.864716	77.752	-4.7637
5761.230927	77.751	-5.1592
5761.597138	77.749	-5.5273
5761.963349	77.752	-5.8770
5762.329560	77.759	-6.2788
5762.695771	77.755	-6.6978
5763.061982	77.750	-7.0410
5763.428193	77.757	-7.3711
5763.794404	77.766	-7.7886
5764.160615	77.762	-8.2188
5764.526826	77.757	-8.5776
5764.893037	77.758	-8.9292
5765.259248	77.758	-9.3042
5765.625459	77.758	-9.6401
5765.991670	77.768	-9.9805
5766.357881	77.778	-10.4194
5766.724092	77.771	-10.8643
5767.090303	77.762	-11.1992
5767.456514	77.766	-11.5234
5767.822725	77.769	-11.9038
5768.188936	77.769	-12.2515
5768.555147	77.779	-12.6011
5768.921358	77.786	-13.0298
5769.287569	77.781	-13.4395
5769.653780	77.780	-13.7964
5770.019991	77.780	-14.1836
5770.386202	77.774	-14.5420
5770.752413	77.778	-14.8330
5771.118624	77.795	-15.2026
5771.484835	77.801	-15.6807
5771.851045	77.790	-16.1123
5772.217256	77.781	-16.4277
5772.583467	77.790	-16.7178
5772.949678	77.809	-17.1201
5773.315889	77.812	-17.6260
5773.682100	77.797	-18.0542
5774.048311	77.789	-18.3760
5774.414522	77.789	-18.7100
5774.780733	77.788	-19.0156
5775.146944	77.805	-19.2930
5775.513155	77.833	-19.7383
5775.879366	77.834	-20.3047
5776.245577	77.814	-20.7334
5776.611788	77.805	-21.0405
5776.977999	77.805	-21.3540
5777.344210	77.812	-21.6548
5777.710421	77.831	-22.0137
5778.076632	77.841	-22.5151
5778.442843	77.825	-22.9746
5778.809054	77.812	-23.2520
5779.175265	77.825	-23.5322
5779.541476	77.838	-23.9580
5779.907687	77.832	-24.3804
5780.273898	77.828	-24.7026
5780.640109	77.835	-25.0464
5781.006320	77.839	-25.4307
5781.372531	77.844	-25.7769
5781.738742	77.857	-26.1924
5782.104953	77.852	-26.6895
5782.471164	77.831	-27.0273
5782.837375	77.835	-27.2451
5783.203585	77.857	-27.6157
5783.569796	77.862	-28.0801
5783.936007	77.859	-28.4756
5784.302218	77.859	-28.8647
5784.668429	77.855	-29.2339
5785.034640	77.858	-29.5444
5785.400851	77.871	-29.9219
5785.767062	77.873	-30.3550
5786.133273	77.870	-30.7285
5786.499484	77.873	-31.0913
5786.865695	77.873	-31.4561
5787.231906	77.879	-31.7827
5787.598117	77.895	-32.1777
5787.964328	77.898	-32.6528
5788.330539	77.889	-33.0620
5788.696750	77.887	-33.4165
5789.062961	77.887	-33.7993
5789.429172	77.883	-34.1655
5789.795383	77.883	-34.5024
5790.161594	77.887	-34.8594
5790.527805	77.889	-35.2212
5790.894016	77.893	-35.5762
5791.260227	77.900	-35.9468
5791.626438	77.905	-36.3379
5791.992649	77.908	-36.7427
5792.358860	77.907	-37.1230
5792.725071	77.911	-37.4604
5793.091282	77.924	-37.8423
5793.457493	77.929	-38.3018
5793.823704	77.922	-38.7119
5794.189914	77.921	-39.0288
5794.556125	77.934	-39.3779
5794.922336	77.945	-39.8101
5795.288547	77.946	-40.2505
5795.654758	77.943	-40.6533
5796.020969	77.941	-41.0200
5796.387180	77.944	-41.3740
5796.753391	77.950	-41.7646
5797.119602	77.948	-42.1685
5797.485813	77.943	-42.5000
5797.852024	77.952	-42.7998
5798.218235	77.968	-43.1919
5798.584446	77.971	-43.6479
5798.950657	77.965	-44.0420
5799.316868	77.964	-44.3809
5799.683079	77.969	-44.7427
5800.049290	77.971	-45.1118
5800.415501	77.977	-45.4688
5800.781712	77.986	-45.8740
5801.147923	77.985	-46.3096
5801.514134	77.979	-46.6787
5801.880345	77.983	-47.0264
5802.246556	77.987	-47.4419
5802.612767	77.980	-47.8345
5802.978978	77.977	-48.1484
5803.345189	77.985	-48.4951
5803.711400	77.986	-48.8652
5804.077611	77.991	-49.1689
5804.443822	78.012	-49.5234
5804.810033	78.026	-50.0166
5805.176244	78.019	-50.4893
5805.542454	78.009	-50.8345
5805.908665	78.013	-51.1328
5806.274876	78.030	-51.4946
5806.641087	78.042	-51.9634
5807.007298	78.036	-52.4331
5807.373509	78.026	-52.7812
5807.739720	78.032	-53.1074
5808.105931	78.039	-53.5254
5808.472142	78.034	-53.9346
5808.838353	78.032	-54.2803
5809.204564	78.036	-54.6514
5809.570775	78.035	-55.0366
5809.936986	78.035	-55.3804
5810.303197	78.041	-55.7446
5810.669408	78.043	-56.1440
5811.035619	78.040	-56.4971
5811.401830	78.046	-56.8267
5811.768041	78.056	-57.2100
5812.134252	78.059	-57.6025
5812.500463	78.066	-57.9731
5812.866674	78.076	-58.3950
5813.232885	78.074	-58.8433
5813.599096	78.065	-59.2021
5813.965307	78.071	-59.5078
5814.331518	78.085	-59.8887
5814.697729	78.091	-60.3301
5815.063940	78.089	-60.7261
5815.430151	78.093	-61.0850
5815.796362	78.101	-61.4917
5816.162573	78.099	-61.9160
5816.528784	78.093	-62.2637
5816.894994	78.099	-62.5732
5817.261205	78.110	-62.9326
5817.627416	78.119	-63.3252
5817.993627	78.126	-63.7236
5818.359838	78.129	-64.1265
5818.726049	78.131	-64.4917
5819.092260	78.142	-64.8511
5819.458471	78.153	-65.2930
5819.824682	78.150	-65.7451
5820.190893	78.145	-66.1064
5820.557104	78.152	-66.4839
5820.923315	78.151	-66.9253
5821.289526	78.139	-67.2739
5821.655737	78.144	-67.5513
5822.021948	78.160	-67.9341
5822.388159	78.162	-68.3667
5822.754370	78.161	-68.7354
5823.120581	78.167	-69.1167
5823.486792	78.169	-69.5215
5823.853003	78.170	-69.8926
5824.219214	78.175	-70.2944
5824.585425	78.170	-70.6982
5824.951636	78.167	-71.0093
5825.317847	78.181	-71.3481
5825.684058	78.191	-71.7993
5826.050269	78.186	-72.2222
5826.416480	78.184	-72.5723
5826.782691	78.188	-72.9258
5827.148902	78.196	-73.2866
5827.515113	78.208	-73.6924
5827.881323	78.210	-74.1611
5828.247534	78.198	-74.5430
5828.613745	78.201	-74.8130
5828.979956	78.223	-75.1904
5829.346167	78.229	-75.6934
5829.712378	78.217	-76.0850
5830.078589	78.222	-76.3774
5830.444800	78.238	-76.7856
5830.811011	78.236	-77.2466
5831.177222	78.229	-77.5786
5831.543433	78.241	-77.8901
5831.909644	78.255	-78.3223
5832.275855	78.253	-78.7456
5832.642066	78.255	-79.0825
5833.008277	78.269	-79.4844
5833.374488	78.269	-79.9644
5833.740699	78.257	-80.3428
5834.106910	78.258	-80.6431
5834.473121	78.267	-81.0166
5834.839332	78.268	-81.4053
5835.205543	78.274	-81.7549
5835.571754	78.284	-82.1724
5835.937965	78.280	-82.5981
5836.304176	78.279	-82.9287
5836.670387	78.292	-83.3184
5837.036598	78.291	-83.7817
5837.402809	78.283	-84.1226
5837.769020	78.295	-84.4502
5838.135231	78.305	-84.9136
5838.501442	78.298	-85.3174
5838.867653	78.306	-85.6470
5839.233863	78.319	-86.1113
5839.600074	78.308	-86.5684
5839.966285	78.303	-86.8633
5840.332496	78.320	-87.2227
5840.698707	78.323	-87.6899
5841.064918	78.317	-88.0522
5841.431129	78.327	-88.3809
5841.797340	78.338	-88.8125
5842.163551	78.337	-89.2256
5842.529762	78.342	-89.5991
5842.895973	78.344	-90.0273
5843.262184	78.334	-90.3926
5843.628395	78.339	-90.6440
5843.994606	78.364	-91.0098
5844.360817	78.372	-91.5225
5844.727028	78.359	-91.9248
5845.093239	78.361	-92.2134
5845.459450	78.375	-92.5938
5845.825661	78.376	-93.0039
5846.191872	78.380	-93.3228
5846.558083	78.401	-93.7139
5846.924294	78.407	-94.2266
5847.290505	78.397	-94.6367
5847.656716	78.403	-94.9766
5848.022927	78.414	-95.4478
5848.389138	78.400	-95.9165
5848.755349	78.389	-96.2163
5849.121560	78.400	-96.5137
5849.487771	78.415	-96.9263
5849.853982	78.422	-97.3789
5850.220192	78.421	-97.8467
5850.586403	78.408	-98.2646
5850.952614	78.400	-98.5649
5851.318825	78.409	-98.8760
5851.685036	78.418	-99.2666
5852.051247	78.421	-99.6240
5852.417458	78.435	-99.9912
5852.783669	78.445	-100.4458
5853.149880	78.443	-100.8726
5853.516091	78.444	-101.2529
5853.882302	78.443	-101.6499
5854.248513	78.441	-101.9766
5854.614724	78.458	-102.2856
5854.980935	78.479	-102.7607
5855.347146	78.473	-103.2710
5855.713357	78.461	-103.6133
5856.079568	78.472	-103.9175
5856.445779	78.488	-104.3394
5856.811990	78.492	-104.8179
5857.178201	78.485	-105.2412
5857.544412	78.481	-105.5811
5857.910623	78.491	-105.9282
5858.276834	78.499	-106.3452
5858.643045	78.499	-106.7397
5859.009256	78.507	-107.0962
5859.375467	78.520	-107.5405
5859.741678	78.516	-108.0293
5860.107889	78.500	-108.3936
5860.474100	78.498	-108.6455
5860.840311	78.517	-108.9307
5861.206522	78.542	-109.3496
5861.572732	78.551	-109.8701
5861.938943	78.540	-110.3198
5862.305154	78.536	-110.6357
5862.671365	78.550	-110.9927
5863.037576	78.557	-111.4536
5863.403787	78.552	-111.8521
5863.769998	78.559	-112.1953
5864.136209	78.572	-112.6470
5864.502420	78.567	-113.1255
5864.868631	78.561	-113.5049
5865.234842	78.564	-113.8999
5865.601053	78.559	-114.3330
5865.967264	78.551	-114.6709
5866.333475	78.559	-114.9932
5866.699686	78.568	-115.4121
5867.065897	78.567	-115.8164
5867.432108	78.571	-116.1768
5867.798319	78.579	-116.5928
5868.164530	78.576	-117.0029
5868.530741	78.577	-117.3457
5868.896952	78.587	-117.7173
5869.263163	78.591	-118.1138
5869.629374	78.596	-118.4580
5869.995585	78.614	-118.8315
5870.361796	78.629	-119.3110
5870.728007	78.627	-119.7900
5871.094218	78.623	-120.1875
5871.460429	78.625	-120.5728
5871.826640	78.627	-120.9961
5872.192851	78.620	-121.3892
5872.559061	78.617	-121.6992
5872.925272	78.629	-122.0137
5873.291483	78.644	-122.4180
5873.657694	78.651	-122.8579
5874.023905	78.654	-123.2798
5874.390116	78.655	-123.6997
5874.756327	78.654	-124.1035
5875.122538	78.654	-124.4771
5875.488749	78.658	-124.8472
5875.854960	78.665	-125.2280
5876.221171	78.673	-125.6436
5876.587382	78.675	-126.0757
5876.953593	78.676	-126.4624
5877.319804	78.685	-126.8716
5877.686015	78.684	-127.3418
5878.052226	78.674	-127.7241
5878.418437	78.678	-128.0410
5878.784648	78.688	-128.4404
5879.150859	78.690	-128.8418
5879.517070	78.698	-129.2261
5879.883281	78.703	-129.6978
5880.249492	78.689	-130.0928
5880.615703	78.693	-130.3521
5880.981914	78.717	-130.7607
5881.348125	78.715	-131.2734
5881.714336	78.703	-131.6104
5882.080547	78.717	-131.9175
5882.446758	78.731	-132.3745
5882.812969	78.728	-132.8101
5883.179180	78.731	-133.1787
5883.545391	78.738	-133.5957
5883.911601	78.737	-134.0049
5884.277812	78.741	-134.3721
5884.644023	78.750	-134.7871
5885.010234	78.750	-135.2173
5885.376445	78.750	-135.5903
5885.742656	78.758	-135.9707
5886.108867	78.765	-136.4019
5886.475078	78.767	-136.8330
5886.841289	78.767	-137.2412
5887.207500	78.769	-137.6421
5887.573711	78.770	-138.0552
5887.939922	78.767	-138.4658
5888.306133	78.763	-138.8135
5888.672344	78.773	-139.1377
5889.038555	78.788	-139.5679
5889.404766	78.787	-140.0415
5889.770977	78.781	-140.4062
5890.137188	78.791	-140.7573
5890.503399	78.802	-141.2202
5890.869610	78.795	-141.6792
5891.235821	78.788	-142.0435
5891.602032	78.791	-142.3906
5891.968243	78.799	-142.7754
5892.334454	78.806	-143.1987
5892.700665	78.806	-143.6377
5893.066876	78.802	-144.0410
5893.433087	78.802	-144.4087
5893.799298	78.806	-144.7793
5894.165509	78.812	-145.1699
5894.531720	78.817	-145.5933
5894.897931	78.816	-146.0054
5895.264141	78.817	-146.3667
5895.630352	78.826	-146.7466
5895.996563	78.832	-147.1704
5896.362774	78.835	-147.5811
5896.728985	78.839	-147.9990
5897.095196	78.838	-148.4097
5897.461407	78.840	-148.7617
5897.827618	78.853	-149.1699
5898.193829	78.853	-149.6562
5898.560040	78.841	-150.0156
5898.926251	78.852	-150.3115
5899.292462	78.870	-150.7866
5899.658673	78.858	-151.2856
5900.024884	78.844	-151.5840
5900.391095	78.858	-151.8647
5900.757306	78.876	-152.2861
5901.123517	78.882	-152.7451
5901.489728	78.883	-153.2002
5901.855939	78.875	-153.6274
5902.222150	78.870	-153.9468
5902.588361	78.885	-154.2886
5902.954572	78.896	-154.7690
5903.320783	78.888	-155.1978
5903.686994	78.893	-155.5347
5904.053205	78.907	-155.9966
5904.419416	78.896	-156.4927
5904.785627	78.882	-156.7988
5905.151838	78.898	-157.0913
5905.518049	78.916	-157.5723
5905.884260	78.908	-158.0698
5906.250470	78.898	-158.4233
5906.616681	78.905	-158.7490
5906.982892	78.918	-159.1797
5907.349103	78.915	-159.6504
5907.715314	78.904	-160.0093
5908.081525	78.911	-160.3027
5908.447736	78.931	-160.7139
5908.813947	78.936	-161.2153
5909.180158	78.928	-161.6519
5909.546369	78.924	-162.0254
5909.912580	78.924	-162.3828
5910.278791	78.931	-162.7310
5910.645002	78.944	-163.1353
5911.011213	78.951	-163.6094
5911.377424	78.945	-164.0454
5911.743635	78.944	-164.4141
5912.109846	78.952	-164.8120
5912.476057	78.953	-165.2671
5912.842268	78.943	-165.6577
5913.208479	78.945	-165.9487
5913.574690	78.966	-166.3281
5913.940901	78.975	-166.8530
5914.307112	78.962	-167.3042
5914.673323	78.959	-167.6406
5915.039534	78.966	-168.0391
5915.405745	78.962	-168.4570
5915.771956	78.960	-168.7915
5916.138167	78.972	-169.1650
5916.504378	78.977	-169.6196
5916.870589	78.971	-170.0220
5917.236800	78.973	-170.3706
5917.603010	78.982	-170.7529
5917.969221	78.989	-171.1670
5918.335432	78.993	-171.6001
5918.701643	78.993	-172.0327
5919.067854	78.990	-172.4175
5919.434065	78.997	-172.7930
5919.800276	79.005	-173.2290
5920.166487	79.005	-173.6885
5920.532698	78.999	-174.1108
5920.898909	78.993	-174.4878
5921.265120	78.994	-174.8252
5921.631331	79.006	-175.1963
5921.997542	79.014	-175.6616
5922.363753	79.006	-176.1025
5922.729964	79.002	-176.4521
5923.096175	79.007	-176.8228
5923.462386	79.009	-177.2070
5923.828597	79.018	-177.5620
5924.194808	79.034	-178.0225
5924.561019	79.028	-178.5454
5924.927230	79.012	-178.9189
5925.293441	79.017	-179.2573
5925.659652	79.019	-179.7031
5926.025863	79.009	179.9097
5926.392074	79.012	179.5815
5926.758285	79.019	179.1611
5927.124496	79.013	178.7686
5927.490707	79.021	178.4434
5927.856918	79.037	177.9834
5928.223129	79.028	177.4849
5928.589339	79.018	177.1587
5928.955550	79.034	176.8140
5929.321761	79.043	176.3101
5929.687972	79.031	175.8862
5930.054183	79.035	175.5762
5930.420394	79.054	175.1353
5930.786605	79.051	174.6216
5931.152816	79.039	174.2598
5931.519027	79.051	173.9473
5931.885238	79.070	173.4922
5932.251449	79.069	172.9780
5932.617660	79.058	172.5674
5932.983871	79.057	172.2344
5933.350082	79.067	171.8491
5933.716293	79.069	171.4131
5934.082504	79.066	171.0366
5934.448715	79.074	170.6753
5934.814926	79.080	170.2227
5935.181137	79.070	169.7891
5935.547348	79.064	169.4717
5935.913559	79.073	169.1289
5936.279770	79.077	168.6978
5936.645981	79.070	168.3091
5937.012192	79.071	167.9805
5937.378403	79.080	167.6040
5937.744614	79.086	167.1733
5938.110825	79.085	166.7417
5938.477036	79.081	166.3198
5938.843247	79.075	165.9316
5939.209458	79.075	165.5781
5939.575669	79.082	165.1641
5939.941879	79.077	164.7134
5940.308090	79.069	164.3779
5940.674301	79.085	164.0400
5941.040512	79.097	163.5083
5941.406723	79.076	163.0312
5941.772934	79.067	162.7837
5942.139145	79.093	162.4365
5942.505356	79.104	161.8896
5942.871567	79.091	161.4438
5943.237778	79.091	161.0972
5943.603989	79.100	160.6816
5943.970200	79.102	160.2480
5944.336411	79.104	159.8101
5944.702622	79.097	159.3652
5945.068833	79.087	159.0220
5945.435044	79.094	158.7100
5945.801255	79.106	158.3076
5946.167466	79.110	157.8955
5946.533677	79.117	157.4736
5946.899888	79.113	157.0010
5947.266099	79.097	156.6421
5947.632310	79.103	156.3848
5947.998521	79.126	155.9731
5948.364732	79.127	155.4458
5948.730943	79.112	155.0342
5949.097154	79.108	154.7065
5949.463365	79.113	154.3477
5949.829576	79.120	153.9458
5950.195787	79.121	153.5054
5950.561998	79.114	153.1021
5950.928209	79.116	152.7666
5951.294419	79.129	152.3545
5951.660630	79.128	151.8628
5952.026841	79.116	151.4697
5952.393052	79.119	151.1235
5952.759263	79.125	150.6880
5953.125474	79.118	150.2769
5953.491685	79.119	149.9424
5953.857896	79.130	149.5366
5954.224107	79.128	149.0908
5954.590318	79.126	148.7305
5954.956529	79.136	148.3555
5955.322740	79.141	147.8984
5955.688951	79.135	147.5112
5956.055162	79.146	147.1748
5956.421373	79.163	146.6968
5956.787584	79.155	146.1743
5957.153795	79.141	145.8091
5957.520006	79.145	145.4751
5957.886217	79.151	145.0547
5958.252428	79.150	144.6597
5958.618639	79.157	144.2549
5958.984850	79.155	143.7812
5959.351061	79.140	143.4131
5959.717272	79.145	143.1313
5960.083483	79.164	142.7104
5960.449694	79.164	142.2124
5960.815905	79.155	141.7939
5961.182116	79.151	141.4106
5961.548327	79.150	141.0361
5961.914538	79.155	140.6362
5962.280748	79.152	140.1758
5962.646959	79.137	139.7930
5963.013170	79.135	139.5024
5963.379381	79.143	139.1411
5963.745592	79.146	138.7695
5964.111803	79.159	138.4150
5964.478014	79.174	137.9111
5964.844225	79.158	137.4077
5965.210436	79.145	137.1138
5965.576647	79.162	136.7827
5965.942858	79.171	136.2788
5966.309069	79.158	135.8374
5966.675280	79.155	135.4922
5967.041491	79.159	135.0996
5967.407702	79.158	134.6958
5967.773913	79.161	134.3228
5968.140124	79.168	133.9067
5968.506335	79.168	133.4375
5968.872546	79.154	133.0254
5969.238757	79.148	132.7324
5969.604968	79.165	132.4185
5969.971179	79.182	131.9502
5970.337390	79.180	131.4619
5970.703601	79.177	131.0552
5971.069812	79.180	130.6099
5971.436023	79.169	130.1572
5971.802234	79.156	129.8315
5972.168445	79.163	129.5283
5972.534656	79.174	129.1353
5972.900867	79.181	128.7148
5973.267078	79.186	128.2568
5973.633288	79.176	127.7949
5973.999499	79.162	127.4834
5974.365710	79.176	127.2041
5974.731921	79.196	126.7378
5975.098132	79.190	126.2310
5975.464343	79.180	125.8364
5975.830554	79.177	125.4604
5976.196765	79.174	125.0962
5976.562976	79.180	124.7368
5976.929187	79.185	124.2900
5977.295398	79.175	123.8726
5977.661609	79.174	123.5513
5978.027820	79.185	123.1411
5978.394031	79.181	122.6675
5978.760242	79.170	122.2910
5979.126453	79.170	121.9331
5979.492664	79.168	121.5508
5979.858875	79.168	121.2056
5980.225086	79.175	120.8374
5980.591297	79.180	120.4336
5980.957508	79.185	120.0400
5981.323719	79.191	119.6040
5981.689930	79.187	119.1641
5982.056141	79.184	118.8027
5982.422352	79.195	118.4106
5982.788563	79.199	117.9116
5983.154774	79.184	117.4424
5983.520985	79.167	117.1084
5983.887196	79.167	116.8286
5984.253407	79.179	116.4761
5984.619617	79.187	116.0630
5984.985828	79.191	115.6616
5985.352039	79.199	115.2334
5985.718250	79.199	114.7666
5986.084461	79.193	114.3359
5986.450672	79.188	113.9331
5986.816883	79.182	113.5483
5987.183094	79.182	113.2012
5987.549305	79.190	112.7925
5987.915516	79.185	112.3340
5988.281727	79.174	111.9878
5988.647938	79.183	111.6631
5989.014149	79.192	111.2085
5989.380360	79.183	110.7769
5989.746571	79.180	110.4517
5990.112782	79.192	110.0796
5990.478993	79.198	109.6333
5990.845204	79.196	109.1904
5991.211415	79.190	108.7808
5991.577626	79.186	108.4263
5991.943837	79.193	108.0659
5992.310048	79.198	107.6431
5992.676259	79.197	107.2349
5993.042470	79.200	106.8374
5993.408681	79.198	106.3984
5993.774892	79.189	106.0269
5994.141103	79.194	105.7153
5994.507314	79.208	105.2847
5994.873525	79.202	104.8105
5995.239736	79.192	104.4629
5995.605947	79.199	104.1191
5995.972157	79.204	103.6855
5996.338368	79.199	103.2827
5996.704579	79.201	102.9102
5997.070790	79.202	102.4819
5997.437001	79.193	102.0762
5997.803212	79.188	101.7520
5998.169423	79.195	101.4160
5998.535634	79.203	101.0146
5998.901845	79.204	100.5933
5999.268056	79.203	100.1958
5999.634267	79.206	99.8052
6000.000478	79.210	99.3701
6000.366689	79.205	98.9189
6000.732900	79.196	98.5269
6001.099111	79.194	98.1523
6001.465322	79.190	97.7529
6001.831533	79.184	97.4004
6002.197744	79.189	97.0645
6002.563955	79.198	96.6421
6002.930166	79.195	96.2095
6003.296377	79.194	95.8237
6003.662588	79.197	95.3940
6004.028799	79.187	94.9707
6004.395010	79.182	94.6450
6004.761221	79.193	94.2783
6005.127432	79.194	93.8179
6005.493643	79.185	93.4282
6005.859854	79.186	93.0986
6006.226065	79.194	92.6997
6006.592276	79.193	92.2842
6006.958486	79.193	91.9136
6007.324697	79.198	91.5317
6007.690908	79.201	91.1240
6008.057119	79.203	90.7188
6008.423330	79.205	90.3140
6008.789541	79.207	89.8872
6009.155752	79.203	89.4463
6009.521963	79.194	89.0649
6009.888174	79.195	88.7227
6010.254385	79.201	88.2876
6010.620596	79.189	87.8486
6010.986807	79.179	87.5557
6011.353018	79.194	87.2241
6011.719229	79.201	86.7412
6012.085440	79.187	86.3257
6012.451651	79.185	86.0112
6012.817862	79.193	85.6450
6013.184073	79.198	85.2485
6013.550284	79.205	84.8267
6013.916495	79.201	84.3662
6014.282706	79.190	84.0020
6014.648917	79.194	83.6982
6015.015128	79.207	83.2905
6015.381339	79.206	82.8589
6015.747550	79.206	82.4873
6016.113761	79.213	82.0713
6016.479972	79.209	81.6294
6016.846183	79.200	81.2607
6017.212394	79.200	80.9233
6017.578605	79.205	80.5625
6017.944816	79.213	80.1646
6018.311026	79.215	79.7134
6018.677237	79.206	79.2827
6019.043448	79.198	78.9390
6019.409659	79.203	78.5859
6019.775870	79.205	78.1602
6020.142081	79.198	77.7588
6020.508292	79.197	77.4053
6020.874503	79.201	76.9995
6021.240714	79.194	76.5698
6021.606925	79.186	76.2324
6021.973136	79.194	75.9102
6022.339347	79.206	75.4707
6022.705558	79.201	75.0161
6023.071769	79.195	74.6689
6023.437980	79.206	74.3027
6023.804191	79.213	73.8301
6024.170402	79.203	73.3955
6024.536613	79.200	73.0474
6024.902824	79.204	72.6670
6025.269035	79.202	72.2725
6025.635246	79.202	71.9390
6026.001457	79.213	71.5786
6026.367668	79.220	71.1533
6026.733879	79.222	70.7632
6027.100090	79.231	70.3628
6027.466301	79.233	69.8750
6027.832512	79.218	69.4463
6028.198723	79.212	69.1245
6028.564934	79.215	68.7358
6028.931145	79.204	68.3345
6029.297356	79.196	68.0684
6029.663566	79.213	67.7446
6030.029777	79.216	67.2690
6030.395988	79.201	66.9150
6030.762199	79.211	66.6592
6031.128410	79.234	66.2002
6031.494621	79.227	65.6621
6031.860832	79.210	65.3042
6032.227043	79.216	64.9692
6032.593254	79.220	64.5186
6032.959465	79.210	64.0996
6033.325676	79.207	63.7354
6033.691887	79.206	63.3369
6034.058098	79.199	62.9707
6034.424309	79.202	62.6572
6034.790520	79.216	62.2744
6035.156731	79.223	61.8110
6035.522942	79.219	61.3569
6035.889153	79.211	60.9526
6036.255364	79.206	60.6118
6036.621575	79.214	60.2656
6036.987786	79.221	59.8193
6037.353997	79.210	59.3862
6037.720208	79.202	59.0967
6038.086419	79.218	58.7988
6038.452630	79.236	58.3452
6038.818841	79.234	57.8472
6039.185052	79.222	57.4355
6039.551263	79.216	57.0957
6039.917474	79.219	56.7510
6040.283685	79.223	56.3599
6040.649895	79.221	55.9600
6041.016106	79.217	55.5928
6041.382317	79.215	55.2510
6041.748528	79.219	54.9209
6042.114739	79.229	54.5586
6042.480950	79.237	54.1323
6042.847161	79.235	53.7012
6043.213372	79.232	53.3105
6043.579583	79.231	52.9355
6043.945794	79.233	52.5547
6044.312005	79.235	52.1489
6044.678216	79.232	51.7354
6045.044427	79.228	51.3525
6045.410638	79.227	50.9756
6045.776849	79.226	50.6011
6046.143060	79.230	50.2461
6046.509271	79.240	49.8301
6046.875482	79.240	49.3447
6047.241693	79.226	48.9272
6047.607904	79.219	48.5845
6047.974115	79.217	48.2368
6048.340326	79.216	47.9097
6048.706537	79.225	47.5957
6049.072748	79.242	47.2100
6049.438959	79.252	46.7407
6049.805170	79.247	46.2778
6050.171381	79.238	45.9102
6050.537592	79.242	45.5864
6050.903803	79.252	45.1787
6051.270014	79.250	44.7554
6051.636225	79.249	44.4165
6052.002435	79.260	44.0249
6052.368646	79.258	43.5645
6052.734857	79.248	43.2227
6053.101068	79.260	42.9014
6053.467279	79.270	42.4194
6053.833490	79.255	41.9619
6054.199701	79.244	41.6558
6054.565912	79.251	41.3140
6054.932123	79.250	40.9082
6055.298334	79.248	40.5557
6055.664545	79.256	40.1729
6056.030756	79.255	39.7056
6056.396967	79.239	39.3140
6056.763178	79.234	39.0269
6057.129389	79.246	38.6694
6057.495600	79.248	38.2144
6057.861811	79.236	37.8145
6058.228022	79.231	37.5020
6058.594233	79.237	37.1675
6058.960444	79.243	36.7944
6059.326655	79.250	36.4209
6059.692866	79.260	35.9951
6060.059077	79.259	35.5205
6060.425288	79.247	35.1240
6060.791499	79.245	34.8135
6061.157710	79.255	34.4531
6061.523921	79.259	34.0288
6061.890132	79.257	33.6470
6062.256343	79.263	33.2861
6062.622554	79.269	32.8496
6062.988764	79.262	32.4189
6063.354975	79.257	32.0977
6063.721186	79.269	31.7402
6064.087397	79.273	31.2661
6064.453608	79.258	30.8823
6064.819819	79.262	30.6055
6065.186030	79.281	30.1855
6065.552241	79.275	29.6890
6065.918452	79.261	29.3662
6066.284663	79.275	29.0674
6066.650874	79.289	28.5762
6067.017085	79.274	28.0967
6067.383296	79.261	27.8037
6067.749507	79.273	27.4907
6068.115718	79.281	27.0405
6068.481929	79.271	26.6470
6068.848140	79.273	26.3462
6069.214351	79.287	25.9531
6069.580562	79.286	25.5015
6069.946773	79.280	25.1523
6070.312984	79.291	24.8120
6070.679195	79.301	24.3545
6071.045406	79.294	23.8921
6071.411617	79.283	23.5161
6071.777828	79.278	23.1807
6072.144039	79.280	22.8652
6072.510250	79.292	22.5195
6072.876461	79.303	22.0737
6073.242672	79.298	21.6104
6073.608883	79.288	21.2383
6073.975094	79.287	20.9062
6074.341304	79.292	20.5469
6074.707515	79.297	20.1685
6075.073726	79.303	19.7710
6075.439937	79.306	19.3525
6075.806148	79.307	18.9248
6076.172359	79.301	18.5063
6076.538570	79.291	18.1567
6076.904781	79.294	17.8667
6077.270992	79.310	17.5059
6077.637203	79.318	17.0649
6078.003414	79.318	16.6699
6078.369625	79.328	16.2886
6078.735836	79.336	15.8188
6079.102047	79.327	15.3516
6079.468258	79.317	14.9927
6079.834469	79.320	14.6499
6080.200680	79.322	14.2378
6080.566891	79.313	13.8481
6080.933102	79.307	13.5508
6081.299313	79.317	13.2505
6081.665524	79.328	12.8696
6082.031735	79.332	12.4805
6082.397946	79.339	12.1157
6082.764157	79.349	11.7007
6083.130368	79.349	11.2510
6083.496579	79.343	10.8569
6083.862790	79.343	10.5015
6084.229001	79.347	10.1187
6084.595212	79.348	9.7139
6084.961423	79.344	9.3330
6085.327634	79.344	8.9907
6085.693844	79.352	8.6304
6086.060055	79.359	8.2065
6086.426266	79.356	7.7915
6086.792477	79.356	7.4214
6087.158688	79.360	7.0190
6087.524899	79.357	6.6045
6087.891110	79.354	6.2461
6088.257321	79.360	5.8706
6088.623532	79.361	5.4458
6088.989743	79.355	5.0596
6089.355954	79.354	4.7129
6089.722165	79.356	4.3560
6090.088376	79.360	3.9985
6090.454587	79.369	3.6255
6090.820798	79.377	3.2046
6091.187009	79.377	2.7681
6091.553220	79.372	2.3735
6091.919431	79.371	2.0249
6092.285642	79.376	1.6504
6092.651853	79.375	1.2485
6093.018064	79.372	0.9326
6093.384275	79.389	0.6265
6093.750486	79.407	0.1494
6094.116697	79.397	-0.3345
6094.482908	79.387	-0.6274
6094.849119	79.406	-0.9497
6095.215330	79.417	-1.4409
6095.581541	79.405	-1.8784
6095.947752	79.401	-2.2007
6096.313963	79.406	-2.5483
6096.680173	79.411	-2.9170
6097.046384	79.420	-3.3008
6097.412595	79.423	-3.7388
6097.778806	79.417	-4.1318
6098.145017	79.418	-4.4565
6098.511228	79.429	-4.8462
6098.877439	79.430	-5.2788
6099.243650	79.427	-5.6567
6099.609861	79.431	-6.0376
6099.976072	79.431	-6.4395
6100.342283	79.432	-6.8066
6100.708494	79.438	-7.2012
6101.074705	79.437	-7.6274
6101.440916	79.433	-7.9912
6101.807127	79.440	-8.3701
6102.173338	79.438	-8.8081
6102.539549	79.430	-9.1445
6102.905760	79.443	-9.4556
6103.271971	79.456	-9.9390
6103.638182	79.440	-10.3867
6104.004393	79.435	-10.6421
6104.370604	79.456	-10.9868
6104.736815	79.463	-11.4717
6105.103026	79.457	-11.8540
6105.469237	79.466	-12.2114
6105.835448	79.471	-12.6582
6106.201659	79.467	-13.0449
6106.567870	79.474	-13.4072
6106.934081	79.478	-13.8525
6107.300292	79.470	-14.2319
6107.666503	79.476	-14.5498
6108.032713	79.488	-14.9736
6108.398924	79.485	-15.4170
6108.765135	79.480	-15.7866
6109.131346	79.478	-16.1440
6109.497557	79.480	-16.4692
6109.863768	79.494	-16.8179
6110.229979	79.502	-17.2852
6110.596190	79.490	-17.6968
6110.962401	79.491	-17.9839
6111.328612	79.508	-18.3789
6111.694823	79.505	-18.8608
6112.061034	79.492	-19.2085
6112.427245	79.497	-19.5039
6112.793456	79.508	-19.8901
6113.159667	79.511	-20.3057
6113.525878	79.512	-20.7075
6113.892089	79.511	-21.1025
6114.258300	79.511	-21.4692
6114.624511	79.518	-21.8491
6114.990722	79.521	-22.2788
6115.356933	79.516	-22.6865
6115.723144	79.515	-23.0317
6116.089355	79.523	-23.3877
6116.455566	79.533	-23.8076
6116.821777	79.535	-24.2471
6117.187988	79.533	-24.6494
6117.554199	79.534	-25.0195
6117.920410	79.542	-25.3931
6118.286621	79.552	-25.8013
6118.652832	79.558	-26.2554
6119.019042	79.555	-26.7056
6119.385253	79.550	-27.0898
6119.751464	79.551	-27.4424
6120.117675	79.557	-27.8198
6120.483886	79.561	-28.2100
6120.850097	79.566	-28.6177
6121.216308	79.563	-29.0366
6121.582519	79.555	-29.3740
6121.948730	79.562	-29.6572
6122.314941	79.578	-30.0415
6122.681152	79.579	-30.4668
6123.047363	79.581	-30.7886
6123.413574	79.601	-31.1572
6123.779785	79.611	-31.6895
6124.145996	79.592	-32.1509
6124.512207	79.582	-32.4282
6124.878418	79.596	-32.7451
6125.244629	79.607	-33.1997
6125.610840	79.600	-33.6323
6125.977051	79.597	-33.9873
6126.343262	79.601	-34.3672
6126.709473	79.600	-34.7681
6127.075684	79.599	-35.1035
6127.441895	79.612	-35.4497
6127.808106	79.625	-35.9258
6128.174317	79.615	-36.4097
6128.540528	79.600	-36.7344
6128.906739	79.608	-37.0034
6129.272950	79.626	-37.3760
6129.639161	79.636	-37.8140
6130.005372	79.640	-38.2446
6130.371582	79.642	-38.6606
6130.737793	79.642	-39.0527
6131.104004	79.647	-39.4419
6131.470215	79.648	-39.8594
6131.836426	79.643	-40.2339
6132.202637	79.648	-40.5420
6132.568848	79.666	-40.9326
6132.935059	79.669	-41.4248
6133.301270	79.656	-41.8125
6133.667481	79.659	-42.1016
6134.033692	79.674	-42.4883
6134.399903	79.677	-42.9233
6134.766114	79.681	-43.3042
6135.132325	79.689	-43.7500
6135.498536	79.680	-44.2266
6135.864747	79.665	-44.5498
6136.230958	79.673	-44.8364
6136.597169	79.686	-45.2544
6136.963380	79.685	-45.6831
6137.329591	79.685	-46.0503
6137.695802	79.690	-46.4414
6138.062013	79.690	-46.8359
6138.428224	79.694	-47.1968
6138.794435	79.704	-47.5942
6139.160646	79.709	-48.0366
6139.526857	79.706	-48.4487
6139.893068	79.708	-48.8228
6140.259279	79.715	-49.2207
6140.625490	79.716	-49.6392
6140.991701	79.715	-50.0093
6141.357911	79.724	-50.3657
6141.724122	79.734	-50.8008
6142.090333	79.730	-51.2432
6142.456544	79.725	-51.5840
6142.822755	79.736	-51.9126
6143.188966	79.750	-52.3369
6143.555177	79.752	-52.7891
6143.921388	79.749	-53.1792
6144.287599	79.754	-53.5400
6144.653810	79.763	-53.9531
6145.020021	79.762	-54.3950
6145.386232	79.757	-54.7676
6145.752443	79.763	-55.1074
6146.118654	79.772	-55.5176
6146.484865	79.772	-55.9365
6146.851076	79.775	-56.3018
6147.217287	79.784	-56.7095
6147.583498	79.784	-57.1455
6147.949709	79.784	-57.5103
6148.315920	79.796	-57.9082
6148.682131	79.799	-58.4106
6149.048342	79.782	-58.8311
6149.414553	79.775	-59.1099
6149.780764	79.789	-59.4272
6150.146975	79.801	-59.8418
6150.513186	79.804	-60.2656
6150.879397	79.804	-60.6548
6151.245608	79.807	-61.0039
6151.611819	79.821	-61.3730
6151.978030	79.831	-61.8247
6152.344241	79.826	-62.2471
6152.710451	79.829	-62.5664
6153.076662	79.850	-62.9595
6153.442873	79.856	-63.4829
6153.809084	79.839	-63.9131
6154.175295	79.835	-64.1875
6154.541506	79.852	-64.5078
6154.907717	79.866	-64.9517
6155.273928	79.866	-65.3955
6155.640139	79.865	-65.7729
6156.006350	79.871	-66.1514
6156.372561	79.875	-66.5728
6156.738772	79.870	-66.9644
6157.104983	79.871	-67.2681
6157.471194	79.890	-67.5967
6157.837405	79.909	-68.0752
6158.203616	79.904	-68.5610
6158.569827	79.901	-68.8975
6158.936038	79.922	-69.2827
6159.302249	79.929	-69.8574
6159.668460	79.902	-70.3105
6160.034671	79.895	-70.5195
6160.400882	79.924	-70.8589
6160.767093	79.935	-71.4082
6161.133304	79.921	-71.8379
6161.499515	79.925	-72.1650
6161.865726	79.935	-72.6079
6162.231937	79.929	-73.0474
6162.598148	79.928	-73.3794
6162.964359	79.941	-73.7666
6163.330570	79.945	-74.2310
6163.696781	79.938	-74.6211
6164.062991	79.943	-74.9551
6164.429202	79.956	-75.3633
6164.795413	79.959	-75.8193
6165.161624	79.955	-76.2070
6165.527835	79.962	-76.5703
6165.894046	79.970	-77.0176
6166.260257	79.962	-77.4570
6166.626468	79.957	-77.7886
6166.992679	79.966	-78.1338
6167.358890	79.972	-78.5552
6167.725101	79.971	-78.9468
6168.091312	79.974	-79.2979
6168.457523	79.982	-79.6660
6168.823734	79.995	-80.0605
6169.189945	80.006	-80.5332
6169.556156	80.000	-81.0400
6169.922367	79.981	-81.4014
6170.288578	79.985	-81.6528
6170.654789	80.008	-82.0317
6171.021000	80.016	-82.5435
6171.387211	80.006	-82.9751
6171.753422	80.005	-83.2979
6172.119633	80.018	-83.6812
6172.485844	80.021	-84.1353
6172.852055	80.017	-84.5024
6173.218266	80.031	-84.8423
6173.584477	80.048	-85.3271
6173.950688	80.040	-85.8237
6174.316899	80.032	-86.1685
6174.683110	80.044	-86.5308
6175.049320	80.049	-86.9980
6175.415531	80.041	-87.3931
6175.781742	80.046	-87.7261
6176.147953	80.056	-88.1436
6176.514164	80.054	-88.5630
6176.880375	80.056	-88.9028
6177.246586	80.070	-89.2837
6177.612797	80.079	-89.7368
6177.979008	80.081	-90.1709
6178.345219	80.083	-90.5962
6178.711430	80.081	-91.0298
6179.077641	80.076	-91.4102
6179.443852	80.080	-91.7563
6179.810063	80.090	-92.1440
6180.176274	80.098	-92.5840
6180.542485	80.097	-93.0366
6180.908696	80.089	-93.4258
6181.274907	80.091	-93.7417
6181.641118	80.107	-94.1226
6182.007329	80.113	-94.5869
6182.373540	80.110	-94.9790
6182.739751	80.120	-95.3447
6183.105962	80.129	-95.8110
6183.472173	80.123	-96.2446
6183.838384	80.125	-96.5781
6184.204595	80.140	-96.9863
6184.570806	80.142	-97.4731
6184.937017	80.132	-97.8716
6185.303228	80.134	-98.1938
6185.669439	80.146	-98.5566
6186.035650	80.158	-98.9819
6186.401860	80.163	-99.4331
6186.768071	80.162	-99.8696
6187.134282	80.158	-100.2568
6187.500493	80.160	-100.6045
6187.866704	80.169	-100.9692
6188.232915	80.180	-101.3784
6188.599126	80.188	-101.8159
6188.965337	80.191	-102.2690
6189.331548	80.187	-102.6978
6189.697759	80.184	-103.0513
6190.063970	80.196	-103.4136
6190.430181	80.206	-103.8779
6190.796392	80.201	-104.3330
6191.162603	80.197	-104.6978
6191.528814	80.204	-105.0742
6191.895025	80.209	-105.4858
6192.261236	80.214	-105.8794
6192.627447	80.223	-106.3130
6192.993658	80.221	-106.7817
6193.359869	80.212	-107.1582
6193.726080	80.219	-107.4746
6194.092291	80.237	-107.8960
6194.458502	80.239	-108.3940
6194.824713	80.228	-108.7827
6195.190924	80.235	-109.0747
6195.557135	80.260	-109.4937
6195.923346	80.266	-110.0557
6196.289557	80.249	-110.5186
6196.655768	80.242	-110.8374
6197.021979	80.251	-111.1929
6197.388189	80.256	-111.6104
6197.754400	80.258	-112.0083
6198.120611	80.260	-112.4072
6198.486822	80.260	-112.7881
6198.853033	80.269	-113.1294
6199.219244	80.287	-113.5757
6199.585455	80.284	-114.1133
6199.951666	80.263	-114.4849
6200.317877	80.268	-114.7231
6200.684088	80.293	-115.1138
6201.050299	80.301	-115.6289
6201.416510	80.294	-116.0620
6201.782721	80.296	-116.4424
6202.148932	80.302	-116.8623
6202.515143	80.303	-117.2896
6202.881354	80.305	-117.7134
6203.247565	80.304	-118.1553
6203.613776	80.295	-118.5625
6203.979987	80.291	-118.8823
6204.346198	80.304	-119.2017
6204.712409	80.322	-119.6465
6205.078620	80.322	-120.1445
6205.444831	80.313	-120.5400
6205.811042	80.317	-120.8760
6206.177253	80.329	-121.2739
6206.543464	80.335	-121.7197
6206.909675	80.336	-122.1538
6207.275886	80.335	-122.5479
6207.642097	80.340	-122.9121
6208.008308	80.355	-123.3281
6208.374519	80.362	-123.8340
6208.740729	80.352	-124.3208
6209.106940	80.338	-124.6982
6209.473151	80.336	-125.0220
6209.839362	80.343	-125.3784
6210.205573	80.350	-125.7783
6210.571784	80.352	-126.1797
6210.937995	80.354	-126.5581
6211.304206	80.361	-126.9409
6211.670417	80.369	-127.3691
6212.036628	80.367	-127.8018
6212.402839	80.366	-128.1646
6212.769050	80.378	-128.5273
6213.135261	80.390	-128.9976
6213.501472	80.386	-129.4746
6213.867683	80.382	-129.8594
6214.233894	80.388	-130.2700
6214.600105	80.384	-130.7188
6214.966316	80.378	-131.0649
6215.332527	80.392	-131.4141
6215.698738	80.403	-131.9038
6216.064949	80.394	-132.3408
6216.431160	80.400	-132.6577
6216.797371	80.424	-133.1221
6217.163582	80.420	-133.7104
6217.529793	80.395	-134.1050
6217.896004	80.398	-134.3657
6218.262215	80.418	-134.7607
6218.628426	80.425	-135.2344
6218.994637	80.428	-135.6689
6219.360848	80.431	-136.1279
6219.727059	80.424	-136.5684
6220.093269	80.420	-136.9121
6220.459480	80.430	-137.2744
6220.825691	80.438	-137.7051
6221.191902	80.441	-138.1270
6221.558113	80.445	-138.5713
6221.924324	80.437	-139.0132
6222.290535	80.427	-139.3296
6222.656746	80.440	-139.6279
6223.022957	80.457	-140.0654
6223.389168	80.456	-140.5225
6223.755379	80.455	-140.8989
6224.121590	80.464	-141.2949
6224.487801	80.468	-141.7446
6224.854012	80.464	-142.1782
6225.220223	80.458	-142.5586
6225.586434	80.460	-142.8960
6225.952645	80.472	-143.2632
6226.318856	80.485	-143.7173
6226.685067	80.486	-144.1958
6227.051278	80.483	-144.6299
6227.417489	80.482	-145.0342
6227.783700	80.486	-145.4424
6228.149911	80.490	-145.8804
6228.516122	80.487	-146.3281
6228.882333	80.482	-146.7124
6229.248544	80.490	-147.0698
6229.614755	80.502	-147.5122
6229.980966	80.502	-147.9844
6230.347177	80.498	-148.3706
6230.713388	80.508	-148.7451
6231.079598	80.518	-149.2031
6231.445809	80.517	-149.6538
6231.812020	80.519	-150.0464
6232.178231	80.527	-150.4697
6232.544442	80.528	-150.9150
6232.910653	80.528	-151.3091
6233.276864	80.536	-151.7109
6233.643075	80.540	-152.1680
6234.009286	80.535	-152.5918
6234.375497	80.535	-152.9512
6234.741708	80.544	-153.3345
6235.107919	80.551	-153.7827
6235.474130	80.549	-154.2339
6235.840341	80.543	-154.6245
6236.206552	80.545	-154.9814
6236.572763	80.554	-155.3799
6236.938974	80.558	-155.8281
6237.305185	80.555	-156.2656
6237.671396	80.552	-156.6655
6238.037607	80.553	-157.0547
6238.403818	80.555	-157.4604
6238.770029	80.556	-157.8853
6239.136240	80.554	-158.3013
6239.502451	80.552	-158.6865
6239.868662	80.556	-159.0693
6240.234873	80.562	-159.4932
6240.601084	80.563	-159.9443
6240.967295	80.557	-160.3706
6241.333506	80.551	-160.7378
6241.699717	80.556	-161.0640
6242.065928	80.573	-161.4502
6242.432138	80.584	-161.9497
6242.798349	80.576	-162.4219
6243.164560	80.572	-162.7764
6243.530771	80.584	-163.1729
6243.896982	80.586	-163.6567
6244.263193	80.577	-164.0405
6244.629404	80.588	-164.3721
6244.995615	80.605	-164.8706
6245.361826	80.593	-165.4087
6245.728037	80.574	-165.7583
6246.094248	80.578	-166.0493
6246.460459	80.588	-166.4443
6246.826670	80.589	-166.8574
6247.192881	80.591	-167.2295
6247.559092	80.599	-167.6133
6247.925303	80.607	-168.0342
6248.291514	80.610	-168.4800
6248.657725	80.607	-168.8945
6249.023936	80.609	-169.2554
6249.390147	80.622	-169.6562
6249.756358	80.631	-170.1392
6250.122569	80.629	-170.6348
6250.488780	80.619	-171.0908
6250.854991	80.608	-171.4614
6251.221202	80.612	-171.7988
6251.587413	80.622	-172.2456
6251.953624	80.613	-172.6973
6252.319835	80.609	-172.9990
6252.686046	80.634	-173.3804
6253.052257	80.642	-173.9561
6253.418467	80.621	-174.4087
6253.784678	80.621	-174.7051
6254.150889	80.638	-175.1387
6254.517100	80.633	-175.6230
6254.883311	80.629	-175.9629
6255.249522	80.648	-176.3613
6255.615733	80.653	-176.9082
6255.981944	80.637	-177.3452
6256.348155	80.639	-177.6748
6256.714366	80.650	-178.1255
6257.080577	80.641	-178.6021
6257.446788	80.633	-178.9355
6257.812999	80.646	-179.2876
6258.179210	80.654	-179.7734
6258.545421	80.645	179.7725
6258.911632	80.640	179.4126
6259.277843	80.644	179.0239
6259.644054	80.641	178.6089
6260.010265	80.639	178.2593
6260.376476	80.650	177.9048
6260.742687	80.662	177.4414
6261.108898	80.657	176.9595
6261.475109	80.647	176.5815
6261.841320	80.650	176.2476
6262.207531	80.661	175.8623
6262.573742	80.670	175.4331
6262.939953	80.676	174.9766
6263.306164	80.675	174.5068
6263.672375	80.668	174.0786
6264.038586	80.664	173.7134
6264.404797	80.671	173.3545
6264.771007	80.683	172.9233
6265.137218	80.686	172.4175
6265.503429	80.672	171.9629
6265.869640	80.663	171.6421
6266.235851	80.676	171.3115
6266.602062	80.689	170.8267
6266.968273	80.677	170.3364
6267.334484	80.663	170.0288
6267.700695	80.680	169.7549
6268.066906	80.708	169.2803
6268.433117	80.709	168.6973
6268.799328	80.693	168.2290
6269.165539	80.685	167.8672
6269.531750	80.690	167.4814
6269.897961	80.693	167.0327
6270.264172	80.685	166.5913
6270.630383	80.677	166.2451
6270.996594	80.689	165.9131
6271.362805	80.704	165.4399
6271.729016	80.698	164.9292
6272.095227	80.687	164.5649
6272.461438	80.696	164.2246
6272.827649	80.708	163.7588
6273.193860	80.705	163.2944
6273.560071	80.704	162.9009
6273.926282	80.711	162.4663
6274.292493	80.708	162.0083
6274.658704	80.705	161.6035
6275.024915	80.709	161.1797
6275.391126	80.704	160.7236
6275.757336	80.695	160.3325
6276.123547	80.695	159.9727
6276.489758	80.697	159.5747
6276.855969	80.697	159.1807
6277.222180	80.699	158.7993
6277.588391	80.703	158.3979
6277.954602	80.706	157.9951
6278.320813	80.712	157.5747
6278.687024	80.713	157.1147
6279.053235	80.705	156.6846
6279.419446	80.699	156.3276
6279.785657	80.707	155.9702
6280.151868	80.717	155.5273
6280.518079	80.714	155.0459
6280.884290	80.703	154.6553
6281.250501	80.705	154.3325
6281.616712	80.719	153.9404
6281.982923	80.729	153.4824
6282.349134	80.733	153.0107
6282.715345	80.730	152.5327
6283.081556	80.722	152.1196
6283.447767	80.723	151.7476
6283.813978	80.727	151.3193
6284.180189	80.724	150.9253
6284.546400	80.736	150.5664
6284.912611	80.752	150.0562
6285.278822	80.739	149.5137
6285.645033	80.722	149.1743
6286.011244	80.734	148.8516
6286.377455	80.745	148.3550
6286.743666	80.733	147.8716
6287.109876	80.722	147.5229
6287.476087	80.727	147.1719
6287.842298	80.731	146.7490
6288.208509	80.728	146.3281
6288.574720	80.725	145.9448
6288.940931	80.727	145.5552
6289.307142	80.728	145.1411
6289.673353	80.724	144.7334
6290.039564	80.721	144.3550
6290.405775	80.722	144.0029
6290.771986	80.732	143.6270
6291.138197	80.742	143.1689
6291.504408	80.741	142.6797
6291.870619	80.733	142.2368
6292.236830	80.725	141.8315
6292.603041	80.720	141.4590
6292.969252	80.722	141.0986
6293.335463	80.729	140.6841
6293.701674	80.728	140.2559
6294.067885	80.729	139.8745
6294.434096	80.738	139.4590
6294.800307	80.741	138.9985
6295.166518	80.741	138.5737
6295.532729	80.745	138.1338
6295.898940	80.742	137.6567
6296.265151	80.731	137.2524
6296.631362	80.730	136.8994
6296.997573	80.734	136.5166
6297.363784	80.740	136.1377
6297.729995	80.753	135.7173
6298.096206	80.758	135.2100
6298.462416	80.746	134.7632
6298.828627	80.744	134.4082
6299.194838	80.752	133.9883
6299.561049	80.748	133.5264
6299.927260	80.740	133.1299
6300.293471	80.738	132.7563
6300.659682	80.739	132.3774
6301.025893	80.744	131.9902
6301.392104	80.748	131.5498
6301.758315	80.743	131.1021
6302.124526	80.737	130.7119
6302.490737	80.736	130.3335
6302.856948	80.737	129.9346
6303.223159	80.738	129.5249
6303.589370	80.736	129.1064
6303.955581	80.732	128.7183
6304.321792	80.736	128.3516
6304.688003	80.745	127.9199
6305.054214	80.744	127.4312
6305.420425	80.732	126.9971
6305.786636	80.726	126.6499
6306.152847	80.734	126.2886
6306.519058	80.742	125.8252
6306.885269	80.734	125.3579
6307.251480	80.728	124.9932
6307.617691	80.738	124.5898
6307.983902	80.736	124.0825
6308.350113	80.717	123.6929
6308.716324	80.720	123.4263
6309.082535	80.744	122.9971
6309.448745	80.742	122.4458
6309.814956	80.726	122.0552
6310.181167	80.733	121.7368
6310.547378	80.748	121.2549
6310.913589	80.739	120.7441
6311.279800	80.726	120.3857
6311.646011	80.733	120.0342
6312.012222	80.737	119.5962
6312.378433	80.735	119.1997
6312.744644	80.743	118.8159
6313.110855	80.749	118.3350
6313.477066	80.738	117.8848
6313.843277	80.732	117.5547
6314.209488	80.743	117.1963
6314.575699	80.751	116.7598
6314.941910	80.756	116.3184
6315.308121	80.760	115.8296
6315.674332	80.747	115.3213
6316.040543	80.724	114.9600
6316.406754	80.724	114.6904
6316.772965	80.740	114.2905
6317.139176	80.739	113.7959
6317.505387	80.728	113.3813
6317.871598	80.726	112.9985
6318.237809	80.720	112.5679
6318.604020	80.708	112.2070
6318.970231	80.713	111.9102
6319.336442	80.729	111.4834
6319.702653	80.726	110.9829
6320.068864	80.718	110.6104
6320.435075	80.730	110.2373
6320.801285	80.738	109.7085
6321.167496	80.721	109.2295
6321.533707	80.714	108.8965
6321.899918	80.724	108.4868
6322.266129	80.719	108.0122
6322.632340	80.709	107.6597
6322.998551	80.720	107.3037
6323.364762	80.724	106.8325
6323.730973	80.715	106.4360
6324.097184	80.721	106.1079
6324.463395	80.733	105.6562
6324.829606	80.725	105.1968
6325.195817	80.720	104.8687
6325.562028	80.732	104.4985
6325.928239	80.734	104.0410
6326.294450	80.728	103.6650
6326.660661	80.736	103.3223
6327.026872	80.747	102.8755
6327.393083	80.745	102.4175
6327.759294	80.744	102.0103
6328.125505	80.747	101.5396
6328.491716	80.730	101.0669
6328.857927	80.714	100.7695
6329.224138	80.731	100.4668
6329.590349	80.747	99.9180
6329.956560	80.724	99.3818
6330.322771	80.705	99.0835
6330.688982	80.716	98.7412
6331.055193	80.717	98.2446
6331.421404	80.700	97.8540
6331.787614	80.702	97.5552
6332.153825	80.717	97.1436
6332.520036	80.721	96.6553
6332.886247	80.714	96.1973
6333.252458	80.706	95.7979
6333.618669	80.705	95.4492
6333.984880	80.716	95.0601
6334.351091	80.722	94.5850
6334.717302	80.715	94.1226
6335.083513	80.707	93.7344
6335.449724	80.708	93.3687
6335.815935	80.712	92.9585
6336.182146	80.709	92.5259
6336.548357	80.703	92.1528
6336.914568	80.707	91.8115
6337.280779	80.719	91.4121
6337.646990	80.728	90.9409
6338.013201	80.725	90.4209
6338.379412	80.703	89.9790
6338.745623	80.692	89.7070
6339.111834	80.709	89.3667
6339.478045	80.714	88.8364
6339.844256	80.692	88.4297
6340.210467	80.695	88.1694
6340.576678	80.717	87.7275
6340.942889	80.713	87.1763
6341.309100	80.695	86.7676
6341.675311	80.689	86.4224
6342.041522	80.688	86.0645
6342.407733	80.695	85.7212
6342.773944	80.711	85.2983
6343.140154	80.716	84.7656
6343.506365	80.701	84.2690
6343.872576	80.682	83.9058
6344.238787	80.678	83.6201
6344.604998	80.690	83.2812
6344.971209	80.699	82.8516
6345.337420	80.700	82.4277
6345.703631	80.703	82.0293
6346.069842	80.708	81.5923
6346.436053	80.706	81.1431
6346.802264	80.702	80.7246
6347.168475	80.699	80.3145
6347.534686	80.696	79.9082
6347.900897	80.694	79.4966
6348.267108	80.689	79.0767
6348.633319	80.680	78.7056
6348.999530	80.681	78.3701
6349.365741	80.688	77.9697
6349.731952	80.687	77.5312
6350.098163	80.683	77.1528
6350.464374	80.689	76.7866
6350.830585	80.699	76.3418
6351.196796	80.699	75.8618
6351.563007	80.693	75.4136
6351.929218	80.687	74.9902
6352.295429	80.681	74.5894
6352.661640	80.681	74.1963
6353.027851	80.681	73.7671
6353.394062	80.674	73.3550
6353.760273	80.674	73.0034
6354.126484	80.685	72.5874
6354.492694	80.685	72.0806
6354.858905	80.671	71.6489
6355.225116	80.665	71.2871
6355.591327	80.663	70.8989
6355.957538	80.660	70.5415
6356.323749	80.667	70.1792
6356.689960	80.671	69.7344
6357.056171	80.664	69.3481
6357.422382	80.674	69.0068
6357.788593	80.686	68.5215
6358.154804	80.674	68.0288
6358.521015	80.663	67.6919
6358.887226	80.671	67.3276
6359.253437	80.672	66.8896
6359.619648	80.671	66.5049
6359.985859	80.679	66.0718
6360.352070	80.671	65.5703
6360.718281	80.652	65.2017
6361.084492	80.654	64.9033
6361.450703	80.663	64.4902
6361.816914	80.660	64.0640
6362.183125	80.662	63.6924
6362.549336	80.668	63.2490
6362.915547	80.659	62.8008
6363.281758	80.654	62.4565
6363.647969	80.664	62.0630
6364.014180	80.663	61.5850
6364.380391	80.654	61.2012
6364.746602	80.660	60.8350
6365.112813	80.664	60.3496
6365.479023	80.648	59.9253
6365.845234	80.646	59.6182
6366.211445	80.659	59.1904
6366.577656	80.649	58.6802
6366.943867	80.627	58.3535
6367.310078	80.634	58.1206
6367.676289	80.659	57.6909
6368.042500	80.656	57.1382
6368.408711	80.635	56.7432
6368.774922	80.634	56.4473
6369.141133	80.644	56.0361
6369.507344	80.638	55.5952
6369.873555	80.635	55.2329
6370.239766	80.640	54.8135
6370.605977	80.632	54.3516
6370.972188	80.618	54.0088
6371.338399	80.622	53.6978
6371.704610	80.631	53.3057
6372.070821	80.636	52.9028
6372.437032	80.646	52.4653
6372.803243	80.646	51.9551
6373.169454	80.631	51.5166
6373.535665	80.626	51.1846
6373.901876	80.636	50.7988
6374.268087	80.640	50.3184
6374.634298	80.631	49.8716
6375.000509	80.625	49.5146
6375.366720	80.633	49.1318
6375.732931	80.637	48.6416
6376.099142	80.622	48.1821
6376.465353	80.610	47.8633
6376.831563	80.619	47.5298
6377.197774	80.624	47.0869
6377.563985	80.617	46.6772
6377.930196	80.618	46.3242
6378.296407	80.626	45.9106
6378.662618	80.624	45.4692
6379.028829	80.621	45.0640
6379.395040	80.619	44.6519
6379.761251	80.614	44.2456
6380.127462	80.612	43.8672
6380.493673	80.613	43.4658
6380.859884	80.608	43.0645
6381.226095	80.607	42.7061
6381.592306	80.614	42.3301
6381.958517	80.621	41.9023
6382.324728	80.623	41.4453
6382.690939	80.619	40.9897
6383.057150	80.612	40.5938
6383.423361	80.615	40.2158
6383.789572	80.620	39.7612
6384.155783	80.612	39.3115
6384.521994	80.606	38.9453
6384.888205	80.611	38.5532
6385.254416	80.611	38.0996
6385.620627	80.601	37.6792
6385.986838	80.593	37.3218
6386.353049	80.593	37.0029
6386.719260	80.605	36.6372
6387.085471	80.612	36.1577
6387.451682	80.600	35.7124
6387.817892	80.593	35.4009
6388.184103	80.607	35.0244
6388.550314	80.608	34.5132
6388.916525	80.590	34.0981
6389.282736	80.586	33.7925
6389.648947	80.593	33.3867
6390.015158	80.585	32.9385
6390.381369	80.575	32.6040
6390.747580	80.583	32.2534
6391.113791	80.586	31.7939
6391.480002	80.574	31.3838
6391.846213	80.572	31.0493
6392.212424	80.577	30.6704
6392.578635	80.580	30.2808
6392.944846	80.589	29.8906
6393.311057	80.600	29.4033
6393.677268	80.593	28.8970
6394.043479	80.581	28.4927
6394.409690	80.581	28.1060
6394.775901	80.581	27.6689
6395.142112	80.573	27.2456
6395.508323	80.565	26.8721
6395.874534	80.563	26.5332
6396.240745	80.569	26.1724
6396.606956	80.574	25.7534
6396.973167	80.572	25.3604
6397.339378	80.579	24.9971
6397.705589	80.588	24.5425
6398.071800	80.581	24.0786
6398.438011	80.576	23.7285
6398.804222	80.588	23.3276
6399.170432	80.587	22.8022
6399.536643	80.567	22.3745
6399.902854	80.559	22.0654
6400.269065	80.564	21.6875
6400.635276	80.559	21.2822
6401.001487	80.559	20.9438
6401.367698	80.570	20.5454
6401.733909	80.571	20.0581
6402.100120	80.559	19.6479
6402.466331	80.560	19.2993
6402.832542	80.566	18.8677
6403.198753	80.560	18.4268
6403.564964	80.556	18.0630
6403.931175	80.563	17.6460
6404.297386	80.557	17.1797
6404.663597	80.547	16.8223
6405.029808	80.554	16.4683
6405.396019	80.558	15.9800
6405.762230	80.538	15.5479
6406.128441	80.527	15.2954
6406.494652	80.546	15.0073
6406.860863	80.565	14.5264
6407.227074	80.558	14.0073
6407.593285	80.543	13.6348
6407.959496	80.547	13.3130
6408.325707	80.558	12.8643
6408.691918	80.550	12.3906
6409.058129	80.541	12.0322
6409.424340	80.548	11.6431
6409.790551	80.545	11.1499
6410.156761	80.526	10.7344
6410.522972	80.518	10.4263
6410.889183	80.522	10.0815
6411.255394	80.525	9.6816
6411.621605	80.525	9.2793
6411.987816	80.523	8.8892
6412.354027	80.523	8.5332
6412.720238	80.534	8.1719
6413.086449	80.549	7.7119
6413.452660	80.550	7.1899
6413.818871	80.538	6.7397
6414.185082	80.532	6.3599
6414.551293	80.533	5.9458
6414.917504	80.527	5.5249
6415.283715	80.524	5.1621
6415.649926	80.530	4.7622
6416.016137	80.527	4.2939
6416.382348	80.512	3.9199
6416.748559	80.516	3.6245
6417.114770	80.530	3.2021
6417.480981	80.525	2.7090
6417.847192	80.511	2.3481
6418.213403	80.515	2.0444
6418.579614	80.526	1.6382
6418.945825	80.526	1.2007
6419.312036	80.525	0.8213
6419.678247	80.533	0.4175
6420.044458	80.535	-0.0508
6420.410669	80.525	-0.4824
6420.776880	80.520	-0.8501
6421.143091	80.522	-1.2432
6421.509301	80.518	-1.6597
6421.875512	80.512	-2.0234
6422.241723	80.516	-2.3833
6422.607934	80.520	-2.8130
6422.974145	80.513	-3.2397
6423.340356	80.505	-3.5913
6423.706567	80.508	-3.9268
6424.072778	80.516	-4.3125
6424.438989	80.521	-4.7466
6424.805200	80.519	-5.1938
6425.171411	80.513	-5.6113
6425.537622	80.511	-6.0151
6425.903833	80.506	-6.4546
6426.270044	80.491	-6.8545
6426.636255	80.484	-7.1426
6427.002466	80.498	-7.4717
6427.368677	80.509	-7.9521
6427.734888	80.500	-8.4258
6428.101099	80.492	-8.7925
6428.467310	80.498	-9.1689
6428.833521	80.503	-9.6187
6429.199732	80.499	-10.0776
6429.565943	80.492	-10.5029
6429.932154	80.485	-10.8984
6430.298365	80.481	-11.2729
6430.664576	80.481	-11.6318
6431.030787	80.488	-12.0132
6431.396998	80.492	-12.4531
6431.763209	80.486	-12.8706
6432.129420	80.486	-13.2104
6432.495631	80.499	-13.6030
6432.861841	80.501	-14.0898
6433.228052	80.489	-14.5098
6433.594263	80.485	-14.8418
6433.960474	80.489	-15.2080
6434.326685	80.490	-15.5952
6434.692896	80.494	-15.9629
6435.059107	80.501	-16.3730
6435.425318	80.499	-16.8076
6435.791529	80.494	-17.1782
6436.157740	80.503	-17.5459
6436.523951	80.512	-18.0254
6436.890162	80.501	-18.5366
6437.256373	80.480	-18.9248
6437.622584	80.473	-19.2295
6437.988795	80.480	-19.5923
6438.355006	80.482	-20.0381
6438.721217	80.470	-20.4727
6439.087428	80.458	-20.8003
6439.453639	80.466	-21.0879
6439.819850	80.487	-21.5391
6440.186061	80.480	-22.0991
6440.552272	80.456	-22.4775
6440.918483	80.459	-22.7407
6441.284694	80.478	-23.1890
6441.650905	80.469	-23.7124
6442.017116	80.453	-24.0713
6442.383327	80.457	-24.4019
6442.749538	80.463	-24.8369
6443.115749	80.458	-25.2686
6443.481960	80.454	-25.6743
6443.848170	80.446	-26.0801
6444.214381	80.438	-26.4336
6444.580592	80.438	-26.7646
6444.946803	80.443	-27.1289
6445.313014	80.449	-27.5107
6445.679225	80.456	-27.9429
6446.045436	80.451	-28.3965
6446.411647	80.444	-28.7646
6446.777858	80.450	-29.1318
6447.144069	80.453	-29.5820
6447.510280	80.446	-29.9790
6447.876491	80.453	-30.3486
6448.242702	80.460	-30.8462
6448.608913	80.445	-31.3252
6448.975124	80.433	-31.6631
6449.341335	80.437	-32.0352
6449.707546	80.433	-32.4551
6450.073757	80.429	-32.7881
6450.439968	80.442	-33.1504
6450.806179	80.450	-33.6343
6451.172390	80.440	-34.0815
6451.538601	80.435	-34.4365
6451.904812	80.439	-34.7944
6452.271023	80.448	-35.1914
6452.637234	80.455	-35.6436
6453.003445	80.451	-36.1191
6453.369656	80.440	-36.5146
6453.735867	80.439	-36.8574
6454.102078	80.445	-37.2578
6454.468289	80.442	-37.6748
6454.834500	80.440	-38.0479
6455.200710	80.444	-38.4390
6455.566921	80.444	-38.8589
6455.933132	80.442	-39.2632
6456.299343	80.439	-39.6738
6456.665554	80.432	-40.0703
6457.031765	80.428	-40.3970
6457.397976	80.440	-40.7520
6457.764187	80.449	-41.2339
6458.130398	80.438	-41.7168
6458.496609	80.425	-42.0884
6458.862820	80.424	-42.4351
6459.229031	80.427	-42.8335
6459.595242	80.426	-43.2520
6459.961453	80.422	-43.6665
6460.327664	80.415	-44.0542
6460.693875	80.414	-44.3994
6461.060086	80.424	-44.7949
6461.426297	80.424	-45.2812
6461.792508	80.409	-45.6997
6462.158719	80.405	-46.0078
6462.524930	80.416	-46.3960
6462.891141	80.414	-46.8599
6463.257352	80.406	-47.2222
6463.623563	80.414	-47.5767
6463.989774	80.419	-48.0430
6464.355985	80.408	-48.4546
6464.722196	80.409	-48.7798
6465.088407	80.419	-49.2021
6465.454618	80.414	-49.6636
6465.820829	80.405	-50.0142
6466.187039	80.411	-50.3521
6466.553250	80.420	-50.7690
6466.919461	80.421	-51.1973
6467.285672	80.422	-51.6074
6467.651883	80.424	-52.0293
6468.018094	80.423	-52.4639
6468.384305	80.417	-52.8950
6468.750516	80.407	-53.2866
6469.116727	80.403	-53.6270
6469.482938	80.407	-53.9839
6469.849149	80.410	-54.3984
6470.215360	80.406	-54.8062
6470.581571	80.404	-55.1729
6470.947782	80.408	-55.5698
6471.313993	80.405	-55.9990
6471.680204	80.396	-56.3687
6472.046415	80.399	-56.7070
6472.412626	80.405	-57.1133
6472.778837	80.404	-57.5332
6473.145048	80.405	-57.9189
6473.511259	80.411	-58.3652
6473.877470	80.402	-58.8413
6474.243681	80.388	-59.2031
6474.609892	80.393	-59.5293
6474.976103	80.403	-59.9858
6475.342314	80.394	-60.4897
6475.708525	80.375	-60.8794
6476.074736	80.369	-61.1763
6476.440947	80.379	-61.5054
6476.807158	80.394	-61.9463
6477.173369	80.394	-62.4546
6477.539579	80.382	-62.9033
6477.905790	80.373	-63.2739
6478.272001	80.372	-63.6533
6478.638212	80.369	-64.0327
6479.004423	80.372	-64.3833
6479.370634	80.383	-64.7939
6479.736845	80.383	-65.2656
6480.103056	80.375	-65.6670
6480.469267	80.378	-66.0269
6480.835478	80.383	-66.4570
6481.201689	80.377	-66.8848
6481.567900	80.375	-67.2480
6481.934111	80.379	-67.6401
6482.300322	80.379	-68.0625
6482.666533	80.377	-68.4531
6483.032744	80.378	-68.8594
6483.398955	80.372	-69.2729
6483.765166	80.366	-69.6255
6484.131377	80.370	-69.9873
6484.497588	80.371	-70.4009
6484.863799	80.367	-70.7798
6485.230010	80.370	-71.1479
6485.596221	80.371	-71.5669
6485.962432	80.366	-71.9585
6486.328643	80.367	-72.3081
6486.694854	80.375	-72.7100
6487.061065	80.377	-73.1577
6487.427276	80.375	-73.6025
6487.793487	80.367	-74.0464
6488.159698	80.354	-74.4424
6488.525908	80.347	-74.7627
6488.892119	80.354	-75.1074
6489.258330	80.361	-75.5381
6489.624541	80.358	-75.9780
6489.990752	80.353	-76.3726
6490.356963	80.353	-76.7539
6490.723174	80.354	-77.1372
6491.089385	80.360	-77.5254
6491.455596	80.368	-77.9590
6491.821807	80.368	-78.4370
6492.188018	80.359	-78.8770
6492.554229	80.353	-79.2490
6492.920440	80.355	-79.6162
6493.286651	80.359	-80.0161
6493.652862	80.362	-80.4438
6494.019073	80.359	-80.8716
6494.385284	80.354	-81.2510
6494.751495	80.357	-81.6133
6495.117706	80.364	-82.0410
6495.483917	80.359	-82.4858
6495.850128	80.352	-82.8599
6496.216339	80.354	-83.2222
6496.582550	80.356	-83.6333
6496.948761	80.354	-84.0444
6497.314972	80.353	-84.4414
6497.681183	80.351	-84.8623
6498.047394	80.342	-85.2744
6498.413605	80.333	-85.6201
6498.779816	80.337	-85.9541
6499.146027	80.345	-86.3784
6499.512238	80.340	-86.8447
6499.878448	80.327	-87.2231
6500.244659	80.326	-87.5532
6500.610870	80.333	-87.9502
6500.977081	80.333	-88.3867
6501.343292	80.328	-88.8062
6501.709503	80.320	-89.1914
6502.075714	80.319	-89.5229
6502.441925	80.332	-89.8945
6502.808136	80.340	-90.3823
6503.174347	80.331	-90.8521
6503.540558	80.322	-91.2310
6503.906769	80.320	-91.6064
6504.272980	80.320	-91.9810
6504.639191	80.325	-92.3691
6505.005402	80.326	-92.8262
6505.371613	80.312	-93.2188
6505.737824	80.313	-93.5137
6506.104035	80.327	-93.9121
6506.470246	80.324	-94.3848
6506.836457	80.314	-94.7305
6507.202668	80.324	-95.0645
6507.568879	80.334	-95.5322
6507.935090	80.326	-95.9980
6508.301301	80.317	-96.3691
6508.667512	80.318	-96.7285
6509.033723	80.322	-97.1289
6509.399934	80.324	-97.5781
6509.766145	80.314	-98.0254
6510.132356	80.302	-98.3926
6510.498567	80.301	-98.7178
6510.864778	80.306	-99.0996
6511.230988	80.307	-99.5000
6511.597199	80.311	-99.8770
6511.963410	80.319	-100.3037
6512.329621	80.320	-100.7842
6512.695832	80.310	-101.2207
6513.062043	80.304	-101.6025
6513.428254	80.303	-101.9922
6513.794465	80.300	-102.3994
6514.160676	80.294	-102.7852
6514.526887	80.293	-103.1367
6514.893098	80.297	-103.5029
6515.259309	80.302	-103.8965
6515.625520	80.308	-104.2949
6515.991731	80.315	-104.7461
6516.357942	80.312	-105.2402
6516.724153	80.299	-105.6523
6517.090364	80.297	-106.0225
6517.456575	80.296	-106.4736
6517.822786	80.280	-106.8867
6518.188997	80.272	-107.1738
6518.555208	80.285	-107.5020
6518.921419	80.296	-107.9629
6519.287630	80.293	-108.4434
6519.653841	80.282	-108.8613
6520.020052	80.278	-109.2227
6520.386263	80.282	-109.6113
6520.752474	80.280	-110.0566
6521.118685	80.270	-110.4375
6521.484896	80.272	-110.7559
6521.851107	80.284	-111.1650
6522.217317	80.284	-111.6367
6522.583528	80.274	-112.0410
6522.949739	80.270	-112.3887
6523.315950	80.273	-112.7344
6523.682161	80.282	-113.1123
6524.048372	80.290	-113.5479
6524.414583	80.289	-113.9922
6524.780794	80.286	-114.3975
6525.147005	80.286	-114.8066
6525.513216	80.284	-115.2383
6525.879427	80.278	-115.6602
6526.245638	80.270	-116.0586
6526.611849	80.263	-116.4219
6526.978060	80.264	-116.7744
6527.344271	80.270	-117.1963
6527.710482	80.262	-117.6660
6528.076693	80.244	-118.0391
6528.442904	80.242	-118.3281
6528.809115	80.253	-118.7031
6529.175326	80.253	-119.1445
6529.541537	80.251	-119.5273
6529.907748	80.258	-119.9482
6530.273959	80.252	-120.4453
6530.640170	80.232	-120.8008
6531.006381	80.240	-121.0586
6531.372592	80.265	-121.5332
6531.738803	80.254	-122.1270
6532.105014	80.225	-122.4961
6532.471225	80.223	-122.7402
6532.837436	80.237	-123.1172
6533.203647	80.239	-123.5547
6533.569857	80.240	-123.9492
6533.936068	80.243	-124.3750
6534.302279	80.238	-124.8135
6534.668490	80.233	-125.1973
6535.034701	80.234	-125.5898
6535.400912	80.230	-126.0195
6535.767123	80.219	-126.3955
6536.133334	80.218	-126.6992
6536.499545	80.232	-127.0547
6536.865756	80.244	-127.5391
6537.231967	80.235	-128.0469
6537.598178	80.217	-128.4268
6537.964389	80.216	-128.7363
6538.330600	80.225	-129.1309
6538.696811	80.225	-129.5918
6539.063022	80.215	-130.0000
6539.429233	80.213	-130.3564
6539.795444	80.217	-130.7520
6540.161655	80.216	-131.1982
6540.527866	80.206	-131.5967
6540.894077	80.204	-131.9316
6541.260288	80.213	-132.3379
6541.626499	80.208	-132.8027
6541.992710	80.198	-133.1641
6542.358921	80.205	-133.5117
6542.725132	80.209	-133.9980
6543.091343	80.190	-134.4434
6543.457554	80.178	-134.7207
6543.823765	80.189	-135.0400
6544.189976	80.196	-135.4688
6544.556186	80.196	-135.8887
6544.922397	80.197	-136.3262
6545.288608	80.187	-136.7627
6545.654819	80.179	-137.0918
6546.021030	80.190	-137.4521
6546.387241	80.193	-137.9512
6546.753452	80.176	-138.3770
6547.119663	80.172	-138.6777
6547.485874	80.183	-139.0664
6547.852085	80.183	-139.5254
6548.218296	80.179	-139.9277
6548.584507	80.181	-140.3555
6548.950718	80.172	-140.8037
6549.316929	80.161	-141.1523
6549.683140	80.167	-141.4844
6550.049351	80.177	-141.9180
6550.415562	80.174	-142.3887
6550.781773	80.163	-142.8047
6551.147984	80.155	-143.1484
6551.514195	80.163	-143.4883
6551.880406	80.173	-143.9629
6552.246617	80.156	-144.4658
6552.612828	80.133	-144.7520
6552.979039	80.147	-144.9863
6553.345250	80.167	-145.4590
6553.711461	80.156	-145.9551
6554.077672	80.148	-146.2715
6554.443883	80.163	-146.6719
6554.810094	80.157	-147.2061
6555.176305	80.134	-147.5654
6555.542516	80.141	-147.8379
6555.908726	80.156	-148.3203
6556.274937	80.139	-148.8398
6556.641148	80.117	-149.1514
6557.007359	80.124	-149.4297
6557.373570	80.136	-149.8604
6557.739781	80.129	-150.3252
6558.105992	80.117	-150.6855
6558.472203	80.119	-151.0000
6558.838414	80.132	-151.3906
6559.204625	80.137	-151.8604
6559.570836	80.133	-152.3281
6559.937047	80.122	-152.7607
6560.303258	80.109	-153.1318
6560.669469	80.107	-153.4434
6561.035680	80.117	-153.8203
6561.401891	80.117	-154.2793
6561.768102	80.107	-154.6543
6562.134313	80.113	-154.9805
6562.500524	80.124	-155.4414
6562.866735	80.112	-155.9180
6563.232946	80.100	-156.2402
6563.599157	80.110	-156.5713
6563.965368	80.117	-157.0332
6564.331579	80.109	-157.4717
6564.697790	80.105	-157.8438
6565.064001	80.104	-158.2607
6565.430212	80.094	-158.6543
6565.796423	80.094	-158.9707
6566.162634	80.108	-159.3906
6566.528845	80.100	-159.9102
6566.895056	80.078	-160.2588
6567.261266	80.085	-160.5273
6567.627477	80.101	-161.0020
6567.993688	80.086	-161.4990
6568.359899	80.073	-161.7998
6568.726110	80.088	-162.1572
6569.092321	80.089	-162.6826
6569.458532	80.068	-163.0996
6569.824743	80.064	-163.3926
6570.190954	80.075	-163.7910
6570.557165	80.072	-164.2715
6570.923376	80.058	-164.6836
6571.289587	80.050	-165.0156
6571.655798	80.054	-165.3613
6572.022009	80.057	-165.7842
6572.388220	80.049	-166.1934
6572.754431	80.045	-166.5156
6573.120642	80.055	-166.8877
6573.486853	80.056	-167.3418
6573.853064	80.047	-167.7129
6574.219275	80.053	-168.0488
6574.585486	80.062	-168.5049
6574.951697	80.052	-168.9590
6575.317908	80.046	-169.3066
6575.684119	80.053	-169.7031
6576.050330	80.048	-170.1914
6576.416541	80.027	-170.5938
6576.782752	80.015	-170.8467
6577.148963	80.032	-171.1289
6577.515174	80.053	-171.6074
6577.881385	80.046	-172.1650
6578.247595	80.023	-172.5723
6578.613806	80.017	-172.8809
6578.980017	80.023	-173.2734
6579.346228	80.020	-173.7109
6579.712439	80.015	-174.1045
6580.078650	80.014	-174.5068
6580.444861	80.010	-174.9180
6580.811072	80.007	-175.2979
6581.177283	80.008	-175.6973
6581.543494	80.006	-176.1074
6581.909705	80.006	-176.4951
6582.275916	80.008	-176.9160
6582.642127	80.002	-177.3506
6583.008338	79.995	-177.7129
6583.374549	79.999	-178.0664
6583.740760	80.004	-178.4834
6584.106971	80.002	-178.9053
6584.473182	79.998	-179.2988
6584.839393	79.996	-179.6748
6585.205604	79.998	179.9502
6585.571815	80.001	179.5254
6585.938026	79.991	179.0996
6586.304237	79.981	178.7676
6586.670448	79.986	178.4473
6587.036659	79.993	178.0391
6587.402870	79.991	177.6152
6587.769081	79.987	177.2148
6588.135292	79.981	176.8223
6588.501503	79.976	176.4707
6588.867714	79.981	176.1162
6589.233925	79.986	175.6680
6589.600135	79.975	175.2158
6589.966346	79.963	174.8789
6590.332557	79.969	174.5605
6590.698768	79.982	174.1113
6591.064979	79.975	173.5967
6591.431190	79.955	173.2012
6591.797401	79.951	172.9004
6592.163612	79.961	172.5078
6592.529823	79.958	172.0293
6592.896034	79.943	171.6387
6593.262245	79.940	171.3281
6593.628456	79.951	170.9453
6593.994667	79.952	170.4746
6594.360878	79.940	170.0361
6594.727089	79.927	169.6934
6595.093300	79.926	169.4004
6595.459511	79.937	169.0479
6595.825722	79.943	168.6113
6596.191933	79.937	168.2031
6596.558144	79.938	167.8379
6596.924355	79.940	167.4160
6597.290566	79.929	167.0146
6597.656777	79.926	166.7070
6598.022988	79.939	166.3242
6598.389199	79.937	165.8457
6598.755410	79.925	165.4629
6599.121621	79.926	165.0996
6599.487832	79.922	164.6426
6599.854043	79.904	164.2637
6600.220254	79.902	163.9688
6600.586464	79.908	163.5625
6600.952675	79.898	163.1289
6601.318886	79.889	162.8027
6601.685097	79.897	162.4375
6602.051308	79.896	161.9727
6602.417519	79.881	161.5771
6602.783730	79.878	161.2832
6603.149941	79.895	160.9014
6603.516152	79.900	160.3594
6603.882363	79.877	159.8887
6604.248574	79.864	159.6182
6604.614785	79.882	159.2793
6604.980996	79.888	158.7480
6605.347207	79.869	158.3145
6605.713418	79.868	158.0195
6606.079629	79.883	157.5977
6606.445840	79.878	157.0918
6606.812051	79.864	156.7002
6607.178262	79.863	156.3574
6607.544473	79.866	155.9355
6607.910684	79.856	155.4941
6608.276895	79.838	155.1592
6608.643106	79.837	154.9189
6609.009317	79.855	154.5850
6609.375528	79.862	154.1143
6609.741739	79.851	153.6963
6610.107950	79.846	153.3613
6610.474161	79.845	153.0029
6610.840372	79.844	152.6719
6611.206583	79.858	152.3301
6611.572794	79.872	151.8096
6611.939004	79.850	151.2578
6612.305215	79.816	150.9541
6612.671426	79.817	150.7520
6613.037637	79.835	150.3633
6613.403848	79.830	149.8887
6613.770059	79.818	149.5352
6614.136270	79.823	149.1768
6614.502481	79.821	148.7100
6614.868692	79.803	148.3311
6615.234903	79.802	148.0674
6615.601114	79.820	147.6719
6615.967325	79.818	147.1641
6616.333536	79.803	146.7734
6616.699747	79.803	146.4434
6617.065958	79.809	146.0273
6617.432169	79.802	145.5938
6617.798380	79.793	145.2344
6618.164591	79.795	144.8945
6618.530802	79.800	144.4922
6618.897013	79.795	144.0781
6619.263224	79.790	143.7451
6619.629435	79.801	143.4004
6619.995646	79.811	142.9160
6620.361857	79.796	142.4365
6620.728068	79.780	142.1104
6621.094279	79.784	141.7959
6621.460490	79.789	141.3691
6621.826701	79.780	140.9414
6622.192912	79.770	140.6016
6622.559123	79.772	140.2852
6622.925333	79.781	139.9004
6623.291544	79.783	139.4541
6623.657755	79.776	139.0273
6624.023966	79.770	138.6494
6624.390177	79.770	138.2705
6624.756388	79.769	137.8594
6625.122599	79.764	137.4434
6625.488810	79.756	137.0664
6625.855021	79.754	136.7178
6626.221232	79.758	136.3242
6626.587443	79.755	135.9072
6626.953654	79.750	135.5381
6627.319865	79.752	135.1475
6627.686076	79.746	134.7227
6628.052287	79.736	134.3965
6628.418498	79.748	134.0723
6628.784709	79.757	133.5664
6629.150920	79.734	133.0850
6629.517131	79.714	132.8232
6629.883342	79.725	132.5547
6630.249553	79.737	132.1152
6630.615764	79.729	131.6533
6630.981975	79.715	131.2871
6631.348186	79.711	130.9824
6631.714397	79.721	130.6328
6632.080608	79.727	130.1758
6632.446819	79.717	129.7246
6632.813030	79.706	129.3730
6633.179241	79.707	129.0234
6633.545452	79.709	128.6172
6633.911663	79.707	128.2148
6634.277873	79.706	127.8145
6634.644084	79.703	127.4082
6635.010295	79.702	127.0195
6635.376506	79.704	126.5938
6635.742717	79.694	126.1465
6636.108928	79.680	125.8008
6636.475139	79.682	125.4990
6636.841350	79.690	125.0928
6637.207561	79.682	124.6895
6637.573772	79.681	124.3955
6637.939983	79.699	124.0117
6638.306194	79.700	123.4980
6638.672405	79.683	123.1152
6639.038616	79.687	122.8154
6639.404827	79.698	122.3516
6639.771038	79.682	121.8779
6640.137249	79.668	121.5879
6640.503460	79.680	121.2578
6640.869671	79.683	120.7822
6641.235882	79.670	120.3760
6641.602093	79.669	120.0332
6641.968304	79.672	119.5928
6642.334515	79.659	119.1445
6642.700726	79.645	118.7988
6643.066937	79.642	118.4648
6643.433148	79.641	118.1084
6643.799359	79.643	117.7539
6644.165570	79.649	117.3418
6644.531781	79.644	116.9004
6644.897992	79.634	116.5293
6645.264203	79.634	116.1836
6645.630413	79.637	115.7773
6645.996624	79.631	115.3701
6646.362835	79.626	115.0127
6646.729046	79.627	114.6514
6647.095257	79.627	114.2539
6647.461468	79.622	113.8584
6647.827679	79.616	113.5117
6648.193890	79.620	113.1816
6648.560101	79.629	112.7754
6648.926312	79.626	112.3145
6649.292523	79.614	111.9258
6649.658734	79.612	111.5869
6650.024945	79.615	111.1777
6650.391156	79.605	110.7500
6650.757367	79.593	110.4180
6651.123578	79.596	110.1025
6651.489789	79.602	109.6973
6651.856000	79.598	109.2812
6652.222211	79.594	108.9238
6652.588422	79.599	108.5537
6652.954633	79.604	108.1133
6653.320844	79.599	107.6699
6653.687055	79.591	107.2773
6654.053266	79.590	106.8975
6654.419477	79.589	106.4834
6654.785688	79.583	106.0801
6655.151899	79.578	105.7178
6655.518110	79.579	105.3516
6655.884321	79.580	104.9648
6656.250532	79.582	104.5820
6656.616742	79.586	104.1680
6656.982953	79.584	103.7129
6657.349164	79.571	103.2988
6657.715375	79.560	102.9648
6658.081586	79.560	102.6553
6658.447797	79.568	102.2949
6658.814008	79.572	101.8711
6659.180219	79.566	101.4531
6659.546430	79.561	101.0947
6659.912641	79.565	100.7070
6660.278852	79.560	100.2393
6660.645063	79.538	99.8652
6661.011274	79.532	99.6475
6661.377485	79.553	99.3203
6661.743696	79.560	98.8086
6662.109907	79.542	98.4043
6662.476118	79.542	98.1230
6662.842329	79.557	97.7012
6663.208540	79.551	97.2100
6663.574751	79.538	96.8350
6663.940962	79.537	96.4717
6664.307173	79.531	96.0625
6664.673384	79.521	95.7158
6665.039595	79.522	95.3984
6665.405806	79.528	95.0234
6665.772017	79.529	94.6055
6666.138228	79.522	94.1914
6666.504439	79.512	93.8545
6666.870650	79.517	93.5566
6667.236861	79.532	93.1387
6667.603072	79.528	92.6387
6667.969282	79.512	92.2363
6668.335493	79.504	91.8955
6668.701704	79.499	91.5352
6669.067915	79.494	91.2207
6669.434126	79.504	90.9121
6669.800337	79.520	90.4736
6670.166548	79.518	89.9590
6670.532759	79.502	89.5137
6670.898970	79.487	89.1494
6671.265181	79.478	88.8262
6671.631392	79.476	88.5293
6671.997603	79.485	88.2012
6672.363814	79.494	87.8008
6672.730025	79.496	87.3848
6673.096236	79.497	86.9941
6673.462447	79.501	86.5840
6673.828658	79.499	86.1475
6674.194869	79.492	85.7344
6674.561080	79.484	85.3643
6674.927291	79.480	85.0273
6675.293502	79.484	84.6807
6675.659713	79.488	84.2705
6676.025924	79.481	83.8574
6676.392135	79.474	83.5244
6676.758346	79.479	83.1904
6677.124557	79.485	82.7637
6677.490768	79.475	82.3281
6677.856979	79.463	81.9863
6678.223190	79.463	81.6816
6678.589401	79.472	81.3047
6678.955611	79.472	80.8574
6679.321822	79.462	80.4570
6679.688033	79.459	80.1260
6680.054244	79.467	79.7207
6680.420455	79.461	79.2217
6680.786666	79.436	78.8281
6681.152877	79.424	78.5986
6681.519088	79.440	78.3232
6681.885299	79.457	77.8809
6682.251510	79.455	77.3926
6682.617721	79.442	76.9824
6682.983932	79.434	76.6543
6683.350143	79.439	76.3320
6683.716354	79.449	75.9365
6684.082565	79.451	75.4980
6684.448776	79.446	75.1055
6684.814987	79.447	74.7285
6685.181198	79.446	74.3281
6685.547409	79.444	73.9639
6685.913620	79.450	73.5840
6686.279831	79.448	73.1191
6686.646042	79.429	72.7383
6687.012253	79.425	72.4941
6687.378464	79.442	72.1270
6687.744675	79.437	71.6465
6688.110886	79.419	71.3418
6688.477097	79.431	71.1045
6688.843308	79.453	70.6680
6689.209519	79.451	70.1621
6689.575730	79.441	69.7344
6689.941941	79.428	69.3242
6690.308151	79.408	69.0186
6690.674362	79.413	68.8184
6691.040573	79.442	68.4385
6691.406784	79.445	67.8887
6691.772995	79.426	67.4834
6692.139206	79.428	67.1660
6692.505417	79.433	66.7158
6692.871628	79.416	66.2832
6693.237839	79.404	66.0039
6693.604050	79.414	65.6963
6693.970261	79.422	65.2754
6694.336472	79.417	64.8574
6694.702683	79.410	64.4795
6695.068894	79.403	64.1553
6695.435105	79.409	63.8672
6695.801316	79.427	63.4590
6696.167527	79.423	62.9492
6696.533738	79.404	62.5967
6696.899949	79.410	62.3242
6697.266160	79.423	61.8613
6697.632371	79.404	61.3857
6697.998582	79.387	61.1348
6698.364793	79.402	60.8574
6698.731004	79.410	60.3945
6699.097215	79.397	60.0000
6699.463426	79.398	59.7207
6699.829637	79.413	59.3262
6700.195848	79.412	58.8506
6700.562059	79.400	58.4609
6700.928270	79.396	58.1250
6701.294481	79.397	57.7900
6701.660691	79.406	57.4297
6702.026902	79.414	56.9629
6702.393113	79.399	56.4932
6702.759324	79.382	56.2012
6703.125535	79.393	55.9248
6703.491746	79.404	55.4785
6703.857957	79.393	55.0449
6704.224168	79.386	54.7295
6704.590379	79.392	54.3789
6704.956590	79.391	53.9844
6705.322801	79.390	53.6260
6705.689012	79.393	53.2402
6706.055223	79.389	52.8447
6706.421434	79.387	52.5176
6706.787645	79.398	52.1416
6707.153856	79.398	51.6719
6707.520067	79.382	51.2910
6707.886278	79.383	51.0098
6708.252489	79.397	50.6172
6708.618700	79.394	50.1475
6708.984911	79.384	49.7871
6709.351122	79.391	49.4355
6709.717333	79.393	48.9746
6710.083544	79.378	48.5586
6710.449755	79.369	48.2520
6710.815966	79.372	47.9219
6711.182177	79.374	47.5723
6711.548388	79.382	47.2148
6711.914599	79.389	46.7812
6712.280810	79.381	46.3652
6712.647020	79.379	46.0391
6713.013231	79.389	45.6465
6713.379442	79.386	45.1797
6713.745653	79.370	44.8066
6714.111864	79.365	44.5244
6714.478075	79.373	44.2148
6714.844286	79.386	43.8418
6715.210497	79.396	43.3965
6715.576708	79.393	42.9102
6715.942919	79.375	42.5020
6716.309130	79.366	42.2129
6716.675341	79.375	41.9004
6717.041552	79.383	41.4609
6717.407763	79.373	41.0312
6717.773974	79.364	40.6973
6718.140185	79.364	40.3613
6718.506396	79.362	40.0244
6718.872607	79.368	39.7266
6719.238818	79.385	39.3438
6719.605029	79.389	38.8818
6719.971240	79.386	38.4863
6720.337451	79.390	38.0820
6720.703662	79.386	37.6182
6721.069873	79.370	37.2412
6721.436084	79.365	36.9492
6721.802295	79.372	36.6270
6722.168506	79.383	36.2480
6722.534717	79.389	35.7910
6722.900928	79.377	35.3496
6723.267139	79.369	35.0459
6723.633350	79.382	34.7090
6723.999560	79.388	34.2236
6724.365771	79.373	33.8066
6724.731982	79.369	33.4912
6725.098193	79.374	33.0996
6725.464404	79.366	32.7021
6725.830615	79.362	32.3906
6726.196826	79.370	32.0469
6726.563037	79.374	31.6504
6726.929248	79.375	31.2852
6727.295459	79.380	30.9033
6727.661670	79.381	30.5029
6728.027881	79.383	30.1367
6728.394092	79.390	29.7314
6728.760303	79.386	29.2861
6729.126514	79.374	28.9336
6729.492725	79.376	28.6289
6729.858936	79.384	28.2500
6730.225147	79.384	27.8555
6730.591358	79.385	27.4893
6730.957569	79.387	27.1006
6731.323780	79.386	26.7061
6731.689991	79.383	26.3154
6732.056202	79.376	25.9336
6732.422413	79.368	25.6230
6732.788624	79.373	25.3301
6733.154835	79.383	24.9570
6733.521046	79.384	24.5801
6733.887257	79.393	24.2275
6734.253468	79.405	23.7832
6734.619679	79.400	23.2988
6734.985889	79.388	22.9014
6735.352100	79.382	22.5518
6735.718311	79.380	22.1875
6736.084522	79.376	21.8223
6736.450733	79.373	21.4814
6736.816944	79.375	21.1777
6737.183155	79.391	20.8438
6737.549366	79.407	20.3750
6737.915577	79.401	19.8545
6738.281788	79.381	19.4678
6738.647999	79.375	19.2012
6739.014210	79.388	18.8799
6739.380421	79.399	18.4355
6739.746632	79.391	17.9805
6740.112843	79.378	17.6348
6740.479054	79.378	17.3594
6740.845265	79.392	17.0312
6741.211476	79.406	16.6162
6741.577687	79.411	16.1582
6741.943898	79.406	15.7061
6742.310109	79.393	15.3281
6742.676320	79.391	15.0371
6743.042531	79.407	14.6992
6743.408742	79.419	14.2178
6743.774953	79.408	13.7402
6744.141164	79.394	13.4023
6744.507375	79.398	13.0947
6744.873586	79.407	12.6914
6745.239797	79.404	12.2588
6745.606008	79.396	11.8809
6745.972219	79.391	11.5625
6746.338429	79.397	11.2432
6746.704640	79.406	10.8584
6747.070851	79.406	10.4502
6747.437062	79.405	10.0918
6747.803273	79.412	9.7197
6748.169484	79.413	9.2852
6748.535695	79.404	8.8789
6748.901906	79.395	8.5449
6749.268117	79.393	8.2471
6749.634328	79.400	7.9414
6750.000539	79.411	7.5771
6750.366750	79.418	7.1807
6750.732961	79.425	6.7891
6751.099172	79.432	6.3467
6751.465383	79.428	5.8857
6751.831594	79.419	5.4883
6752.197805	79.413	5.1016
6752.564016	79.403	4.7461
6752.930227	79.404	4.4648
6753.296438	79.421	4.0869
6753.662649	79.420	3.5840
6754.028860	79.400	3.2119
6754.395071	79.400	2.9648
6754.761282	79.417	2.6074
6755.127493	79.421	2.1436
6755.493704	79.408	1.7520
6755.859915	79.405	1.4902
6756.226126	79.427	1.1865
6756.592337	79.446	0.6855
6756.958548	79.433	0.1738
6757.324758	79.417	-0.1377
6757.690969	79.426	-0.4355
6758.057180	79.433	-0.8535
6758.423391	79.427	-1.2227
6758.789602	79.434	-1.5312
6759.155813	79.449	-1.9385
6759.522024	79.449	-2.3926
6759.888235	79.445	-2.7783
6760.254446	79.449	-3.1660
6760.620657	79.448	-3.6055
6760.986868	79.437	-3.9961
6761.353079	79.433	-4.3174
6761.719290	79.437	-4.6797
6762.085501	79.436	-5.0625
6762.451712	79.436	-5.4004
6762.817923	79.445	-5.7793
6763.184134	79.445	-6.2227
6763.550345	79.435	-6.5918
6763.916556	79.437	-6.9023
6764.282767	79.446	-7.2832
6764.648978	79.447	-7.6924
6765.015189	79.447	-8.0674
6765.381400	79.449	-8.4570
6765.747611	79.446	-8.8271
6766.113822	79.452	-9.1465
6766.480033	79.470	-9.5596
6766.846244	79.470	-10.0879
6767.212455	79.449	-10.4922
6767.578666	79.445	-10.7344
6767.944877	79.466	-11.0723
6768.311088	79.475	-11.5645
6768.677298	79.465	-11.9990
6769.043509	79.461	-12.3340
6769.409720	79.467	-12.6973
6769.775931	79.469	-13.0859
6770.142142	79.472	-13.4463
6770.508353	79.482	-13.8418
6770.874564	79.482	-14.2900
6771.240775	79.474	-14.6602
6771.606986	79.480	-14.9707
6771.973197	79.495	-15.4004
6772.339408	79.489	-15.8848
6772.705619	79.475	-16.2305
6773.071830	79.480	-16.5430
6773.438041	79.483	-16.9473
6773.804252	79.477	-17.3018
6774.170463	79.484	-17.6094
6774.536674	79.496	-18.0400
6774.902885	79.486	-18.4902
6775.269096	79.474	-18.7949
6775.635307	79.483	-19.0771
6776.001518	79.497	-19.4766
6776.367729	79.498	-19.9160
6776.733940	79.493	-20.3008
6777.100151	79.494	-20.6641
6777.466362	79.495	-21.0586
6777.832573	79.491	-21.4346
6778.198784	79.494	-21.7617
6778.564995	79.506	-22.1562
6778.931206	79.506	-22.6279
6779.297417	79.494	-22.9922
6779.663628	79.500	-23.2988
6780.029838	79.511	-23.7275
6780.396049	79.504	-24.1465
6780.762260	79.503	-24.4492
6781.128471	79.520	-24.8174
6781.494682	79.527	-25.2754
6781.860893	79.525	-25.6816
6782.227104	79.530	-26.0898
6782.593315	79.526	-26.5342
6782.959526	79.515	-26.8818
6783.325737	79.522	-27.1650
6783.691948	79.540	-27.5684
6784.058159	79.540	-28.0566
6784.424370	79.526	-28.4336
6784.790581	79.529	-28.7246
6785.156792	79.544	-29.1172
6785.523003	79.544	-29.5811
6785.889214	79.535	-29.9600
6786.255425	79.537	-30.3047
6786.621636	79.540	-30.7148
6786.987847	79.532	-31.1055
6787.354058	79.529	-31.4102
6787.720269	79.542	-31.7344
6788.086480	79.555	-32.1699
6788.452691	79.554	-32.6309
6788.818902	79.548	-33.0156
6789.185113	79.551	-33.3896
6789.551324	79.552	-33.8066
6789.917535	79.547	-34.1963
6790.283746	79.547	-34.5488
6790.649957	79.551	-34.9111
6791.016167	79.558	-35.2930
6791.382378	79.565	-35.7285
6791.748589	79.557	-36.1719
6792.114800	79.547	-36.4961
6792.481011	79.556	-36.7949
6792.847222	79.568	-37.2002
6793.213433	79.568	-37.6084
6793.579644	79.572	-37.9824
6793.945855	79.575	-38.3975
6794.312066	79.570	-38.7812
6794.678277	79.570	-39.1104
6795.044488	79.577	-39.4688
6795.410699	79.582	-39.8379
6795.776910	79.591	-40.2246
6796.143121	79.595	-40.6680
6796.509332	79.588	-41.0586
6796.875543	79.591	-41.3789
6797.241754	79.606	-41.7871
6797.607965	79.607	-42.2773
6797.974176	79.594	-42.7070
6798.340387	79.582	-43.0488
6798.706598	79.580	-43.3408
6799.072809	79.591	-43.6455
6799.439020	79.608	-44.0547
6799.805231	79.613	-44.5215
6800.171442	79.610	-44.9434
6800.537653	79.609	-45.3516
6800.903864	79.604	-45.7627
6801.270075	79.599	-46.1211
6801.636286	79.602	-46.4707
6802.002497	79.605	-46.8496
6802.368707	79.608	-47.2109
6802.734918	79.616	-47.6016
6803.101129	79.615	-48.0293
6803.467340	79.610	-48.3594
6803.833551	79.626	-48.6611
6804.199762	79.647	-49.1377
6804.565973	79.640	-49.6523
6804.932184	79.629	-50.0098
6805.298395	79.638	-50.3613
6805.664606	79.641	-50.8174
6806.030817	79.632	-51.2227
6806.397028	79.630	-51.5645
6806.763239	79.631	-51.9453
6807.129450	79.628	-52.2969
6807.495661	79.637	-52.6270
6807.861872	79.650	-53.0781
6808.228083	79.640	-53.5605
6808.594294	79.625	-53.8926
6808.960505	79.629	-54.1797
6809.326716	79.639	-54.5742
6809.692927	79.635	-54.9785
6810.059138	79.635	-55.3047
6810.425349	79.647	-55.6602
6810.791560	79.654	-56.1094
6811.157771	79.648	-56.5303
6811.523982	79.646	-56.8604
6811.890193	79.658	-57.2188
6812.256404	79.667	-57.6680
6812.622615	79.664	-58.1230
6812.988826	79.657	-58.5166
6813.355036	79.655	-58.8652
6813.721247	79.661	-59.2285
6814.087458	79.665	-59.6250
6814.453669	79.666	-59.9980
6814.819880	79.675	-60.3682
6815.186091	79.685	-60.8145
6815.552302	79.680	-61.2617
6815.918513	79.676	-61.6289
6816.284724	79.678	-61.9941
6816.650935	79.680	-62.3652
6817.017146	79.689	-62.7324
6817.383357	79.696	-63.1816
6817.749568	79.685	-63.6133
6818.115779	79.679	-63.9043
6818.481990	79.694	-64.2324
6818.848201	79.701	-64.6777
6819.214412	79.697	-65.0547
6819.580623	79.705	-65.3936
6819.946834	79.715	-65.8340
6820.313045	79.710	-66.2676
6820.679256	79.707	-66.6230
6821.045467	79.711	-66.9941
6821.411678	79.713	-67.3965
6821.777889	79.713	-67.7891
6822.144100	79.711	-68.1602
6822.510311	79.713	-68.4971
6822.876522	79.726	-68.8730
6823.242733	79.733	-69.3408
6823.608944	79.726	-69.7832
6823.975155	79.721	-70.1484
6824.341366	79.722	-70.5264
6824.707576	79.719	-70.9043
6825.073787	79.721	-71.2324
6825.439998	79.734	-71.6113
6825.806209	79.740	-72.0889
6826.172420	79.729	-72.5312
6826.538631	79.718	-72.8477
6826.904842	79.725	-73.1348
6827.271053	79.742	-73.5215
6827.637264	79.747	-73.9844
6828.003475	79.741	-74.3984
6828.369686	79.739	-74.7441
6828.735897	79.748	-75.1035
6829.102108	79.756	-75.5303
6829.468319	79.754	-75.9795
6829.834530	79.746	-76.3643
6830.200741	79.746	-76.6934
6830.566952	79.754	-77.0547
6830.933163	79.761	-77.4531
6831.299374	79.768	-77.8652
6831.665585	79.771	-78.3125
6832.031796	79.767	-78.7314
6832.398007	79.767	-79.1055
6832.764218	79.769	-79.5244
6833.130429	79.763	-79.9297
6833.496640	79.763	-80.2695
6833.862851	79.773	-80.6777
6834.229062	79.768	-81.1416
6834.595273	79.753	-81.4883
6834.961484	79.757	-81.7539
6835.327695	79.776	-82.1152
6835.693906	79.784	-82.5889
6836.060116	79.776	-83.0059
6836.426327	79.779	-83.3164
6836.792538	79.797	-83.7305
6837.158749	79.794	-84.2441
6837.524960	79.778	-84.5898
6837.891171	79.790	-84.8691
6838.257382	79.809	-85.3379
6838.623593	79.801	-85.8262
6838.989804	79.794	-86.1816
6839.356015	79.800	-86.5635
6839.722226	79.799	-86.9844
6840.088437	79.795	-87.3633
6840.454648	79.795	-87.7314
6840.820859	79.796	-88.0879
6841.187070	79.803	-88.4521
6841.553281	79.810	-88.8828
6841.919492	79.804	-89.2969
6842.285703	79.801	-89.6328
6842.651914	79.808	-89.9746
6843.018125	79.817	-90.3672
6843.384336	79.822	-90.7852
6843.750547	79.820	-91.1777
6844.116758	79.825	-91.5215
6844.482969	79.841	-91.9365
6844.849180	79.841	-92.4482
6845.215391	79.823	-92.8398
6845.581602	79.826	-93.1191
6845.947813	79.841	-93.5508
6846.314024	79.828	-94.0273
6846.680235	79.814	-94.2900
6847.046445	79.835	-94.5684
6847.412656	79.851	-95.0723
6847.778867	79.836	-95.5146
6848.145078	79.833	-95.7871
6848.511289	79.851	-96.1543
6848.877500	79.856	-96.6084
6849.243711	79.855	-96.9883
6849.609922	79.864	-97.3848
6849.976133	79.867	-97.8311
6850.342344	79.864	-98.2344
6850.708555	79.866	-98.6309
6851.074766	79.863	-99.0254
6851.440977	79.864	-99.3633
6851.807188	79.876	-99.7363
6852.173399	79.883	-100.1699
6852.539610	79.886	-100.5811
6852.905821	79.893	-101.0312
6853.272032	79.883	-101.5078
6853.638243	79.867	-101.8320
6854.004454	79.878	-102.0967
6854.370665	79.900	-102.5430
6854.736876	79.895	-103.0713
6855.103087	79.876	-103.4668
6855.469298	79.868	-103.7539
6855.835509	79.875	-104.0254
6856.201720	79.896	-104.3691
6856.567931	79.914	-104.8643
6856.934142	79.907	-105.3809
6857.300353	79.892	-105.7559
6857.666564	79.892	-106.0762
6858.032775	79.898	-106.4463
6858.398985	79.903	-106.8252
6858.765196	79.911	-107.2266
6859.131407	79.914	-107.6699
6859.497618	79.909	-108.0781
6859.863829	79.908	-108.4531
6860.230040	79.908	-108.8291
6860.596251	79.910	-109.1836
6860.962462	79.919	-109.5547
6861.328673	79.926	-109.9688
6861.694884	79.932	-110.3828
6862.061095	79.936	-110.8301
6862.427306	79.927	-111.2754
6862.793517	79.919	-111.6045
6863.159728	79.929	-111.9502
6863.525939	79.931	-112.4023
6863.892150	79.921	-112.7637
6864.258361	79.929	-113.0703
6864.624572	79.941	-113.4990
6864.990783	79.938	-113.9121
6865.356994	79.945	-114.2715
6865.723205	79.953	-114.7393
6866.089416	79.941	-115.1738
6866.455627	79.938	-115.4824
6866.821838	79.951	-115.8740
6867.188049	79.950	-116.3242
6867.554260	79.948	-116.7012
6867.920471	79.953	-117.1064
6868.286682	79.948	-117.5293
6868.652893	79.945	-117.8594
6869.019104	79.958	-118.2246
6869.385314	79.963	-118.7051
6869.751525	79.950	-119.1289
6870.117736	79.944	-119.4180
6870.483947	79.961	-119.7275
6870.850158	79.979	-120.1934
6871.216369	79.973	-120.6943
6871.582580	79.959	-121.0547
6871.948791	79.965	-121.3574
6872.315002	79.976	-121.7637
6872.681213	79.975	-122.1924
6873.047424	79.973	-122.5449
6873.413635	79.982	-122.9121
6873.779846	79.987	-123.3359
6874.146057	79.987	-123.7422
6874.512268	79.989	-124.1260
6874.878479	79.992	-124.5332
6875.244690	79.992	-124.9375
6875.610901	79.994	-125.3242
6875.977112	79.997	-125.7402
6876.343323	79.995	-126.1621
6876.709534	79.990	-126.5459
6877.075745	79.990	-126.9141
6877.441956	79.991	-127.2871
6877.808167	79.993	-127.6621
6878.174378	79.996	-128.0381
6878.540589	80.001	-128.4053
6878.906800	80.011	-128.7998
6879.273011	80.018	-129.2529
6879.639222	80.015	-129.6943
6880.005433	80.011	-130.0918
6880.371644	80.009	-130.4805
6880.737854	80.007	-130.8457
6881.104065	80.011	-131.2129
6881.470276	80.011	-131.6016
6881.836487	80.013	-131.9355
6882.202698	80.030	-132.2891
6882.568909	80.044	-132.7852
6882.935120	80.035	-133.2734
6883.301331	80.025	-133.6406
6883.667542	80.026	-133.9961
6884.033753	80.027	-134.3740
6884.399964	80.028	-134.7480
6884.766175	80.029	-135.1318
6885.132386	80.029	-135.4648
6885.498597	80.044	-135.7988
6885.864808	80.061	-136.2822
6886.231019	80.052	-136.7832
6886.597230	80.040	-137.1250
6886.963441	80.047	-137.4551
6887.329652	80.052	-137.8750
6887.695863	80.049	-138.2578
6888.062074	80.055	-138.6094
6888.428285	80.064	-139.0215
6888.794496	80.065	-139.4473
6889.160707	80.066	-139.8389
6889.526918	80.071	-140.2480
6889.893129	80.071	-140.6758
6890.259340	80.069	-141.0781
6890.625551	80.069	-141.4727
6890.991762	80.068	-141.8828
6891.357973	80.064	-142.2676
6891.724183	80.065	-142.6270
6892.090394	80.070	-143.0137
6892.456605	80.071	-143.4258
6892.822816	80.069	-143.8008
6893.189027	80.074	-144.1582
6893.555238	80.082	-144.5645
6893.921449	80.082	-144.9883
6894.287660	80.081	-145.3564
6894.653871	80.090	-145.7070
6895.020082	80.105	-146.1445
6895.386293	80.106	-146.6641
6895.752504	80.088	-147.1055
6896.118715	80.077	-147.3955
6896.484926	80.089	-147.7207
6896.851137	80.096	-148.1680
6897.217348	80.088	-148.5596
6897.583559	80.093	-148.8945
6897.949770	80.101	-149.3320
6898.315981	80.094	-149.7500
6898.682192	80.095	-150.0801
6899.048403	80.107	-150.5059
6899.414614	80.100	-150.9766
6899.780825	80.090	-151.3184
6900.147036	80.096	-151.6719
6900.513247	80.096	-152.0879
6900.879458	80.094	-152.4404
6901.245669	80.103	-152.8066
6901.611880	80.108	-153.2480
6901.978091	80.107	-153.6602
6902.344302	80.109	-154.0723
6902.710513	80.102	-154.5049
6903.076723	80.093	-154.8428
6903.442934	80.100	-155.1553
6903.809145	80.111	-155.5654
6904.175356	80.110	-155.9824
6904.541567	80.110	-156.3398
6904.907778	80.118	-156.7090
6905.273989	80.126	-157.1221
6905.640200	80.129	-157.5400
6906.006411	80.132	-157.9424
6906.372622	80.137	-158.3584
6906.738833	80.138	-158.8066
6907.105044	80.132	-159.2314
6907.471255	80.128	-159.6084
6907.837466	80.127	-160.0000
6908.203677	80.122	-160.3945
6908.569888	80.118	-160.7441
6908.936099	80.122	-161.1045
6909.302310	80.123	-161.4990
6909.668521	80.122	-161.8750
6910.034732	80.125	-162.2598
6910.400943	80.123	-162.6699
6910.767154	80.119	-163.0293
6911.133365	80.124	-163.3770
6911.499576	80.129	-163.7979
6911.865787	80.123	-164.2012
6912.231998	80.123	-164.5234
6912.598209	80.134	-164.8809
6912.964420	80.144	-165.3135
6913.330631	80.146	-165.7402
6913.696842	80.150	-166.1611
6914.063053	80.151	-166.6113
6914.429263	80.145	-167.0547
6914.795474	80.135	-167.4346
6915.161685	80.133	-167.7646
6915.527896	80.140	-168.1191
6915.894107	80.147	-168.5293
6916.260318	80.148	-168.9473
6916.626529	80.149	-169.3574
6916.992740	80.146	-169.7773
6917.358951	80.139	-170.1621
6917.725162	80.136	-170.4961
6918.091373	80.141	-170.8350
6918.457584	80.149	-171.2070
6918.823795	80.157	-171.6211
6919.190006	80.158	-172.0664
6919.556217	80.150	-172.4756
6919.922428	80.147	-172.8135
6920.288639	80.155	-173.1826
6920.654850	80.155	-173.6172
6921.021061	80.146	-173.9766
6921.387272	80.153	-174.2676
6921.753483	80.172	-174.6855
6922.119694	80.170	-175.1934
6922.485905	80.156	-175.5527
6922.852116	80.165	-175.8516
6923.218327	80.179	-176.3125
6923.584538	80.169	-176.7734
6923.950749	80.166	-177.0859
6924.316960	80.184	-177.4805
6924.683171	80.186	-178.0176
6925.049382	80.168	-178.4395
6925.415592	80.166	-178.7637
6925.781803	80.173	-179.1934
6926.148014	80.162	-179.6348
6926.514225	80.152	-179.9492
6926.880436	80.162	179.7305
6927.246647	80.173	179.2969
6927.612858	80.172	178.8574
6927.979069	80.172	178.4551
6928.345280	80.173	178.0225
6928.711491	80.165	177.5996
6929.077702	80.158	177.2490
6929.443913	80.160	176.9004
6929.810124	80.162	176.5215
6930.176335	80.164	176.1680
6930.542546	80.174	175.7949
6930.908757	80.180	175.3633
6931.274968	80.178	174.9570
6931.641179	80.180	174.5762
6932.007390	80.181	174.1719
6932.373601	80.179	173.7988
6932.739812	80.186	173.4414
6933.106023	80.194	173.0156
6933.472234	80.191	172.5723
6933.838445	80.184	172.1855
6934.204656	80.182	171.8320
6934.570867	80.185	171.4648
6934.937078	80.189	171.0625
6935.303289	80.187	170.6523
6935.669500	80.185	170.2803
6936.035711	80.190	169.8984
6936.401922	80.191	169.4531
6936.768132	80.180	169.0449
6937.134343	80.177	168.7500
6937.500554	80.196	168.4004
6937.866765	80.208	167.8701
6938.232976	80.191	167.3711
6938.599187	80.177	167.0586
6938.965398	80.187	166.7363
6939.331609	80.195	166.2910
6939.697820	80.190	165.8652
6940.064031	80.190	165.4902
6940.430242	80.192	165.0928
6940.796453	80.192	164.7012
6941.162664	80.195	164.3086
6941.528875	80.195	163.8984
6941.895086	80.190	163.5371
6942.261297	80.195	163.2080
6942.627508	80.207	162.8223
6942.993719	80.213	162.3867
6943.359930	80.210	161.9492
6943.726141	80.200	161.5898
6944.092352	80.203	161.3193
6944.458563	80.225	160.9551
6944.824774	80.234	160.4512
6945.190985	80.224	160.0342
6945.557196	80.228	159.7012
6945.923407	80.239	159.2520
6946.289618	80.230	158.7812
6946.655829	80.221	158.4375
6947.022040	80.227	158.0820
6947.388251	80.229	157.6543
6947.754461	80.226	157.2715
6948.120672	80.231	156.8945
6948.486883	80.234	156.4590
6948.853094	80.229	156.0459
6949.219305	80.228	155.6641
6949.585516	80.228	155.2539
6949.951727	80.222	154.8633
6950.317938	80.221	154.5234
6950.684149	80.230	154.1436
6951.050360	80.234	153.6855
6951.416571	80.221	153.2617
6951.782782	80.211	152.9668
6952.148993	80.222	152.6934
6952.515204	80.241	152.2871
6952.881415	80.245	151.8262
6953.247626	80.245	151.4355
6953.613837	80.253	151.0205
6953.980048	80.251	150.5508
6954.346259	80.240	150.1641
6954.712470	80.241	149.8398
6955.078681	80.250	149.4277
6955.444892	80.245	148.9814
6955.811103	80.234	148.6426
6956.177314	80.240	148.3516
6956.543525	80.258	147.9629
6956.909736	80.264	147.4805
6957.275947	80.255	147.0430
6957.642158	80.250	146.7012
6958.008369	80.259	146.3359
6958.374580	80.262	145.8965
6958.740791	80.255	145.5039
6959.107001	80.259	145.1660
6959.473212	80.268	144.7510
6959.839423	80.265	144.3145
6960.205634	80.263	143.9609
6960.571845	80.273	143.5762
6960.938056	80.277	143.0977
6961.304267	80.264	142.6650
6961.670478	80.257	142.3379
6962.036689	80.265	142.0000
6962.402900	80.274	141.5615
6962.769111	80.268	141.0996
6963.135322	80.257	140.7295
6963.501533	80.259	140.3955
6963.867744	80.264	139.9961
6964.233955	80.262	139.5977
6964.600166	80.265	139.2305
6964.966377	80.271	138.8184
6965.332588	80.270	138.4004
6965.698799	80.271	138.0000
6966.065010	80.270	137.5703
6966.431221	80.261	137.2109
6966.797432	80.271	136.9199
6967.163643	80.294	136.4629
6967.529854	80.289	135.9053
6967.896065	80.269	135.5312
6968.262276	80.271	135.2500
6968.628487	80.285	134.8584
6968.994698	80.290	134.4229
6969.360909	80.293	133.9980
6969.727120	80.290	133.5576
6970.093331	80.282	133.1699
6970.459541	80.281	132.8359
6970.825752	80.287	132.4531
6971.191963	80.285	132.0498
6971.558174	80.283	131.7109
6971.924385	80.294	131.3682
6972.290596	80.304	130.9297
6972.656807	80.300	130.4766
6973.023018	80.294	130.1133
6973.389229	80.301	129.7461
6973.755440	80.305	129.2852
6974.121651	80.291	128.8613
6974.487862	80.283	128.5742
6974.854073	80.298	128.2559
6975.220284	80.312	127.7803
6975.586495	80.303	127.2910
6975.952706	80.289	126.9375
6976.318917	80.294	126.6328
6976.685128	80.307	126.2207
6977.051339	80.306	125.7549
6977.417550	80.298	125.3691
6977.783761	80.301	125.0176
6978.149972	80.307	124.6104
6978.516183	80.306	124.2051
6978.882394	80.309	123.8164
6979.248605	80.310	123.3906
6979.614816	80.303	123.0059
6979.981027	80.305	122.6992
6980.347238	80.322	122.3223
6980.713449	80.329	121.8438
6981.079660	80.324	121.4004
6981.445870	80.321	120.9990
6981.812081	80.316	120.5938
6982.178292	80.310	120.2285
6982.544503	80.311	119.8955
6982.910714	80.318	119.5156
6983.276925	80.321	119.0957
6983.643136	80.317	118.6982
6984.009347	80.317	118.3320
6984.375558	80.322	117.9551
6984.741769	80.326	117.5410
6985.107980	80.325	117.1230
6985.474191	80.323	116.7373
6985.840402	80.326	116.3672
6986.206613	80.334	115.9668
6986.572824	80.338	115.5254
6986.939035	80.335	115.0938
6987.305246	80.333	114.7070
6987.671457	80.337	114.3047
6988.037668	80.336	113.8516
6988.403879	80.323	113.4668
6988.770090	80.321	113.1934
6989.136301	80.341	112.8516
6989.502512	80.353	112.3730
6989.868723	80.347	111.9287
6990.234934	80.346	111.5703
6990.601145	80.352	111.1973
6990.967356	80.357	110.8086
6991.333567	80.366	110.4102
6991.699778	80.373	109.9570
6992.065989	80.370	109.5195
6992.432200	80.370	109.1270
6992.798410	80.373	108.6797
6993.164621	80.361	108.2451
6993.530832	80.352	107.9297
6993.897043	80.361	107.5947
6994.263254	80.367	107.1572
6994.629465	80.361	106.7490
6994.995676	80.360	106.4004
6995.361887	80.366	106.0273
6995.728098	80.372	105.6113
6996.094309	80.372	105.1807
6996.460520	80.369	104.7773
6996.826731	80.370	104.3936
6997.192942	80.373	103.9668
6997.559153	80.367	103.5410
6997.925364	80.362	103.1758
6998.291575	80.363	102.8008
6998.657786	80.361	102.4131
6999.023997	80.360	102.0742
6999.390208	80.369	101.7188
6999.756419	80.377	101.3008
7000.122630	80.380	100.8896
7000.488841	80.384	100.4785
7000.855052	80.384	100.0449
7001.221263	80.380	99.6602
7001.587474	80.385	99.3076
7001.953685	80.395	98.8857
7002.319896	80.395	98.4258
7002.686107	80.389	98.0156
7003.052318	80.389	97.6270
7003.418529	80.389	97.2129
7003.784739	80.384	96.8105
7004.150950	80.381	96.4414
7004.517161	80.382	96.0820
7004.883372	80.387	95.7217
7005.249583	80.397	95.3301
7005.615794	80.405	94.8701
7005.982005	80.401	94.4102
7006.348216	80.395	94.0215
7006.714427	80.398	93.6328
7007.080638	80.399	93.2109
7007.446849	80.398	92.7988
7007.813060	80.396	92.3828
7008.179271	80.387	91.9980
7008.545482	80.387	91.7012
7008.911693	80.405	91.3418
7009.277904	80.412	90.8525
7009.644115	80.402	90.4531
7010.010326	80.410	90.1406
7010.376537	80.426	89.6875
7010.742748	80.420	89.2012
7011.108959	80.413	88.8389
7011.475170	80.418	88.4551
7011.841381	80.414	88.0410
7012.207592	80.412	87.7158
7012.573803	80.425	87.3340
7012.940014	80.426	86.8574
7013.306225	80.415	86.4883
7013.672436	80.423	86.1445
7014.038647	80.427	85.6699
7014.404858	80.409	85.2695
7014.771069	80.407	85.0234
7015.137279	80.428	84.6602
7015.503490	80.434	84.1543
7015.869701	80.422	83.7383
7016.235912	80.422	83.3945
7016.602123	80.427	82.9883
7016.968334	80.425	82.5664
7017.334545	80.422	82.1807
7017.700756	80.421	81.7969
7018.066967	80.420	81.4277
7018.433178	80.425	81.0801
7018.799389	80.438	80.6836
7019.165600	80.447	80.2168
7019.531811	80.444	79.7432
7019.898022	80.435	79.3340
7020.264233	80.433	78.9883
7020.630444	80.443	78.6133
7020.996655	80.449	78.1621
7021.362866	80.445	77.7305
7021.729077	80.445	77.3633
7022.095288	80.454	76.9629
7022.461499	80.458	76.4932
7022.827710	80.451	76.0508
7023.193921	80.446	75.6680
7023.560132	80.445	75.2891
7023.926343	80.444	74.9111
7024.292554	80.445	74.5586
7024.658765	80.455	74.1885
7025.024976	80.465	73.7422
7025.391187	80.462	73.2676
7025.757398	80.449	72.8906
7026.123608	80.452	72.5908
7026.489819	80.468	72.1875
7026.856030	80.467	71.7012
7027.222241	80.457	71.3486
7027.588452	80.471	71.0186
7027.954663	80.483	70.4912
7028.320874	80.460	70.0117
7028.687085	80.446	69.7764
7029.053296	80.467	69.4775
7029.419507	80.480	68.9961
7029.785718	80.477	68.5645
7030.151929	80.482	68.1436
7030.518140	80.476	67.6660
7030.884351	80.461	67.3086
7031.250562	80.467	66.9980
7031.616773	80.475	66.5547
7031.982984	80.465	66.1484
7032.349195	80.469	65.8457
7032.715406	80.488	65.4102
7033.081617	80.485	64.8809
7033.447828	80.469	64.4932
7033.814039	80.472	64.1758
7034.180250	80.483	63.7412
7034.546461	80.475	63.2617
7034.912672	80.457	62.9326
7035.278883	80.466	62.7070
7035.645094	80.498	62.3164
7036.011305	80.509	61.7422
7036.377516	80.494	61.2656
7036.743727	80.489	60.9258
7037.109938	80.497	60.5195
7037.476148	80.494	60.0713
7037.842359	80.487	59.7031
7038.208570	80.491	59.3418
7038.574781	80.494	58.9297
7038.940992	80.491	58.5488
7039.307203	80.497	58.1934
7039.673414	80.506	57.7656
7040.039625	80.501	57.3203
7040.405836	80.495	56.9736
7040.772047	80.507	56.6328
7041.138258	80.521	56.1543
7041.504469	80.513	55.6523
7041.870680	80.499	55.2734
7042.236891	80.499	54.9385
7042.603102	80.505	54.5527
7042.969313	80.510	54.1426
7043.335524	80.515	53.6992
7043.701735	80.510	53.2334
7044.067946	80.498	52.8535
7044.434157	80.500	52.5371
7044.800368	80.513	52.1426
7045.166579	80.517	51.6895
7045.532790	80.517	51.2676
7045.899001	80.518	50.8330
7046.265212	80.510	50.4062
7046.631423	80.504	50.0771
7046.997634	80.516	49.7373
7047.363845	80.526	49.2910
7047.730056	80.524	48.8633
7048.096267	80.528	48.4727
7048.462478	80.531	48.0234
7048.828688	80.523	47.6035
7049.194899	80.520	47.2627
7049.561110	80.528	46.8789
7049.927321	80.530	46.4590
7050.293532	80.532	46.0605
7050.659743	80.535	45.6191
7051.025954	80.527	45.1797
7051.392165	80.518	44.8320
7051.758376	80.523	44.4902
7052.124587	80.530	44.0879
7052.490798	80.534	43.6543
7052.857009	80.532	43.2051
7053.223220	80.522	42.8076
7053.589431	80.522	42.4805
7053.955642	80.533	42.0859
7054.321853	80.533	41.6240
7054.688064	80.526	41.2539
7055.054275	80.535	40.9141
7055.420486	80.548	40.4453
7055.786697	80.541	39.9512
7056.152908	80.526	39.5967
7056.519119	80.532	39.3242
7056.885330	80.556	38.9375
7057.251541	80.567	38.3906
7057.617752	80.550	37.8965
7057.983963	80.536	37.5977
7058.350174	80.551	37.2910
7058.716385	80.564	36.8193
7059.082596	80.557	36.3633
7059.448807	80.555	36.0098
7059.815017	80.562	35.6035
7060.181228	80.558	35.1621
7060.547439	80.553	34.8223
7060.913650	80.566	34.4727
7061.279861	80.578	33.9746
7061.646072	80.567	33.4697
7062.012283	80.551	33.1074
7062.378494	80.554	32.7793
7062.744705	80.560	32.3535
7063.110916	80.554	31.9121
7063.477127	80.547	31.5498
7063.843338	80.551	31.1914
7064.209549	80.555	30.7793
7064.575760	80.556	30.3594
7064.941971	80.556	29.9336
7065.308182	80.550	29.5195
7065.674393	80.546	29.1738
7066.040604	80.555	28.8125
7066.406815	80.561	28.3721
7066.773026	80.559	27.9717
7067.139237	80.567	27.6025
7067.505448	80.578	27.1328
7067.871659	80.570	26.6650
7068.237870	80.564	26.3145
7068.604081	80.574	25.9531
7068.970292	80.583	25.5020
7069.336503	80.581	25.0488
7069.702714	80.578	24.6348
7070.068925	80.576	24.2373
7070.435136	80.575	23.8398
7070.801347	80.574	23.4414
7071.167557	80.572	23.0508
7071.533768	80.571	22.6553
7071.899979	80.567	22.2764
7072.266190	80.567	21.9355
7072.632401	80.575	21.5664
7072.998612	80.580	21.1523
7073.364823	80.582	20.7480
7073.731034	80.586	20.3193
7074.097245	80.581	19.8740
7074.463456	80.574	19.5195
7074.829667	80.584	19.1777
7075.195878	80.596	18.7109
7075.562089	80.590	18.2266
7075.928300	80.584	17.8379
7076.294511	80.588	17.4316
7076.660722	80.585	16.9746
7077.026933	80.576	16.5791
7077.393144	80.576	16.2256
7077.759355	80.581	15.8242
7078.125566	80.583	15.4180
7078.491777	80.588	15.0254
7078.857988	80.595	14.5723
7079.224199	80.590	14.1250
7079.590410	80.588	13.7598
7079.956621	80.599	13.3516
7080.322832	80.599	12.8555
7080.689043	80.585	12.4492
7081.055254	80.586	12.1416
7081.421465	80.601	11.7432
7081.787676	80.604	11.2510
7082.153886	80.594	10.8125
7082.520097	80.588	10.4580
7082.886308	80.592	10.0908
7083.252519	80.594	9.6650
7083.618730	80.587	9.2656
7083.984941	80.585	8.9258
7084.351152	80.592	8.5527
7084.717363	80.595	8.1465
7085.083574	80.600	7.7637
7085.449785	80.609	7.3184
7085.815996	80.604	6.8311
7086.182207	80.592	6.4473
7086.548418	80.595	6.0938
7086.914629	80.598	5.6562
7087.280840	80.589	5.2559
7087.647051	80.590	4.9297
7088.013262	80.603	4.5469
7088.379473	80.611	4.0879
7088.745684	80.613	3.6172
7089.111895	80.609	3.1504
7089.478106	80.600	2.7100
7089.844317	80.590	2.3174
7090.210528	80.585	1.9746
7090.576739	80.591	1.6338
7090.942950	80.602	1.2090
7091.309161	80.601	0.7266
7091.675372	80.589	0.3262
7092.041583	80.588	-0.0098
7092.407794	80.595	-0.3916
7092.774005	80.597	-0.7949
7093.140216	80.602	-1.1895
7093.506426	80.607	-1.6328
7093.872637	80.601	-2.0605
7094.238848	80.601	-2.4043
7094.605059	80.616	-2.8213
7094.971270	80.614	-3.3457
7095.337481	80.596	-3.7412
7095.703692	80.599	-4.0410
7096.069903	80.611	-4.4727
7096.436114	80.605	-4.9219
7096.802325	80.605	-5.2734
7097.168536	80.615	-5.7002
7097.534747	80.610	-6.1680
7097.900958	80.605	-6.5371
7098.267169	80.611	-6.9395
7098.633380	80.606	-7.3838
7098.999591	80.601	-7.7246
7099.365802	80.612	-8.0957
7099.732013	80.615	-8.5645
7100.098224	80.607	-8.9482
7100.464435	80.616	-9.2979
7100.830646	80.627	-9.7715
7101.196857	80.618	-10.2422
7101.563068	80.611	-10.6064
7101.929279	80.616	-10.9805
7102.295490	80.619	-11.4102
7102.661701	80.617	-11.8281
7103.027912	80.617	-12.2324
7103.394123	80.616	-12.6543
7103.760334	80.611	-13.0576
7104.126545	80.611	-13.4219
7104.492756	80.619	-13.8252
7104.858966	80.620	-14.2910
7105.225177	80.612	-14.7139
7105.591388	80.611	-15.0879
7105.957599	80.615	-15.5078
7106.323810	80.611	-15.9473
7106.690021	80.605	-16.3340
7107.056232	80.605	-16.6973
7107.422443	80.611	-17.0820
7107.788654	80.617	-17.5176
7108.154865	80.615	-17.9570
7108.521076	80.613	-18.3301
7108.887287	80.624	-18.7324
7109.253498	80.627	-19.2422
7109.619709	80.610	-19.6738
7109.985920	80.607	-19.9648
7110.352131	80.625	-20.3643
7110.718342	80.625	-20.8809
7111.084553	80.611	-21.2793
7111.450764	80.613	-21.5977
7111.816975	80.626	-22.0215
7112.183186	80.625	-22.5195
7112.549397	80.611	-22.9336
7112.915608	80.608	-23.2480
7113.281819	80.623	-23.6377
7113.648030	80.625	-24.1641
7114.014241	80.603	-24.5957
7114.380452	80.597	-24.8623
7114.746663	80.616	-25.2402
7115.112874	80.617	-25.7559
7115.479085	80.603	-26.1660
7115.845295	80.603	-26.5186
7116.211506	80.605	-26.9434
7116.577717	80.600	-27.3496
7116.943928	80.600	-27.7148
7117.310139	80.605	-28.1172
7117.676350	80.608	-28.5449
7118.042561	80.608	-28.9961
7118.408772	80.598	-29.4277
7118.774983	80.589	-29.7598
7119.141194	80.598	-30.0840
7119.507405	80.610	-30.5098
7119.873616	80.612	-30.9521
7120.239827	80.614	-31.3701
7120.606038	80.616	-31.8145
7120.972249	80.612	-32.2412
7121.338460	80.611	-32.6445
7121.704671	80.609	-33.0801
7122.070882	80.597	-33.4668
7122.437093	80.597	-33.7627
7122.803304	80.615	-34.1250
7123.169515	80.626	-34.6289
7123.535726	80.617	-35.1299
7123.901937	80.603	-35.5176
7124.268148	80.602	-35.8359
7124.634359	80.615	-36.2188
7125.000570	80.620	-36.7148
7125.366781	80.608	-37.1719
7125.732992	80.601	-37.5137
7126.099203	80.610	-37.9102
7126.465414	80.607	-38.3789
7126.831625	80.598	-38.7480
7127.197835	80.605	-39.1035
7127.564046	80.612	-39.5605
7127.930257	80.606	-39.9941
7128.296468	80.606	-40.3848
7128.662679	80.605	-40.8125
7129.028890	80.601	-41.1895
7129.395101	80.609	-41.5547
7129.761312	80.616	-42.0273
7130.127523	80.606	-42.4668
7130.493734	80.605	-42.8086
7130.859945	80.616	-43.2344
7131.226156	80.610	-43.7070
7131.592367	80.600	-44.0508
7131.958578	80.613	-44.4004
7132.324789	80.624	-44.9102
7132.691000	80.611	-45.4199
7133.057211	80.594	-45.7871
7133.423422	80.593	-46.1328
7133.789633	80.594	-46.5430
7134.155844	80.588	-46.9531
7134.522055	80.582	-47.3184
7134.888266	80.583	-47.6719
7135.254477	80.590	-48.0605
7135.620688	80.596	-48.5059
7135.986899	80.592	-48.9600
7136.353110	80.586	-49.3643
7136.719321	80.585	-49.7529
7137.085532	80.586	-50.1602
7137.451743	80.586	-50.5811
7137.817954	80.584	-51.0088
7138.184164	80.579	-51.4082
7138.550375	80.579	-51.7734
7138.916586	80.584	-52.1621
7139.282797	80.590	-52.5811
7139.649008	80.595	-53.0273
7140.015219	80.591	-53.4980
7140.381430	80.578	-53.8984
7140.747641	80.577	-54.2305
7141.113852	80.584	-54.6318
7141.480063	80.581	-55.0537
7141.846274	80.580	-55.3984
7142.212485	80.591	-55.7949
7142.578696	80.592	-56.2715
7142.944907	80.583	-56.6631
7143.311118	80.590	-57.0234
7143.677329	80.597	-57.5020
7144.043540	80.585	-57.9805
7144.409751	80.572	-58.3320
7144.775962	80.576	-58.6680
7145.142173	80.584	-59.0918
7145.508384	80.583	-59.5469
7145.874595	80.576	-59.9727
7146.240806	80.571	-60.3564
7146.607017	80.573	-60.7236
7146.973228	80.581	-61.1484
7147.339439	80.579	-61.6211
7147.705650	80.570	-62.0361
7148.071861	80.568	-62.4033
7148.438072	80.571	-62.8145
7148.804283	80.567	-63.2344
7149.170494	80.565	-63.6074
7149.536704	80.568	-63.9922
7149.902915	80.568	-64.3936
7150.269126	80.570	-64.7705
7150.635337	80.577	-65.1660
7151.001548	80.581	-65.6133
7151.367759	80.576	-66.0566
7151.733970	80.568	-66.4404
7152.100181	80.569	-66.7793
7152.466392	80.581	-67.1797
7152.832603	80.582	-67.6777
7153.198814	80.567	-68.1191
7153.565025	80.559	-68.4434
7153.931236	80.566	-68.8184
7154.297447	80.565	-69.2754
7154.663658	80.555	-69.6602
7155.029869	80.557	-69.9941
7155.396080	80.569	-70.4160
7155.762291	80.571	-70.9092
7156.128502	80.563	-71.3750
7156.494713	80.554	-71.7930
7156.860924	80.549	-72.2012
7157.227135	80.543	-72.6152
7157.593346	80.535	-72.9961
7157.959557	80.535	-73.3457
7158.325768	80.543	-73.7402
7158.691979	80.547	-74.1914
7159.058190	80.542	-74.6221
7159.424401	80.541	-75.0039
7159.790612	80.548	-75.4043
7160.156823	80.553	-75.8770
7160.523033	80.543	-76.3516
7160.889244	80.529	-76.7041
7161.255455	80.535	-77.0195
7161.621666	80.548	-77.4688
7161.987877	80.540	-77.9453
7162.354088	80.529	-78.2979
7162.720299	80.536	-78.6543
7163.086510	80.538	-79.0918
7163.452721	80.534	-79.4941
7163.818932	80.538	-79.8926
7164.185143	80.535	-80.3574
7164.551354	80.520	-80.7412
7164.917565	80.522	-81.0439
7165.283776	80.537	-81.4736
7165.649987	80.534	-81.9844
7166.016198	80.520	-82.3887
7166.382409	80.518	-82.7578
7166.748620	80.517	-83.1758
7167.114831	80.512	-83.5625
7167.481042	80.515	-83.9277
7167.847253	80.522	-84.3457
7168.213464	80.523	-84.7871
7168.579675	80.521	-85.2236
7168.945886	80.515	-85.6406
7169.312097	80.513	-86.0059
7169.678308	80.520	-86.4004
7170.044519	80.521	-86.8711
7170.410730	80.509	-87.2773
7170.776941	80.509	-87.5801
7171.143152	80.527	-87.9609
7171.509363	80.536	-88.4766
7171.875573	80.526	-88.9805
7172.241784	80.509	-89.3770
7172.607995	80.502	-89.7031
7172.974206	80.507	-90.0547
7173.340417	80.510	-90.4717
7173.706628	80.506	-90.8828
7174.072839	80.503	-91.2568
7174.439050	80.503	-91.6504
7174.805261	80.499	-92.0352
7175.171472	80.501	-92.3809
7175.537683	80.512	-92.7988
7175.903894	80.510	-93.3037
7176.270105	80.493	-93.7168
7176.636316	80.489	-94.0508
7177.002527	80.492	-94.4688
7177.368738	80.482	-94.8887
7177.734949	80.476	-95.2070
7178.101160	80.486	-95.5762
7178.467371	80.486	-96.0254
7178.833582	80.482	-96.4053
7179.199793	80.489	-96.7871
7179.566004	80.493	-97.2656
7179.932215	80.483	-97.7148
7180.298426	80.474	-98.0859
7180.664637	80.472	-98.4551
7181.030848	80.471	-98.8125
7181.397059	80.478	-99.1641
7181.763270	80.490	-99.5771
7182.129481	80.498	-100.0527
7182.495692	80.494	-100.5508
7182.861903	80.478	-100.9951
7183.228113	80.465	-101.3174
7183.594324	80.471	-101.6221
7183.960535	80.483	-102.0332
7184.326746	80.484	-102.4824
7184.692957	80.482	-102.8926
7185.059168	80.484	-103.3154
7185.425379	80.480	-103.7637
7185.791590	80.470	-104.1777
7186.157801	80.461	-104.5312
7186.524012	80.463	-104.8633
7186.890223	80.471	-105.2529
7187.256434	80.472	-105.6914
7187.622645	80.466	-106.0781
7187.988856	80.472	-106.4316
7188.355067	80.484	-106.8691
7188.721278	80.485	-107.3730
7189.087489	80.473	-107.8379
7189.453700	80.462	-108.2402
7189.819911	80.454	-108.6152
7190.186122	80.450	-108.9805
7190.552333	80.449	-109.3555
7190.918544	80.448	-109.7227
7191.284755	80.454	-110.0977
7191.650966	80.460	-110.5400
7192.017177	80.452	-110.9941
7192.383388	80.442	-111.3447
7192.749599	80.449	-111.6846
7193.115810	80.455	-112.1201
7193.482021	80.451	-112.5332
7193.848232	80.454	-112.9014
7194.214442	80.461	-113.3477
7194.580653	80.455	-113.7959
7194.946864	80.451	-114.1631
7195.313075	80.457	-114.5684
7195.679286	80.455	-115.0039
7196.045497	80.453	-115.3965
7196.411708	80.456	-115.8379
7196.777919	80.445	-116.2891
7197.144130	80.434	-116.6270
7197.510341	80.438	-116.9785
7197.876552	80.435	-117.3809
7198.242763	80.433	-117.7031
7198.608974	80.447	-118.0615
7198.975185	80.452	-118.5420
7199.341396	80.441	-118.9395
7199.707607	80.447	-119.2637
7200.073818	80.459	-119.7246
7200.440029	80.448	-120.2090
7200.806240	80.434	-120.5371
7201.172451	80.442	-120.8359
7201.538662	80.458	-121.2598
7201.904873	80.461	-121.7734
7202.271084	80.445	-122.2305
7202.637295	80.432	-122.5508
7203.003506	80.442	-122.8789
7203.369717	80.451	-123.3545
7203.735928	80.440	-123.8203
7204.102139	80.432	-124.1895
7204.468350	80.431	-124.5938
7204.834561	80.421	-124.9893
7205.200772	80.418	-125.2979
7205.566982	80.431	-125.6787
7205.933193	80.433	-126.1455
7206.299404	80.429	-126.5664
7206.665615	80.427	-126.9961
7207.031826	80.415	-127.4082
7207.398037	80.411	-127.7168
7207.764248	80.426	-128.1035
7208.130459	80.427	-128.6143
7208.496670	80.412	-129.0215
7208.862881	80.413	-129.3809
7209.229092	80.412	-129.8271
7209.595303	80.399	-130.2021
7209.961514	80.403	-130.5049
7210.327725	80.417	-130.9375
7210.693936	80.412	-131.4150
7211.060147	80.405	-131.7803
7211.426358	80.414	-132.1680
7211.792569	80.416	-132.6602
7212.158780	80.401	-133.1055
7212.524991	80.391	-133.4473
7212.891202	80.392	-133.7832
7213.257413	80.399	-134.1562
7213.623624	80.407	-134.5762
7213.989835	80.408	-135.0488
7214.356046	80.398	-135.4824
7214.722257	80.392	-135.8418
7215.088468	80.394	-136.2246
7215.454679	80.393	-136.6426
7215.820890	80.389	-137.0430
7216.187101	80.384	-137.4297
7216.553311	80.379	-137.7803
7216.919522	80.386	-138.1143
7217.285733	80.397	-138.5527
7217.651944	80.390	-139.0371
7218.018155	80.375	-139.3877
7218.384366	80.381	-139.6875
7218.750577	80.395	-140.1172
7219.116788	80.392	-140.5977
7219.482999	80.383	-141.0000
7219.849210	80.381	-141.3877
7220.215421	80.375	-141.8008
7220.581632	80.366	-142.1416
7220.947843	80.375	-142.4434
7221.314054	80.393	-142.8887
7221.680265	80.389	-143.4189
7222.046476	80.374	-143.8047
7222.412687	80.380	-144.1523
7222.778898	80.386	-144.6484
7223.145109	80.367	-145.1143
7223.511320	80.356	-145.4307
7223.877531	80.362	-145.8047
7224.243742	80.356	-146.2568
7224.609953	80.343	-146.6182
7224.976164	80.343	-146.9453
7225.342375	80.345	-147.3301
7225.708586	80.344	-147.7246
7226.074797	80.342	-148.1133
7226.441008	80.338	-148.4775
7226.807219	80.344	-148.8281
7227.173430	80.354	-149.2812
7227.539641	80.344	-149.7715
7227.905851	80.328	-150.1143
7228.272062	80.334	-150.4229
7228.638273	80.344	-150.8613
7229.004484	80.339	-151.3115
7229.370695	80.335	-151.7012
7229.736906	80.335	-152.1152
7230.103117	80.329	-152.5234
7230.469328	80.328	-152.8896
7230.835539	80.334	-153.3076
7231.201750	80.330	-153.7549
7231.567961	80.324	-154.1377
7231.934172	80.326	-154.5166
7232.300383	80.327	-154.9346
7232.666594	80.325	-155.3291
7233.032805	80.327	-155.7275
7233.399016	80.326	-156.1523
7233.765227	80.321	-156.5215
7234.131438	80.328	-156.8721
7234.497649	80.340	-157.3242
7234.863860	80.335	-157.8193
7235.230071	80.322	-158.2402
7235.596282	80.314	-158.6006
7235.962493	80.311	-158.9609
7236.328704	80.310	-159.3428
7236.694915	80.306	-159.7344
7237.061126	80.300	-160.0977
7237.427337	80.299	-160.4189
7237.793548	80.308	-160.7715
7238.159759	80.314	-161.2080
7238.525970	80.308	-161.6328
7238.892181	80.306	-161.9824
7239.258391	80.316	-162.3867
7239.624602	80.314	-162.8789
7239.990813	80.299	-163.2852
7240.357024	80.296	-163.6211
7240.723235	80.299	-164.0381
7241.089446	80.290	-164.4629
7241.455657	80.282	-164.8125
7241.821868	80.282	-165.1582
7242.188079	80.285	-165.5293
7242.554290	80.289	-165.9141
7242.920501	80.293	-166.3281
7243.286712	80.295	-166.7471
7243.652923	80.296	-167.1777
7244.019134	80.291	-167.6211
7244.385345	80.282	-168.0020
7244.751556	80.285	-168.3516
7245.117767	80.292	-168.7988
7245.483978	80.283	-169.2812
7245.850189	80.266	-169.6543
7246.216400	80.263	-169.9756
7246.582611	80.265	-170.3525
7246.948822	80.261	-170.7207
7247.315033	80.267	-171.0469
7247.681244	80.284	-171.4688
7248.047455	80.284	-172.0059
7248.413666	80.264	-172.4570
7248.779877	80.252	-172.7773
7249.146088	80.256	-173.1211
7249.512299	80.258	-173.5391
7249.878510	80.252	-173.9512
7250.244720	80.245	-174.3145
7250.610931	80.245	-174.6582
7250.977142	80.249	-175.0254
7251.343353	80.253	-175.4082
7251.709564	80.261	-175.8057
7252.075775	80.269	-176.2686
7252.441986	80.263	-176.7676
7252.808197	80.247	-177.1807
7253.174408	80.240	-177.5127
7253.540619	80.244	-177.8789
7253.906830	80.246	-178.3018
7254.273041	80.241	-178.7188
7254.639252	80.233	-179.0977
7255.005463	80.231	-179.4316
7255.371674	80.242	-179.7822
7255.737885	80.254	179.7500
7256.104096	80.243	179.2432
7256.470307	80.224	178.9004
7256.836518	80.231	178.6309
7257.202729	80.249	178.1797
7257.568940	80.239	177.6514
7257.935151	80.218	177.3066
7258.301362	80.222	177.0156
7258.667573	80.230	176.5918
7259.033784	80.220	176.1699
7259.399995	80.214	175.8555
7259.766206	80.225	175.5156
7260.132417	80.234	175.0625
7260.498628	80.228	174.5957
7260.864839	80.218	174.1934
7261.231050	80.211	173.8105
7261.597260	80.204	173.4287
7261.963471	80.199	173.0859
7262.329682	80.203	172.7148
7262.695893	80.201	172.2725
7263.062104	80.188	171.9023
7263.428315	80.192	171.5947
7263.794526	80.204	171.1543
7264.160737	80.192	170.6797
7264.526948	80.181	170.3750
7264.893159	80.197	170.0488
7265.259370	80.211	169.5312
7265.625581	80.198	169.0117
7265.991792	80.181	168.6309
7266.358003	80.177	168.2988
7266.724214	80.180	167.9316
7267.090425	80.182	167.5234
7267.456636	80.180	167.1348
7267.822847	80.184	166.7676
7268.189058	80.192	166.3184
7268.555269	80.182	165.8369
7268.921480	80.162	165.5020
7269.287691	80.165	165.2490
7269.653902	80.182	164.8906
7270.020113	80.190	164.4385
7270.386324	80.188	163.9863
7270.752535	80.180	163.5576
7271.118746	80.167	163.1934
7271.484957	80.164	162.8945
7271.851168	80.175	162.5439
7272.217379	80.180	162.0918
7272.583589	80.170	161.6582
7272.949800	80.163	161.3145
7273.316011	80.166	160.9531
7273.682222	80.168	160.5391
7274.048433	80.167	160.1387
7274.414644	80.170	159.7090
7274.780855	80.162	159.2246
7275.147066	80.142	158.8340
7275.513277	80.137	158.5508
7275.879488	80.148	158.1729
7276.245699	80.147	157.7012
7276.611910	80.134	157.3105
7276.978121	80.133	156.9814
7277.344332	80.139	156.5996
7277.710543	80.143	156.1924
7278.076754	80.148	155.7773
7278.442965	80.152	155.2959
7278.809176	80.139	154.8066
7279.175387	80.118	154.4492
7279.541598	80.114	154.1836
7279.907809	80.126	153.8574
7280.274020	80.136	153.4531
7280.640231	80.143	153.0234
7281.006442	80.146	152.5527
7281.372653	80.134	152.0977
7281.738864	80.123	151.7500
7282.105075	80.128	151.4082
7282.471286	80.132	150.9639
7282.837497	80.122	150.5195
7283.203708	80.108	150.1641
7283.569919	80.104	149.8438
7283.936129	80.106	149.5117
7284.302340	80.113	149.1494
7284.668551	80.118	148.7422
7285.034762	80.118	148.3330
7285.400973	80.119	147.9258
7285.767184	80.117	147.4990
7286.133395	80.110	147.1162
7286.499606	80.112	146.7676
7286.865817	80.120	146.3330
7287.232028	80.113	145.8691
7287.598239	80.103	145.4961
7287.964450	80.103	145.1152
7288.330661	80.095	144.7031
7288.696872	80.086	144.3789
7289.063083	80.095	144.0586
7289.429294	80.102	143.6172
7289.795505	80.093	143.1914
7290.161716	80.088	142.8691
7290.527927	80.099	142.5156
7290.894138	80.108	142.0459
7291.260349	80.097	141.5625
7291.626560	80.079	141.2100
7291.992771	80.081	140.9160
7292.358982	80.091	140.5176
7292.725193	80.089	140.0752
7293.091404	80.086	139.6836
7293.457615	80.084	139.2549
7293.823826	80.071	138.8535
7294.190037	80.065	138.5557
7294.556248	80.076	138.1973
7294.922458	80.076	137.7695
7295.288669	80.077	137.4180
7295.654880	80.092	136.9805
7296.021091	80.084	136.4316
7296.387302	80.058	136.0820
7296.753513	80.064	135.8408
7297.119724	80.082	135.3848
7297.485935	80.070	134.8994
7297.852146	80.060	134.5918
7298.218357	80.073	134.2188
7298.584568	80.070	133.7412
7298.950779	80.057	133.3906
7299.316990	80.065	133.0615
7299.683201	80.071	132.5957
7300.049412	80.058	132.1670
7300.415623	80.052	131.8311
7300.781834	80.052	131.4482
7301.148045	80.045	131.0732
7301.514256	80.045	130.7441
7301.880467	80.050	130.3682
7302.246678	80.051	129.9688
7302.612889	80.055	129.5684
7302.979100	80.053	129.1113
7303.345311	80.037	128.7090
7303.711522	80.034	128.4102
7304.077733	80.045	128.0156
7304.443944	80.039	127.5391
7304.810155	80.023	127.1895
7305.176366	80.029	126.8750
7305.542577	80.035	126.4277
7305.908788	80.022	125.9980
7306.274998	80.016	125.7051
7306.641209	80.031	125.3535
7307.007420	80.037	124.8457
7307.373631	80.019	124.3926
7307.739842	80.006	124.1045
7308.106053	80.017	123.8145
7308.472264	80.032	123.3857
7308.838475	80.030	122.9180
7309.204686	80.025	122.5254
7309.570897	80.027	122.1289
7309.937108	80.024	121.6934
7310.303319	80.014	121.3262
7310.669530	80.016	121.0000
7311.035741	80.024	120.5898
7311.401952	80.019	120.1641
7311.768163	80.014	119.8115
7312.134374	80.020	119.4434
7312.500585	80.023	119.0078
7312.866796	80.015	118.5967
7313.233007	80.010	118.2539
7313.599218	80.016	117.8955
7313.965429	80.021	117.4570
7314.331640	80.014	117.0225
7314.697851	80.007	116.6680
7315.064062	80.012	116.3008
7315.430273	80.013	115.8564
7315.796484	80.003	115.4395
7316.162695	79.997	115.0732
7316.528906	79.993	114.7090
7316.895117	79.993	114.3604
7317.261328	80.000	113.9805
7317.627538	80.001	113.5488
7317.993749	79.998	113.1484
7318.359960	79.999	112.7480
7318.726171	79.995	112.3047
7319.092382	79.982	111.9512
7319.458593	79.988	111.6582
7319.824804	80.005	111.2227
7320.191015	80.002	110.7051
7320.557226	79.986	110.2988
7320.923437	79.981	109.9629
7321.289648	79.984	109.5723
7321.655859	79.978	109.1562
7322.022070	79.968	108.8027
7322.388281	79.969	108.5098
7322.754492	79.986	108.1455
7323.120703	79.994	107.6445
7323.486914	79.979	107.1748
7323.853125	79.965	106.8535
7324.219336	79.971	106.5361
7324.585547	79.977	106.1289
7324.951758	79.975	105.7129
7325.317969	79.974	105.3379
7325.684180	79.978	104.9492
7326.050391	79.980	104.5127
7326.416602	79.975	104.0605
7326.782813	79.961	103.6543
7327.149024	79.951	103.3281
7327.515235	79.954	103.0137
7327.881446	79.963	102.6309
7328.247657	79.966	102.1992
7328.613867	79.962	101.7773
7328.980078	79.958	101.3848
7329.346289	79.956	101.0107
7329.712500	79.957	100.6152
7330.078711	79.954	100.1953
7330.444922	79.945	99.8223
7330.811133	79.944	99.5059
7331.177344	79.955	99.1279
7331.543555	79.958	98.6748
7331.909766	79.951	98.2627
7332.275977	79.950	97.8867
7332.642188	79.949	97.4600
7333.008399	79.937	97.0605
7333.374610	79.931	96.7539
7333.740821	79.939	96.4199
7334.107032	79.945	96.0020
7334.473243	79.942	95.6055
7334.839454	79.945	95.2344
7335.205665	79.948	94.8164
7335.571876	79.944	94.4160
7335.938087	79.947	94.0664
7336.304298	79.961	93.6289
7336.670509	79.958	93.0859
7337.036720	79.932	92.6543
7337.402931	79.919	92.4004
7337.769142	79.933	92.0850
7338.135353	79.939	91.6074
7338.501564	79.924	91.1904
7338.867775	79.920	90.9043
7339.233986	79.935	90.5322
7339.600197	79.937	90.0410
7339.966407	79.921	89.6406
7340.332618	79.920	89.3389
7340.698829	79.932	88.9492
7341.065040	79.931	88.4785
7341.431251	79.920	88.0742
7341.797462	79.916	87.7275
7342.163673	79.918	87.3555
7342.529884	79.920	86.9688
7342.896095	79.923	86.5723
7343.262306	79.926	86.1367
7343.628517	79.921	85.6963
7343.994728	79.914	85.2871
7344.360939	79.906	84.8965
7344.727150	79.899	84.5312
7345.093361	79.897	84.1865
7345.459572	79.898	83.8340
7345.825783	79.902	83.4775
7346.191994	79.911	83.0742
7346.558205	79.910	82.5957
7346.924416	79.893	82.2109
7347.290627	79.891	81.9668
7347.656838	79.915	81.5947
7348.023049	79.916	81.0605
7348.389260	79.895	80.6885
7348.755471	79.902	80.4414
7349.121682	79.924	79.9824
7349.487893	79.912	79.4414
7349.854104	79.890	79.1094
7350.220315	79.892	78.8359
7350.586526	79.900	78.4668
7350.952736	79.906	78.0801
7351.318947	79.913	77.6172
7351.685158	79.898	77.1230
7352.051369	79.877	76.8145
7352.417580	79.886	76.5371
7352.783791	79.893	76.0781
7353.150002	79.879	75.6719
7353.516213	79.879	75.3857
7353.882424	79.894	74.9629
7354.248635	79.889	74.4775
7354.614846	79.881	74.0938
7354.981057	79.883	73.6826
7355.347268	79.873	73.2334
7355.713479	79.860	72.8867
7356.079690	79.862	72.5771
7356.445901	79.871	72.1953
7356.812112	79.876	71.7568
7357.178323	79.873	71.3184
7357.544534	79.867	70.9297
7357.910745	79.869	70.5547
7358.276956	79.870	70.1289
7358.643167	79.863	69.7227
7359.009378	79.860	69.3867
7359.375589	79.868	69.0039
7359.741800	79.866	68.5645
7360.108011	79.857	68.2051
7360.474222	79.863	67.8652
7360.840433	79.866	67.4229
7361.206644	79.851	67.0400
7361.572855	79.851	66.7969
7361.939066	79.874	66.4404
7362.305276	79.882	65.9375
7362.671487	79.873	65.5146
7363.037698	79.874	65.1406
7363.403909	79.874	64.6953
7363.770120	79.863	64.2988
7364.136331	79.860	63.9492
7364.502542	79.860	63.5410
7364.868753	79.850	63.1660
7365.234964	79.849	62.8574
7365.601175	79.860	62.4727
7365.967386	79.860	62.0293
7366.333597	79.856	61.6328
7366.699808	79.857	61.2236
7367.066019	79.851	60.7754
7367.432230	79.835	60.4082
7367.798441	79.834	60.1201
7368.164652	79.847	59.7520
7368.530863	79.853	59.2676
7368.897074	79.840	58.8066
7369.263285	79.826	58.4502
7369.629496	79.824	58.1299
7369.995707	79.829	57.7695
7370.361918	79.835	57.3584
7370.728129	79.834	56.9102
7371.094340	79.823	56.4922
7371.460551	79.814	56.1719
7371.826762	79.822	55.8574
7372.192973	79.833	55.4316
7372.559184	79.830	54.9844
7372.925395	79.827	54.6074
7373.291606	79.830	54.2070
7373.657816	79.826	53.7852
7374.024027	79.821	53.4355
7374.390238	79.828	53.0684
7374.756449	79.829	52.6250
7375.122660	79.821	52.2373
7375.488871	79.822	51.8770
7375.855082	79.821	51.4639
7376.221293	79.813	51.1094
7376.587504	79.820	50.7793
7376.953715	79.826	50.3252
7377.319926	79.810	49.9102
7377.686137	79.803	49.6709
7378.052348	79.828	49.3613
7378.418559	79.846	48.8418
7378.784770	79.839	48.3047
7379.150981	79.822	47.8672
7379.517192	79.807	47.4922
7379.883403	79.798	47.1660
7380.249614	79.800	46.8535
7380.615825	79.810	46.4688
7380.982036	79.812	46.0098
7381.348247	79.802	45.5859
7381.714458	79.797	45.2227
7382.080669	79.797	44.8340
7382.446880	79.793	44.4336
7382.813091	79.789	44.0752
7383.179302	79.791	43.7090
7383.545513	79.793	43.3086
7383.911724	79.794	42.9082
7384.277935	79.794	42.4971
7384.644145	79.789	42.0850
7385.010356	79.784	41.6992
7385.376567	79.779	41.3213
7385.742778	79.773	40.9785
7386.108989	79.776	40.6592
7386.475200	79.785	40.2656
7386.841411	79.785	39.8496
7387.207622	79.786	39.4844
7387.573833	79.796	39.0430
7387.940044	79.786	38.5312
7388.306255	79.760	38.1680
7388.672466	79.756	37.9336
7389.038677	79.773	37.5918
7389.404888	79.778	37.1201
7389.771099	79.768	36.6992
7390.137310	79.763	36.3711
7390.503521	79.772	36.0000
7390.869732	79.776	35.5430
7391.235943	79.765	35.1113
7391.602154	79.757	34.7734
7391.968365	79.765	34.4307
7392.334576	79.773	33.9824
7392.700787	79.765	33.5088
7393.066998	79.750	33.1543
7393.433209	79.751	32.8486
7393.799420	79.760	32.4512
7394.165631	79.758	32.0332
7394.531842	79.756	31.6738
7394.898053	79.763	31.2891
7395.264264	79.766	30.8447
7395.630475	79.760	30.4062
7395.996685	79.749	30.0264
7396.362896	79.746	29.7207
7396.729107	79.758	29.3730
7397.095318	79.766	28.9023
7397.461529	79.755	28.4688
7397.827740	79.752	28.1406
7398.193951	79.763	27.7402
7398.560162	79.759	27.2568
7398.926373	79.743	26.8691
7399.292584	79.740	26.5635
7399.658795	79.747	26.1973
7400.025006	79.749	25.7783
7400.391217	79.744	25.3877
7400.757428	79.744	25.0244
7401.123639	79.748	24.6318
7401.489850	79.747	24.2090
7401.856061	79.742	23.8057
7402.222272	79.737	23.4258
7402.588483	79.733	23.0586
7402.954694	79.733	22.6992
7403.320905	79.736	22.3027
7403.687116	79.731	21.8828
7404.053327	79.723	21.5312
7404.419538	79.726	21.1895
7404.785749	79.728	20.7715
7405.151960	79.718	20.4043
7405.518171	79.723	20.1094
7405.884382	79.741	19.6855
7406.250593	79.737	19.1680
7406.616804	79.721	18.7832
7406.983014	79.723	18.4570
7407.349225	79.729	18.0273
7407.715436	79.722	17.5771
7408.081647	79.711	17.1875
7408.447858	79.703	16.8398
7408.814069	79.701	16.5195
7409.180280	79.708	16.1738
7409.546491	79.716	15.7715
7409.912702	79.720	15.3418
7410.278913	79.720	14.8955
7410.645124	79.712	14.4570
7411.011335	79.702	14.0664
7411.377546	79.694	13.7109
7411.743757	79.691	13.3691
7412.109968	79.693	13.0312
7412.476179	79.699	12.6562
7412.842390	79.704	12.2461
7413.208601	79.706	11.8145
7413.574812	79.701	11.3672
7413.941023	79.689	10.9707
7414.307234	79.683	10.6377
7414.673445	79.686	10.2773
7415.039656	79.686	9.8955
7415.405867	79.692	9.5205
7415.772078	79.701	9.0566
7416.138289	79.688	8.5479
7416.504500	79.664	8.2051
7416.870711	79.664	7.9756
7417.236922	79.685	7.6113
7417.603133	79.692	7.1133
7417.969344	79.682	6.6621
7418.335554	79.672	6.2832
7418.701765	79.667	5.9297
7419.067976	79.667	5.6035
7419.434187	79.678	5.2363
7419.800398	79.683	4.7734
7420.166609	79.673	4.3242
7420.532820	79.660	3.9707
7420.899031	79.657	3.6523
7421.265242	79.662	3.3223
7421.631453	79.673	2.9414
7421.997664	79.678	2.4746
7422.363875	79.667	2.0195
7422.730086	79.656	1.6689
7423.096297	79.658	1.3262
7423.462508	79.661	0.8965
7423.828719	79.651	0.4746
7424.194930	79.643	0.1514
7424.561141	79.653	-0.1904
7424.927352	79.659	-0.6562
7425.293563	79.649	-1.0908
7425.659774	79.648	-1.4297
7426.025985	79.659	-1.8730
7426.392196	79.648	-2.3945
7426.758407	79.625	-2.7480
7427.124618	79.625	-3.0117
7427.490829	79.639	-3.3906
7427.857040	79.641	-3.8438
7428.223251	79.634	-4.2578
7428.589462	79.628	-4.6025
7428.955673	79.634	-4.9258
7429.321883	79.647	-5.3350
7429.688094	79.647	-5.8066
7430.054305	79.639	-6.2168
7430.420516	79.633	-6.5889
7430.786727	79.627	-6.9395
7431.152938	79.630	-7.2627
7431.519149	79.638	-7.6621
7431.885360	79.632	-8.0908
7432.251571	79.626	-8.4121
7432.617782	79.637	-8.7598
7432.983993	79.641	-9.2188
7433.350204	79.634	-9.6387
7433.716415	79.632	-10.0361
7434.082626	79.624	-10.4785
7434.448837	79.609	-10.8506
7434.815048	79.604	-11.1660
7435.181259	79.606	-11.5303
7435.547470	79.607	-11.9141
7435.913681	79.610	-12.3223
7436.279892	79.605	-12.7793
7436.646103	79.591	-13.1602
7437.012314	79.589	-13.4766
7437.378525	79.596	-13.8691
7437.744736	79.593	-14.3047
7438.110947	79.586	-14.6934
7438.477158	79.584	-15.0615
7438.843369	79.584	-15.4434
7439.209580	79.584	-15.8438
7439.575791	79.577	-16.2373
7439.942002	79.570	-16.5449
7440.308213	79.585	-16.8408
7440.674423	79.605	-17.3105
7441.040634	79.596	-17.8506
7441.406845	79.574	-18.2012
7441.773056	79.578	-18.4766
7442.139267	79.589	-18.9004
7442.505478	79.581	-19.3311
7442.871689	79.577	-19.6523
7443.237900	79.588	-20.0430
7443.604111	79.585	-20.5176
7443.970322	79.571	-20.8867
7444.336533	79.573	-21.2090
7444.702744	79.580	-21.6465
7445.068955	79.568	-22.1064
7445.435166	79.550	-22.4463
7445.801377	79.548	-22.7246
7446.167588	79.558	-23.0771
7446.533799	79.560	-23.5039
7446.900010	79.554	-23.8857
7447.266221	79.556	-24.2285
7447.632432	79.564	-24.6377
7447.998643	79.563	-25.0918
7448.364854	79.556	-25.5137
7448.731065	79.548	-25.9004
7449.097276	79.544	-26.2520
7449.463487	79.548	-26.6211
7449.829698	79.550	-27.0625
7450.195909	79.541	-27.4746
7450.562120	79.537	-27.8184
7450.928331	79.542	-28.2031
7451.294542	79.540	-28.6211
7451.660753	79.539	-28.9980
7452.026963	79.542	-29.4180
7452.393174	79.534	-29.8457
7452.759385	79.527	-30.1621
7453.125596	79.542	-30.5098
7453.491807	79.550	-31.0273
7453.858018	79.532	-31.5010
7454.224229	79.518	-31.8047
7454.590440	79.525	-32.1338
7454.956651	79.530	-32.5703
7455.322862	79.522	-32.9932
7455.689073	79.514	-33.3594
7456.055284	79.511	-33.7070
7456.421495	79.513	-34.0605
7456.787706	79.516	-34.4609
7457.153917	79.511	-34.8760
7457.520128	79.503	-35.2334
7457.886339	79.502	-35.5576
7458.252550	79.508	-35.9004
7458.618761	79.518	-36.2803
7458.984972	79.527	-36.7500
7459.351183	79.517	-37.2520
7459.717394	79.496	-37.6133
7460.083605	79.495	-37.8906
7460.449816	79.504	-38.2773
7460.816027	79.499	-38.6895
7461.182238	79.498	-39.0205
7461.548449	79.509	-39.4121
7461.914660	79.509	-39.8809
7462.280871	79.499	-40.2773
7462.647082	79.498	-40.6475
7463.013292	79.494	-41.0430
7463.379503	79.490	-41.3867
7463.745714	79.500	-41.7598
7464.111925	79.501	-42.2402
7464.478136	79.485	-42.6523
7464.844347	79.480	-42.9648
7465.210558	79.484	-43.3691
7465.576769	79.471	-43.7793
7465.942980	79.463	-44.0469
7466.309191	79.480	-44.3750
7466.675402	79.485	-44.8789
7467.041613	79.465	-45.2891
7467.407824	79.461	-45.5410
7467.774035	79.481	-45.9131
7468.140246	79.484	-46.4395
7468.506457	79.464	-46.8662
7468.872668	79.456	-47.1680
7469.238879	79.463	-47.5127
7469.605090	79.469	-47.9209
7469.971301	79.472	-48.3584
7470.337512	79.467	-48.8223
7470.703723	79.453	-49.2266
7471.069934	79.448	-49.5488
7471.436145	79.456	-49.9434
7471.802356	79.448	-50.3994
7472.168567	79.432	-50.7168
7472.534778	79.441	-50.9785
7472.900989	79.459	-51.4121
7473.267200	79.452	-51.8828
7473.633411	79.445	-52.1992
7473.999622	79.461	-52.5527
7474.365832	79.467	-53.0488
7474.732043	79.454	-53.4746
7475.098254	79.452	-53.8262
7475.464465	79.451	-54.2461
7475.830676	79.438	-54.6289
7476.196887	79.436	-54.9189
7476.563098	79.448	-55.3125
7476.929309	79.441	-55.7773
7477.295520	79.425	-56.1230
7477.661731	79.426	-56.4189
7478.027942	79.432	-56.8066
7478.394153	79.428	-57.2246
7478.760364	79.419	-57.5889
7479.126575	79.416	-57.9023
7479.492786	79.425	-58.2344
7479.858997	79.436	-58.6797
7480.225208	79.429	-59.1602
7480.591419	79.416	-59.5352
7480.957630	79.416	-59.8750
7481.323841	79.419	-60.2852
7481.690052	79.414	-60.6973
7482.056263	79.410	-61.0781
7482.422474	79.407	-61.4746
7482.788685	79.399	-61.8496
7483.154896	79.396	-62.1719
7483.521107	79.405	-62.5186
7483.887318	79.413	-62.9434
7484.253529	79.410	-63.3828
7484.619740	79.404	-63.7549
7484.985951	79.407	-64.1211
7485.352161	79.409	-64.5586
7485.718372	79.398	-64.9648
7486.084583	79.395	-65.2803
7486.450794	79.404	-65.6582
7486.817005	79.402	-66.1094
7487.183216	79.392	-66.4785
7487.549427	79.394	-66.8320
7487.915638	79.392	-67.2695
7488.281849	79.378	-67.6406
7488.648060	79.376	-67.9238
7489.014271	79.388	-68.2930
7489.380482	79.388	-68.7393
7489.746693	79.380	-69.1250
7490.112904	79.380	-69.4707
7490.479115	79.385	-69.8594
7490.845326	79.386	-70.2891
7491.211537	79.380	-70.7061
7491.577748	79.375	-71.0781
7491.943959	79.378	-71.4668
7492.310170	79.375	-71.9219
7492.676381	79.358	-72.3223
7493.042592	79.351	-72.6035
7493.408803	79.363	-72.9463
7493.775014	79.365	-73.4199
7494.141225	79.349	-73.8105
7494.507436	79.345	-74.0869
7494.873647	79.356	-74.4531
7495.239858	79.354	-74.8691
7495.606069	79.352	-75.1992
7495.972280	79.366	-75.5771
7496.338491	79.367	-76.0723
7496.704701	79.351	-76.4932
7497.070912	79.341	-76.8115
7497.437123	79.341	-77.1465
7497.803334	79.343	-77.4961
7498.169545	79.348	-77.8730
7498.535756	79.348	-78.2881
7498.901967	79.343	-78.6699
7499.268178	79.345	-79.0342
7499.634389	79.346	-79.4482
7500.000600	79.341	-79.8477
7500.366811	79.340	-80.2256
7500.733022	79.337	-80.6445
7501.099233	79.326	-81.0098
7501.465444	79.329	-81.3047
7501.831655	79.345	-81.7266
7502.197866	79.338	-82.2441
7502.564077	79.316	-82.5918
7502.930288	79.323	-82.8516
7503.296499	79.340	-83.3125
7503.662710	79.327	-83.8223
7504.028921	79.310	-84.1426
7504.395132	79.317	-84.4854
7504.761343	79.312	-84.9316
7505.127554	79.298	-85.2510
7505.493765	79.306	-85.5527
7505.859976	79.311	-85.9805
7506.226187	79.304	-86.3379
7506.592398	79.316	-86.6660
7506.958609	79.325	-87.1680
7507.324820	79.306	-87.6309
7507.691031	79.293	-87.9209
7508.057241	79.299	-88.2539
7508.423452	79.298	-88.6357
7508.789663	79.300	-88.9697
7509.155874	79.311	-89.3672
7509.522085	79.310	-89.8271
7509.888296	79.301	-90.2129
7510.254507	79.301	-90.5547
7510.620718	79.306	-90.9375
7510.986929	79.309	-91.3535
7511.353140	79.308	-91.7812
7511.719351	79.303	-92.2031
7512.085562	79.294	-92.6025
7512.451773	79.285	-92.9609
7512.817984	79.284	-93.2988
7513.184195	79.285	-93.6895
7513.550406	79.274	-94.0713
7513.916617	79.268	-94.3496
7514.282828	79.281	-94.6592
7514.649039	79.288	-95.0986
7515.015250	79.278	-95.4863
7515.381461	79.280	-95.7842
7515.747672	79.294	-96.1855
7516.113883	79.291	-96.6572
7516.480094	79.280	-97.0469
7516.846305	79.275	-97.4150
7517.212516	79.267	-97.7793
7517.578727	79.265	-98.0898
7517.944938	79.274	-98.4629
7518.311149	79.272	-98.9258
7518.677360	79.257	-99.3076
7519.043570	79.254	-99.6270
7519.409781	79.255	-100.0127
7519.775992	79.248	-100.3887
7520.142203	79.247	-100.7305
7520.508414	79.249	-101.1172
7520.874625	79.247	-101.5020
7521.240836	79.248	-101.8711
7521.607047	79.250	-102.2812
7521.973258	79.245	-102.6963
7522.339469	79.239	-103.0859
7522.705680	79.230	-103.4463
7523.071891	79.229	-103.7441
7523.438102	79.243	-104.0947
7523.804313	79.249	-104.5625
7524.170524	79.239	-104.9785
7524.536735	79.235	-105.3174
7524.902946	79.237	-105.6895
7525.269157	79.235	-106.0518
7525.635368	79.241	-106.3965
7526.001579	79.248	-106.8164
7526.367790	79.244	-107.2402
7526.734001	79.240	-107.6211
7527.100212	79.237	-108.0059
7527.466423	79.234	-108.3633
7527.832634	79.239	-108.7412
7528.198845	79.235	-109.1973
7528.565056	79.216	-109.5547
7528.931267	79.215	-109.7871
7529.297478	79.236	-110.1504
7529.663689	79.239	-110.6445
7530.029900	79.228	-111.0586
7530.396110	79.224	-111.4209
7530.762321	79.222	-111.8086
7531.128532	79.219	-112.1807
7531.494743	79.220	-112.5664
7531.860954	79.216	-112.9814
7532.227165	79.209	-113.3398
7532.593376	79.212	-113.6973
7532.959587	79.211	-114.1445
7533.325798	79.193	-114.5371
7533.692009	79.182	-114.7803
7534.058220	79.195	-115.0449
7534.424431	79.211	-115.4424
7534.790642	79.215	-115.8887
7535.156853	79.208	-116.2939
7535.523064	79.203	-116.6230
7535.889275	79.213	-116.9492
7536.255486	79.226	-117.3906
7536.621697	79.219	-117.8691
7536.987908	79.206	-118.2334
7537.354119	79.205	-118.5801
7537.720330	79.201	-118.9775
7538.086541	79.192	-119.3135
7538.452752	79.196	-119.6338
7538.818963	79.200	-120.0352
7539.185174	79.194	-120.4199
7539.551385	79.193	-120.7646
7539.917596	79.194	-121.1426
7540.283807	79.192	-121.5195
7540.650018	79.192	-121.8789
7541.016229	79.192	-122.2676
7541.382439	79.189	-122.6328
7541.748650	79.191	-122.9707
7542.114861	79.198	-123.3535
7542.481072	79.202	-123.7656
7542.847283	79.204	-124.1855
7543.213494	79.201	-124.6191
7543.579705	79.191	-125.0215
7543.945916	79.183	-125.3730
7544.312127	79.180	-125.7129
7544.678338	79.179	-126.0586
7545.044549	79.181	-126.4004
7545.410760	79.187	-126.7568
7545.776971	79.194	-127.1777
7546.143182	79.187	-127.6240
7546.509393	79.173	-127.9746
7546.875604	79.174	-128.2676
7547.241815	79.181	-128.6562
7547.608026	79.174	-129.0703
7547.974237	79.167	-129.3799
7548.340448	79.177	-129.6973
7548.706659	79.186	-130.1289
7549.072870	79.181	-130.5684
7549.439081	79.173	-130.9395
7549.805292	79.173	-131.2812
7550.171503	79.180	-131.6602
7550.537714	79.180	-132.0957
7550.903925	79.172	-132.4922
7551.270136	79.171	-132.8301
7551.636347	79.177	-133.2207
7552.002558	79.173	-133.6367
7552.368769	79.169	-133.9805
7552.734979	79.177	-134.3477
7553.101190	79.177	-134.7930
7553.467401	79.165	-135.1650
7553.833612	79.164	-135.4561
7554.199823	79.175	-135.8047
7554.566034	79.181	-136.2031
7554.932245	79.186	-136.6172
7555.298456	79.184	-137.0850
7555.664667	79.163	-137.4980
7556.030878	79.147	-137.7480
7556.397089	79.156	-138.0000
7556.763300	79.165	-138.3906
7557.129511	79.159	-138.7695
7557.495722	79.159	-139.0586
7557.861933	79.173	-139.4209
7558.228144	79.175	-139.8789
7558.594355	79.163	-140.2822
7558.960566	79.156	-140.6152
7559.326777	79.155	-140.9414
7559.692988	79.161	-141.2832
7560.059199	79.169	-141.6895
7560.425410	79.167	-142.1436
7560.791621	79.156	-142.5332
7561.157832	79.152	-142.8662
7561.524043	79.156	-143.2285
7561.890254	79.160	-143.6318
7562.256465	79.160	-144.0645
7562.622676	79.152	-144.4863
7562.988887	79.143	-144.8525
7563.355098	79.137	-145.1934
7563.721308	79.134	-145.5127
7564.087519	79.141	-145.8066
7564.453730	79.158	-146.1992
7564.819941	79.158	-146.6641
7565.186152	79.149	-147.0156
7565.552363	79.158	-147.3477
7565.918574	79.164	-147.7842
7566.284785	79.156	-148.1641
7566.650996	79.161	-148.4766
7567.017207	79.174	-148.8994
7567.383418	79.171	-149.3574
7567.749629	79.166	-149.7490
7568.115840	79.164	-150.1719
7568.482051	79.149	-150.5859
7568.848262	79.135	-150.8711
7569.214473	79.141	-151.1445
7569.580684	79.151	-151.5381
7569.946895	79.145	-151.9590
7570.313106	79.134	-152.2754
7570.679317	79.140	-152.5381
7571.045528	79.159	-152.9023
7571.411739	79.166	-153.3799
7571.777950	79.156	-153.8027
7572.144161	79.151	-154.1328
7572.510372	79.157	-154.5039
7572.876583	79.155	-154.9180
7573.242794	79.147	-155.2666
7573.609005	79.150	-155.5781
7573.975216	79.160	-155.9609
7574.341427	79.160	-156.3896
7574.707638	79.152	-156.7725
7575.073848	79.149	-157.1143
7575.440059	79.149	-157.4629
7575.806270	79.149	-157.8086
7576.172481	79.153	-158.1553
7576.538692	79.158	-158.5322
7576.904903	79.160	-158.9170
7577.271114	79.162	-159.2939
7577.637325	79.165	-159.7021
7578.003536	79.162	-160.1162
7578.369747	79.157	-160.4863
7578.735958	79.158	-160.8701
7579.102169	79.152	-161.2822
7579.468380	79.142	-161.6387
7579.834591	79.141	-161.9619
7580.200802	79.143	-162.3242
7580.567013	79.141	-162.6885
7580.933224	79.143	-163.0508
7581.299435	79.142	-163.4395
7581.665646	79.137	-163.7979
7582.031857	79.138	-164.1230
7582.398068	79.144	-164.4883
7582.764279	79.146	-164.8701
7583.130490	79.149	-165.2383
7583.496701	79.154	-165.6396
7583.862912	79.151	-166.0518
7584.229123	79.146	-166.4111
7584.595334	79.149	-166.7568
7584.961545	79.152	-167.1523
7585.327756	79.148	-167.5459
7585.693967	79.144	-167.8623
7586.060178	79.156	-168.1836
7586.426388	79.169	-168.6279
7586.792599	79.163	-169.0879
7587.158810	79.155	-169.4482
7587.525021	79.156	-169.8105
7587.891232	79.152	-170.2012
7588.257443	79.147	-170.5244
7588.623654	79.153	-170.8516
7588.989865	79.157	-171.2500
7589.356076	79.152	-171.5938
7589.722287	79.161	-171.9004
7590.088498	79.176	-172.3271
7590.454709	79.169	-172.7832
7590.820920	79.160	-173.1084
7591.187131	79.168	-173.4277
7591.553342	79.174	-173.8311
7591.919553	79.173	-174.1846
7592.285764	79.188	-174.5400
7592.651975	79.200	-175.0674
7593.018186	79.178	-175.5791
7593.384397	79.155	-175.8672
7593.750608	79.159	-176.1328
7594.116819	79.164	-176.5166
7594.483030	79.160	-176.8662
7594.849241	79.167	-177.1982
7595.215452	79.171	-177.6133
7595.581663	79.166	-177.9883
7595.947874	79.171	-178.3164
7596.314085	79.179	-178.7461
7596.680296	79.170	-179.1738
7597.046507	79.166	-179.4854
7597.412717	79.176	-179.8545
7597.778928	79.175	179.6895
7598.145139	79.162	179.3291
7598.511350	79.163	179.0410
7598.877561	79.174	178.6826
7599.243772	79.181	178.2529
7599.609983	79.175	177.8252
7599.976194	79.165	177.4824
7600.342405	79.169	177.1973
7600.708616	79.185	176.8096
7601.074827	79.184	176.3535
7601.441038	79.176	175.9941
7601.807249	79.180	175.6592
7602.173460	79.183	175.2676
7602.539671	79.182	174.9180
7602.905882	79.191	174.5498
7603.272093	79.191	174.0996
7603.638304	79.177	173.7490
7604.004515	79.181	173.4912
7604.370726	79.197	173.1172
7604.736937	79.200	172.6787
7605.103148	79.196	172.2939
7605.469359	79.194	171.9209
7605.835570	79.190	171.5820
7606.201781	79.197	171.2627
7606.567992	79.206	170.8447
7606.934203	79.198	170.4229
7607.300414	79.190	170.1201
7607.666625	79.200	169.7979
7608.032836	79.207	169.3838
7608.399047	79.205	168.9795
7608.765257	79.202	168.5850
7609.131468	79.193	168.2031
7609.497679	79.185	167.9082
7609.863890	79.194	167.6230
7610.230101	79.208	167.2432
7610.596312	79.214	166.8311
7610.962523	79.220	166.4150
7611.328734	79.221	165.9473
7611.694945	79.207	165.5312
7612.061156	79.201	165.2305
7612.427367	79.213	164.8701
7612.793578	79.215	164.4043
7613.159789	79.203	164.0166
7613.526000	79.202	163.7002
7613.892211	79.207	163.3164
7614.258422	79.204	162.9268
7614.624633	79.202	162.5938
7614.990844	79.207	162.2549
7615.357055	79.213	161.9062
7615.723266	79.224	161.5312
7616.089477	79.231	161.0898
7616.455688	79.225	160.6826
7616.821899	79.225	160.3467
7617.188110	79.233	159.9639
7617.554321	79.231	159.5498
7617.920532	79.227	159.2061
7618.286743	79.233	158.8770
7618.652954	79.243	158.4805
7619.019165	79.244	158.0557
7619.385376	79.240	157.6699
7619.751586	79.240	157.3125
7620.117797	79.242	156.9297
7620.484008	79.240	156.5459
7620.850219	79.240	156.1924
7621.216430	79.242	155.8174
7621.582641	79.239	155.4434
7621.948852	79.240	155.1250
7622.315063	79.253	154.7588
7622.681274	79.256	154.3076
7623.047485	79.248	153.9102
7623.413696	79.244	153.5723
7623.779907	79.245	153.2285
7624.146118	79.247	152.9121
7624.512329	79.261	152.5762
7624.878540	79.275	152.1338
7625.244751	79.274	151.6621
7625.610962	79.265	151.2510
7625.977173	79.256	150.9062
7626.343384	79.257	150.5938
7626.709595	79.266	150.2275
7627.075806	79.266	149.8076
7627.442017	79.259	149.4385
7627.808228	79.258	149.1162
7628.174439	79.262	148.7803
7628.540650	79.269	148.4316
7628.906861	79.279	148.0293
7629.273072	79.277	147.5859
7629.639283	79.266	147.2275
7630.005494	79.269	146.9355
7630.371705	79.282	146.5547
7630.737916	79.282	146.1045
7631.104126	79.269	145.7363
7631.470337	79.268	145.4668
7631.836548	79.287	145.1436
7632.202759	79.300	144.6631
7632.568970	79.287	144.1934
7632.935181	79.274	143.9111
7633.301392	79.290	143.6299
7633.667603	79.305	143.1650
7634.033814	79.295	142.7285
7634.400025	79.293	142.4268
7634.766236	79.308	142.0498
7635.132447	79.312	141.5859
7635.498658	79.306	141.1826
7635.864869	79.304	140.8066
7636.231080	79.302	140.4316
7636.597291	79.304	140.0781
7636.963502	79.308	139.6787
7637.329713	79.303	139.2881
7637.695924	79.304	138.9707
7638.062135	79.314	138.5762
7638.428346	79.306	138.1523
7638.794557	79.299	137.8906
7639.160768	79.321	137.5830
7639.526979	79.330	137.0840
7639.893190	79.314	136.7070
7640.259401	79.322	136.4717
7640.625612	79.348	136.0420
7640.991823	79.343	135.5195
7641.358034	79.327	135.1777
7641.724245	79.333	134.8750
7642.090456	79.340	134.4775
7642.456666	79.339	134.0967
7642.822877	79.342	133.7363
7643.189088	79.346	133.3379
7643.555299	79.346	132.9355
7643.921510	79.342	132.5469
7644.287721	79.337	132.1934
7644.653932	79.340	131.8711
7645.020143	79.349	131.4873
7645.386354	79.347	131.0732
7645.752565	79.343	130.7324
7646.118776	79.350	130.3896
7646.484987	79.354	130.0029
7646.851198	79.359	129.6514
7647.217409	79.372	129.2500
7647.583620	79.373	128.7627
7647.949831	79.361	128.3770
7648.316042	79.363	128.0654
7648.682253	79.371	127.6621
7649.048464	79.367	127.2676
7649.414675	79.370	126.9355
7649.780886	79.380	126.5264
7650.147097	79.376	126.1006
7650.513308	79.373	125.7627
7650.879519	79.381	125.3994
7651.245730	79.384	124.9717
7651.611941	79.378	124.5889
7651.978152	79.378	124.2520
7652.344363	79.383	123.8975
7652.710574	79.388	123.5117
7653.076785	79.387	123.1328
7653.442995	79.389	122.8047
7653.809206	79.405	122.4443
7654.175417	79.414	121.9629
7654.541628	79.401	121.5166
7654.907839	79.392	121.2227
7655.274050	79.404	120.9053
7655.640261	79.410	120.4922
7656.006472	79.409	120.1309
7656.372683	79.421	119.7822
7656.738894	79.431	119.3096
7657.105105	79.418	118.8701
7657.471316	79.410	118.5869
7657.837527	79.425	118.2695
7658.203738	79.434	117.8379
7658.569949	79.434	117.4316
7658.936160	79.438	117.0293
7659.302371	79.433	116.5957
7659.668582	79.422	116.2520
7660.034793	79.427	115.9512
7660.401004	79.436	115.5605
7660.767215	79.436	115.1523
7661.133426	79.435	114.7725
7661.499637	79.432	114.3926
7661.865848	79.430	114.0771
7662.232059	79.443	113.7451
7662.598270	79.453	113.2812
7662.964481	79.441	112.8691
7663.330692	79.441	112.5918
7663.696903	79.459	112.2324
7664.063114	79.468	111.7725
7664.429325	79.468	111.3467
7664.795535	79.468	110.9199
7665.161746	79.461	110.5127
7665.527957	79.456	110.1963
7665.894168	79.466	109.8750
7666.260379	79.478	109.4834
7666.626590	79.487	109.0547
7666.992801	79.488	108.5908
7667.359012	79.474	108.1816
7667.725223	79.466	107.9424
7668.091434	79.493	107.6807
7668.457645	79.520	107.1660
7668.823856	79.509	106.6133
7669.190067	79.492	106.2852
7669.556278	79.501	105.9834
7669.922489	79.508	105.5410
7670.288700	79.498	105.1689
7670.654911	79.506	104.8691
7671.021122	79.520	104.4277
7671.387333	79.509	103.9844
7671.753544	79.503	103.7041
7672.119755	79.522	103.3564
7672.485966	79.526	102.8594
7672.852177	79.511	102.4521
7673.218388	79.504	102.1660
7673.584599	79.511	101.8672
7673.950810	79.524	101.5205
7674.317021	79.536	101.1113
7674.683232	79.538	100.6797
7675.049443	79.539	100.2988
7675.415654	79.545	99.9033
7675.781864	79.543	99.4775
7676.148075	79.539	99.1279
7676.514286	79.549	98.7676
7676.880497	79.552	98.3008
7677.246708	79.537	97.9238
7677.612919	79.540	97.6553
7677.979130	79.557	97.2529
7678.345341	79.553	96.7988
7678.711552	79.549	96.4717
7679.077763	79.562	96.0977
7679.443974	79.562	95.6299
7679.810185	79.552	95.2578
7680.176396	79.555	94.9082
7680.542607	79.553	94.5059
7680.908818	79.550	94.1943
7681.275029	79.566	93.8604
7681.641240	79.574	93.3838
7682.007451	79.565	92.9834
7682.373662	79.570	92.6680
7682.739873	79.582	92.2451
7683.106084	79.579	91.8203
7683.472295	79.582	91.4521
7683.838506	79.585	91.0264
7684.204717	79.576	90.6406
7684.570928	79.577	90.3447
7684.937139	79.590	89.9756
7685.303350	79.591	89.5645
7685.669561	79.591	89.2314
7686.035772	79.604	88.8936
7686.401983	79.616	88.4668
7686.768194	79.616	88.0225
7687.134404	79.611	87.6455
7687.500615	79.614	87.3086
7687.866826	79.623	86.9209
7688.233037	79.624	86.4961
7688.599248	79.619	86.1221
7688.965459	79.621	85.7822
7689.331670	79.628	85.4160
7689.697881	79.635	85.0020
7690.064092	79.632	84.5723
7690.430303	79.626	84.2148
7690.796514	79.634	83.8896
7691.162725	79.647	83.4512
7691.528936	79.640	82.9648
7691.895147	79.624	82.6211
7692.261358	79.630	82.3584
7692.627569	79.651	81.9707
7692.993780	79.657	81.4551
7693.359991	79.642	81.0186
7693.726202	79.635	80.7148
7694.092413	79.644	80.3672
7694.458624	79.645	79.9512
7694.824835	79.641	79.6230
7695.191046	79.655	79.3096
7695.557257	79.672	78.8594
7695.923468	79.668	78.3691
7696.289679	79.654	77.9902
7696.655890	79.650	77.7178
7697.022101	79.668	77.4219
7697.388312	79.690	76.9619
7697.754523	79.687	76.4316
7698.120733	79.671	76.0352
7698.486944	79.668	75.7295
7698.853155	79.676	75.3730
7699.219366	79.683	74.9570
7699.585577	79.681	74.5156
7699.951788	79.669	74.1348
7700.317999	79.665	73.8750
7700.684210	79.687	73.5684
7701.050421	79.706	73.0879
7701.416632	79.701	72.5938
7701.782843	79.691	72.2119
7702.149054	79.691	71.8652
7702.515265	79.693	71.5088
7702.881476	79.700	71.1592
7703.247687	79.710	70.7725
7703.613898	79.716	70.3398
7703.980109	79.715	69.9277
7704.346320	79.716	69.5439
7704.712531	79.716	69.1523
7705.078742	79.714	68.7822
7705.444953	79.716	68.4453
7705.811164	79.723	68.0723
7706.177375	79.724	67.6787
7706.543586	79.726	67.3555
7706.909797	79.744	67.0068
7707.276008	79.757	66.5039
7707.642219	79.742	66.0420
7708.008430	79.737	65.7666
7708.374641	79.759	65.4053
7708.740852	79.766	64.8516
7709.107063	79.742	64.4102
7709.473273	79.731	64.1514
7709.839484	79.743	63.8594
7710.205695	79.757	63.4805
7710.571906	79.767	63.0527
7710.938117	79.767	62.6172
7711.304328	79.766	62.2441
7711.670539	79.774	61.8701
7712.036750	79.779	61.4248
7712.402961	79.773	61.0205
7712.769172	79.775	60.6729
7713.135383	79.781	60.2627
7713.501594	79.776	59.8496
7713.867805	79.771	59.5088
7714.234016	79.776	59.1611
7714.600227	79.779	58.7803
7714.966438	79.779	58.4102
7715.332649	79.781	58.0635
7715.698860	79.790	57.7207
7716.065071	79.805	57.3027
7716.431282	79.806	56.8115
7716.797493	79.792	56.4121
7717.163704	79.793	56.1123
7717.529915	79.809	55.7090
7717.896126	79.809	55.2090
7718.262337	79.793	54.8008
7718.628548	79.785	54.5039
7718.994759	79.795	54.2061
7719.360970	79.812	53.8232
7719.727181	79.823	53.3555
7720.093392	79.820	52.8975
7720.459603	79.815	52.5176
7720.825813	79.819	52.1543
7721.192024	79.825	51.7568
7721.558235	79.828	51.3535
7721.924446	79.830	50.9609
7722.290657	79.833	50.5791
7722.656868	79.837	50.1924
7723.023079	79.839	49.7988
7723.389290	79.840	49.4336
7723.755501	79.846	49.0703
7724.121712	79.851	48.6699
7724.487923	79.851	48.2852
7724.854134	79.856	47.9277
7725.220345	79.864	47.5303
7725.586556	79.867	47.0918
7725.952767	79.862	46.6709
7726.318978	79.854	46.2988
7726.685189	79.853	45.9697
7727.051400	79.861	45.6016
7727.417611	79.862	45.1699
7727.783822	79.854	44.7969
7728.150033	79.859	44.4795
7728.516244	79.872	44.0537
7728.882455	79.865	43.5830
7729.248666	79.852	43.2666
7729.614877	79.866	42.9980
7729.981088	79.890	42.5420
7730.347299	79.887	41.9990
7730.713510	79.870	41.5967
7731.079721	79.867	41.2930
7731.445932	79.877	40.9443
7731.812142	79.886	40.5361
7732.178353	79.889	40.1113
7732.544564	79.887	39.7217
7732.910775	79.893	39.3623
7733.276986	79.903	38.9297
7733.643197	79.896	38.4629
7734.009408	79.884	38.1289
7734.375619	79.893	37.8340
7734.741830	79.906	37.3975
7735.108041	79.898	36.9600
7735.474252	79.893	36.6611
7735.840463	79.908	36.3379
7736.206674	79.922	35.8691
7736.572885	79.913	35.4082
7736.939096	79.904	35.0850
7737.305307	79.916	34.7861
7737.671518	79.936	34.3408
7738.037729	79.935	33.8047
7738.403940	79.915	33.3838
7738.770151	79.907	33.0977
7739.136362	79.917	32.7910
7739.502573	79.930	32.3867
7739.868784	79.934	31.9297
7740.234995	79.926	31.5098
7740.601206	79.920	31.1719
7740.967417	79.926	30.8477
7741.333628	79.935	30.4775
7741.699839	79.943	30.0947
7742.066050	79.954	29.6797
7742.432261	79.955	29.2188
7742.798472	79.948	28.8330
7743.164682	79.954	28.5020
7743.530893	79.966	28.0566
7743.897104	79.956	27.5889
7744.263315	79.945	27.2744
7744.629526	79.957	26.9678
7744.995737	79.968	26.5283
7745.361948	79.964	26.0996
7745.728159	79.963	25.7510
7746.094370	79.972	25.3789
7746.460581	79.980	24.9521
7746.826792	79.980	24.4961
7747.193003	79.971	24.0840
7747.559214	79.967	23.7705
7747.925425	79.981	23.4141
7748.291636	79.985	22.9531
7748.657847	79.976	22.5918
7749.024058	79.989	22.3008
7749.390269	80.010	21.8398
7749.756480	80.006	21.3379
7750.122691	80.001	20.9668
7750.488902	80.007	20.5635
7750.855113	80.000	20.1387
7751.221324	79.995	19.8330
7751.587535	80.009	19.4902
7751.953746	80.014	19.0439
7752.319957	80.008	18.6748
7752.686168	80.015	18.3574
7753.052379	80.026	17.9756
7753.418590	80.036	17.5693
7753.784801	80.045	17.1211
7754.151011	80.040	16.6396
7754.517222	80.027	16.2627
7754.883433	80.030	15.9375
7755.249644	80.037	15.5107
7755.615855	80.027	15.0781
7755.982066	80.017	14.7598
7756.348277	80.023	14.4551
7756.714488	80.033	14.0830
7757.080699	80.042	13.6768
7757.446910	80.047	13.2334
7757.813121	80.042	12.7881
7758.179332	80.034	12.4150
7758.545543	80.036	12.0742
7758.911754	80.043	11.6934
7759.277965	80.047	11.2734
7759.644176	80.044	10.8545
7760.010387	80.038	10.5029
7760.376598	80.046	10.2041
7760.742809	80.067	9.7969
7761.109020	80.071	9.2744
7761.475231	80.056	8.8604
7761.841442	80.056	8.5713
7762.207653	80.074	8.1826
7762.573864	80.078	7.6885
7762.940075	80.067	7.2705
7763.306286	80.063	6.9355
7763.672497	80.068	6.5820
7764.038708	80.074	6.1992
7764.404919	80.081	5.7979
7764.771130	80.084	5.3623
7765.137341	80.078	4.9502
7765.503551	80.077	4.6035
7765.869762	80.086	4.2324
7766.235973	80.090	3.7881
7766.602184	80.083	3.3721
7766.968395	80.080	3.0195
7767.334606	80.083	2.6475
7767.700817	80.080	2.2822
7768.067028	80.084	1.9912
7768.433239	80.106	1.6465
7768.799450	80.124	1.1475
7769.165661	80.121	0.6416
7769.531872	80.113	0.2285
7769.898083	80.108	-0.1621
7770.264294	80.103	-0.5303
7770.630505	80.104	-0.8545
7770.996716	80.114	-1.2266
7771.362927	80.117	-1.6387
7771.729138	80.120	-2.0186
7772.095349	80.127	-2.4404
7772.461560	80.121	-2.8896
7772.827771	80.111	-3.2217
7773.193982	80.121	-3.5195
7773.560193	80.137	-3.9570
7773.926404	80.134	-4.4365
7774.292615	80.125	-4.8096
7774.658826	80.127	-5.1406
7775.025037	80.137	-5.5293
7775.391248	80.141	-5.9600
7775.757459	80.139	-6.3818
7776.123670	80.136	-6.7607
7776.489881	80.139	-7.1152
7776.856091	80.146	-7.5098
7777.222302	80.147	-7.9336
7777.588513	80.143	-8.2910
7777.954724	80.154	-8.6172
7778.320935	80.170	-9.0557
7778.687146	80.169	-9.5439
7779.053357	80.159	-9.9180
7779.419568	80.165	-10.2480
7779.785779	80.174	-10.6543
7780.151990	80.176	-11.0654
7780.518201	80.180	-11.4619
7780.884412	80.181	-11.8945
7781.250623	80.173	-12.2871
7781.616834	80.171	-12.6035
7781.983045	80.180	-12.9424
7782.349256	80.189	-13.3428
7782.715467	80.191	-13.7607
7783.081678	80.189	-14.1523
7783.447889	80.190	-14.4912
7783.814100	80.202	-14.8643
7784.180311	80.210	-15.3340
7784.546522	80.203	-15.7803
7784.912733	80.198	-16.1572
7785.278944	80.197	-16.5469
7785.645155	80.192	-16.9170
7786.011366	80.196	-17.2520
7786.377577	80.206	-17.6709
7786.743788	80.201	-18.1406
7787.109999	80.185	-18.4941
7787.476210	80.187	-18.7305
7787.842420	80.215	-19.0488
7788.208631	80.238	-19.5791
7788.574842	80.230	-20.1396
7788.941053	80.213	-20.5117
7789.307264	80.220	-20.8398
7789.673475	80.227	-21.3037
7790.039686	80.215	-21.7393
7790.405897	80.209	-22.0498
7790.772108	80.219	-22.3877
7791.138319	80.228	-22.7959
7791.504530	80.231	-23.2080
7791.870741	80.232	-23.6064
7792.236952	80.235	-23.9795
7792.603163	80.244	-24.3770
7792.969374	80.247	-24.8359
7793.335585	80.238	-25.2627
7793.701796	80.231	-25.6123
7794.068007	80.230	-25.9316
7794.434218	80.240	-26.2539
7794.800429	80.256	-26.6621
7795.166640	80.258	-27.1621
7795.532851	80.242	-27.5557
7795.899062	80.243	-27.8291
7796.265273	80.261	-28.2119
7796.631484	80.263	-28.6992
7796.997695	80.252	-29.0732
7797.363906	80.261	-29.3848
7797.730117	80.278	-29.8408
7798.096328	80.272	-30.3760
7798.462539	80.251	-30.7598
7798.828750	80.250	-31.0371
7799.194960	80.262	-31.4229
7799.561171	80.259	-31.8604
7799.927382	80.255	-32.1943
7800.293593	80.268	-32.5479
7800.659804	80.276	-33.0195
7801.026015	80.266	-33.4492
7801.392226	80.263	-33.7812
7801.758437	80.271	-34.1406
7802.124648	80.277	-34.5479
7802.490859	80.279	-34.9629
7802.857070	80.277	-35.3643
7803.223281	80.274	-35.7129
7803.589492	80.283	-36.0498
7803.955703	80.295	-36.4668
7804.321914	80.296	-36.9082
7804.688125	80.294	-37.2920
7805.054336	80.298	-37.6553
7805.420547	80.304	-38.0361
7805.786758	80.314	-38.4375
7806.152969	80.322	-38.9014
7806.519180	80.316	-39.3877
7806.885391	80.301	-39.7646
7807.251602	80.302	-40.0732
7807.617813	80.312	-40.4717
7807.984024	80.308	-40.9014
7808.350235	80.304	-41.2432
7808.716446	80.313	-41.5938
7809.082657	80.319	-42.0146
7809.448868	80.319	-42.4229
7809.815079	80.319	-42.8096
7810.181289	80.318	-43.1797
7810.547500	80.325	-43.5254
7810.913711	80.337	-43.9580
7811.279922	80.331	-44.4277
7811.646133	80.320	-44.7461
7812.012344	80.334	-45.0664
7812.378555	80.342	-45.5391
7812.744766	80.328	-45.9189
7813.110977	80.335	-46.1777
7813.477188	80.358	-46.6006
7813.843399	80.356	-47.1094
7814.209610	80.346	-47.4805
7814.575821	80.352	-47.8369
7814.942032	80.354	-48.2637
7815.308243	80.350	-48.6396
7815.674454	80.355	-49.0078
7816.040665	80.359	-49.4453
7816.406876	80.352	-49.8486
7816.773087	80.352	-50.1953
7817.139298	80.359	-50.5947
7817.505509	80.357	-51.0244
7817.871720	80.352	-51.3926
7818.237931	80.356	-51.7334
7818.604142	80.366	-52.1113
7818.970353	80.376	-52.5391
7819.336564	80.380	-53.0098
7819.702775	80.371	-53.4551
7820.068986	80.360	-53.7871
7820.435197	80.369	-54.0654
7820.801408	80.392	-54.4658
7821.167619	80.400	-54.9863
7821.533829	80.389	-55.4238
7821.900040	80.389	-55.7549
7822.266251	80.401	-56.1748
7822.632462	80.395	-56.6602
7822.998673	80.379	-57.0098
7823.364884	80.383	-57.2900
7823.731095	80.395	-57.6680
7824.097306	80.397	-58.0723
7824.463517	80.402	-58.4434
7824.829728	80.410	-58.8682
7825.195939	80.407	-59.3154
7825.562150	80.400	-59.7021
7825.928361	80.399	-60.0713
7826.294572	80.396	-60.4482
7826.660783	80.395	-60.7988
7827.026994	80.400	-61.1523
7827.393205	80.406	-61.5283
7827.759416	80.413	-61.9219
7828.125627	80.419	-62.3545
7828.491838	80.415	-62.7832
7828.858049	80.413	-63.1475
7829.224260	80.420	-63.5205
7829.590471	80.425	-63.9609
7829.956682	80.420	-64.3750
7830.322893	80.421	-64.7334
7830.689104	80.427	-65.1348
7831.055315	80.424	-65.5518
7831.421526	80.420	-65.8838
7831.787737	80.431	-66.2061
7832.153948	80.444	-66.6240
7832.520158	80.447	-67.0439
7832.886369	80.455	-67.4102
7833.252580	80.469	-67.8584
7833.618791	80.467	-68.3623
7833.985002	80.456	-68.7500
7834.351213	80.458	-69.0850
7834.717424	80.466	-69.4863
7835.083635	80.468	-69.8994
7835.449846	80.470	-70.3076
7835.816057	80.468	-70.7275
7836.182268	80.464	-71.0908
7836.548479	80.470	-71.4385
7836.914690	80.477	-71.8623
7837.280901	80.474	-72.2822
7837.647112	80.470	-72.6436
7838.013323	80.472	-72.9961
7838.379534	80.478	-73.3467
7838.745745	80.491	-73.7412
7839.111956	80.495	-74.2285
7839.478167	80.480	-74.6455
7839.844378	80.476	-74.9170
7840.210589	80.495	-75.2676
7840.576800	80.501	-75.7725
7840.943011	80.485	-76.1729
7841.309222	80.487	-76.4287
7841.675433	80.513	-76.8184
7842.041644	80.519	-77.3760
7842.407855	80.501	-77.8311
7842.774066	80.494	-78.1680
7843.140277	80.495	-78.5713
7843.506488	80.481	-78.9492
7843.872698	80.479	-79.1738
7844.238909	80.508	-79.4766
7844.605120	80.530	-80.0107
7844.971331	80.521	-80.5273
7845.337542	80.512	-80.8848
7845.703753	80.521	-81.2637
7846.069964	80.522	-81.7148
7846.436175	80.515	-82.0996
7846.802386	80.517	-82.4414
7847.168597	80.524	-82.8320
7847.534808	80.525	-83.2168
7847.901019	80.532	-83.5693
7848.267230	80.546	-83.9775
7848.633441	80.551	-84.4453
7848.999652	80.545	-84.8643
7849.365863	80.546	-85.2295
7849.732074	80.553	-85.6504
7850.098285	80.545	-86.1074
7850.464496	80.528	-86.4277
7850.830707	80.537	-86.6406
7851.196918	80.570	-87.0352
7851.563129	80.578	-87.6250
7851.929340	80.555	-88.0889
7852.295551	80.545	-88.3828
7852.661762	80.552	-88.7246
7853.027973	80.557	-89.1289
7853.394184	80.559	-89.5410
7853.760395	80.556	-89.9756
7854.126606	80.544	-90.3223
7854.492817	80.552	-90.5840
7854.859028	80.578	-91.0107
7855.225238	80.577	-91.5693
7855.591449	80.558	-91.9629
7855.957660	80.559	-92.2461
7856.323871	80.574	-92.6416
7856.690082	80.576	-93.0840
7857.056293	80.576	-93.4785
7857.422504	80.580	-93.8887
7857.788715	80.577	-94.2998
7858.154926	80.575	-94.6543
7858.521137	80.582	-95.0068
7858.887348	80.591	-95.4053
7859.253559	80.597	-95.8203
7859.619770	80.600	-96.2422
7859.985981	80.599	-96.6455
7860.352192	80.600	-97.0088
7860.718403	80.609	-97.3984
7861.084614	80.612	-97.8340
7861.450825	80.610	-98.2148
7861.817036	80.619	-98.5811
7862.183247	80.627	-99.0459
7862.549458	80.618	-99.4932
7862.915669	80.613	-99.8262
7863.281880	80.623	-100.1934
7863.648091	80.626	-100.6416
7864.014302	80.618	-101.0381
7864.380513	80.617	-101.3594
7864.746724	80.628	-101.6895
7865.112935	80.645	-102.1123
7865.479146	80.648	-102.6338
7865.845357	80.627	-103.0635
7866.211567	80.617	-103.2998
7866.577778	80.639	-103.5801
7866.943989	80.658	-104.0518
7867.310200	80.654	-104.5186
7867.676411	80.650	-104.8838
7868.042622	80.655	-105.2725
7868.408833	80.653	-105.6836
7868.775044	80.650	-106.0254
7869.141255	80.660	-106.3711
7869.507466	80.672	-106.8174
7869.873677	80.668	-107.3008
7870.239888	80.654	-107.7061
7870.606099	80.646	-108.0225
7870.972310	80.652	-108.3418
7871.338521	80.662	-108.7344
7871.704732	80.664	-109.1553
7872.070943	80.665	-109.5459
7872.437154	80.670	-109.9531
7872.803365	80.670	-110.3789
7873.169576	80.670	-110.7725
7873.535787	80.675	-111.1953
7873.901998	80.670	-111.6475
7874.268209	80.661	-112.0127
7874.634420	80.667	-112.3555
7875.000631	80.674	-112.7783
7875.366842	80.671	-113.1816
7875.733053	80.675	-113.5479
7876.099264	80.680	-113.9668
7876.465475	80.677	-114.3584
7876.831686	80.682	-114.7031
7877.197897	80.692	-115.1084
7877.564107	80.693	-115.5146
7877.930318	80.700	-115.8711
7878.296529	80.715	-116.3115
7878.662740	80.712	-116.8008
7879.028951	80.699	-117.1738
7879.395162	80.703	-117.4834
7879.761373	80.713	-117.8701
7880.127584	80.715	-118.2949
7880.493795	80.712	-118.6611
7880.860006	80.718	-118.9902
7881.226217	80.733	-119.3906
7881.592428	80.737	-119.8506
7881.958639	80.733	-120.2471
7882.324850	80.740	-120.6309
7882.691061	80.743	-121.1104
7883.057272	80.725	-121.5225
7883.423483	80.720	-121.7686
7883.789694	80.744	-122.1055
7884.155905	80.756	-122.6377
7884.522116	80.739	-123.0957
7884.888327	80.732	-123.4053
7885.254538	80.741	-123.7568
7885.620749	80.745	-124.1680
7885.986960	80.745	-124.5498
7886.353171	80.750	-124.9258
7886.719382	80.757	-125.3193
7887.085593	80.766	-125.7373
7887.451804	80.770	-126.2139
7887.818015	80.760	-126.6572
7888.184226	80.753	-126.9941
7888.550436	80.761	-127.3486
7888.916647	80.765	-127.7588
7889.282858	80.767	-128.1299
7889.649069	80.778	-128.5215
7890.015280	80.782	-128.9727
7890.381491	80.780	-129.3711
7890.747702	80.788	-129.7568
7891.113913	80.793	-130.2256
7891.480124	80.783	-130.6367
7891.846335	80.786	-130.9521
7892.212546	80.803	-131.3809
7892.578757	80.798	-131.8965
7892.944968	80.779	-132.2588
7893.311179	80.783	-132.5176
7893.677390	80.802	-132.8994
7894.043601	80.806	-133.3652
7894.409812	80.802	-133.7520
7894.776023	80.809	-134.1240
7895.142234	80.813	-134.5635
7895.508445	80.810	-134.9707
7895.874656	80.813	-135.3467
7896.240867	80.816	-135.7939
7896.607078	80.806	-136.1982
7896.973289	80.808	-136.5205
7897.339500	80.818	-136.9531
7897.705711	80.808	-137.4131
7898.071922	80.797	-137.7119
7898.438133	80.811	-138.0254
7898.804344	80.821	-138.4639
7899.170555	80.821	-138.8701
7899.536766	80.827	-139.2637
7899.902976	80.829	-139.6943
7900.269187	80.830	-140.0732
7900.635398	80.841	-140.4863
7901.001609	80.839	-140.9668
7901.367820	80.828	-141.3252
7901.734031	80.839	-141.6328
7902.100242	80.854	-142.0908
7902.466453	80.848	-142.5576
7902.832664	80.844	-142.9053
7903.198875	80.853	-143.2930
7903.565086	80.850	-143.7334
7903.931297	80.843	-144.0615
7904.297508	80.858	-144.3623
7904.663719	80.877	-144.8350
7905.029930	80.868	-145.3525
7905.396141	80.848	-145.6748
7905.762352	80.858	-145.9082
7906.128563	80.883	-146.3008
7906.494774	80.892	-146.8125
7906.860985	80.886	-147.2764
7907.227196	80.879	-147.6719
7907.593407	80.875	-148.0361
7907.959618	80.877	-148.3906
7908.325829	80.884	-148.7607
7908.692040	80.892	-149.1611
7909.058251	80.900	-149.6104
7909.424462	80.898	-150.0869
7909.790673	80.885	-150.5000
7910.156884	80.877	-150.8174
7910.523095	80.886	-151.1230
7910.889306	80.903	-151.5059
7911.255516	80.914	-151.9805
7911.621727	80.910	-152.4648
7911.987938	80.899	-152.8330
7912.354149	80.908	-153.1426
7912.720360	80.927	-153.6045
7913.086571	80.919	-154.1416
7913.452782	80.897	-154.4727
7913.818993	80.908	-154.7197
7914.185204	80.929	-155.1699
7914.551415	80.922	-155.6543
7914.917626	80.916	-155.9795
7915.283837	80.929	-156.3359
7915.650048	80.934	-156.7832
7916.016259	80.934	-157.1699
7916.382470	80.945	-157.5693
7916.748681	80.948	-158.0537
7917.114892	80.938	-158.4785
7917.481103	80.936	-158.8281
7917.847314	80.941	-159.2227
7918.213525	80.940	-159.6377
7918.579736	80.939	-160.0205
7918.945947	80.941	-160.3975
7919.312158	80.944	-160.7715
7919.678369	80.953	-161.1562
7920.044580	80.963	-161.5986
7920.410791	80.962	-162.0762
7920.777002	80.952	-162.4990
7921.143213	80.946	-162.8535
7921.509424	80.949	-163.2061
7921.875635	80.954	-163.5957
7922.241845	80.956	-163.9961
7922.608056	80.957	-164.3848
7922.974267	80.960	-164.7773
7923.340478	80.961	-165.1660
7923.706689	80.965	-165.5410
7924.072900	80.974	-165.9385
7924.439111	80.980	-166.3848
7924.805322	80.977	-166.8379
7925.171533	80.970	-167.2402
7925.537744	80.967	-167.5830
7925.903955	80.976	-167.9316
7926.270166	80.988	-168.3584
7926.636377	80.989	-168.8184
7927.002588	80.986	-169.2188
7927.368799	80.991	-169.6152
7927.735010	80.992	-170.0723
7928.101221	80.982	-170.4629
7928.467432	80.985	-170.7666
7928.833643	81.002	-171.1660
7929.199854	81.005	-171.6455
7929.566065	81.000	-172.0557
7929.932276	81.002	-172.4502
7930.298487	80.998	-172.8662
7930.664698	80.993	-173.1865
7931.030909	81.010	-173.4961
7931.397120	81.029	-173.9756
7931.763331	81.022	-174.4824
7932.129542	81.012	-174.8301
7932.495753	81.023	-175.1826
7932.861964	81.027	-175.6660
7933.228175	81.012	-176.0791
7933.594385	81.009	-176.3574
7933.960596	81.024	-176.7129
7934.326807	81.029	-177.1494
7934.693018	81.030	-177.5312
7935.059229	81.039	-177.9385
7935.425440	81.038	-178.3828
7935.791651	81.035	-178.7393
7936.157862	81.049	-179.1270
7936.524073	81.050	-179.6230
7936.890284	81.037	179.9922
7937.256495	81.044	179.6904
7937.622706	81.060	179.2412
7937.988917	81.055	178.7627
7938.355128	81.049	178.4072
7938.721339	81.057	178.0234
7939.087550	81.057	177.5850
7939.453761	81.053	177.2188
7939.819972	81.061	176.8584
7940.186183	81.069	176.4150
7940.552394	81.066	175.9756
7940.918605	81.061	175.5918
7941.284816	81.061	175.2148
7941.651027	81.060	174.8379
7942.017238	81.061	174.4941
7942.383449	81.074	174.1367
7942.749660	81.087	173.6670
7943.115871	81.079	173.1660
7943.482082	81.063	172.8076
7943.848293	81.068	172.5283
7944.214504	81.087	172.1240
7944.580714	81.091	171.6182
7944.946925	81.079	171.1807
7945.313136	81.074	170.8330
7945.679347	81.080	170.4795
7946.045558	81.088	170.0625
7946.411769	81.090	169.6338
7946.777980	81.093	169.2402
7947.144191	81.101	168.8154
7947.510402	81.101	168.3398
7947.876613	81.092	167.9297
7948.242824	81.091	167.5967
7948.609035	81.102	167.2080
7948.975246	81.105	166.7725
7949.341457	81.104	166.4014
7949.707668	81.116	166.0479
7950.073879	81.132	165.5947
7950.440090	81.134	165.0850
7950.806301	81.123	164.6318
7951.172512	81.112	164.2656
7951.538723	81.111	163.9570
7951.904934	81.123	163.6240
7952.271145	81.137	163.1777
7952.637356	81.132	162.6982
7953.003567	81.121	162.3438
7953.369778	81.128	162.0352
7953.735989	81.141	161.6064
7954.102200	81.136	161.1426
7954.468411	81.128	160.7920
7954.834622	81.136	160.4648
7955.200833	81.150	160.0352
7955.567044	81.151	159.5508
7955.933254	81.144	159.1074
7956.299465	81.136	158.7227
7956.665676	81.136	158.3594
7957.031887	81.140	157.9619
7957.398098	81.139	157.5664
7957.764309	81.144	157.2168
7958.130520	81.161	156.7959
7958.496731	81.165	156.2607
7958.862942	81.148	155.8232
7959.229153	81.147	155.5322
7959.595364	81.167	155.1465
7959.961575	81.174	154.6270
7960.327786	81.162	154.1826
7960.693997	81.159	153.8428
7961.060208	81.167	153.4756
7961.426419	81.173	153.0684
7961.792630	81.177	152.6826
7962.158841	81.187	152.2773
7962.525052	81.193	151.8281
7962.891263	81.191	151.4131
7963.257474	81.197	151.0244
7963.623685	81.206	150.5537
7963.989896	81.196	150.0586
7964.356107	81.178	149.6973
7964.722318	81.178	149.4180
7965.088529	81.193	149.0557
7965.454740	81.200	148.5977
7965.820951	81.194	148.1758
7966.187162	81.195	147.8398
7966.553373	81.210	147.4258
7966.919583	81.209	146.9023
7967.285794	81.191	146.5156
7967.652005	81.195	146.2393
7968.018216	81.213	145.8125
7968.384427	81.209	145.3193
7968.750638	81.200	144.9434
7969.116849	81.202	144.5898
7969.483060	81.205	144.2109
7969.849271	81.211	143.8311
7970.215482	81.214	143.4102
7970.581693	81.211	143.0273
7970.947904	81.218	142.6943
7971.314115	81.232	142.2686
7971.680326	81.231	141.7959
7972.046537	81.224	141.4033
7972.412748	81.225	141.0312
7972.778959	81.225	140.6553
7973.145170	81.231	140.2988
7973.511381	81.244	139.8691
7973.877592	81.244	139.3486
7974.243803	81.225	138.8945
7974.610014	81.209	138.5938
7974.976225	81.217	138.3271
7975.342436	81.238	137.9199
7975.708647	81.242	137.4141
7976.074858	81.233	136.9863
7976.441069	81.236	136.6113
7976.807280	81.243	136.1592
7977.173491	81.237	135.7080
7977.539702	81.236	135.3320
7977.905913	81.244	134.9111
7978.272123	81.244	134.4229
7978.638334	81.234	134.0010
7979.004545	81.232	133.6455
7979.370756	81.236	133.2588
7979.736967	81.237	132.8633
7980.103178	81.242	132.5117
7980.469389	81.259	132.1025
7980.835600	81.263	131.5977
7981.201811	81.250	131.1855
7981.568022	81.254	130.8936
7981.934233	81.275	130.4775
7982.300444	81.276	129.9434
7982.666655	81.259	129.5557
7983.032866	81.265	129.2490
7983.399077	81.277	128.7930
7983.765288	81.265	128.3369
7984.131499	81.257	128.0439
7984.497710	81.273	127.7109
7984.863921	81.282	127.2393
7985.230132	81.276	126.8125
7985.596343	81.279	126.4395
7985.962554	81.283	125.9980
7986.328765	81.277	125.5693
7986.694976	81.276	125.2109
7987.061187	81.283	124.8154
7987.427398	81.286	124.3799
7987.793609	81.288	123.9688
7988.159820	81.294	123.5186
7988.526031	81.287	123.0420
7988.892242	81.274	122.6650
7989.258453	81.275	122.3594
7989.624663	81.289	121.9873
7989.990874	81.299	121.5088
7990.357085	81.290	121.0400
7990.723296	81.278	120.7207
7991.089507	81.294	120.4463
7991.455718	81.320	119.9668
7991.821929	81.314	119.3926
7992.188140	81.291	119.0244
7992.554351	81.295	118.7676
7992.920562	81.315	118.3721
7993.286773	81.323	117.8809
7993.652984	81.319	117.4102
7994.019195	81.309	116.9863
7994.385406	81.303	116.6396
7994.751617	81.313	116.2783
7995.117828	81.322	115.7871
7995.484039	81.309	115.2891
7995.850250	81.293	114.9238
7996.216461	81.292	114.6064
7996.582672	81.300	114.2158
7996.948883	81.301	113.7783
7997.315094	81.297	113.3857
7997.681305	81.302	113.0215
7998.047516	81.314	112.5762
7998.413727	81.312	112.0703
7998.779938	81.300	111.6377
7999.146149	81.292	111.2734
7999.512360	81.292	110.9287
7999.878571	81.301	110.5840
8000.244782	81.317	110.1406
8000.610992	81.314	109.6201
8000.977203	81.296	109.2480
8001.343414	81.302	108.9863
8001.709625	81.326	108.5645
8002.075836	81.327	108.0264
8002.442047	81.310	107.6182
8002.808258	81.308	107.3213
8003.174469	81.320	106.9688
8003.540680	81.329	106.5371
8003.906891	81.329	106.1191
8004.273102	81.333	105.7266
8004.639313	81.338	105.2969
8005.005524	81.337	104.8564
8005.371735	81.335	104.4385
8005.737946	81.332	103.9912
8006.104157	81.317	103.5840
8006.470368	81.308	103.3037
8006.836579	81.323	102.9951
8007.202790	81.339	102.5361
8007.569001	81.338	102.0312
8007.935212	81.324	101.5889
8008.301423	81.312	101.2588
8008.667634	81.321	100.9668
8009.033845	81.339	100.5146
8009.400056	81.332	99.9922
8009.766267	81.317	99.6582
8010.132478	81.331	99.3477
8010.498689	81.346	98.8398
8010.864900	81.334	98.3398
8011.231111	81.323	97.9961
8011.597322	81.330	97.6514
8011.963532	81.339	97.2178
8012.329743	81.339	96.7520
8012.695954	81.331	96.3320
8013.062165	81.330	95.9824
8013.428376	81.342	95.5791
8013.794587	81.343	95.0801
8014.160798	81.329	94.6602
8014.527009	81.328	94.3350
8014.893220	81.337	93.9336
8015.259431	81.336	93.4990
8015.625642	81.336	93.1377
8015.991853	81.348	92.7314
8016.358064	81.350	92.2432
8016.724275	81.339	91.8389
8017.090486	81.344	91.5088
8017.456697	81.359	91.0771
8017.822908	81.360	90.5684
8018.189119	81.349	90.1260
8018.555330	81.341	89.7656
8018.921541	81.344	89.4199
8019.287752	81.353	89.0186
8019.653963	81.354	88.5508
8020.020174	81.342	88.1357
8020.386385	81.338	87.8311
8020.752596	81.351	87.4844
8021.118807	81.360	87.0195
8021.485018	81.353	86.5771
8021.851229	81.348	86.2129
8022.217440	81.351	85.8457
8022.583651	81.355	85.4580
8022.949861	81.363	85.0508
8023.316072	81.367	84.5781
8023.682283	81.356	84.1094
8024.048494	81.341	83.7617
8024.414705	81.344	83.4658
8024.780916	81.358	83.0918
8025.147127	81.369	82.6445
8025.513338	81.373	82.1660
8025.879549	81.369	81.6934
8026.245760	81.360	81.2803
8026.611971	81.359	80.9111
8026.978182	81.367	80.5020
8027.344393	81.370	80.0254
8027.710604	81.361	79.5479
8028.076815	81.345	79.1660
8028.443026	81.343	78.8564
8028.809237	81.352	78.4814
8029.175448	81.353	78.0625
8029.541659	81.355	77.7139
8029.907870	81.372	77.3047
8030.274081	81.375	76.7549
8030.640292	81.354	76.3057
8031.006503	81.346	76.0049
8031.372714	81.353	75.6260
8031.738925	81.347	75.2070
8032.105136	81.342	74.8906
8032.471347	81.355	74.5391
8032.837558	81.361	74.0859
8033.203769	81.356	73.6807
8033.569980	81.361	73.3154
8033.936191	81.369	72.8887
8034.302401	81.370	72.4414
8034.668612	81.371	72.0010
8035.034823	81.369	71.5400
8035.401034	81.360	71.0986
8035.767245	81.351	70.7129
8036.133456	81.348	70.3467
8036.499667	81.350	69.9648
8036.865878	81.354	69.5596
8037.232089	81.356	69.1348
8037.598300	81.356	68.6885
8037.964511	81.349	68.2568
8038.330722	81.342	67.8896
8038.696933	81.347	67.5195
8039.063144	81.349	67.0742
8039.429355	81.339	66.6729
8039.795566	81.340	66.3486
8040.161777	81.351	65.9355
8040.527988	81.346	65.4795
8040.894199	81.338	65.1553
8041.260410	81.353	64.8379
8041.626621	81.370	64.3652
8041.992832	81.367	63.8584
8042.359043	81.357	63.4473
8042.725254	81.355	63.0850
8043.091465	81.361	62.7021
8043.457676	81.368	62.2783
8043.823887	81.370	61.8301
8044.190098	81.369	61.3730
8044.556309	81.360	60.9258
8044.922520	81.347	60.5693
8045.288731	81.350	60.2695
8045.654941	81.365	59.8750
8046.021152	81.369	59.4150
8046.387363	81.370	58.9863
8046.753574	81.371	58.5303
8047.119785	81.360	58.0947
8047.485996	81.355	57.7529
8047.852207	81.364	57.3457
8048.218418	81.357	56.8643
8048.584629	81.341	56.5156
8048.950840	81.346	56.2139
8049.317051	81.355	55.7891
8049.683262	81.351	55.3516
8050.049473	81.345	54.9785
8050.415684	81.344	54.6260
8050.781895	81.351	54.2764
8051.148106	81.365	53.8496
8051.514317	81.365	53.3477
8051.880528	81.354	52.9336
8052.246739	81.356	52.5703
8052.612950	81.361	52.1055
8052.979161	81.348	51.6436
8053.345372	81.336	51.3086
8053.711583	81.342	50.9844
8054.077794	81.352	50.5488
8054.444005	81.347	50.0898
8054.810216	81.340	49.7178
8055.176427	81.347	49.3535
8055.542638	81.355	48.8887
8055.908849	81.348	48.4150
8056.275060	81.340	48.0137
8056.641270	81.337	47.6143
8057.007481	81.331	47.2119
8057.373692	81.328	46.8584
8057.739903	81.336	46.4746
8058.106114	81.339	46.0186
8058.472325	81.332	45.5879
8058.838536	81.327	45.2119
8059.204747	81.330	44.8398
8059.570958	81.338	44.4199
8059.937169	81.338	43.9355
8060.303380	81.322	43.5127
8060.669591	81.319	43.2246
8061.035802	81.340	42.8350
8061.402013	81.340	42.2734
8061.768224	81.314	41.8896
8062.134435	81.320	41.6758
8062.500646	81.350	41.2295
8062.866857	81.344	40.6611
8063.233068	81.329	40.3076
8063.599279	81.343	39.9434
8063.965490	81.343	39.4219
8064.331701	81.325	39.0371
8064.697912	81.333	38.7344
8065.064123	81.346	38.2373
8065.430334	81.329	37.7422
8065.796545	81.314	37.4287
8066.162756	81.320	37.0889
8066.528967	81.319	36.6846
8066.895178	81.319	36.3408
8067.261389	81.333	35.9463
8067.627600	81.337	35.4355
8067.993810	81.323	34.9766
8068.360021	81.312	34.6182
8068.726232	81.311	34.2637
8069.092443	81.315	33.8789
8069.458654	81.319	33.4551
8069.824865	81.315	33.0068
8070.191076	81.306	32.6143
8070.557287	81.306	32.2705
8070.923498	81.314	31.8877
8071.289709	81.322	31.4492
8071.655920	81.325	30.9639
8072.022131	81.314	30.4980
8072.388342	81.303	30.1426
8072.754553	81.309	29.7939
8073.120764	81.313	29.3447
8073.486975	81.304	28.9463
8073.853186	81.309	28.6113
8074.219397	81.320	28.1592
8074.585608	81.311	27.6982
8074.951819	81.303	27.3750
8075.318030	81.316	27.0156
8075.684241	81.323	26.5420
8076.050452	81.316	26.0859
8076.416663	81.305	25.6865
8076.782874	81.295	25.3594
8077.149085	81.302	25.0625
8077.515296	81.318	24.6426
8077.881507	81.316	24.1670
8078.247718	81.312	23.7891
8078.613929	81.321	23.3643
8078.980139	81.315	22.8398
8079.346350	81.291	22.4492
8079.712561	81.287	22.1787
8080.078772	81.299	21.7949
8080.444983	81.297	21.3320
8080.811194	81.287	20.9492
8081.177405	81.286	20.6064
8081.543616	81.290	20.2295
8081.909827	81.295	19.8428
8082.276038	81.305	19.4258
8082.642249	81.309	18.9219
8083.008460	81.293	18.4521
8083.374671	81.279	18.1504
8083.740882	81.294	17.8467
8084.107093	81.311	17.3457
8084.473304	81.299	16.8242
8084.839515	81.285	16.4688
8085.205726	81.290	16.1123
8085.571937	81.289	15.6602
8085.938148	81.277	15.2920
8086.304359	81.284	14.9912
8086.670570	81.302	14.5342
8087.036781	81.294	13.9961
8087.402992	81.272	13.6143
8087.769203	81.269	13.3320
8088.135414	81.280	12.9727
8088.501625	81.287	12.5361
8088.867836	81.287	12.0938
8089.234047	81.284	11.6572
8089.600258	81.277	11.2471
8089.966469	81.271	10.8721
8090.332679	81.271	10.4971
8090.698890	81.272	10.0967
8091.065101	81.268	9.7070
8091.431312	81.270	9.3535
8091.797523	81.281	8.9541
8092.163734	81.283	8.4492
8092.529945	81.265	8.0098
8092.896156	81.257	7.7354
8093.262367	81.276	7.3760
8093.628578	81.279	6.8291
8093.994789	81.254	6.4180
8094.361000	81.252	6.1875
8094.727211	81.274	5.7979
8095.093422	81.274	5.2705
8095.459633	81.259	4.8779
8095.825844	81.261	4.5469
8096.192055	81.268	4.1133
8096.558266	81.261	3.6670
8096.924477	81.252	3.3027
8097.290688	81.255	2.9502
8097.656899	81.259	2.5400
8098.023110	81.256	2.1250
8098.389321	81.256	1.7568
8098.755532	81.265	1.3408
8099.121743	81.262	0.8477
8099.487954	81.246	0.4443
8099.854165	81.244	0.1338
8100.220376	81.255	-0.2725
8100.586587	81.251	-0.7451
8100.952798	81.240	-1.1328
8101.319008	81.239	-1.4863
8101.685219	81.240	-1.8701
8102.051430	81.243	-2.2607
8102.417641	81.246	-2.6768
8102.783852	81.244	-3.1074
8103.150063	81.242	-3.5029
8103.516274	81.245	-3.9189
8103.882485	81.241	-4.3838
8104.248696	81.228	-4.8037
8104.614907	81.218	-5.1465
8104.981118	81.219	-5.4854
8105.347329	81.224	-5.8652
8105.713540	81.227	-6.2930
8106.079751	81.221	-6.7217
8106.445962	81.214	-7.0762
8106.812173	81.220	-7.4189
8107.178384	81.231	-7.8545
8107.544595	81.229	-8.3330
8107.910806	81.219	-8.7617
8108.277017	81.211	-9.1309
8108.643228	81.212	-9.4844
8109.009439	81.218	-9.8828
8109.375650	81.218	-10.3115
8109.741861	81.217	-10.7168
8110.108072	81.218	-11.1318
8110.474283	81.213	-11.5566
8110.840494	81.209	-11.9287
8111.206705	81.214	-12.3145
8111.572916	81.215	-12.7598
8111.939127	81.208	-13.1699
8112.305338	81.207	-13.5459
8112.671548	81.206	-13.9561
8113.037759	81.201	-14.3525
8113.403970	81.200	-14.7217
8113.770181	81.201	-15.1172
8114.136392	81.199	-15.5186
8114.502603	81.196	-15.8975
8114.868814	81.196	-16.2725
8115.235025	81.197	-16.6484
8115.601236	81.201	-17.0469
8115.967447	81.201	-17.4707
8116.333658	81.197	-17.8691
8116.699869	81.197	-18.2441
8117.066080	81.200	-18.6553
8117.432291	81.196	-19.0879
8117.798502	81.187	-19.4727
8118.164713	81.185	-19.8105
8118.530924	81.191	-20.1768
8118.897135	81.195	-20.5889
8119.263346	81.195	-21.0029
8119.629557	81.193	-21.4023
8119.995768	81.193	-21.7891
8120.361979	81.196	-22.1729
8120.728190	81.200	-22.5967
8121.094401	81.197	-23.0371
8121.460612	81.193	-23.4268
8121.826823	81.195	-23.8242
8122.193034	81.193	-24.2803
8122.559245	81.180	-24.6846
8122.925456	81.173	-25.0137
8123.291667	81.175	-25.3672
8123.657878	81.176	-25.7295
8124.024088	81.186	-26.0928
8124.390299	81.198	-26.5684
8124.756510	81.187	-27.0938
8125.122721	81.164	-27.4688
8125.488932	81.161	-27.7402
8125.855143	81.175	-28.1104
8126.221354	81.179	-28.5869
8126.587565	81.169	-29.0332
8126.953776	81.159	-29.3965
8127.319987	81.160	-29.7412
8127.686198	81.165	-30.1406
8128.052409	81.163	-30.5771
8128.418620	81.155	-30.9688
8128.784831	81.153	-31.2969
8129.151042	81.164	-31.6514
8129.517253	81.176	-32.1064
8129.883464	81.174	-32.6006
8130.249675	81.162	-33.0303
8130.615886	81.154	-33.3936
8130.982097	81.154	-33.7559
8131.348308	81.155	-34.1475
8131.714519	81.153	-34.5488
8132.080730	81.151	-34.9336
8132.446941	81.151	-35.3164
8132.813152	81.150	-35.7314
8133.179363	81.141	-36.1230
8133.545574	81.138	-36.4521
8133.911785	81.146	-36.8340
8134.277996	81.142	-37.2842
8134.644207	81.128	-37.6367
8135.010417	81.134	-37.9209
8135.376628	81.151	-38.3447
8135.742839	81.148	-38.8604
8136.109050	81.132	-39.2734
8136.475261	81.125	-39.6113
8136.841472	81.124	-39.9727
8137.207683	81.125	-40.3281
8137.573894	81.135	-40.7100
8137.940105	81.141	-41.1992
8138.306316	81.125	-41.6729
8138.672527	81.110	-41.9971
8139.038738	81.115	-42.3047
8139.404949	81.123	-42.7041
8139.771160	81.126	-43.1074
8140.137371	81.132	-43.5352
8140.503582	81.128	-44.0107
8140.869793	81.114	-44.3896
8141.236004	81.116	-44.7139
8141.602215	81.121	-45.1377
8141.968426	81.112	-45.5332
8142.334637	81.114	-45.8418
8142.700848	81.128	-46.2637
8143.067059	81.121	-46.7246
8143.433270	81.115	-47.0410
8143.799481	81.133	-47.4258
8144.165692	81.135	-47.9873
8144.531903	81.108	-48.4297
8144.898114	81.096	-48.7041
8145.264325	81.102	-49.0586
8145.630536	81.096	-49.4531
8145.996747	81.092	-49.7510
8146.362957	81.107	-50.0869
8146.729168	81.119	-50.5557
8147.095379	81.114	-51.0303
8147.461590	81.106	-51.4443
8147.827801	81.100	-51.8340
8148.194012	81.096	-52.2100
8148.560223	81.096	-52.5977
8148.926434	81.093	-53.0205
8149.292645	81.082	-53.4102
8149.658856	81.076	-53.7100
8150.025067	81.090	-54.0400
8150.391278	81.102	-54.5312
8150.757489	81.086	-55.0264
8151.123700	81.068	-55.3281
8151.489911	81.079	-55.6055
8151.856122	81.094	-56.0645
8152.222333	81.085	-56.5654
8152.588544	81.068	-56.9316
8152.954755	81.066	-57.2256
8153.320966	81.076	-57.5742
8153.687177	81.083	-58.0078
8154.053388	81.081	-58.4424
8154.419599	81.077	-58.8311
8154.785810	81.076	-59.2236
8155.152021	81.073	-59.6045
8155.518232	81.076	-59.9395
8155.884443	81.090	-60.3359
8156.250654	81.097	-60.8242
8156.616865	81.091	-61.2998
8156.983076	81.081	-61.7383
8157.349286	81.068	-62.1348
8157.715497	81.058	-62.4570
8158.081708	81.060	-62.7871
8158.447919	81.061	-63.1631
8158.814130	81.060	-63.5029
8159.180341	81.070	-63.8398
8159.546552	81.084	-64.2705
8159.912763	81.085	-64.7500
8160.278974	81.077	-65.1963
8160.645185	81.067	-65.5850
8161.011396	81.064	-65.9385
8161.377607	81.065	-66.3340
8161.743818	81.059	-66.7559
8162.110029	81.048	-67.1045
8162.476240	81.048	-67.4141
8162.842451	81.056	-67.7744
8163.208662	81.063	-68.1660
8163.574873	81.071	-68.5947
8163.941084	81.069	-69.0791
8164.307295	81.053	-69.4834
8164.673506	81.052	-69.7695
8165.039717	81.071	-70.1641
8165.405928	81.072	-70.7100
8165.772139	81.048	-71.1504
8166.138350	81.036	-71.4287
8166.504561	81.042	-71.7334
8166.870772	81.050	-72.1035
8167.236983	81.060	-72.5000
8167.603194	81.065	-72.9668
8167.969405	81.054	-73.4258
8168.335616	81.040	-73.7480
8168.701826	81.048	-74.0518
8169.068037	81.058	-74.4893
8169.434248	81.050	-74.9375
8169.800459	81.040	-75.2666
8170.166670	81.047	-75.5947
8170.532881	81.055	-76.0127
8170.899092	81.053	-76.4395
8171.265303	81.051	-76.8379
8171.631514	81.050	-77.2471
8171.997725	81.045	-77.6611
8172.363936	81.037	-78.0430
8172.730147	81.035	-78.3838
8173.096358	81.043	-78.7637
8173.462569	81.043	-79.2334
8173.828780	81.026	-79.6309
8174.194991	81.025	-79.9053
8174.561202	81.040	-80.2998
8174.927413	81.034	-80.7822
8175.293624	81.019	-81.0762
8175.659835	81.038	-81.3398
8176.026046	81.062	-81.8320
8176.392257	81.056	-82.3535
8176.758468	81.046	-82.7520
8177.124679	81.043	-83.1455
8177.490890	81.037	-83.5254
8177.857101	81.037	-83.8760
8178.223312	81.039	-84.2812
8178.589523	81.032	-84.6738
8178.955734	81.030	-85.0020
8179.321945	81.037	-85.3750
8179.688156	81.037	-85.7979
8180.054366	81.031	-86.1934
8180.420577	81.025	-86.5674
8180.786788	81.019	-86.8984
8181.152999	81.025	-87.2051
8181.519210	81.038	-87.6035
8181.885421	81.039	-88.0664
8182.251632	81.031	-88.4590
8182.617843	81.031	-88.8164
8182.984054	81.034	-89.2129
8183.350265	81.035	-89.6045
8183.716476	81.040	-90.0146
8184.082687	81.039	-90.4922
8184.448898	81.022	-90.9004
8184.815109	81.015	-91.1787
8185.181320	81.031	-91.5205
8185.547531	81.038	-91.9922
8185.913742	81.030	-92.4219
8186.279953	81.028	-92.7832
8186.646164	81.032	-93.1904
8187.012375	81.027	-93.6123
8187.378586	81.020	-93.9736
8187.744797	81.020	-94.3096
8188.111008	81.028	-94.6699
8188.477219	81.037	-95.0986
8188.843430	81.034	-95.5791
8189.209641	81.019	-95.9824
8189.575852	81.011	-96.2900
8189.942063	81.015	-96.6133
8190.308274	81.023	-96.9756
8190.674485	81.035	-97.3818
8191.040695	81.039	-97.8672
8191.406906	81.027	-98.3154
8191.773117	81.021	-98.6729
8192.139328	81.023	-99.0723
8192.505539	81.017	-99.4951
8192.871750	81.011	-99.8506
8193.237961	81.013	-100.2324
8193.604172	81.006	-100.6260
8193.970383	81.004	-100.9180
8194.336594	81.024	-101.2627
8194.702805	81.036	-101.7725
8195.069016	81.027	-102.2344
8195.435227	81.024	-102.6025
8195.801438	81.026	-103.0381
8196.167649	81.013	-103.4531
8196.533860	81.008	-103.7432
8196.900071	81.021	-104.1006
8197.266282	81.021	-104.5664
8197.632493	81.007	-104.9170
8197.998704	81.012	-105.1758
8198.364915	81.031	-105.5732
8198.731126	81.031	-106.0518
8199.097337	81.021	-106.4326
8199.463548	81.020	-106.7666
8199.829759	81.022	-107.1348
8200.195970	81.022	-107.5000
8200.562181	81.025	-107.8594
8200.928392	81.030	-108.2324
8201.294603	81.036	-108.6309
8201.660814	81.039	-109.0908
8202.027025	81.025	-109.5410
8202.393235	81.009	-109.8496
8202.759446	81.015	-110.1211
8203.125657	81.028	-110.5176
8203.491868	81.026	-110.9434
8203.858079	81.025	-111.3027
8204.224290	81.032	-111.6807
8204.590501	81.036	-112.0947
8204.956712	81.039	-112.5039
8205.322923	81.041	-112.9258
8205.689134	81.039	-113.3389
8206.055345	81.039	-113.7305
8206.421556	81.039	-114.1357
8206.787767	81.037	-114.5225
8207.153978	81.040	-114.8965
8207.520189	81.043	-115.3223
8207.886400	81.036	-115.7070
8208.252611	81.040	-116.0166
8208.618822	81.057	-116.4346
8208.985033	81.055	-116.9375
8209.351244	81.041	-117.3057
8209.717455	81.048	-117.6289
8210.083666	81.057	-118.0986
8210.449877	81.042	-118.5781
8210.816088	81.023	-118.9014
8211.182299	81.021	-119.1660
8211.548510	81.031	-119.4941
8211.914721	81.039	-119.8838
8212.280932	81.042	-120.2969
8212.647143	81.039	-120.6924
8213.013354	81.039	-121.0527
8213.379564	81.045	-121.4258
8213.745775	81.051	-121.8594
8214.111986	81.045	-122.3105
8214.478197	81.033	-122.6699
8214.844408	81.036	-122.9639
8215.210619	81.053	-123.3662
8215.576830	81.053	-123.8633
8215.943041	81.039	-124.2422
8216.309252	81.043	-124.5439
8216.675463	81.057	-124.9707
8217.041674	81.053	-125.4473
8217.407885	81.044	-125.8213
8217.774096	81.044	-126.1670
8218.140307	81.045	-126.5391
8218.506518	81.048	-126.8779
8218.872729	81.063	-127.2432
8219.238940	81.077	-127.7373
8219.605151	81.066	-128.2637
8219.971362	81.042	-128.6240
8220.337573	81.040	-128.8604
8220.703784	81.060	-129.2246
8221.069995	81.061	-129.7168
8221.436206	81.045	-130.0996
8221.802417	81.044	-130.3828
8222.168628	81.054	-130.7305
8222.534839	81.061	-131.1250
8222.901050	81.067	-131.5342
8223.267261	81.069	-131.9775
8223.633472	81.062	-132.3779
8223.999683	81.062	-132.7246
8224.365894	81.070	-133.1270
8224.732104	81.069	-133.5781
8225.098315	81.059	-133.9902
8225.464526	81.050	-134.3223
8225.830737	81.055	-134.6104
8226.196948	81.074	-134.9883
8226.563159	81.081	-135.4922
8226.929370	81.069	-135.9307
8227.295581	81.065	-136.2588
8227.661792	81.073	-136.6572
8228.028003	81.068	-137.1055
8228.394214	81.057	-137.4512
8228.760425	81.062	-137.7598
8229.126636	81.071	-138.1465
8229.492847	81.072	-138.5576
8229.859058	81.072	-138.9307
8230.225269	81.076	-139.2959
8230.591480	81.084	-139.6963
8230.957691	81.087	-140.1270
8231.323902	81.086	-140.5420
8231.690113	81.087	-140.9492
8232.056324	81.085	-141.3975
8232.422535	81.071	-141.8154
8232.788746	81.059	-142.1152
8233.154957	81.067	-142.4082
8233.521168	81.078	-142.8125
8233.887379	81.076	-143.2373
8234.253590	81.073	-143.5947
8234.619801	81.079	-143.9512
8234.986012	81.084	-144.3604
8235.352223	81.081	-144.7676
8235.718433	81.078	-145.1113
8236.084644	81.087	-145.4385
8236.450855	81.104	-145.8750
8236.817066	81.100	-146.3906
8237.183277	81.080	-146.7725
8237.549488	81.079	-147.0215
8237.915699	81.098	-147.3789
8238.281910	81.103	-147.8555
8238.648121	81.094	-148.2402
8239.014332	81.100	-148.5615
8239.380543	81.114	-148.9951
8239.746754	81.110	-149.4795
8240.112965	81.097	-149.8574
8240.479176	81.098	-150.1709
8240.845387	81.109	-150.5625
8241.211598	81.110	-151.0215
8241.577809	81.099	-151.4180
8241.944020	81.098	-151.7314
8242.310231	81.111	-152.0996
8242.676442	81.116	-152.5732
8243.042653	81.104	-152.9951
8243.408864	81.101	-153.2881
8243.775075	81.119	-153.6504
8244.141286	81.126	-154.1738
8244.507497	81.107	-154.6084
8244.873708	81.102	-154.8672
8245.239919	81.122	-155.2236
8245.606130	81.127	-155.7148
8245.972341	81.119	-156.1162
8246.338552	81.122	-156.4932
8246.704763	81.117	-156.9297
8247.070973	81.103	-157.2305
8247.437184	81.118	-157.4668
8247.803395	81.144	-157.9111
8248.169606	81.141	-158.4297
8248.535817	81.129	-158.7910
8248.902028	81.133	-159.1045
8249.268239	81.144	-159.4854
8249.634450	81.150	-159.9131
8250.000661	81.148	-160.3525
8250.366872	81.142	-160.7402
8250.733083	81.141	-161.0986
8251.099294	81.141	-161.4854
8251.465505	81.138	-161.8281
8251.831716	81.150	-162.1689
8252.197927	81.162	-162.6494
8252.564138	81.150	-163.1387
8252.930349	81.136	-163.4893
8253.296560	81.136	-163.8262
8253.662771	81.135	-164.1943
8254.028982	81.138	-164.5430
8254.395193	81.145	-164.9463
8254.761404	81.141	-165.3691
8255.127615	81.138	-165.6914
8255.493826	81.154	-166.0488
8255.860037	81.163	-166.5459
8256.226248	81.152	-166.9932
8256.592459	81.149	-167.3311
8256.958670	81.158	-167.7295
8257.324881	81.156	-168.1777
8257.691092	81.148	-168.5420
8258.057303	81.153	-168.8662
8258.423513	81.164	-169.2559
8258.789724	81.169	-169.6836
8259.155935	81.171	-170.0918
8259.522146	81.175	-170.4961
8259.888357	81.177	-170.9219
8260.254568	81.173	-171.3389
8260.620779	81.170	-171.7080
8260.986990	81.172	-172.0752
8261.353201	81.173	-172.4756
8261.719412	81.169	-172.8438
8262.085623	81.172	-173.1816
8262.451834	81.177	-173.5605
8262.818045	81.178	-173.9287
8263.184256	81.188	-174.2734
8263.550467	81.201	-174.7217
8263.916678	81.194	-175.2061
8264.282889	81.183	-175.5566
8264.649100	81.189	-175.8926
8265.015311	81.193	-176.3291
8265.381522	81.185	-176.7344
8265.747733	81.182	-177.0840
8266.113944	81.182	-177.4639
8266.480155	81.178	-177.8125
8266.846366	81.184	-178.1211
8267.212577	81.200	-178.5156
8267.578788	81.205	-178.9814
8267.944999	81.200	-179.4072
8268.311210	81.198	-179.7803
8268.677421	81.203	179.8389
8269.043632	81.208	179.4023
8269.409842	81.202	178.9639
8269.776053	81.196	178.6074
8270.142264	81.202	178.2510
8270.508475	81.206	177.8213
8270.874686	81.201	177.4307
8271.240897	81.205	177.0781
8271.607108	81.211	176.6572
8271.973319	81.206	176.2598
8272.339530	81.210	175.9287
8272.705741	81.223	175.5068
8273.071952	81.220	175.0547
8273.438163	81.219	174.7139
8273.804374	81.235	174.2998
8274.170585	81.232	173.7539
8274.536796	81.206	173.3770
8274.903007	81.207	173.1543
8275.269218	81.228	172.7891
8275.635429	81.236	172.3164
8276.001640	81.235	171.8799
8276.367851	81.232	171.4404
8276.734062	81.221	171.0410
8277.100273	81.217	170.7217
8277.466484	81.223	170.3711
8277.832695	81.227	169.9951
8278.198906	81.236	169.6260
8278.565117	81.246	169.1729
8278.931328	81.239	168.7061
8279.297539	81.229	168.3613
8279.663750	81.237	168.0244
8280.029961	81.243	167.5967
8280.396172	81.239	167.1836
8280.762382	81.236	166.8379
8281.128593	81.243	166.4922
8281.494804	81.251	166.0869
8281.861015	81.251	165.6768
8282.227226	81.252	165.3438
8282.593437	81.271	164.9727
8282.959648	81.282	164.4482
8283.325859	81.267	163.9678
8283.692070	81.255	163.6572
8284.058281	81.263	163.3408
8284.424492	81.272	162.9482
8284.790703	81.279	162.5527
8285.156914	81.286	162.1270
8285.523125	81.287	161.6836
8285.889336	81.285	161.2705
8286.255547	81.281	160.8467
8286.621758	81.269	160.4756
8286.987969	81.268	160.2236
8287.354180	81.293	159.8877
8287.720391	81.308	159.3643
8288.086602	81.297	158.8799
8288.452813	81.289	158.5049
8288.819024	81.287	158.1152
8289.185235	81.280	157.7510
8289.551446	81.284	157.4326
8289.917657	81.294	157.0391
8290.283868	81.294	156.6172
8290.650079	81.294	156.2373
8291.016290	81.296	155.8320
8291.382501	81.291	155.4580
8291.748711	81.297	155.1455
8292.114922	81.313	154.7197
8292.481133	81.307	154.2441
8292.847344	81.299	153.9268
8293.213555	81.316	153.5986
8293.579766	81.327	153.1240
8293.945977	81.322	152.7070
8294.312188	81.332	152.3379
8294.678399	81.340	151.8311
8295.044610	81.323	151.3691
8295.410821	81.315	151.0947
8295.777032	81.336	150.7373
8296.143243	81.341	150.1973
8296.509454	81.320	149.7695
8296.875665	81.314	149.5029
8297.241876	81.327	149.1504
8297.608087	81.330	148.7266
8297.974298	81.330	148.3828
8298.340509	81.347	148.0059
8298.706720	81.355	147.4971
8299.072931	81.341	147.0391
8299.439142	81.334	146.7188
8299.805353	81.345	146.3574
8300.171564	81.348	145.8916
8300.537775	81.337	145.4922
8300.903986	81.338	145.1816
8301.270197	81.352	144.7695
8301.636408	81.346	144.2920
8302.002619	81.333	143.9658
8302.368830	81.346	143.6777
8302.735041	81.363	143.2061
8303.101251	81.351	142.7383
8303.467462	81.346	142.4434
8303.833673	81.365	142.0811
8304.199884	81.370	141.5703
8304.566095	81.355	141.1729
8304.932306	81.358	140.8955
8305.298517	81.378	140.5117
8305.664728	81.387	140.0293
8306.030939	81.386	139.5771
8306.397150	81.384	139.1455
8306.763361	81.377	138.7334
8307.129572	81.373	138.4014
8307.495783	81.385	138.0547
8307.861994	81.394	137.5791
8308.228205	81.383	137.1426
8308.594416	81.382	136.8555
8308.960627	81.406	136.4473
8309.326838	81.405	135.8457
8309.693049	81.369	135.4336
8310.059260	81.361	135.2764
8310.425471	81.391	134.9775
8310.791682	81.406	134.4541
8311.157893	81.395	133.9844
8311.524104	81.388	133.6367
8311.890315	81.393	133.2803
8312.256526	81.398	132.8711
8312.622737	81.398	132.4512
8312.988948	81.394	132.0605
8313.355159	81.395	131.7021
8313.721370	81.403	131.3252
8314.087581	81.410	130.8975
8314.453791	81.411	130.4609
8314.820002	81.411	130.0498
8315.186213	81.414	129.6260
8315.552424	81.411	129.1699
8315.918635	81.399	128.7725
8316.284846	81.396	128.4619
8316.651057	81.409	128.0928
8317.017268	81.412	127.6367
8317.383479	81.404	127.2627
8317.749690	81.413	126.9473
8318.115901	81.430	126.4951
8318.482112	81.424	126.0029
8318.848323	81.414	125.6729
8319.214534	81.431	125.3447
8319.580745	81.444	124.8379
8319.946956	81.431	124.3584
8320.313167	81.421	124.0479
8320.679378	81.433	123.7246
8321.045589	81.445	123.2988
8321.411800	81.449	122.8623
8321.778011	81.453	122.4248
8322.144222	81.452	121.9688
8322.510433	81.443	121.5518
8322.876644	81.438	121.2021
8323.242855	81.442	120.8486
8323.609066	81.448	120.4463
8323.975277	81.449	120.0537
8324.341488	81.456	119.6699
8324.707699	81.463	119.2109
8325.073910	81.454	118.7656
8325.440120	81.449	118.4355
8325.806331	81.460	118.0605
8326.172542	81.462	117.5908
8326.538753	81.451	117.2061
8326.904964	81.454	116.8770
8327.271175	81.462	116.4834
8327.637386	81.464	116.0820
8328.003597	81.467	115.6768
8328.369808	81.463	115.2734
8328.736019	81.462	114.9570
8329.102230	81.480	114.5996
8329.468441	81.488	114.1025
8329.834652	81.477	113.6855
8330.200863	81.479	113.3682
8330.567074	81.492	112.9473
8330.933285	81.489	112.5010
8331.299496	81.488	112.1387
8331.665707	81.497	111.7285
8332.031918	81.495	111.2686
8332.398129	81.488	110.8770
8332.764340	81.488	110.5010
8333.130551	81.486	110.1055
8333.496762	81.483	109.7568
8333.862973	81.493	109.4121
8334.229184	81.505	108.9873
8334.595395	81.509	108.5186
8334.961606	81.506	108.0703
8335.327817	81.500	107.6631
8335.694028	81.499	107.2930
8336.060239	81.505	106.9082
8336.426450	81.510	106.4775
8336.792660	81.510	106.0498
8337.158871	81.511	105.6387
8337.525082	81.511	105.2188
8337.891293	81.511	104.8154
8338.257504	81.513	104.4062
8338.623715	81.510	103.9717
8338.989926	81.500	103.6133
8339.356137	81.506	103.3096
8339.722348	81.519	102.9170
8340.088559	81.521	102.5039
8340.454770	81.529	102.1484
8340.820981	81.546	101.7129
8341.187192	81.547	101.1963
8341.553403	81.534	100.7744
8341.919614	81.532	100.4375
8342.285825	81.539	100.0537
8342.652036	81.541	99.6191
8343.018247	81.534	99.2334
8343.384458	81.537	98.9141
8343.750669	81.553	98.5127
8344.116880	81.554	98.0166
8344.483091	81.541	97.6230
8344.849302	81.545	97.3125
8345.215513	81.559	96.8945
8345.581724	81.560	96.4189
8345.947935	81.554	96.0088
8346.314146	81.554	95.6201
8346.680357	81.555	95.2061
8347.046568	81.552	94.7773
8347.412779	81.543	94.3926
8347.778989	81.542	94.0957
8348.145200	81.563	93.7363
8348.511411	81.577	93.2012
8348.877622	81.563	92.6846
8349.243833	81.549	92.3076
8349.610044	81.544	91.9463
8349.976255	81.538	91.6045
8350.342466	81.544	91.3232
8350.708677	81.568	90.9287
8351.074888	81.574	90.3975
8351.441099	81.560	89.9570
8351.807310	81.555	89.6416
8352.173521	81.566	89.2861
8352.539732	81.574	88.8613
8352.905943	81.576	88.4404
8353.272154	81.578	88.0381
8353.638365	81.581	87.6445
8354.004576	81.588	87.2373
8354.370787	81.594	86.7861
8354.736998	81.591	86.3164
8355.103209	81.579	85.9102
8355.469420	81.574	85.5869
8355.835631	81.584	85.2441
8356.201842	81.594	84.8096
8356.568053	81.591	84.3818
8356.934264	81.593	84.0107
8357.300475	81.602	83.5869
8357.666686	81.599	83.1240
8358.032897	81.591	82.7461
8358.399108	81.595	82.3877
8358.765319	81.598	81.9639
8359.131529	81.593	81.5908
8359.497740	81.603	81.2686
8359.863951	81.624	80.8184
8360.230162	81.625	80.2783
8360.596373	81.611	79.8408
8360.962584	81.608	79.4834
8361.328795	81.613	79.0752
8361.695006	81.610	78.6436
8362.061217	81.606	78.2607
8362.427428	81.609	77.8896
8362.793639	81.614	77.4795
8363.159850	81.613	77.0449
8363.526061	81.607	76.6514
8363.892272	81.607	76.3086
8364.258483	81.617	75.9209
8364.624694	81.619	75.4570
8364.990905	81.608	75.0557
8365.357116	81.608	74.7373
8365.723327	81.618	74.3496
8366.089538	81.617	73.9150
8366.455749	81.613	73.5596
8366.821960	81.622	73.1943
8367.188171	81.627	72.7500
8367.554382	81.622	72.3594
8367.920593	81.629	72.0000
8368.286804	81.638	71.5420
8368.653015	81.630	71.0928
8369.019226	81.627	70.7480
8369.385437	81.640	70.3477
8369.751648	81.643	69.8408
8370.117858	81.628	69.4033
8370.484069	81.621	69.0674
8370.850280	81.626	68.7197
8371.216491	81.634	68.3418
8371.582702	81.645	67.9170
8371.948913	81.647	67.4258
8372.315124	81.634	66.9990
8372.681335	81.630	66.6973
8373.047546	81.645	66.3467
8373.413757	81.654	65.8838
8373.779968	81.650	65.4697
8374.146179	81.655	65.1064
8374.512390	81.664	64.6670
8374.878601	81.660	64.2051
8375.244812	81.650	63.8281
8375.611023	81.650	63.4922
8375.977234	81.657	63.1250
8376.343445	81.663	62.7188
8376.709656	81.665	62.2939
8377.075867	81.663	61.8857
8377.442078	81.662	61.4951
8377.808289	81.661	61.0850
8378.174500	81.655	60.7041
8378.540711	81.657	60.3799
8378.906922	81.672	59.9795
8379.273133	81.675	59.4736
8379.639344	81.660	59.0488
8380.005555	81.658	58.7305
8380.371766	81.670	58.3477
8380.737977	81.676	57.8760
8381.104188	81.671	57.4053
8381.470398	81.661	56.9951
8381.836609	81.657	56.6650
8382.202820	81.672	56.2891
8382.569031	81.680	55.7676
8382.935242	81.664	55.2822
8383.301453	81.651	54.9561
8383.667664	81.659	54.6104
8384.033875	81.663	54.1621
8384.400086	81.654	53.7510
8384.766297	81.651	53.4189
8385.132508	81.658	53.0742
8385.498719	81.667	52.6758
8385.864930	81.672	52.2539
8386.231141	81.675	51.8291
8386.597352	81.674	51.4053
8386.963563	81.671	51.0127
8387.329774	81.675	50.6318
8387.695985	81.679	50.1982
8388.062196	81.673	49.7695
8388.428407	81.669	49.4150
8388.794618	81.676	49.0381
8389.160829	81.678	48.5957
8389.527040	81.673	48.1924
8389.893251	81.674	47.8193
8390.259462	81.677	47.4141
8390.625673	81.678	47.0176
8390.991884	81.683	46.6172
8391.358095	81.687	46.1660
8391.724306	81.682	45.7275
8392.090517	81.679	45.3252
8392.456728	81.676	44.9141
8392.822938	81.671	44.5381
8393.189149	81.676	44.1885
8393.555360	81.687	43.7529
8393.921571	81.682	43.2715
8394.287782	81.669	42.8945
8394.653993	81.671	42.5820
8395.020204	81.685	42.1934
8395.386415	81.690	41.7285
8395.752626	81.684	41.2930
8396.118837	81.680	40.9355
8396.485048	81.690	40.5615
8396.851259	81.696	40.0889
8397.217470	81.685	39.6475
8397.583681	81.680	39.3330
8397.949892	81.695	38.9609
8398.316103	81.699	38.4619
8398.682314	81.686	38.0479
8399.048525	81.688	37.7266
8399.414736	81.699	37.3018
8399.780947	81.695	36.8467
8400.147158	81.692	36.4756
8400.513369	81.699	36.0459
8400.879580	81.689	35.5723
8401.245791	81.673	35.2676
8401.612002	81.689	34.9961
8401.978213	81.710	34.4912
8402.344424	81.694	33.9619
8402.710635	81.677	33.6582
8403.076846	81.691	33.3584
8403.443057	81.704	32.8848
8403.809267	81.698	32.4229
8404.175478	81.696	32.0342
8404.541689	81.697	31.6035
8404.907900	81.689	31.1992
8405.274111	81.691	30.8613
8405.640322	81.704	30.4316
8406.006533	81.699	29.9258
8406.372744	81.681	29.5537
8406.738955	81.685	29.2744
8407.105166	81.704	28.8604
8407.471377	81.704	28.3379
8407.837588	81.687	27.9355
8408.203799	81.686	27.6562
8408.570010	81.704	27.2832
8408.936221	81.711	26.7842
8409.302432	81.698	26.3496
8409.668643	81.694	26.0371
8410.034854	81.708	25.6855
8410.401065	81.719	25.2168
8410.767276	81.715	24.7441
8411.133487	81.707	24.3418
8411.499698	81.705	23.9658
8411.865909	81.706	23.5752
8412.232120	81.707	23.1631
8412.598331	81.703	22.7529
8412.964542	81.699	22.3809
8413.330753	81.703	22.0107
8413.696964	81.706	21.5791
8414.063175	81.700	21.1592
8414.429386	81.699	20.7979
8414.795597	81.707	20.3770
8415.161807	81.700	19.9004
8415.528018	81.685	19.5400
8415.894229	81.689	19.2598
8416.260440	81.710	18.8623
8416.626651	81.717	18.3467
8416.992862	81.707	17.8740
8417.359073	81.700	17.5010
8417.725284	81.705	17.1328
8418.091495	81.710	16.6953
8418.457706	81.705	16.2686
8418.823917	81.705	15.9121
8419.190128	81.716	15.5127
8419.556339	81.717	15.0439
8419.922550	81.709	14.6562
8420.288761	81.717	14.3223
8420.654972	81.731	13.8506
8421.021183	81.720	13.3447
8421.387394	81.703	13.0156
8421.753605	81.710	12.7217
8422.119816	81.720	12.2900
8422.486027	81.713	11.8740
8422.852238	81.712	11.5547
8423.218449	81.724	11.1748
8423.584660	81.727	10.7256
8423.950871	81.723	10.3340
8424.317082	81.728	9.9639
8424.683293	81.734	9.5293
8425.049504	81.732	9.0723
8425.415715	81.726	8.6514
8425.781926	81.721	8.2598
8426.148136	81.717	7.8730
8426.514347	81.714	7.5098
8426.880558	81.719	7.1738
8427.246769	81.735	6.7734
8427.612980	81.743	6.2588
8427.979191	81.730	5.7725
8428.345402	81.718	5.4287
8428.711613	81.726	5.1055
8429.077824	81.741	4.6699
8429.444035	81.743	4.1611
8429.810246	81.729	3.6895
8430.176457	81.712	3.3496
8430.542668	81.716	3.0801
8430.908879	81.733	2.6807
8431.275090	81.732	2.2012
8431.641301	81.724	1.8535
8432.007512	81.738	1.4912
8432.373723	81.742	0.9580
8432.739934	81.716	0.5293
8433.106145	81.708	0.2939
8433.472356	81.724	-0.0381
8433.838567	81.729	-0.4814
8434.204778	81.727	-0.8564
8434.570989	81.736	-1.2412
8434.937200	81.742	-1.7012
8435.303411	81.740	-2.1523
8435.669622	81.736	-2.5938
8436.035833	81.729	-3.0254
8436.402044	81.724	-3.4150
8436.768255	81.724	-3.8369
8437.134466	81.713	-4.2900
8437.500676	81.697	-4.6318
8437.866887	81.699	-4.9033
8438.233098	81.716	-5.2861
8438.599309	81.720	-5.7529
8438.965520	81.716	-6.1533
8439.331731	81.721	-6.5195
8439.697942	81.732	-6.9541
8440.064153	81.732	-7.4219
8440.430364	81.727	-7.8350
8440.796575	81.730	-8.2217
8441.162786	81.734	-8.6660
8441.528997	81.725	-9.0996
8441.895208	81.719	-9.4092
8442.261419	81.738	-9.7354
8442.627630	81.757	-10.2676
8442.993841	81.742	-10.8096
8443.360052	81.723	-11.1406
8443.726263	81.731	-11.4629
8444.092474	81.735	-11.9102
8444.458685	81.725	-12.2832
8444.824896	81.734	-12.5830
8445.191107	81.754	-13.0215
8445.557318	81.755	-13.5469
8445.923529	81.743	-13.9941
8446.289740	81.735	-14.3887
8446.655951	81.727	-14.7568
8447.022162	81.726	-15.0898
8447.388373	81.734	-15.4639
8447.754584	81.737	-15.8945
8448.120795	81.734	-16.2939
8448.487006	81.735	-16.6768
8448.853216	81.737	-17.0928
8449.219427	81.734	-17.5010
8449.585638	81.733	-17.8916
8449.951849	81.732	-18.2988
8450.318060	81.727	-18.6973
8450.684271	81.724	-19.0645
8451.050482	81.725	-19.4326
8451.416693	81.728	-19.8047
8451.782904	81.735	-20.1924
8452.149115	81.742	-20.6523
8452.515326	81.734	-21.1328
8452.881537	81.719	-21.5088
8453.247748	81.718	-21.8301
8453.613959	81.724	-22.2090
8453.980170	81.728	-22.6123
8454.346381	81.734	-23.0342
8454.712592	81.734	-23.5137
8455.078803	81.721	-23.9326
8455.445014	81.719	-24.2568
8455.811225	81.731	-24.6719
8456.177436	81.727	-25.1543
8456.543647	81.717	-25.5225
8456.909858	81.725	-25.8779
8457.276069	81.732	-26.3467
8457.642280	81.725	-26.8096
8458.008491	81.716	-27.2080
8458.374702	81.711	-27.5713
8458.740913	81.714	-27.9062
8459.107124	81.729	-28.3057
8459.473335	81.736	-28.8135
8459.839545	81.725	-29.2891
8460.205756	81.715	-29.6660
8460.571967	81.716	-30.0381
8460.938178	81.717	-30.4629
8461.304389	81.708	-30.8789
8461.670600	81.700	-31.2002
8462.036811	81.711	-31.5088
8462.403022	81.727	-31.9541
8462.769233	81.724	-32.4346
8463.135444	81.719	-32.8203
8463.501655	81.722	-33.2305
8463.867866	81.713	-33.6602
8464.234077	81.704	-33.9541
8464.600288	81.722	-34.2549
8464.966499	81.740	-34.7383
8465.332710	81.734	-35.2441
8465.698921	81.722	-35.6436
8466.065132	81.717	-35.9854
8466.431343	81.722	-36.3213
8466.797554	81.734	-36.7383
8467.163765	81.731	-37.2188
8467.529976	81.720	-37.5850
8467.896187	81.729	-37.9229
8468.262398	81.736	-38.4189
8468.628609	81.718	-38.8711
8468.994820	81.710	-39.1494
8469.361031	81.726	-39.5146
8469.727242	81.726	-39.9980
8470.093453	81.716	-40.3643
8470.459664	81.727	-40.7002
8470.825875	81.741	-41.1953
8471.192085	81.730	-41.7021
8471.558296	81.717	-42.0654
8471.924507	81.723	-42.4092
8472.290718	81.733	-42.8691
8472.656929	81.727	-43.3662
8473.023140	81.713	-43.7734
8473.389351	81.707	-44.1074
8473.755562	81.714	-44.4648
8474.121773	81.722	-44.8896
8474.487984	81.723	-45.3564
8474.854195	81.713	-45.7891
8475.220406	81.705	-46.1299
8475.586617	81.713	-46.4746
8475.952828	81.721	-46.9199
8476.319039	81.715	-47.3564
8476.685250	81.713	-47.7041
8477.051461	81.724	-48.0986
8477.417672	81.725	-48.5801
8477.783883	81.715	-48.9932
8478.150094	81.714	-49.3486
8478.516305	81.717	-49.7695
8478.882516	81.710	-50.1885
8479.248727	81.705	-50.5381
8479.614938	81.708	-50.9014
8479.981149	81.710	-51.2930
8480.347360	81.713	-51.6758
8480.713571	81.717	-52.0771
8481.079782	81.719	-52.4902
8481.445993	81.721	-52.9307
8481.812204	81.711	-53.3799
8482.178414	81.698	-53.7051
8482.544625	81.710	-54.0000
8482.910836	81.724	-54.4824
8483.277047	81.710	-54.9570
8483.643258	81.703	-55.2568
8484.009469	81.719	-55.6631
8484.375680	81.711	-56.1875
8484.741891	81.689	-56.5186
8485.108102	81.699	-56.7812
8485.474313	81.717	-57.2441
8485.840524	81.709	-57.7480
8486.206735	81.696	-58.1201
8486.572946	81.697	-58.4668
8486.939157	81.702	-58.8701
8487.305368	81.705	-59.2979
8487.671579	81.703	-59.7354
8488.037790	81.697	-60.1562
8488.404001	81.693	-60.5244
8488.770212	81.700	-60.9004
8489.136423	81.707	-61.3613
8489.502634	81.700	-61.8320
8489.868845	81.691	-62.2100
8490.235056	81.694	-62.5713
8490.601267	81.699	-62.9922
8490.967478	81.699	-63.4209
8491.333689	81.698	-63.8301
8491.699900	81.696	-64.2334
8492.066111	81.696	-64.6162
8492.432322	81.701	-65.0244
8492.798533	81.700	-65.4688
8493.164744	81.693	-65.8555
8493.530954	81.695	-66.2041
8493.897165	81.701	-66.6143
8494.263376	81.699	-67.0420
8494.629587	81.695	-67.4365
8494.995798	81.692	-67.8262
8495.362009	81.687	-68.1689
8495.728220	81.697	-68.4971
8496.094431	81.711	-68.9639
8496.460642	81.699	-69.4629
8496.826853	81.683	-69.7871
8497.193064	81.693	-70.0957
8497.559275	81.702	-70.5742
8497.925486	81.688	-71.0195
8498.291697	81.680	-71.3223
8498.657908	81.691	-71.6787
8499.024119	81.694	-72.1152
8499.390330	81.693	-72.5088
8499.756541	81.701	-72.9268
8500.122752	81.699	-73.4189
8500.488963	81.683	-73.8447
8500.855174	81.674	-74.1650
8501.221385	81.679	-74.4902
8501.587596	81.689	-74.8711
8501.953807	81.700	-75.3115
8502.320018	81.702	-75.8008
8502.686229	81.692	-76.2676
8503.052440	81.681	-76.6514
8503.418651	81.679	-77.0020
8503.784862	81.682	-77.3965
8504.151073	81.679	-77.8125
8504.517283	81.674	-78.1748
8504.883494	81.678	-78.5098
8505.249705	81.691	-78.9082
8505.615916	81.697	-79.3672
8505.982127	81.695	-79.8262
8506.348338	81.688	-80.2500
8506.714549	81.684	-80.6250
8507.080760	81.690	-81.0156
8507.446971	81.692	-81.4863
8507.813182	81.680	-81.9395
8508.179393	81.667	-82.2998
8508.545604	81.663	-82.6396
8508.911815	81.662	-82.9766
8509.278026	81.671	-83.3125
8509.644237	81.684	-83.7432
8510.010448	81.682	-84.2373
8510.376659	81.669	-84.6445
8510.742870	81.665	-84.9746
8511.109081	81.672	-85.3350
8511.475292	81.679	-85.7744
8511.841503	81.674	-86.2451
8512.207714	81.658	-86.6162
8512.573925	81.659	-86.8906
8512.940136	81.679	-87.2754
8513.306347	81.684	-87.7959
8513.672558	81.672	-88.2432
8514.038769	81.667	-88.6035
8514.404980	81.669	-89.0068
8514.771191	81.664	-89.4287
8515.137402	81.660	-89.7959
8515.503613	81.663	-90.1631
8515.869823	81.669	-90.5801
8516.236034	81.669	-91.0117
8516.602245	81.668	-91.4336
8516.968456	81.665	-91.8604
8517.334667	81.657	-92.2627
8517.700878	81.654	-92.6025
8518.067089	81.664	-92.9678
8518.433300	81.670	-93.4326
8518.799511	81.661	-93.8789
8519.165722	81.654	-94.2227
8519.531933	81.662	-94.5889
8519.898144	81.664	-95.0332
8520.264355	81.657	-95.4297
8520.630566	81.660	-95.7715
8520.996777	81.671	-96.2031
8521.362988	81.666	-96.7070
8521.729199	81.646	-97.0898
8522.095410	81.644	-97.3604
8522.461621	81.661	-97.7529
8522.827832	81.659	-98.2666
8523.194043	81.638	-98.6504
8523.560254	81.637	-98.9248
8523.926465	81.649	-99.3076
8524.292676	81.647	-99.7402
8524.658887	81.646	-100.0986
8525.025098	81.656	-100.5029
8525.391309	81.655	-100.9863
8525.757520	81.643	-101.3877
8526.123731	81.644	-101.7236
8526.489942	81.653	-102.1445
8526.856153	81.650	-102.6182
8527.222363	81.639	-103.0166
8527.588574	81.638	-103.3535
8527.954785	81.645	-103.7324
8528.320996	81.649	-104.1621
8528.687207	81.649	-104.5703
8529.053418	81.653	-104.9619
8529.419629	81.659	-105.3955
8529.785840	81.661	-105.8467
8530.152051	81.661	-106.3018
8530.518262	81.653	-106.7783
8530.884473	81.634	-107.1768
8531.250684	81.627	-107.4541
8531.616895	81.641	-107.7920
8531.983106	81.651	-108.2617
8532.349317	81.644	-108.7393
8532.715528	81.629	-109.1523
8533.081739	81.615	-109.4551
8533.447950	81.624	-109.7109
8533.814161	81.647	-110.1436
8534.180372	81.642	-110.6738
8534.546583	81.627	-111.0166
8534.912794	81.642	-111.3506
8535.279005	81.650	-111.9023
8535.645216	81.623	-112.3613
8536.011427	81.614	-112.5889
8536.377638	81.639	-112.9434
8536.743849	81.645	-113.4932
8537.110060	81.627	-113.9355
8537.476271	81.623	-114.2617
8537.842482	81.630	-114.6758
8538.208692	81.623	-115.1260
8538.574903	81.612	-115.4697
8538.941114	81.619	-115.7959
8539.307325	81.627	-116.2139
8539.673536	81.626	-116.6279
8540.039747	81.631	-117.0205
8540.405958	81.634	-117.4893
8540.772169	81.622	-117.9326
8541.138380	81.613	-118.2656
8541.504591	81.618	-118.6396
8541.870802	81.611	-119.0459
8542.237013	81.609	-119.3350
8542.603224	81.632	-119.6895
8542.969435	81.642	-120.2490
8543.335646	81.620	-120.7236
8543.701857	81.610	-121.0049
8544.068068	81.624	-121.3633
8544.434279	81.628	-121.8340
8544.800490	81.623	-122.2578
8545.166701	81.623	-122.6699
8545.532912	81.620	-123.1045
8545.899123	81.614	-123.5078
8546.265334	81.610	-123.9141
8546.631545	81.602	-124.2949
8546.997756	81.602	-124.6035
8547.363967	81.619	-124.9893
8547.730178	81.624	-125.5078
8548.096389	81.609	-125.9688
8548.462600	81.599	-126.3193
8548.828811	81.599	-126.6719
8549.195022	81.601	-127.0508
8549.561232	81.603	-127.4512
8549.927443	81.601	-127.8613
8550.293654	81.598	-128.2305
8550.659865	81.602	-128.6074
8551.026076	81.603	-129.0381
8551.392287	81.596	-129.4238
8551.758498	81.600	-129.7627
8552.124709	81.612	-130.1982
8552.490920	81.606	-130.6992
8552.857131	81.587	-131.0674
8553.223342	81.589	-131.3271
8553.589553	81.611	-131.7188
8553.955764	81.617	-132.2617
8554.321975	81.601	-132.7197
8554.688186	81.594	-133.0713
8555.054397	81.595	-133.4766
8555.420608	81.588	-133.8809
8555.786819	81.587	-134.2109
8556.153030	81.599	-134.6172
8556.519241	81.596	-135.1123
8556.885452	81.581	-135.5059
8557.251663	81.578	-135.8271
8557.617874	81.582	-136.2188
8557.984085	81.576	-136.6016
8558.350296	81.579	-136.9238
8558.716507	81.590	-137.3271
8559.082718	81.588	-137.7920
8559.448929	81.578	-138.1660
8559.815140	81.580	-138.5010
8560.181351	81.585	-138.8926
8560.547561	81.586	-139.2852
8560.913772	81.592	-139.6904
8561.279983	81.594	-140.1553
8561.646194	81.583	-140.5908
8562.012405	81.576	-140.9541
8562.378616	81.577	-141.3281
8562.744827	81.577	-141.7295
8563.111038	81.577	-142.1396
8563.477249	81.574	-142.5547
8563.843460	81.569	-142.9385
8564.209671	81.571	-143.3125
8564.575882	81.575	-143.7402
8564.942093	81.568	-144.1689
8565.308304	81.562	-144.5205
8565.674515	81.569	-144.8545
8566.040726	81.585	-145.2803
8566.406937	81.587	-145.7900
8566.773148	81.574	-146.2324
8567.139359	81.571	-146.5850
8567.505570	81.576	-147.0088
8567.871781	81.565	-147.4590
8568.237992	81.553	-147.7607
8568.604203	81.567	-148.0693
8568.970414	81.580	-148.5449
8569.336625	81.572	-149.0166
8569.702836	81.564	-149.4131
8570.069047	81.555	-149.7910
8570.435258	81.550	-150.0820
8570.801469	81.571	-150.4209
8571.167680	81.581	-150.9775
8571.533891	81.555	-151.4453
8571.900101	81.546	-151.6826
8572.266312	81.569	-152.0537
8572.632523	81.571	-152.5977
8572.998734	81.555	-153.0400
8573.364945	81.547	-153.4307
8573.731156	81.534	-153.8232
8574.097367	81.525	-154.1133
8574.463578	81.537	-154.4326
8574.829789	81.546	-154.8828
8575.196000	81.541	-155.3027
8575.562211	81.544	-155.6943
8575.928422	81.545	-156.1641
8576.294633	81.529	-156.5840
8576.660844	81.522	-156.8750
8577.027055	81.536	-157.2188
8577.393266	81.544	-157.6992
8577.759477	81.532	-158.1416
8578.125688	81.526	-158.4629
8578.491899	81.538	-158.8135
8578.858110	81.548	-159.2725
8579.224321	81.545	-159.7354
8579.590532	81.539	-160.1514
8579.956743	81.534	-160.5352
8580.322954	81.537	-160.9033
8580.689165	81.543	-161.3496
8581.055376	81.532	-161.8203
8581.421587	81.516	-162.1299
8581.787798	81.530	-162.4131
8582.154009	81.546	-162.8838
8582.520220	81.538	-163.3594
8582.886431	81.534	-163.7207
8583.252641	81.539	-164.1484
8583.618852	81.528	-164.5859
8583.985063	81.522	-164.8896
8584.351274	81.537	-165.2441
8584.717485	81.543	-165.7393
8585.083696	81.530	-166.1807
8585.449907	81.524	-166.5312
8585.816118	81.526	-166.9043
8586.182329	81.528	-167.3223
8586.548540	81.522	-167.7539
8586.914751	81.510	-168.1289
8587.280962	81.508	-168.4326
8587.647173	81.519	-168.8184
8588.013384	81.514	-169.2744
8588.379595	81.504	-169.6113
8588.745806	81.517	-169.9414
8589.112017	81.525	-170.4521
8589.478228	81.504	-170.9111
8589.844439	81.494	-171.1748
8590.210650	81.511	-171.5127
8590.576861	81.518	-171.9990
8590.943072	81.510	-172.4199
8591.309283	81.512	-172.7949
8591.675494	81.516	-173.2373
8592.041705	81.512	-173.6807
8592.407916	81.508	-174.0869
8592.774127	81.505	-174.5127
8593.140338	81.496	-174.9297
8593.506549	81.485	-175.2822
8593.872760	81.484	-175.5879
8594.238970	81.495	-175.9180
8594.605181	81.510	-176.3389
8594.971392	81.514	-176.8232
8595.337603	81.506	-177.2744
8595.703814	81.499	-177.6602
8596.070025	81.497	-178.0371
8596.436236	81.496	-178.4248
8596.802447	81.495	-178.8057
8597.168658	81.496	-179.2012
8597.534869	81.493	-179.6064
8597.901080	81.490	-179.9775
8598.267291	81.493	179.6455
8598.633502	81.494	179.2197
8598.999713	81.489	178.8154
8599.365924	81.489	178.4287
8599.732135	81.486	178.0088
8600.098346	81.479	177.6318
8600.464557	81.483	177.2803
8600.830768	81.489	176.8311
8601.196979	81.478	176.3887
8601.563190	81.472	176.0576
8601.929401	81.482	175.6709
8602.295612	81.480	175.1846
8602.661823	81.463	174.8037
8603.028034	81.464	174.5293
8603.394245	81.482	174.1338
8603.760456	81.483	173.6240
8604.126667	81.468	173.2314
8604.492878	81.471	172.9189
8604.859089	81.482	172.4678
8605.225300	81.468	172.0117
8605.591510	81.460	171.7236
8605.957721	81.477	171.3682
8606.323932	81.478	170.8828
8606.690143	81.470	170.5137
8607.056354	81.481	170.1318
8607.422565	81.477	169.6016
8607.788776	81.449	169.2422
8608.154987	81.453	169.0391
8608.521198	81.478	168.6152
8608.887409	81.471	168.1025
8609.253620	81.460	167.7705
8609.619831	81.473	167.4131
8609.986042	81.477	166.9150
8610.352253	81.464	166.4746
8610.718464	81.459	166.1143
8611.084675	81.459	165.7139
8611.450886	81.452	165.3086
8611.817097	81.448	164.9697
8612.183308	81.457	164.6143
8612.549519	81.465	164.1553
8612.915730	81.458	163.6934
8613.281941	81.449	163.3252
8613.648152	81.453	162.9531
8614.014363	81.453	162.5205
8614.380574	81.444	162.1309
8614.746785	81.444	161.7959
8615.112996	81.452	161.4141
8615.479207	81.455	160.9678
8615.845418	81.447	160.5518
8616.211629	81.443	160.2168
8616.577839	81.453	159.8555
8616.944050	81.459	159.3809
8617.310261	81.447	158.9414
8617.676472	81.441	158.6162
8618.042683	81.451	158.2314
8618.408894	81.450	157.7471
8618.775105	81.434	157.3350
8619.141316	81.425	157.0156
8619.507527	81.428	156.6836
8619.873738	81.433	156.3008
8620.239949	81.435	155.8848
8620.606160	81.431	155.4863
8620.972371	81.432	155.1309
8621.338582	81.441	154.7266
8621.704793	81.443	154.2471
8622.071004	81.434	153.7939
8622.437215	81.425	153.3848
8622.803426	81.414	152.9961
8623.169637	81.406	152.6797
8623.535848	81.415	152.3623
8623.902059	81.426	151.9199
8624.268270	81.421	151.4678
8624.634481	81.418	151.0957
8625.000692	81.422	150.6797
8625.366903	81.414	150.2490
8625.733114	81.409	149.9189
8626.099325	81.422	149.5605
8626.465536	81.431	149.0752
8626.831747	81.424	148.5928
8627.197958	81.412	148.1875
8627.564169	81.406	147.8301
8627.930379	81.409	147.4697
8628.296590	81.413	147.0391
8628.662801	81.403	146.6084
8629.029012	81.394	146.2881
8629.395223	81.404	145.9678
8629.761434	81.416	145.5264
8630.127645	81.413	145.0508
8630.493856	81.402	144.6436
8630.860067	81.397	144.3018
8631.226278	81.401	143.9492
8631.592489	81.406	143.5264
8631.958700	81.399	143.1035
8632.324911	81.393	142.7695
8632.691122	81.401	142.4385
8633.057333	81.413	142.0098
8633.423544	81.412	141.5264
8633.789755	81.399	141.1055
8634.155966	81.390	140.7891
8634.522177	81.400	140.4541
8634.888388	81.408	139.9951
8635.254599	81.397	139.5586
8635.620810	81.391	139.2471
8635.987021	81.404	138.8770
8636.353232	81.406	138.4033
8636.719443	81.397	138.0068
8637.085654	81.401	137.6377
8637.451865	81.400	137.1816
8637.818076	81.386	136.7949
8638.184287	81.386	136.5156
8638.550498	81.404	136.1426
8638.916708	81.413	135.6621
8639.282919	81.412	135.1758
8639.649130	81.401	134.6982
8640.015341	81.383	134.3096
8640.381552	81.377	134.0068
8640.747763	81.384	133.6250
8641.113974	81.379	133.2061
8641.480185	81.375	132.8721
8641.846396	81.386	132.4863
8642.212607	81.384	132.0098
8642.578818	81.370	131.6162
8642.945029	81.366	131.2959
8643.311240	81.371	130.9424
8643.677451	81.377	130.5645
8644.043662	81.385	130.1201
8644.409873	81.378	129.6387
8644.776084	81.362	129.2793
8645.142295	81.365	128.9824
8645.508506	81.378	128.5625
8645.874717	81.374	128.0869
8646.240928	81.361	127.7012
8646.607139	81.359	127.3672
8646.973350	81.366	126.9902
8647.339561	81.369	126.5439
8647.705772	81.358	126.1055
8648.071983	81.346	125.7773
8648.438194	81.353	125.4785
8648.804405	81.366	125.0654
8649.170616	81.365	124.6094
8649.536827	81.360	124.2266
8649.903038	81.365	123.8467
8650.269248	81.370	123.4121
8650.635459	81.370	122.9736
8651.001670	81.368	122.5225
8651.367881	81.358	122.0605
8651.734092	81.342	121.6836
8652.100303	81.338	121.3711
8652.466514	81.343	120.9902
8652.832725	81.337	120.5693
8653.198936	81.328	120.2432
8653.565147	81.337	119.9521
8653.931358	81.354	119.5381
8654.297569	81.356	119.0508
8654.663780	81.349	118.6436
8655.029991	81.351	118.2734
8655.396202	81.356	117.8350
8655.762413	81.349	117.3887
8656.128624	81.340	117.0059
8656.494835	81.336	116.6553
8656.861046	81.338	116.3271
8657.227257	81.353	115.9482
8657.593468	81.360	115.4473
8657.959679	81.347	114.9717
8658.325890	81.335	114.6152
8658.692101	81.334	114.2471
8659.058312	81.327	113.8701
8659.424523	81.326	113.5586
8659.790734	81.337	113.1816
8660.156945	81.338	112.7324
8660.523156	81.333	112.3525
8660.889367	81.339	111.9570
8661.255578	81.335	111.4707
8661.621788	81.314	111.0830
8661.987999	81.307	110.8340
8662.354210	81.323	110.5186
8662.720421	81.335	110.0781
8663.086632	81.335	109.6191
8663.452843	81.330	109.1875
8663.819054	81.323	108.7910
8664.185265	81.320	108.4248
8664.551476	81.322	108.0303
8664.917687	81.317	107.6104
8665.283898	81.308	107.2529
8665.650109	81.311	106.9355
8666.016320	81.321	106.5400
8666.382531	81.321	106.0859
8666.748742	81.311	105.7041
8667.114953	81.313	105.3896
8667.481164	81.327	104.9912
8667.847375	81.328	104.4941
8668.213586	81.313	104.0791
8668.579797	81.310	103.7617
8668.946008	81.319	103.3496
8669.312219	81.310	102.8809
8669.678430	81.294	102.5488
8670.044641	81.299	102.2559
8670.410852	81.309	101.8408
8670.777063	81.306	101.3945
8671.143274	81.299	100.9902
8671.509485	81.291	100.6094
8671.875696	81.286	100.2822
8672.241907	81.296	99.9336
8672.608117	81.304	99.4688
8672.974328	81.295	99.0059
8673.340539	81.286	98.6191
8673.706750	81.281	98.2383
8674.072961	81.275	97.8906
8674.439172	81.283	97.5654
8674.805383	81.297	97.1191
8675.171594	81.292	96.6211
8675.537805	81.280	96.2500
8675.904016	81.287	95.8936
8676.270227	81.293	95.4160
8676.636438	81.279	94.9727
8677.002649	81.271	94.6475
8677.368860	81.278	94.2861
8677.735071	81.278	93.8623
8678.101282	81.272	93.5020
8678.467493	81.279	93.1680
8678.833704	81.290	92.7480
8679.199915	81.289	92.2988
8679.566126	81.284	91.9131
8679.932337	81.287	91.5420
8680.298548	81.291	91.1182
8680.664759	81.285	90.6777
8681.030970	81.274	90.2988
8681.397181	81.269	89.9951
8681.763392	81.279	89.6787
8682.129603	81.293	89.2559
8682.495814	81.294	88.7803
8682.862025	81.287	88.3652
8683.228236	81.289	87.9844
8683.594447	81.294	87.5273
8683.960657	81.282	87.0254
8684.326868	81.257	86.6514
8684.693079	81.249	86.4209
8685.059290	81.268	86.1211
8685.425501	81.284	85.6455
8685.791712	81.277	85.1621
8686.157923	81.266	84.8086
8686.524134	81.273	84.4775
8686.890345	81.284	84.0400
8687.256556	81.279	83.5771
8687.622767	81.270	83.2217
8687.988978	81.278	82.8857
8688.355189	81.288	82.4346
8688.721400	81.280	81.9883
8689.087611	81.275	81.6445
8689.453822	81.282	81.2480
8689.820033	81.277	80.7891
8690.186244	81.264	80.4307
8690.552455	81.264	80.1064
8690.918666	81.265	79.7178
8691.284877	81.261	79.3574
8691.651088	81.267	78.9961
8692.017299	81.269	78.5518
8692.383510	81.257	78.1553
8692.749721	81.257	77.8252
8693.115932	81.262	77.4111
8693.482143	81.255	76.9814
8693.848354	81.250	76.6299
8694.214565	81.256	76.2285
8694.580776	81.251	75.7646
8694.946986	81.238	75.3877
8695.313197	81.240	75.0625
8695.679408	81.249	74.6250
8696.045619	81.238	74.1367
8696.411830	81.218	73.8232
8696.778041	81.231	73.5996
8697.144252	81.262	73.1289
8697.510463	81.255	72.5146
8697.876674	81.226	72.1504
8698.242885	81.232	71.9023
8698.609096	81.248	71.4570
8698.975307	81.240	70.9932
8699.341518	81.235	70.6543
8699.707729	81.243	70.2471
8700.073940	81.234	69.7988
8700.440151	81.223	69.4844
8700.806362	81.233	69.1895
8701.172573	81.247	68.7529
8701.538784	81.242	68.2617
8701.904995	81.223	67.8896
8702.271206	81.218	67.6436
8702.637417	81.237	67.3340
8703.003628	81.253	66.8652
8703.369839	81.249	66.3838
8703.736050	81.241	65.9844
8704.102261	81.239	65.5879
8704.468472	81.235	65.1943
8704.834683	81.235	64.8291
8705.200894	81.240	64.4141
8705.567105	81.235	63.9619
8705.933316	81.225	63.5859
8706.299526	81.225	63.2500
8706.665737	81.231	62.8594
8707.031948	81.233	62.4424
8707.398159	81.233	62.0420
8707.764370	81.235	61.6377
8708.130581	81.236	61.2188
8708.496792	81.233	60.8008
8708.863003	81.229	60.4160
8709.229214	81.229	60.0654
8709.595425	81.238	59.6787
8709.961636	81.240	59.2314
8710.327847	81.232	58.8340
8710.694058	81.233	58.5186
8711.060269	81.249	58.1211
8711.426480	81.250	57.6143
8711.792691	81.233	57.2109
8712.158902	81.233	56.9229
8712.525113	81.248	56.5127
8712.891324	81.242	56.0264
8713.257535	81.229	55.6875
8713.623746	81.238	55.3711
8713.989957	81.248	54.8896
8714.356168	81.232	54.4150
8714.722379	81.216	54.1123
8715.088590	81.224	53.8281
8715.454801	81.239	53.3877
8715.821012	81.230	52.8682
8716.187223	81.201	52.5137
8716.553434	81.197	52.3398
8716.919645	81.226	52.0342
8717.285856	81.242	51.5078
8717.652066	81.230	51.0381
8718.018277	81.223	50.6904
8718.384488	81.226	50.3145
8718.750699	81.225	49.9443
8719.116910	81.235	49.5898
8719.483121	81.248	49.1172
8719.849332	81.239	48.6064
8720.215543	81.223	48.2324
8720.581754	81.223	47.9043
8720.947965	81.227	47.5000
8721.314176	81.222	47.0996
8721.680387	81.219	46.7500
8722.046598	81.223	46.3789
8722.412809	81.225	45.9844
8722.779020	81.227	45.6064
8723.145231	81.233	45.2100
8723.511442	81.236	44.7637
8723.877653	81.229	44.3271
8724.243864	81.221	43.9590
8724.610075	81.222	43.6152
8724.976286	81.228	43.2324
8725.342497	81.232	42.8105
8725.708708	81.231	42.3799
8726.074919	81.226	41.9639
8726.441130	81.220	41.5732
8726.807341	81.214	41.2080
8727.173552	81.213	40.8730
8727.539763	81.224	40.5244
8727.905974	81.237	40.0596
8728.272185	81.228	39.5488
8728.638395	81.210	39.1826
8729.004606	81.210	38.8877
8729.370817	81.218	38.4971
8729.737028	81.217	38.0879
8730.103239	81.217	37.7217
8730.469450	81.221	37.3223
8730.835661	81.220	36.9238
8731.201872	81.223	36.5537
8731.568083	81.229	36.1436
8731.934294	81.231	35.7285
8732.300505	81.237	35.2979
8732.666716	81.233	34.7822
8733.032927	81.206	34.3682
8733.399138	81.194	34.1650
8733.765349	81.217	33.8779
8734.131560	81.231	33.3809
8734.497771	81.219	32.9365
8734.863982	81.217	32.6201
8735.230193	81.229	32.2305
8735.596404	81.230	31.7480
8735.962615	81.217	31.3359
8736.328826	81.212	31.0166
8736.695037	81.219	30.6611
8737.061248	81.223	30.2441
8737.427459	81.223	29.8408
8737.793670	81.225	29.4287
8738.159881	81.220	28.9980
8738.526092	81.212	28.6426
8738.892303	81.220	28.3037
8739.258514	81.231	27.8320
8739.624725	81.218	27.3281
8739.990935	81.196	26.9863
8740.357146	81.196	26.7500
8740.723357	81.218	26.4014
8741.089568	81.230	25.8848
8741.455779	81.216	25.4023
8741.821990	81.206	25.0713
8742.188201	81.214	24.7158
8742.554412	81.215	24.2715
8742.920623	81.207	23.8994
8743.286834	81.215	23.5566
8743.653045	81.222	23.1016
8744.019256	81.212	22.6641
8744.385467	81.207	22.3389
8744.751678	81.216	21.9795
8745.117889	81.219	21.5439
8745.484100	81.213	21.1465
8745.850311	81.213	20.8135
8746.216522	81.223	20.4512
8746.582733	81.232	20.0020
8746.948944	81.227	19.5459
8747.315155	81.221	19.1641
8747.681366	81.221	18.7783
8748.047577	81.215	18.3838
8748.413788	81.213	18.0742
8748.779999	81.231	17.7061
8749.146210	81.238	17.1602
8749.512421	81.215	16.6924
8749.878632	81.202	16.4209
8750.244843	81.215	16.0762
8750.611054	81.215	15.6123
8750.977264	81.202	15.2451
8751.343475	81.204	14.9434
8751.709686	81.215	14.5703
8752.075897	81.223	14.1582
8752.442108	81.231	13.7207
8752.808319	81.231	13.2412
8753.174530	81.221	12.8086
8753.540741	81.216	12.4385
8753.906952	81.214	12.0557
8754.273163	81.211	11.6855
8754.639374	81.216	11.3389
8755.005585	81.226	10.9111
8755.371796	81.220	10.4443
8755.738007	81.207	10.0996
8756.104218	81.213	9.8115
8756.470429	81.229	9.4023
8756.836640	81.229	8.9346
8757.202851	81.223	8.5498
8757.569062	81.227	8.1758
8757.935273	81.230	7.7451
8758.301484	81.226	7.3330
8758.667695	81.226	6.9404
8759.033906	81.224	6.5205
8759.400117	81.218	6.1318
8759.766328	81.217	5.7686
8760.132539	81.218	5.3594
8760.498750	81.210	4.9648
8760.864961	81.206	4.6377
8761.231172	81.213	4.2959
8761.597383	81.220	3.9014
8761.963594	81.225	3.4814
8762.329804	81.224	3.0527
8762.696015	81.218	2.6621
8763.062226	81.220	2.3115
8763.428437	81.228	1.9043
8763.794648	81.227	1.4336
8764.160859	81.212	1.0303
8764.527070	81.206	0.7256
8764.893281	81.214	0.3916
8765.259492	81.221	-0.0225
8765.625703	81.219	-0.4229
8765.991914	81.224	-0.7920
8766.358125	81.232	-1.2285
8766.724336	81.227	-1.7012
8767.090547	81.215	-2.0908
8767.456758	81.213	-2.4404
8767.822969	81.214	-2.8350
8768.189180	81.211	-3.2207
8768.555391	81.212	-3.5820
8768.921602	81.216	-3.9844
8769.287813	81.213	-4.3857
8769.654024	81.215	-4.7412
8770.020235	81.226	-5.1396
8770.386446	81.230	-5.6201
8770.752657	81.221	-6.0703
8771.118868	81.213	-6.4385
8771.485079	81.214	-6.8037
8771.851290	81.216	-7.2002
8772.217501	81.215	-7.5811
8772.583712	81.220	-7.9512
8772.949923	81.229	-8.3662
8773.316133	81.234	-8.8301
8773.682344	81.228	-9.3037
8774.048555	81.213	-9.7148
8774.414766	81.205	-10.0078
8774.780977	81.220	-10.3213
8775.147188	81.236	-10.8203
8775.513399	81.220	-11.3320
8775.879610	81.201	-11.6387
8776.245821	81.210	-11.9150
8776.612032	81.222	-12.3467
8776.978243	81.215	-12.7598
8777.344454	81.218	-13.0654
8777.710665	81.238	-13.4668
8778.076876	81.242	-14.0039
8778.443087	81.223	-14.4473
8778.809298	81.215	-14.7520
8779.175509	81.223	-15.1104
8779.541720	81.222	-15.5508
8779.907931	81.211	-15.9102
8780.274142	81.213	-16.2021
8780.640353	81.227	-16.5811
8781.006564	81.229	-17.0254
8781.372775	81.225	-17.4160
8781.738986	81.227	-17.7891
8782.105197	81.229	-18.2109
8782.471408	81.222	-18.6172
8782.837619	81.218	-18.9590
8783.203830	81.225	-19.3311
8783.570041	81.225	-19.7627
8783.936252	81.220	-20.1367
8784.302463	81.228	-20.4941
8784.668673	81.237	-20.9932
8785.034884	81.217	-21.4854
8785.401095	81.198	-21.7588
8785.767306	81.213	-22.0352
8786.133517	81.227	-22.5273
8786.499728	81.211	-22.9844
8786.865939	81.205	-23.2588
8787.232150	81.225	-23.6055
8787.598361	81.236	-24.1240
8787.964572	81.223	-24.5908
8788.330783	81.215	-24.9189
8788.696994	81.224	-25.2744
8789.063205	81.229	-25.7236
8789.429416	81.222	-26.1240
8789.795627	81.227	-26.4463
8790.161838	81.245	-26.8711
8790.528049	81.245	-27.4072
8790.894260	81.225	-27.8379
8791.260471	81.217	-28.1357
8791.626682	81.225	-28.4629
8791.992893	81.235	-28.8701
8792.359104	81.239	-29.3252
8792.725315	81.231	-29.7754
8793.091526	81.218	-30.1289
8793.457737	81.222	-30.4258
8793.823948	81.238	-30.8330
8794.190159	81.238	-31.3330
8794.556370	81.224	-31.7461
8794.922581	81.220	-32.0723
8795.288792	81.227	-32.4561
8795.655003	81.224	-32.8809
8796.021213	81.220	-33.2168
8796.387424	81.234	-33.5576
8796.753635	81.247	-34.0537
8797.119846	81.234	-34.5420
8797.486057	81.222	-34.8701
8797.852268	81.231	-35.2217
8798.218479	81.233	-35.6699
8798.584690	81.225	-36.0410
8798.950901	81.231	-36.3750
8799.317112	81.240	-36.7969
8799.683323	81.240	-37.2148
8800.049534	81.246	-37.6318
8800.415745	81.243	-38.1182
8800.781956	81.225	-38.5068
8801.148167	81.225	-38.7803
8801.514378	81.242	-39.1885
8801.880589	81.238	-39.6787
8802.246800	81.228	-40.0293
8802.613011	81.240	-40.3877
8802.979222	81.244	-40.8877
8803.345433	81.228	-41.3203
8803.711644	81.222	-41.6357
8804.077855	81.228	-41.9922
8804.444066	81.232	-42.3828
8804.810277	81.239	-42.7676
8805.176488	81.247	-43.2246
8805.542699	81.241	-43.6963
8805.908910	81.232	-44.0752
8806.275121	81.234	-44.4502
8806.641332	81.232	-44.8730
8807.007542	81.223	-45.2256
8807.373753	81.229	-45.5439
8807.739964	81.240	-45.9727
8808.106175	81.233	-46.4199
8808.472386	81.226	-46.7461
8808.838597	81.236	-47.0693
8809.204808	81.248	-47.5098
8809.571019	81.246	-47.9795
8809.937230	81.236	-48.3828
8810.303441	81.231	-48.7217
8810.669652	81.238	-49.0576
8811.035863	81.251	-49.4766
8811.402074	81.255	-49.9570
8811.768285	81.250	-50.4287
8812.134496	81.240	-50.8809
8812.500707	81.224	-51.2725
8812.866918	81.216	-51.5771
8813.233129	81.224	-51.9092
8813.599340	81.232	-52.3359
8813.965551	81.230	-52.7783
8814.331762	81.224	-53.1816
8814.697973	81.219	-53.5371
8815.064184	81.225	-53.8809
8815.430395	81.233	-54.2920
8815.796606	81.233	-54.7217
8816.162817	81.232	-55.0967
8816.529028	81.240	-55.4922
8816.895239	81.242	-55.9355
8817.261450	81.238	-56.3525
8817.627661	81.236	-56.7432
8817.993872	81.235	-57.1406
8818.360082	81.232	-57.5322
8818.726293	81.228	-57.8916
8819.092504	81.232	-58.2285
8819.458715	81.244	-58.6289
8819.824926	81.244	-59.0977
8820.191137	81.234	-59.4785
8820.557348	81.240	-59.8125
8820.923559	81.250	-60.2793
8821.289770	81.236	-60.7402
8821.655981	81.228	-61.0381
8822.022192	81.243	-61.3887
8822.388403	81.249	-61.8926
8822.754614	81.234	-62.3154
8823.120825	81.231	-62.6299
8823.487036	81.241	-63.0195
8823.853247	81.241	-63.4629
8824.219458	81.235	-63.8389
8824.585669	81.239	-64.1943
8824.951880	81.246	-64.6035
8825.318091	81.248	-65.0400
8825.684302	81.243	-65.4658
8826.050513	81.235	-65.8438
8826.416724	81.235	-66.1670
8826.782935	81.246	-66.5303
8827.149146	81.253	-66.9775
8827.515357	81.251	-67.4111
8827.881568	81.252	-67.8232
8828.247779	81.249	-68.2939
8828.613990	81.230	-68.7178
8828.980201	81.216	-68.9795
8829.346411	81.232	-69.2568
8829.712622	81.250	-69.7256
8830.078833	81.242	-70.2158
8830.445044	81.235	-70.5635
8830.811255	81.247	-70.9512
8831.177466	81.248	-71.4697
8831.543677	81.228	-71.8877
8831.909888	81.227	-72.1826
8832.276099	81.240	-72.6035
8832.642310	81.232	-73.0977
8833.008521	81.216	-73.4346
8833.374732	81.224	-73.7139
8833.740943	81.242	-74.1377
8834.107154	81.244	-74.6299
8834.473365	81.235	-75.0596
8834.839576	81.228	-75.4326
8835.205787	81.227	-75.7715
8835.571998	81.238	-76.1230
8835.938209	81.249	-76.5850
8836.304420	81.240	-77.0762
8836.670631	81.223	-77.4092
8837.036842	81.231	-77.6855
8837.403053	81.248	-78.1113
8837.769264	81.248	-78.5742
8838.135475	81.250	-78.9678
8838.501686	81.258	-79.4600
8838.867897	81.240	-80.0029
8839.234108	81.210	-80.3301
8839.600319	81.211	-80.5488
8839.966530	81.228	-80.9424
8840.332741	81.225	-81.4102
8840.698951	81.217	-81.7705
8841.065162	81.223	-82.1279
8841.431373	81.227	-82.5557
8841.797584	81.225	-82.9629
8842.163795	81.226	-83.3643
8842.530006	81.223	-83.7891
8842.896217	81.217	-84.1582
8843.262428	81.222	-84.4980
8843.628639	81.231	-84.9170
8843.994850	81.229	-85.3604
8844.361061	81.225	-85.7324
8844.727272	81.232	-86.1006
8845.093483	81.238	-86.5479
8845.459694	81.232	-86.9932
8845.825905	81.226	-87.3525
8846.192116	81.233	-87.7334
8846.558327	81.233	-88.2021
8846.924538	81.217	-88.5996
8847.290749	81.213	-88.8867
8847.656960	81.226	-89.2275
8848.023171	81.237	-89.6572
8848.389382	81.241	-90.1309
8848.755593	81.231	-90.6094
8849.121804	81.213	-90.9658
8849.488015	81.215	-91.2285
8849.854226	81.236	-91.6152
8850.220437	81.243	-92.1377
8850.586648	81.230	-92.6221
8850.952859	81.214	-92.9922
8851.319070	81.213	-93.3047
8851.685281	81.220	-93.6963
8852.051491	81.215	-94.1309
8852.417702	81.210	-94.4502
8852.783913	81.226	-94.8164
8853.150124	81.228	-95.3545
8853.516335	81.202	-95.7510
8853.882546	81.202	-95.9668
8854.248757	81.226	-96.3496
8854.614968	81.229	-96.8604
8854.981179	81.221	-97.2783
8855.347390	81.220	-97.6836
8855.713601	81.213	-98.1084
8856.079812	81.206	-98.4648
8856.446023	81.209	-98.8203
8856.812234	81.213	-99.2344
8857.178445	81.211	-99.6445
8857.544656	81.211	-100.0322
8857.910867	81.215	-100.4502
8858.277078	81.211	-100.8896
8858.643289	81.203	-101.2637
8859.009500	81.208	-101.6035
8859.375711	81.218	-102.0273
8859.741922	81.218	-102.4824
8860.108133	81.216	-102.8828
8860.474344	81.218	-103.2969
8860.840555	81.215	-103.7119
8861.206766	81.217	-104.0781
8861.572977	81.228	-104.5186
8861.939188	81.221	-105.0195
8862.305399	81.203	-105.3857
8862.671610	81.205	-105.6709
8863.037820	81.218	-106.0586
8863.404031	81.221	-106.5176
8863.770242	81.215	-106.9453
8864.136453	81.208	-107.3184
8864.502664	81.209	-107.6582
8864.868875	81.218	-108.0586
8865.235086	81.216	-108.5195
8865.601297	81.205	-108.9023
8865.967508	81.209	-109.2285
8866.333719	81.220	-109.6660
8866.699930	81.214	-110.1641
8867.066141	81.199	-110.5625
8867.432352	81.195	-110.9150
8867.798563	81.192	-111.2949
8868.164774	81.191	-111.6455
8868.530985	81.201	-112.0332
8868.897196	81.203	-112.5342
8869.263407	81.184	-112.9678
8869.629618	81.175	-113.2461
8869.995829	81.189	-113.5918
8870.362040	81.191	-114.0498
8870.728251	81.181	-114.4062
8871.094462	81.193	-114.7080
8871.460673	81.213	-115.1680
8871.826884	81.209	-115.6914
8872.193095	81.196	-116.0938
8872.559306	81.194	-116.4502
8872.925517	81.195	-116.8340
8873.291728	81.197	-117.1924
8873.657939	81.210	-117.6055
8874.024150	81.211	-118.1309
8874.390360	81.189	-118.5811
8874.756571	81.175	-118.8779
8875.122782	81.180	-119.1982
8875.488993	81.184	-119.6035
8875.855204	81.181	-119.9980
8876.221415	81.180	-120.3633
8876.587626	81.184	-120.7383
8876.953837	81.190	-121.1553
8877.320048	81.189	-121.6064
8877.686259	81.181	-122.0029
8878.052470	81.184	-122.3545
8878.418681	81.195	-122.8027
8878.784892	81.189	-123.3154
8879.151103	81.171	-123.7285
8879.517314	81.162	-124.0439
8879.883525	81.166	-124.3789
8880.249736	81.174	-124.7676
8880.615947	81.178	-125.1846
8880.982158	81.180	-125.6074
8881.348369	81.180	-126.0283
8881.714580	81.180	-126.4443
8882.080791	81.179	-126.8594
8882.447002	81.177	-127.2861
8882.813213	81.170	-127.6914
8883.179424	81.166	-128.0527
8883.545635	81.169	-128.4346
8883.911846	81.168	-128.8418
8884.278057	81.166	-129.2021
8884.644268	81.174	-129.5752
8885.010479	81.181	-130.0332
8885.376689	81.177	-130.4951
8885.742900	81.171	-130.9258
8886.109111	81.160	-131.3418
8886.475322	81.149	-131.6807
8886.841533	81.155	-132.0020
8887.207744	81.163	-132.4395
8887.573955	81.154	-132.8770
8887.940166	81.148	-133.2119
8888.306377	81.156	-133.5908
8888.672588	81.155	-134.0449
8889.038799	81.145	-134.4229
8889.405010	81.146	-134.7412
8889.771221	81.157	-135.1338
8890.137432	81.160	-135.5977
8890.503643	81.151	-136.0186
8890.869854	81.147	-136.3730
8891.236065	81.151	-136.7617
8891.602276	81.148	-137.1797
8891.968487	81.144	-137.5264
8892.334698	81.157	-137.9062
8892.700909	81.160	-138.4268
8893.067120	81.138	-138.8740
8893.433331	81.129	-139.1465
8893.799542	81.144	-139.5000
8894.165753	81.147	-140.0049
8894.531964	81.129	-140.4316
8894.898175	81.122	-140.7354
8895.264386	81.132	-141.0938
8895.630597	81.136	-141.5518
8895.996808	81.125	-141.9775
8896.363019	81.119	-142.3027
8896.729229	81.131	-142.6484
8897.095440	81.142	-143.1074
8897.461651	81.138	-143.5889
8897.827862	81.129	-144.0049
8898.194073	81.125	-144.3857
8898.560284	81.125	-144.7705
8898.926495	81.127	-145.1846
8899.292706	81.123	-145.6104
8899.658917	81.118	-145.9863
8900.025128	81.123	-146.3682
8900.391339	81.124	-146.8418
8900.757550	81.106	-147.2725
8901.123761	81.095	-147.5576
8901.489972	81.106	-147.8828
8901.856183	81.111	-148.3281
8902.222394	81.104	-148.7148
8902.588605	81.110	-149.0508
8902.954816	81.121	-149.5010
8903.321027	81.116	-149.9932
8903.687238	81.104	-150.4014
8904.053449	81.096	-150.7725
8904.419660	81.091	-151.1201
8904.785871	81.096	-151.4482
8905.152082	81.109	-151.8730
8905.518293	81.106	-152.3691
8905.884504	81.090	-152.7510
8906.250715	81.092	-153.0361
8906.616926	81.111	-153.4297
8906.983137	81.116	-153.9648
8907.349348	81.097	-154.4297
8907.715558	81.085	-154.7324
8908.081769	81.096	-155.0605
8908.447980	81.104	-155.5244
8908.814191	81.095	-155.9775
8909.180402	81.086	-156.3408
8909.546613	81.086	-156.7012
8909.912824	81.087	-157.0771
8910.279035	81.091	-157.4775
8910.645246	81.089	-157.9229
8911.011457	81.077	-158.3311
8911.377668	81.070	-158.6729
8911.743879	81.070	-159.0234
8912.110090	81.071	-159.3818
8912.476301	81.079	-159.7754
8912.842512	81.078	-160.2432
8913.208723	81.064	-160.6357
8913.574934	81.066	-160.9395
8913.941145	81.078	-161.3779
8914.307356	81.066	-161.8564
8914.673567	81.055	-162.1523
8915.039778	81.073	-162.4941
8915.405989	81.080	-163.0186
8915.772200	81.066	-163.4463
8916.138411	81.069	-163.7959
8916.504622	81.073	-164.2910
8916.870833	81.052	-164.7373
8917.237044	81.042	-164.9980
8917.603255	81.059	-165.3418
8917.969466	81.064	-165.8369
8918.335677	81.051	-166.2822
8918.701888	81.040	-166.6240
8919.068098	81.042	-166.9336
8919.434309	81.056	-167.3213
8919.800520	81.059	-167.8379
8920.166731	81.038	-168.2773
8920.532942	81.029	-168.5479
8920.899153	81.045	-168.9199
8921.265364	81.041	-169.4395
8921.631575	81.019	-169.8037
8921.997786	81.022	-170.0596
8922.363997	81.040	-170.4863
8922.730208	81.035	-170.9941
8923.096419	81.022	-171.3906
8923.462630	81.021	-171.7734
8923.828841	81.016	-172.2061
8924.195052	81.005	-172.5898
8924.561263	81.002	-172.9375
8924.927474	81.003	-173.3135
8925.293685	81.002	-173.7002
8925.659896	81.003	-174.0928
8926.026107	81.001	-174.4873
8926.392318	81.002	-174.8633
8926.758529	81.006	-175.2686
8927.124740	81.004	-175.6943
8927.490951	81.000	-176.0732
8927.857162	81.005	-176.4609
8928.223373	81.006	-176.9111
8928.589584	80.997	-177.3408
8928.955795	80.988	-177.7314
8929.322006	80.976	-178.0938
8929.688217	80.970	-178.3887
8930.054428	80.980	-178.6992
8930.420638	80.990	-179.1162
8930.786849	80.989	-179.5459
8931.153060	80.988	-179.9463
8931.519271	80.985	179.6260
8931.885482	80.976	179.2363
8932.251693	80.975	178.9082
8932.617904	80.984	178.5088
8932.984115	80.982	178.0352
8933.350326	80.970	177.6455
8933.716537	80.972	177.3203
8934.082748	80.985	176.8789
8934.448959	80.979	176.3525
8934.815170	80.957	175.9463
8935.181381	80.948	175.6396
8935.547592	80.948	175.2891
8935.913803	80.945	174.9619
8936.280014	80.957	174.6641
8936.646225	80.978	174.2129
8937.012436	80.974	173.6953
8937.378647	80.962	173.3262
8937.744858	80.969	172.9688
8938.111069	80.972	172.5020
8938.477280	80.961	172.0977
8938.843491	80.961	171.7461
8939.209702	80.962	171.3086
8939.575913	80.949	170.9150
8939.942124	80.950	170.6104
8940.308335	80.961	170.1729
8940.674546	80.946	169.6729
8941.040757	80.921	169.3740
8941.406967	80.927	169.1387
8941.773178	80.941	168.7471
8942.139389	80.942	168.3242
8942.505600	80.945	167.9268
8942.871811	80.946	167.4463
8943.238022	80.928	167.0068
8943.604233	80.917	166.7002
8943.970444	80.924	166.3467
8944.336655	80.922	165.9238
8944.702866	80.918	165.5615
8945.069077	80.926	165.1719
8945.435288	80.926	164.6865
8945.801499	80.909	164.2705
8946.167710	80.902	163.9688
8946.533921	80.912	163.6113
8946.900132	80.916	163.1553
8947.266343	80.907	162.7324
8947.632554	80.903	162.3779
8947.998765	80.907	161.9883
8948.364976	80.904	161.5625
8948.731187	80.898	161.1865
8949.097398	80.900	160.8125
8949.463609	80.900	160.3721
8949.829820	80.887	159.9727
8950.196031	80.882	159.6660
8950.562242	80.891	159.3018
8950.928453	80.891	158.8652
8951.294664	80.885	158.4980
8951.660875	80.892	158.1387
8952.027086	80.897	157.6719
8952.393297	80.885	157.2354
8952.759507	80.881	156.8945
8953.125718	80.887	156.4834
8953.491929	80.881	156.0137
8953.858140	80.867	155.6367
8954.224351	80.865	155.2861
8954.590562	80.863	154.8848
8954.956773	80.855	154.5156
8955.322984	80.855	154.1787
8955.689195	80.859	153.7969
8956.055406	80.859	153.3916
8956.421617	80.857	153.0049
8956.787828	80.856	152.6318
8957.154039	80.859	152.2480
8957.520250	80.860	151.8301
8957.886461	80.856	151.4180
8958.252672	80.853	151.0312
8958.618883	80.850	150.6064
8958.985094	80.832	150.2080
8959.351305	80.820	149.9707
8959.717516	80.842	149.7129
8960.083727	80.864	149.1934
8960.449938	80.846	148.6475
8960.816149	80.823	148.3398
8961.182360	80.830	148.0361
8961.548571	80.832	147.5742
8961.914782	80.814	147.1914
8962.280993	80.813	146.9307
8962.647204	80.831	146.5527
8963.013415	80.835	146.0488
8963.379626	80.822	145.5850
8963.745836	80.807	145.2070
8964.112047	80.800	144.8740
8964.478258	80.801	144.5352
8964.844469	80.806	144.1543
8965.210680	80.809	143.7520
8965.576891	80.812	143.3418
8965.943102	80.815	142.8984
8966.309313	80.811	142.4365
8966.675524	80.799	142.0137
8967.041735	80.789	141.6514
8967.407946	80.787	141.3086
8967.774157	80.790	140.9307
8968.140368	80.789	140.5186
8968.506579	80.783	140.1289
8968.872790	80.780	139.7686
8969.239001	80.780	139.3877
8969.605212	80.774	138.9980
8969.971423	80.768	138.6660
8970.337634	80.773	138.3447
8970.703845	80.782	137.9346
8971.070056	80.776	137.5029
8971.436267	80.769	137.1475
8971.802478	80.769	136.7988
8972.168689	80.769	136.4297
8972.534900	80.772	136.0879
8972.901111	80.786	135.6797
8973.267322	80.788	135.1523
8973.633533	80.765	134.6836
8973.999744	80.746	134.3828
8974.365955	80.749	134.1045
8974.732166	80.759	133.7100
8975.098376	80.756	133.2676
8975.464587	80.747	132.9033
8975.830798	80.750	132.5713
8976.197009	80.758	132.1553
8976.563220	80.753	131.7070
8976.929431	80.744	131.3340
8977.295642	80.744	130.9912
8977.661853	80.749	130.5977
8978.028064	80.748	130.1758
8978.394275	80.742	129.7637
8978.760486	80.733	129.3809
8979.126697	80.725	129.0420
8979.492908	80.725	128.7285
8979.859119	80.733	128.3711
8980.225330	80.737	127.9414
8980.591541	80.729	127.5215
8980.957752	80.721	127.1807
8981.323963	80.724	126.8477
8981.690174	80.730	126.4355
8982.056385	80.726	125.9941
8982.422596	80.715	125.5977
8982.788807	80.706	125.2529
8983.155018	80.704	124.9365
8983.521229	80.713	124.5859
8983.887440	80.721	124.1396
8984.253651	80.714	123.6787
8984.619862	80.704	123.3037
8984.986073	80.704	122.9463
8985.352284	80.704	122.5332
8985.718495	80.698	122.1406
8986.084706	80.699	121.7861
8986.450916	80.705	121.3643
8986.817127	80.698	120.9111
8987.183338	80.685	120.5410
8987.549549	80.682	120.2012
8987.915760	80.680	119.8389
8988.281971	80.679	119.5137
8988.648182	80.690	119.1523
8989.014393	80.693	118.6748
8989.380604	80.673	118.2676
8989.746815	80.665	118.0107
8990.113026	80.677	117.6992
8990.479237	80.684	117.2783
8990.845448	80.681	116.8779
8991.211659	80.680	116.4844
8991.577870	80.675	116.0811
8991.944081	80.668	115.7295
8992.310292	80.670	115.3711
8992.676503	80.670	114.9473
8993.042714	80.660	114.5439
8993.408925	80.652	114.1875
8993.775136	80.645	113.8506
8994.141347	80.646	113.5547
8994.507558	80.662	113.2080
8994.873769	80.674	112.7139
8995.239980	80.663	112.2295
8995.606191	80.653	111.8535
8995.972402	80.651	111.4619
8996.338613	80.642	111.0732
8996.704824	80.640	110.7471
8997.071035	80.647	110.3516
8997.437245	80.638	109.9326
8997.803456	80.632	109.6436
8998.169667	80.650	109.3086
8998.535878	80.659	108.8057
8998.902089	80.644	108.3516
8999.268300	80.633	108.0010
8999.634511	80.626	107.6465
9000.000722	80.618	107.3457
9000.366933	80.625	107.0693
9000.733144	80.638	106.6738
9001.099355	80.636	106.2363
9001.465566	80.629	105.8809
9001.831777	80.632	105.5234
9002.197988	80.632	105.1016
9002.564199	80.622	104.7012
9002.930410	80.614	104.3662
9003.296621	80.613	104.0322
9003.662832	80.614	103.6748
9004.029043	80.616	103.3203
9004.395254	80.622	102.9404
9004.761465	80.626	102.5166
9005.127676	80.624	102.0967
9005.493887	80.623	101.6699
9005.860098	80.615	101.2295
9006.226309	80.600	100.8623
9006.592520	80.596	100.5615
9006.958731	80.601	100.2217
9007.324942	80.607	99.8506
9007.691153	80.614	99.4512
9008.057364	80.614	98.9902
9008.423575	80.599	98.6025
9008.789785	80.598	98.3398
9009.155996	80.617	97.9629
9009.522207	80.616	97.4395
9009.888418	80.593	97.0635
9010.254629	80.591	96.8252
9010.620840	80.606	96.4570
9010.987051	80.604	96.0068
9011.353262	80.594	95.6553
9011.719473	80.595	95.3115
9012.085684	80.593	94.9180
9012.451895	80.585	94.5889
9012.818106	80.592	94.2812
9013.184317	80.603	93.8525
9013.550528	80.594	93.3789
9013.916739	80.576	93.0322
9014.282950	80.575	92.7725
9014.649161	80.590	92.4209
9015.015372	80.597	91.9502
9015.381583	80.587	91.5039
9015.747794	80.578	91.1377
9016.114005	80.576	90.7754
9016.480216	80.574	90.3867
9016.846427	80.569	90.0146
9017.212638	80.568	89.6631
9017.578849	80.571	89.2881
9017.945060	80.572	88.8799
9018.311271	80.566	88.4951
9018.677482	80.565	88.1514
9019.043693	80.571	87.7744
9019.409904	80.570	87.3564
9019.776114	80.563	86.9834
9020.142325	80.562	86.6611
9020.508536	80.571	86.3047
9020.874747	80.578	85.8682
9021.240958	80.569	85.4189
9021.607169	80.553	85.0908
9021.973380	80.558	84.8301
9022.339591	80.574	84.4346
9022.705802	80.570	83.9697
9023.072013	80.560	83.6396
9023.438224	80.570	83.3096
9023.804435	80.573	82.8379
9024.170646	80.554	82.4512
9024.536857	80.552	82.2285
9024.903068	80.577	81.8750
9025.269279	80.583	81.3340
9025.635490	80.560	80.9072
9026.001701	80.553	80.6592
9026.367912	80.573	80.3203
9026.734123	80.579	79.7969
9027.100334	80.557	79.3340
9027.466545	80.539	79.0479
9027.832756	80.542	78.7578
9028.198967	80.542	78.3936
9028.565178	80.539	78.0898
9028.931389	80.553	77.7832
9029.297600	80.568	77.3203
9029.663811	80.557	76.8447
9030.030022	80.544	76.5088
9030.396233	80.545	76.1846
9030.762444	80.544	75.8193
9031.128654	80.545	75.4951
9031.494865	80.557	75.1191
9031.861076	80.557	74.6406
9032.227287	80.538	74.2461
9032.593498	80.531	73.9893
9032.959709	80.545	73.6816
9033.325920	80.556	73.2461
9033.692131	80.550	72.8047
9034.058342	80.540	72.4492
9034.424553	80.541	72.1250
9034.790764	80.546	71.7539
9035.156975	80.546	71.3594
9035.523186	80.546	70.9805
9035.889397	80.546	70.5889
9036.255608	80.540	70.1982
9036.621819	80.535	69.8604
9036.988030	80.541	69.5273
9037.354241	80.549	69.1172
9037.720452	80.546	68.6670
9038.086663	80.535	68.2656
9038.452874	80.527	67.9150
9038.819085	80.521	67.5732
9039.185296	80.517	67.2510
9039.551507	80.522	66.9424
9039.917718	80.533	66.5645
9040.283929	80.534	66.1230
9040.650140	80.525	65.7344
9041.016351	80.521	65.4111
9041.382562	80.526	65.0762
9041.748773	80.532	64.7100
9042.114983	80.539	64.3164
9042.481194	80.541	63.8955
9042.847405	80.538	63.4990
9043.213616	80.538	63.1270
9043.579827	80.539	62.7207
9043.946038	80.531	62.3223
9044.312249	80.524	62.0010
9044.678460	80.528	61.6836
9045.044671	80.533	61.3027
9045.410882	80.531	60.9336
9045.777093	80.534	60.6016
9046.143304	80.541	60.2168
9046.509515	80.538	59.8076
9046.875726	80.533	59.4629
9047.241937	80.536	59.1328
9047.608148	80.541	58.7559
9047.974359	80.542	58.3701
9048.340570	80.543	57.9893
9048.706781	80.543	57.5879
9049.072992	80.538	57.1748
9049.439203	80.524	56.8008
9049.805414	80.513	56.5264
9050.171625	80.523	56.2803
9050.537836	80.542	55.8926
9050.904047	80.542	55.4307
9051.270258	80.536	55.0713
9051.636469	80.544	54.7051
9052.002680	80.544	54.2480
9052.368891	80.531	53.8691
9052.735102	80.531	53.5615
9053.101313	80.535	53.1807
9053.467523	80.531	52.8047
9053.833734	80.532	52.4785
9054.199945	80.539	52.1045
9054.566156	80.539	51.7090
9054.932367	80.537	51.3486
9055.298578	80.538	50.9873
9055.664789	80.539	50.6270
9056.031000	80.541	50.2793
9056.397211	80.545	49.9238
9056.763422	80.552	49.5410
9057.129633	80.554	49.1211
9057.495844	80.547	48.7324
9057.862055	80.545	48.4062
9058.228266	80.550	48.0439
9058.594477	80.549	47.6699
9058.960688	80.555	47.3301
9059.326899	80.564	46.8916
9059.693110	80.551	46.4502
9060.059321	80.542	46.1875
9060.425532	80.563	45.8545
9060.791743	80.569	45.3164
9061.157954	80.545	44.8799
9061.524165	80.532	44.6123
9061.890376	80.537	44.3154
9062.256587	80.545	43.9521
9062.622798	80.548	43.5283
9062.989009	80.537	43.1279
9063.355220	80.530	42.8545
9063.721431	80.545	42.5381
9064.087642	80.550	42.0889
9064.453853	80.539	41.7266
9064.820063	80.545	41.4443
9065.186274	80.561	41.0381
9065.552485	80.559	40.5781
9065.918696	80.549	40.2148
9066.284907	80.550	39.8955
9066.651118	80.557	39.5400
9067.017329	80.561	39.1543
9067.383540	80.563	38.7773
9067.749751	80.566	38.4121
9068.115962	80.572	38.0205
9068.482173	80.572	37.6055
9068.848384	80.566	37.2295
9069.214595	80.565	36.9121
9069.580806	80.574	36.5771
9069.947017	80.582	36.1680
9070.313228	80.580	35.7549
9070.679439	80.576	35.4043
9071.045650	80.578	35.0635
9071.411861	80.582	34.7051
9071.778072	80.587	34.3350
9072.144283	80.590	33.9287
9072.510494	80.583	33.5459
9072.876705	80.581	33.2402
9073.242916	80.592	32.9004
9073.609127	80.600	32.4805
9073.975338	80.599	32.0596
9074.341549	80.593	31.6689
9074.707760	80.588	31.3320
9075.073971	80.596	31.0010
9075.440182	80.606	30.5498
9075.806392	80.594	30.0840
9076.172603	80.579	29.7773
9076.538814	80.586	29.4697
9076.905025	80.589	29.0547
9077.271236	80.580	28.7061
9077.637447	80.586	28.4072
9078.003658	80.596	28.0195
9078.369869	80.596	27.6348
9078.736080	80.602	27.2842
9079.102291	80.608	26.8711
9079.468502	80.603	26.4951
9079.834713	80.613	26.1875
9080.200924	80.632	25.7305
9080.567135	80.621	25.2041
9080.933346	80.598	24.9004
9081.299557	80.607	24.6699
9081.665768	80.622	24.2627
9082.031979	80.617	23.8564
9082.398190	80.619	23.5469
9082.764401	80.630	23.1543
9083.130612	80.624	22.7441
9083.496823	80.622	22.4404
9083.863034	80.634	22.0811
9084.229245	80.634	21.6641
9084.595456	80.632	21.3281
9084.961667	80.640	20.9443
9085.327878	80.634	20.5039
9085.694089	80.622	20.1973
9086.060300	80.631	19.9004
9086.426511	80.637	19.4746
9086.792722	80.626	19.1094
9087.158932	80.628	18.8330
9087.525143	80.641	18.4824
9087.891354	80.651	18.0723
9088.257565	80.655	17.6230
9088.623776	80.644	17.1787
9088.989987	80.631	16.8789
9089.356198	80.643	16.5957
9089.722409	80.655	16.1455
9090.088620	80.644	15.7344
9090.454831	80.647	15.4434
9090.821042	80.662	15.0264
9091.187253	80.655	14.5557
9091.553464	80.644	14.2520
9091.919675	80.658	13.9346
9092.285886	80.665	13.4873
9092.652097	80.657	13.1240
9093.018308	80.668	12.8135
9093.384519	80.683	12.3564
9093.750730	80.674	11.8857
9094.116941	80.662	11.5654
9094.483152	80.667	11.2705
9094.849363	80.677	10.9121
9095.215574	80.684	10.5225
9095.581785	80.686	10.1367
9095.947996	80.689	9.7881
9096.314207	80.700	9.4102
9096.680418	80.701	8.9697
9097.046629	80.692	8.6328
9097.412840	80.705	8.3506
9097.779051	80.723	7.8857
9098.145261	80.710	7.4219
9098.511472	80.704	7.1533
9098.877683	80.723	6.7930
9099.243894	80.720	6.3066
9099.610105	80.706	5.9971
9099.976316	80.722	5.7129
9100.342527	80.733	5.2246
9100.708738	80.714	4.8135
9101.074949	80.712	4.5908
9101.441160	80.736	4.2412
9101.807371	80.741	3.7432
9102.173582	80.728	3.3730
9102.539793	80.736	3.0850
9102.906004	80.752	2.6543
9103.272215	80.746	2.1748
9103.638426	80.732	1.8506
9104.004637	80.741	1.5664
9104.370848	80.755	1.1543
9104.737059	80.754	0.7168
9105.103270	80.749	0.3418
9105.469481	80.747	-0.0107
9105.835692	80.749	-0.3301
9106.201903	80.761	-0.6768
9106.568114	80.767	-1.1172
9106.934325	80.758	-1.4844
9107.300536	80.766	-1.7598
9107.666747	80.787	-2.1943
9108.032958	80.780	-2.6953
9108.399169	80.765	-3.0146
9108.765380	80.772	-3.3057
9109.131591	80.780	-3.6904
9109.497801	80.783	-4.0439
9109.864012	80.796	-4.4395
9110.230223	80.793	-4.9082
9110.596434	80.778	-5.2402
9110.962645	80.786	-5.5039
9111.328856	80.800	-5.8945
9111.695067	80.801	-6.2744
9112.061278	80.814	-6.6113
9112.427489	80.831	-7.0938
9112.793700	80.822	-7.6074
9113.159911	80.805	-7.9580
9113.526122	80.805	-8.2686
9113.892333	80.807	-8.6250
9114.258544	80.809	-8.9570
9114.624755	80.818	-9.2920
9114.990966	80.829	-9.6865
9115.357177	80.833	-10.1045
9115.723388	80.832	-10.4941
9116.089599	80.834	-10.8467
9116.455810	80.843	-11.2314
9116.822021	80.845	-11.6729
9117.188232	80.836	-12.0410
9117.554443	80.841	-12.3428
9117.920654	80.855	-12.7490
9118.286865	80.850	-13.1836
9118.653076	80.846	-13.4980
9119.019287	80.861	-13.8389
9119.385498	80.868	-14.2979
9119.751709	80.860	-14.7031
9120.117920	80.859	-15.0186
9120.484131	80.868	-15.3662
9120.850341	80.877	-15.7686
9121.216552	80.879	-16.1855
9121.582763	80.875	-16.5547
9121.948974	80.882	-16.8799
9122.315185	80.896	-17.2949
9122.681396	80.892	-17.7686
9123.047607	80.878	-18.1104
9123.413818	80.883	-18.3799
9123.780029	80.899	-18.7471
9124.146240	80.906	-19.1768
9124.512451	80.905	-19.5840
9124.878662	80.901	-19.9326
9125.244873	80.909	-20.2393
9125.611084	80.927	-20.6318
9125.977295	80.931	-21.1113
9126.343506	80.922	-21.5049
9126.709717	80.924	-21.8350
9127.075928	80.931	-22.2197
9127.442139	80.932	-22.6094
9127.808350	80.935	-22.9854
9128.174561	80.936	-23.3770
9128.540772	80.934	-23.7129
9128.906983	80.945	-24.0332
9129.273194	80.959	-24.4658
9129.639405	80.954	-24.8955
9130.005616	80.954	-25.2012
9130.371827	80.973	-25.5703
9130.738038	80.977	-26.0674
9131.104249	80.962	-26.4482
9131.470460	80.968	-26.7119
9131.836670	80.988	-27.1162
9132.202881	80.987	-27.5977
9132.569092	80.978	-27.9512
9132.935303	80.984	-28.2695
9133.301514	80.993	-28.6592
9133.667725	80.997	-29.0498
9134.033936	81.002	-29.4434
9134.400147	81.003	-29.8506
9134.766358	81.003	-30.2227
9135.132569	81.008	-30.6084
9135.498780	81.007	-31.0293
9135.864991	80.999	-31.3809
9136.231202	81.003	-31.6680
9136.597413	81.019	-32.0205
9136.963624	81.029	-32.4600
9137.329835	81.028	-32.8838
9137.696046	81.027	-33.2480
9138.062257	81.034	-33.6240
9138.428468	81.036	-34.0312
9138.794679	81.036	-34.3857
9139.160890	81.048	-34.7402
9139.527101	81.057	-35.2061
9139.893312	81.046	-35.6445
9140.259523	81.040	-35.9297
9140.625734	81.058	-36.2559
9140.991945	81.068	-36.7324
9141.358156	81.056	-37.1543
9141.724367	81.051	-37.4209
9142.090578	81.070	-37.7158
9142.456789	81.090	-38.1650
9142.823000	81.089	-38.6426
9143.189210	81.083	-38.9951
9143.555421	81.097	-39.3164
9143.921632	81.117	-39.7891
9144.287843	81.112	-40.3232
9144.654054	81.096	-40.7197
9145.020265	81.093	-41.0469
9145.386476	81.095	-41.4346
9145.752687	81.088	-41.7959
9146.118898	81.090	-42.0693
9146.485109	81.108	-42.3926
9146.851320	81.125	-42.8281
9147.217531	81.128	-43.2715
9147.583742	81.128	-43.6543
9147.949953	81.137	-44.0225
9148.316164	81.150	-44.4541
9148.682375	81.151	-44.9326
9149.048586	81.141	-45.3408
9149.414797	81.139	-45.6523
9149.781008	81.153	-46.0059
9150.147219	81.159	-46.4580
9150.513430	81.152	-46.8545
9150.879641	81.154	-47.1582
9151.245852	81.169	-47.5381
9151.612063	81.173	-47.9854
9151.978274	81.169	-48.3594
9152.344485	81.175	-48.7227
9152.710696	81.177	-49.1270
9153.076907	81.175	-49.4639
9153.443118	81.190	-49.8066
9153.809329	81.200	-50.2793
9154.175539	81.189	-50.7090
9154.541750	81.185	-51.0039
9154.907961	81.199	-51.3457
9155.274172	81.206	-51.7578
9155.640383	81.212	-52.1221
9156.006594	81.230	-52.5293
9156.372805	81.237	-53.0527
9156.739016	81.221	-53.5137
9157.105227	81.212	-53.8232
9157.471438	81.224	-54.1553
9157.837649	81.233	-54.5947
9158.203860	81.229	-55.0127
9158.570071	81.230	-55.3711
9158.936282	81.237	-55.7646
9159.302493	81.236	-56.1689
9159.668704	81.238	-56.5186
9160.034915	81.248	-56.8896
9160.401126	81.255	-57.3252
9160.767337	81.253	-57.7334
9161.133548	81.255	-58.0928
9161.499759	81.262	-58.4902
9161.865970	81.261	-58.9072
9162.232181	81.257	-59.2529
9162.598392	81.266	-59.5820
9162.964603	81.276	-59.9814
9163.330814	81.278	-60.3721
9163.697025	81.286	-60.7354
9164.063236	81.298	-61.1660
9164.429447	81.298	-61.6221
9164.795658	81.292	-62.0283
9165.161869	81.285	-62.4023
9165.528079	81.280	-62.6895
9165.894290	81.299	-62.9629
9166.260501	81.322	-63.4365
9166.626712	81.313	-63.9346
9166.992923	81.306	-64.2139
9167.359134	81.332	-64.5693
9167.725345	81.337	-65.1416
9168.091556	81.309	-65.5244
9168.457767	81.314	-65.7012
9168.823978	81.348	-66.0898
9169.190189	81.353	-66.6514
9169.556400	81.336	-67.0527
9169.922611	81.340	-67.3525
9170.288822	81.353	-67.7549
9170.655033	81.354	-68.1885
9171.021244	81.354	-68.5674
9171.387455	81.358	-68.9688
9171.753666	81.354	-69.3379
9172.119877	81.366	-69.6445
9172.486088	81.389	-70.1182
9172.852299	81.377	-70.6885
9173.218510	81.348	-70.9863
9173.584721	81.361	-71.1709
9173.950932	81.388	-71.5986
9174.317143	81.385	-72.0723
9174.683354	81.383	-72.4023
9175.049565	81.395	-72.7666
9175.415776	81.401	-73.1699
9175.781987	81.410	-73.5469
9176.148198	81.420	-73.9902
9176.514408	81.415	-74.4199
9176.880619	81.416	-74.7383
9177.246830	81.434	-75.1104
9177.613041	81.443	-75.5957
9177.979252	81.437	-76.0361
9178.345463	81.434	-76.3867
9178.711674	81.444	-76.7480
9179.077885	81.454	-77.1816
9179.444096	81.454	-77.6318
9179.810307	81.450	-78.0352
9180.176518	81.448	-78.4229
9180.542729	81.444	-78.7930
9180.908940	81.447	-79.1055
9181.275151	81.464	-79.4746
9181.641362	81.472	-79.9609
9182.007573	81.461	-80.3779
9182.373784	81.461	-80.6797
9182.739995	81.476	-81.0576
9183.106206	81.479	-81.5059
9183.472417	81.476	-81.8770
9183.838628	81.486	-82.2236
9184.204839	81.500	-82.6641
9184.571050	81.501	-83.1484
9184.937261	81.493	-83.5625
9185.303472	81.491	-83.9092
9185.669683	81.498	-84.2822
9186.035894	81.502	-84.6885
9186.402105	81.506	-85.0771
9186.768316	81.514	-85.4902
9187.134527	81.514	-85.9346
9187.500738	81.509	-86.3076
9187.866948	81.516	-86.6406
9188.233159	81.529	-87.0449
9188.599370	81.536	-87.4746
9188.965581	81.543	-87.8994
9189.331792	81.547	-88.3682
9189.698003	81.538	-88.7969
9190.064214	81.535	-89.1162
9190.430425	81.549	-89.4580
9190.796636	81.562	-89.9141
9191.162847	81.559	-90.3730
9191.529058	81.554	-90.7344
9191.895269	81.560	-91.0703
9192.261480	81.571	-91.4678
9192.627691	81.576	-91.8857
9192.993902	81.581	-92.2939
9193.360113	81.581	-92.7275
9193.726324	81.573	-93.1055
9194.092535	81.576	-93.3896
9194.458746	81.596	-93.7607
9194.824957	81.604	-94.2529
9195.191168	81.596	-94.6670
9195.557379	81.599	-95.0127
9195.923590	81.606	-95.4326
9196.289801	81.603	-95.8467
9196.656012	81.605	-96.1953
9197.022223	81.616	-96.6094
9197.388434	81.614	-97.0791
9197.754645	81.604	-97.4482
9198.120856	81.610	-97.7617
9198.487067	81.624	-98.1641
9198.853278	81.628	-98.6084
9199.219488	81.629	-99.0078
9199.585699	81.636	-99.4121
9199.951910	81.639	-99.8418
9200.318121	81.640	-100.2500
9200.684332	81.644	-100.6494
9201.050543	81.649	-101.0596
9201.416754	81.652	-101.4824
9201.782965	81.652	-101.9150
9202.149176	81.646	-102.3037
9202.515387	81.647	-102.6396
9202.881598	81.656	-102.9980
9203.247809	81.665	-103.4072
9203.614020	81.669	-103.8311
9203.980231	81.668	-104.2334
9204.346442	81.670	-104.5830
9204.712653	81.684	-104.9512
9205.078864	81.696	-105.4238
9205.445075	81.690	-105.9043
9205.811286	81.681	-106.2783
9206.177497	81.683	-106.6191
9206.543708	81.690	-107.0000
9206.909919	81.696	-107.4062
9207.276130	81.700	-107.8262
9207.642341	81.700	-108.2480
9208.008552	81.696	-108.6318
9208.374763	81.698	-108.9717
9208.740974	81.709	-109.3203
9209.107185	81.725	-109.7451
9209.473396	81.731	-110.2334
9209.839607	81.723	-110.6689
9210.205817	81.721	-111.0156
9210.572028	81.732	-111.3916
9210.938239	81.736	-111.8350
9211.304450	81.731	-112.2100
9211.670661	81.742	-112.5352
9212.036872	81.760	-112.9873
9212.403083	81.756	-113.4746
9212.769294	81.750	-113.8145
9213.135505	81.767	-114.1797
9213.501716	81.773	-114.6992
9213.867927	81.757	-115.1201
9214.234138	81.758	-115.4043
9214.600349	81.776	-115.8213
9214.966560	81.771	-116.3096
9215.332771	81.761	-116.6475
9215.698982	81.773	-116.9775
9216.065193	81.781	-117.4385
9216.431404	81.771	-117.8311
9216.797615	81.778	-118.1113
9217.163826	81.802	-118.5254
9217.530037	81.806	-119.0625
9217.896248	81.792	-119.4658
9218.262459	81.796	-119.7734
9218.628670	81.811	-120.1826
9218.994881	81.813	-120.6396
9219.361092	81.810	-121.0312
9219.727303	81.815	-121.4102
9220.093514	81.821	-121.8076
9220.459725	81.828	-122.2227
9220.825936	81.831	-122.6846
9221.192147	81.820	-123.1133
9221.558357	81.813	-123.4297
9221.924568	81.821	-123.7373
9222.290779	81.835	-124.1152
9222.656990	81.846	-124.5254
9223.023201	81.856	-124.9707
9223.389412	81.859	-125.4404
9223.755623	81.855	-125.8799
9224.121834	81.852	-126.2949
9224.488045	81.848	-126.6904
9224.854256	81.848	-127.0596
9225.220467	81.852	-127.4639
9225.586678	81.850	-127.8672
9225.952889	81.852	-128.2051
9226.319100	81.868	-128.6074
9226.685311	81.872	-129.1074
9227.051522	81.863	-129.5117
9227.417733	81.871	-129.8711
9227.783944	81.879	-130.3574
9228.150155	81.865	-130.7988
9228.516366	81.861	-131.0840
9228.882577	81.880	-131.4473
9229.248788	81.887	-131.9229
9229.614999	81.884	-132.3369
9229.981210	81.888	-132.7275
9230.347421	81.890	-133.1455
9230.713632	81.890	-133.5137
9231.079843	81.899	-133.8936
9231.446054	81.903	-134.3369
9231.812265	81.897	-134.7207
9232.178476	81.904	-135.0352
9232.544686	81.922	-135.4355
9232.910897	81.929	-135.9277
9233.277108	81.921	-136.3555
9233.643319	81.923	-136.7031
9234.009530	81.933	-137.1143
9234.375741	81.932	-137.5703
9234.741952	81.928	-137.9434
9235.108163	81.937	-138.3340
9235.474374	81.936	-138.8066
9235.840585	81.924	-139.1631
9236.206796	81.934	-139.4648
9236.573007	81.948	-139.9316
9236.939218	81.938	-140.3643
9237.305429	81.944	-140.6553
9237.671640	81.969	-141.1250
9238.037851	81.960	-141.7021
9238.404062	81.939	-142.0449
9238.770273	81.950	-142.3457
9239.136484	81.960	-142.8125
9239.502695	81.953	-143.2207
9239.868906	81.961	-143.5732
9240.235117	81.971	-144.0615
9240.601328	81.956	-144.5186
9240.967539	81.948	-144.8047
9241.333750	81.966	-145.1377
9241.699961	81.976	-145.6143
9242.066172	81.969	-146.0410
9242.432383	81.972	-146.3613
9242.798594	81.991	-146.7471
9243.164805	82.003	-147.2607
9243.531016	81.995	-147.7686
9243.897226	81.980	-148.1484
9244.263437	81.981	-148.4365
9244.629648	82.002	-148.8145
9244.995859	82.013	-149.3467
9245.362070	81.999	-149.8271
9245.728281	81.991	-150.1846
9246.094492	81.991	-150.5762
9246.460703	81.982	-150.9385
9246.826914	81.988	-151.2002
9247.193125	82.015	-151.6025
9247.559336	82.018	-152.1396
9247.925547	82.005	-152.5156
9248.291758	82.017	-152.8301
9248.657969	82.034	-153.3086
9249.024180	82.029	-153.8135
9249.390391	82.020	-154.2041
9249.756602	82.021	-154.5586
9250.122813	82.029	-154.9551
9250.489024	82.032	-155.4033
9250.855235	82.026	-155.8154
9251.221446	82.027	-156.1514
9251.587657	82.042	-156.5625
9251.953868	82.042	-157.0596
9252.320079	82.030	-157.4463
9252.686290	82.035	-157.7764
9253.052501	82.045	-158.2207
9253.418712	82.038	-158.6514
9253.784923	82.038	-158.9863
9254.151134	82.049	-159.4043
9254.517345	82.043	-159.8633
9254.883556	82.036	-160.1797
9255.249766	82.053	-160.5176
9255.615977	82.063	-161.0186
9255.982188	82.051	-161.4580
9256.348399	82.049	-161.7920
9256.714610	82.056	-162.1973
9257.080821	82.052	-162.6084
9257.447032	82.052	-162.9492
9257.813243	82.061	-163.3281
9258.179454	82.065	-163.7285
9258.545665	82.073	-164.1104
9258.911876	82.084	-164.5664
9259.278087	82.080	-165.0430
9259.644298	82.071	-165.4150
9260.010509	82.076	-165.7510
9260.376720	82.089	-166.1504
9260.742931	82.099	-166.6133
9261.109142	82.099	-167.0947
9261.475353	82.093	-167.5303
9261.841564	82.090	-167.9307
9262.207775	82.088	-168.3398
9262.573986	82.084	-168.7109
9262.940197	82.088	-169.0527
9263.306408	82.098	-169.4443
9263.672619	82.104	-169.8584
9264.038830	82.112	-170.2656
9264.405041	82.119	-170.7139
9264.771252	82.118	-171.1484
9265.137463	82.122	-171.5391
9265.503674	82.131	-171.9990
9265.869885	82.123	-172.4941
9266.236095	82.107	-172.8594
9266.602306	82.109	-173.1465
9266.968517	82.124	-173.5176
9267.334728	82.131	-173.9736
9267.700939	82.126	-174.4033
9268.067150	82.121	-174.7275
9268.433361	82.139	-175.0439
9268.799572	82.163	-175.5371
9269.165783	82.159	-176.1084
9269.531994	82.141	-176.5342
9269.898205	82.136	-176.8809
9270.264416	82.137	-177.2676
9270.630627	82.139	-177.6514
9270.996838	82.145	-178.0664
9271.363049	82.143	-178.5332
9271.729260	82.132	-178.9316
9272.095471	82.131	-179.2656
9272.461682	82.139	-179.6543
9272.827893	82.142	179.9043
9273.194104	82.137	179.4814
9273.560315	82.132	179.1201
9273.926526	82.138	178.7959
9274.292737	82.157	178.3799
9274.658948	82.162	177.8457
9275.025159	82.145	177.3887
9275.391370	82.135	177.0967
9275.757581	82.150	176.7959
9276.123792	82.170	176.3613
9276.490003	82.177	175.8623
9276.856214	82.173	175.3955
9277.222425	82.167	174.9854
9277.588635	82.164	174.6279
9277.954846	82.172	174.2754
9278.321057	82.185	173.8564
9278.687268	82.189	173.3838
9279.053479	82.183	172.9473
9279.419690	82.180	172.5850
9279.785901	82.186	172.2266
9280.152112	82.195	171.8164
9280.518323	82.201	171.3848
9280.884534	82.203	170.9434
9281.250745	82.198	170.5010
9281.616956	82.190	170.1455
9281.983167	82.199	169.8369
9282.349378	82.219	169.3857
9282.715589	82.215	168.8525
9283.081800	82.197	168.4736
9283.448011	82.200	168.1895
9283.814222	82.218	167.7930
9284.180433	82.224	167.3066
9284.546644	82.216	166.8564
9284.912855	82.210	166.4932
9285.279066	82.217	166.1455
9285.645277	82.228	165.6982
9286.011488	82.223	165.2236
9286.377699	82.214	164.8467
9286.743910	82.216	164.4824
9287.110121	82.216	164.0996
9287.476332	82.221	163.7568
9287.842543	82.238	163.3359
9288.208754	82.237	162.8252
9288.574964	82.225	162.4482
9288.941175	82.235	162.1250
9289.307386	82.250	161.6289
9289.673597	82.237	161.1182
9290.039808	82.221	160.7812
9290.406019	82.228	160.4609
9290.772230	82.235	160.0303
9291.138441	82.229	159.6162
9291.504652	82.229	159.2969
9291.870863	82.247	158.9258
9292.237074	82.258	158.4219
9292.603285	82.249	157.9629
9292.969496	82.248	157.6025
9293.335707	82.256	157.1758
9293.701918	82.253	156.7295
9294.068129	82.253	156.3701
9294.434340	82.266	155.9395
9294.800551	82.261	155.4355
9295.166762	82.249	155.0664
9295.532973	82.257	154.7324
9295.899184	82.266	154.2783
9296.265395	82.261	153.8369
9296.631606	82.260	153.4541
9296.997817	82.260	153.0479
9297.364028	82.256	152.6748
9297.730239	82.261	152.3369
9298.096450	82.272	151.9346
9298.462661	82.274	151.5098
9298.828872	82.277	151.1289
9299.195083	82.286	150.7148
9299.561294	82.287	150.2490
9299.927504	82.277	149.8447
9300.293715	82.277	149.5254
9300.659926	82.293	149.1543
9301.026137	82.303	148.6494
9301.392348	82.290	148.1641
9301.758559	82.277	147.8398
9302.124770	82.290	147.5146
9302.490981	82.302	147.0244
9302.857192	82.289	146.5400
9303.223403	82.278	146.2158
9303.589614	82.290	145.8740
9303.955825	82.299	145.4033
9304.322036	82.293	144.9561
9304.688247	82.292	144.5732
9305.054458	82.296	144.1494
9305.420669	82.293	143.7168
9305.786880	82.290	143.3408
9306.153091	82.296	142.9658
9306.519302	82.305	142.5400
9306.885513	82.308	142.0732
9307.251724	82.300	141.6270
9307.617935	82.293	141.2744
9307.984146	82.302	140.9385
9308.350357	82.315	140.4873
9308.716568	82.309	140.0283
9309.082779	82.305	139.6836
9309.448990	82.318	139.2959
9309.815201	82.319	138.8037
9310.181412	82.304	138.4219
9310.547623	82.308	138.1436
9310.913833	82.327	137.7314
9311.280044	82.326	137.2305
9311.646255	82.315	136.8477
9312.012466	82.319	136.5117
9312.378677	82.327	136.0762
9312.744888	82.320	135.6348
9313.111099	82.312	135.2988
9313.477310	82.321	134.9785
9313.843521	82.338	134.5449
9314.209732	82.340	134.0254
9314.575943	82.323	133.5645
9314.942154	82.308	133.2520
9315.308365	82.316	132.9883
9315.674576	82.340	132.5840
9316.040787	82.347	132.0557
9316.406998	82.337	131.6055
9316.773209	82.337	131.2354
9317.139420	82.342	130.7754
9317.505631	82.328	130.3125
9317.871842	82.313	130.0273
9318.238053	82.329	129.7627
9318.604264	82.351	129.3135
9318.970475	82.352	128.8145
9319.336686	82.347	128.4111
9319.702897	82.352	128.0186
9320.069108	82.356	127.5928
9320.435319	82.358	127.1611
9320.801530	82.356	126.7148
9321.167741	82.349	126.3145
9321.533952	82.353	125.9600
9321.900163	82.362	125.5098
9322.266373	82.352	125.0332
9322.632584	82.341	124.7129
9322.998795	82.356	124.3770
9323.365006	82.365	123.8574
9323.731217	82.346	123.4004
9324.097428	82.337	123.1270
9324.463639	82.352	122.7988
9324.829850	82.362	122.3486
9325.196061	82.361	121.9268
9325.562272	82.364	121.5322
9325.928483	82.368	121.1143
9326.294694	82.368	120.7129
9326.660905	82.374	120.3125
9327.027116	82.377	119.8643
9327.393327	82.371	119.4365
9327.759538	82.368	119.0830
9328.125749	82.376	118.7051
9328.491960	82.380	118.2441
9328.858171	82.369	117.8291
9329.224382	82.366	117.5234
9329.590593	82.382	117.1670
9329.956804	82.393	116.6748
9330.323015	82.384	116.1982
9330.689226	82.375	115.8379
9331.055437	82.381	115.4824
9331.421648	82.390	115.0195
9331.787859	82.379	114.5391
9332.154070	82.365	114.2041
9332.520281	82.375	113.9131
9332.886492	82.393	113.4463
9333.252703	82.385	112.9414
9333.618913	82.376	112.6104
9333.985124	82.394	112.2402
9334.351335	82.401	111.7051
9334.717546	82.388	111.2480
9335.083757	82.384	110.8721
9335.449968	82.380	110.4502
9335.816179	82.372	110.1191
9336.182390	82.387	109.8057
9336.548601	82.402	109.3018
9336.914812	82.385	108.8359
9337.281023	82.379	108.5693
9337.647234	82.401	108.2139
9338.013445	82.407	107.7051
9338.379656	82.395	107.2861
9338.745867	82.394	106.9717
9339.112078	82.407	106.6094
9339.478289	82.417	106.1572
9339.844500	82.414	105.6953
9340.210711	82.408	105.3125
9340.576922	82.413	104.9453
9340.943133	82.419	104.4990
9341.309344	82.413	104.0664
9341.675555	82.413	103.7021
9342.041766	82.421	103.2734
9342.407977	82.416	102.8066
9342.774188	82.408	102.4414
9343.140399	82.416	102.0752
9343.506610	82.419	101.5996
9343.872821	82.406	101.1768
9344.239032	82.401	100.8760
9344.605242	82.413	100.5391
9344.971453	82.425	100.1338
9345.337664	82.436	99.7080
9345.703875	82.444	99.2295
9346.070086	82.441	98.7422
9346.436297	82.433	98.3125
9346.802508	82.427	97.9082
9347.168719	82.419	97.5488
9347.534930	82.421	97.2363
9347.901141	82.434	96.8691
9348.267352	82.442	96.4336
9348.633563	82.446	96.0000
9348.999774	82.447	95.5664
9349.365985	82.446	95.1367
9349.732196	82.445	94.7236
9350.098407	82.445	94.3047
9350.464618	82.443	93.8828
9350.830829	82.440	93.4775
9351.197040	82.439	93.0840
9351.563251	82.439	92.6846
9351.929462	82.439	92.2734
9352.295673	82.437	91.8828
9352.661884	82.440	91.4990
9353.028095	82.442	91.0723
9353.394306	82.436	90.6748
9353.760517	82.438	90.3320
9354.126728	82.446	89.9287
9354.492939	82.444	89.5156
9354.859150	82.446	89.1787
9355.225361	82.460	88.7842
9355.591572	82.462	88.3252
9355.957782	82.459	87.9287
9356.323993	82.461	87.5303
9356.690204	82.456	87.1309
9357.056415	82.454	86.8340
9357.422626	82.474	86.4834
9357.788837	82.484	85.9834
9358.155048	82.474	85.5527
9358.521259	82.478	85.2168
9358.887470	82.492	84.7568
9359.253681	82.484	84.2354
9359.619892	82.467	83.8643
9359.986103	82.472	83.5361
9360.352314	82.480	83.0664
9360.718525	82.466	82.5986
9361.084736	82.456	82.2715
9361.450947	82.465	81.9072
9361.817158	82.466	81.4287
9362.183369	82.452	81.0303
9362.549580	82.452	80.7314
9362.915791	82.468	80.3301
9363.282002	82.469	79.8291
9363.648213	82.455	79.4355
9364.014424	82.458	79.1514
9364.380635	82.481	78.7588
9364.746846	82.489	78.2236
9365.113057	82.476	77.7588
9365.479268	82.469	77.4180
9365.845479	82.477	77.0586
9366.211690	82.483	76.6484
9366.577901	82.487	76.2461
9366.944111	82.494	75.8340
9367.310322	82.499	75.3857
9367.676533	82.497	74.9346
9368.042744	82.491	74.5166
9368.408955	82.486	74.1318
9368.775166	82.484	73.7676
9369.141377	82.488	73.4121
9369.507588	82.498	73.0068
9369.873799	82.501	72.5293
9370.240010	82.488	72.1016
9370.606221	82.483	71.7832
9370.972432	82.494	71.4248
9371.338643	82.501	70.9697
9371.704854	82.497	70.5352
9372.071065	82.495	70.1387
9372.437276	82.493	69.7373
9372.803487	82.491	69.3750
9373.169698	82.501	69.0146
9373.535909	82.511	68.5596
9373.902120	82.506	68.0938
9374.268331	82.500	67.7402
9374.634542	82.513	67.3828
9375.000753	82.524	66.9043
9375.366964	82.519	66.4219
9375.733175	82.512	66.0254
9376.099386	82.512	65.6309
9376.465597	82.509	65.2275
9376.831808	82.507	64.8838
9377.198019	82.519	64.5312
9377.564230	82.532	64.0723
9377.930441	82.529	63.5869
9378.296651	82.521	63.2031
9378.662862	82.529	62.8418
9379.029073	82.537	62.3594
9379.395284	82.525	61.8848
9379.761495	82.514	61.5518
9380.127706	82.521	61.2002
9380.493917	82.522	60.7744
9380.860128	82.520	60.4150
9381.226339	82.533	60.0264
9381.592550	82.536	59.5205
9381.958761	82.519	59.1025
9382.324972	82.517	58.8027
9382.691183	82.529	58.4238
9383.057394	82.533	57.9766
9383.423605	82.530	57.5703
9383.789816	82.531	57.1914
9384.156027	82.537	56.8008
9384.522238	82.542	56.3799
9384.888449	82.544	55.9570
9385.254660	82.547	55.5479
9385.620871	82.551	55.1064
9385.987082	82.546	54.6631
9386.353293	82.540	54.2871
9386.719504	82.542	53.9248
9387.085715	82.547	53.5430
9387.451926	82.554	53.1484
9387.818137	82.561	52.7051
9388.184348	82.559	52.2627
9388.550559	82.558	51.8633
9388.916770	82.558	51.4287
9389.282981	82.546	51.0303
9389.649191	82.545	50.7451
9390.015402	82.565	50.3760
9390.381613	82.572	49.8584
9390.747824	82.557	49.4238
9391.114035	82.551	49.1152
9391.480246	82.562	48.7666
9391.846457	82.571	48.3457
9392.212668	82.574	47.9043
9392.578879	82.571	47.4707
9392.945090	82.566	47.0732
9393.311301	82.564	46.7080
9393.677512	82.566	46.3389
9394.043723	82.570	45.9629
9394.409934	82.576	45.5820
9394.776145	82.583	45.1660
9395.142356	82.584	44.7295
9395.508567	82.581	44.3438
9395.874778	82.588	43.9746
9396.240989	82.596	43.5273
9396.607200	82.592	43.0693
9396.973411	82.585	42.6934
9397.339622	82.589	42.3184
9397.705833	82.589	41.9023
9398.072044	82.588	41.5293
9398.438255	82.598	41.1543
9398.804466	82.607	40.6670
9399.170677	82.597	40.1611
9399.536888	82.580	39.7764
9399.903099	82.576	39.4600
9400.269310	82.582	39.0908
9400.635520	82.586	38.6777
9401.001731	82.587	38.2627
9401.367942	82.585	37.8447
9401.734153	82.583	37.4707
9402.100364	82.594	37.0957
9402.466575	82.605	36.5830
9402.832786	82.588	36.0703
9403.198997	82.569	35.7803
9403.565208	82.585	35.5088
9403.931419	82.604	35.0410
9404.297630	82.602	34.5527
9404.663841	82.599	34.1494
9405.030052	82.598	33.7461
9405.396263	82.597	33.3896
9405.762474	82.611	33.0381
9406.128685	82.627	32.5400
9406.494896	82.616	32.0303
9406.861107	82.602	31.6904
9407.227318	82.611	31.3809
9407.593529	82.624	30.9541
9407.959740	82.625	30.4844
9408.325951	82.618	30.0469
9408.692162	82.607	29.6660
9409.058373	82.603	29.3555
9409.424584	82.613	29.0234
9409.790795	82.623	28.5996
9410.157006	82.624	28.1680
9410.523217	82.625	27.7627
9410.889428	82.626	27.3232
9411.255639	82.619	26.8994
9411.621850	82.617	26.5361
9411.988060	82.622	26.1318
9412.354271	82.619	25.6904
9412.720482	82.613	25.3242
9413.086693	82.622	24.9629
9413.452904	82.630	24.4990
9413.819115	82.623	24.0557
9414.185326	82.622	23.6992
9414.551537	82.633	23.2969
9414.917748	82.636	22.8350
9415.283959	82.633	22.4365
9415.650170	82.641	22.0508
9416.016381	82.649	21.5801
9416.382592	82.642	21.1309
9416.748803	82.639	20.7822
9417.115014	82.651	20.4082
9417.481225	82.660	19.9395
9417.847436	82.656	19.4766
9418.213647	82.649	19.0850
9418.579858	82.649	18.7266
9418.946069	82.655	18.3486
9419.312280	82.661	17.9385
9419.678491	82.663	17.5176
9420.044702	82.664	17.0908
9420.410913	82.660	16.6543
9420.777124	82.648	16.2725
9421.143335	82.644	15.9893
9421.509546	82.661	15.6807
9421.875757	82.681	15.2080
9422.241968	82.676	14.6875
9422.608179	82.663	14.3174
9422.974389	82.671	13.9893
9423.340600	82.682	13.5039
9423.706811	82.666	13.0391
9424.073022	82.658	12.7705
9424.439233	82.683	12.4219
9424.805444	82.692	11.8584
9425.171655	82.671	11.4014
9425.537866	82.667	11.1230
9425.904077	82.686	10.7324
9426.270288	82.690	10.2119
9426.636499	82.676	9.7783
9427.002710	82.673	9.4277
9427.368921	82.676	9.0244
9427.735132	82.670	8.6152
9428.101343	82.668	8.3037
9428.467554	82.687	7.9453
9428.833765	82.698	7.4180
9429.199976	82.680	6.9619
9429.566187	82.676	6.6904
9429.932398	82.699	6.3115
9430.298609	82.704	5.7852
9430.664820	82.694	5.3662
9431.031031	82.698	5.0059
9431.397242	82.705	4.5596
9431.763453	82.702	4.1240
9432.129664	82.704	3.7139
9432.495875	82.704	3.2598
9432.862086	82.694	2.8525
9433.228297	82.693	2.5068
9433.594508	82.700	2.1064
9433.960719	82.698	1.6807
9434.326929	82.695	1.3125
9434.693140	82.700	0.9404
9435.059351	82.703	0.5352
9435.425562	82.703	0.1650
9435.791773	82.711	-0.1875
9436.157984	82.725	-0.6084
9436.524195	82.730	-1.0820
9436.890406	82.727	-1.5186
9437.256617	82.726	-1.9072
9437.622828	82.732	-2.3193
9437.989039	82.732	-2.7764
9438.355250	82.723	-3.1797
9438.721461	82.724	-3.5068
9439.087672	82.738	-3.9141
9439.453883	82.738	-4.4092
9439.820094	82.726	-4.8008
9440.186305	82.731	-5.1221
9440.552516	82.744	-5.5586
9440.918727	82.742	-6.0488
9441.284938	82.732	-6.4453
9441.651149	82.732	-6.8018
9442.017360	82.737	-7.2031
9442.383571	82.738	-7.6279
9442.749782	82.734	-8.0293
9443.115993	82.734	-8.3848
9443.482204	82.744	-8.7568
9443.848415	82.753	-9.2109
9444.214626	82.749	-9.6650
9444.580837	82.746	-10.0332
9444.947048	82.755	-10.4141
9445.313258	82.761	-10.8818
9445.679469	82.753	-11.3262
9446.045680	82.748	-11.6611
9446.411891	82.761	-11.9971
9446.778102	82.779	-12.4629
9447.144313	82.780	-13.0020
9447.510524	82.765	-13.4512
9447.876735	82.759	-13.8066
9448.242946	82.763	-14.1992
9448.609157	82.760	-14.6309
9448.975368	82.755	-15.0107
9449.341579	82.757	-15.3779
9449.707790	82.760	-15.7910
9450.074001	82.757	-16.1904
9450.440212	82.758	-16.5547
9450.806423	82.765	-16.9463
9451.172634	82.769	-17.3789
9451.538845	82.768	-17.8193
9451.905056	82.762	-18.2393
9452.271267	82.754	-18.5947
9452.637478	82.760	-18.9111
9453.003689	82.777	-19.3262
9453.369900	82.777	-19.8447
9453.736111	82.758	-20.2422
9454.102322	82.760	-20.4932
9454.468533	82.786	-20.8867
9454.834744	82.790	-21.4326
9455.200955	82.777	-21.8330
9455.567166	82.786	-22.1719
9455.933377	82.795	-22.6592
9456.299588	82.784	-23.0918
9456.665798	82.790	-23.4268
9457.032009	82.803	-23.9121
9457.398220	82.789	-24.3906
9457.764431	82.784	-24.6748
9458.130642	82.809	-25.0664
9458.496853	82.814	-25.6406
9458.863064	82.794	-26.0898
9459.229275	82.790	-26.4121
9459.595486	82.798	-26.8027
9459.961697	82.801	-27.2412
9460.327908	82.798	-27.6611
9460.694119	82.795	-28.0410
9461.060330	82.802	-28.4053
9461.426541	82.814	-28.8496
9461.792752	82.813	-29.3525
9462.158963	82.801	-29.7773
9462.525174	82.796	-30.1426
9462.891385	82.794	-30.5234
9463.257596	82.791	-30.8672
9463.623807	82.802	-31.1934
9463.990018	82.819	-31.6445
9464.356229	82.815	-32.1455
9464.722440	82.804	-32.4980
9465.088651	82.817	-32.8203
9465.454862	82.834	-33.3135
9465.821073	82.825	-33.8242
9466.187284	82.814	-34.1963
9466.553495	82.817	-34.5713
9466.919706	82.815	-34.9824
9467.285917	82.814	-35.3281
9467.652128	82.827	-35.7168
9468.018338	82.831	-36.2021
9468.384549	82.822	-36.6221
9468.750760	82.823	-36.9854
9469.116971	82.828	-37.4150
9469.483182	82.825	-37.8477
9469.849393	82.821	-38.2432
9470.215604	82.818	-38.6396
9470.581815	82.813	-38.9795
9470.948026	82.826	-39.2979
9471.314237	82.847	-39.7666
9471.680448	82.844	-40.3125
9472.046659	82.827	-40.7119
9472.412870	82.831	-41.0273
9472.779081	82.847	-41.4775
9473.145292	82.841	-42.0137
9473.511503	82.820	-42.4023
9473.877714	82.818	-42.6631
9474.243925	82.836	-43.0225
9474.610136	82.844	-43.4922
9474.976347	82.843	-43.9014
9475.342558	82.852	-44.2900
9475.708769	82.862	-44.7773
9476.074980	82.854	-45.2598
9476.441191	82.846	-45.6338
9476.807402	82.852	-46.0117
9477.173613	82.856	-46.4658
9477.539824	82.848	-46.8965
9477.906035	82.844	-47.2520
9478.272246	82.850	-47.6191
9478.638457	82.857	-48.0479
9479.004667	82.855	-48.4766
9479.370878	82.855	-48.8662
9479.737089	82.860	-49.2686
9480.103300	82.863	-49.7070
9480.469511	82.861	-50.1348
9480.835722	82.861	-50.5518
9481.201933	82.859	-50.9756
9481.568144	82.857	-51.3770
9481.934355	82.858	-51.7764
9482.300566	82.859	-52.2139
9482.666777	82.852	-52.6152
9483.032988	82.854	-52.9658
9483.399199	82.865	-53.4004
9483.765410	82.857	-53.8779
9484.131621	82.845	-54.2080
9484.497832	82.857	-54.4980
9484.864043	82.877	-54.9521
9485.230254	82.874	-55.4336
9485.596465	82.871	-55.7900
9485.962676	82.886	-56.1748
9486.328887	82.894	-56.6738
9486.695098	82.886	-57.1328
9487.061309	82.882	-57.4980
9487.427520	82.889	-57.8838
9487.793731	82.894	-58.3311
9488.159942	82.889	-58.7598
9488.526153	82.886	-59.1289
9488.892364	82.892	-59.5029
9489.258575	82.900	-59.9316
9489.624786	82.902	-60.3955
9489.990997	82.895	-60.8594
9490.357207	82.880	-61.2598
9490.723418	82.873	-61.5625
9491.089629	82.885	-61.8818
9491.455840	82.902	-62.3359
9491.822051	82.901	-62.8516
9492.188262	82.887	-63.2979
9492.554473	82.876	-63.6523
9492.920684	82.878	-63.9893
9493.286895	82.885	-64.3730
9493.653106	82.892	-64.7910
9494.019317	82.897	-65.2275
9494.385528	82.898	-65.6836
9494.751739	82.896	-66.1152
9495.117950	82.896	-66.5381
9495.484161	82.892	-66.9805
9495.850372	82.884	-67.3506
9496.216583	82.891	-67.6777
9496.582794	82.904	-68.0977
9496.949005	82.909	-68.5264
9497.315216	82.921	-68.9434
9497.681427	82.929	-69.4932
9498.047638	82.908	-69.9854
9498.413849	82.898	-70.2637
9498.780060	82.918	-70.6475
9499.146271	82.914	-71.1836
9499.512482	82.892	-71.5225
9499.878693	82.903	-71.7656
9500.244904	82.925	-72.2070
9500.611115	82.922	-72.6924
9500.977326	82.918	-73.0684
9501.343536	82.923	-73.4590
9501.709747	82.923	-73.8721
9502.075958	82.926	-74.2461
9502.442169	82.935	-74.6709
9502.808380	82.932	-75.1426
9503.174591	82.920	-75.5234
9503.540802	82.922	-75.8311
9503.907013	82.937	-76.2012
9504.273224	82.951	-76.6611
9504.639435	82.954	-77.1621
9505.005646	82.947	-77.6426
9505.371857	82.936	-78.0605
9505.738068	82.927	-78.4385
9506.104279	82.921	-78.7627
9506.470490	82.933	-79.0547
9506.836701	82.959	-79.4961
9507.202912	82.961	-80.0605
9507.569123	82.947	-80.4805
9507.935334	82.954	-80.8398
9508.301545	82.962	-81.3418
9508.667756	82.950	-81.8057
9509.033967	82.947	-82.1807
9509.400178	82.947	-82.6416
9509.766389	82.930	-83.0527
9510.132600	82.927	-83.3232
9510.498811	82.944	-83.6807
9510.865022	82.953	-84.1436
9511.231233	82.955	-84.5850
9511.597444	82.956	-85.0420
9511.963655	82.948	-85.4717
9512.329866	82.946	-85.8271
9512.696076	82.955	-86.2334
9513.062287	82.955	-86.6826
9513.428498	82.953	-87.0801
9513.794709	82.957	-87.4814
9514.160920	82.960	-87.9033
9514.527131	82.966	-88.3311
9514.893342	82.969	-88.8350
9515.259553	82.952	-89.3164
9515.625764	82.935	-89.6191
9515.991975	82.948	-89.9111
9516.358186	82.964	-90.3779
9516.724397	82.959	-90.8662
9517.090608	82.952	-91.2490
9517.456819	82.955	-91.6396
9517.823030	82.955	-92.0674
9518.189241	82.952	-92.4473
9518.555452	82.959	-92.8301
9518.921663	82.965	-93.2891
9519.287874	82.958	-93.7334
9519.654085	82.955	-94.1045
9520.020296	82.961	-94.5059
9520.386507	82.959	-94.9541
9520.752718	82.951	-95.3301
9521.118929	82.956	-95.6572
9521.485140	82.972	-96.0771
9521.851351	82.976	-96.5723
9522.217562	82.970	-97.0234
9522.583773	82.967	-97.4336
9522.949984	82.966	-97.8418
9523.316195	82.967	-98.2539
9523.682406	82.968	-98.6943
9524.048616	82.960	-99.1279
9524.414827	82.953	-99.4746
9524.781038	82.962	-99.8164
9525.147249	82.973	-100.2637
9525.513460	82.972	-100.7256
9525.879671	82.971	-101.1318
9526.245882	82.975	-101.5742
9526.612093	82.969	-102.0293
9526.978304	82.962	-102.3945
9527.344515	82.969	-102.7617
9527.710726	82.974	-103.2188
9528.076937	82.968	-103.6436
9528.443148	82.971	-104.0078
9528.809359	82.980	-104.4512
9529.175570	82.974	-104.9268
9529.541781	82.964	-105.2842
9529.907992	82.974	-105.6357
9530.274203	82.983	-106.1074
9530.640414	82.975	-106.5596
9531.006625	82.971	-106.9238
9531.372836	82.977	-107.3164
9531.739047	82.981	-107.7422
9532.105258	82.984	-108.1680
9532.471469	82.983	-108.6270
9532.837680	82.973	-109.0293
9533.203891	82.977	-109.3623
9533.570102	82.992	-109.8066
9533.936313	82.988	-110.3193
9534.302524	82.978	-110.7305
9534.668735	82.978	-111.1348
9535.034945	82.972	-111.5801
9535.401156	82.962	-111.9385
9535.767367	82.967	-112.2900
9536.133578	82.971	-112.7256
9536.499789	82.966	-113.1182
9536.866000	82.971	-113.4775
9537.232211	82.980	-113.9141
9537.598422	82.980	-114.3672
9537.964633	82.978	-114.8008
9538.330844	82.972	-115.2266
9538.697055	82.966	-115.5771
9539.063266	82.976	-115.9131
9539.429477	82.991	-116.3594
9539.795688	82.993	-116.8535
9540.161899	82.988	-117.3047
9540.528110	82.983	-117.7197
9540.894321	82.983	-118.1104
9541.260532	82.988	-118.5264
9541.626743	82.989	-118.9922
9541.992954	82.980	-119.4287
9542.359165	82.974	-119.8154
9542.725376	82.973	-120.1973
9543.091587	82.972	-120.5762
9543.457798	82.976	-120.9639
9543.824009	82.979	-121.3867
9544.190220	82.976	-121.8076
9544.556431	82.973	-122.1855
9544.922642	82.977	-122.5410
9545.288853	82.988	-122.9414
9545.655064	82.994	-123.4033
9546.021275	82.992	-123.8428
9546.387485	82.995	-124.2637
9546.753696	82.995	-124.7402
9547.119907	82.983	-125.1699
9547.486118	82.981	-125.4893
9547.852329	82.999	-125.8984
9548.218540	83.003	-126.4531
9548.584751	82.984	-126.9297
9548.950962	82.971	-127.2744
9549.317173	82.972	-127.6240
9549.683384	82.974	-127.9932
9550.049595	82.983	-128.3730
9550.415806	82.993	-128.8242
9550.782017	82.991	-129.3027
9551.148228	82.984	-129.7061
9551.514439	82.987	-130.0811
9551.880650	82.992	-130.5156
9552.246861	82.988	-130.9561
9552.613072	82.982	-131.3252
9552.979283	82.987	-131.6670
9553.345494	82.999	-132.0498
9553.711705	83.013	-132.5029
9554.077916	83.017	-133.0098
9554.444127	83.009	-133.4834
9554.810338	83.002	-133.8896
9555.176549	83.000	-134.2979
9555.542760	82.996	-134.7178
9555.908971	82.991	-135.1016
9556.275182	82.993	-135.4844
9556.641393	82.994	-135.8945
9557.007604	82.993	-136.2930
9557.373814	82.997	-136.6943
9557.740025	82.999	-137.1270
9558.106236	82.998	-137.5498
9558.472447	82.998	-137.9658
9558.838658	82.998	-138.3896
9559.204869	82.997	-138.7832
9559.571080	83.006	-139.1885
9559.937291	83.012	-139.6729
9560.303502	83.006	-140.1445
9560.669713	83.003	-140.5537
9561.035924	83.005	-141.0000
9561.402135	82.997	-141.4736
9561.768346	82.983	-141.8584
9562.134557	82.981	-142.1719
9562.500768	82.994	-142.5391
9562.866979	83.003	-143.0225
9563.233190	82.991	-143.5059
9563.599401	82.977	-143.8311
9563.965612	82.988	-144.1270
9564.331823	83.003	-144.5820
9564.698034	82.999	-145.0439
9565.064245	83.002	-145.4297
9565.430456	83.008	-145.9414
9565.796667	82.982	-146.4404
9566.162878	82.958	-146.6611
9566.529089	82.980	-146.8818
9566.895300	83.006	-147.3682
9567.261511	83.003	-147.8926
9567.627722	82.997	-148.3301
9567.993933	82.991	-148.7715
9568.360144	82.982	-149.1494
9568.726354	82.989	-149.4971
9569.092565	83.000	-149.9863
9569.458776	82.988	-150.5020
9569.824987	82.972	-150.8574
9570.191198	82.977	-151.1914
9570.557409	82.985	-151.6436
9570.923620	82.979	-152.0859
9571.289831	82.978	-152.4531
9571.656042	82.986	-152.8779
9572.022253	82.983	-153.3633
9572.388464	82.969	-153.7500
9572.754675	82.969	-154.0479
9573.120886	82.986	-154.4258
9573.487097	82.996	-154.9111
9573.853308	82.990	-155.3867
9574.219519	82.981	-155.7842
9574.585730	82.981	-156.1230
9574.951941	82.994	-156.5195
9575.318152	82.998	-157.0254
9575.684363	82.983	-157.4736
9576.050574	82.976	-157.7910
9576.416785	82.988	-158.1699
9576.782996	82.990	-158.6406
9577.149207	82.986	-159.0508
9577.515418	82.991	-159.4727
9577.881629	82.986	-159.9648
9578.247840	82.971	-160.3486
9578.614051	82.976	-160.6709
9578.980262	82.990	-161.1416
9579.346473	82.983	-161.6592
9579.712683	82.971	-162.0762
9580.078894	82.966	-162.4746
9580.445105	82.960	-162.8760
9580.811316	82.958	-163.2510
9581.177527	82.961	-163.6523
9581.543738	82.959	-164.0576
9581.909949	82.963	-164.4365
9582.276160	82.971	-164.8740
9582.642371	82.967	-165.3467
9583.008582	82.957	-165.7295
9583.374793	82.962	-166.0566
9583.741004	82.978	-166.4746
9584.107215	82.984	-167.0049
9584.473426	82.969	-167.4971
9584.839637	82.953	-167.8438
9585.205848	82.957	-168.1514
9585.572059	82.969	-168.5576
9585.938270	82.971	-169.0176
9586.304481	82.968	-169.4404
9586.670692	82.966	-169.8340
9587.036903	82.968	-170.2256
9587.403114	82.972	-170.6201
9587.769325	82.980	-171.0479
9588.135536	82.982	-171.5293
9588.501747	82.972	-171.9727
9588.867958	82.967	-172.3096
9589.234169	82.982	-172.6836
9589.600380	82.991	-173.1953
9589.966591	82.979	-173.6748
9590.332802	82.972	-174.0410
9590.699013	82.975	-174.4443
9591.065223	82.969	-174.8721
9591.431434	82.965	-175.2139
9591.797645	82.975	-175.5762
9592.163856	82.982	-176.0332
9592.530067	82.978	-176.4795
9592.896278	82.974	-176.8926
9593.262489	82.967	-177.2939
9593.628700	82.963	-177.6455
9593.994911	82.971	-178.0137
9594.361122	82.978	-178.4795
9594.727333	82.970	-178.9463
9595.093544	82.960	-179.3447
9595.459755	82.957	-179.7441
9595.825966	82.950	179.8418
9596.192177	82.940	179.4678
9596.558388	82.938	179.1328
9596.924599	82.947	178.7744
9597.290810	82.959	178.3291
9597.657021	82.960	177.8271
9598.023232	82.953	177.3652
9598.389443	82.948	176.9258
9598.755654	82.940	176.4756
9599.121865	82.928	176.0947
9599.488076	82.931	175.7510
9599.854287	82.941	175.3145
9600.220498	82.938	174.8379
9600.586709	82.930	174.4277
9600.952920	82.929	174.0566
9601.319131	82.934	173.6777
9601.685342	82.943	173.2451
9602.051553	82.941	172.7871
9602.417763	82.937	172.4248
9602.783974	82.954	172.0527
9603.150185	82.966	171.4971
9603.516396	82.946	170.9785
9603.882607	82.931	170.6699
9604.248818	82.943	170.3115
9604.615029	82.943	169.8242
9604.981240	82.929	169.4248
9605.347451	82.927	169.0801
9605.713662	82.926	168.6865
9606.079873	82.921	168.3398
9606.446084	82.931	168.0078
9606.812295	82.944	167.5586
9607.178506	82.941	167.0781
9607.544717	82.935	166.6865
9607.910928	82.942	166.2930
9608.277139	82.947	165.7861
9608.643350	82.931	165.2930
9609.009561	82.915	164.9629
9609.375772	82.927	164.6396
9609.741983	82.941	164.1201
9610.108194	82.926	163.5645
9610.474405	82.902	163.1914
9610.840616	82.898	162.8867
9611.206827	82.904	162.5127
9611.573038	82.907	162.1279
9611.939249	82.919	161.7295
9612.305460	82.929	161.2295
9612.671671	82.920	160.7148
9613.037882	82.906	160.3242
9613.404092	82.907	159.9795
9613.770303	82.914	159.5596
9614.136514	82.913	159.1211
9614.502725	82.911	158.7119
9614.868936	82.910	158.2998
9615.235147	82.908	157.9111
9615.601358	82.912	157.5264
9615.967569	82.917	157.0752
9616.333780	82.911	156.6230
9616.699991	82.903	156.2344
9617.066202	82.899	155.8555
9617.432413	82.895	155.5039
9617.798624	82.903	155.1602
9618.164835	82.913	154.6982
9618.531046	82.902	154.2246
9618.897257	82.890	153.9082
9619.263468	82.903	153.5820
9619.629679	82.915	153.0908
9619.995890	82.903	152.6152
9620.362101	82.894	152.2734
9620.728312	82.905	151.8994
9621.094523	82.909	151.4072
9621.460734	82.897	150.9551
9621.826945	82.892	150.6094
9622.193156	82.902	150.1963
9622.559367	82.900	149.6904
9622.925578	82.884	149.2891
9623.291789	82.886	148.9697
9623.658000	82.901	148.5312
9624.024211	82.899	148.0244
9624.390422	82.889	147.5947
9624.756632	82.885	147.2012
9625.122843	82.884	146.8047
9625.489054	82.888	146.4121
9625.855265	82.895	145.9619
9626.221476	82.890	145.4717
9626.587687	82.876	145.0732
9626.953898	82.875	144.7490
9627.320109	82.887	144.3389
9627.686320	82.887	143.8496
9628.052531	82.875	143.4473
9628.418742	82.879	143.1016
9628.784953	82.888	142.6445
9629.151164	82.879	142.1572
9629.517375	82.866	141.7969
9629.883586	82.870	141.4521
9630.249797	82.876	141.0176
9630.616008	82.872	140.5830
9630.982219	82.869	140.1797
9631.348430	82.866	139.7715
9631.714641	82.863	139.3857
9632.080852	82.867	139.0029
9632.447063	82.872	138.5684
9632.813274	82.870	138.1162
9633.179485	82.865	137.6934
9633.545696	82.860	137.2949
9633.911907	82.859	136.9072
9634.278118	82.860	136.5000
9634.644329	82.858	136.0742
9635.010540	82.851	135.6875
9635.376751	82.853	135.3369
9635.742961	82.861	134.9346
9636.109172	82.863	134.4785
9636.475383	82.857	134.0498
9636.841594	82.853	133.6641
9637.207805	82.853	133.2832
9637.574016	82.856	132.8828
9637.940227	82.859	132.4492
9638.306438	82.856	132.0146
9638.672649	82.855	131.6006
9639.038860	82.853	131.1465
9639.405071	82.840	130.7061
9639.771282	82.830	130.3838
9640.137493	82.843	130.0430
9640.503704	82.855	129.5332
9640.869915	82.842	129.0098
9641.236126	82.823	128.6230
9641.602337	82.820	128.2852
9641.968548	82.822	127.8975
9642.334759	82.822	127.4902
9642.700970	82.823	127.1045
9643.067181	82.830	126.6826
9643.433392	82.828	126.2100
9643.799603	82.816	125.8174
9644.165814	82.819	125.4941
9644.532025	82.832	125.0771
9644.898236	82.833	124.6152
9645.264447	82.832	124.2041
9645.630658	82.833	123.7607
9645.996869	82.821	123.3438
9646.363080	82.819	123.0498
9646.729291	82.839	122.6748
9647.095501	82.845	122.1416
9647.461712	82.829	121.6953
9647.827923	82.826	121.3564
9648.194134	82.832	120.9297
9648.560345	82.824	120.4775
9648.926556	82.815	120.1270
9649.292767	82.820	119.7607
9649.658978	82.820	119.3223
9650.025189	82.814	118.9453
9650.391400	82.823	118.5859
9650.757611	82.834	118.0898
9651.123822	82.823	117.5771
9651.490033	82.811	117.1846
9651.856244	82.811	116.7822
9652.222455	82.805	116.3193
9652.588666	82.792	115.9248
9652.954877	82.789	115.5811
9653.321088	82.794	115.1885
9653.687299	82.795	114.7559
9654.053510	82.792	114.3398
9654.419721	82.792	113.9453
9654.785932	82.795	113.5293
9655.152143	82.793	113.0918
9655.518354	82.789	112.6914
9655.884565	82.791	112.3008
9656.250776	82.792	111.8750
9656.616987	82.790	111.4639
9656.983198	82.793	111.0557
9657.349409	82.793	110.5889
9657.715620	82.779	110.1396
9658.081831	82.764	109.7920
9658.448041	82.762	109.4961
9658.814252	82.772	109.1650
9659.180463	82.784	108.7441
9659.546674	82.786	108.2705
9659.912885	82.780	107.8320
9660.279096	82.774	107.4150
9660.645307	82.765	107.0098
9661.011518	82.757	106.6787
9661.377729	82.765	106.3643
9661.743940	82.779	105.9355
9662.110151	82.780	105.4531
9662.476362	82.775	105.0381
9662.842573	82.780	104.6377
9663.208784	82.786	104.1543
9663.574995	82.777	103.6514
9663.941206	82.763	103.2354
9664.307417	82.758	102.8750
9664.673628	82.760	102.4736
9665.039839	82.760	102.0352
9665.406050	82.755	101.6016
9665.772261	82.748	101.1855
9666.138472	82.742	100.7998
9666.504683	82.742	100.4189
9666.870894	82.742	99.9912
9667.237105	82.733	99.5791
9667.603316	82.728	99.2500
9667.969527	82.738	98.8936
9668.335738	82.744	98.4385
9668.701949	82.738	98.0020
9669.068160	82.734	97.6279
9669.434370	82.737	97.2373
9669.800581	82.739	96.8359
9670.166792	82.744	96.4238
9670.533003	82.746	95.9502
9670.899214	82.736	95.5059
9671.265425	82.732	95.1309
9671.631636	82.735	94.6963
9671.997847	82.724	94.2393
9672.364058	82.711	93.9092
9672.730269	82.721	93.5918
9673.096480	82.733	93.1230
9673.462691	82.724	92.6309
9673.828902	82.711	92.2715
9674.195113	82.717	91.9404
9674.561324	82.728	91.4932
9674.927535	82.723	91.0107
9675.293746	82.712	90.6406
9675.659957	82.719	90.3174
9676.026168	82.737	89.8770
9676.392379	82.740	89.3271
9676.758590	82.723	88.8320
9677.124801	82.707	88.4785
9677.491012	82.709	88.1465
9677.857223	82.715	87.7109
9678.223434	82.705	87.2881
9678.589645	82.703	86.9727
9678.955856	82.720	86.5752
9679.322067	82.722	86.0469
9679.688278	82.705	85.6328
9680.054489	82.708	85.3066
9680.420700	82.718	84.8340
9680.786910	82.702	84.3457
9681.153121	82.688	84.0420
9681.519332	82.702	83.7012
9681.885543	82.705	83.1982
9682.251754	82.688	82.8027
9682.617965	82.693	82.5059
9682.984176	82.707	82.0449
9683.350387	82.696	81.5654
9683.716598	82.690	81.2334
9684.082809	82.701	80.8174
9684.449020	82.693	80.3291
9684.815231	82.681	79.9932
9685.181442	82.692	79.6504
9685.547653	82.699	79.1787
9685.913864	82.693	78.7461
9686.280075	82.691	78.3320
9686.646286	82.682	77.9141
9687.012497	82.676	77.6152
9687.378708	82.696	77.2666
9687.744919	82.706	76.7344
9688.111130	82.693	76.2646
9688.477341	82.689	75.8896
9688.843552	82.687	75.4375
9689.209763	82.670	75.0342
9689.575974	82.665	74.7393
9689.942185	82.675	74.3623
9690.308396	82.673	73.9258
9690.674607	82.671	73.5469
9691.040818	82.674	73.1260
9691.407029	82.665	72.6758
9691.773239	82.654	72.3477
9692.139450	82.666	72.0264
9692.505661	82.679	71.5195
9692.871872	82.663	70.9990
9693.238083	82.645	70.6768
9693.604294	82.659	70.3545
9693.970505	82.671	69.8184
9694.336716	82.649	69.2930
9694.702927	82.630	68.9717
9695.069138	82.637	68.6270
9695.435349	82.636	68.1504
9695.801560	82.619	67.7812
9696.167771	82.625	67.5117
9696.533982	82.648	67.0684
9696.900193	82.646	66.5107
9697.266404	82.627	66.0918
9697.632615	82.623	65.7676
9697.998826	82.632	65.3916
9698.365037	82.638	64.9600
9698.731248	82.641	64.5029
9699.097459	82.638	64.0449
9699.463670	82.630	63.6172
9699.829881	82.624	63.2227
9700.196092	82.621	62.8369
9700.562303	82.621	62.4326
9700.928514	82.616	62.0107
9701.294725	82.609	61.6289
9701.660936	82.608	61.2715
9702.027147	82.609	60.8711
9702.393358	82.605	60.4756
9702.759569	82.607	60.1094
9703.125779	82.613	59.6758
9703.491990	82.605	59.2217
9703.858201	82.595	58.8701
9704.224412	82.602	58.5127
9704.590623	82.607	58.0625
9704.956834	82.602	57.6455
9705.323045	82.607	57.2471
9705.689256	82.610	56.7578
9706.055467	82.595	56.2930
9706.421678	82.582	55.9521
9706.787889	82.585	55.6279
9707.154100	82.597	55.2451
9707.520311	82.607	54.7744
9707.886522	82.600	54.2676
9708.252733	82.586	53.9072
9708.618944	82.598	53.5859
9708.985155	82.612	53.0479
9709.351366	82.588	52.5439
9709.717577	82.575	52.3018
9710.083788	82.600	51.9443
9710.449999	82.601	51.3652
9710.816210	82.576	50.9697
9711.182421	82.579	50.7100
9711.548632	82.598	50.2559
9711.914843	82.590	49.7285
9712.281054	82.573	49.3291
9712.647265	82.564	48.9805
9713.013476	82.561	48.6445
9713.379687	82.569	48.3018
9713.745898	82.580	47.8506
9714.112108	82.573	47.3682
9714.478319	82.561	47.0010
9714.844530	82.565	46.6494
9715.210741	82.569	46.2256
9715.576952	82.566	45.8271
9715.943163	82.571	45.4395
9716.309374	82.575	45.0107
9716.675585	82.578	44.6035
9717.041796	82.588	44.1514
9717.408007	82.584	43.6318
9717.774218	82.570	43.2295
9718.140429	82.574	42.8662
9718.506640	82.574	42.3857
9718.872851	82.557	42.0039
9719.239062	82.562	41.7217
9719.605273	82.578	41.2568
9719.971484	82.565	40.7812
9720.337695	82.559	40.4893
9720.703906	82.577	40.0986
9721.070117	82.576	39.5762
9721.436328	82.560	39.1836
9721.802539	82.560	38.8496
9722.168750	82.564	38.4414
9722.534961	82.564	38.0225
9722.901172	82.564	37.5830
9723.267383	82.554	37.1348
9723.633594	82.541	36.7715
9723.999805	82.541	36.4307
9724.366016	82.543	36.0225
9724.732227	82.537	35.6104
9725.098438	82.532	35.2539
9725.464648	82.537	34.8936
9725.830859	82.544	34.4521
9726.197070	82.537	33.9893
9726.563281	82.526	33.6387
9726.929492	82.535	33.3105
9727.295703	82.548	32.8330
9727.661914	82.539	32.3193
9728.028125	82.523	31.9326
9728.394336	82.520	31.5938
9728.760547	82.524	31.2178
9729.126758	82.530	30.7969
9729.492969	82.529	30.3154
9729.859180	82.512	29.8906
9730.225391	82.505	29.5947
9730.591602	82.521	29.2393
9730.957813	82.530	28.7295
9731.324024	82.518	28.2344
9731.690235	82.504	27.8340
9732.056446	82.497	27.4727
9732.422657	82.498	27.1201
9732.788868	82.506	26.7031
9733.155079	82.504	26.2100
9733.521290	82.488	25.7891
9733.887501	82.483	25.4629
9734.253712	82.492	25.0781
9734.619923	82.495	24.6191
9734.986134	82.490	24.1738
9735.352345	82.482	23.7705
9735.718556	82.480	23.4248
9736.084767	82.492	23.0566
9736.450978	82.503	22.5479
9736.817188	82.487	22.0547
9737.183399	82.473	21.7549
9737.549610	82.488	21.4521
9737.915821	82.504	20.9922
9738.282032	82.504	20.5186
9738.648243	82.502	20.0869
9739.014454	82.498	19.6533
9739.380665	82.493	19.2734
9739.746876	82.499	18.8848
9740.113087	82.497	18.4121
9740.479298	82.479	18.0303
9740.845509	82.480	17.7705
9741.211720	82.501	17.3760
9741.577931	82.502	16.8486
9741.944142	82.488	16.4316
9742.310353	82.486	16.0723
9742.676564	82.485	15.6348
9743.042775	82.473	15.2490
9743.408986	82.473	14.9307
9743.775197	82.483	14.5098
9744.141408	82.478	14.0557
9744.507619	82.473	13.6758
9744.873830	82.475	13.2646
9745.240041	82.468	12.8447
9745.606252	82.468	12.5010
9745.972463	82.481	12.0791
9746.338674	82.480	11.5693
9746.704885	82.468	11.1523
9747.071096	82.468	10.7539
9747.437307	82.462	10.2998
9747.803517	82.450	9.9492
9748.169728	82.459	9.6318
9748.535939	82.473	9.1543
9748.902150	82.463	8.6357
9749.268361	82.443	8.2520
9749.634572	82.435	7.9756
9750.000783	82.450	7.6934
9750.366994	82.477	7.2432
9750.733205	82.479	6.6416
9751.099416	82.453	6.1865
9751.465627	82.448	5.8926
9751.831838	82.460	5.4600
9752.198049	82.447	4.9551
9752.564260	82.428	4.6338
9752.930471	82.436	4.3428
9753.296682	82.446	3.9053
9753.662893	82.443	3.4736
9754.029104	82.445	3.0801
9754.395315	82.447	2.6211
9754.761526	82.437	2.1895
9755.127737	82.433	1.8418
9755.493948	82.441	1.4443
9755.860159	82.443	0.9746
9756.226370	82.436	0.5332
9756.592581	82.429	0.1357
9756.958792	82.425	-0.2432
9757.325003	82.426	-0.6074
9757.691214	82.435	-1.0010
9758.057425	82.442	-1.4873
9758.423636	82.429	-1.9844
9758.789847	82.410	-2.3232
9759.156057	82.417	-2.6094
9759.522268	82.433	-3.0605
9759.888479	82.426	-3.5576
9760.254690	82.415	-3.9346
9760.620901	82.417	-4.3154
9760.987112	82.413	-4.7402
9761.353323	82.407	-5.1182
9761.719534	82.408	-5.4961
9762.085745	82.407	-5.8936
9762.451956	82.408	-6.2812
9762.818167	82.410	-6.7061
9763.184378	82.406	-7.1221
9763.550589	82.409	-7.5166
9763.916800	82.411	-8.0098
9764.283011	82.390	-8.4941
9764.649222	82.368	-8.7881
9765.015433	82.373	-9.0400
9765.381644	82.388	-9.4111
9765.747855	82.399	-9.8555
9766.114066	82.402	-10.3418
9766.480277	82.392	-10.8096
9766.846488	82.382	-11.1777
9767.212699	82.384	-11.5400
9767.578910	82.385	-11.9521
9767.945121	82.385	-12.3174
9768.311332	82.399	-12.6934
9768.677543	82.412	-13.2207
9769.043754	82.398	-13.7559
9769.409965	82.380	-14.1045
9769.776176	82.387	-14.4238
9770.142386	82.398	-14.8965
9770.508597	82.389	-15.3721
9770.874808	82.383	-15.7490
9771.241019	82.385	-16.1689
9771.607230	82.377	-16.6113
9771.973441	82.370	-16.9658
9772.339652	82.377	-17.3564
9772.705863	82.375	-17.8418
9773.072074	82.357	-18.2373
9773.438285	82.355	-18.5283
9773.804496	82.369	-18.9062
9774.170707	82.374	-19.3965
9774.536918	82.363	-19.8506
9774.903129	82.355	-20.2217
9775.269340	82.356	-20.6016
9775.635551	82.356	-21.0156
9776.001762	82.356	-21.4199
9776.367973	82.356	-21.8525
9776.734184	82.346	-22.2812
9777.100395	82.338	-22.5996
9777.466606	82.353	-22.9492
9777.832817	82.361	-23.4629
9778.199028	82.344	-23.9043
9778.565239	82.342	-24.1982
9778.931450	82.359	-24.6143
9779.297661	82.357	-25.1250
9779.663872	82.347	-25.5215
9780.030083	82.351	-25.9062
9780.396294	82.351	-26.3633
9780.762505	82.344	-26.7812
9781.128716	82.343	-27.1963
9781.494926	82.333	-27.6348
9781.861137	82.320	-27.9707
9782.227348	82.327	-28.2666
9782.593559	82.342	-28.7012
9782.959770	82.338	-29.1865
9783.325981	82.330	-29.5811
9783.692192	82.332	-29.9775
9784.058403	82.326	-30.4111
9784.424614	82.318	-30.7471
9784.790825	82.333	-31.0693
9785.157036	82.351	-31.5830
9785.523247	82.338	-32.1201
9785.889458	82.325	-32.4775
9786.255669	82.333	-32.8604
9786.621880	82.330	-33.3398
9786.988091	82.321	-33.7080
9787.354302	82.334	-34.1035
9787.720513	82.331	-34.6680
9788.086724	82.300	-35.0566
9788.452935	82.303	-35.2490
9788.819146	82.334	-35.6963
9789.185357	82.324	-36.2988
9789.551568	82.296	-36.6309
9789.917779	82.306	-36.8838
9790.283990	82.322	-37.3525
9790.650201	82.311	-37.8223
9791.016412	82.305	-38.1611
9791.382623	82.313	-38.5469
9791.748834	82.314	-38.9912
9792.115045	82.313	-39.4248
9792.481256	82.306	-39.8896
9792.847466	82.286	-40.2871
9793.213677	82.277	-40.5479
9793.579888	82.292	-40.8740
9793.946099	82.300	-41.3350
9794.312310	82.295	-41.7549
9794.678521	82.299	-42.1426
9795.044732	82.305	-42.6104
9795.410943	82.298	-43.0879
9795.777154	82.290	-43.5146
9796.143365	82.284	-43.9355
9796.509576	82.277	-44.3418
9796.875787	82.274	-44.7246
9797.241998	82.276	-45.1318
9797.608209	82.277	-45.5684
9797.974420	82.275	-46.0117
9798.340631	82.269	-46.4531
9798.706842	82.260	-46.8633
9799.073053	82.255	-47.2383
9799.439264	82.254	-47.6045
9799.805475	82.258	-47.9590
9800.171686	82.272	-48.3594
9800.537897	82.281	-48.8818
9800.904108	82.265	-49.3848
9801.270319	82.248	-49.7021
9801.636530	82.260	-50.0127
9802.002741	82.271	-50.4941
9802.368952	82.260	-50.9590
9802.735163	82.254	-51.3076
9803.101374	82.258	-51.6943
9803.467585	82.256	-52.1055
9803.833795	82.258	-52.4834
9804.200006	82.263	-52.9326
9804.566217	82.252	-53.3945
9804.932428	82.240	-53.7363
9805.298639	82.245	-54.0771
9805.664850	82.250	-54.5078
9806.031061	82.246	-54.9287
9806.397272	82.245	-55.3311
9806.763483	82.242	-55.7471
9807.129694	82.238	-56.1367
9807.495905	82.239	-56.5244
9807.862116	82.240	-56.9434
9808.228327	82.239	-57.3662
9808.594538	82.236	-57.7988
9808.960749	82.227	-58.2100
9809.326960	82.222	-58.5400
9809.693171	82.233	-58.8896
9810.059382	82.246	-59.3633
9810.425593	82.242	-59.8691
9810.791804	82.230	-60.3057
9811.158015	82.223	-60.6963
9811.524226	82.219	-61.0840
9811.890437	82.216	-61.4912
9812.256648	82.210	-61.8809
9812.622859	82.210	-62.2393
9812.989070	82.216	-62.6689
9813.355281	82.206	-63.1436
9813.721492	82.187	-63.4668
9814.087703	82.197	-63.7217
9814.453914	82.219	-64.1680
9814.820125	82.216	-64.7109
9815.186335	82.201	-65.1357
9815.552546	82.193	-65.5039
9815.918757	82.188	-65.8682
9816.284968	82.191	-66.1914
9816.651179	82.209	-66.5928
9817.017390	82.215	-67.1279
9817.383601	82.201	-67.6045
9817.749812	82.192	-67.9707
9818.116023	82.194	-68.3711
9818.482234	82.190	-68.7871
9818.848445	82.191	-69.1641
9819.214656	82.198	-69.6172
9819.580867	82.189	-70.0996
9819.947078	82.178	-70.4492
9820.313289	82.188	-70.8213
9820.679500	82.190	-71.3340
9821.045711	82.171	-71.7637
9821.411922	82.168	-72.0908
9821.778133	82.172	-72.5068
9822.144344	82.166	-72.9199
9822.510555	82.169	-73.2910
9822.876766	82.173	-73.7832
9823.242977	82.152	-74.2334
9823.609188	82.144	-74.5020
9823.975399	82.162	-74.8877
9824.341610	82.158	-75.4229
9824.707821	82.138	-75.7773
9825.074032	82.148	-76.0615
9825.440243	82.166	-76.5479
9825.806454	82.157	-77.0742
9826.172664	82.142	-77.4805
9826.538875	82.135	-77.8359
9826.905086	82.136	-78.1680
9827.271297	82.150	-78.5586
9827.637508	82.155	-79.0713
9828.003719	82.138	-79.5146
9828.369930	82.132	-79.8115
9828.736141	82.147	-80.1562
9829.102352	82.161	-80.6123
9829.468563	82.166	-81.1152
9829.834774	82.157	-81.6201
9830.200985	82.139	-82.0137
9830.567196	82.139	-82.3164
9830.933407	82.151	-82.7275
9831.299618	82.149	-83.2109
9831.665829	82.139	-83.6094
9832.032040	82.139	-83.9814
9832.398251	82.139	-84.3887
9832.764462	82.139	-84.7891
9833.130673	82.142	-85.2148
9833.496884	82.141	-85.6748
9833.863095	82.132	-86.1348
9834.229306	82.117	-86.5557
9834.595517	82.104	-86.8730
9834.961728	82.113	-87.1855
9835.327939	82.126	-87.6670
9835.694150	82.113	-88.1709
9836.060361	82.100	-88.5264
9836.426572	82.103	-88.8945
9836.792783	82.103	-89.3301
9837.158994	82.101	-89.7314
9837.525204	82.104	-90.1689
9837.891415	82.096	-90.6494
9838.257626	82.080	-91.0322
9838.623837	82.078	-91.3652
9838.990048	82.082	-91.7559
9839.356259	82.082	-92.1533
9839.722470	82.085	-92.5449
9840.088681	82.090	-92.9727
9840.454892	82.091	-93.4277
9840.821103	82.083	-93.8779
9841.187314	82.072	-94.2598
9841.553525	82.072	-94.5869
9841.919736	82.081	-94.9902
9842.285947	82.079	-95.4541
9842.652158	82.070	-95.8340
9843.018369	82.074	-96.1777
9843.384580	82.083	-96.6162
9843.750791	82.079	-97.0986
9844.117002	82.067	-97.5117
9844.483213	82.060	-97.8545
9844.849424	82.066	-98.2168
9845.215635	82.071	-98.6572
9845.581846	82.064	-99.0977
9845.948057	82.058	-99.4629
9846.314268	82.064	-99.8359
9846.680479	82.070	-100.2891
9847.046690	82.066	-100.7510
9847.412901	82.059	-101.1836
9847.779112	82.051	-101.5928
9848.145323	82.047	-101.9463
9848.511533	82.058	-102.3281
9848.877744	82.066	-102.8594
9849.243955	82.047	-103.3838
9849.610166	82.024	-103.7236
9849.976377	82.025	-104.0312
9850.342588	82.029	-104.4287
9850.708799	82.028	-104.8027
9851.075010	82.041	-105.1904
9851.441221	82.049	-105.7295
9851.807432	82.027	-106.2334
9852.173643	82.009	-106.5195
9852.539854	82.023	-106.8232
9852.906065	82.035	-107.3105
9853.272276	82.024	-107.7754
9853.638487	82.020	-108.1279
9854.004698	82.028	-108.5400
9854.370909	82.023	-109.0166
9854.737120	82.011	-109.3994
9855.103331	82.014	-109.7197
9855.469542	82.029	-110.1592
9855.835753	82.025	-110.7002
9856.201964	82.003	-111.1211
9856.568175	81.998	-111.4287
9856.934386	82.006	-111.8418
9857.300597	81.997	-112.3047
9857.666808	81.986	-112.6318
9858.033019	81.998	-112.9756
9858.399230	82.006	-113.4785
9858.765441	81.991	-113.9492
9859.131652	81.981	-114.2939
9859.497863	81.987	-114.6670
9859.864073	81.988	-115.1113
9860.230284	81.983	-115.5342
9860.596495	81.980	-115.9238
9860.962706	81.982	-116.3379
9861.328917	81.980	-116.7852
9861.695128	81.971	-117.2080
9862.061339	81.964	-117.5625
9862.427550	81.970	-117.9141
9862.793761	81.980	-118.3652
9863.159972	81.972	-118.8711
9863.526183	81.951	-119.2500
9863.892394	81.949	-119.5234
9864.258605	81.963	-119.9072
9864.624816	81.962	-120.3730
9864.991027	81.955	-120.7354
9865.357238	81.966	-121.1025
9865.723449	81.973	-121.6094
9866.089660	81.957	-122.0811
9866.455871	81.947	-122.4238
9866.822082	81.953	-122.8018
9867.188293	81.954	-123.2627
9867.554504	81.945	-123.6875
9867.920715	81.942	-124.0615
9868.286926	81.947	-124.4932
9868.653137	81.941	-124.9883
9869.019348	81.922	-125.3916
9869.385559	81.918	-125.6719
9869.751770	81.936	-126.0430
9870.117981	81.945	-126.5664
9870.484192	81.934	-127.0459
9870.850403	81.930	-127.4365
9871.216613	81.932	-127.8809
9871.582824	81.922	-128.3477
9871.949035	81.908	-128.7051
9872.315246	81.909	-129.0117
9872.681457	81.921	-129.3818
9873.047668	81.933	-129.8184
9873.413879	81.938	-130.3271
9873.780090	81.923	-130.8193
9874.146301	81.908	-131.1475
9874.512512	81.919	-131.4834
9874.878723	81.922	-132.0088
9875.244934	81.894	-132.4209
9875.611145	81.892	-132.6191
9875.977356	81.921	-133.0352
9876.343567	81.914	-133.6416
9876.709778	81.882	-134.0029
9877.075989	81.884	-134.2402
9877.442200	81.901	-134.6699
9877.808411	81.896	-135.1660
9878.174622	81.885	-135.5732
9878.540833	81.881	-135.9531
9878.907044	81.881	-136.3555
9879.273255	81.881	-136.7998
9879.639466	81.872	-137.2539
9880.005677	81.858	-137.6299
9880.371888	81.857	-137.9502
9880.738099	81.868	-138.3320
9881.104310	81.875	-138.8076
9881.470521	81.869	-139.2861
9881.836732	81.859	-139.6953
9882.202942	81.854	-140.0850
9882.569153	81.847	-140.4727
9882.935364	81.844	-140.7910
9883.301575	81.859	-141.1387
9883.667786	81.871	-141.6494
9884.033997	81.856	-142.1533
9884.400208	81.842	-142.4834
9884.766419	81.852	-142.8291
9885.132630	81.856	-143.3252
9885.498841	81.839	-143.7754
9885.865052	81.830	-144.0967
9886.231263	81.838	-144.5000
9886.597474	81.829	-144.9912
9886.963685	81.810	-145.3320
9887.329896	81.819	-145.6094
9887.696107	81.838	-146.0996
9888.062318	81.825	-146.6514
9888.428529	81.808	-147.0234
9888.794740	81.813	-147.3984
9889.160951	81.811	-147.8965
9889.527162	81.794	-148.3203
9889.893373	81.790	-148.6641
9890.259584	81.792	-149.0801
9890.625795	81.785	-149.4941
9890.992006	81.785	-149.8486
9891.358217	81.791	-150.2617
9891.724428	81.787	-150.6816
9892.090639	81.788	-151.0205
9892.456850	81.805	-151.4434
9892.823061	81.804	-151.9814
9893.189272	81.784	-152.3828
9893.555482	81.785	-152.6641
9893.921693	81.800	-153.0781
9894.287904	81.798	-153.5654
9894.654115	81.789	-153.9668
9895.020326	81.787	-154.3516
9895.386537	81.784	-154.7510
9895.752748	81.784	-155.1436
9896.118959	81.783	-155.5977
9896.485170	81.766	-156.0088
9896.851381	81.761	-156.2822
9897.217592	81.781	-156.6807
9897.583803	81.777	-157.2656
9897.950014	81.744	-157.6543
9898.316225	81.743	-157.8594
9898.682436	81.769	-158.2686
9899.048647	81.770	-158.8311
9899.414858	81.753	-159.2891
9899.781069	81.742	-159.6709
9900.147280	81.738	-160.0303
9900.513491	81.745	-160.4131
9900.879702	81.749	-160.9111
9901.245913	81.729	-161.3740
9901.612124	81.716	-161.6602
9901.978335	81.728	-161.9756
9902.344546	81.739	-162.4248
9902.710757	81.739	-162.8730
9903.076968	81.738	-163.3203
9903.443179	81.729	-163.7559
9903.809390	81.723	-164.1016
9904.175601	81.733	-164.5000
9904.541811	81.730	-165.0068
9904.908022	81.710	-165.4053
9905.274233	81.709	-165.7139
9905.640444	81.719	-166.1475
9906.006655	81.710	-166.6279
9906.372866	81.696	-167.0068
9906.739077	81.694	-167.3770
9907.105288	81.689	-167.7803
9907.471499	81.685	-168.1367
9907.837710	81.693	-168.5254
9908.203921	81.694	-169.0234
9908.570132	81.676	-169.4775
9908.936343	81.664	-169.7891
9909.302554	81.674	-170.1260
9909.668765	81.683	-170.6055
9910.034976	81.671	-171.0889
9910.401187	81.656	-171.4316
9910.767398	81.662	-171.7354
9911.133609	81.677	-172.1699
9911.499820	81.676	-172.6650
9911.866031	81.667	-173.0693
9912.232242	81.669	-173.4551
9912.598453	81.670	-173.8945
9912.964664	81.664	-174.3027
9913.330875	81.665	-174.6855
9913.697086	81.667	-175.1016
9914.063297	81.668	-175.5195
9914.429508	81.671	-175.9727
9914.795719	81.662	-176.4541
9915.161930	81.647	-176.8359
9915.528141	81.647	-177.1816
9915.894351	81.649	-177.6221
9916.260562	81.639	-178.0488
9916.626773	81.635	-178.4170
9916.992984	81.634	-178.8418
9917.359195	81.623	-179.2471
9917.725406	81.621	-179.5674
9918.091617	81.635	-179.9785
9918.457828	81.633	179.4893
9918.824039	81.612	179.0527
9919.190250	81.602	178.7295
9919.556461	81.604	178.3770
9919.922672	81.605	178.0127
9920.288883	81.618	177.6348
9920.655094	81.630	177.1074
9921.021305	81.610	176.5537
9921.387516	81.581	176.2539
9921.753727	81.592	176.0488
9922.119938	81.621	175.5977
9922.486149	81.619	175.0137
9922.852360	81.599	174.5889
9923.218571	81.597	174.2490
9923.584782	81.602	173.8066
9923.950993	81.592	173.3457
9924.317204	81.581	172.9863
9924.683415	81.583	172.6143
9925.049626	81.579	172.1562
9925.415837	81.561	171.7832
9925.782048	81.560	171.5283
9926.148259	81.581	171.1475
9926.514470	81.585	170.6143
9926.880681	81.568	170.1768
9927.246891	81.564	169.8389
9927.613102	81.568	169.4297
9927.979313	81.563	169.0068
9928.345524	81.563	168.6396
9928.711735	81.572	168.1963
9929.077946	81.563	167.6953
9929.444157	81.547	167.3369
9929.810368	81.556	167.0166
9930.176579	81.568	166.4990
9930.542790	81.547	165.9727
9930.909001	81.525	165.6836
9931.275212	81.538	165.3984
9931.641423	81.552	164.9014
9932.007634	81.539	164.4053
9932.373845	81.525	164.0508
9932.740056	81.527	163.6982
9933.106267	81.529	163.2988
9933.472478	81.532	162.8867
9933.838689	81.533	162.4219
9934.204900	81.518	161.9697
9934.571111	81.502	161.6641
9934.937322	81.514	161.3828
9935.303533	81.533	160.9092
9935.669744	81.522	160.3828
9936.035955	81.505	160.0439
9936.402166	81.516	159.7314
9936.768377	81.527	159.2314
9937.134588	81.510	158.7666
9937.500799	81.503	158.4873
9937.867010	81.526	158.1055
9938.233220	81.531	157.5264
9938.599431	81.508	157.0547
9938.965642	81.499	156.7266
9939.331853	81.504	156.2891
9939.698064	81.486	155.8164
9940.064275	81.467	155.5186
9940.430486	81.475	155.2363
9940.796697	81.484	154.7871
9941.162908	81.473	154.3691
9941.529119	81.475	154.0566
9941.895330	81.491	153.5869
9942.261541	81.475	153.0410
9942.627752	81.450	152.7383
9942.993963	81.465	152.4658
9943.360174	81.479	151.9443
9943.726385	81.462	151.4658
9944.092596	81.461	151.1250
9944.458807	81.470	150.6133
9944.825018	81.444	150.0879
9945.191229	81.421	149.8154
9945.557440	81.432	149.4912
9945.923651	81.429	149.0176
9946.289862	81.414	148.7051
9946.656073	81.433	148.4199
9947.022284	81.454	147.8877
9947.388495	81.441	147.3535
9947.754706	81.430	146.9775
9948.120917	81.432	146.5654
9948.487128	81.423	146.1445
9948.853339	81.421	145.8232
9949.219550	81.438	145.4297
9949.585760	81.445	144.8809
9949.951971	81.425	144.3809
9950.318182	81.407	144.0469
9950.684393	81.410	143.7266
9951.050604	81.417	143.2871
9951.416815	81.408	142.8311
9951.783026	81.396	142.4717
9952.149237	81.396	142.1133
9952.515448	81.393	141.7129
9952.881659	81.388	141.3730
9953.247870	81.400	141.0322
9953.614081	81.413	140.5479
9953.980292	81.406	140.0225
9954.346503	81.391	139.6025
9954.712714	81.386	139.2236
9955.078925	81.384	138.7910
9955.445136	81.373	138.3623
9955.811347	81.364	138.0156
9956.177558	81.371	137.6709
9956.543769	81.383	137.1875
9956.909980	81.371	136.6523
9957.276191	81.348	136.2725
9957.642402	81.347	135.9873
9958.008613	81.360	135.5742
9958.374824	81.356	135.0723
9958.741035	81.340	134.6855
9959.107246	81.341	134.3584
9959.473457	81.348	133.9277
9959.839668	81.338	133.5049
9960.205879	81.336	133.1924
9960.572089	81.354	132.7871
9960.938300	81.353	132.2432
9961.304511	81.331	131.8281
9961.670722	81.328	131.5283
9962.036933	81.338	131.1016
9962.403144	81.328	130.6094
9962.769355	81.306	130.2510
9963.135566	81.302	129.9873
9963.501777	81.316	129.6445
9963.867988	81.326	129.1670
9964.234199	81.316	128.6875
9964.600410	81.306	128.3027
9964.966621	81.305	127.8984
9965.332832	81.296	127.4629
9965.699043	81.288	127.1113
9966.065254	81.295	126.7246
9966.431465	81.294	126.2285
9966.797676	81.279	125.8115
9967.163887	81.279	125.4268
9967.530098	81.274	124.9346
9967.896309	81.251	124.5420
9968.262520	81.250	124.2744
9968.628731	81.266	123.8496
9968.994942	81.258	123.3457
9969.361153	81.244	122.9912
9969.727364	81.249	122.6660
9970.093575	81.258	122.2715
9970.459786	81.270	121.8418
9970.825997	81.278	121.3154
9971.192208	81.262	120.7744
9971.558419	81.238	120.4219
9971.924629	81.239	120.1533
9972.290840	81.255	119.7432
9972.657051	81.253	119.2559
9973.023262	81.242	118.8604
9973.389473	81.242	118.5039
9973.755684	81.244	118.0850
9974.121895	81.238	117.6719
9974.488106	81.236	117.2998
9974.854317	81.238	116.8857
9975.220528	81.231	116.4580
9975.586739	81.225	116.0859
9975.952950	81.226	115.7051
9976.319161	81.225	115.2939
9976.685372	81.225	114.8770
9977.051583	81.221	114.4121
9977.417794	81.204	113.9980
9977.784005	81.199	113.7041
9978.150216	81.216	113.2910
9978.516427	81.210	112.7207
9978.882638	81.180	112.3164
9979.248849	81.174	112.0723
9979.615060	81.191	111.6836
9979.981271	81.191	111.1670
9980.347482	81.173	110.7324
9980.713693	81.163	110.4131
9981.079904	81.171	110.0791
9981.446115	81.181	109.6201
9981.812326	81.171	109.1338
9982.178537	81.155	108.8008
9982.544748	81.166	108.5146
9982.910958	81.187	108.0537
9983.277169	81.184	107.5020
9983.643380	81.167	107.0674
9984.009591	81.161	106.7070
9984.375802	81.159	106.3096
9984.742013	81.154	105.9355
9985.108224	81.161	105.5840
9985.474435	81.174	105.1162
9985.840646	81.168	104.5928
9986.206857	81.153	104.1699
9986.573068	81.148	103.7725
9986.939279	81.139	103.3389
9987.305490	81.126	102.9717
9987.671701	81.126	102.6318
9988.037912	81.129	102.2188
9988.404123	81.123	101.7959
9988.770334	81.116	101.4258
9989.136545	81.119	101.0732
9989.502756	81.131	100.6475
9989.868967	81.131	100.1113
9990.235178	81.107	99.6475
9990.601389	81.093	99.3701
9990.967600	81.108	99.0273
9991.333811	81.112	98.5137
9991.700022	81.095	98.0645
9992.066233	81.087	97.7178
9992.432444	81.088	97.3301
9992.798655	81.085	96.9150
9993.164866	81.080	96.4941
9993.531077	81.068	96.0996
9993.897288	81.063	95.8008
9994.263498	81.078	95.4395
9994.629709	81.082	94.9209
9994.995920	81.064	94.4980
9995.362131	81.063	94.2031
9995.728342	81.079	93.7754
9996.094553	81.076	93.2568
9996.460764	81.062	92.8320
9996.826975	81.057	92.4395
9997.193186	81.051	92.0410
9997.559397	81.049	91.6670
9997.925608	81.053	91.2471
9998.291819	81.049	90.8105
9998.658030	81.048	90.4092
9999.024241	81.050	89.9355
9999.390452	81.033	89.4424
9999.756663	81.010	89.1025
10000.122874	81.007	88.8223
10000.489085	81.013	88.4668
10000.855296	81.017	88.0938
10001.221507	81.025	87.6914
10001.587718	81.027	87.2256
10001.953929	81.019	86.8027
10002.320140	81.017	86.4375
10002.686351	81.022	86.0361
10003.052562	81.023	85.5977
10003.418773	81.020	85.1582
10003.784984	81.014	84.7344
10004.151195	81.010	84.3271
10004.517406	81.007	83.8955
10004.883617	80.996	83.4639
10005.249828	80.985	83.1104
10005.616038	80.986	82.7705
10005.982249	80.989	82.3584
10006.348460	80.985	81.9424
10006.714671	80.983	81.5674
10007.080882	80.988	81.1641
10007.447093	80.989	80.6934
10007.813304	80.978	80.2188
10008.179515	80.960	79.8232
10008.545726	80.951	79.5010
10008.911937	80.952	79.1660
10009.278148	80.957	78.7832
10009.644359	80.959	78.3613
10010.010570	80.956	77.9229
10010.376781	80.949	77.5195
10010.742992	80.948	77.1367
10011.109203	80.948	76.7080
10011.475414	80.940	76.2695
10011.841625	80.929	75.8975
10012.207836	80.929	75.5527
10012.574047	80.936	75.1465
10012.940258	80.938	74.6777
10013.306469	80.929	74.2236
10013.672680	80.920	73.8174
10014.038891	80.915	73.4131
10014.405102	80.908	73.0156
10014.771313	80.904	72.6533
10015.137524	80.910	72.2725
10015.503735	80.916	71.8271
10015.869946	80.913	71.3447
10016.236157	80.899	70.9199
10016.602367	80.895	70.5918
10016.968578	80.910	70.1768
10017.334789	80.904	69.6064
10017.701000	80.868	69.2383
10018.067211	80.872	69.1064
10018.433422	80.916	68.6807
10018.799633	80.913	67.9775
10019.165844	80.872	67.5684
10019.532055	80.869	67.3691
10019.898266	80.887	66.9619
10020.264477	80.881	66.4834
10020.630688	80.873	66.1377
10020.996899	80.882	65.7549
10021.363110	80.884	65.2666
10021.729321	80.873	64.8076
10022.095532	80.861	64.4023
10022.461743	80.850	64.0117
10022.827954	80.842	63.6553
10023.194165	80.843	63.2920
10023.560376	80.844	62.8613
10023.926587	80.835	62.4258
10024.292798	80.827	62.0420
10024.659009	80.823	61.6582
10025.025220	80.821	61.2637
10025.391431	80.821	60.8613
10025.757642	80.819	60.4189
10026.123853	80.809	60.0127
10026.490064	80.810	59.6709
10026.856275	80.823	59.2324
10027.222486	80.818	58.6982
10027.588697	80.799	58.2793
10027.954907	80.795	57.9473
10028.321118	80.801	57.5332
10028.687329	80.796	57.0742
10029.053540	80.784	56.6738
10029.419751	80.777	56.3428
10029.785962	80.785	56.0088
10030.152173	80.798	55.5762
10030.518384	80.799	55.0693
10030.884595	80.785	54.6064
10031.250806	80.771	54.2266
10031.617017	80.766	53.8945
10031.983228	80.773	53.5215
10032.349439	80.774	53.0664
10032.715650	80.763	52.6504
10033.081861	80.762	52.2988
10033.448072	80.769	51.8506
10033.814283	80.755	51.3643
10034.180494	80.737	51.0410
10034.546705	80.746	50.7559
10034.912916	80.762	50.2949
10035.279127	80.756	49.7852
10035.645338	80.744	49.3867
10036.011549	80.745	49.0049
10036.377760	80.746	48.5547
10036.743971	80.737	48.1064
10037.110182	80.727	47.7236
10037.476393	80.726	47.3604
10037.842604	80.729	46.9365
10038.208815	80.721	46.4902
10038.575026	80.710	46.1484
10038.941236	80.721	45.8350
10039.307447	80.739	45.3223
10039.673658	80.721	44.7295
10040.039869	80.686	44.3955
10040.406080	80.689	44.1777
10040.772291	80.707	43.7324
10041.138502	80.693	43.2275
10041.504713	80.679	42.8945
10041.870924	80.684	42.5107
10042.237135	80.673	42.0381
10042.603346	80.655	41.7178
10042.969557	80.664	41.4131
10043.335768	80.671	40.9326
10043.701979	80.655	40.5020
10044.068190	80.654	40.1768
10044.434401	80.663	39.7266
10044.800612	80.651	39.2471
10045.166823	80.642	38.9004
10045.533034	80.652	38.4932
10045.899245	80.648	37.9717
10046.265456	80.629	37.5625
10046.631667	80.628	37.2314
10046.997878	80.635	36.7803
10047.364089	80.625	36.3047
10047.730300	80.613	35.9404
10048.096511	80.616	35.5791
10048.462722	80.619	35.1504
10048.828933	80.616	34.7197
10049.195144	80.611	34.2988
10049.561355	80.604	33.9150
10049.927566	80.608	33.5693
10050.293776	80.620	33.1123
10050.659987	80.610	32.5879
10051.026198	80.590	32.2158
10051.392409	80.591	31.8994
10051.758620	80.595	31.4600
10052.124831	80.585	31.0352
10052.491042	80.581	30.6680
10052.857253	80.578	30.2422
10053.223464	80.564	29.8633
10053.589675	80.563	29.5771
10053.955886	80.579	29.1787
10054.322097	80.579	28.6807
10054.688308	80.567	28.2656
10055.054519	80.566	27.8945
10055.420730	80.568	27.4609
10055.786941	80.562	27.0078
10056.153152	80.551	26.6064
10056.519363	80.547	26.2432
10056.885574	80.548	25.8506
10057.251785	80.545	25.4346
10057.617996	80.542	25.0625
10057.984207	80.550	24.6621
10058.350418	80.551	24.1729
10058.716629	80.538	23.7314
10059.082840	80.532	23.3652
10059.449051	80.533	22.9541
10059.815262	80.527	22.5342
10060.181473	80.525	22.1436
10060.547684	80.523	21.6895
10060.913895	80.506	21.2529
10061.280106	80.494	20.9453
10061.646316	80.503	20.5908
10062.012527	80.502	20.1074
10062.378738	80.485	19.7012
10062.744949	80.481	19.3818
10063.111160	80.487	18.9658
10063.477371	80.478	18.5215
10063.843582	80.470	18.1768
10064.209793	80.480	17.7871
10064.576004	80.481	17.2695
10064.942215	80.462	16.8145
10065.308426	80.452	16.4688
10065.674637	80.455	16.0693
10066.040848	80.450	15.6064
10066.407059	80.439	15.1943
10066.773270	80.432	14.8193
10067.139481	80.430	14.4336
10067.505692	80.431	14.0371
10067.871903	80.433	13.6006
10068.238114	80.427	13.1494
10068.604325	80.419	12.7559
10068.970536	80.421	12.3623
10069.336747	80.421	11.8887
10069.702958	80.405	11.4473
10070.069169	80.393	11.1230
10070.435380	80.398	10.7861
10070.801591	80.403	10.3789
10071.167802	80.406	9.9648
10071.534013	80.409	9.5020
10071.900224	80.398	9.0322
10072.266435	80.386	8.6777
10072.632645	80.393	8.2988
10072.998856	80.390	7.7930
10073.365067	80.367	7.3848
10073.731278	80.360	7.1094
10074.097489	80.373	6.7275
10074.463700	80.371	6.2461
10074.829911	80.360	5.8271
10075.196122	80.354	5.4355
10075.562333	80.346	5.0264
10075.928544	80.336	4.6768
10076.294755	80.342	4.3457
10076.660966	80.354	3.8887
10077.027177	80.346	3.3613
10077.393388	80.325	2.9600
10077.759599	80.320	2.6475
10078.125810	80.327	2.2705
10078.492021	80.333	1.8320
10078.858232	80.337	1.3291
10079.224443	80.321	0.7891
10079.590654	80.291	0.4072
10079.956865	80.283	0.1523
10080.323076	80.291	-0.2100
10080.689287	80.288	-0.5938
10081.055498	80.298	-0.9219
10081.421709	80.320	-1.4326
10081.787920	80.306	-2.0371
10082.154131	80.278	-2.4102
10082.520342	80.280	-2.7295
10082.886553	80.282	-3.2275
10083.252764	80.257	-3.6729
10083.618975	80.241	-3.9502
10083.985185	80.246	-4.2588
10084.351396	80.253	-4.6650
10084.717607	80.253	-5.1094
10085.083818	80.245	-5.5586
10085.450029	80.232	-5.9482
10085.816240	80.228	-6.3076
10086.182451	80.226	-6.7197
10086.548662	80.217	-7.1328
10086.914873	80.209	-7.4951
10087.281084	80.207	-7.8535
10087.647295	80.211	-8.2354
10088.013506	80.218	-8.6826
10088.379717	80.214	-9.1992
10088.745928	80.194	-9.6465
10089.112139	80.182	-9.9922
10089.478350	80.181	-10.3730
10089.844561	80.176	-10.7969
10090.210772	80.169	-11.1895
10090.576983	80.165	-11.5889
10090.943194	80.156	-11.9775
10091.309405	80.155	-12.2988
10091.675616	80.171	-12.7021
10092.041827	80.172	-13.2666
10092.408038	80.144	-13.7246
10092.774249	80.132	-13.9844
10093.140460	80.146	-14.3398
10093.506671	80.146	-14.8252
10093.872882	80.136	-15.1973
10094.239093	80.147	-15.5713
10094.605304	80.150	-16.1221
10094.971514	80.123	-16.5957
10095.337725	80.109	-16.8682
10095.703936	80.123	-17.2139
10096.070147	80.128	-17.7227
10096.436358	80.113	-18.1953
10096.802569	80.100	-18.5625
10097.168780	80.101	-18.9355
10097.534991	80.102	-19.3838
10097.901202	80.092	-19.8496
10098.267413	80.079	-20.2490
10098.633624	80.074	-20.6191
10098.999835	80.072	-21.0352
10099.366046	80.063	-21.4561
10099.732257	80.055	-21.8115
10100.098468	80.061	-22.1680
10100.464679	80.070	-22.6309
10100.830890	80.063	-23.1348
10101.197101	80.049	-23.5420
10101.563312	80.047	-23.9141
10101.929523	80.048	-24.3711
10102.295734	80.035	-24.8262
10102.661945	80.023	-25.1943
10103.028156	80.020	-25.5752
10103.394367	80.011	-25.9785
10103.760578	80.003	-26.2988
10104.126789	80.014	-26.6406
10104.493000	80.022	-27.1426
10104.859211	80.004	-27.6240
10105.225422	79.990	-27.9502
10105.591633	79.994	-28.3174
10105.957844	79.988	-28.7695
10106.324054	79.976	-29.1250
10106.690265	79.981	-29.4795
10107.056476	79.981	-29.9678
10107.422687	79.962	-30.3887
10107.788898	79.956	-30.6992
10108.155109	79.964	-31.1211
10108.521320	79.953	-31.6064
10108.887531	79.935	-31.9697
10109.253742	79.934	-32.2949
10109.619953	79.938	-32.7012
10109.986164	79.936	-33.1484
10110.352375	79.928	-33.5840
10110.718586	79.918	-33.9873
10111.084797	79.912	-34.3535
10111.451008	79.915	-34.7383
10111.817219	79.917	-35.1943
10112.183430	79.906	-35.6748
10112.549641	79.887	-36.0635
10112.915852	79.880	-36.3584
10113.282063	79.891	-36.7148
10113.648274	79.898	-37.2002
10114.014485	79.888	-37.6963
10114.380696	79.870	-38.1152
10114.746907	79.855	-38.4629
10115.113118	79.850	-38.7861
10115.479329	79.853	-39.1465
10115.845540	79.854	-39.5498
10116.211751	79.852	-39.9512
10116.577962	79.850	-40.3574
10116.944173	79.847	-40.7725
10117.310383	79.844	-41.1777
10117.676594	79.843	-41.5986
10118.042805	79.840	-42.0439
10118.409016	79.832	-42.4902
10118.775227	79.819	-42.9209
10119.141438	79.806	-43.2939
10119.507649	79.804	-43.6328
10119.873860	79.810	-44.0547
10120.240071	79.805	-44.5303
10120.606282	79.794	-44.9512
10120.972493	79.790	-45.3770
10121.338704	79.777	-45.8340
10121.704915	79.758	-46.1924
10122.071126	79.756	-46.4873
10122.437337	79.766	-46.8789
10122.803548	79.767	-47.3584
10123.169759	79.757	-47.8115
10123.535970	79.746	-48.2051
10123.902181	79.741	-48.5869
10124.268392	79.736	-49.0029
10124.634603	79.725	-49.4092
10125.000814	79.716	-49.7500
10125.367025	79.719	-50.0967
10125.733236	79.724	-50.5215
10126.099447	79.721	-50.9814
10126.465658	79.711	-51.4385
10126.831869	79.694	-51.8711
10127.198080	79.676	-52.2119
10127.564291	79.674	-52.5059
10127.930502	79.684	-52.9219
10128.296713	79.673	-53.4141
10128.662923	79.654	-53.7627
10129.029134	79.658	-54.0557
10129.395345	79.672	-54.5117
10129.761556	79.665	-55.0244
10130.127767	79.653	-55.4619
10130.493978	79.643	-55.8984
10130.860189	79.626	-56.2949
10131.226400	79.622	-56.6172
10131.592611	79.629	-57.0469
10131.958822	79.616	-57.5254
10132.325033	79.601	-57.8418
10132.691244	79.613	-58.1826
10133.057455	79.616	-58.6953
10133.423666	79.596	-59.1182
10133.789877	79.594	-59.4277
10134.156088	79.603	-59.8809
10134.522299	79.587	-60.3633
10134.888510	79.570	-60.6816
10135.254721	79.576	-61.0234
10135.620932	79.574	-61.4990
10135.987143	79.553	-61.9043
10136.353354	79.543	-62.1943
10136.719565	79.547	-62.5449
10137.085776	79.545	-62.9658
10137.451987	79.538	-63.3574
10137.818198	79.535	-63.7539
10138.184409	79.527	-64.1787
10138.550620	79.517	-64.5625
10138.916831	79.513	-64.9355
10139.283042	79.511	-65.3613
10139.649253	79.501	-65.7939
10140.015463	79.491	-66.1953
10140.381674	79.483	-66.5840
10140.747885	79.480	-66.9736
10141.114096	79.478	-67.4023
10141.480307	79.469	-67.8457
10141.846518	79.457	-68.2285
10142.212729	79.456	-68.5879
10142.578940	79.460	-69.0146
10142.945151	79.457	-69.4883
10143.311362	79.444	-69.9316
10143.677573	79.433	-70.3076
10144.043784	79.431	-70.6816
10144.409995	79.428	-71.1318
10144.776206	79.409	-71.5527
10145.142417	79.393	-71.8242
10145.508628	79.405	-72.0947
10145.874839	79.423	-72.5557
10146.241050	79.415	-73.1084
10146.607261	79.386	-73.5205
10146.973472	79.373	-73.7773
10147.339683	79.384	-74.1064
10147.705894	79.388	-74.6084
10148.072105	79.365	-75.0771
10148.438316	79.343	-75.3770
10148.804527	79.345	-75.6729
10149.170738	79.350	-76.0889
10149.536949	79.341	-76.5244
10149.903160	79.333	-76.9072
10150.269371	79.331	-77.3096
10150.635582	79.325	-77.7520
10151.001792	79.314	-78.1631
10151.368003	79.306	-78.5527
10151.734214	79.300	-78.9590
10152.100425	79.295	-79.3613
10152.466636	79.292	-79.7891
10152.832847	79.280	-80.2393
10153.199058	79.264	-80.5996
10153.565269	79.264	-80.9297
10153.931480	79.266	-81.3682
10154.297691	79.253	-81.7861
10154.663902	79.249	-82.1074
10155.030113	79.258	-82.5215
10155.396324	79.250	-83.0078
10155.762535	79.235	-83.3975
10156.128746	79.230	-83.7793
10156.494957	79.218	-84.1846
10156.861168	79.208	-84.5000
10157.227379	79.216	-84.8564
10157.593590	79.214	-85.3545
10157.959801	79.192	-85.7861
10158.326012	79.179	-86.1094
10158.692223	79.175	-86.4873
10159.058434	79.162	-86.8750
10159.424645	79.152	-87.1982
10159.790856	79.154	-87.5469
10160.157067	79.155	-87.9473
10160.523278	79.154	-88.3701
10160.889489	79.149	-88.8223
10161.255700	79.136	-89.2510
10161.621911	79.127	-89.6367
10161.988122	79.122	-90.0527
10162.354332	79.110	-90.4639
10162.720543	79.102	-90.8193
10163.086754	79.104	-91.2207
10163.452965	79.096	-91.6836
10163.819176	79.079	-92.0605
10164.185387	79.078	-92.3877
10164.551598	79.081	-92.8154
10164.917809	79.069	-93.2500
10165.284020	79.060	-93.5811
10165.650231	79.068	-93.9541
10166.016442	79.068	-94.4473
10166.382653	79.049	-94.8975
10166.748864	79.034	-95.2363
10167.115075	79.032	-95.5850
10167.481286	79.030	-96.0107
10167.847497	79.017	-96.4414
10168.213708	79.000	-96.7920
10168.579919	78.995	-97.0986
10168.946130	79.000	-97.4746
10169.312341	78.997	-97.9287
10169.678552	78.983	-98.3545
10170.044763	78.970	-98.7100
10170.410974	78.967	-99.0713
10170.777185	78.963	-99.4863
10171.143396	78.951	-99.8896
10171.509607	78.941	-100.2354
10171.875818	78.943	-100.5850
10172.242029	78.948	-101.0225
10172.608240	78.940	-101.5322
10172.974451	78.912	-101.9658
10173.340661	78.893	-102.2178
10173.706872	78.907	-102.5010
10174.073083	78.918	-103.0254
10174.439294	78.892	-103.5254
10174.805505	78.871	-103.7949
10175.171716	78.881	-104.1201
10175.537927	78.879	-104.6123
10175.904138	78.856	-104.9990
10176.270349	78.853	-105.2734
10176.636560	78.866	-105.6768
10177.002771	78.861	-106.2129
10177.368982	78.831	-106.6592
10177.735193	78.809	-106.9062
10178.101404	78.822	-107.1709
10178.467615	78.834	-107.6631
10178.833826	78.816	-108.1562
10179.200037	78.803	-108.4980
10179.566248	78.804	-108.9414
10179.932459	78.778	-109.4248
10180.298670	78.749	-109.6650
10180.664881	78.760	-109.8896
10181.031092	78.772	-110.3418
10181.397303	78.761	-110.7783
10181.763514	78.759	-111.1270
10182.129725	78.763	-111.5928
10182.495936	78.744	-112.0732
10182.862147	78.722	-112.3770
10183.228358	78.727	-112.6543
10183.594569	78.739	-113.0967
10183.960780	78.729	-113.5938
10184.326991	78.710	-113.9697
10184.693201	78.707	-114.3076
10185.059412	78.704	-114.7314
10185.425623	78.690	-115.1406
10185.791834	78.681	-115.4902
10186.158045	78.674	-115.8828
10186.524256	78.659	-116.2510
10186.890467	78.651	-116.5410
10187.256678	78.656	-116.8809
10187.622889	78.658	-117.2695
10187.989100	78.663	-117.6855
10188.355311	78.661	-118.2080
10188.721522	78.632	-118.6768
10189.087733	78.612	-118.9609
10189.453944	78.616	-119.3096
10189.820155	78.605	-119.7852
10190.186366	78.580	-120.1436
10190.552577	78.573	-120.4238
10190.918788	78.574	-120.7803
10191.284999	78.572	-121.1709
10191.651210	78.570	-121.5918
10192.017421	78.559	-122.0400
10192.383632	78.542	-122.4141
10192.749843	78.537	-122.7666
10193.116054	78.531	-123.1895
10193.482265	78.514	-123.5938
10193.848476	78.498	-123.9131
10194.214687	78.493	-124.1953
10194.580898	78.503	-124.5234
10194.947109	78.514	-124.9814
10195.313320	78.504	-125.4814
10195.679531	78.488	-125.8750
10196.045741	78.482	-126.2559
10196.411952	78.468	-126.6729
10196.778163	78.453	-126.9814
10197.144374	78.461	-127.2812
10197.510585	78.470	-127.7637
10197.876796	78.451	-128.2588
10198.243007	78.428	-128.5977
10198.609218	78.421	-128.8965
10198.975429	78.420	-129.2354
10199.341640	78.423	-129.6182
10199.707851	78.420	-130.0518
10200.074062	78.408	-130.4658
10200.440273	78.397	-130.8398
10200.806484	78.386	-131.2129
10201.172695	78.375	-131.5400
10201.538906	78.378	-131.8672
10201.905117	78.380	-132.3037
10202.271328	78.367	-132.7402
10202.637539	78.354	-133.0918
10203.003750	78.348	-133.4619
10203.369961	78.337	-133.8252
10203.736172	78.335	-134.1445
10204.102383	78.342	-134.5645
10204.468594	78.330	-135.0625
10204.834805	78.304	-135.4424
10205.201016	78.289	-135.7334
10205.567227	78.284	-136.0273
10205.933438	78.288	-136.3281
10206.299649	78.301	-136.7412
10206.665860	78.294	-137.2568
10207.032070	78.270	-137.6484
10207.398281	78.264	-137.9600
10207.764492	78.263	-138.3867
10208.130703	78.246	-138.8135
10208.496914	78.232	-139.1602
10208.863125	78.221	-139.5449
10209.229336	78.202	-139.8906
10209.595547	78.194	-140.1572
10209.961758	78.199	-140.5156
10210.327969	78.191	-140.9072
10210.694180	78.190	-141.2285
10211.060391	78.201	-141.6709
10211.426602	78.188	-142.2178
10211.792813	78.157	-142.6084
10212.159024	78.143	-142.9004
10212.525235	78.137	-143.2354
10212.891446	78.133	-143.5703
10213.257657	78.137	-143.9502
10213.623868	78.131	-144.3994
10213.990079	78.114	-144.7842
10214.356290	78.105	-145.1025
10214.722501	78.105	-145.4326
10215.088712	78.112	-145.8057
10215.454923	78.115	-146.2900
10215.821134	78.094	-146.7764
10216.187345	78.070	-147.0781
10216.553556	78.072	-147.3662
10216.919767	78.070	-147.7988
10217.285978	78.051	-148.1514
10217.652189	78.050	-148.4014
10218.018400	78.063	-148.7920
10218.384610	78.057	-149.2471
10218.750821	78.048	-149.6191
10219.117032	78.047	-150.0303
10219.483243	78.034	-150.4873
10219.849454	78.013	-150.8633
10220.215665	77.999	-151.2080
10220.581876	77.982	-151.5479
10220.948087	77.969	-151.7930
10221.314298	77.980	-152.0527
10221.680509	77.995	-152.5029
10222.046720	77.982	-153.0195
10222.412931	77.954	-153.3750
10222.779142	77.947	-153.6133
10223.145353	77.959	-153.9531
10223.511564	77.960	-154.4336
10223.877775	77.939	-154.8564
10224.243986	77.925	-155.1348
10224.610197	77.932	-155.4609
10224.976408	77.931	-155.9082
10225.342619	77.915	-156.2812
10225.708830	77.915	-156.5820
10226.075041	77.921	-157.0137
10226.441252	77.905	-157.4717
10226.807463	77.887	-157.7715
10227.173674	77.893	-158.0967
10227.539885	77.890	-158.5576
10227.906096	77.868	-158.9502
10228.272307	77.856	-159.2461
10228.638518	77.851	-159.5830
10229.004729	77.843	-159.9102
10229.370939	77.845	-160.2275
10229.737150	77.848	-160.6523
10230.103361	77.831	-161.0625
10230.469572	77.821	-161.3379
10230.835783	77.832	-161.6943
10231.201994	77.828	-162.1973
10231.568205	77.803	-162.5840
10231.934416	77.796	-162.8555
10232.300627	77.802	-163.2588
10232.666838	77.787	-163.7139
10233.033049	77.768	-164.0439
10233.399260	77.764	-164.3740
10233.765471	77.754	-164.7627
10234.131682	77.739	-165.0576
10234.497893	77.746	-165.3428
10234.864104	77.755	-165.7930
10235.230315	77.738	-166.2607
10235.596526	77.719	-166.5830
10235.962737	77.715	-166.8809
10236.328948	77.715	-167.2441
10236.695159	77.711	-167.6211
10237.061370	77.707	-168.0000
10237.427581	77.701	-168.3916
10237.793792	77.694	-168.7891
10238.160003	77.681	-169.1914
10238.526214	77.661	-169.5332
10238.892425	77.652	-169.7988
10239.258636	77.657	-170.1162
10239.624847	77.657	-170.5156
10239.991058	77.651	-170.8975
10240.357269	77.646	-171.2969
10240.723479	77.630	-171.7188
10241.089690	77.606	-171.9980
10241.455901	77.610	-172.1914
10241.822112	77.633	-172.5781
10242.188323	77.631	-173.1191
10242.554534	77.605	-173.5391
10242.920745	77.590	-173.8320
10243.286956	77.588	-174.1426
10243.653167	77.590	-174.5000
10244.019378	77.591	-174.9248
10244.385589	77.576	-175.3633
10244.751800	77.557	-175.6904
10245.118011	77.554	-175.9873
10245.484222	77.553	-176.3789
10245.850433	77.539	-176.7510
10246.216644	77.531	-177.0498
10246.582855	77.532	-177.3936
10246.949066	77.527	-177.7666
10247.315277	77.523	-178.1055
10247.681488	77.524	-178.4814
10248.047699	77.517	-178.8945
10248.413910	77.504	-179.2588
10248.780121	77.497	-179.6006
10249.146332	77.488	-179.9658
10249.512543	77.476	179.7012
10249.878754	77.470	179.4170
10250.244965	77.476	179.0859
10250.611176	77.476	178.6670
10250.977387	77.462	178.2822
10251.343598	77.455	177.9746
10251.709808	77.458	177.5967
10252.076019	77.445	177.1689
10252.442230	77.426	176.8682
10252.808441	77.429	176.5908
10253.174652	77.431	176.1836
10253.540863	77.417	175.8086
10253.907074	77.413	175.5342
10254.273285	77.424	175.1562
10254.639496	77.419	174.6885
10255.005707	77.404	174.3086
10255.371918	77.397	173.9590
10255.738129	77.388	173.5752
10256.104340	77.376	173.2529
10256.470551	77.378	172.9375
10256.836762	77.379	172.5176
10257.202973	77.364	172.1221
10257.569184	77.354	171.8418
10257.935395	77.361	171.5166
10258.301606	77.361	171.1006
10258.667817	77.352	170.7275
10259.034028	77.350	170.3721
10259.400239	77.344	169.9707
10259.766450	77.330	169.6289
10260.132661	77.328	169.3438
10260.498872	77.333	168.9707
10260.865083	77.323	168.5762
10261.231294	77.314	168.2959
10261.597505	77.326	167.9883
10261.963716	77.334	167.5156
10262.329927	77.316	167.0527
10262.696138	77.296	166.7354
10263.062348	77.292	166.4326
10263.428559	77.287	166.0654
10263.794770	77.277	165.7207
10264.160981	77.272	165.3945
10264.527192	77.266	165.0215
10264.893403	77.251	164.6826
10265.259614	77.244	164.4141
10265.625825	77.249	164.0928
10265.992036	77.247	163.7012
10266.358247	77.237	163.3496
10266.724458	77.235	163.0186
10267.090669	77.233	162.6348
10267.456880	77.223	162.2529
10267.823091	77.211	161.9316
10268.189302	77.209	161.6396
10268.555513	77.215	161.2920
10268.921724	77.216	160.8594
10269.287935	77.202	160.4580
10269.654146	77.193	160.1445
10270.020357	77.195	159.7734
10270.386568	77.181	159.3594
10270.752779	77.162	159.0996
10271.118990	77.174	158.8740
10271.485201	77.193	158.4346
10271.851412	77.181	157.9434
10272.217623	77.162	157.6299
10272.583834	77.166	157.3447
10272.950045	77.172	156.9385
10273.316256	77.162	156.5234
10273.682467	77.152	156.1924
10274.048678	77.153	155.8594
10274.414888	77.153	155.4482
10274.781099	77.136	155.0439
10275.147310	77.116	154.7754
10275.513521	77.120	154.5811
10275.879732	77.143	154.2451
10276.245943	77.150	153.7275
10276.612154	77.125	153.2715
10276.978365	77.102	153.0312
10277.344576	77.112	152.8057
10277.710787	77.126	152.3809
10278.076998	77.112	151.9053
10278.443209	77.088	151.5918
10278.809420	77.083	151.3555
10279.175631	77.089	151.0342
10279.541842	77.087	150.6436
10279.908053	77.073	150.3105
10280.274264	77.069	150.0752
10280.640475	77.087	149.7783
10281.006686	77.098	149.3096
10281.372897	77.082	148.8740
10281.739108	77.074	148.5889
10282.105319	77.087	148.2178
10282.471530	77.081	147.7158
10282.837741	77.055	147.3379
10283.203952	77.046	147.0645
10283.570163	77.044	146.7119
10283.936374	77.031	146.3623
10284.302585	77.023	146.0938
10284.668796	77.028	145.7939
10285.035007	77.030	145.4375
10285.401217	77.029	145.0840
10285.767428	77.028	144.7236
10286.133639	77.026	144.3438
10286.499850	77.019	143.9609
10286.866061	77.006	143.6055
10287.232272	76.993	143.3340
10287.598483	76.997	143.1006
10287.964694	77.014	142.7510
10288.330905	77.016	142.2861
10288.697116	77.000	141.8916
10289.063327	76.991	141.6133
10289.429538	76.997	141.3047
10289.795749	77.002	140.9189
10290.161960	77.002	140.5352
10290.528171	77.005	140.1260
10290.894382	76.997	139.6602
10291.260593	76.974	139.2764
10291.626804	76.961	139.0117
10291.993015	76.965	138.6846
10292.359226	76.956	138.2988
10292.725437	76.944	138.0342
10293.091648	76.957	137.7861
10293.457859	76.975	137.3447
10293.824070	76.963	136.8564
10294.190281	76.943	136.5391
10294.556492	76.943	136.2920
10294.922703	76.955	135.9355
10295.288914	76.953	135.5078
10295.655125	76.941	135.1504
10296.021336	76.937	134.8711
10296.387547	76.945	134.5361
10296.753757	76.944	134.1318
10297.119968	76.933	133.8037
10297.486179	76.938	133.5186
10297.852390	76.945	133.1084
10298.218601	76.929	132.6934
10298.584812	76.913	132.4502
10298.951023	76.923	132.2021
10299.317234	76.931	131.8184
10299.683445	76.926	131.4668
10300.049656	76.932	131.1396
10300.415867	76.935	130.7021
10300.782078	76.918	130.2959
10301.148289	76.907	130.0244
10301.514500	76.915	129.7139
10301.880711	76.918	129.2988
10302.246922	76.909	128.8965
10302.613133	76.900	128.5391
10302.979344	76.893	128.1846
10303.345555	76.885	127.8213
10303.711766	76.872	127.4932
10304.077977	76.867	127.2275
10304.444188	76.874	126.9336
10304.810399	76.881	126.5625
10305.176610	76.883	126.1738
10305.542821	76.880	125.7764
10305.909032	76.869	125.4062
10306.275243	76.862	125.1240
10306.641454	76.869	124.8193
10307.007665	76.872	124.4434
10307.373876	76.868	124.1133
10307.740086	76.873	123.7959
10308.106297	76.878	123.4355
10308.472508	76.882	123.0762
10308.838719	76.886	122.6709
10309.204930	76.875	122.2607
10309.571141	76.864	121.9775
10309.937352	76.872	121.6846
10310.303563	76.874	121.2998
10310.669774	76.870	120.9746
10311.035985	76.880	120.6357
10311.402196	76.880	120.2002
10311.768407	76.868	119.8574
10312.134618	76.874	119.5527
10312.500829	76.877	119.1045
10312.867040	76.856	118.7393
10313.233251	76.855	118.5430
10313.599462	76.881	118.1650
10313.965673	76.874	117.6318
10314.331884	76.847	117.3340
10314.698095	76.857	117.1377
10315.064306	76.878	116.6973
10315.430517	76.864	116.2246
10315.796728	76.851	115.9531
10316.162939	76.861	115.6475
10316.529150	76.864	115.2285
10316.895361	76.855	114.8652
10317.261572	76.851	114.5166
10317.627783	76.840	114.1865
10317.993994	76.837	113.9678
10318.360205	76.857	113.6592
10318.726416	76.861	113.1943
10319.092626	76.843	112.8564
10319.458837	76.847	112.6309
10319.825048	76.865	112.2568
10320.191259	76.862	111.7891
10320.557470	76.843	111.4385
10320.923681	76.839	111.2080
10321.289892	76.858	110.8955
10321.656103	76.865	110.3975
10322.022314	76.838	109.9746
10322.388525	76.824	109.8018
10322.754736	76.850	109.5625
10323.120947	76.870	109.0566
10323.487158	76.855	108.5439
10323.853369	76.833	108.2148
10324.219580	76.831	107.9482
10324.585791	76.838	107.5918
10324.952002	76.832	107.2002
10325.318213	76.825	106.9053
10325.684424	76.835	106.5986
10326.050635	76.841	106.1582
10326.416846	76.826	105.7676
10326.783057	76.820	105.5010
10327.149268	76.827	105.1816
10327.515479	76.825	104.8369
10327.881690	76.828	104.5742
10328.247901	76.851	104.2510
10328.614112	76.868	103.7393
10328.980323	76.851	103.2012
10329.346534	76.818	102.8936
10329.712745	76.816	102.7598
10330.078956	76.846	102.4434
10330.445166	76.850	101.9307
10330.811377	76.829	101.5791
10331.177588	76.833	101.3447
10331.543799	76.847	100.9551
10331.910010	76.841	100.5449
10332.276221	76.840	100.2471
10332.642432	76.852	99.8682
10333.008643	76.846	99.4199
10333.374854	76.831	99.1025
10333.741065	76.834	98.8477
10334.107276	76.848	98.4951
10334.473487	76.853	98.0850
10334.839698	76.852	97.6748
10335.205909	76.842	97.2939
10335.572120	76.835	97.0078
10335.938331	76.848	96.7100
10336.304542	76.857	96.2510
10336.670753	76.837	95.8340
10337.036964	76.824	95.6309
10337.403175	76.844	95.3857
10337.769386	76.860	94.9736
10338.135597	76.862	94.5811
10338.501808	76.868	94.1973
10338.868019	76.867	93.7773
10339.234230	76.864	93.4268
10339.600441	76.874	93.0322
10339.966652	76.865	92.5420
10340.332863	76.840	92.2139
10340.699074	76.841	91.9971
10341.065285	76.854	91.6240
10341.431495	76.847	91.2275
10341.797706	76.844	90.9326
10342.163917	76.852	90.5723
10342.530128	76.848	90.1816
10342.896339	76.844	89.8652
10343.262550	76.849	89.5078
10343.628761	76.841	89.1367
10343.994972	76.835	88.8896
10344.361183	76.854	88.6221
10344.727394	76.873	88.1748
10345.093605	76.866	87.7109
10345.459816	76.854	87.3936
10345.826027	76.860	87.1201
10346.192238	76.874	86.7529
10346.558449	76.879	86.3340
10346.924660	76.879	85.9404
10347.290871	76.880	85.5547
10347.657082	76.877	85.1660
10348.023293	76.873	84.8184
10348.389504	76.876	84.4854
10348.755715	76.880	84.1113
10349.121926	76.879	83.7324
10349.488137	76.878	83.3994
10349.854348	76.885	83.0576
10350.220559	76.890	82.6553
10350.586770	76.886	82.2676
10350.952981	76.884	81.9385
10351.319192	76.888	81.5801
10351.685403	76.886	81.2041
10352.051614	76.884	80.8936
10352.417825	76.893	80.5684
10352.784035	76.898	80.1758
10353.150246	76.897	79.8135
10353.516457	76.902	79.4619
10353.882668	76.904	79.0664
10354.248879	76.900	78.7012
10354.615090	76.902	78.3506
10354.981301	76.901	77.9717
10355.347512	76.896	77.6416
10355.713723	76.902	77.3271
10356.079934	76.909	76.9521
10356.446145	76.912	76.5771
10356.812356	76.918	76.1846
10357.178567	76.915	75.7461
10357.544778	76.902	75.3965
10357.910989	76.905	75.1152
10358.277200	76.915	74.7393
10358.643411	76.912	74.3545
10359.009622	76.917	74.0332
10359.375833	76.928	73.6162
10359.742044	76.919	73.1582
10360.108255	76.903	72.8652
10360.474466	76.913	72.6133
10360.840677	76.927	72.2109
10361.206888	76.921	71.8086
10361.573099	76.920	71.5215
10361.939310	76.937	71.1660
10362.305521	76.940	70.6924
10362.671732	76.923	70.3213
10363.037943	76.921	70.0762
10363.404154	76.937	69.7539
10363.770364	76.945	69.3369
10364.136575	76.945	68.9502
10364.502786	76.949	68.5752
10364.868997	76.950	68.1719
10365.235208	76.946	67.7998
10365.601419	76.948	67.4492
10365.967630	76.953	67.0498
10366.333841	76.950	66.6357
10366.700052	76.945	66.2637
10367.066263	76.943	65.8975
10367.432474	76.937	65.5293
10367.798685	76.932	65.2344
10368.164896	76.944	64.9561
10368.531107	76.964	64.5371
10368.897318	76.964	64.0381
10369.263529	76.950	63.6523
10369.629740	76.948	63.3496
10369.995951	76.955	62.9941
10370.362162	76.958	62.6074
10370.728373	76.960	62.2344
10371.094584	76.960	61.8486
10371.460795	76.956	61.4854
10371.827006	76.955	61.1758
10372.193217	76.965	60.8516
10372.559428	76.975	60.4648
10372.925639	76.978	60.0547
10373.291850	76.977	59.6533
10373.658061	76.971	59.2773
10374.024272	76.965	58.9736
10374.390483	76.975	58.7021
10374.756694	76.996	58.3018
10375.122904	76.994	57.7979
10375.489115	76.975	57.4502
10375.855326	76.981	57.2363
10376.221537	77.008	56.8506
10376.587748	77.010	56.3213
10376.953959	76.993	55.9326
10377.320170	76.991	55.6475
10377.686381	76.999	55.2998
10378.052592	77.003	54.9424
10378.418803	77.015	54.5713
10378.785014	77.020	54.1162
10379.151225	77.009	53.7266
10379.517436	77.014	53.4297
10379.883647	77.028	53.0020
10380.249858	77.016	52.5469
10380.616069	77.007	52.2979
10380.982280	77.032	51.9932
10381.348491	77.043	51.4590
10381.714702	77.024	51.0459
10382.080913	77.026	50.7852
10382.447124	77.044	50.3662
10382.813335	77.039	49.8887
10383.179546	77.030	49.5254
10383.545757	77.030	49.1572
10383.911968	77.025	48.7852
10384.278179	77.025	48.4551
10384.644390	77.029	48.0605
10385.010601	77.020	47.6807
10385.376812	77.019	47.4072
10385.743023	77.036	47.0459
10386.109233	77.036	46.5850
10386.475444	77.026	46.2510
10386.841655	77.038	45.9521
10387.207866	77.051	45.4814
10387.574077	77.037	45.0215
10387.940288	77.025	44.7402
10388.306499	77.036	44.4316
10388.672710	77.040	44.0059
10389.038921	77.031	43.6611
10389.405132	77.038	43.3945
10389.771343	77.057	43.0137
10390.137554	77.062	42.5605
10390.503765	77.060	42.1748
10390.869976	77.067	41.7998
10391.236187	77.072	41.3633
10391.602398	77.066	40.9346
10391.968609	77.059	40.5703
10392.334820	77.058	40.2285
10392.701031	77.060	39.8770
10393.067242	77.064	39.5254
10393.433453	77.072	39.1396
10393.799664	77.070	38.7207
10394.165875	77.061	38.4033
10394.532086	77.076	38.1572
10394.898297	77.106	37.7178
10395.264508	77.105	37.1426
10395.630719	77.080	36.7832
10395.996930	77.087	36.5674
10396.363141	77.113	36.1572
10396.729352	77.111	35.6514
10397.095563	77.100	35.3027
10397.461773	77.109	34.9795
10397.827984	77.117	34.5400
10398.194195	77.109	34.1377
10398.560406	77.110	33.8154
10398.926617	77.121	33.4111
10399.292828	77.115	32.9502
10399.659039	77.099	32.6045
10400.025250	77.097	32.3350
10400.391461	77.106	32.0107
10400.757672	77.114	31.6582
10401.123883	77.128	31.2725
10401.490094	77.135	30.7861
10401.856305	77.120	30.3359
10402.222516	77.110	30.0430
10402.588727	77.124	29.7129
10402.954938	77.129	29.2480
10403.321149	77.119	28.8604
10403.687360	77.124	28.5469
10404.053571	77.136	28.1250
10404.419782	77.133	27.6846
10404.785993	77.134	27.3291
10405.152204	77.145	26.9082
10405.518415	77.142	26.4248
10405.884626	77.129	26.0469
10406.250837	77.130	25.7393
10406.617048	77.141	25.3711
10406.983259	77.149	24.9355
10407.349470	77.145	24.4883
10407.715681	77.131	24.1318
10408.081892	77.131	23.8945
10408.448103	77.155	23.5752
10408.814313	77.170	23.0801
10409.180524	77.157	22.6318
10409.546735	77.149	22.3516
10409.912946	77.163	22.0635
10410.279157	77.178	21.6514
10410.645368	77.180	21.2070
10411.011579	77.175	20.8291
10411.377790	77.177	20.4795
10411.744001	77.182	20.0840
10412.110212	77.179	19.6836
10412.476423	77.177	19.3174
10412.842634	77.176	18.9287
10413.208845	77.166	18.5664
10413.575056	77.166	18.3135
10413.941267	77.192	17.9688
10414.307478	77.203	17.4072
10414.673689	77.177	16.9326
10415.039900	77.163	16.6943
10415.406111	77.181	16.4053
10415.772322	77.196	15.9355
10416.138533	77.190	15.4678
10416.504744	77.181	15.1035
10416.870955	77.183	14.7832
10417.237166	77.197	14.4062
10417.603377	77.205	13.9355
10417.969588	77.198	13.4971
10418.335799	77.197	13.1504
10418.702010	77.208	12.7461
10419.068221	77.205	12.2812
10419.434432	77.194	11.9229
10419.800642	77.199	11.6201
10420.166853	77.212	11.2393
10420.533064	77.219	10.8184
10420.899275	77.224	10.3887
10421.265486	77.222	9.9502
10421.631697	77.216	9.5547
10421.997908	77.214	9.1816
10422.364119	77.210	8.8145
10422.730330	77.211	8.4922
10423.096541	77.223	8.1182
10423.462752	77.223	7.6514
10423.828963	77.209	7.2764
10424.195174	77.210	6.9912
10424.561385	77.222	6.6094
10424.927596	77.221	6.1787
10425.293807	77.216	5.8223
10425.660018	77.222	5.4727
10426.026229	77.228	5.0576
10426.392440	77.226	4.6309
10426.758651	77.221	4.2656
10427.124862	77.227	3.9111
10427.491073	77.233	3.4707
10427.857284	77.224	3.0303
10428.223495	77.214	2.7021
10428.589706	77.219	2.3936
10428.955917	77.230	2.0225
10429.322128	77.240	1.6025
10429.688339	77.243	1.1143
10430.054550	77.223	0.6621
10430.420761	77.202	0.4268
10430.786972	77.219	0.2832
10431.153182	77.264	-0.0928
10431.519393	77.284	-0.7246
10431.885604	77.263	-1.2754
10432.251815	77.245	-1.5986
10432.618026	77.252	-1.9375
10432.984237	77.250	-2.3682
10433.350448	77.240	-2.7021
10433.716659	77.250	-3.0088
10434.082870	77.261	-3.4521
10434.449081	77.251	-3.8828
10434.815292	77.245	-4.2021
10435.181503	77.252	-4.5400
10435.547714	77.256	-4.9141
10435.913925	77.263	-5.2861
10436.280136	77.270	-5.7021
10436.646347	77.268	-6.1230
10437.012558	77.268	-6.4834
10437.378769	77.279	-6.8750
10437.744980	77.284	-7.3701
10438.111191	77.271	-7.8438
10438.477402	77.256	-8.1963
10438.843613	77.254	-8.5264
10439.209824	77.252	-8.8906
10439.576035	77.253	-9.2178
10439.942246	77.267	-9.5850
10440.308457	77.273	-10.0703
10440.674668	77.260	-10.5078
10441.040879	77.253	-10.8281
10441.407090	77.260	-11.1660
10441.773301	77.267	-11.5518
10442.139511	77.274	-11.9668
10442.505722	77.276	-12.4043
10442.871933	77.275	-12.7998
10443.238144	77.280	-13.2188
10443.604355	77.274	-13.6904
10443.970566	77.258	-14.0342
10444.336777	77.265	-14.3174
10444.702988	77.278	-14.7529
10445.069199	77.271	-15.1689
10445.435410	77.277	-15.4932
10445.801621	77.290	-15.9717
10446.167832	77.273	-16.4707
10446.534043	77.255	-16.7363
10446.900254	77.271	-17.0088
10447.266465	77.286	-17.4600
10447.632676	77.284	-17.9111
10447.998887	77.282	-18.3135
10448.365098	77.278	-18.7236
10448.731309	77.273	-19.0938
10449.097520	77.275	-19.4434
10449.463731	77.281	-19.8330
10449.829942	77.283	-20.2432
10450.196153	77.284	-20.6484
10450.562364	77.285	-21.0498
10450.928575	77.286	-21.4395
10451.294786	77.291	-21.8379
10451.660997	77.296	-22.2910
10452.027208	77.286	-22.7500
10452.393419	77.273	-23.0869
10452.759630	77.281	-23.3623
10453.125841	77.303	-23.7969
10453.492051	77.300	-24.3389
10453.858262	77.279	-24.7422
10454.224473	77.273	-25.0186
10454.590684	77.283	-25.3418
10454.956895	77.292	-25.7451
10455.323106	77.294	-26.1650
10455.689317	77.293	-26.5527
10456.055528	77.296	-26.9297
10456.421739	77.298	-27.3398
10456.787950	77.294	-27.7373
10457.154161	77.293	-28.1035
10457.520372	77.294	-28.4854
10457.886583	77.294	-28.8496
10458.252794	77.302	-29.2139
10458.619005	77.309	-29.6729
10458.985216	77.300	-30.1270
10459.351427	77.292	-30.4844
10459.717638	77.293	-30.8604
10460.083849	77.290	-31.2480
10460.450060	77.293	-31.5967
10460.816271	77.301	-32.0391
10461.182482	77.290	-32.5049
10461.548693	77.277	-32.8057
10461.914904	77.291	-33.1182
10462.281115	77.300	-33.5898
10462.647326	77.289	-34.0186
10463.013537	77.285	-34.3418
10463.379748	77.291	-34.6914
10463.745959	77.297	-35.0654
10464.112170	77.306	-35.4590
10464.478381	77.312	-35.9111
10464.844591	77.308	-36.3486
10465.210802	77.304	-36.7344
10465.577013	77.303	-37.1416
10465.943224	77.294	-37.5391
10466.309435	77.287	-37.8457
10466.675646	77.297	-38.1631
10467.041857	77.307	-38.6123
10467.408068	77.296	-39.0625
10467.774279	77.284	-39.3662
10468.140490	77.294	-39.6504
10468.506701	77.311	-40.0732
10468.872912	77.312	-40.5664
10469.239123	77.300	-40.9902
10469.605334	77.293	-41.3271
10469.971545	77.299	-41.6729
10470.337756	77.308	-42.1045
10470.703967	77.304	-42.5703
10471.070178	77.293	-42.9639
10471.436389	77.290	-43.2930
10471.802600	77.299	-43.6680
10472.168811	77.302	-44.1260
10472.535022	77.291	-44.5361
10472.901233	77.289	-44.8467
10473.267444	77.304	-45.2246
10473.633655	77.307	-45.7080
10473.999866	77.297	-46.1221
10474.366077	77.296	-46.4883
10474.732288	77.295	-46.9062
10475.098499	77.287	-47.2842
10475.464710	77.288	-47.6221
10475.830920	77.292	-48.0264
10476.197131	77.288	-48.4258
10476.563342	77.287	-48.7920
10476.929553	77.288	-49.2070
10477.295764	77.277	-49.5986
10477.661975	77.272	-49.9033
10478.028186	77.281	-50.2227
10478.394397	77.292	-50.6133
10478.760608	77.299	-51.0469
10479.126819	77.301	-51.4902
10479.493030	77.298	-51.9160
10479.859241	77.295	-52.3262
10480.225452	77.293	-52.7285
10480.591663	77.290	-53.1260
10480.957874	77.286	-53.5137
10481.324085	77.284	-53.8604
10481.690296	77.292	-54.2139
10482.056507	77.300	-54.6367
10482.422718	77.302	-55.0479
10482.788929	77.310	-55.4580
10483.155140	77.313	-55.9648
10483.521351	77.295	-56.4170
10483.887562	77.286	-56.7383
10484.253773	77.289	-57.1299
10484.619984	77.275	-57.5264
10484.986195	77.269	-57.7637
10485.352406	77.294	-58.0811
10485.718617	77.306	-58.5947
10486.084828	77.296	-59.0605
10486.451039	77.288	-59.4541
10486.817250	77.278	-59.8447
10487.183460	77.270	-60.1406
10487.549671	77.282	-60.4570
10487.915882	77.290	-60.9189
10488.282093	77.278	-61.3213
10488.648304	77.280	-61.6172
10489.014515	77.296	-62.0205
10489.380726	77.298	-62.5000
10489.746937	77.293	-62.9229
10490.113148	77.289	-63.3467
10490.479359	77.278	-63.7529
10490.845570	77.272	-64.0732
10491.211781	77.280	-64.4199
10491.577992	77.285	-64.8516
10491.944203	77.280	-65.2588
10492.310414	77.279	-65.6289
10492.676625	77.280	-66.0225
10493.042836	77.276	-66.3975
10493.409047	77.279	-66.7295
10493.775258	77.292	-67.1172
10494.141469	77.297	-67.5801
10494.507680	77.291	-68.0156
10494.873891	77.286	-68.4111
10495.240102	77.282	-68.7998
10495.606313	77.279	-69.1611
10495.972524	77.282	-69.5381
10496.338735	77.279	-69.9443
10496.704946	77.276	-70.2949
10497.071157	77.285	-70.6543
10497.437368	77.290	-71.1182
10497.803579	77.280	-71.5400
10498.169789	77.279	-71.8838
10498.536000	77.286	-72.3164
10498.902211	77.277	-72.7910
10499.268422	77.262	-73.1787
10499.634633	77.251	-73.5244
10500.000844	77.243	-73.8379
10500.367055	77.245	-74.1172
10500.733266	77.259	-74.4707
10501.099477	77.265	-74.8955
10501.465688	77.264	-75.2861
10501.831899	77.271	-75.6689
10502.198110	77.277	-76.1221
10502.564321	77.270	-76.5918
10502.930532	77.258	-76.9795
10503.296743	77.256	-77.3262
10503.662954	77.258	-77.7295
10504.029165	77.252	-78.1553
10504.395376	77.243	-78.5371
10504.761587	77.235	-78.8877
10505.127798	77.233	-79.1982
10505.494009	77.243	-79.5254
10505.860220	77.255	-79.9668
10506.226431	77.250	-80.4258
10506.592642	77.243	-80.7871
10506.958853	77.247	-81.1582
10507.325064	77.246	-81.5654
10507.691275	77.246	-81.9180
10508.057486	77.258	-82.3086
10508.423697	77.263	-82.8125
10508.789908	77.248	-83.2686
10509.156119	77.237	-83.5977
10509.522329	77.242	-83.9385
10509.888540	77.245	-84.3574
10510.254751	77.239	-84.7461
10510.620962	77.243	-85.0889
10510.987173	77.253	-85.5244
10511.353384	77.246	-86.0225
10511.719595	77.227	-86.3926
10512.085806	77.226	-86.6992
10512.452017	77.228	-87.0938
10512.818228	77.220	-87.4697
10513.184439	77.220	-87.7803
10513.550650	77.229	-88.1641
10513.916861	77.227	-88.5703
10514.283072	77.229	-88.9209
10514.649283	77.239	-89.3457
10515.015494	77.234	-89.8164
10515.381705	77.224	-90.1807
10515.747916	77.229	-90.5410
10516.114127	77.230	-90.9834
10516.480338	77.223	-91.3848
10516.846549	77.223	-91.7402
10517.212760	77.230	-92.1582
10517.578971	77.229	-92.6270
10517.945182	77.218	-93.0840
10518.311393	77.199	-93.4590
10518.677604	77.189	-93.7305
10519.043815	77.199	-94.0225
10519.410026	77.212	-94.4316
10519.776237	77.211	-94.8672
10520.142448	77.208	-95.2441
10520.508658	77.212	-95.6152
10520.874869	77.217	-96.0391
10521.241080	77.213	-96.4805
10521.607291	77.204	-96.8789
10521.973502	77.198	-97.2344
10522.339713	77.198	-97.5898
10522.705924	77.200	-97.9775
10523.072135	77.196	-98.3906
10523.438346	77.186	-98.7568
10523.804557	77.185	-99.0596
10524.170768	77.196	-99.4297
10524.536979	77.195	-99.8662
10524.903190	77.190	-100.1963
10525.269401	77.209	-100.5273
10525.635612	77.226	-101.0850
10526.001823	77.203	-101.6406
10526.368034	77.178	-101.9336
10526.734245	77.186	-102.2109
10527.100456	77.194	-102.6455
10527.466667	77.189	-103.0498
10527.832878	77.191	-103.4277
10528.199089	77.187	-103.8535
10528.565300	77.177	-104.1865
10528.931511	77.187	-104.4844
10529.297722	77.201	-104.9307
10529.663933	77.193	-105.3750
10530.030144	77.191	-105.7148
10530.396355	77.196	-106.1123
10530.762566	77.191	-106.5244
10531.128777	77.189	-106.8701
10531.494988	77.192	-107.2773
10531.861198	77.180	-107.6738
10532.227409	77.176	-107.9414
10532.593620	77.193	-108.2832
10532.959831	77.200	-108.7637
10533.326042	77.191	-109.2012
10533.692253	77.182	-109.5908
10534.058464	77.171	-109.9561
10534.424675	77.168	-110.2412
10534.790886	77.183	-110.5967
10535.157097	77.187	-111.0977
10535.523308	77.170	-111.5381
10535.889519	77.158	-111.8525
10536.255730	77.161	-112.1709
10536.621941	77.170	-112.5381
10536.988152	77.179	-112.9785
10537.354363	77.175	-113.4629
10537.720574	77.161	-113.8506
10538.086785	77.162	-114.1777
10538.452996	77.169	-114.6045
10538.819207	77.160	-115.0547
10539.185418	77.150	-115.3838
10539.551629	77.159	-115.7178
10539.917840	77.165	-116.1768
10540.284051	77.151	-116.6006
10540.650262	77.144	-116.8926
10541.016473	77.155	-117.2217
10541.382684	77.162	-117.6543
10541.748895	77.158	-118.0566
10542.115106	77.159	-118.4375
10542.481317	77.157	-118.8574
10542.847528	77.148	-119.2236
10543.213738	77.151	-119.5498
10543.579949	77.158	-119.9619
10543.946160	77.152	-120.4053
10544.312371	77.140	-120.7695
10544.678582	77.137	-121.0820
10545.044793	77.146	-121.4102
10545.411004	77.159	-121.8389
10545.777215	77.155	-122.3467
10546.143426	77.136	-122.7285
10546.509637	77.138	-123.0176
10546.875848	77.149	-123.4609
10547.242059	77.135	-123.9297
10547.608270	77.123	-124.2129
10547.974481	77.139	-124.5557
10548.340692	77.140	-125.0557
10548.706903	77.124	-125.4160
10549.073114	77.135	-125.7227
10549.439325	77.147	-126.2402
10549.805536	77.125	-126.7256
10550.171747	77.109	-127.0078
10550.537958	77.116	-127.3428
10550.904169	77.113	-127.7490
10551.270380	77.109	-128.0605
10551.636591	77.124	-128.4209
10552.002802	77.128	-128.9033
10552.369013	77.114	-129.3271
10552.735224	77.107	-129.6650
10553.101435	77.106	-130.0156
10553.467646	77.106	-130.3740
10553.833857	77.107	-130.7344
10554.200067	77.110	-131.1104
10554.566278	77.113	-131.5029
10554.932489	77.112	-131.9102
10555.298700	77.107	-132.2832
10555.664911	77.111	-132.6309
10556.031122	77.117	-133.0459
10556.397333	77.111	-133.4639
10556.763544	77.108	-133.7930
10557.129755	77.120	-134.1768
10557.495966	77.119	-134.6543
10557.862177	77.106	-135.0283
10558.228388	77.109	-135.3262
10558.594599	77.122	-135.7344
10558.960810	77.121	-136.1748
10559.327021	77.121	-136.5566
10559.693232	77.126	-137.0029
10560.059443	77.113	-137.4648
10560.425654	77.097	-137.7793
10560.791865	77.103	-138.0547
10561.158076	77.116	-138.4482
10561.524287	77.118	-138.8799
10561.890498	77.117	-139.2949
10562.256709	77.112	-139.7139
10562.622920	77.101	-140.0781
10562.989131	77.099	-140.3848
10563.355342	77.106	-140.7207
10563.721553	77.113	-141.0967
10564.087764	77.120	-141.5010
10564.453975	77.122	-141.9316
10564.820186	77.118	-142.3457
10565.186397	77.114	-142.7393
10565.552607	77.108	-143.1123
10565.918818	77.105	-143.4336
10566.285029	77.114	-143.7803
10566.651240	77.119	-144.2041
10567.017451	77.116	-144.5996
10567.383662	77.119	-144.9668
10567.749873	77.122	-145.3877
10568.116084	77.118	-145.8027
10568.482295	77.116	-146.2021
10568.848506	77.106	-146.6104
10569.214717	77.095	-146.9072
10569.580928	77.110	-147.1875
10569.947139	77.127	-147.6836
10570.313350	77.108	-148.1787
10570.679561	77.094	-148.4385
10571.045772	77.114	-148.7568
10571.411983	77.123	-149.2900
10571.778194	77.103	-149.7510
10572.144405	77.089	-150.0645
10572.510616	77.090	-150.3857
10572.876827	77.094	-150.7422
10573.243038	77.099	-151.1494
10573.609249	77.095	-151.5791
10573.975460	77.087	-151.9307
10574.341671	77.092	-152.2773
10574.707882	77.094	-152.6826
10575.074093	77.093	-153.0596
10575.440304	77.099	-153.4541
10575.806515	77.096	-153.9043
10576.172726	77.084	-154.2500
10576.538936	77.092	-154.5625
10576.905147	77.100	-155.0107
10577.271358	77.087	-155.4209
10577.637569	77.083	-155.6963
10578.003780	77.097	-156.0391
10578.369991	77.105	-156.4561
10578.736202	77.111	-156.8711
10579.102413	77.110	-157.3564
10579.468624	77.087	-157.7715
10579.834835	77.076	-157.9932
10580.201046	77.093	-158.2881
10580.567257	77.098	-158.7305
10580.933468	77.091	-159.0654
10581.299679	77.105	-159.3682
10581.665890	77.123	-159.8477
10582.032101	77.115	-160.3564
10582.398312	77.100	-160.7471
10582.764523	77.094	-161.0967
10583.130734	77.094	-161.4473
10583.496945	77.099	-161.8311
10583.863156	77.099	-162.2812
10584.229367	77.087	-162.6885
10584.595578	77.083	-163.0068
10584.961789	77.093	-163.3770
10585.328000	77.097	-163.8467
10585.694211	77.086	-164.2920
10586.060422	77.074	-164.6367
10586.426633	77.076	-164.9492
10586.792844	77.086	-165.3291
10587.159055	77.088	-165.7676
10587.525266	77.081	-166.1680
10587.891476	77.079	-166.4980
10588.257687	77.086	-166.8418
10588.623898	77.093	-167.2422
10588.990109	77.093	-167.6367
10589.356320	77.096	-167.9824
10589.722531	77.108	-168.3516
10590.088742	77.119	-168.8076
10590.454953	77.116	-169.3008
10590.821164	77.100	-169.7295
10591.187375	77.085	-170.0498
10591.553586	77.086	-170.3320
10591.919797	77.097	-170.7031
10592.286008	77.095	-171.1367
10592.652219	77.087	-171.4961
10593.018430	77.090	-171.8301
10593.384641	77.094	-172.2451
10593.750852	77.087	-172.6377
10594.117063	77.087	-172.9658
10594.483274	77.094	-173.3604
10594.849485	77.091	-173.7881
10595.215696	77.087	-174.1348
10595.581907	77.098	-174.4980
10595.948118	77.104	-174.9639
10596.314329	77.095	-175.4082
10596.680540	77.087	-175.7588
10597.046751	77.091	-176.1064
10597.412962	77.096	-176.5088
10597.779173	77.094	-176.9033
10598.145384	77.094	-177.2617
10598.511595	77.099	-177.6416
10598.877806	77.100	-178.0361
10599.244016	77.103	-178.3945
10599.610227	77.112	-178.7910
10599.976438	77.112	-179.2412
10600.342649	77.106	-179.6348
10600.708860	77.107	179.9775
10601.075071	77.098	179.5371
10601.441282	77.079	179.2168
10601.807493	77.083	178.9854
10602.173704	77.101	178.5977
10602.539915	77.097	178.1514
10602.906126	77.091	177.8359
10603.272337	77.106	177.4922
10603.638548	77.116	177.0186
10604.004759	77.110	176.5479
10604.370970	77.100	176.1387
10604.737181	77.092	175.7861
10605.103392	77.096	175.4463
10605.469603	77.102	175.0166
10605.835814	77.094	174.5850
10606.202025	77.089	174.2734
10606.568236	77.105	173.9023
10606.934447	77.107	173.3857
10607.300658	77.086	172.9766
10607.666869	77.080	172.7383
10608.033080	77.100	172.4248
10608.399291	77.115	171.9531
10608.765502	77.109	171.4736
10609.131713	77.096	171.1016
10609.497924	77.096	170.8125
10609.864135	77.112	170.4570
10610.230345	77.119	169.9619
10610.596556	77.102	169.5059
10610.962767	77.086	169.2344
10611.328978	77.099	168.9717
10611.695189	77.116	168.5342
10612.061400	77.109	168.0547
10612.427611	77.096	167.7031
10612.793822	77.098	167.3955
10613.160033	77.107	167.0098
10613.526244	77.109	166.5723
10613.892455	77.103	166.1465
10614.258666	77.093	165.7803
10614.624877	77.091	165.4727
10614.991088	77.102	165.1309
10615.357299	77.113	164.6865
10615.723510	77.109	164.2246
10616.089721	77.100	163.8428
10616.455932	77.103	163.4961
10616.822143	77.111	163.0801
10617.188354	77.107	162.6201
10617.554565	77.095	162.2490
10617.920776	77.098	161.9355
10618.286987	77.108	161.5195
10618.653198	77.101	161.0908
10619.019409	77.098	160.8027
10619.385620	77.122	160.4492
10619.751831	77.134	159.8838
10620.118042	77.111	159.3945
10620.484253	77.096	159.1133
10620.850464	77.106	158.8057
10621.216675	77.113	158.4121
10621.582885	77.119	158.0166
10621.949096	77.124	157.5732
10622.315307	77.116	157.1377
10622.681518	77.108	156.8164
10623.047729	77.118	156.4873
10623.413940	77.127	156.0654
10623.780151	77.128	155.6426
10624.146362	77.128	155.2236
10624.512573	77.123	154.8027
10624.878784	77.116	154.4404
10625.244995	77.117	154.0791
10625.611206	77.113	153.6885
10625.977417	77.107	153.3691
10626.343628	77.115	153.0830
10626.709839	77.132	152.7051
10627.076050	77.142	152.2627
10627.442261	77.145	151.7988
10627.808472	77.136	151.3389
10628.174683	77.122	151.0010
10628.540894	77.130	150.7217
10628.907105	77.148	150.2832
10629.273316	77.140	149.7812
10629.639527	77.126	149.4424
10630.005738	77.134	149.1377
10630.371949	77.143	148.7080
10630.738160	77.140	148.2920
10631.104371	77.143	147.9219
10631.470582	77.147	147.4766
10631.836793	77.135	147.0645
10632.203004	77.133	146.7773
10632.569214	77.152	146.4004
10632.935425	77.154	145.8818
10633.301636	77.135	145.4873
10633.667847	77.134	145.2148
10634.034058	77.149	144.8154
10634.400269	77.142	144.3467
10634.766480	77.127	144.0332
10635.132691	77.138	143.7910
10635.498902	77.164	143.3770
10635.865113	77.167	142.8213
10636.231324	77.146	142.3818
10636.597535	77.137	142.0957
10636.963746	77.146	141.7441
10637.329957	77.145	141.3291
10637.696168	77.144	141.0020
10638.062379	77.160	140.6270
10638.428590	77.166	140.1074
10638.794801	77.150	139.6699
10639.161012	77.146	139.3330
10639.527223	77.149	138.9219
10639.893434	77.141	138.5215
10640.259645	77.140	138.1924
10640.625856	77.146	137.8145
10640.992067	77.149	137.4219
10641.358278	77.156	137.0430
10641.724489	77.165	136.5811
10642.090700	77.156	136.1201
10642.456911	77.147	135.7773
10642.823122	77.154	135.4355
10643.189333	77.160	135.0234
10643.555544	77.160	134.6387
10643.921754	77.169	134.2783
10644.287965	77.183	133.8252
10644.654176	77.181	133.3076
10645.020387	77.165	132.8779
10645.386598	77.155	132.5459
10645.752809	77.156	132.2158
10646.119020	77.161	131.8574
10646.485231	77.168	131.4658
10646.851442	77.170	131.0361
10647.217653	77.165	130.6299
10647.583864	77.160	130.2734
10647.950075	77.162	129.9326
10648.316286	77.169	129.5723
10648.682497	77.177	129.1504
10649.048708	77.174	128.7109
10649.414919	77.168	128.3545
10649.781130	77.175	128.0137
10650.147341	77.184	127.5771
10650.513552	77.179	127.1338
10650.879763	77.174	126.7764
10651.245974	77.181	126.4082
10651.612185	77.184	125.9531
10651.978396	77.173	125.5186
10652.344607	77.164	125.1846
10652.710818	77.167	124.8486
10653.077029	77.169	124.4619
10653.443240	77.169	124.1074
10653.809451	77.178	123.7588
10654.175662	77.188	123.3379
10654.541873	77.193	122.9014
10654.908083	77.200	122.4453
10655.274294	77.196	121.9219
10655.640505	77.174	121.4766
10656.006716	77.160	121.1758
10656.372927	77.162	120.8564
10656.739138	77.163	120.5039
10657.105349	77.171	120.1973
10657.471560	77.195	119.7920
10657.837771	77.203	119.2402
10658.203982	77.188	118.7734
10658.570193	77.182	118.4375
10658.936404	77.188	118.0537
10659.302615	77.188	117.6270
10659.668826	77.184	117.2432
10660.035037	77.183	116.8750
10660.401248	77.183	116.5293
10660.767459	77.195	116.1885
10661.133670	77.210	115.7324
10661.499881	77.204	115.2305
10661.866092	77.189	114.8613
10662.232303	77.190	114.5518
10662.598514	77.197	114.1660
10662.964725	77.198	113.7627
10663.330936	77.200	113.3711
10663.697147	77.201	112.9414
10664.063358	77.194	112.5312
10664.429569	77.190	112.1748
10664.795780	77.193	111.7900
10665.161991	77.190	111.3887
10665.528202	77.188	111.0391
10665.894413	77.197	110.6680
10666.260623	77.203	110.2295
10666.626834	77.202	109.8174
10666.993045	77.208	109.4033
10667.359256	77.207	108.9229
10667.725467	77.193	108.5264
10668.091678	77.195	108.2324
10668.457889	77.214	107.8086
10668.824100	77.210	107.2930
10669.190311	77.195	106.9287
10669.556522	77.201	106.6318
10669.922733	77.217	106.2061
10670.288944	77.216	105.7246
10670.655155	77.207	105.3242
10671.021366	77.206	104.9727
10671.387577	77.211	104.5791
10671.753788	77.210	104.1523
10672.119999	77.205	103.7666
10672.486210	77.205	103.3975
10672.852421	77.205	102.9893
10673.218632	77.199	102.5928
10673.584843	77.195	102.2402
10673.951054	77.197	101.8887
10674.317265	77.201	101.5205
10674.683476	77.209	101.1191
10675.049687	77.213	100.6787
10675.415898	77.213	100.2373
10675.782109	77.210	99.7891
10676.148320	77.199	99.3604
10676.514531	77.189	99.0332
10676.880742	77.198	98.7178
10677.246953	77.211	98.2812
10677.613163	77.211	97.8213
10677.979374	77.211	97.3975
10678.345585	77.208	96.9307
10678.711796	77.190	96.5293
10679.078007	77.184	96.2842
10679.444218	77.205	95.9600
10679.810429	77.216	95.4658
10680.176640	77.205	95.0508
10680.542851	77.208	94.7441
10680.909062	77.225	94.3340
10681.275273	77.227	93.8506
10681.641484	77.222	93.4219
10682.007695	77.219	93.0078
10682.373906	77.213	92.6006
10682.740117	77.209	92.2275
10683.106328	77.209	91.8379
10683.472539	77.206	91.4395
10683.838750	77.203	91.0557
10684.204961	77.199	90.6836
10684.571172	77.202	90.3662
10684.937383	77.225	89.9795
10685.303594	77.237	89.3799
10685.669805	77.208	88.8555
10686.036016	77.191	88.6045
10686.402227	77.212	88.2637
10686.768438	77.215	87.7236
10687.134649	77.197	87.3135
10687.500860	77.198	86.9854
10687.867071	77.201	86.5527
10688.233282	77.191	86.1924
10688.599492	77.201	85.9062
10688.965703	77.222	85.4512
10689.331914	77.217	84.9395
10689.698125	77.206	84.5859
10690.064336	77.217	84.2402
10690.430547	77.225	83.7441
10690.796758	77.207	83.2881
10691.162969	77.194	83.0293
10691.529180	77.214	82.7520
10691.895391	77.235	82.2607
10692.261602	77.228	81.7490
10692.627813	77.220	81.3623
10692.994024	77.221	80.9600
10693.360235	77.216	80.5264
10693.726446	77.209	80.1475
10694.092657	77.207	79.7695
10694.458868	77.204	79.3965
10694.825079	77.209	79.0537
10695.191290	77.220	78.6260
10695.557501	77.215	78.1709
10695.923712	77.213	77.8242
10696.289923	77.230	77.4150
10696.656134	77.231	76.8613
10697.022345	77.210	76.4297
10697.388556	77.208	76.1328
10697.754767	77.223	75.6992
10698.120978	77.215	75.1855
10698.487189	77.197	74.8135
10698.853400	77.198	74.4805
10699.219611	77.198	74.0469
10699.585822	77.183	73.6621
10699.952032	77.179	73.4062
10700.318243	77.198	73.0703
10700.684454	77.208	72.5635
10701.050665	77.191	72.1055
10701.416876	77.179	71.8174
10701.783087	77.191	71.5303
10702.149298	77.208	71.1191
10702.515509	77.215	70.6514
10702.881720	77.217	70.2002
10703.247931	77.221	69.7422
10703.614142	77.220	69.2236
10703.980353	77.200	68.7217
10704.346564	77.175	68.3984
10704.712775	77.179	68.1475
10705.078986	77.197	67.7148
10705.445197	77.187	67.2285
10705.811408	77.177	66.9248
10706.177619	77.198	66.5850
10706.543830	77.207	66.0293
10706.910041	77.181	65.5811
10707.276252	77.176	65.3740
10707.642463	77.209	65.0273
10708.008674	77.221	64.4287
10708.374885	77.198	63.9473
10708.741096	77.191	63.6562
10709.107307	77.204	63.2676
10709.473518	77.201	62.7959
10709.839729	77.191	62.4346
10710.205940	77.197	62.0918
10710.572151	77.205	61.6484
10710.938361	77.200	61.1885
10711.304572	77.190	60.7900
10711.670783	77.186	60.4512
10712.036994	77.195	60.0830
10712.403205	77.202	59.5898
10712.769416	77.186	59.1045
10713.135627	77.170	58.7627
10713.501838	77.171	58.4199
10713.868049	77.170	58.0059
10714.234260	77.163	57.6289
10714.600471	77.163	57.2666
10714.966682	77.163	56.8994
10715.332893	77.171	56.5605
10715.699104	77.191	56.1074
10716.065315	77.190	55.5371
10716.431526	77.170	55.0977
10716.797737	77.165	54.7637
10717.163948	77.169	54.3418
10717.530159	77.162	53.9209
10717.896370	77.160	53.5605
10718.262581	77.163	53.1348
10718.628792	77.152	52.7285
10718.995003	77.150	52.4512
10719.361214	77.172	52.0967
10719.727425	77.185	51.5762
10720.093636	77.178	51.0928
10720.459847	77.174	50.6660
10720.826058	77.167	50.1992
10721.192269	77.148	49.8232
10721.558480	77.148	49.5400
10721.924691	77.162	49.1162
10722.290901	77.154	48.6123
10722.657112	77.135	48.2539
10723.023323	77.136	47.9551
10723.389534	77.144	47.5723
10723.755745	77.146	47.1562
10724.121956	77.147	46.7334
10724.488167	77.144	46.3037
10724.854378	77.141	45.9131
10725.220589	77.145	45.4980
10725.586800	77.140	45.0273
10725.953011	77.126	44.6348
10726.319222	77.126	44.3008
10726.685433	77.132	43.8809
10727.051644	77.126	43.4580
10727.417855	77.128	43.1084
10727.784066	77.142	42.6650
10728.150277	77.138	42.1377
10728.516488	77.122	41.7275
10728.882699	77.123	41.3613
10729.248910	77.123	40.8994
10729.615121	77.107	40.4775
10729.981332	77.098	40.1797
10730.347543	77.108	39.8652
10730.713754	77.123	39.4453
10731.079965	77.128	38.9619
10731.446176	77.122	38.5039
10731.812387	77.117	38.1104
10732.178598	77.117	37.6885
10732.544809	77.106	37.2549
10732.911020	77.096	36.9531
10733.277231	77.113	36.6436
10733.643441	77.129	36.1133
10734.009652	77.110	35.5820
10734.375863	77.090	35.2666
10734.742074	77.096	34.9619
10735.108285	77.105	34.5215
10735.474496	77.099	34.0713
10735.840707	77.093	33.6729
10736.206918	77.091	33.2705
10736.573129	77.086	32.8438
10736.939340	77.078	32.4316
10737.305551	77.072	32.0537
10737.671762	77.072	31.6582
10738.037973	77.069	31.2246
10738.404184	77.059	30.8066
10738.770395	77.050	30.4229
10739.136606	77.043	30.0703
10739.502817	77.045	29.7549
10739.869028	77.061	29.3740
10740.235239	77.071	28.8604
10740.601450	77.059	28.3721
10740.967661	77.050	28.0049
10741.333872	77.055	27.6230
10741.700083	77.057	27.1709
10742.066294	77.052	26.7422
10742.432505	77.049	26.3320
10742.798716	77.044	25.9102
10743.164927	77.037	25.5430
10743.531138	77.042	25.2041
10743.897349	77.053	24.7656
10744.263560	77.047	24.2832
10744.629770	77.033	23.9189
10744.995981	77.039	23.5996
10745.362192	77.051	23.1572
10745.728403	77.046	22.6484
10746.094614	77.027	22.2314
10746.460825	77.017	21.9336
10746.827036	77.028	21.6240
10747.193247	77.046	21.1357
10747.559458	77.034	20.5449
10747.925669	76.998	20.1475
10748.291880	76.986	19.9307
10748.658091	77.002	19.6035
10749.024302	77.009	19.1221
10749.390513	76.998	18.6582
10749.756724	76.986	18.2754
10750.122935	76.982	17.9160
10750.489146	76.982	17.5117
10750.855357	76.975	17.1064
10751.221568	76.973	16.7646
10751.587779	76.984	16.3584
10751.953990	76.982	15.8525
10752.320201	76.966	15.4590
10752.686412	76.969	15.1338
10753.052623	76.977	14.6797
10753.418834	76.966	14.2344
10753.785045	76.962	13.9014
10754.151256	76.972	13.5078
10754.517467	76.972	13.0420
10754.883678	76.965	12.6211
10755.249889	76.960	12.2354
10755.616100	76.960	11.8682
10755.982310	76.967	11.4570
10756.348521	76.966	10.9502
10756.714732	76.944	10.5107
10757.080943	76.931	10.2021
10757.447154	76.933	9.8672
10757.813365	76.933	9.4824
10758.179576	76.934	9.0957
10758.545787	76.935	8.6602
10758.911998	76.926	8.2285
10759.278209	76.918	7.8604
10759.644420	76.918	7.4707
10760.010631	76.914	7.0576
10760.376842	76.911	6.6797
10760.743053	76.917	6.2695
10761.109264	76.918	5.7812
10761.475475	76.905	5.2920
10761.841686	76.885	4.8975
10762.207897	76.876	4.5947
10762.574108	76.886	4.2500
10762.940319	76.894	3.7852
10763.306530	76.885	3.3164
10763.672741	76.876	2.9414
10764.038952	76.880	2.5586
10764.405163	76.880	2.0986
10764.771374	76.867	1.6660
10765.137585	76.857	1.3271
10765.503796	76.860	0.9902
10765.870007	76.867	0.5957
10766.236218	76.870	0.1494
10766.602429	76.862	-0.3223
10766.968639	76.844	-0.6855
10767.334850	76.847	-0.9551
10767.701061	76.866	-1.4053
10768.067272	76.853	-1.9697
10768.433483	76.826	-2.3057
10768.799694	76.832	-2.5859
10769.165905	76.839	-3.0645
10769.532116	76.822	-3.5068
10769.898327	76.816	-3.8418
10770.264538	76.817	-4.2676
10770.630749	76.806	-4.6865
10770.996960	76.801	-5.0361
10771.363171	76.803	-5.4512
10771.729382	76.796	-5.8535
10772.095593	76.799	-6.2197
10772.461804	76.807	-6.7012
10772.828015	76.795	-7.2041
10773.194226	76.779	-7.5889
10773.560437	76.777	-7.9502
10773.926648	76.778	-8.3604
10774.292859	76.777	-8.8008
10774.659070	76.769	-9.2334
10775.025281	76.762	-9.6152
10775.391492	76.763	-10.0273
10775.757703	76.753	-10.4893
10776.123914	76.736	-10.8311
10776.490125	76.743	-11.1348
10776.856336	76.753	-11.6416
10777.222547	76.724	-12.1504
10777.588758	76.692	-12.3584
10777.954969	76.708	-12.5039
10778.321179	76.742	-12.9209
10778.687390	76.748	-13.4873
10779.053601	76.734	-13.9717
10779.419812	76.721	-14.3818
10779.786023	76.710	-14.7480
10780.152234	76.711	-15.0840
10780.518445	76.722	-15.5264
10780.884656	76.713	-16.0791
10781.250867	76.683	-16.4893
10781.617078	76.673	-16.7393
10781.983289	76.686	-17.1064
10782.349500	76.683	-17.5957
10782.715711	76.666	-17.9863
10783.081922	76.664	-18.3076
10783.448133	76.669	-18.6914
10783.814344	76.672	-19.1084
10784.180555	76.675	-19.5527
10784.546766	76.668	-20.0410
10784.912977	76.650	-20.4502
10785.279188	76.643	-20.7588
10785.645399	76.651	-21.1357
10786.011610	76.650	-21.5986
10786.377821	76.640	-22.0020
10786.744032	76.639	-22.3730
10787.110243	76.640	-22.8291
10787.476454	76.624	-23.2881
10787.842665	76.606	-23.6289
10788.208876	76.604	-23.9365
10788.575087	76.606	-24.3242
10788.941298	76.598	-24.7188
10789.307508	76.594	-25.0498
10789.673719	76.603	-25.4150
10790.039930	76.607	-25.8867
10790.406141	76.593	-26.3496
10790.772352	76.578	-26.6953
10791.138563	76.579	-27.0254
10791.504774	76.583	-27.4668
10791.870985	76.568	-27.9043
10792.237196	76.556	-28.2100
10792.603407	76.567	-28.5488
10792.969618	76.571	-29.0371
10793.335829	76.554	-29.4775
10793.702040	76.546	-29.8076
10794.068251	76.549	-30.1982
10794.434462	76.544	-30.6387
10794.800673	76.535	-31.0273
10795.166884	76.534	-31.4248
10795.533095	76.529	-31.8594
10795.899306	76.520	-32.2969
10796.265517	76.505	-32.7314
10796.631728	76.484	-33.0830
10796.997939	76.478	-33.3623
10797.364150	76.486	-33.7275
10797.730361	76.484	-34.1748
10798.096572	76.475	-34.5840
10798.462783	76.469	-34.9814
10798.828994	76.460	-35.3828
10799.195205	76.452	-35.7373
10799.561416	76.453	-36.1016
10799.927627	76.453	-36.5244
10800.293838	76.447	-36.9424
10800.660048	76.441	-37.3320
10801.026259	76.439	-37.7197
10801.392470	76.440	-38.1309
10801.758681	76.436	-38.5889
10802.124892	76.421	-39.0176
10802.491103	76.410	-39.3496
10802.857314	76.414	-39.7012
10803.223525	76.412	-40.1299
10803.589736	76.404	-40.4961
10803.955947	76.411	-40.8369
10804.322158	76.421	-41.3115
10804.688369	76.410	-41.8184
10805.054580	76.393	-42.2246
10805.420791	76.380	-42.6025
10805.787002	76.365	-42.9404
10806.153213	76.363	-43.2021
10806.519424	76.380	-43.5723
10806.885635	76.380	-44.0967
10807.251846	76.357	-44.5215
10807.618057	76.347	-44.8086
10807.984268	76.353	-45.1807
10808.350479	76.345	-45.6279
10808.716690	76.331	-45.9902
10809.082901	76.327	-46.3281
10809.449112	76.323	-46.7197
10809.815323	76.314	-47.0684
10810.181534	76.319	-47.4014
10810.547745	76.326	-47.8740
10810.913956	76.308	-48.3770
10811.280167	76.282	-48.6895
10811.646378	76.287	-48.9355
10812.012588	76.306	-49.3916
10812.378799	76.293	-49.9541
10812.745010	76.265	-50.3252
10813.111221	76.265	-50.6143
10813.477432	76.271	-51.0898
10813.843643	76.247	-51.5703
10814.209854	76.227	-51.8516
10814.576065	76.233	-52.1768
10814.942276	76.229	-52.6191
10815.308487	76.219	-52.9668
10815.674698	76.226	-53.3428
10816.040909	76.219	-53.8555
10816.407120	76.189	-54.2061
10816.773331	76.189	-54.3965
10817.139542	76.213	-54.7812
10817.505753	76.213	-55.3115
10817.871964	76.195	-55.7168
10818.238175	76.192	-56.0410
10818.604386	76.199	-56.4473
10818.970597	76.196	-56.9375
10819.336808	76.176	-57.3877
10819.703019	76.154	-57.7051
10820.069230	76.150	-57.9619
10820.435441	76.161	-58.2920
10820.801652	76.172	-58.7393
10821.167863	76.166	-59.2617
10821.534074	76.140	-59.7188
10821.900285	76.115	-60.0029
10822.266496	76.114	-60.2461
10822.632707	76.124	-60.6162
10822.998917	76.122	-61.0508
10823.365128	76.114	-61.4385
10823.731339	76.112	-61.8154
10824.097550	76.109	-62.2305
10824.463761	76.100	-62.6279
10824.829972	76.097	-63.0020
10825.196183	76.095	-63.4326
10825.562394	76.081	-63.8682
10825.928605	76.067	-64.2021
10826.294816	76.070	-64.5498
10826.661027	76.068	-65.0010
10827.027238	76.052	-65.4072
10827.393449	76.044	-65.7480
10827.759660	76.041	-66.1465
10828.125871	76.028	-66.5361
10828.492082	76.019	-66.8604
10828.858293	76.018	-67.2129
10829.224504	76.015	-67.5820
10829.590715	76.015	-67.9424
10829.956926	76.017	-68.3721
10830.323137	76.003	-68.8027
10830.689348	75.991	-69.1221
10831.055559	75.997	-69.4639
10831.421770	75.997	-69.9346
10831.787981	75.977	-70.3516
10832.154192	75.967	-70.6299
10832.520403	75.978	-70.9775
10832.886614	75.981	-71.4746
10833.252825	75.961	-71.9268
10833.619036	75.943	-72.2529
10833.985247	75.941	-72.5635
10834.351457	75.946	-72.9336
10834.717668	75.948	-73.3691
10835.083879	75.940	-73.8311
10835.450090	75.924	-74.2432
10835.816301	75.912	-74.6094
10836.182512	75.903	-74.9707
10836.548723	75.896	-75.3350
10836.914934	75.890	-75.7227
10837.281145	75.876	-76.1064
10837.647356	75.863	-76.4180
10838.013567	75.863	-76.7168
10838.379778	75.868	-77.1006
10838.745989	75.863	-77.5332
10839.112200	75.846	-77.9219
10839.478411	75.831	-78.2041
10839.844622	75.836	-78.4443
10840.210833	75.855	-78.8369
10840.577044	75.853	-79.3438
10840.943255	75.835	-79.7383
10841.309466	75.831	-80.0879
10841.675677	75.823	-80.5215
10842.041888	75.801	-80.8477
10842.408099	75.804	-81.0791
10842.774310	75.823	-81.5020
10843.140521	75.814	-82.0225
10843.506732	75.795	-82.4014
10843.872943	75.788	-82.7705
10844.239154	75.773	-83.1719
10844.605365	75.757	-83.4619
10844.971576	75.762	-83.7539
10845.337786	75.768	-84.1758
10845.703997	75.758	-84.6045
10846.070208	75.745	-84.9639
10846.436419	75.741	-85.2949
10846.802630	75.743	-85.6680
10847.168841	75.738	-86.1104
10847.535052	75.720	-86.4814
10847.901263	75.717	-86.7783
10848.267474	75.720	-87.1973
10848.633685	75.700	-87.6074
10848.999896	75.691	-87.8408
10849.366107	75.710	-88.1924
10849.732318	75.705	-88.7217
10850.098529	75.679	-89.0771
10850.464740	75.679	-89.3262
10850.830951	75.690	-89.7461
10851.197162	75.679	-90.2139
10851.563373	75.662	-90.5752
10851.929584	75.654	-90.8857
10852.295795	75.656	-91.2119
10852.662006	75.662	-91.6260
10853.028217	75.653	-92.1094
10853.394428	75.630	-92.4912
10853.760639	75.621	-92.7803
10854.126850	75.622	-93.1436
10854.493061	75.613	-93.5527
10854.859272	75.600	-93.8828
10855.225483	75.600	-94.1836
10855.591694	75.608	-94.5781
10855.957905	75.603	-95.0430
10856.324116	75.585	-95.4492
10856.690326	75.572	-95.7637
10857.056537	75.572	-96.0859
10857.422748	75.574	-96.4854
10857.788959	75.564	-96.8994
10858.155170	75.552	-97.2451
10858.521381	75.550	-97.5713
10858.887592	75.549	-97.9648
10859.253803	75.536	-98.3418
10859.620014	75.530	-98.6270
10859.986225	75.539	-98.9551
10860.352436	75.544	-99.3857
10860.718647	75.537	-99.8066
10861.084858	75.530	-100.2021
10861.451069	75.518	-100.6006
10861.817280	75.502	-100.9297
10862.183491	75.498	-101.2148
10862.549702	75.502	-101.5527
10862.915913	75.503	-101.9424
10863.282124	75.498	-102.3438
10863.648335	75.488	-102.7158
10864.014546	75.482	-103.0527
10864.380757	75.480	-103.4268
10864.746968	75.469	-103.7959
10865.113179	75.465	-104.1055
10865.479390	75.470	-104.4873
10865.845601	75.458	-104.9238
10866.211812	75.441	-105.2285
10866.578023	75.445	-105.5137
10866.944234	75.449	-105.9199
10867.310445	75.441	-106.3008
10867.676656	75.442	-106.6553
10868.042866	75.439	-107.0957
10868.409077	75.422	-107.4893
10868.775288	75.412	-107.7861
10869.141499	75.413	-108.1289
10869.507710	75.408	-108.5068
10869.873921	75.401	-108.8467
10870.240132	75.401	-109.1758
10870.606343	75.405	-109.5381
10870.972554	75.406	-109.9688
10871.338765	75.393	-110.4111
10871.704976	75.373	-110.7393
10872.071187	75.370	-111.0225
10872.437398	75.371	-111.3896
10872.803609	75.362	-111.7725
10873.169820	75.353	-112.1113
10873.536031	75.344	-112.4424
10873.902242	75.337	-112.7354
10874.268453	75.342	-113.0293
10874.634664	75.350	-113.4346
10875.000875	75.342	-113.8799
10875.367086	75.327	-114.2461
10875.733297	75.318	-114.5771
10876.099508	75.312	-114.9248
10876.465719	75.305	-115.2754
10876.831930	75.299	-115.6133
10877.198141	75.299	-115.9639
10877.564352	75.298	-116.3965
10877.930563	75.276	-116.8125
10878.296774	75.259	-117.0342
10878.662985	75.281	-117.3135
10879.029195	75.290	-117.8955
10879.395406	75.250	-118.3721
10879.761617	75.229	-118.5420
10880.127828	75.246	-118.8418
10880.494039	75.242	-119.3115
10880.860250	75.224	-119.6377
10881.226461	75.224	-119.9307
10881.592672	75.224	-120.2773
10881.958883	75.229	-120.5820
10882.325094	75.246	-121.0156
10882.691305	75.233	-121.5469
10883.057516	75.205	-121.8477
10883.423727	75.214	-122.0596
10883.789938	75.234	-122.5137
10884.156149	75.219	-123.0576
10884.522360	75.186	-123.3906
10884.888571	75.179	-123.5771
10885.254782	75.195	-123.8945
10885.620993	75.194	-124.3652
10885.987204	75.171	-124.7100
10886.353415	75.169	-124.9375
10886.719626	75.179	-125.3066
10887.085837	75.169	-125.7002
10887.452048	75.165	-125.9756
10887.818259	75.175	-126.3486
10888.184470	75.165	-126.7881
10888.550681	75.151	-127.0801
10888.916892	75.159	-127.3906
10889.283103	75.158	-127.8281
10889.649314	75.143	-128.2002
10890.015525	75.137	-128.5078
10890.381735	75.135	-128.8525
10890.747946	75.133	-129.2061
10891.114157	75.130	-129.5869
10891.480368	75.119	-129.9639
10891.846579	75.110	-130.2598
10892.212790	75.113	-130.5928
10892.579001	75.106	-130.9893
10892.945212	75.094	-131.2744
10893.311423	75.104	-131.5449
10893.677634	75.114	-131.9863
10894.043845	75.098	-132.4092
10894.410056	75.089	-132.6895
10894.776267	75.095	-133.0371
10895.142478	75.088	-133.4375
10895.508689	75.082	-133.7324
10895.874900	75.095	-134.1045
10896.241111	75.086	-134.6191
10896.607322	75.056	-134.9561
10896.973533	75.054	-135.1758
10897.339744	75.060	-135.5830
10897.705955	75.036	-135.9619
10898.072166	75.028	-136.1338
10898.438377	75.049	-136.4434
10898.804588	75.047	-136.9121
10899.170799	75.032	-137.2119
10899.537010	75.044	-137.4893
10899.903221	75.053	-137.9473
10900.269432	75.037	-138.3535
10900.635643	75.033	-138.6494
10901.001854	75.037	-139.0273
10901.368064	75.029	-139.4229
10901.734275	75.022	-139.7520
10902.100486	75.018	-140.1074
10902.466697	75.008	-140.4404
10902.832908	75.007	-140.7012
10903.199119	75.019	-141.0469
10903.565330	75.017	-141.4795
10903.931541	75.003	-141.8252
10904.297752	74.999	-142.1191
10904.663963	74.999	-142.4424
10905.030174	75.000	-142.7520
10905.396385	75.008	-143.1162
10905.762596	75.003	-143.5449
10906.128807	74.987	-143.8545
10906.495018	74.994	-144.1133
10906.861229	75.005	-144.5342
10907.227440	74.993	-144.9756
10907.593651	74.980	-145.2842
10907.959862	74.983	-145.6211
10908.326073	74.976	-146.0273
10908.692284	74.962	-146.3574
10909.058495	74.959	-146.6543
10909.424706	74.959	-147.0098
10909.790917	74.953	-147.3594
10910.157128	74.951	-147.6953
10910.523339	74.948	-148.0732
10910.889550	74.936	-148.4268
10911.255761	74.930	-148.7188
10911.621972	74.930	-149.0312
10911.988183	74.930	-149.3457
10912.354394	74.940	-149.6572
10912.720604	74.952	-150.1094
10913.086815	74.934	-150.5820
10913.453026	74.914	-150.8350
10913.819237	74.927	-151.0840
10914.185448	74.937	-151.5303
10914.551659	74.924	-151.9395
10914.917870	74.918	-152.2559
10915.284081	74.915	-152.6250
10915.650292	74.903	-152.9355
10916.016503	74.909	-153.1729
10916.382714	74.928	-153.5576
10916.748925	74.924	-154.0312
10917.115136	74.908	-154.3809
10917.481347	74.906	-154.6436
10917.847558	74.918	-154.9795
10918.213769	74.923	-155.4316
10918.579980	74.905	-155.8447
10918.946191	74.891	-156.0977
10919.312402	74.901	-156.3662
10919.678613	74.906	-156.7617
10920.044824	74.899	-157.1055
10920.411035	74.905	-157.4121
10920.777246	74.909	-157.8389
10921.143457	74.892	-158.2178
10921.509668	74.886	-158.4434
10921.875879	74.900	-158.7637
10922.242090	74.897	-159.1729
10922.608301	74.890	-159.4512
10922.974512	74.907	-159.7705
10923.340723	74.908	-160.2549
10923.706933	74.887	-160.5957
10924.073144	74.894	-160.8252
10924.439355	74.910	-161.2871
10924.805566	74.884	-161.7637
10925.171777	74.861	-161.9375
10925.537988	74.884	-162.1553
10925.904199	74.898	-162.6582
10926.270410	74.874	-163.0918
10926.636621	74.861	-163.3213
10927.002832	74.871	-163.6201
10927.369043	74.871	-164.0146
10927.735254	74.863	-164.3359
10928.101465	74.868	-164.6504
10928.467676	74.869	-165.0371
10928.833887	74.860	-165.3652
10929.200098	74.866	-165.6436
10929.566309	74.880	-166.0361
10929.932520	74.877	-166.4736
10930.298731	74.871	-166.8350
10930.664942	74.869	-167.2158
10931.031153	74.856	-167.5850
10931.397364	74.850	-167.8340
10931.763575	74.865	-168.1455
10932.129786	74.867	-168.5830
10932.495997	74.854	-168.8945
10932.862208	74.866	-169.1416
10933.228419	74.886	-169.5781
10933.594630	74.876	-170.0586
10933.960841	74.860	-170.3701
10934.327052	74.862	-170.6338
10934.693263	74.871	-170.9668
10935.059473	74.877	-171.3408
10935.425684	74.878	-171.7451
10935.791895	74.868	-172.1367
10936.158106	74.854	-172.4395
10936.524317	74.850	-172.6660
10936.890528	74.864	-172.9238
10937.256739	74.880	-173.3115
10937.622950	74.878	-173.7627
10937.989161	74.862	-174.1016
10938.355372	74.862	-174.3672
10938.721583	74.870	-174.7295
10939.087794	74.863	-175.1104
10939.454005	74.860	-175.3984
10939.820216	74.871	-175.7637
10940.186427	74.863	-176.2295
10940.552638	74.840	-176.5283
10940.918849	74.847	-176.7266
10941.285060	74.868	-177.1475
10941.651271	74.854	-177.6514
10942.017482	74.829	-177.9092
10942.383693	74.840	-178.0947
10942.749904	74.864	-178.4795
10943.116115	74.868	-178.9463
10943.482326	74.863	-179.3594
10943.848537	74.856	-179.7295
10944.214748	74.853	179.9492
10944.580959	74.860	179.6152
10944.947170	74.864	179.2178
10945.313381	74.859	178.8535
10945.679592	74.861	178.5264
10946.045803	74.863	178.1562
10946.412013	74.858	177.8242
10946.778224	74.863	177.5508
10947.144435	74.878	177.1846
10947.510646	74.878	176.7510
10947.876857	74.868	176.4062
10948.243068	74.868	176.1191
10948.609279	74.873	175.7812
10948.975490	74.873	175.4238
10949.341701	74.871	175.0938
10949.707912	74.873	174.7549
10950.074123	74.872	174.3975
10950.440334	74.869	174.0664
10950.806545	74.872	173.7383
10951.172756	74.874	173.3623
10951.538967	74.868	172.9824
10951.905178	74.861	172.6543
10952.271389	74.859	172.3457
10952.637600	74.860	172.0234
10953.003811	74.861	171.7051
10953.370022	74.866	171.4043
10953.736233	74.881	171.0674
10954.102444	74.895	170.6279
10954.468655	74.891	170.1689
10954.834866	74.882	169.8057
10955.201077	74.882	169.4639
10955.567288	74.881	169.0859
10955.933499	74.877	168.7520
10956.299710	74.881	168.4307
10956.665921	74.884	168.0498
10957.032132	74.880	167.6973
10957.398342	74.881	167.3936
10957.764553	74.889	167.0430
10958.130764	74.890	166.6504
10958.496975	74.884	166.2812
10958.863186	74.875	165.9668
10959.229397	74.872	165.7207
10959.595608	74.885	165.4697
10959.961819	74.903	165.1162
10960.328030	74.911	164.6963
10960.694241	74.911	164.3037
10961.060452	74.911	163.9346
10961.426663	74.910	163.5439
10961.792874	74.900	163.1895
10962.159085	74.898	162.9326
10962.525296	74.915	162.6094
10962.891507	74.919	162.1328
10963.257718	74.898	161.7773
10963.623929	74.901	161.5967
10963.990140	74.930	161.2412
10964.356351	74.932	160.7246
10964.722562	74.915	160.3633
10965.088773	74.915	160.0752
10965.454984	74.918	159.7314
10965.821195	74.921	159.4307
10966.187406	74.937	159.0742
10966.553617	74.939	158.6035
10966.919828	74.925	158.2461
10967.286039	74.927	157.9648
10967.652250	74.931	157.5908
10968.018461	74.926	157.2656
10968.384672	74.937	156.9756
10968.750882	74.949	156.5322
10969.117093	74.936	156.1260
10969.483304	74.934	155.8711
10969.849515	74.951	155.4990
10970.215726	74.945	155.0400
10970.581937	74.932	154.7451
10970.948148	74.944	154.4658
10971.314359	74.954	154.0400
10971.680570	74.947	153.6465
10972.046781	74.946	153.3301
10972.412992	74.950	152.9580
10972.779203	74.945	152.5977
10973.145414	74.947	152.3135
10973.511625	74.962	151.9590
10973.877836	74.964	151.5127
10974.244047	74.954	151.1465
10974.610258	74.954	150.8525
10974.976469	74.961	150.5039
10975.342680	74.963	150.1396
10975.708891	74.968	149.7920
10976.075102	74.974	149.3818
10976.441313	74.966	148.9668
10976.807524	74.956	148.6592
10977.173735	74.961	148.3701
10977.539946	74.969	148.0029
10977.906157	74.969	147.6270
10978.272368	74.969	147.2764
10978.638579	74.971	146.9229
10979.004790	74.973	146.5859
10979.371001	74.982	146.2383
10979.737211	74.989	145.8262
10980.103422	74.987	145.4180
10980.469633	74.986	145.0566
10980.835844	74.986	144.6826
10981.202055	74.983	144.3330
10981.568266	74.989	144.0283
10981.934477	75.001	143.6387
10982.300688	74.997	143.2168
10982.666899	74.992	142.9424
10983.033110	75.015	142.6504
10983.399321	75.031	142.1562
10983.765532	75.018	141.7188
10984.131743	75.016	141.4531
10984.497954	75.033	141.0791
10984.864165	75.027	140.6279
10985.230376	75.015	140.3457
10985.596587	75.028	140.0742
10985.962798	75.035	139.6719
10986.329009	75.029	139.3467
10986.695220	75.039	139.0801
10987.061431	75.052	138.6846
10987.427642	75.047	138.3115
10987.793853	75.053	138.0352
10988.160064	75.070	137.6367
10988.526275	75.064	137.1787
10988.892486	75.051	136.8760
10989.258697	75.058	136.5918
10989.624908	75.065	136.2100
10989.991119	75.064	135.8506
10990.357330	75.070	135.4971
10990.723541	75.069	135.0957
10991.089751	75.063	134.7686
10991.455962	75.074	134.4707
10991.822173	75.090	134.0381
10992.188384	75.086	133.5713
10992.554595	75.077	133.2080
10992.920806	75.079	132.8604
10993.287017	75.079	132.4932
10993.653228	75.083	132.1592
10994.019439	75.096	131.7705
10994.385650	75.097	131.3076
10994.751861	75.085	130.9326
10995.118072	75.086	130.6426
10995.484283	75.098	130.2812
10995.850494	75.099	129.8779
10996.216705	75.098	129.5391
10996.582916	75.106	129.2012
10996.949127	75.109	128.8125
10997.315338	75.107	128.4854
10997.681549	75.119	128.1973
10998.047760	75.137	127.7686
10998.413971	75.129	127.3105
10998.780182	75.119	127.0449
10999.146393	75.142	126.7549
10999.512604	75.155	126.2344
10999.878815	75.133	125.7793
11000.245026	75.119	125.5469
11000.611237	75.132	125.2832
11000.977448	75.146	124.8926
11001.343659	75.150	124.4531
11001.709870	75.139	124.0361
11002.076081	75.127	123.7559
11002.442291	75.140	123.5176
11002.808502	75.162	123.0967
11003.174713	75.159	122.6230
11003.540924	75.151	122.2861
11003.907135	75.159	121.9531
11004.273346	75.163	121.5654
11004.639557	75.164	121.2285
11005.005768	75.177	120.8936
11005.371979	75.191	120.4766
11005.738190	75.195	120.0225
11006.104401	75.189	119.6025
11006.470612	75.181	119.2627
11006.836823	75.183	118.9756
11007.203034	75.195	118.6475
11007.569245	75.204	118.2510
11007.935456	75.203	117.8584
11008.301667	75.201	117.5400
11008.667878	75.213	117.2393
11009.034089	75.231	116.8232
11009.400300	75.229	116.3330
11009.766511	75.210	115.9639
11010.132722	75.207	115.7041
11010.498933	75.216	115.3750
11010.865144	75.216	115.0039
11011.231355	75.217	114.7119
11011.597566	75.236	114.3799
11011.963777	75.249	113.9004
11012.329988	75.241	113.4434
11012.696199	75.235	113.0850
11013.062410	75.237	112.6934
11013.428620	75.230	112.2988
11013.794831	75.227	111.9805
11014.161042	75.235	111.6230
11014.527253	75.237	111.2070
11014.893464	75.233	110.8457
11015.259675	75.237	110.5039
11015.625886	75.243	110.1309
11015.992097	75.249	109.7617
11016.358308	75.259	109.3506
11016.724519	75.258	108.9014
11017.090730	75.249	108.5186
11017.456941	75.244	108.2041
11017.823152	75.248	107.9102
11018.189363	75.263	107.6064
11018.555574	75.285	107.1992
11018.921785	75.292	106.6953
11019.287996	75.281	106.2510
11019.654207	75.272	105.9150
11020.020418	75.274	105.5879
11020.386629	75.278	105.2275
11020.752840	75.278	104.8691
11021.119051	75.279	104.5420
11021.485262	75.288	104.2070
11021.851473	75.296	103.8076
11022.217684	75.293	103.4297
11022.583895	75.298	103.1240
11022.950106	75.315	102.7285
11023.316317	75.312	102.2354
11023.682528	75.292	101.9189
11024.048739	75.304	101.7266
11024.414950	75.336	101.2988
11024.781160	75.330	100.7393
11025.147371	75.307	100.4248
11025.513582	75.319	100.1982
11025.879793	75.340	99.7529
11026.246004	75.331	99.2725
11026.612215	75.318	98.9756
11026.978426	75.329	98.6943
11027.344637	75.343	98.2793
11027.710848	75.342	97.8438
11028.077059	75.339	97.4844
11028.443270	75.345	97.1172
11028.809481	75.347	96.6748
11029.175692	75.333	96.2900
11029.541903	75.329	96.0479
11029.908114	75.353	95.7422
11030.274325	75.371	95.2383
11030.640536	75.360	94.7617
11031.006747	75.352	94.4502
11031.372958	75.364	94.1084
11031.739169	75.371	93.6680
11032.105380	75.369	93.2695
11032.471591	75.373	92.8770
11032.837802	75.368	92.4639
11033.204013	75.361	92.1631
11033.570224	75.377	91.8770
11033.936435	75.393	91.4385
11034.302646	75.391	91.0225
11034.668857	75.398	90.6846
11035.035068	75.411	90.2246
11035.401279	75.399	89.7568
11035.767489	75.387	89.4629
11036.133700	75.397	89.1670
11036.499911	75.405	88.7734
11036.866122	75.404	88.4062
11037.232333	75.409	88.0693
11037.598544	75.416	87.7139
11037.964755	75.428	87.3408
11038.330966	75.439	86.8955
11038.697177	75.436	86.4053
11039.063388	75.419	86.0020
11039.429599	75.409	85.7061
11039.795810	75.414	85.4180
11040.162021	75.425	85.0674
11040.528232	75.434	84.6611
11040.894443	75.437	84.2412
11041.260654	75.436	83.8213
11041.626865	75.429	83.4160
11041.993076	75.419	83.0840
11042.359287	75.421	82.8125
11042.725498	75.438	82.4707
11043.091709	75.447	82.0254
11043.457920	75.442	81.6348
11043.824131	75.447	81.3232
11044.190342	75.464	80.9209
11044.556553	75.467	80.4463
11044.922764	75.461	80.0518
11045.288975	75.464	79.6777
11045.655186	75.464	79.2686
11046.021397	75.460	78.9014
11046.387608	75.462	78.5449
11046.753819	75.462	78.1729
11047.120029	75.463	77.8457
11047.486240	75.476	77.4893
11047.852451	75.484	77.0371
11048.218662	75.478	76.6123
11048.584873	75.472	76.2578
11048.951084	75.470	75.9150
11049.317295	75.472	75.5986
11049.683506	75.483	75.2705
11050.049717	75.495	74.8740
11050.415928	75.502	74.4688
11050.782139	75.510	74.0557
11051.148350	75.513	73.5889
11051.514561	75.503	73.1787
11051.880772	75.502	72.8447
11052.246983	75.508	72.4375
11052.613194	75.499	72.0430
11052.979405	75.501	71.7715
11053.345616	75.523	71.3857
11053.711827	75.523	70.8633
11054.078038	75.505	70.5205
11054.444249	75.517	70.2422
11054.810460	75.529	69.7725
11055.176671	75.513	69.3584
11055.542882	75.511	69.1143
11055.909093	75.528	68.7793
11056.275304	75.534	68.3789
11056.641515	75.542	68.0293
11057.007726	75.556	67.5996
11057.373937	75.552	67.1348
11057.740148	75.543	66.7930
11058.106358	75.550	66.4619
11058.472569	75.556	66.0449
11058.838780	75.550	65.6553
11059.204991	75.550	65.3350
11059.571202	75.562	64.9775
11059.937413	75.569	64.5254
11060.303624	75.562	64.0791
11060.669835	75.553	63.7168
11061.036046	75.551	63.3555
11061.402257	75.545	62.9883
11061.768468	75.544	62.6875
11062.134679	75.558	62.3486
11062.500890	75.569	61.8818
11062.867101	75.561	61.4307
11063.233312	75.553	61.0781
11063.599523	75.559	60.7314
11063.965734	75.566	60.3076
11064.331945	75.561	59.8662
11064.698156	75.551	59.5312
11065.064367	75.562	59.2314
11065.430578	75.578	58.7969
11065.796789	75.574	58.3438
11066.163000	75.573	58.0020
11066.529211	75.586	57.6133
11066.895422	75.588	57.1436
11067.261633	75.578	56.7539
11067.627844	75.577	56.4463
11067.994055	75.589	56.1357
11068.360266	75.611	55.7324
11068.726477	75.618	55.1885
11069.092688	75.595	54.7295
11069.458898	75.581	54.4980
11069.825109	75.598	54.2266
11070.191320	75.611	53.7959
11070.557531	75.607	53.3945
11070.923742	75.607	53.0527
11071.289953	75.612	52.6992
11071.656164	75.617	52.3369
11072.022375	75.622	51.9385
11072.388586	75.618	51.5654
11072.754797	75.624	51.2812
11073.121008	75.651	50.8906
11073.487219	75.661	50.3047
11073.853430	75.637	49.7949
11074.219641	75.616	49.4990
11074.585852	75.621	49.2158
11074.952063	75.629	48.8105
11075.318274	75.622	48.4023
11075.684485	75.615	48.0967
11076.050696	75.625	47.8086
11076.416907	75.644	47.4170
11076.783118	75.653	46.9395
11077.149329	75.648	46.4795
11077.515540	75.639	46.1016
11077.881751	75.640	45.7754
11078.247962	75.650	45.4189
11078.614173	75.661	44.9951
11078.980384	75.664	44.5195
11079.346595	75.652	44.0703
11079.712806	75.636	43.7422
11080.079017	75.638	43.4824
11080.445228	75.652	43.1484
11080.811438	75.663	42.7471
11081.177649	75.669	42.3369
11081.543860	75.672	41.9092
11081.910071	75.668	41.5020
11082.276282	75.667	41.1348
11082.642493	75.668	40.7520
11083.008704	75.668	40.3691
11083.374915	75.672	39.9795
11083.741126	75.669	39.5283
11084.107337	75.649	39.1504
11084.473548	75.643	38.9297
11084.839759	75.664	38.6152
11085.205970	75.672	38.1338
11085.572181	75.660	37.7402
11085.938392	75.664	37.4307
11086.304603	75.674	37.0166
11086.670814	75.669	36.5947
11087.037025	75.669	36.2500
11087.403236	75.677	35.8564
11087.769447	75.677	35.4355
11088.135658	75.678	35.0654
11088.501869	75.687	34.6562
11088.868080	75.687	34.2061
11089.234291	75.684	33.8047
11089.600502	75.686	33.3945
11089.966713	75.680	32.9756
11090.332924	75.674	32.6514
11090.699135	75.685	32.3311
11091.065346	75.698	31.8906
11091.431557	75.693	31.4521
11091.797767	75.690	31.1152
11092.163978	75.699	30.7734
11092.530189	75.708	30.3750
11092.896400	75.714	29.9775
11093.262611	75.721	29.5449
11093.628822	75.714	29.0781
11093.995033	75.695	28.7490
11094.361244	75.698	28.5576
11094.727455	75.729	28.2393
11095.093666	75.748	27.7275
11095.459877	75.743	27.2217
11095.826088	75.730	26.8008
11096.192299	75.718	26.4521
11096.558510	75.717	26.1523
11096.924721	75.726	25.7676
11097.290932	75.718	25.3252
11097.657143	75.703	25.0361
11098.023354	75.715	24.7881
11098.389565	75.732	24.3740
11098.755776	75.731	23.9580
11099.121987	75.741	23.6123
11099.488198	75.760	23.1123
11099.854409	75.747	22.5254
11100.220620	75.714	22.1523
11100.586831	75.708	21.9482
11100.953042	75.729	21.6299
11101.319253	75.742	21.1367
11101.685464	75.731	20.6797
11102.051675	75.727	20.3467
11102.417886	75.737	19.9580
11102.784097	75.735	19.4834
11103.150307	75.720	19.1279
11103.516518	75.727	18.8516
11103.882729	75.745	18.4346
11104.248940	75.743	17.9453
11104.615151	75.731	17.5732
11104.981362	75.732	17.2598
11105.347573	75.740	16.8867
11105.713784	75.742	16.4932
11106.079995	75.744	16.1426
11106.446206	75.757	15.7783
11106.812417	75.769	15.3125
11107.178628	75.762	14.7969
11107.544839	75.739	14.4062
11107.911050	75.728	14.1758
11108.277261	75.744	13.9150
11108.643472	75.763	13.5049
11109.009683	75.769	13.0488
11109.375894	75.768	12.6143
11109.742105	75.761	12.1973
11110.108316	75.753	11.8545
11110.474527	75.760	11.5420
11110.840738	75.773	11.1357
11111.206949	75.774	10.6797
11111.573160	75.769	10.2725
11111.939371	75.767	9.8984
11112.305582	75.768	9.5176
11112.671793	75.770	9.1133
11113.038004	75.766	8.6865
11113.404215	75.753	8.3076
11113.770426	75.743	8.0332
11114.136636	75.754	7.7939
11114.502847	75.781	7.4111
11114.869058	75.787	6.8789
11115.235269	75.768	6.4727
11115.601480	75.768	6.2451
11115.967691	75.797	5.8701
11116.333902	75.802	5.3115
11116.700113	75.781	4.8750
11117.066324	75.771	4.5967
11117.432535	75.781	4.3115
11117.798746	75.801	3.9287
11118.164957	75.814	3.3994
11118.531168	75.795	2.8662
11118.897379	75.767	2.5625
11119.263590	75.772	2.3779
11119.629801	75.800	2.0078
11119.996012	75.808	1.4707
11120.362223	75.793	1.0205
11120.728434	75.785	0.6895
11121.094645	75.786	0.3301
11121.460856	75.784	-0.0332
11121.827067	75.788	-0.3574
11122.193278	75.798	-0.7529
11122.559489	75.797	-1.1680
11122.925700	75.799	-1.4932
11123.291911	75.818	-1.9092
11123.658122	75.816	-2.4434
11124.024333	75.797	-2.8369
11124.390544	75.796	-3.1455
11124.756755	75.799	-3.5449
11125.122966	75.792	-3.9082
11125.489176	75.796	-4.2324
11125.855387	75.802	-4.6357
11126.221598	75.797	-5.0020
11126.587809	75.806	-5.3154
11126.954020	75.822	-5.7480
11127.320231	75.821	-6.2324
11127.686442	75.813	-6.6299
11128.052653	75.813	-7.0029
11128.418864	75.814	-7.3965
11128.785075	75.816	-7.8027
11129.151286	75.814	-8.2412
11129.517497	75.802	-8.6338
11129.883708	75.798	-8.9365
11130.249919	75.808	-9.2754
11130.616130	75.816	-9.6992
11130.982341	75.816	-10.1279
11131.348552	75.811	-10.5332
11131.714763	75.804	-10.9023
11132.080974	75.802	-11.2158
11132.447185	75.811	-11.5498
11132.813396	75.820	-11.9600
11133.179607	75.820	-12.3838
11133.545818	75.815	-12.7676
11133.912029	75.812	-13.1035
11134.278240	75.821	-13.4277
11134.644451	75.837	-13.8564
11135.010662	75.833	-14.3770
11135.376873	75.810	-14.7705
11135.743084	75.804	-15.0283
11136.109295	75.813	-15.3770
11136.475506	75.809	-15.7676
11136.841716	75.810	-16.0430
11137.207927	75.836	-16.3975
11137.574138	75.848	-16.9639
11137.940349	75.828	-17.4736
11138.306560	75.811	-17.8076
11138.672771	75.810	-18.1484
11139.038982	75.805	-18.5156
11139.405193	75.804	-18.8291
11139.771404	75.815	-19.1738
11140.137615	75.822	-19.5977
11140.503826	75.821	-20.0059
11140.870037	75.823	-20.3740
11141.236248	75.831	-20.7783
11141.602459	75.833	-21.2402
11141.968670	75.823	-21.6709
11142.334881	75.812	-21.9980
11142.701092	75.818	-22.2949
11143.067303	75.831	-22.6787
11143.433514	75.834	-23.1123
11143.799725	75.833	-23.4873
11144.165936	75.842	-23.8623
11144.532147	75.849	-24.3369
11144.898358	75.837	-24.7900
11145.264569	75.827	-25.0967
11145.630780	75.840	-25.4229
11145.996991	75.849	-25.9033
11146.363202	75.836	-26.3516
11146.729413	75.828	-26.6729
11147.095624	75.834	-27.0244
11147.461835	75.834	-27.4199
11147.828045	75.835	-27.7783
11148.194256	75.841	-28.1768
11148.560467	75.835	-28.5908
11148.926678	75.830	-28.9072
11149.292889	75.841	-29.2354
11149.659100	75.850	-29.6670
11150.025311	75.847	-30.0703
11150.391522	75.850	-30.4385
11150.757733	75.852	-30.8604
11151.123944	75.845	-31.2500
11151.490155	75.844	-31.5684
11151.856366	75.854	-31.9355
11152.222577	75.860	-32.3633
11152.588788	75.859	-32.7949
11152.954999	75.852	-33.2168
11153.321210	75.841	-33.5723
11153.687421	75.840	-33.8789
11154.053632	75.848	-34.2451
11154.419843	75.850	-34.6328
11154.786054	75.857	-35.0078
11155.152265	75.865	-35.4736
11155.518476	75.851	-35.9482
11155.884687	75.835	-36.2432
11156.250898	75.849	-36.5078
11156.617109	75.871	-36.9854
11156.983320	75.859	-37.5352
11157.349531	75.830	-37.8574
11157.715742	75.834	-38.0195
11158.081953	75.869	-38.3730
11158.448164	75.881	-38.9482
11158.814375	75.861	-39.3955
11159.180585	75.856	-39.6807
11159.546796	75.867	-40.0566
11159.913007	75.863	-40.4648
11160.279218	75.863	-40.7744
11160.645429	75.877	-41.1338
11161.011640	75.883	-41.5811
11161.377851	75.881	-41.9980
11161.744062	75.878	-42.3955
11162.110273	75.873	-42.7646
11162.476484	75.877	-43.1143
11162.842695	75.882	-43.5615
11163.208906	75.864	-43.9932
11163.575117	75.852	-44.2344
11163.941328	75.875	-44.5156
11164.307539	75.891	-45.0371
11164.673750	75.874	-45.5264
11165.039961	75.863	-45.8203
11165.406172	75.877	-46.1768
11165.772383	75.878	-46.6777
11166.138594	75.859	-47.0771
11166.504805	75.855	-47.3477
11166.871016	75.867	-47.6826
11167.237227	75.875	-48.0928
11167.603438	75.878	-48.5000
11167.969649	75.879	-48.9082
11168.335860	75.876	-49.2910
11168.702071	75.878	-49.6494
11169.068282	75.879	-50.0215
11169.434493	75.880	-50.3506
11169.800704	75.897	-50.6865
11170.166914	75.912	-51.1709
11170.533125	75.901	-51.6650
11170.899336	75.886	-51.9990
11171.265547	75.887	-52.3047
11171.631758	75.890	-52.6514
11171.997969	75.898	-52.9824
11172.364180	75.914	-53.4092
11172.730391	75.910	-53.9375
11173.096602	75.886	-54.3203
11173.462813	75.882	-54.5693
11173.829024	75.895	-54.9434
11174.195235	75.890	-55.3848
11174.561446	75.881	-55.7002
11174.927657	75.894	-56.0264
11175.293868	75.900	-56.4980
11175.660079	75.885	-56.8994
11176.026290	75.886	-57.1611
11176.392501	75.909	-57.5518
11176.758712	75.911	-58.0967
11177.124923	75.888	-58.5010
11177.491134	75.884	-58.7412
11177.857345	75.905	-59.0820
11178.223556	75.913	-59.5576
11178.589767	75.906	-59.9707
11178.955978	75.908	-60.3125
11179.322189	75.918	-60.7344
11179.688400	75.912	-61.1963
11180.054611	75.899	-61.5615
11180.420822	75.896	-61.8555
11180.787033	75.906	-62.1895
11181.153244	75.917	-62.6055
11181.519454	75.914	-63.0664
11181.885665	75.900	-63.4502
11182.251876	75.897	-63.7227
11182.618087	75.914	-64.0605
11182.984298	75.924	-64.5527
11183.350509	75.910	-65.0225
11183.716720	75.895	-65.3438
11184.082931	75.900	-65.6289
11184.449142	75.914	-66.0088
11184.815353	75.919	-66.4678
11185.181564	75.912	-66.9053
11185.547775	75.902	-67.2539
11185.913986	75.906	-67.5459
11186.280197	75.925	-67.9111
11186.646408	75.938	-68.4209
11187.012619	75.927	-68.9287
11187.378830	75.910	-69.2764
11187.745041	75.913	-69.5811
11188.111252	75.920	-69.9951
11188.477463	75.912	-70.4053
11188.843674	75.908	-70.7041
11189.209885	75.922	-71.0449
11189.576096	75.927	-71.5020
11189.942307	75.916	-71.8906
11190.308518	75.920	-72.1836
11190.674729	75.939	-72.6104
11191.040940	75.931	-73.1455
11191.407151	75.904	-73.5010
11191.773362	75.902	-73.6982
11192.139573	75.926	-74.0322
11192.505783	75.936	-74.5303
11192.871994	75.924	-74.9580
11193.238205	75.923	-75.2793
11193.604416	75.934	-75.6807
11193.970627	75.931	-76.1641
11194.336838	75.914	-76.5264
11194.703049	75.916	-76.7812
11195.069260	75.937	-77.1562
11195.435471	75.943	-77.6426
11195.801682	75.936	-78.0615
11196.167893	75.938	-78.4424
11196.534104	75.937	-78.8750
11196.900315	75.927	-79.2627
11197.266526	75.925	-79.5664
11197.632737	75.936	-79.9258
11197.998948	75.940	-80.3701
11198.365159	75.931	-80.7676
11198.731370	75.929	-81.0957
11199.097581	75.933	-81.4609
11199.463792	75.930	-81.8516
11199.830003	75.924	-82.1543
11200.196214	75.936	-82.4287
11200.562425	75.957	-82.8398
11200.928636	75.960	-83.3301
11201.294847	75.952	-83.7246
11201.661058	75.957	-84.0869
11202.027269	75.961	-84.5479
11202.393480	75.946	-84.9834
11202.759691	75.933	-85.2734
11203.125902	75.944	-85.5537
11203.492113	75.961	-85.9707
11203.858323	75.962	-86.4570
11204.224534	75.950	-86.8584
11204.590745	75.951	-87.1836
11204.956956	75.962	-87.5928
11205.323167	75.957	-88.0635
11205.689378	75.945	-88.4238
11206.055589	75.950	-88.7393
11206.421800	75.961	-89.1641
11206.788011	75.957	-89.6162
11207.154222	75.947	-89.9912
11207.520433	75.945	-90.3145
11207.886644	75.954	-90.6562
11208.252855	75.963	-91.0752
11208.619066	75.961	-91.4932
11208.985277	75.965	-91.8594
11209.351488	75.974	-92.3164
11209.717699	75.959	-92.7920
11210.083910	75.944	-93.0840
11210.450121	75.956	-93.3867
11210.816332	75.960	-93.8398
11211.182543	75.947	-94.1885
11211.548754	75.955	-94.4521
11211.914965	75.974	-94.8672
11212.281176	75.975	-95.3320
11212.647387	75.972	-95.7246
11213.013598	75.972	-96.1182
11213.379809	75.972	-96.5146
11213.746020	75.973	-96.9229
11214.112231	75.966	-97.3467
11214.478442	75.956	-97.6934
11214.844653	75.957	-98.0088
11215.210863	75.962	-98.3799
11215.577074	75.965	-98.7480
11215.943285	75.974	-99.1367
11216.309496	75.977	-99.5918
11216.675707	75.968	-100.0039
11217.041918	75.965	-100.3623
11217.408129	75.965	-100.7334
11217.774340	75.965	-101.0684
11218.140551	75.979	-101.4170
11218.506762	75.992	-101.8877
11218.872973	75.986	-102.3594
11219.239184	75.981	-102.7334
11219.605395	75.986	-103.1367
11219.971606	75.979	-103.5811
11220.337817	75.965	-103.9102
11220.704028	75.971	-104.1689
11221.070239	75.990	-104.5234
11221.436450	76.002	-104.9668
11221.802661	76.005	-105.4189
11222.168872	76.002	-105.8633
11222.535083	75.992	-106.2461
11222.901294	75.989	-106.5654
11223.267505	75.996	-106.9287
11223.633716	75.995	-107.3262
11223.999927	75.993	-107.6650
11224.366138	76.001	-108.0156
11224.732349	76.006	-108.4355
11225.098560	76.002	-108.8252
11225.464771	76.003	-109.1807
11225.830982	76.006	-109.5869
11226.197192	75.998	-109.9785
11226.563403	75.995	-110.2812
11226.929614	76.008	-110.5977
11227.295825	76.024	-111.0371
11227.662036	76.023	-111.5420
11228.028247	76.007	-111.9512
11228.394458	76.002	-112.2393
11228.760669	76.016	-112.5713
11229.126880	76.027	-113.0107
11229.493091	76.027	-113.4482
11229.859302	76.028	-113.8516
11230.225513	76.031	-114.2754
11230.591724	76.028	-114.7041
11230.957935	76.024	-115.1172
11231.324146	76.016	-115.5215
11231.690357	76.005	-115.8789
11232.056568	75.999	-116.1553
11232.422779	76.011	-116.4268
11232.788990	76.034	-116.8350
11233.155201	76.036	-117.3633
11233.521412	76.015	-117.7715
11233.887623	76.011	-118.0195
11234.253834	76.030	-118.3848
11234.620045	76.030	-118.8926
11234.986256	76.011	-119.2568
11235.352467	76.014	-119.5166
11235.718678	76.031	-119.9248
11236.084889	76.029	-120.4043
11236.451100	76.018	-120.7900
11236.817311	76.017	-121.1367
11237.183522	76.021	-121.5127
11237.549732	76.026	-121.9297
11237.915943	76.022	-122.3750
11238.282154	76.012	-122.7510
11238.648365	76.013	-123.0684
11239.014576	76.023	-123.4639
11239.380787	76.022	-123.9004
11239.746998	76.019	-124.2764
11240.113209	76.022	-124.6582
11240.479420	76.021	-125.0596
11240.845631	76.020	-125.4141
11241.211842	76.028	-125.7656
11241.578053	76.037	-126.1738
11241.944264	76.042	-126.6152
11242.310475	76.040	-127.0645
11242.676686	76.031	-127.4668
11243.042897	76.027	-127.8164
11243.409108	76.027	-128.1875
11243.775319	76.024	-128.5547
11244.141530	76.027	-128.8945
11244.507741	76.033	-129.3018
11244.873952	76.025	-129.7188
11245.240163	76.019	-130.0215
11245.606374	76.031	-130.3486
11245.972585	76.038	-130.7910
11246.338796	76.032	-131.1885
11246.705007	76.033	-131.5273
11247.071218	76.039	-131.9102
11247.437429	76.041	-132.2910
11247.803640	76.049	-132.6797
11248.169851	76.051	-133.1309
11248.536061	76.042	-133.5166
11248.902272	76.047	-133.8115
11249.268483	76.069	-134.2334
11249.634694	76.069	-134.7734
11250.000905	76.052	-135.1807
11250.367116	76.054	-135.5010
11250.733327	76.063	-135.9424
11251.099538	76.051	-136.4053
11251.465749	76.036	-136.7217
11251.831960	76.041	-137.0088
11252.198171	76.051	-137.3867
11252.564382	76.054	-137.7871
11252.930593	76.057	-138.1689
11253.296804	76.064	-138.5732
11253.663015	76.067	-139.0264
11254.029226	76.057	-139.4902
11254.395437	76.038	-139.8398
11254.761648	76.038	-140.0781
11255.127859	76.061	-140.4365
11255.494070	76.066	-140.9551
11255.860281	76.048	-141.3711
11256.226492	76.045	-141.6406
11256.592703	76.063	-141.9961
11256.958914	76.071	-142.4688
11257.325125	76.065	-142.9092
11257.691336	76.059	-143.2793
11258.057547	76.063	-143.6250
11258.423758	76.074	-144.0127
11258.789969	76.082	-144.4834
11259.156180	76.077	-144.9658
11259.522391	76.063	-145.3770
11259.888601	76.053	-145.7129
11260.254812	76.054	-146.0010
11260.621023	76.069	-146.3340
11260.987234	76.084	-146.7910
11261.353445	76.080	-147.2637
11261.719656	76.074	-147.6357
11262.085867	76.080	-148.0049
11262.452078	76.084	-148.4580
11262.818289	76.072	-148.8994
11263.184500	76.059	-149.2295
11263.550711	76.063	-149.5166
11263.916922	76.075	-149.8926
11264.283133	76.077	-150.3242
11264.649344	76.075	-150.7129
11265.015555	76.076	-151.1025
11265.381766	76.072	-151.4990
11265.747977	76.071	-151.8340
11266.114188	76.082	-152.2236
11266.480399	76.079	-152.6943
11266.846610	76.064	-153.0273
11267.212821	76.077	-153.3037
11267.579032	76.095	-153.7793
11267.945243	76.085	-154.2793
11268.311454	76.073	-154.6133
11268.677665	76.081	-154.9707
11269.043876	76.080	-155.4072
11269.410087	76.073	-155.7656
11269.776298	76.079	-156.1006
11270.142509	76.086	-156.5010
11270.508720	76.087	-156.8828
11270.874931	76.097	-157.2500
11271.241141	76.109	-157.7031
11271.607352	76.107	-158.1865
11271.973563	76.098	-158.5928
11272.339774	76.095	-158.9619
11272.705985	76.095	-159.3398
11273.072196	76.097	-159.7129
11273.438407	76.103	-160.1299
11273.804618	76.097	-160.5820
11274.170829	76.082	-160.9385
11274.537040	76.082	-161.2227
11274.903251	76.094	-161.5928
11275.269462	76.095	-162.0264
11275.635673	76.088	-162.4092
11276.001884	76.086	-162.7578
11276.368095	76.087	-163.1172
11276.734306	76.087	-163.4619
11277.100517	76.095	-163.7939
11277.466728	76.111	-164.2031
11277.832939	76.116	-164.7070
11278.199150	76.103	-165.1523
11278.565361	76.095	-165.4756
11278.931572	76.105	-165.8262
11279.297783	76.114	-166.2656
11279.663994	76.116	-166.7305
11280.030205	76.110	-167.2129
11280.396416	76.092	-167.6436
11280.762627	76.078	-167.9600
11281.128838	76.078	-168.2607
11281.495049	76.082	-168.5957
11281.861260	76.092	-168.9531
11282.227470	76.101	-169.3877
11282.593681	76.096	-169.8252
11282.959892	76.091	-170.1631
11283.326103	76.100	-170.5312
11283.692314	76.102	-170.9668
11284.058525	76.097	-171.3369
11284.424736	76.102	-171.6865
11284.790947	76.108	-172.0986
11285.157158	76.108	-172.4971
11285.523369	76.112	-172.8887
11285.889580	76.115	-173.3203
11286.255791	76.112	-173.7217
11286.622002	76.118	-174.1260
11286.988213	76.117	-174.6113
11287.354424	76.098	-175.0283
11287.720635	76.093	-175.3086
11288.086846	76.109	-175.6797
11288.453057	76.111	-176.1855
11288.819268	76.097	-176.6182
11289.185479	76.090	-176.9902
11289.551690	76.080	-177.3760
11289.917901	76.071	-177.6738
11290.284112	76.082	-177.9600
11290.650323	76.096	-178.3955
11291.016534	76.090	-178.8486
11291.382745	76.083	-179.1963
11291.748956	76.086	-179.5283
11292.115167	76.094	-179.8838
11292.481378	76.107	179.7041
11292.847589	76.109	179.2051
11293.213800	76.092	178.7852
11293.580010	76.087	178.5117
11293.946221	76.105	178.1660
11294.312432	76.115	177.6738
11294.678643	76.105	177.2139
11295.044854	76.098	176.8447
11295.411065	76.099	176.4805
11295.777276	76.103	176.0811
11296.143487	76.103	175.6504
11296.509698	76.097	175.2314
11296.875909	76.090	174.8799
11297.242120	76.097	174.5400
11297.608331	76.109	174.0908
11297.974542	76.101	173.5928
11298.340753	76.082	173.2285
11298.706964	76.082	172.9619
11299.073175	76.098	172.5889
11299.439386	76.099	172.1250
11299.805597	76.091	171.7568
11300.171808	76.099	171.4238
11300.538019	76.109	170.9648
11300.904230	76.096	170.5215
11301.270441	76.088	170.2549
11301.636652	76.112	169.9316
11302.002863	76.125	169.3730
11302.369074	76.100	168.8955
11302.735285	76.087	168.6855
11303.101496	76.117	168.3711
11303.467707	76.130	167.7725
11303.833918	76.101	167.2715
11304.200129	76.083	167.0146
11304.566339	76.093	166.7012
11304.932550	76.094	166.2656
11305.298761	76.084	165.8965
11305.664972	76.084	165.5752
11306.031183	76.089	165.2109
11306.397394	76.092	164.8369
11306.763605	76.099	164.4609
11307.129816	76.109	164.0371
11307.496027	76.113	163.5479
11307.862238	76.099	163.0762
11308.228449	76.083	162.7441
11308.594660	76.090	162.4473
11308.960871	76.101	162.0117
11309.327082	76.093	161.5664
11309.693293	76.089	161.2422
11310.059504	76.102	160.8682
11310.425715	76.105	160.3906
11310.791926	76.096	159.9766
11311.158137	76.095	159.6270
11311.524348	76.101	159.2158
11311.890559	76.098	158.7686
11312.256770	76.089	158.3750
11312.622981	76.083	158.0254
11312.989192	76.083	157.6797
11313.355403	76.087	157.3340
11313.721614	76.099	156.9482
11314.087825	76.104	156.4785
11314.454036	76.094	156.0312
11314.820247	76.087	155.6973
11315.186458	76.097	155.3408
11315.552669	76.104	154.8613
11315.918879	76.092	154.3799
11316.285090	76.074	154.0283
11316.651301	76.075	153.7549
11317.017512	76.093	153.3623
11317.383723	76.093	152.8223
11317.749934	76.067	152.4170
11318.116145	76.063	152.1963
11318.482356	76.087	151.8223
11318.848567	76.086	151.2822
11319.214778	76.064	150.9092
11319.580989	76.067	150.6377
11319.947200	76.079	150.2168
11320.313411	76.068	149.7949
11320.679622	76.066	149.5293
11321.045833	76.090	149.1826
11321.412044	76.099	148.6465
11321.778255	76.082	148.2119
11322.144466	76.082	147.9258
11322.510677	76.100	147.5117
11322.876888	76.097	146.9990
11323.243099	76.083	146.6016
11323.609310	76.080	146.2402
11323.975521	76.075	145.8564
11324.341732	76.072	145.5312
11324.707943	76.082	145.1543
11325.074154	76.079	144.6982
11325.440365	76.067	144.3574
11325.806576	76.076	144.0469
11326.172787	76.086	143.5850
11326.538998	76.076	143.1338
11326.905208	76.070	142.7744
11327.271419	76.070	142.3623
11327.637630	76.058	141.9639
11328.003841	76.055	141.6709
11328.370052	76.072	141.2871
11328.736263	76.072	140.7539
11329.102474	76.048	140.3242
11329.468685	76.037	140.0654
11329.834896	76.051	139.7588
11330.201107	76.065	139.3018
11330.567318	76.060	138.8125
11330.933529	76.049	138.4072
11331.299740	76.046	138.0527
11331.665951	76.049	137.6621
11332.032162	76.048	137.2383
11332.398373	76.044	136.8486
11332.764584	76.046	136.4727
11333.130795	76.050	136.0449
11333.497006	76.043	135.6152
11333.863217	76.036	135.2588
11334.229428	76.040	134.9150
11334.595639	76.046	134.5107
11334.961850	76.046	134.0898
11335.328061	76.046	133.6914
11335.694272	76.047	133.2715
11336.060483	76.040	132.8467
11336.426694	76.030	132.4863
11336.792905	76.029	132.1689
11337.159116	76.038	131.8125
11337.525327	76.046	131.3701
11337.891538	76.039	130.9023
11338.257748	76.023	130.5332
11338.623959	76.020	130.2490
11338.990170	76.032	129.8984
11339.356381	76.039	129.4580
11339.722592	76.035	129.0273
11340.088803	76.030	128.6455
11340.455014	76.030	128.2910
11340.821225	76.038	127.9004
11341.187436	76.040	127.4414
11341.553647	76.030	127.0107
11341.919858	76.024	126.6611
11342.286069	76.027	126.2822
11342.652280	76.024	125.8740
11343.018491	76.021	125.5303
11343.384702	76.033	125.1592
11343.750913	76.039	124.6660
11344.117124	76.025	124.1895
11344.483335	76.008	123.8418
11344.849546	76.006	123.5234
11345.215757	76.008	123.1445
11345.581968	76.003	122.7666
11345.948179	76.003	122.4238
11346.314390	76.009	122.0439
11346.680601	76.009	121.6016
11347.046812	75.998	121.1953
11347.413023	75.991	120.8672
11347.779234	75.996	120.5176
11348.145445	75.996	120.1113
11348.511656	75.991	119.7510
11348.877867	75.999	119.4199
11349.244078	76.012	118.9668
11349.610288	76.004	118.4521
11349.976499	75.983	118.0947
11350.342710	75.986	117.8262
11350.708921	76.002	117.4141
11351.075132	75.997	116.9287
11351.441343	75.985	116.5801
11351.807554	75.995	116.2500
11352.173765	76.004	115.7422
11352.539976	75.980	115.2676
11352.906187	75.961	115.0400
11353.272398	75.981	114.7861
11353.638609	75.997	114.2832
11354.004820	75.979	113.8184
11354.371031	75.969	113.5557
11354.737242	75.987	113.2129
11355.103453	75.992	112.6943
11355.469664	75.970	112.2578
11355.835875	75.957	111.9873
11356.202086	75.966	111.6914
11356.568297	75.976	111.2666
11356.934508	75.971	110.8311
11357.300719	75.967	110.4639
11357.666930	75.973	110.0547
11358.033141	75.967	109.5713
11358.399352	75.947	109.1836
11358.765563	75.941	108.9023
11359.131774	75.951	108.5439
11359.497985	75.952	108.0986
11359.864196	75.945	107.6963
11360.230407	75.943	107.3389
11360.596617	75.947	106.9580
11360.962828	75.951	106.5312
11361.329039	75.946	106.0703
11361.695250	75.931	105.6748
11362.061461	75.925	105.3857
11362.427672	75.937	105.0342
11362.793883	75.938	104.5703
11363.160094	75.925	104.2031
11363.526305	75.929	103.9121
11363.892516	75.940	103.4961
11364.258727	75.933	103.0664
11364.624938	75.930	102.7510
11364.991149	75.942	102.3545
11365.357360	75.937	101.8857
11365.723571	75.926	101.5508
11366.089782	75.938	101.1875
11366.455993	75.936	100.6719
11366.822204	75.912	100.2725
11367.188415	75.907	99.9990
11367.554626	75.914	99.5947
11367.920837	75.900	99.1807
11368.287048	75.894	98.8994
11368.653259	75.907	98.5332
11369.019470	75.904	98.0654
11369.385681	75.892	97.7236
11369.751892	75.903	97.4023
11370.118103	75.913	96.9102
11370.484314	75.898	96.4268
11370.850525	75.884	96.1006
11371.216736	75.890	95.7646
11371.582947	75.894	95.3271
11371.949157	75.886	94.9072
11372.315368	75.879	94.5518
11372.681579	75.880	94.2070
11373.047790	75.888	93.8350
11373.414001	75.897	93.3877
11373.780212	75.890	92.8877
11374.146423	75.868	92.4922
11374.512634	75.859	92.2314
11374.878845	75.871	91.9268
11375.245056	75.883	91.5088
11375.611267	75.886	91.0762
11375.977478	75.887	90.6221
11376.343689	75.874	90.1504
11376.709900	75.852	89.8291
11377.076111	75.858	89.6094
11377.442322	75.884	89.1855
11377.808533	75.878	88.6289
11378.174744	75.854	88.2764
11378.540955	75.859	88.0049
11378.907166	75.870	87.5557
11379.273377	75.855	87.1113
11379.639588	75.846	86.8145
11380.005799	75.853	86.4668
11380.372010	75.850	86.0674
11380.738221	75.847	85.7529
11381.104432	75.860	85.3994
11381.470643	75.866	84.9170
11381.836854	75.850	84.4805
11382.203065	75.839	84.1797
11382.569276	75.848	83.8721
11382.935486	75.860	83.4219
11383.301697	75.849	82.9209
11383.667908	75.827	82.5674
11384.034119	75.826	82.3066
11384.400330	75.839	81.9141
11384.766541	75.835	81.4287
11385.132752	75.818	81.0371
11385.498963	75.813	80.7129
11385.865174	75.816	80.3369
11386.231385	75.813	79.9111
11386.597596	75.803	79.5137
11386.963807	75.797	79.1797
11387.330018	75.801	78.8262
11387.696229	75.803	78.3994
11388.062440	75.795	78.0010
11388.428651	75.793	77.6641
11388.794862	75.799	77.2930
11389.161073	75.803	76.8750
11389.527284	75.801	76.4551
11389.893495	75.796	76.0449
11390.259706	75.789	75.6729
11390.625917	75.787	75.3213
11390.992128	75.787	74.9453
11391.358339	75.782	74.5830
11391.724550	75.782	74.2490
11392.090761	75.786	73.8906
11392.456972	75.788	73.5049
11392.823183	75.789	73.1045
11393.189394	75.783	72.6895
11393.555605	75.771	72.3281
11393.921816	75.769	72.0361
11394.288026	75.779	71.6729
11394.654237	75.777	71.2197
11395.020448	75.764	70.8457
11395.386659	75.765	70.5244
11395.752870	75.768	70.0967
11396.119081	75.754	69.7041
11396.485292	75.754	69.4424
11396.851503	75.776	69.0215
11397.217714	75.766	68.4502
11397.583925	75.734	68.1260
11397.950136	75.741	67.9365
11398.316347	75.765	67.5068
11398.682558	75.758	67.0039
11399.048769	75.746	66.6611
11399.414980	75.752	66.3203
11399.781191	75.757	65.9043
11400.147402	75.755	65.4971
11400.513613	75.753	65.1045
11400.879824	75.751	64.7227
11401.246035	75.750	64.3506
11401.612246	75.749	63.9658
11401.978457	75.747	63.5889
11402.344668	75.749	63.2021
11402.710879	75.746	62.7744
11403.077090	75.733	62.3809
11403.443301	75.724	62.0518
11403.809512	75.723	61.7090
11404.175723	75.719	61.3398
11404.541934	75.715	60.9873
11404.908145	75.715	60.6357
11405.274356	75.716	60.2559
11405.640566	75.714	59.8643
11406.006777	75.711	59.4873
11406.372988	75.712	59.1006
11406.739199	75.710	58.6660
11407.105410	75.698	58.2607
11407.471621	75.691	57.9561
11407.837832	75.702	57.6113
11408.204043	75.706	57.1514
11408.570254	75.697	56.7666
11408.936465	75.707	56.4268
11409.302676	75.719	55.8936
11409.668887	75.691	55.3789
11410.035098	75.668	55.1641
11410.401309	75.689	54.9131
11410.767520	75.702	54.4033
11411.133731	75.683	54.0049
11411.499942	75.690	53.7510
11411.866153	75.712	53.2764
11412.232364	75.694	52.7275
11412.598575	75.665	52.4541
11412.964786	75.675	52.2559
11413.330997	75.696	51.8389
11413.697208	75.690	51.3496
11414.063419	75.673	51.0059
11414.429630	75.674	50.7129
11414.795841	75.680	50.3330
11415.162052	75.675	49.9551
11415.528263	75.677	49.6260
11415.894474	75.684	49.2168
11416.260685	75.674	48.7861
11416.626895	75.667	48.4717
11416.993106	75.676	48.1016
11417.359317	75.669	47.6270
11417.725528	75.647	47.3203
11418.091739	75.657	47.0967
11418.457950	75.679	46.6582
11418.824161	75.674	46.1602
11419.190372	75.666	45.7744
11419.556583	75.665	45.3447
11419.922794	75.646	44.9307
11420.289005	75.636	44.6670
11420.655216	75.649	44.3311
11421.021427	75.649	43.8594
11421.387638	75.631	43.5049
11421.753849	75.633	43.2422
11422.120060	75.647	42.8662
11422.486271	75.650	42.4131
11422.852482	75.642	41.9932
11423.218693	75.631	41.6377
11423.584904	75.629	41.3613
11423.951115	75.647	41.0361
11424.317326	75.663	40.5205
11424.683537	75.646	39.9775
11425.049748	75.617	39.6484
11425.415959	75.615	39.4385
11425.782170	75.635	39.0957
11426.148381	75.642	38.5977
11426.514592	75.626	38.1543
11426.880803	75.616	37.8467
11427.247014	75.625	37.4844
11427.613225	75.621	36.9941
11427.979435	75.596	36.6123
11428.345646	75.586	36.3906
11428.711857	75.598	36.0947
11429.078068	75.603	35.7109
11429.444279	75.606	35.3633
11429.810490	75.617	34.9717
11430.176701	75.617	34.5303
11430.542912	75.613	34.1533
11430.909123	75.618	33.7627
11431.275334	75.614	33.3291
11431.641545	75.605	32.9746
11432.007756	75.609	32.6289
11432.373967	75.611	32.2139
11432.740178	75.606	31.8340
11433.106389	75.607	31.4580
11433.472600	75.600	31.0449
11433.838811	75.588	30.7314
11434.205022	75.597	30.4531
11434.571233	75.611	30.0195
11434.937444	75.601	29.5508
11435.303655	75.584	29.2246
11435.669866	75.584	28.9414
11436.036077	75.590	28.5957
11436.402288	75.592	28.2305
11436.768499	75.596	27.8613
11437.134710	75.599	27.4443
11437.500921	75.592	27.0234
11437.867132	75.582	26.6807
11438.233343	75.584	26.3545
11438.599554	75.589	25.9463
11438.965764	75.581	25.5195
11439.331975	75.568	25.1777
11439.698186	75.567	24.8809
11440.064397	75.576	24.5283
11440.430608	75.579	24.1064
11440.796819	75.572	23.7168
11441.163030	75.573	23.3906
11441.529241	75.584	22.9824
11441.895452	75.576	22.5156
11442.261663	75.562	22.2070
11442.627874	75.578	21.9277
11442.994085	75.597	21.4014
11443.360296	75.573	20.8613
11443.726507	75.545	20.6006
11444.092718	75.553	20.3799
11444.458929	75.565	19.9980
11444.825140	75.564	19.6230
11445.191351	75.572	19.2754
11445.557562	75.578	18.8340
11445.923773	75.567	18.4111
11446.289984	75.558	18.0967
11446.656195	75.562	17.7754
11447.022406	75.565	17.4033
11447.388617	75.567	17.0293
11447.754828	75.568	16.6367
11448.121039	75.563	16.2451
11448.487250	75.558	15.8936
11448.853461	75.559	15.5430
11449.219672	75.563	15.1543
11449.585883	75.562	14.7168
11449.952094	75.546	14.2861
11450.318304	75.525	13.9883
11450.684515	75.528	13.7598
11451.050726	75.544	13.3789
11451.416937	75.537	12.9209
11451.783148	75.521	12.6162
11452.149359	75.528	12.3623
11452.515570	75.542	11.9844
11452.881781	75.545	11.5635
11453.247992	75.545	11.1689
11453.614203	75.543	10.7637
11453.980414	75.537	10.3955
11454.346625	75.538	10.0586
11454.712836	75.543	9.6562
11455.079047	75.535	9.2568
11455.445258	75.531	8.9385
11455.811469	75.539	8.5830
11456.177680	75.541	8.1582
11456.543891	75.534	7.7734
11456.910102	75.532	7.4189
11457.276313	75.533	7.0488
11457.642524	75.533	6.6719
11458.008735	75.533	6.2695
11458.374946	75.525	5.8799
11458.741157	75.521	5.5410
11459.107368	75.521	5.1787
11459.473579	75.518	4.8203
11459.839790	75.522	4.4951
11460.206001	75.531	4.0742
11460.572212	75.521	3.6367
11460.938423	75.512	3.3457
11461.304633	75.526	3.0127
11461.670844	75.529	2.5498
11462.037055	75.516	2.2021
11462.403266	75.526	1.9189
11462.769477	75.543	1.4648
11463.135688	75.532	0.9863
11463.501899	75.520	0.6748
11463.868110	75.530	0.3613
11464.234321	75.538	-0.0938
11464.600532	75.524	-0.5205
11464.966743	75.514	-0.8164
11465.332954	75.520	-1.1299
11465.699165	75.523	-1.5039
11466.065376	75.525	-1.8486
11466.431587	75.532	-2.2324
11466.797798	75.528	-2.6680
11467.164009	75.516	-3.0146
11467.530220	75.514	-3.3164
11467.896431	75.513	-3.6406
11468.262642	75.515	-3.9131
11468.628853	75.536	-4.2275
11468.995064	75.551	-4.6904
11469.361275	75.547	-5.1377
11469.727486	75.544	-5.5176
11470.093697	75.542	-5.9072
11470.459908	75.540	-6.2617
11470.826119	75.547	-6.6387
11471.192330	75.545	-7.1016
11471.558541	75.527	-7.4629
11471.924752	75.528	-7.7100
11472.290963	75.545	-8.1016
11472.657173	75.539	-8.5811
11473.023384	75.522	-8.9033
11473.389595	75.529	-9.1855
11473.755806	75.538	-9.6143
11474.122017	75.524	-10.0186
11474.488228	75.519	-10.2930
11474.854439	75.529	-10.6338
11475.220650	75.528	-11.0381
11475.586861	75.525	-11.3496
11475.953072	75.537	-11.7031
11476.319283	75.538	-12.1523
11476.685494	75.529	-12.5127
11477.051705	75.533	-12.8564
11477.417916	75.530	-13.2744
11477.784127	75.519	-13.5938
11478.150338	75.527	-13.8809
11478.516549	75.536	-14.3008
11478.882760	75.530	-14.6875
11479.248971	75.533	-15.0264
11479.615182	75.535	-15.4512
11479.981393	75.525	-15.8066
11480.347604	75.532	-16.0977
11480.713815	75.544	-16.5391
11481.080026	75.533	-16.9834
11481.446237	75.527	-17.3076
11481.812448	75.531	-17.7061
11482.178659	75.515	-18.0996
11482.544870	75.507	-18.3242
11482.911081	75.528	-18.6172
11483.277292	75.540	-19.0801
11483.643503	75.534	-19.4941
11484.009713	75.535	-19.8711
11484.375924	75.528	-20.2891
11484.742135	75.514	-20.5811
11485.108346	75.528	-20.8018
11485.474557	75.558	-21.2510
11485.840768	75.552	-21.8232
11486.206979	75.527	-22.1855
11486.573190	75.528	-22.4355
11486.939401	75.542	-22.8389
11487.305612	75.535	-23.3076
11487.671823	75.518	-23.6592
11488.038034	75.512	-23.9434
11488.404245	75.514	-24.2578
11488.770456	75.517	-24.5908
11489.136667	75.521	-24.9287
11489.502878	75.525	-25.2979
11489.869089	75.524	-25.6592
11490.235300	75.527	-25.9746
11490.601511	75.542	-26.3516
11490.967722	75.545	-26.8438
11491.333933	75.527	-27.2539
11491.700144	75.521	-27.5283
11492.066355	75.531	-27.8809
11492.432566	75.528	-28.2939
11492.798777	75.521	-28.5986
11493.164988	75.534	-28.8955
11493.531199	75.551	-29.3027
11493.897410	75.561	-29.7637
11494.263621	75.561	-30.2559
11494.629832	75.546	-30.6973
11494.996042	75.536	-31.0088
11495.362253	75.543	-31.3525
11495.728464	75.541	-31.7598
11496.094675	75.538	-32.0713
11496.460886	75.553	-32.4131
11496.827097	75.559	-32.8838
11497.193308	75.549	-33.2812
11497.559519	75.548	-33.6240
11497.925730	75.542	-34.0049
11498.291941	75.531	-34.2588
11498.658152	75.550	-34.4775
11499.024363	75.575	-34.9180
11499.390574	75.568	-35.3848
11499.756785	75.563	-35.6992
11500.122996	75.572	-36.0674
11500.489207	75.565	-36.4854
11500.855418	75.556	-36.7764
11501.221629	75.568	-37.0771
11501.587840	75.575	-37.5078
11501.954051	75.565	-37.8984
11502.320262	75.564	-38.2100
11502.686473	75.570	-38.5850
11503.052684	75.566	-38.9893
11503.418895	75.560	-39.3213
11503.785106	75.566	-39.6553
11504.151317	75.572	-40.0527
11504.517528	75.570	-40.4531
11504.883739	75.568	-40.8086
11505.249950	75.574	-41.1436
11505.616161	75.588	-41.5400
11505.982372	75.593	-42.0264
11506.348582	75.579	-42.4541
11506.714793	75.575	-42.7588
11507.081004	75.585	-43.1201
11507.447215	75.584	-43.5400
11507.813426	75.579	-43.8584
11508.179637	75.593	-44.1875
11508.545848	75.601	-44.6436
11508.912059	75.591	-45.0449
11509.278270	75.589	-45.3457
11509.644481	75.596	-45.6885
11510.010692	75.597	-46.0459
11510.376903	75.603	-46.3682
11510.743114	75.617	-46.7715
11511.109325	75.614	-47.2568
11511.475536	75.590	-47.6152
11511.841747	75.585	-47.7910
11512.207958	75.614	-48.0615
11512.574169	75.633	-48.5801
11512.940380	75.617	-49.0615
11513.306591	75.606	-49.3477
11513.672802	75.618	-49.6973
11514.039013	75.617	-50.1494
11514.405224	75.606	-50.4912
11514.771435	75.612	-50.8174
11515.137646	75.614	-51.2324
11515.503857	75.606	-51.5703
11515.870068	75.618	-51.8721
11516.236279	75.633	-52.3262
11516.602490	75.626	-52.8008
11516.968701	75.614	-53.1494
11517.334911	75.614	-53.4619
11517.701122	75.620	-53.7988
11518.067333	75.629	-54.1875
11518.433544	75.626	-54.6074
11518.799755	75.618	-54.9141
11519.165966	75.633	-55.1865
11519.532177	75.653	-55.6240
11519.898388	75.651	-56.0771
11520.264599	75.653	-56.4336
11520.630810	75.664	-56.9004
11520.997021	75.646	-57.4131
11521.363232	75.618	-57.7002
11521.729443	75.622	-57.9023
11522.095654	75.638	-58.2578
11522.461865	75.640	-58.6699
11522.828076	75.637	-59.0264
11523.194287	75.638	-59.3633
11523.560498	75.643	-59.6768
11523.926709	75.662	-60.0137
11524.292920	75.681	-60.5000
11524.659131	75.673	-61.0303
11525.025342	75.655	-61.3682
11525.391553	75.668	-61.6465
11525.757764	75.687	-62.1475
11526.123975	75.669	-62.6660
11526.490186	75.650	-62.9414
11526.856397	75.666	-63.2471
11527.222608	75.668	-63.7354
11527.588819	75.645	-64.0732
11527.955030	75.652	-64.2637
11528.321241	75.679	-64.6494
11528.687451	75.680	-65.1328
11529.053662	75.672	-65.4756
11529.419873	75.681	-65.8164
11529.786084	75.684	-66.2246
11530.152295	75.682	-66.5654
11530.518506	75.692	-66.9111
11530.884717	75.696	-67.3379
11531.250928	75.689	-67.6963
11531.617139	75.696	-68.0000
11531.983350	75.709	-68.4121
11532.349561	75.705	-68.8496
11532.715772	75.699	-69.1895
11533.081983	75.702	-69.5137
11533.448194	75.706	-69.8555
11533.814405	75.717	-70.1953
11534.180616	75.730	-70.6279
11534.546827	75.726	-71.0977
11534.913038	75.714	-71.4443
11535.279249	75.719	-71.7666
11535.645460	75.722	-72.1699
11536.011671	75.716	-72.5381
11536.377882	75.715	-72.8633
11536.744093	75.717	-73.2031
11537.110304	75.722	-73.5098
11537.476515	75.740	-73.8770
11537.842726	75.746	-74.3701
11538.208937	75.731	-74.7793
11538.575148	75.728	-75.0625
11538.941359	75.739	-75.4160
11539.307570	75.741	-75.8232
11539.673781	75.741	-76.1846
11540.039991	75.745	-76.5557
11540.406202	75.747	-76.9385
11540.772413	75.751	-77.3057
11541.138624	75.758	-77.7090
11541.504835	75.757	-78.1445
11541.871046	75.748	-78.5391
11542.237257	75.740	-78.8457
11542.603468	75.749	-79.1240
11542.969679	75.768	-79.5195
11543.335890	75.769	-79.9727
11543.702101	75.767	-80.3271
11544.068312	75.780	-80.7246
11544.434523	75.774	-81.2158
11544.800734	75.752	-81.5166
11545.166945	75.767	-81.7100
11545.533156	75.797	-82.1455
11545.899367	75.794	-82.6699
11546.265578	75.784	-83.0195
11546.631789	75.793	-83.3604
11546.998000	75.798	-83.7998
11547.364211	75.792	-84.2012
11547.730422	75.791	-84.5488
11548.096633	75.795	-84.9219
11548.462844	75.796	-85.3145
11548.829055	75.795	-85.6943
11549.195266	75.795	-86.0596
11549.561477	75.795	-86.4199
11549.927688	75.798	-86.7617
11550.293899	75.809	-87.1201
11550.660110	75.818	-87.5801
11551.026320	75.807	-88.0430
11551.392531	75.792	-88.3330
11551.758742	75.807	-88.5977
11552.124953	75.826	-89.0693
11552.491164	75.813	-89.5674
11552.857375	75.795	-89.8525
11553.223586	75.806	-90.1064
11553.589797	75.820	-90.5029
11553.956008	75.822	-90.8730
11554.322219	75.840	-91.2207
11554.688430	75.858	-91.7715
11555.054641	75.835	-92.3369
11555.420852	75.804	-92.6094
11555.787063	75.812	-92.8232
11556.153274	75.826	-93.2168
11556.519485	75.822	-93.5918
11556.885696	75.830	-93.9033
11557.251907	75.844	-94.3232
11557.618118	75.841	-94.7676
11557.984329	75.834	-95.1221
11558.350540	75.836	-95.4492
11558.716751	75.845	-95.7832
11559.082962	75.860	-96.1748
11559.449173	75.866	-96.6611
11559.815384	75.852	-97.0898
11560.181595	75.845	-97.3906
11560.547806	75.855	-97.7139
11560.914017	75.863	-98.1182
11561.280228	75.863	-98.5332
11561.646439	75.859	-98.9160
11562.012650	75.857	-99.2539
11562.378860	75.862	-99.5879
11562.745071	75.870	-99.9561
11563.111282	75.877	-100.3379
11563.477493	75.886	-100.7607
11563.843704	75.885	-101.2197
11564.209915	75.875	-101.6064
11564.576126	75.876	-101.9316
11564.942337	75.885	-102.3291
11565.308548	75.883	-102.7676
11565.674759	75.877	-103.1279
11566.040970	75.885	-103.4639
11566.407181	75.897	-103.9160
11566.773392	75.889	-104.4219
11567.139603	75.870	-104.7725
11567.505814	75.872	-105.0410
11567.872025	75.886	-105.4424
11568.238236	75.880	-105.8721
11568.604447	75.876	-106.1836
11568.970658	75.887	-106.5391
11569.336869	75.887	-106.9512
11569.703080	75.885	-107.2441
11570.069291	75.907	-107.5635
11570.435502	75.922	-108.0654
11570.801713	75.907	-108.4990
11571.167924	75.907	-108.7471
11571.534135	75.933	-109.1123
11571.900346	75.938	-109.6602
11572.266557	75.916	-110.0586
11572.632768	75.913	-110.2852
11572.998979	75.932	-110.6338
11573.365189	75.934	-111.0801
11573.731400	75.927	-111.4219
11574.097611	75.934	-111.7412
11574.463822	75.940	-112.1201
11574.830033	75.944	-112.4570
11575.196244	75.962	-112.8398
11575.562455	75.968	-113.3555
11575.928666	75.951	-113.7832
11576.294877	75.950	-114.0830
11576.661088	75.961	-114.5000
11577.027299	75.952	-114.9658
11577.393510	75.940	-115.2783
11577.759721	75.949	-115.6074
11578.125932	75.950	-116.0332
11578.492143	75.945	-116.3643
11578.858354	75.961	-116.7002
11579.224565	75.969	-117.1865
11579.590776	75.956	-117.5908
11579.956987	75.961	-117.8701
11580.323198	75.982	-118.2910
11580.689409	75.982	-118.7988
11581.055620	75.972	-119.1875
11581.421831	75.975	-119.5371
11581.788042	75.981	-119.9541
11582.154253	75.978	-120.3740
11582.520464	75.974	-120.7393
11582.886675	75.978	-121.1006
11583.252886	75.981	-121.5117
11583.619097	75.975	-121.9014
11583.985308	75.974	-122.2188
11584.351519	75.985	-122.5615
11584.717729	75.994	-122.9756
11585.083940	75.996	-123.3848
11585.450151	75.999	-123.7842
11585.816362	76.000	-124.1914
11586.182573	76.000	-124.5781
11586.548784	76.003	-124.9521
11586.914995	76.009	-125.3457
11587.281206	76.013	-125.7764
11587.647417	76.009	-126.2207
11588.013628	75.997	-126.5859
11588.379839	75.997	-126.8779
11588.746050	76.009	-127.2246
11589.112261	76.017	-127.6318
11589.478472	76.022	-128.0293
11589.844683	76.027	-128.4473
11590.210894	76.025	-128.8789
11590.577105	76.017	-129.2422
11590.943316	76.020	-129.5596
11591.309527	76.030	-129.9268
11591.675738	76.036	-130.3447
11592.041949	76.035	-130.7490
11592.408160	76.034	-131.1240
11592.774371	76.036	-131.4912
11593.140582	76.041	-131.8750
11593.506793	76.042	-132.2881
11593.873004	76.037	-132.6787
11594.239215	76.036	-133.0195
11594.605426	76.042	-133.3877
11594.971637	76.044	-133.7842
11595.337848	76.045	-134.1533
11595.704058	76.050	-134.5449
11596.070269	76.049	-134.9385
11596.436480	76.054	-135.2734
11596.802691	76.071	-135.6904
11597.168902	76.072	-136.2080
11597.535113	76.058	-136.6104
11597.901324	76.061	-136.9482
11598.267535	76.066	-137.3896
11598.633746	76.056	-137.8076
11598.999957	76.051	-138.1328
11599.366168	76.055	-138.4785
11599.732379	76.060	-138.8213
11600.098590	76.075	-139.1777
11600.464801	76.088	-139.6602
11600.831012	76.077	-140.1299
11601.197223	76.069	-140.4443
11601.563434	76.082	-140.7764
11601.929645	76.091	-141.2227
11602.295856	76.089	-141.6553
11602.662067	76.088	-142.0527
11603.028278	76.086	-142.4844
11603.394489	76.073	-142.8760
11603.760700	76.065	-143.1572
11604.126911	76.078	-143.4414
11604.493122	76.096	-143.8691
11604.859333	76.095	-144.3711
11605.225544	76.080	-144.7646
11605.591755	76.077	-145.0527
11605.957966	76.091	-145.4043
11606.324177	76.099	-145.8594
11606.690388	76.094	-146.2861
11607.056598	76.094	-146.6533
11607.422809	76.099	-147.0693
11607.789020	76.093	-147.5088
11608.155231	76.085	-147.8418
11608.521442	76.097	-148.1543
11608.887653	76.112	-148.6143
11609.253864	76.105	-149.1016
11609.620075	76.094	-149.4482
11609.986286	76.102	-149.7705
11610.352497	76.113	-150.1885
11610.718708	76.112	-150.6230
11611.084919	76.110	-151.0059
11611.451130	76.114	-151.3721
11611.817341	76.121	-151.7793
11612.183552	76.120	-152.2178
11612.549763	76.112	-152.5879
11612.915974	76.116	-152.8984
11613.282185	76.132	-153.3066
11613.648396	76.133	-153.8125
11614.014607	76.116	-154.2344
11614.380818	76.105	-154.5322
11614.747029	76.111	-154.8369
11615.113240	76.119	-155.2139
11615.479451	76.120	-155.5996
11615.845662	76.124	-155.9541
11616.211873	76.132	-156.3428
11616.578084	76.135	-156.7656
11616.944295	76.134	-157.1514
11617.310506	76.140	-157.5430
11617.676717	76.140	-157.9863
11618.042928	76.131	-158.3818
11618.409138	76.128	-158.7100
11618.775349	76.133	-159.0459
11619.141560	76.143	-159.4004
11619.507771	76.157	-159.8232
11619.873982	76.158	-160.3242
11620.240193	76.144	-160.7334
11620.606404	76.143	-161.0371
11620.972615	76.155	-161.4434
11621.338826	76.152	-161.9014
11621.705037	76.145	-162.2666
11622.071248	76.149	-162.6631
11622.437459	76.138	-163.0811
11622.803670	76.130	-163.3457
11623.169881	76.154	-163.6631
11623.536092	76.165	-164.2207
11623.902303	76.139	-164.6748
11624.268514	76.132	-164.8945
11624.634725	76.156	-165.2461
11625.000936	76.162	-165.7686
11625.367147	76.149	-166.1963
11625.733358	76.144	-166.5527
11626.099569	76.143	-166.9219
11626.465780	76.146	-167.2812
11626.831991	76.153	-167.6904
11627.198202	76.148	-168.1084
11627.564413	76.148	-168.4355
11627.930624	76.165	-168.8271
11628.296835	76.169	-169.3545
11628.663046	76.151	-169.7822
11629.029257	76.147	-170.0840
11629.395467	76.157	-170.4707
11629.761678	76.153	-170.9160
11630.127889	76.144	-171.2637
11630.494100	76.149	-171.5723
11630.860311	76.161	-171.9697
11631.226522	76.161	-172.4199
11631.592733	76.152	-172.7939
11631.958944	76.156	-173.0977
11632.325155	76.172	-173.4951
11632.691366	76.172	-173.9912
11633.057577	76.155	-174.3750
11633.423788	76.155	-174.6406
11633.789999	76.173	-175.0156
11634.156210	76.174	-175.4795
11634.522421	76.168	-175.8457
11634.888632	76.178	-176.2070
11635.254843	76.183	-176.6846
11635.621054	76.169	-177.1064
11635.987265	76.164	-177.4160
11636.353476	76.173	-177.7881
11636.719687	76.173	-178.2148
11637.085898	76.169	-178.5908
11637.452109	76.170	-178.9756
11637.818320	76.165	-179.3447
11638.184531	76.170	-179.6582
11638.550742	76.188	179.9248
11638.916953	76.186	179.4141
11639.283164	76.171	179.0352
11639.649375	76.177	178.6963
11640.015586	76.179	178.2236
11640.381797	76.158	177.8291
11640.748007	76.156	177.6045
11641.114218	76.180	177.2529
11641.480429	76.187	176.7383
11641.846640	76.176	176.3262
11642.212851	76.180	175.9805
11642.579062	76.187	175.5059
11642.945273	76.169	175.0527
11643.311484	76.157	174.8037
11643.677695	76.181	174.5254
11644.043906	76.202	173.9854
11644.410117	76.185	173.4492
11644.776328	76.168	173.1426
11645.142539	76.179	172.8105
11645.508750	76.182	172.3369
11645.874961	76.168	171.9482
11646.241172	76.168	171.6279
11646.607383	76.170	171.2393
11646.973594	76.164	170.8955
11647.339805	76.172	170.5791
11647.706016	76.181	170.1582
11648.072227	76.174	169.7754
11648.438438	76.180	169.4766
11648.804649	76.197	169.0586
11649.170860	76.195	168.5762
11649.537071	76.185	168.2031
11649.903282	76.187	167.8516
11650.269493	76.188	167.4463
11650.635704	76.184	167.0645
11651.001915	76.185	166.7002
11651.368126	76.188	166.3125
11651.734336	76.191	165.9043
11652.100547	76.190	165.4707
11652.466758	76.183	165.0645
11652.832969	76.182	164.7021
11653.199180	76.187	164.2803
11653.565391	76.181	163.8145
11653.931602	76.167	163.4336
11654.297813	76.165	163.1035
11654.664024	76.169	162.7139
11655.030235	76.167	162.2949
11655.396446	76.160	161.9180
11655.762657	76.160	161.5889
11656.128868	76.171	161.2236
11656.495079	76.178	160.7656
11656.861290	76.167	160.3447
11657.227501	76.165	160.0518
11657.593712	76.183	159.6895
11657.959923	76.189	159.1895
11658.326134	76.175	158.7871
11658.692345	76.177	158.4912
11659.058556	76.190	158.0938
11659.424767	76.189	157.6396
11659.790978	76.181	157.2637
11660.157189	76.181	156.9307
11660.523400	76.188	156.5762
11660.889611	76.196	156.1631
11661.255822	76.194	155.7109
11661.622033	76.184	155.3311
11661.988244	76.184	154.9990
11662.354455	76.189	154.5928
11662.720666	76.182	154.1689
11663.086876	76.173	153.8271
11663.453087	76.176	153.5029
11663.819298	76.185	153.1143
11664.185509	76.189	152.6660
11664.551720	76.183	152.2061
11664.917931	76.168	151.7998
11665.284142	76.156	151.4893
11665.650353	76.163	151.2109
11666.016564	76.182	150.8135
11666.382775	76.187	150.2861
11666.748986	76.169	149.8252
11667.115197	76.156	149.5049
11667.481408	76.158	149.1855
11667.847619	76.164	148.8135
11668.213830	76.167	148.4229
11668.580041	76.168	148.0186
11668.946252	76.166	147.6416
11669.312463	76.171	147.2754
11669.678674	76.176	146.8428
11670.044885	76.169	146.4199
11670.411096	76.165	146.0693
11670.777307	76.168	145.6748
11671.143518	76.159	145.2598
11671.509729	76.149	144.9551
11671.875940	76.159	144.6582
11672.242151	76.172	144.2393
11672.608362	76.170	143.7949
11672.974573	76.166	143.3984
11673.340784	76.164	143.0068
11673.706995	76.163	142.6260
11674.073206	76.167	142.2236
11674.439416	76.163	141.7588
11674.805627	76.145	141.3701
11675.171838	76.142	141.1143
11675.538049	76.163	140.7480
11675.904260	76.165	140.2158
11676.270471	76.144	139.8213
11676.636682	76.147	139.5684
11677.002893	76.169	139.1416
11677.369104	76.162	138.6055
11677.735315	76.142	138.2510
11678.101526	76.145	137.9678
11678.467737	76.155	137.5566
11678.833948	76.147	137.1514
11679.200159	76.148	136.8428
11679.566370	76.163	136.4453
11679.932581	76.159	135.9375
11680.298792	76.134	135.5557
11680.665003	76.125	135.3438
11681.031214	76.142	135.0732
11681.397425	76.158	134.6367
11681.763636	76.152	134.1875
11682.129847	76.144	133.8477
11682.496058	76.151	133.5117
11682.862269	76.158	133.0752
11683.228480	76.149	132.6377
11683.594691	76.139	132.2910
11683.960902	76.141	131.9482
11684.327113	76.142	131.5557
11684.693324	76.139	131.1904
11685.059535	76.144	130.8428
11685.425745	76.154	130.4219
11685.791956	76.156	129.9600
11686.158167	76.152	129.5146
11686.524378	76.144	129.0762
11686.890589	76.131	128.6943
11687.256800	76.127	128.3857
11687.623011	76.135	128.0205
11687.989222	76.135	127.5898
11688.355433	76.129	127.2256
11688.721644	76.132	126.8945
11689.087855	76.139	126.5107
11689.454066	76.143	126.1182
11689.820277	76.149	125.7031
11690.186488	76.147	125.2422
11690.552699	76.133	124.8438
11690.918910	76.126	124.5371
11691.285121	76.132	124.2090
11691.651332	76.139	123.8057
11692.017543	76.136	123.3779
11692.383754	76.129	122.9844
11692.749965	76.123	122.6094
11693.116176	76.115	122.2295
11693.482387	76.103	121.9141
11693.848598	76.107	121.6494
11694.214809	76.124	121.2832
11694.581020	76.132	120.7988
11694.947231	76.122	120.3232
11695.313442	76.106	119.9238
11695.679653	76.094	119.6045
11696.045864	76.095	119.2920
11696.412075	76.097	118.9170
11696.778285	76.095	118.5752
11697.144496	76.108	118.2500
11697.510707	76.125	117.7715
11697.876918	76.117	117.2529
11698.243129	76.105	116.8477
11698.609340	76.098	116.4258
11698.975551	76.074	116.0557
11699.341762	76.067	115.8916
11699.707973	76.103	115.5986
11700.074184	76.118	114.9873
11700.440395	76.085	114.5010
11700.806606	76.068	114.3037
11701.172817	76.087	114.0420
11701.539028	76.102	113.6084
11701.905239	76.102	113.1611
11702.271450	76.097	112.7686
11702.637661	76.097	112.4209
11703.003872	76.105	112.0283
11703.370083	76.104	111.5664
11703.736294	76.091	111.1846
11704.102505	76.092	110.8643
11704.468716	76.098	110.4531
11704.834927	76.093	110.0303
11705.201138	76.088	109.6592
11705.567349	76.084	109.2598
11705.933560	76.070	108.9150
11706.299771	76.070	108.6748
11706.665982	76.092	108.3457
11707.032193	76.107	107.8623
11707.398404	76.102	107.3457
11707.764614	76.079	106.9102
11708.130825	76.057	106.6572
11708.497036	76.067	106.4727
11708.863247	76.095	106.0928
11709.229458	76.099	105.5898
11709.595669	76.090	105.1875
11709.961880	76.089	104.8213
11710.328091	76.086	104.4287
11710.694302	76.083	104.0859
11711.060513	76.091	103.7070
11711.426724	76.089	103.2529
11711.792935	76.078	102.8623
11712.159146	76.074	102.4932
11712.525357	76.065	102.0752
11712.891568	76.045	101.7598
11713.257779	76.045	101.5264
11713.623990	76.058	101.1748
11713.990201	76.058	100.7637
11714.356412	76.057	100.4082
11714.722623	76.061	100.0098
11715.088834	76.054	99.5850
11715.455045	76.043	99.2705
11715.821256	76.055	98.9678
11716.187467	76.070	98.4873
11716.553678	76.054	97.9463
11716.919889	76.021	97.6211
11717.286100	76.019	97.4639
11717.652311	76.047	97.1416
11718.018522	76.056	96.6172
11718.384733	76.039	96.2031
11718.750944	76.040	95.9092
11719.117154	76.054	95.4805
11719.483365	76.045	94.9951
11719.849576	76.030	94.6572
11720.215787	76.033	94.3340
11720.581998	76.032	93.9248
11720.948209	76.023	93.5820
11721.314420	76.029	93.2822
11721.680631	76.037	92.8818
11722.046842	76.033	92.4902
11722.413053	76.036	92.1816
11722.779264	76.052	91.7900
11723.145475	76.056	91.2891
11723.511686	76.040	90.8389
11723.877897	76.024	90.5059
11724.244108	76.020	90.2480
11724.610319	76.036	89.9336
11724.976530	76.048	89.4561
11725.342741	76.031	88.9824
11725.708952	76.013	88.6992
11726.075163	76.020	88.4434
11726.441374	76.032	88.0430
11726.807585	76.027	87.6309
11727.173796	76.024	87.2969
11727.540007	76.031	86.9268
11727.906218	76.031	86.4980
11728.272429	76.024	86.1064
11728.638640	76.021	85.7354
11729.004851	76.014	85.3516
11729.371062	76.006	85.0342
11729.737273	76.014	84.7285
11730.103483	76.023	84.2852
11730.469694	76.009	83.8564
11730.835905	76.002	83.5947
11731.202116	76.020	83.2578
11731.568327	76.025	82.7734
11731.934538	76.015	82.3926
11732.300749	76.024	82.0566
11732.666960	76.033	81.5469
11733.033171	76.009	81.0635
11733.399382	75.988	80.8125
11733.765593	76.001	80.5693
11734.131804	76.019	80.1211
11734.498015	76.011	79.6289
11734.864226	75.995	79.2705
11735.230437	75.992	78.9365
11735.596648	75.985	78.5645
11735.962859	75.976	78.2715
11736.329070	75.985	77.9873
11736.695281	75.994	77.5703
11737.061492	75.984	77.1689
11737.427703	75.980	76.8779
11737.793914	75.988	76.5303
11738.160125	75.986	76.1475
11738.526336	75.989	75.8379
11738.892547	76.005	75.4336
11739.258758	76.000	74.9209
11739.624969	75.979	74.5781
11739.991180	75.986	74.3232
11740.357391	76.003	73.8594
11740.723602	75.987	73.3721
11741.089813	75.974	73.0957
11741.456023	75.991	72.7510
11741.822234	75.991	72.2295
11742.188445	75.969	71.8525
11742.554656	75.968	71.5967
11742.920867	75.980	71.2119
11743.287078	75.977	70.8047
11743.653289	75.978	70.4727
11744.019500	75.988	70.0762
11744.385711	75.986	69.6338
11744.751922	75.977	69.2588
11745.118133	75.973	68.9326
11745.484344	75.977	68.6055
11745.850555	75.985	68.2227
11746.216766	75.981	67.7979
11746.582977	75.967	67.4727
11746.949188	75.970	67.2354
11747.315399	75.990	66.8857
11747.681610	75.996	66.4121
11748.047821	75.982	66.0020
11748.414032	75.973	65.6982
11748.780243	75.977	65.3730
11749.146454	75.978	64.9824
11749.512665	75.969	64.6113
11749.878876	75.962	64.3037
11750.245087	75.965	64.0078
11750.611298	75.975	63.6406
11750.977509	75.974	63.2129
11751.343720	75.963	62.8545
11751.709931	75.966	62.5566
11752.076142	75.976	62.1543
11752.442353	75.970	61.7129
11752.808563	75.962	61.3691
11753.174774	75.964	61.0225
11753.540985	75.964	60.6494
11753.907196	75.970	60.2930
11754.273407	75.977	59.8350
11754.639618	75.959	59.3809
11755.005829	75.945	59.1250
11755.372040	75.962	58.8281
11755.738251	75.968	58.3486
11756.104462	75.953	57.9629
11756.470673	75.953	57.6699
11756.836884	75.958	57.2705
11757.203095	75.947	56.8965
11757.569306	75.945	56.6348
11757.935517	75.960	56.2881
11758.301728	75.961	55.8477
11758.667939	75.951	55.5107
11759.034150	75.960	55.2217
11759.400361	75.975	54.7832
11759.766572	75.965	54.2998
11760.132783	75.947	53.9707
11760.498994	75.947	53.7012
11760.865205	75.955	53.3574
11761.231416	75.959	52.9902
11761.597627	75.965	52.6221
11761.963838	75.972	52.2236
11762.330049	75.975	51.7881
11762.696260	75.968	51.3281
11763.062471	75.948	50.9736
11763.428682	75.947	50.7471
11763.794892	75.967	50.3916
11764.161103	75.964	49.8994
11764.527314	75.943	49.5869
11764.893525	75.951	49.3906
11765.259736	75.976	49.0117
11765.625947	75.979	48.5400
11765.992158	75.973	48.1611
11766.358369	75.973	47.7949
11766.724580	75.968	47.4170
11767.090791	75.963	47.1025
11767.457002	75.969	46.7725
11767.823213	75.969	46.3779
11768.189424	75.961	46.0439
11768.555635	75.967	45.7363
11768.921846	75.972	45.3184
11769.288057	75.958	44.9404
11769.654268	75.956	44.7002
11770.020479	75.978	44.3311
11770.386690	75.977	43.8027
11770.752901	75.952	43.4248
11771.119112	75.946	43.1738
11771.485323	75.954	42.8428
11771.851534	75.957	42.4814
11772.217745	75.965	42.1221
11772.583956	75.972	41.6865
11772.950167	75.965	41.2500
11773.316378	75.958	40.8916
11773.682589	75.959	40.5488
11774.048800	75.963	40.1572
11774.415011	75.960	39.7490
11774.781222	75.953	39.3887
11775.147432	75.951	39.0703
11775.513643	75.955	38.7402
11775.879854	75.962	38.3838
11776.246065	75.966	37.9688
11776.612276	75.953	37.5664
11776.978487	75.940	37.3350
11777.344698	75.961	37.1084
11777.710909	75.981	36.6426
11778.077120	75.965	36.2012
11778.443331	75.960	35.9688
11778.809542	75.981	35.6143
11779.175753	75.975	35.1133
11779.541964	75.951	34.8301
11779.908175	75.962	34.6523
11780.274386	75.989	34.2412
11780.640597	75.986	33.7275
11781.006808	75.969	33.3760
11781.373019	75.972	33.0811
11781.739230	75.979	32.6758
11782.105441	75.972	32.2559
11782.471652	75.965	31.9053
11782.837863	75.965	31.5391
11783.204074	75.959	31.1562
11783.570285	75.953	30.8242
11783.936496	75.954	30.4814
11784.302707	75.949	30.1143
11784.668918	75.942	29.8428
11785.035129	75.960	29.6133
11785.401340	75.993	29.1738
11785.767551	75.993	28.5586
11786.133761	75.959	28.1514
11786.499972	75.954	27.9863
11786.866183	75.983	27.6416
11787.232394	75.984	27.0908
11787.598605	75.958	26.7285
11787.964816	75.958	26.5039
11788.331027	75.969	26.1592
11788.697238	75.971	25.7949
11789.063449	75.978	25.4434
11789.429660	75.977	25.0361
11789.795871	75.968	24.7441
11790.162082	75.987	24.5029
11790.528293	76.015	24.0176
11790.894504	76.004	23.4639
11791.260715	75.980	23.1309
11791.626926	75.978	22.8779
11791.993137	75.986	22.5625
11792.359348	75.995	22.2197
11792.725559	76.004	21.8242
11793.091770	76.002	21.4170
11793.457981	76.000	21.0791
11793.824192	76.007	20.7217
11794.190403	76.008	20.3057
11794.556614	76.000	19.9473
11794.922825	76.002	19.6240
11795.289036	76.003	19.2363
11795.655247	75.989	18.9092
11796.021458	75.991	18.7256
11796.387669	76.023	18.4414
11796.753880	76.045	17.9307
11797.120091	76.037	17.4316
11797.486301	76.026	17.0566
11797.852512	76.020	16.7061
11798.218723	76.015	16.3877
11798.584934	76.021	16.0732
11798.951145	76.027	15.6777
11799.317356	76.021	15.2969
11799.683567	76.021	14.9736
11800.049778	76.026	14.5830
11800.415989	76.017	14.1816
11800.782200	76.008	13.8906
11801.148411	76.014	13.6016
11801.514622	76.022	13.2393
11801.880833	76.025	12.8789
11802.247044	76.032	12.5127
11802.613255	76.036	12.1016
11802.979466	76.033	11.6943
11803.345677	76.028	11.3213
11803.711888	76.024	10.9697
11804.078099	76.021	10.6436
11804.444310	76.023	10.3379
11804.810521	76.033	10.0215
11805.176732	76.047	9.6367
11805.542943	76.052	9.1914
11805.909154	76.045	8.7803
11806.275365	76.039	8.4463
11806.641576	76.042	8.1270
11807.007787	76.047	7.7842
11807.373998	76.053	7.4307
11807.740209	76.061	7.0605
11808.106420	76.066	6.6455
11808.472631	76.059	6.2314
11808.838841	76.048	5.9170
11809.205052	76.053	5.6592
11809.571263	76.067	5.3057
11809.937474	76.069	4.8975
11810.303685	76.065	4.5625
11810.669896	76.071	4.2529
11811.036107	76.080	3.9014
11811.402318	76.087	3.5215
11811.768529	76.091	3.1074
11812.134740	76.086	2.7139
11812.500951	76.083	2.3799
11812.867162	76.087	2.0195
11813.233373	76.085	1.6250
11813.599584	76.078	1.2812
11813.965795	76.079	0.9717
11814.332006	76.085	0.6348
11814.698217	76.092	0.2461
11815.064428	76.090	-0.1641
11815.430639	76.083	-0.5039
11815.796850	76.088	-0.8125
11816.163061	76.097	-1.1914
11816.529272	76.099	-1.5771
11816.895483	76.103	-1.9443
11817.261694	76.107	-2.3574
11817.627905	76.102	-2.7314
11817.994116	76.106	-3.0566
11818.360327	76.116	-3.4629
11818.726538	76.112	-3.8770
11819.092749	76.111	-4.2188
11819.458960	76.115	-4.5918
11819.825170	76.111	-4.9531
11820.191381	76.116	-5.2471
11820.557592	76.132	-5.6426
11820.923803	76.126	-6.1006
11821.290014	76.112	-6.3936
11821.656225	76.124	-6.6357
11822.022436	76.141	-7.0166
11822.388647	76.144	-7.4082
11822.754858	76.152	-7.7598
11823.121069	76.160	-8.1973
11823.487280	76.147	-8.6074
11823.853491	76.141	-8.8623
11824.219702	76.159	-9.1855
11824.585913	76.161	-9.6621
11824.952124	76.137	-10.0000
11825.318335	76.136	-10.1426
11825.684546	76.170	-10.3965
11826.050757	76.198	-10.8896
11826.416968	76.196	-11.4287
11826.783179	76.180	-11.8457
11827.149390	76.171	-12.1865
11827.515601	76.165	-12.5469
11827.881812	76.154	-12.8643
11828.248023	76.155	-13.0977
11828.614234	76.176	-13.4277
11828.980445	76.183	-13.9092
11829.346656	76.168	-14.3174
11829.712867	76.160	-14.5938
11830.079078	76.167	-14.8936
11830.445289	76.174	-15.2324
11830.811500	76.185	-15.5859
11831.177710	76.194	-15.9980
11831.543921	76.192	-16.3838
11831.910132	76.200	-16.7021
11832.276343	76.220	-17.1260
11832.642554	76.217	-17.6396
11833.008765	76.199	-17.9893
11833.374976	76.206	-18.2451
11833.741187	76.223	-18.6455
11834.107398	76.219	-19.0615
11834.473609	76.222	-19.3525
11834.839820	76.243	-19.7285
11835.206031	76.246	-20.2383
11835.572242	76.226	-20.6309
11835.938453	76.219	-20.8770
11836.304664	76.226	-21.1504
11836.670875	76.234	-21.4512
11837.037086	76.248	-21.7510
11837.403297	76.267	-22.1357
11837.769508	76.271	-22.5752
11838.135719	76.265	-22.9307
11838.501930	76.272	-23.2363
11838.868141	76.284	-23.6348
11839.234352	76.281	-24.0762
11839.600563	76.271	-24.4229
11839.966774	76.272	-24.7393
11840.332985	76.273	-25.1113
11840.699196	76.266	-25.4395
11841.065407	76.271	-25.7168
11841.431618	76.284	-26.0762
11841.797829	76.286	-26.4707
11842.164039	76.291	-26.8115
11842.530250	76.304	-27.2197
11842.896461	76.300	-27.7012
11843.262672	76.281	-28.0518
11843.628883	76.281	-28.2871
11843.995094	76.298	-28.6016
11844.361305	76.309	-28.9961
11844.727516	76.316	-29.3887
11845.093727	76.322	-29.8164
11845.459938	76.313	-30.2324
11845.826149	76.303	-30.5059
11846.192360	76.319	-30.7510
11846.558571	76.342	-31.1768
11846.924782	76.338	-31.6445
11847.290993	76.332	-31.9375
11847.657204	76.352	-32.2578
11848.023415	76.363	-32.7773
11848.389626	76.342	-33.2129
11848.755837	76.334	-33.4365
11849.122048	76.355	-33.7549
11849.488259	76.360	-34.2402
11849.854470	76.345	-34.6211
11850.220681	76.345	-34.8955
11850.586892	76.357	-35.2617
11850.953103	76.356	-35.6611
11851.319314	76.355	-35.9805
11851.685525	76.368	-36.3203
11852.051736	76.377	-36.7441
11852.417947	76.377	-37.1572
11852.784158	76.377	-37.5312
11853.150369	76.377	-37.9014
11853.516579	76.379	-38.2412
11853.882790	76.389	-38.5781
11854.249001	76.401	-39.0000
11854.615212	76.396	-39.4326
11854.981423	76.391	-39.7490
11855.347634	76.403	-40.0576
11855.713845	76.416	-40.4922
11856.080056	76.410	-40.9277
11856.446267	76.403	-41.2480
11856.812478	76.410	-41.5664
11857.178689	76.417	-41.9502
11857.544900	76.418	-42.3359
11857.911111	76.416	-42.7070
11858.277322	76.413	-43.0615
11858.643533	76.412	-43.3750
11859.009744	76.418	-43.6865
11859.375955	76.427	-44.0273
11859.742166	76.438	-44.4033
11860.108377	76.445	-44.8428
11860.474588	76.436	-45.2676
11860.840799	76.425	-45.5615
11861.207010	76.434	-45.8193
11861.573221	76.450	-46.1777
11861.939432	76.457	-46.5742
11862.305643	76.461	-46.9277
11862.671854	76.471	-47.2725
11863.038065	76.483	-47.6504
11863.404276	76.493	-48.0635
11863.770487	76.497	-48.4834
11864.136698	76.497	-48.8906
11864.502908	76.493	-49.2812
11864.869119	76.486	-49.6035
11865.235330	76.493	-49.8740
11865.601541	76.511	-50.2451
11865.967752	76.513	-50.7051
11866.333963	76.502	-51.0576
11866.700174	76.506	-51.3301
11867.066385	76.520	-51.6904
11867.432596	76.525	-52.1123
11867.798807	76.523	-52.5010
11868.165018	76.524	-52.8662
11868.531229	76.524	-53.2422
11868.897440	76.522	-53.6113
11869.263651	76.520	-53.9336
11869.629862	76.530	-54.2500
11869.996073	76.543	-54.6455
11870.362284	76.547	-55.0732
11870.728495	76.547	-55.4854
11871.094706	76.542	-55.8789
11871.460917	76.539	-56.1787
11871.827128	76.557	-56.4854
11872.193339	76.573	-56.9844
11872.559550	76.555	-57.4404
11872.925761	76.546	-57.6641
11873.291972	76.569	-57.9678
11873.658183	76.576	-58.4111
11874.024394	76.575	-58.7402
11874.390605	76.592	-59.0928
11874.756816	76.595	-59.5801
11875.123027	76.577	-59.9199
11875.489238	76.585	-60.1162
11875.855448	76.615	-60.4902
11876.221659	76.620	-61.0117
11876.587870	76.603	-61.3955
11876.954081	76.604	-61.6523
11877.320292	76.622	-62.0205
11877.686503	76.622	-62.4766
11878.052714	76.613	-62.8223
11878.418925	76.619	-63.1328
11878.785136	76.626	-63.5234
11879.151347	76.626	-63.8877
11879.517558	76.633	-64.2363
11879.883769	76.640	-64.6445
11880.249980	76.641	-65.0186
11880.616191	76.652	-65.4160
11880.982402	76.649	-65.8926
11881.348613	76.630	-66.2236
11881.714824	76.639	-66.4434
11882.081035	76.663	-66.8457
11882.447246	76.662	-67.3174
11882.813457	76.655	-67.6494
11883.179668	76.663	-67.9736
11883.545879	76.669	-68.3408
11883.912090	76.677	-68.6816
11884.278301	76.690	-69.0811
11884.644512	76.689	-69.5176
11885.010723	76.683	-69.8496
11885.376934	76.693	-70.1533
11885.743145	76.707	-70.5576
11886.109356	76.706	-70.9971
11886.475567	76.697	-71.3574
11886.841778	76.698	-71.6328
11887.207988	76.717	-71.9551
11887.574199	76.732	-72.4395
11887.940410	76.718	-72.9102
11888.306621	76.705	-73.1816
11888.672832	76.722	-73.4639
11889.039043	76.734	-73.9209
11889.405254	76.725	-74.3330
11889.771465	76.727	-74.6367
11890.137676	76.738	-75.0342
11890.503887	76.732	-75.4502
11890.870098	76.730	-75.7285
11891.236309	76.752	-76.0645
11891.602520	76.761	-76.5635
11891.968731	76.748	-76.9580
11892.334942	76.754	-77.2119
11892.701153	76.781	-77.6289
11893.067364	76.780	-78.1709
11893.433575	76.763	-78.5439
11893.799786	76.767	-78.8506
11894.165997	76.771	-79.2705
11894.532208	76.760	-79.6035
11894.898419	76.774	-79.8477
11895.264630	76.799	-80.3174
11895.630841	76.784	-80.8350
11895.997052	76.765	-81.0654
11896.363263	76.789	-81.3008
11896.729474	76.809	-81.7812
11897.095685	76.801	-82.2031
11897.461896	76.807	-82.5107
11897.828107	76.821	-82.9336
11898.194317	76.815	-83.3633
11898.560528	76.815	-83.6689
11898.926739	76.834	-84.0439
11899.292950	76.838	-84.5479
11899.659161	76.819	-84.9551
11900.025372	76.811	-85.1914
11900.391583	76.828	-85.4531
11900.757794	76.848	-85.8535
11901.124005	76.854	-86.2783
11901.490216	76.859	-86.6660
11901.856427	76.863	-87.0771
11902.222638	76.860	-87.4609
11902.588849	76.864	-87.7871
11902.955060	76.875	-88.1768
11903.321271	76.874	-88.6172
11903.687482	76.864	-88.9531
11904.053693	76.870	-89.2197
11904.419904	76.887	-89.5840
11904.786115	76.892	-90.0166
11905.152326	76.889	-90.3506
11905.518537	76.906	-90.6680
11905.884748	76.922	-91.1631
11906.250959	76.905	-91.6377
11906.617170	76.893	-91.8564
11906.983381	76.922	-92.1230
11907.349592	76.944	-92.6562
11907.715803	76.932	-93.1406
11908.082014	76.927	-93.4756
11908.448225	76.932	-93.8770
11908.814436	76.923	-94.2695
11909.180647	76.922	-94.5498
11909.546857	76.938	-94.8994
11909.913068	76.942	-95.3389
11910.279279	76.935	-95.6875
11910.645490	76.942	-95.9844
11911.011701	76.954	-96.3389
11911.377912	76.964	-96.7041
11911.744123	76.979	-97.0967
11912.110334	76.985	-97.5605
11912.476545	76.977	-97.9502
11912.842756	76.982	-98.2354
11913.208967	77.002	-98.6328
11913.575178	77.002	-99.1074
11913.941389	76.993	-99.4590
11914.307600	77.000	-99.7734
11914.673811	77.010	-100.1543
11915.040022	77.018	-100.5420
11915.406233	77.026	-100.9932
11915.772444	77.012	-101.4541
11916.138655	76.995	-101.7158
11916.504866	77.011	-101.9307
11916.871077	77.036	-102.3604
11917.237288	77.034	-102.8408
11917.603499	77.027	-103.1787
11917.969710	77.037	-103.5039
11918.335921	77.050	-103.9287
11918.702132	77.050	-104.3809
11919.068343	77.043	-104.7744
11919.434554	77.040	-105.0977
11919.800765	77.049	-105.4189
11920.166976	77.063	-105.8086
11920.533186	77.069	-106.2549
11920.899397	77.064	-106.6689
11921.265608	77.063	-107.0068
11921.631819	77.071	-107.3506
11921.998030	77.080	-107.7344
11922.364241	77.088	-108.1143
11922.730452	77.100	-108.5449
11923.096663	77.096	-109.0137
11923.462874	77.084	-109.3379
11923.829085	77.099	-109.6045
11924.195296	77.122	-110.0820
11924.561507	77.109	-110.6201
11924.927718	77.083	-110.9033
11925.293929	77.094	-111.0850
11925.660140	77.122	-111.4717
11926.026351	77.123	-111.9609
11926.392562	77.112	-112.3027
11926.758773	77.121	-112.5771
11927.124984	77.137	-112.9697
11927.491195	77.137	-113.3818
11927.857406	77.139	-113.7070
11928.223617	77.153	-114.0605
11928.589828	77.164	-114.4756
11928.956039	77.172	-114.8965
11929.322250	77.175	-115.3516
11929.688461	77.164	-115.7607
11930.054672	77.161	-116.0439
11930.420883	77.180	-116.3896
11930.787094	77.186	-116.8564
11931.153305	77.180	-117.2256
11931.519516	77.192	-117.5498
11931.885726	77.205	-118.0244
11932.251937	77.193	-118.4736
11932.618148	77.188	-118.7568
11932.984359	77.206	-119.1055
11933.350570	77.213	-119.5908
11933.716781	77.201	-119.9941
11934.082992	77.201	-120.3027
11934.449203	77.210	-120.6787
11934.815414	77.207	-121.0703
11935.181625	77.207	-121.3672
11935.547836	77.224	-121.6895
11935.914047	77.239	-122.1328
11936.280258	77.240	-122.5703
11936.646469	77.241	-122.9746
11937.012680	77.236	-123.3906
11937.378891	77.226	-123.7061
11937.745102	77.238	-123.9590
11938.111313	77.261	-124.3604
11938.477524	77.266	-124.8252
11938.843735	77.268	-125.2158
11939.209946	77.275	-125.6631
11939.576157	77.264	-126.1045
11939.942368	77.256	-126.3926
11940.308579	77.272	-126.7246
11940.674790	77.276	-127.1768
11941.041001	77.267	-127.5254
11941.407212	77.275	-127.8115
11941.773423	77.289	-128.1992
11942.139634	77.292	-128.5771
11942.505845	77.304	-128.8936
11942.872056	77.328	-129.3271
11943.238266	77.330	-129.8652
11943.604477	77.312	-130.2705
11943.970688	77.307	-130.5244
11944.336899	77.322	-130.8232
11944.703110	77.336	-131.1865
11945.069321	77.353	-131.5488
11945.435532	77.375	-132.0146
11945.801743	77.374	-132.5508
11946.167954	77.360	-132.9521
11946.534165	77.360	-133.2852
11946.900376	77.363	-133.6807
11947.266587	77.359	-134.0420
11947.632798	77.364	-134.3857
11947.999009	77.367	-134.7930
11948.365220	77.360	-135.1553
11948.731431	77.362	-135.4590
11949.097642	77.371	-135.8057
11949.463853	77.378	-136.1699
11949.830064	77.387	-136.5469
11950.196275	77.393	-136.9512
11950.562486	77.398	-137.3369
11950.928697	77.405	-137.7676
11951.294908	77.395	-138.2080
11951.661119	77.385	-138.4756
11952.027330	77.408	-138.7393
11952.393541	77.430	-139.2412
11952.759752	77.418	-139.7158
11953.125963	77.414	-139.9834
11953.492174	77.439	-140.3408
11953.858385	77.449	-140.8682
11954.224595	77.434	-141.2988
11954.590806	77.431	-141.5938
11954.957017	77.446	-141.9287
11955.323228	77.458	-142.3672
11955.689439	77.457	-142.8135
11956.055650	77.451	-143.1816
11956.421861	77.455	-143.5234
11956.788072	77.462	-143.9180
11957.154283	77.462	-144.3311
11957.520494	77.456	-144.7012
11957.886705	77.454	-145.0215
11958.252916	77.462	-145.3330
11958.619127	77.475	-145.7021
11958.985338	77.483	-146.1318
11959.351549	77.482	-146.5479
11959.717760	77.481	-146.9219
11960.083971	77.485	-147.2939
11960.450182	77.490	-147.6992
11960.816393	77.488	-148.1133
11961.182604	77.483	-148.4746
11961.548815	77.487	-148.8105
11961.915026	77.494	-149.1963
11962.281237	77.496	-149.5693
11962.647448	77.506	-149.9053
11963.013659	77.522	-150.3408
11963.379870	77.519	-150.8262
11963.746081	77.508	-151.1533
11964.112292	77.523	-151.4209
11964.478503	77.548	-151.8604
11964.844714	77.551	-152.3818
11965.210925	77.540	-152.7900
11965.577135	77.538	-153.1289
11965.943346	77.541	-153.4844
11966.309557	77.543	-153.8252
11966.675768	77.550	-154.1514
11967.041979	77.560	-154.4922
11967.408190	77.574	-154.8496
11967.774401	77.590	-155.2764
11968.140612	77.592	-155.7529
11968.506823	77.582	-156.1191
11968.873034	77.592	-156.4238
11969.239245	77.607	-156.8633
11969.605456	77.601	-157.3311
11969.971667	77.592	-157.6426
11970.337878	77.607	-157.9443
11970.704089	77.627	-158.3965
11971.070300	77.628	-158.9219
11971.436511	77.613	-159.3691
11971.802722	77.601	-159.6768
11972.168933	77.612	-159.9766
11972.535144	77.626	-160.4102
11972.901355	77.623	-160.8506
11973.267566	77.622	-161.2070
11973.633777	77.628	-161.5928
11973.999988	77.627	-161.9619
11974.366199	77.638	-162.2656
11974.732410	77.663	-162.6992
11975.098621	77.664	-163.2344
11975.464832	77.649	-163.6074
11975.831043	77.658	-163.8955
11976.197254	77.675	-164.3184
11976.563464	77.676	-164.7783
11976.929675	77.674	-165.1631
11977.295886	77.677	-165.5605
11977.662097	77.670	-165.9697
11978.028308	77.661	-166.2793
11978.394519	77.669	-166.5420
11978.760730	77.687	-166.8994
11979.126941	77.695	-167.3184
11979.493152	77.700	-167.6963
11979.859363	77.712	-168.0977
11980.225574	77.715	-168.5859
11980.591785	77.699	-168.9922
11980.957996	77.697	-169.2559
11981.324207	77.718	-169.6299
11981.690418	77.718	-170.1631
11982.056629	77.692	-170.5322
11982.422840	77.691	-170.7012
11982.789051	77.725	-171.0186
11983.155262	77.741	-171.5566
11983.521473	77.728	-172.0352
11983.887684	77.717	-172.3496
11984.253895	77.725	-172.6357
11984.620106	77.741	-173.0010
11984.986317	77.752	-173.4307
11985.352528	77.756	-173.8564
11985.718739	77.757	-174.2676
11986.084950	77.753	-174.6621
11986.451161	77.749	-174.9561
11986.817372	77.769	-175.2197
11987.183583	77.801	-175.6738
11987.549794	77.805	-176.2461
11987.916004	77.790	-176.6719
11988.282215	77.790	-177.0020
11988.648426	77.796	-177.4004
11989.014637	77.793	-177.7939
11989.380848	77.796	-178.1270
11989.747059	77.808	-178.5078
11990.113270	77.814	-178.9678
11990.479481	77.803	-179.4004
11990.845692	77.790	-179.6875
11991.211903	77.805	-179.9004
11991.578114	77.841	179.6904
11991.944325	77.849	179.0947
11992.310536	77.828	178.6660
11992.676747	77.831	178.3770
11993.042958	77.846	177.9189
11993.409169	77.831	177.4463
11993.775380	77.820	177.1865
11994.141591	77.841	176.8799
11994.507802	77.853	176.3945
11994.874013	77.847	175.9727
11995.240224	77.850	175.6123
11995.606435	77.854	175.1787
11995.972646	77.846	174.7959
11996.338857	77.850	174.4844
11996.705068	77.863	174.0830
11997.071279	77.862	173.6582
11997.437490	77.862	173.3184
11997.803701	77.873	172.9629
11998.169912	77.883	172.5693
11998.536123	77.897	172.1621
11998.902333	77.909	171.6377
11999.268544	77.890	171.0947
11999.634755	77.859	170.8066
12000.000966	77.865	170.6543
