* Measurement data measured by REW V5.40 beta 133
* Source: EXCL: Behringer UMC22 (USB Audio CODEC ), MICROPHONE (Master Volume), L, Volume: 1.000
* Format: 256k Log Swept Sine, 1 sweep at -20.0 dBFS using a loopback as calibration and timing reference
* Dated: Sep 6, 2026, 2:07:08 PM
* REW Settings:
*  C-weighting compensation: Off
*  Target level: 75.0 dB
* Note: DELAY 3.1100 ms (1.067 m, 3 ft 6 in) relative to Loopback as cal ref from  L to MICROPHONE (Master Volume) R with no timing offset
* Measurement: SB17-IW-0deg-1m-U22-260906-C6
* Smoothing: None
* Frequency Step: 0.36621097 Hz
* Start Frequency: 500.0 Hz
*
* Freq(Hz)	SPL(dB)	Phase(degrees)
499.877960	85.320	-146.2858
500.244171	85.323	-146.6852
500.610382	85.331	-147.0757
500.976593	85.340	-147.5000
501.342804	85.345	-147.9208
501.709015	85.350	-148.3190
502.075226	85.358	-148.7240
502.441437	85.364	-149.1326
502.807648	85.371	-149.5287
503.173859	85.381	-149.9344
503.540070	85.390	-150.3654
503.906281	85.395	-150.7935
504.272492	85.399	-151.1989
504.638703	85.407	-151.6035
505.004914	85.413	-152.0218
505.371125	85.419	-152.4355
505.737336	85.425	-152.8401
506.103547	85.432	-153.2518
506.469758	85.438	-153.6644
506.835969	85.444	-154.0662
507.202180	85.452	-154.4749
507.568391	85.460	-154.8978
507.934601	85.465	-155.3125
508.300812	85.472	-155.7208
508.667023	85.479	-156.1417
509.033234	85.484	-156.5576
509.399445	85.490	-156.9547
509.765656	85.498	-157.3602
510.131867	85.507	-157.7836
510.498078	85.513	-158.2072
510.864289	85.518	-158.6245
511.230500	85.524	-159.0341
511.596711	85.532	-159.4474
511.962922	85.539	-159.8798
512.329133	85.542	-160.3037
512.695344	85.545	-160.6976
513.061555	85.553	-161.0982
513.427766	85.559	-161.5151
513.793977	85.565	-161.9139
514.160188	85.574	-162.3157
514.526399	85.583	-162.7556
514.892610	85.585	-163.1884
515.258821	85.588	-163.5782
515.625032	85.597	-163.9762
515.991243	85.605	-164.4082
516.357454	85.609	-164.8306
516.723665	85.615	-165.2519
517.089876	85.620	-165.7319
517.456087	85.623	-166.2056
517.822298	85.628	-166.6591
518.188509	85.635	-167.1196
518.554720	85.642	-167.5922
518.920931	85.648	-168.0687
519.287141	85.653	-168.5471
519.653352	85.658	-169.0130
520.019563	85.664	-169.4761
520.385774	85.671	-169.9540
520.751985	85.676	-170.4270
521.118196	85.682	-170.8961
521.484407	85.688	-171.3795
521.850618	85.691	-171.8472
522.216829	85.698	-172.3011
522.583040	85.706	-172.7877
522.949251	85.709	-173.2775
523.315462	85.713	-173.7307
523.681673	85.723	-174.2009
524.047884	85.729	-174.7096
524.414095	85.729	-175.1911
524.780306	85.732	-175.6325
525.146517	85.741	-176.0926
525.512728	85.749	-176.5881
525.878939	85.752	-177.0812
526.245150	85.755	-177.5545
526.611361	85.759	-178.0195
526.977572	85.763	-178.4833
527.343783	85.769	-178.9487
527.709994	85.776	-179.4265
528.076205	85.781	-179.9155
528.442416	85.783	179.6076
528.808627	85.786	179.1523
529.174838	85.792	178.7011
529.541049	85.800	178.2398
529.907260	85.809	177.7640
530.273470	85.817	177.2668
530.639681	85.820	176.7686
531.005892	85.823	176.2990
531.372103	85.830	175.8323
531.738314	85.837	175.3364
532.104525	85.840	174.8420
532.470736	85.842	174.3683
532.836947	85.846	173.8923
533.203158	85.849	173.4214
533.569369	85.855	172.9622
533.935580	85.863	172.4803
534.301791	85.867	171.9796
534.668002	85.869	171.4964
535.034213	85.872	171.0262
535.400424	85.877	170.5538
535.766635	85.881	170.0792
536.132846	85.886	169.5977
536.499057	85.890	169.1177
536.865268	85.894	168.6426
537.231479	85.899	168.1836
537.597690	85.899	167.7535
537.963901	85.901	167.3593
538.330112	85.909	166.9522
538.696323	85.914	166.5128
539.062534	85.916	166.1000
539.428745	85.924	165.6960
539.794956	85.932	165.2403
540.161167	85.930	164.7915
540.527378	85.930	164.4056
540.893589	85.939	164.0088
541.259800	85.947	163.5619
541.626010	85.948	163.1238
541.992221	85.951	162.7114
542.358432	85.955	162.2922
542.724643	85.959	161.8700
543.090854	85.962	161.4582
543.457065	85.969	161.0414
543.823276	85.974	160.6059
544.189487	85.977	160.1656
544.555698	85.978	159.7451
544.921909	85.982	159.3430
545.288120	85.989	158.9289
545.654331	85.995	158.4899
546.020542	85.998	158.0519
546.386753	86.000	157.6356
546.752964	86.006	157.2211
547.119175	86.012	156.7874
547.485386	86.015	156.3502
547.851597	86.018	155.9266
548.217808	86.022	155.5045
548.584019	86.026	155.0777
548.950230	86.030	154.6559
549.316441	86.034	154.2330
549.682652	86.039	153.8019
550.048863	86.042	153.3737
550.415074	86.045	152.9529
550.781285	86.050	152.5287
551.147496	86.054	152.0964
551.513707	86.057	151.6611
551.879918	86.058	151.2373
552.246129	86.061	150.8314
552.612339	86.067	150.4167
552.978550	86.073	149.9706
553.344761	86.074	149.5179
553.710972	86.073	149.0925
554.077183	86.074	148.6888
554.443394	86.079	148.2787
554.809605	86.083	147.8497
555.175816	86.085	147.4202
555.542027	86.087	147.0090
555.908238	86.093	146.5936
556.274449	86.098	146.1505
556.640660	86.099	145.7105
557.006871	86.100	145.2982
557.373082	86.106	144.8786
557.739293	86.111	144.4280
558.105504	86.111	143.9783
558.471715	86.109	143.5280
558.837926	86.111	143.0823
559.204137	86.115	142.6223
559.570348	86.118	142.1517
559.936559	86.120	141.6909
560.302770	86.123	141.2346
560.668981	86.127	140.7670
561.035192	86.130	140.2932
561.401403	86.133	139.8210
561.767614	86.134	139.3552
562.133825	86.136	138.9017
562.500036	86.141	138.4401
562.866247	86.145	137.9517
563.232458	86.145	137.4685
563.598669	86.144	137.0166
563.964879	86.147	136.5667
564.331090	86.151	136.0946
564.697301	86.153	135.6161
565.063512	86.152	135.1509
565.429723	86.153	134.6987
565.795934	86.155	134.2480
566.162145	86.158	133.7931
566.528356	86.162	133.3345
566.894567	86.165	132.8694
567.260778	86.169	132.3991
567.626989	86.171	131.9291
567.993200	86.174	131.4564
568.359411	86.176	130.9799
568.725622	86.176	130.5103
569.091833	86.178	130.0483
569.458044	86.180	129.5837
569.824255	86.182	129.1128
570.190466	86.184	128.6396
570.556677	86.185	128.1676
570.922888	86.185	127.7012
571.289099	86.186	127.2398
571.655310	86.188	126.7794
572.021521	86.189	126.3232
572.387732	86.193	125.8661
572.753943	86.198	125.3857
573.120154	86.198	124.8972
573.486365	86.197	124.4415
573.852576	86.201	123.9894
574.218787	86.204	123.4991
574.584998	86.200	123.0226
574.951209	86.200	122.5885
575.317419	86.205	122.1342
575.683630	86.206	121.6550
576.049841	86.207	121.1943
576.416052	86.209	120.7272
576.782263	86.208	120.2504
577.148474	86.207	119.8062
577.514685	86.211	119.3596
577.880896	86.214	118.8785
578.247107	86.213	118.4147
578.613318	86.216	117.9650
578.979529	86.219	117.4799
579.345740	86.217	116.9996
579.711951	86.216	116.5573
580.078162	86.220	116.1007
580.444373	86.222	115.6415
580.810584	86.222	115.2075
581.176795	86.226	114.7681
581.543006	86.226	114.3062
581.909217	86.223	113.8629
582.275428	86.222	113.4481
582.641639	86.225	113.0234
583.007850	86.226	112.5814
583.374061	86.226	112.1471
583.740272	86.227	111.7211
584.106483	86.229	111.2819
584.472694	86.228	110.8370
584.838905	86.226	110.4139
585.205116	86.228	110.0005
585.571327	86.231	109.5634
585.937538	86.230	109.1188
586.303748	86.228	108.7037
586.669959	86.231	108.2951
587.036170	86.236	107.8508
587.402381	86.235	107.3955
587.768592	86.233	106.9706
588.134803	86.235	106.5546
588.501014	86.238	106.1165
588.867225	86.238	105.6765
589.233436	86.240	105.2460
589.599647	86.244	104.7947
589.965858	86.243	104.3256
590.332069	86.238	103.8887
590.698280	86.237	103.4871
591.064491	86.242	103.0622
591.430702	86.244	102.6001
591.796913	86.241	102.1548
592.163124	86.240	101.7416
592.529335	86.243	101.3178
592.895546	86.245	100.8740
593.261757	86.245	100.4365
593.627968	86.245	100.0079
593.994179	86.245	99.5807
594.360390	86.247	99.1550
594.726601	86.249	98.7222
595.092812	86.250	98.2806
595.459023	86.250	97.8356
595.825234	86.248	97.3930
596.191445	86.245	96.9724
596.557656	86.246	96.5676
596.923867	86.250	96.1310
597.290078	86.249	95.6682
597.656288	86.244	95.2374
598.022499	86.244	94.8269
598.388710	86.246	94.3839
598.754921	86.243	93.9329
599.121132	86.239	93.5165
599.487343	86.241	93.0981
599.853554	86.242	92.6421
600.219765	86.238	92.1929
600.585976	86.235	91.7800
600.952187	86.237	91.3559
601.318398	86.238	90.8987
601.684609	86.234	90.4512
602.050820	86.232	90.0240
602.417031	86.231	89.5908
602.783242	86.228	89.1580
603.149453	86.227	88.7303
603.515664	86.228	88.2764
603.881875	86.227	87.8187
604.248086	86.226	87.3710
604.614297	86.228	86.9155
604.980508	86.227	86.4434
605.346719	86.224	85.9827
605.712930	86.223	85.5425
606.079141	86.225	85.0922
606.445352	86.225	84.6210
606.811563	86.222	84.1592
607.177774	86.220	83.7182
607.543985	86.221	83.2763
607.910196	86.222	82.8238
608.276407	86.223	82.3643
608.642617	86.224	81.8970
609.008828	86.222	81.4304
609.375039	86.220	80.9763
609.741250	86.219	80.5327
610.107461	86.219	80.0891
610.473672	86.221	79.6352
610.839883	86.221	79.1748
611.206094	86.222	78.7163
611.572305	86.222	78.2479
611.938516	86.220	77.7753
612.304727	86.216	77.3308
612.670938	86.216	76.8984
613.037149	86.219	76.4344
613.403360	86.216	75.9604
613.769571	86.212	75.5183
614.135782	86.212	75.0831
614.501993	86.214	74.6205
614.868204	86.211	74.1558
615.234415	86.209	73.7121
615.600626	86.210	73.2579
615.966837	86.208	72.7798
616.333048	86.201	72.3248
616.699259	86.198	71.9039
617.065470	86.200	71.4620
617.431681	86.199	70.9907
617.797892	86.193	70.5416
618.164103	86.191	70.1201
618.530314	86.193	69.6816
618.896525	86.194	69.2184
619.262736	86.192	68.7643
619.628947	86.191	68.3223
619.995157	86.193	67.8577
620.361368	86.191	67.3735
620.727579	86.184	66.9158
621.093790	86.181	66.4879
621.460001	86.181	66.0472
621.826212	86.180	65.5870
622.192423	86.177	65.1391
622.558634	86.176	64.7012
622.924845	86.176	64.2437
623.291056	86.172	63.7798
623.657267	86.168	63.3480
624.023478	86.168	62.9197
624.389689	86.170	62.4518
624.755900	86.165	61.9866
625.122111	86.161	61.5565
625.488322	86.161	61.1174
625.854533	86.159	60.6645
626.220744	86.158	60.2231
626.586955	86.159	59.7626
626.953166	86.156	59.2914
627.319377	86.150	58.8669
627.685588	86.148	58.4500
628.051799	86.146	58.0169
628.418010	86.142	57.5939
628.784221	86.141	57.1649
629.150432	86.137	56.7216
629.516643	86.131	56.3077
629.882854	86.129	55.9059
630.249065	86.130	55.4706
630.615276	86.126	55.0302
630.981486	86.121	54.6125
631.347697	86.119	54.2003
631.713908	86.118	53.7782
632.080119	86.117	53.3403
632.446330	86.114	52.9006
632.812541	86.110	52.4767
633.178752	86.107	52.0510
633.544963	86.103	51.6203
633.911174	86.098	51.2043
634.277385	86.096	50.7928
634.643596	86.094	50.3763
635.009807	86.094	49.9551
635.376018	86.093	49.5110
635.742229	86.087	49.0652
636.108440	86.079	48.6608
636.474651	86.077	48.2672
636.840862	86.077	47.8479
637.207073	86.074	47.4269
637.573284	86.073	47.0099
637.939495	86.070	46.5865
638.305706	86.067	46.1736
638.671917	86.067	45.7627
639.038128	86.066	45.3341
639.404339	86.063	44.9095
639.770550	86.061	44.4922
640.136761	86.060	44.0576
640.502972	86.055	43.6263
640.869183	86.050	43.2213
641.235394	86.049	42.8130
641.601605	86.048	42.3870
641.967816	86.044	41.9645
642.334026	86.041	41.5509
642.700237	86.040	41.1295
643.066448	86.037	40.6931
643.432659	86.030	40.2679
643.798870	86.024	39.8794
644.165081	86.026	39.4833
644.531292	86.026	39.0397
644.897503	86.020	38.5995
645.263714	86.015	38.1917
645.629925	86.013	37.7732
645.996136	86.008	37.3472
646.362347	86.003	36.9426
646.728558	86.002	36.5314
647.094769	86.000	36.0975
647.460980	85.995	35.6660
647.827191	85.990	35.2451
648.193402	85.986	34.8279
648.559613	85.981	34.4131
648.925824	85.977	34.0048
649.292035	85.975	33.6002
649.658246	85.975	33.1744
650.024457	85.970	32.7340
650.390668	85.964	32.3233
650.756879	85.963	31.9228
651.123090	85.962	31.4877
651.489301	85.957	31.0576
651.855512	85.953	30.6359
652.221723	85.953	30.1867
652.587934	85.949	29.7242
652.954145	85.944	29.2903
653.320356	85.942	28.8609
653.686566	85.942	28.4137
654.052777	85.940	27.9611
654.418988	85.937	27.5049
654.785199	85.932	27.0577
655.151410	85.930	26.6241
655.517621	85.929	26.1697
655.883832	85.925	25.7002
656.250043	85.917	25.2587
656.616254	85.914	24.8345
656.982465	85.912	24.3950
657.348676	85.910	23.9422
657.714887	85.905	23.4885
658.081098	85.899	23.0475
658.447309	85.895	22.6223
658.813520	85.893	22.1876
659.179731	85.890	21.7364
659.545942	85.885	21.2980
659.912153	85.881	20.8776
660.278364	85.881	20.4425
660.644575	85.879	19.9853
661.010786	85.873	19.5386
661.376997	85.869	19.1144
661.743208	85.867	18.6849
662.109419	85.866	18.2380
662.475630	85.862	17.7852
662.841841	85.856	17.3380
663.208052	85.850	16.9155
663.574263	85.848	16.5084
663.940474	85.850	16.0671
664.306685	85.847	15.5963
664.672895	85.839	15.1516
665.039106	85.834	14.7316
665.405317	85.832	14.2984
665.771528	85.829	13.8523
666.137739	85.823	13.4122
666.503950	85.819	12.9820
666.870161	85.815	12.5482
667.236372	85.811	12.1065
667.602583	85.806	11.6738
667.968794	85.803	11.2418
668.335005	85.800	10.7936
668.701216	85.793	10.3578
669.067427	85.789	9.9404
669.433638	85.787	9.4990
669.799849	85.781	9.0475
670.166060	85.775	8.6290
670.532271	85.773	8.2124
670.898482	85.772	7.7629
671.264693	85.766	7.3163
671.630904	85.760	6.8953
671.997115	85.758	6.4685
672.363326	85.755	6.0261
672.729537	85.751	5.5901
673.095748	85.749	5.1534
673.461959	85.745	4.7007
673.828170	85.737	4.2629
674.194381	85.732	3.8570
674.560592	85.733	3.4362
674.926803	85.731	2.9789
675.293014	85.725	2.5298
675.659225	85.720	2.1061
676.025435	85.717	1.6794
676.391646	85.713	1.2476
676.757857	85.711	0.8185
677.124068	85.709	0.3737
677.490279	85.703	-0.0615
677.856490	85.695	-0.4551
678.222701	85.691	-0.8295
678.588912	85.690	-1.2253
678.955123	85.686	-1.6343
679.321334	85.682	-2.0333
679.687545	85.679	-2.4328
680.053756	85.675	-2.8401
680.419967	85.670	-3.2464
680.786178	85.665	-3.6497
681.152389	85.660	-4.0491
681.518600	85.656	-4.4489
681.884811	85.650	-4.8538
682.251022	85.643	-5.2466
682.617233	85.639	-5.6242
682.983444	85.638	-6.0176
683.349655	85.634	-6.4324
683.715866	85.628	-6.8369
684.082077	85.623	-7.2186
684.448288	85.621	-7.6012
684.814499	85.621	-8.0123
685.180710	85.615	-8.4368
685.546921	85.607	-8.8294
685.913132	85.603	-9.1951
686.279343	85.604	-9.5812
686.645554	85.602	-9.9933
687.011764	85.597	-10.4006
687.377975	85.592	-10.7880
687.744186	85.590	-11.1678
688.110397	85.590	-11.5699
688.476608	85.585	-11.9902
688.842819	85.577	-12.3790
689.209030	85.574	-12.7464
689.575241	85.574	-13.1476
689.941452	85.568	-13.5563
690.307663	85.562	-13.9307
690.673874	85.561	-14.3198
691.040085	85.556	-14.7401
691.406296	85.546	-15.1279
691.772507	85.542	-15.4866
692.138718	85.542	-15.8818
692.504929	85.537	-16.2994
692.871140	85.530	-16.6901
693.237351	85.526	-17.0770
693.603562	85.522	-17.4888
693.969773	85.513	-17.8916
694.335984	85.506	-18.2683
694.702195	85.503	-18.6512
695.068406	85.498	-19.0452
695.434617	85.492	-19.4254
695.800828	85.490	-19.7974
696.167039	85.491	-20.1883
696.533250	85.490	-20.6084
696.899461	85.484	-21.0313
697.265672	85.478	-21.4267
697.631883	85.474	-21.8140
697.998094	85.470	-22.2173
698.364304	85.463	-22.6099
698.730515	85.459	-22.9867
699.096726	85.457	-23.3753
699.462937	85.454	-23.7664
699.829148	85.453	-24.1628
700.195359	85.449	-24.5870
700.561570	85.439	-24.9924
700.927781	85.433	-25.3502
701.293992	85.434	-25.7335
701.660203	85.430	-26.1649
702.026414	85.420	-26.5717
702.392625	85.412	-26.9393
702.758836	85.408	-27.3134
703.125047	85.405	-27.7000
703.491258	85.401	-28.0850
703.857469	85.398	-28.4753
704.223680	85.394	-28.8942
704.589891	85.389	-29.3173
704.956102	85.384	-29.7269
705.322313	85.382	-30.1370
705.688524	85.380	-30.5624
706.054735	85.377	-30.9955
706.420946	85.372	-31.4213
706.787157	85.367	-31.8353
707.153368	85.364	-32.2474
707.519579	85.362	-32.6713
707.885790	85.357	-33.0967
708.252001	85.351	-33.5009
708.618212	85.349	-33.8967
708.984423	85.348	-34.3126
709.350634	85.345	-34.7379
709.716844	85.342	-35.1540
710.083055	85.340	-35.5789
710.449266	85.336	-36.0194
710.815477	85.328	-36.4390
711.181688	85.323	-36.8329
711.547899	85.322	-37.2478
711.914110	85.319	-37.6884
712.280321	85.311	-38.1132
712.646532	85.305	-38.5198
713.012743	85.301	-38.9288
713.378954	85.296	-39.3338
713.745165	85.294	-39.7386
714.111376	85.292	-40.1625
714.477587	85.288	-40.5967
714.843798	85.282	-41.0181
715.210009	85.276	-41.4229
715.576220	85.271	-41.8215
715.942431	85.269	-42.2236
716.308642	85.266	-42.6298
716.674853	85.265	-43.0416
717.041064	85.262	-43.4652
717.407275	85.257	-43.8849
717.773486	85.253	-44.2853
718.139697	85.251	-44.6902
718.505908	85.249	-45.1140
718.872119	85.244	-45.5325
719.238330	85.239	-45.9413
719.604541	85.233	-46.3453
719.970752	85.230	-46.7340
720.336963	85.231	-47.1386
720.703173	85.229	-47.5872
721.069384	85.219	-48.0145
721.435595	85.212	-48.3868
721.801806	85.214	-48.7845
722.168017	85.212	-49.2303
722.534228	85.203	-49.6457
722.900439	85.200	-50.0255
723.266650	85.202	-50.4385
723.632861	85.200	-50.8895
723.999072	85.192	-51.3226
724.365283	85.184	-51.7142
724.731494	85.183	-52.1010
725.097705	85.183	-52.5194
725.463916	85.179	-52.9468
725.830127	85.173	-53.3547
726.196338	85.170	-53.7587
726.562549	85.165	-54.1630
726.928760	85.162	-54.5546
727.294971	85.162	-54.9575
727.661182	85.159	-55.3864
728.027393	85.152	-55.8017
728.393604	85.146	-56.1822
728.759815	85.144	-56.5595
729.126026	85.144	-56.9625
729.492237	85.142	-57.3853
729.858448	85.136	-57.8008
730.224659	85.131	-58.1927
730.590870	85.128	-58.5802
730.957081	85.127	-58.9899
731.323292	85.123	-59.4068
731.689503	85.119	-59.8073
732.055713	85.117	-60.1959
732.421924	85.113	-60.6000
732.788135	85.107	-60.9873
733.154346	85.104	-61.3602
733.520557	85.101	-61.7510
733.886768	85.096	-62.1345
734.252979	85.095	-62.4991
734.619190	85.097	-62.9002
734.985401	85.093	-63.3290
735.351612	85.084	-63.7155
735.717823	85.080	-64.0755
736.084034	85.080	-64.4569
736.450245	85.078	-64.8479
736.816456	85.076	-65.2450
737.182667	85.073	-65.6533
737.548878	85.066	-66.0419
737.915089	85.063	-66.4161
738.281300	85.060	-66.8105
738.647511	85.054	-67.1971
739.013722	85.051	-67.5554
739.379933	85.052	-67.9392
739.746144	85.050	-68.3588
740.112355	85.042	-68.7531
740.478566	85.038	-69.1193
740.844777	85.036	-69.4987
741.210988	85.033	-69.8827
741.577199	85.031	-70.2626
741.943410	85.030	-70.6622
742.309621	85.024	-71.0601
742.675832	85.018	-71.4201
743.042042	85.019	-71.7769
743.408253	85.022	-72.1757
743.774464	85.020	-72.5977
744.140675	85.013	-72.9994
744.506886	85.007	-73.3702
744.873097	85.005	-73.7374
745.239308	85.004	-74.1216
745.605519	85.000	-74.5021
745.971730	84.999	-74.8759
746.337941	84.998	-75.2696
746.704152	84.994	-75.6603
747.070363	84.991	-76.0240
747.436574	84.991	-76.4051
747.802785	84.988	-76.8072
748.168996	84.983	-77.1802
748.535207	84.983	-77.5510
748.901418	84.982	-77.9498
749.267629	84.977	-78.3264
749.633840	84.978	-78.6975
750.000051	84.977	-79.1221
750.366262	84.966	-79.5262
750.732473	84.959	-79.8563
751.098684	84.963	-80.2142
751.464895	84.961	-80.6252
751.831106	84.955	-81.0009
752.197317	84.954	-81.3593
752.563528	84.953	-81.7531
752.929739	84.948	-82.1352
753.295950	84.945	-82.4956
753.662161	84.945	-82.8810
754.028372	84.941	-83.2633
754.394582	84.939	-83.6185
754.760793	84.943	-84.0032
755.127004	84.941	-84.4241
755.493215	84.934	-84.8213
755.859426	84.930	-85.1918
756.225637	84.927	-85.5676
756.591848	84.924	-85.9414
756.958059	84.923	-86.3114
757.324270	84.922	-86.6956
757.690481	84.920	-87.0806
758.056692	84.920	-87.4600
758.422903	84.921	-87.8676
758.789114	84.915	-88.2858
759.155325	84.907	-88.6547
759.521536	84.905	-89.0034
759.887747	84.906	-89.3907
760.253958	84.903	-89.7867
760.620169	84.898	-90.1562
760.986380	84.897	-90.5273
761.352591	84.896	-90.9062
761.718802	84.896	-91.2884
762.085013	84.896	-91.6869
762.451224	84.892	-92.0885
762.817435	84.887	-92.4647
763.183646	84.885	-92.8286
763.549857	84.886	-93.2094
763.916068	84.884	-93.6038
764.282279	84.881	-93.9916
764.648490	84.878	-94.3688
765.014701	84.876	-94.7419
765.380911	84.875	-95.1192
765.747122	84.875	-95.5090
766.113333	84.872	-95.8996
766.479544	84.868	-96.2713
766.845755	84.868	-96.6379
767.211966	84.869	-97.0203
767.578177	84.869	-97.4184
767.944388	84.866	-97.8233
768.310599	84.860	-98.2014
768.676810	84.858	-98.5415
769.043021	84.863	-98.9086
769.409232	84.865	-99.3199
769.775443	84.862	-99.7177
770.141654	84.860	-100.1107
770.507865	84.854	-100.5059
770.874076	84.848	-100.8491
771.240287	84.852	-101.1906
771.606498	84.855	-101.6016
771.972709	84.849	-101.9949
772.338920	84.848	-102.3334
772.705131	84.853	-102.7158
773.071342	84.851	-103.1321
773.437553	84.847	-103.5061
773.803764	84.848	-103.8799
774.169975	84.846	-104.2824
774.536186	84.841	-104.6567
774.902397	84.842	-105.0161
775.268608	84.844	-105.4110
775.634819	84.841	-105.8118
776.001030	84.838	-106.1906
776.367241	84.836	-106.5677
776.733451	84.834	-106.9344
777.099662	84.835	-107.2952
777.465873	84.839	-107.6957
777.832084	84.835	-108.1073
778.198295	84.829	-108.4664
778.564506	84.831	-108.8132
778.930717	84.835	-109.2013
779.296928	84.835	-109.6034
779.663139	84.833	-109.9993
780.029350	84.829	-110.3825
780.395561	84.827	-110.7362
780.761772	84.830	-111.0988
781.127983	84.833	-111.5037
781.494194	84.829	-111.9006
781.860405	84.827	-112.2696
782.226616	84.827	-112.6559
782.592827	84.824	-113.0491
782.959038	84.821	-113.4162
783.325249	84.821	-113.7863
783.691460	84.820	-114.1764
784.057671	84.817	-114.5557
784.423882	84.816	-114.9205
784.790093	84.817	-115.2986
785.156304	84.817	-115.6916
785.522515	84.815	-116.0804
785.888726	84.814	-116.4599
786.254937	84.813	-116.8392
786.621148	84.812	-117.2197
786.987359	84.812	-117.5966
787.353570	84.812	-117.9801
787.719781	84.812	-118.3752
788.085991	84.809	-118.7563
788.452202	84.809	-119.1210
788.818413	84.811	-119.5067
789.184624	84.810	-119.9052
789.550835	84.807	-120.2776
789.917046	84.808	-120.6444
790.283257	84.810	-121.0310
790.649468	84.810	-121.4186
791.015679	84.810	-121.8162
791.381890	84.809	-122.2203
791.748101	84.807	-122.6071
792.114312	84.808	-122.9924
792.480523	84.808	-123.4028
792.846734	84.804	-123.7966
793.212945	84.804	-124.1616
793.579156	84.808	-124.5533
793.945367	84.809	-124.9724
794.311578	84.806	-125.3730
794.677789	84.804	-125.7576
795.044000	84.805	-126.1466
795.410211	84.805	-126.5428
795.776422	84.804	-126.9446
796.142633	84.802	-127.3391
796.508844	84.801	-127.7185
796.875055	84.803	-128.1062
797.241266	84.805	-128.5188
797.607477	84.802	-128.9319
797.973688	84.797	-129.3171
798.339899	84.797	-129.6870
798.706110	84.799	-130.0764
799.072320	84.798	-130.4832
799.438531	84.796	-130.8721
799.804742	84.796	-131.2478
800.170953	84.798	-131.6415
800.537164	84.798	-132.0416
800.903375	84.799	-132.4385
801.269586	84.799	-132.8527
801.635797	84.794	-133.2590
802.002008	84.791	-133.6183
802.368219	84.796	-133.9902
802.734430	84.798	-134.4177
803.100641	84.792	-134.8179
803.466852	84.793	-135.1694
803.833063	84.799	-135.5656
804.199274	84.798	-135.9905
804.565485	84.795	-136.3701
804.931696	84.799	-136.7535
805.297907	84.800	-137.1716
805.664118	84.797	-137.5664
806.030329	84.798	-137.9490
806.396540	84.798	-138.3499
806.762751	84.796	-138.7334
807.128962	84.799	-139.1143
807.495173	84.801	-139.5247
807.861384	84.799	-139.9211
808.227595	84.801	-140.3071
808.593806	84.803	-140.7277
808.960017	84.797	-141.1351
809.326228	84.795	-141.4951
809.692439	84.800	-141.8760
810.058650	84.802	-142.2981
810.424860	84.797	-142.7009
810.791071	84.795	-143.0670
811.157282	84.798	-143.4319
811.523493	84.804	-143.8229
811.889704	84.807	-144.2410
812.255915	84.806	-144.6565
812.622126	84.805	-145.0480
812.988337	84.805	-145.4351
813.354548	84.806	-145.8301
813.720759	84.806	-146.2173
814.086970	84.808	-146.5991
814.453181	84.811	-146.9946
814.819392	84.813	-147.4054
815.185603	84.811	-147.8145
815.551814	84.808	-148.1992
815.918025	84.808	-148.5630
816.284236	84.811	-148.9434
816.650447	84.813	-149.3440
817.016658	84.813	-149.7322
817.382869	84.815	-150.1174
817.749080	84.816	-150.5208
818.115291	84.815	-150.9188
818.481502	84.816	-151.3064
818.847713	84.816	-151.7043
819.213924	84.815	-152.0992
819.580135	84.816	-152.4834
819.946346	84.819	-152.8872
820.312557	84.818	-153.3083
820.678768	84.814	-153.6997
821.044979	84.814	-154.0576
821.411189	84.821	-154.4473
821.777400	84.823	-154.8881
822.143611	84.818	-155.2897
822.509822	84.815	-155.6372
822.876033	84.820	-156.0032
823.242244	84.821	-156.4016
823.608455	84.820	-156.7782
823.974666	84.823	-157.1464
824.340877	84.826	-157.5339
824.707088	84.827	-157.9194
825.073299	84.829	-158.3079
825.439510	84.828	-158.7032
825.805721	84.825	-159.0662
826.171932	84.829	-159.4166
826.538143	84.835	-159.8127
826.904354	84.835	-160.2280
827.270565	84.831	-160.6077
827.636776	84.830	-160.9641
828.002987	84.832	-161.3300
828.369198	84.835	-161.7070
828.735409	84.837	-162.0912
829.101620	84.838	-162.4873
829.467831	84.836	-162.8765
829.834042	84.834	-163.2322
830.200253	84.839	-163.5928
830.566464	84.843	-164.0027
830.932675	84.840	-164.4032
831.298886	84.839	-164.7603
831.665097	84.844	-165.1438
832.031308	84.843	-165.5514
832.397519	84.840	-165.9189
832.763729	84.843	-166.2825
833.129940	84.844	-166.6686
833.496151	84.844	-167.0276
833.862362	84.851	-167.3918
834.228573	84.856	-167.8094
834.594784	84.853	-168.2139
834.960995	84.853	-168.5769
835.327206	84.857	-168.9631
835.693417	84.857	-169.3699
836.059628	84.854	-169.7478
836.425839	84.854	-170.1106
836.792050	84.856	-170.4843
837.158261	84.858	-170.8625
837.524472	84.861	-171.2444
837.890683	84.863	-171.6335
838.256894	84.863	-172.0223
838.623105	84.864	-172.4038
838.989316	84.866	-172.7815
839.355527	84.869	-173.1742
839.721738	84.869	-173.5831
840.087949	84.866	-173.9661
840.454160	84.867	-174.3147
840.820371	84.873	-174.6891
841.186582	84.876	-175.0959
841.552793	84.876	-175.4817
841.919004	84.880	-175.8623
842.285215	84.883	-176.2756
842.651426	84.880	-176.6785
843.017637	84.878	-177.0378
843.383848	84.882	-177.3958
843.750059	84.887	-177.7853
844.116269	84.889	-178.1868
844.482480	84.888	-178.5710
844.848691	84.889	-178.9404
845.214902	84.892	-179.3188
845.581113	84.894	-179.7054
845.947324	84.895	179.9159
846.313535	84.897	179.5338
846.679746	84.898	179.1403
847.045957	84.897	178.7535
847.412168	84.897	178.3823
847.778379	84.899	178.0151
848.144590	84.903	177.6349
848.510801	84.906	177.2358
848.877012	84.906	176.8330
849.243223	84.904	176.4407
849.609434	84.902	176.0676
849.975645	84.903	175.7146
850.341856	84.910	175.3455
850.708067	84.915	174.9375
851.074278	84.915	174.5327
851.440489	84.917	174.1514
851.806700	84.920	173.7568
852.172911	84.921	173.3518
852.539122	84.920	172.9690
852.905333	84.923	172.5912
853.271544	84.925	172.1982
853.637755	84.925	171.8157
854.003966	84.927	171.4518
854.370177	84.933	171.0641
854.736388	84.935	170.6473
855.102598	84.932	170.2589
855.468809	84.933	169.9054
855.835020	84.940	169.5244
856.201231	84.942	169.1106
856.567442	84.941	168.7151
856.933653	84.941	168.3413
857.299864	84.943	167.9651
857.666075	84.946	167.5820
858.032286	84.949	167.1863
858.398497	84.951	166.7795
858.764708	84.950	166.3838
859.130919	84.950	166.0049
859.497130	84.952	165.6281
859.863341	84.956	165.2372
860.229552	84.959	164.8251
860.595763	84.957	164.4170
860.961974	84.956	164.0405
861.328185	84.959	163.6672
861.694396	84.962	163.2651
862.060607	84.961	162.8689
862.426818	84.962	162.5022
862.793029	84.966	162.1290
863.159240	84.970	161.7361
863.525451	84.973	161.3477
863.891662	84.976	160.9614
864.257873	84.980	160.5662
864.624084	84.982	160.1687
864.990295	84.983	159.7739
865.356506	84.984	159.3840
865.722717	84.985	159.0007
866.088928	84.986	158.6174
866.455138	84.987	158.2391
866.821349	84.990	157.8619
867.187560	84.994	157.4617
867.553771	84.993	157.0554
867.919982	84.991	156.6776
868.286193	84.992	156.3064
868.652404	84.994	155.9213
869.018615	84.995	155.5408
869.384826	84.998	155.1582
869.751037	85.000	154.7622
870.117248	85.001	154.3679
870.483459	85.002	153.9817
870.849670	85.004	153.5989
871.215881	85.008	153.2061
871.582092	85.010	152.7830
871.948303	85.005	152.3770
872.314514	85.002	152.0356
872.680725	85.011	151.6770
873.046936	85.017	151.2468
873.413147	85.013	150.8447
873.779358	85.015	150.4991
874.145569	85.025	150.1025
874.511780	85.027	149.6552
874.877991	85.023	149.2544
875.244202	85.023	148.8839
875.610413	85.026	148.4846
875.976624	85.024	148.0903
876.342835	85.025	147.7249
876.709046	85.030	147.3411
877.075257	85.033	146.9304
877.441467	85.033	146.5303
877.807678	85.033	146.1418
878.173889	85.034	145.7532
878.540100	85.036	145.3694
878.906311	85.039	144.9824
879.272522	85.043	144.5764
879.638733	85.043	144.1594
880.004944	85.039	143.7664
880.371155	85.039	143.4102
880.737366	85.046	143.0377
881.103577	85.052	142.6123
881.469788	85.049	142.1998
881.835999	85.048	141.8408
882.202210	85.055	141.4675
882.568421	85.060	141.0507
882.934632	85.060	140.6426
883.300843	85.060	140.2556
883.667054	85.061	139.8708
884.033265	85.064	139.4890
884.399476	85.068	139.0972
884.765687	85.069	138.6941
885.131898	85.069	138.3091
885.498109	85.072	137.9314
885.864320	85.076	137.5344
886.230531	85.077	137.1409
886.596742	85.080	136.7574
886.962953	85.084	136.3544
887.329164	85.085	135.9486
887.695375	85.086	135.5590
888.061586	85.088	135.1506
888.427797	85.086	134.7389
888.794007	85.086	134.3655
889.160218	85.092	133.9861
889.526429	85.098	133.5602
889.892640	85.098	133.1340
890.258851	85.098	132.7307
890.625062	85.100	132.3264
890.991273	85.101	131.9253
891.357484	85.103	131.5251
891.723695	85.105	131.1118
892.089906	85.105	130.7068
892.456117	85.106	130.3149
892.822328	85.108	129.9133
893.188539	85.109	129.5181
893.554750	85.112	129.1296
893.920961	85.116	128.7145
894.287172	85.114	128.3021
894.653383	85.114	127.9276
895.019594	85.120	127.5387
895.385805	85.122	127.1124
895.752016	85.120	126.7050
896.118227	85.121	126.3263
896.484438	85.125	125.9315
896.850649	85.128	125.5077
897.216860	85.127	125.0826
897.583071	85.124	124.6885
897.949282	85.127	124.3109
898.315493	85.133	123.8958
898.681704	85.132	123.4519
899.047915	85.127	123.0525
899.414126	85.128	122.6882
899.780336	85.135	122.2812
900.146547	85.136	121.8464
900.512758	85.135	121.4485
900.878969	85.140	121.0491
901.245180	85.143	120.6061
901.611391	85.137	120.1924
901.977602	85.137	119.8346
902.343813	85.145	119.4415
902.710024	85.148	119.0046
903.076235	85.146	118.6039
903.442446	85.149	118.2225
903.808657	85.154	117.8088
904.174868	85.153	117.3987
904.541079	85.155	117.0164
904.907290	85.160	116.6201
905.273501	85.162	116.2043
905.639712	85.163	115.8049
906.005923	85.167	115.4097
906.372134	85.171	114.9875
906.738345	85.169	114.5681
907.104556	85.169	114.1814
907.470767	85.172	113.7856
907.836978	85.173	113.3660
908.203189	85.172	112.9722
908.569400	85.175	112.5911
908.935611	85.180	112.1700
909.301822	85.180	111.7446
909.668033	85.180	111.3501
910.034244	85.183	110.9388
910.400455	85.183	110.5063
910.766666	85.179	110.1068
911.132876	85.179	109.7299
911.499087	85.183	109.3350
911.865298	85.185	108.9336
912.231509	85.189	108.5332
912.597720	85.193	108.1116
912.963931	85.193	107.6787
913.330142	85.191	107.2710
913.696353	85.191	106.8870
914.062564	85.194	106.4971
914.428775	85.197	106.0930
914.794986	85.200	105.6847
915.161197	85.203	105.2742
915.527408	85.205	104.8671
915.893619	85.208	104.4624
916.259830	85.211	104.0422
916.626041	85.212	103.6135
916.992252	85.210	103.2041
917.358463	85.210	102.8062
917.724674	85.211	102.4026
918.090885	85.212	102.0043
918.457096	85.214	101.6077
918.823307	85.215	101.2018
919.189518	85.216	100.8011
919.555729	85.220	100.4000
919.921940	85.222	99.9780
920.288151	85.220	99.5626
920.654362	85.219	99.1769
921.020573	85.222	98.7888
921.386784	85.225	98.3816
921.752995	85.228	97.9700
922.119206	85.229	97.5530
922.485416	85.228	97.1379
922.851627	85.227	96.7465
923.217838	85.230	96.3662
923.584049	85.234	95.9583
923.950260	85.234	95.5409
924.316471	85.233	95.1517
924.682682	85.236	94.7699
925.048893	85.240	94.3593
925.415104	85.239	93.9521
925.781315	85.240	93.5750
926.147526	85.247	93.1746
926.513737	85.249	92.7399
926.879948	85.246	92.3398
927.246159	85.249	91.9670
927.612370	85.255	91.5551
927.978581	85.256	91.1254
928.344792	85.255	90.7208
928.711003	85.256	90.3202
929.077214	85.257	89.9152
929.443425	85.258	89.5157
929.809636	85.260	89.1079
930.175847	85.260	88.6984
930.542058	85.259	88.3085
930.908269	85.260	87.9276
931.274480	85.264	87.5409
931.640691	85.269	87.1427
932.006902	85.273	86.7253
932.373113	85.274	86.3021
932.739324	85.273	85.8964
933.105535	85.274	85.5027
933.471745	85.277	85.1019
933.837956	85.279	84.6931
934.204167	85.279	84.2863
934.570378	85.280	83.8824
934.936589	85.281	83.4800
935.302800	85.281	83.0846
935.669011	85.283	82.6906
936.035222	85.285	82.2825
936.401433	85.285	81.8711
936.767644	85.284	81.4718
937.133855	85.285	81.0771
937.500066	85.285	80.6852
937.866277	85.287	80.2892
938.232488	85.288	79.8785
938.598699	85.286	79.4851
938.964910	85.288	79.1177
939.331121	85.296	78.7137
939.697332	85.297	78.2711
940.063543	85.294	77.8662
940.429754	85.295	77.4928
940.795965	85.301	77.0845
941.162176	85.303	76.6511
941.528387	85.302	76.2339
941.894598	85.301	75.8307
942.260809	85.300	75.4352
942.627020	85.302	75.0470
942.993231	85.306	74.6495
943.359442	85.309	74.2358
943.725653	85.311	73.8179
944.091864	85.311	73.4045
944.458075	85.310	73.0005
944.824285	85.310	72.6058
945.190496	85.310	72.2159
945.556707	85.312	71.8337
945.922918	85.317	71.4458
946.289129	85.322	71.0240
946.655340	85.320	70.5956
947.021551	85.317	70.2091
947.387762	85.320	69.8340
947.753973	85.323	69.4301
948.120184	85.324	69.0295
948.486395	85.328	68.6309
948.852606	85.330	68.2034
949.218817	85.326	67.7981
949.585028	85.327	67.4327
949.951239	85.333	67.0245
950.317450	85.332	66.5836
950.683661	85.328	66.1996
951.049872	85.332	65.8350
951.416083	85.339	65.4127
951.782294	85.339	64.9749
952.148505	85.336	64.5723
952.514716	85.338	64.1794
952.880927	85.340	63.7704
953.247138	85.340	63.3571
953.613349	85.339	62.9604
953.979560	85.341	62.5767
954.345771	85.346	62.1771
954.711982	85.349	61.7593
955.078193	85.349	61.3466
955.444404	85.350	60.9469
955.810614	85.352	60.5541
956.176825	85.356	60.1476
956.543036	85.357	59.7197
956.909247	85.354	59.3160
957.275458	85.354	58.9521
957.641669	85.361	58.5632
958.007880	85.365	58.1321
958.374091	85.363	57.7170
958.740302	85.364	57.3230
959.106513	85.366	56.9170
959.472724	85.365	56.5151
959.838935	85.366	56.1276
960.205146	85.369	55.7310
960.571357	85.370	55.3220
960.937568	85.369	54.9197
961.303779	85.368	54.5319
961.669990	85.370	54.1454
962.036201	85.372	53.7451
962.402412	85.372	53.3411
962.768623	85.372	52.9503
963.134834	85.374	52.5613
963.501045	85.376	52.1636
963.867256	85.377	51.7761
964.233467	85.382	51.3882
964.599678	85.386	50.9622
964.965889	85.383	50.5323
965.332100	85.379	50.1577
965.698311	85.382	49.7971
966.064522	85.387	49.3961
966.430733	85.388	48.9910
966.796944	85.390	48.6008
967.163154	85.392	48.1943
967.529365	85.391	47.7898
967.895576	85.392	47.4098
968.261787	85.396	47.0165
968.627998	85.397	46.6042
968.994209	85.397	46.2061
969.360420	85.399	45.8092
969.726631	85.400	45.3965
970.092842	85.398	44.9944
970.459053	85.398	44.6093
970.825264	85.399	44.2211
971.191475	85.401	43.8302
971.557686	85.404	43.4319
971.923897	85.405	43.0188
972.290108	85.403	42.6217
972.656319	85.405	42.2456
973.022530	85.411	41.8384
973.388741	85.412	41.4061
973.754952	85.408	41.0070
974.121163	85.410	40.6232
974.487374	85.411	40.2159
974.853585	85.409	39.8253
975.219796	85.411	39.4622
975.586007	85.418	39.0638
975.952218	85.420	38.6311
976.318429	85.418	38.2278
976.684640	85.418	37.8510
977.050851	85.422	37.4553
977.417062	85.424	37.0465
977.783273	85.424	36.6437
978.149484	85.424	36.2429
978.515694	85.423	35.8566
978.881905	85.424	35.4873
979.248116	85.430	35.0969
979.614327	85.433	34.6758
979.980538	85.432	34.2649
980.346749	85.431	33.8777
980.712960	85.433	33.4908
981.079171	85.435	33.0928
981.445382	85.436	32.6918
981.811593	85.436	32.2997
982.177804	85.438	31.9108
982.544015	85.440	31.5121
982.910226	85.441	31.1147
983.276437	85.443	30.7209
983.642648	85.446	30.3063
984.008859	85.444	29.8888
984.375070	85.441	29.5089
984.741281	85.444	29.1376
985.107492	85.448	28.7321
985.473703	85.449	28.3157
985.839914	85.450	27.9095
986.206125	85.450	27.4979
986.572336	85.446	27.0968
986.938547	85.444	26.7319
987.304758	85.450	26.3640
987.670969	85.456	25.9518
988.037180	85.456	25.5291
988.403391	85.456	25.1328
988.769602	85.458	24.7401
989.135813	85.460	24.3287
989.502023	85.460	23.9158
989.868234	85.458	23.5260
990.234445	85.459	23.1567
990.600656	85.466	22.7668
990.966867	85.470	22.3275
991.333078	85.464	21.8958
991.699289	85.459	21.5297
992.065500	85.461	21.1736
992.431711	85.465	20.7758
992.797922	85.465	20.3853
993.164133	85.469	20.0083
993.530344	85.474	19.5903
993.896555	85.472	19.1680
994.262766	85.470	18.7921
994.628977	85.474	18.4093
994.995188	85.477	17.9917
995.361399	85.477	17.5785
995.727610	85.476	17.1687
996.093821	85.473	16.7695
996.460032	85.472	16.4039
996.826243	85.478	16.0215
997.192454	85.481	15.6030
997.558665	85.481	15.2041
997.924876	85.485	14.8058
998.291087	85.486	14.3848
998.657298	85.486	13.9943
999.023509	85.493	13.5923
999.389720	85.494	13.1250
999.755931	85.482	12.7195
1000.122142	85.481	12.4159
1000.488353	85.495	12.0402
1000.854563	85.499	11.5684
1001.220774	85.491	11.1625
1001.586985	85.491	10.8279
1001.953196	85.500	10.4484
1002.319407	85.504	10.0171
1002.685618	85.502	9.5999
1003.051829	85.499	9.2192
1003.418040	85.500	8.8517
1003.784251	85.504	8.4733
1004.150462	85.508	8.0835
1004.516673	85.512	7.6777
1004.882884	85.513	7.2593
1005.249095	85.510	6.8657
1005.615306	85.513	6.4897
1005.981517	85.517	6.0791
1006.347728	85.515	5.6567
1006.713939	85.512	5.2728
1007.080150	85.515	4.8965
1007.446361	85.518	4.4948
1007.812572	85.520	4.0846
1008.178783	85.520	3.6743
1008.544994	85.520	3.2688
1008.911205	85.520	2.8763
1009.277416	85.522	2.4779
1009.643627	85.522	2.0704
1010.009838	85.522	1.6761
1010.376049	85.525	1.2834
1010.742260	85.527	0.8752
1011.108471	85.527	0.4701
1011.474682	85.527	0.0760
1011.840892	85.528	-0.3201
1012.207103	85.528	-0.7152
1012.573314	85.529	-1.0956
1012.939525	85.533	-1.4733
1013.305736	85.539	-1.8821
1013.671947	85.539	-2.3118
1014.038158	85.534	-2.6996
1014.404369	85.536	-3.0509
1014.770580	85.543	-3.4430
1015.136791	85.546	-3.8676
1015.503002	85.545	-4.2648
1015.869213	85.548	-4.6595
1016.235424	85.549	-5.0765
1016.601635	85.547	-5.4756
1016.967846	85.548	-5.8643
1017.334057	85.549	-6.2721
1017.700268	85.546	-6.6648
1018.066479	85.547	-7.0338
1018.432690	85.551	-7.4232
1018.798901	85.553	-7.8319
1019.165112	85.554	-8.2325
1019.531323	85.556	-8.6309
1019.897534	85.558	-9.0345
1020.263745	85.559	-9.4420
1020.629956	85.558	-9.8494
1020.996167	85.556	-10.2360
1021.362378	85.557	-10.6033
1021.728589	85.563	-10.9902
1022.094800	85.567	-11.4049
1022.461011	85.569	-11.8185
1022.827222	85.570	-12.2283
1023.193432	85.569	-12.6373
1023.559643	85.566	-13.0205
1023.925854	85.569	-13.3865
1024.292065	85.575	-13.7803
1024.658276	85.578	-14.2020
1025.024487	85.576	-14.6136
1025.390698	85.575	-15.0013
1025.756909	85.577	-15.3787
1026.123120	85.581	-15.7745
1026.489331	85.583	-16.1947
1026.855542	85.581	-16.6019
1027.221753	85.581	-16.9886
1027.587964	85.582	-17.3810
1027.954175	85.583	-17.7715
1028.320386	85.586	-18.1636
1028.686597	85.588	-18.5767
1029.052808	85.586	-18.9797
1029.419019	85.588	-19.3682
1029.785230	85.590	-19.7802
1030.151441	85.587	-20.1847
1030.517652	85.588	-20.5587
1030.883863	85.592	-20.9563
1031.250074	85.592	-21.3656
1031.616285	85.592	-21.7412
1031.982496	85.598	-22.1310
1032.348707	85.601	-22.5586
1032.714918	85.600	-22.9717
1033.081129	85.600	-23.3656
1033.447340	85.601	-23.7627
1033.813551	85.602	-24.1550
1034.179761	85.605	-24.5541
1034.545972	85.606	-24.9681
1034.912183	85.605	-25.3701
1035.278394	85.605	-25.7561
1035.644605	85.606	-26.1456
1036.010816	85.607	-26.5363
1036.377027	85.610	-26.9266
1036.743238	85.613	-27.3312
1037.109449	85.614	-27.7461
1037.475660	85.613	-28.1521
1037.841871	85.613	-28.5470
1038.208082	85.613	-28.9414
1038.574293	85.612	-29.3265
1038.940504	85.615	-29.6991
1039.306715	85.621	-30.0974
1039.672926	85.623	-30.5283
1040.039137	85.620	-30.9340
1040.405348	85.621	-31.3040
1040.771559	85.627	-31.6956
1041.137770	85.630	-32.1138
1041.503981	85.631	-32.5212
1041.870192	85.634	-32.9261
1042.236403	85.635	-33.3444
1042.602614	85.634	-33.7543
1042.968825	85.633	-34.1467
1043.335036	85.634	-34.5404
1043.701247	85.634	-34.9358
1044.067458	85.634	-35.3151
1044.433669	85.639	-35.6929
1044.799880	85.644	-36.1053
1045.166091	85.645	-36.5356
1045.532301	85.641	-36.9332
1045.898512	85.642	-37.3130
1046.264723	85.644	-37.7134
1046.630934	85.644	-38.1136
1046.997145	85.644	-38.5015
1047.363356	85.645	-38.8976
1047.729567	85.645	-39.2850
1048.095778	85.649	-39.6632
1048.461989	85.656	-40.0858
1048.828200	85.654	-40.5338
1049.194411	85.649	-40.9296
1049.560622	85.650	-41.3014
1049.926833	85.652	-41.7119
1050.293044	85.650	-42.1154
1050.659255	85.650	-42.4775
1051.025466	85.658	-42.8715
1051.391677	85.661	-43.3162
1051.757888	85.656	-43.7289
1052.124099	85.656	-44.0989
1052.490310	85.661	-44.4948
1052.856521	85.661	-44.9094
1053.222732	85.659	-45.2909
1053.588943	85.663	-45.6614
1053.955154	85.669	-46.0607
1054.321365	85.673	-46.4767
1054.687576	85.675	-46.8960
1055.053787	85.674	-47.3073
1055.419998	85.673	-47.6904
1055.786209	85.678	-48.0762
1056.152420	85.681	-48.4993
1056.518631	85.679	-48.9141
1056.884841	85.678	-49.2955
1057.251052	85.680	-49.6901
1057.617263	85.679	-50.0953
1057.983474	85.678	-50.4741
1058.349685	85.681	-50.8553
1058.715896	85.684	-51.2588
1059.082107	85.684	-51.6545
1059.448318	85.686	-52.0452
1059.814529	85.689	-52.4484
1060.180740	85.690	-52.8566
1060.546951	85.690	-53.2686
1060.913162	85.688	-53.6694
1061.279373	85.687	-54.0400
1061.645584	85.692	-54.4191
1062.011795	85.696	-54.8359
1062.378006	85.696	-55.2531
1062.744217	85.697	-55.6565
1063.110428	85.697	-56.0636
1063.476639	85.696	-56.4576
1063.842850	85.698	-56.8414
1064.209061	85.702	-57.2507
1064.575272	85.702	-57.6704
1064.941483	85.701	-58.0659
1065.307694	85.702	-58.4552
1065.673905	85.705	-58.8616
1066.040116	85.706	-59.2716
1066.406327	85.705	-59.6705
1066.772538	85.707	-60.0634
1067.138749	85.710	-60.4679
1067.504960	85.710	-60.8838
1067.871170	85.708	-61.2836
1068.237381	85.709	-61.6638
1068.603592	85.712	-62.0519
1068.969803	85.715	-62.4523
1069.336014	85.717	-62.8574
1069.702225	85.718	-63.2697
1070.068436	85.717	-63.6694
1070.434647	85.718	-64.0458
1070.800858	85.723	-64.4359
1071.167069	85.727	-64.8567
1071.533280	85.726	-65.2722
1071.899491	85.726	-65.6663
1072.265702	85.728	-66.0591
1072.631913	85.730	-66.4637
1072.998124	85.730	-66.8733
1073.364335	85.729	-67.2706
1073.730546	85.731	-67.6595
1074.096757	85.733	-68.0646
1074.462968	85.731	-68.4740
1074.829179	85.729	-68.8517
1075.195390	85.733	-69.2205
1075.561601	85.739	-69.6261
1075.927812	85.740	-70.0516
1076.294023	85.738	-70.4506
1076.660234	85.741	-70.8337
1077.026445	85.745	-71.2510
1077.392656	85.743	-71.6871
1077.758867	85.737	-72.0729
1078.125078	85.740	-72.4269
1078.491289	85.748	-72.8359
1078.857500	85.749	-73.2734
1079.223710	85.746	-73.6636
1079.589921	85.751	-74.0481
1079.956132	85.755	-74.4753
1080.322343	85.754	-74.8925
1080.688554	85.754	-75.2830
1081.054765	85.758	-75.6930
1081.420976	85.757	-76.1115
1081.787187	85.756	-76.5072
1082.153398	85.757	-76.8976
1082.519609	85.758	-77.2933
1082.885820	85.760	-77.6865
1083.252031	85.762	-78.0822
1083.618242	85.765	-78.4806
1083.984453	85.768	-78.8865
1084.350664	85.769	-79.3036
1084.716875	85.768	-79.7037
1085.083086	85.771	-80.0912
1085.449297	85.775	-80.5138
1085.815508	85.772	-80.9417
1086.181719	85.770	-81.3224
1086.547930	85.773	-81.7107
1086.914141	85.774	-82.1323
1087.280352	85.772	-82.5261
1087.646563	85.775	-82.9108
1088.012774	85.777	-83.3247
1088.378985	85.776	-83.7147
1088.745196	85.781	-84.0931
1089.111407	85.788	-84.5254
1089.477618	85.787	-84.9589
1089.843829	85.787	-85.3534
1090.210039	85.791	-85.7733
1090.576250	85.789	-86.2056
1090.942461	85.786	-86.5920
1091.308672	85.790	-86.9806
1091.674883	85.792	-87.4036
1092.041094	85.789	-87.8004
1092.407305	85.793	-88.1740
1092.773516	85.799	-88.5914
1093.139727	85.798	-89.0295
1093.505938	85.794	-89.4160
1093.872149	85.797	-89.7802
1094.238360	85.804	-90.1932
1094.604571	85.804	-90.6300
1094.970782	85.802	-91.0359
1095.336993	85.802	-91.4298
1095.703204	85.801	-91.8307
1096.069415	85.800	-92.2186
1096.435626	85.802	-92.6017
1096.801837	85.805	-92.9999
1097.168048	85.808	-93.4073
1097.534259	85.809	-93.8201
1097.900470	85.809	-94.2289
1098.266681	85.809	-94.6204
1098.632892	85.813	-95.0172
1098.999103	85.816	-95.4403
1099.365314	85.815	-95.8618
1099.731525	85.815	-96.2631
1100.097736	85.817	-96.6678
1100.463947	85.819	-97.0902
1100.830158	85.817	-97.5079
1101.196369	85.814	-97.8939
1101.562579	85.816	-98.2603
1101.928790	85.823	-98.6525
1102.295001	85.829	-99.0902
1102.661212	85.827	-99.5295
1103.027423	85.822	-99.9200
1103.393634	85.824	-100.2826
1103.759845	85.830	-100.6763
1104.126056	85.833	-101.1056
1104.492267	85.831	-101.5199
1104.858478	85.830	-101.8949
1105.224689	85.835	-102.2720
1105.590900	85.840	-102.6948
1105.957111	85.838	-103.1299
1106.323322	85.833	-103.5142
1106.689533	85.835	-103.8677
1107.055744	85.843	-104.2615
1107.421955	85.847	-104.7003
1107.788166	85.844	-105.1268
1108.154377	85.842	-105.5225
1108.520588	85.844	-105.9200
1108.886799	85.844	-106.3291
1109.253010	85.844	-106.7312
1109.619221	85.845	-107.1364
1109.985432	85.845	-107.5516
1110.351643	85.843	-107.9453
1110.717854	85.846	-108.3280
1111.084065	85.850	-108.7437
1111.450276	85.849	-109.1669
1111.816487	85.848	-109.5621
1112.182698	85.851	-109.9600
1112.548909	85.852	-110.3679
1112.915119	85.853	-110.7632
1113.281330	85.857	-111.1665
1113.647541	85.859	-111.5872
1114.013752	85.858	-111.9965
1114.379963	85.858	-112.3914
1114.746174	85.860	-112.7834
1115.112385	85.862	-113.1736
1115.478596	85.866	-113.5736
1115.844807	85.870	-113.9858
1116.211018	85.872	-114.3977
1116.577229	85.874	-114.8145
1116.943440	85.873	-115.2361
1117.309651	85.869	-115.6315
1117.675862	85.870	-115.9966
1118.042073	85.876	-116.3817
1118.408284	85.881	-116.8098
1118.774495	85.879	-117.2332
1119.140706	85.878	-117.6234
1119.506917	85.881	-118.0231
1119.873128	85.881	-118.4402
1120.239339	85.878	-118.8276
1120.605550	85.881	-119.2028
1120.971761	85.886	-119.6174
1121.337972	85.885	-120.0410
1121.704183	85.884	-120.4346
1122.070394	85.885	-120.8320
1122.436605	85.885	-121.2402
1122.802816	85.883	-121.6199
1123.169027	85.888	-121.9952
1123.535238	85.893	-122.4121
1123.901448	85.893	-122.8367
1124.267659	85.892	-123.2295
1124.633870	85.896	-123.6241
1125.000081	85.899	-124.0498
1125.366292	85.897	-124.4657
1125.732503	85.896	-124.8414
1126.098714	85.903	-125.2310
1126.464925	85.907	-125.6752
1126.831136	85.903	-126.1080
1127.197347	85.899	-126.4819
1127.563558	85.904	-126.8601
1127.929769	85.907	-127.2723
1128.295980	85.908	-127.6781
1128.662191	85.911	-128.0872
1129.028402	85.910	-128.5104
1129.394613	85.906	-128.8972
1129.760824	85.908	-129.2592
1130.127035	85.914	-129.6602
1130.493246	85.916	-130.0830
1130.859457	85.915	-130.4835
1131.225668	85.916	-130.8723
1131.591879	85.919	-131.2635
1131.958090	85.924	-131.6724
1132.324301	85.926	-132.1177
1132.690512	85.920	-132.5498
1133.056723	85.914	-132.9127
1133.422934	85.919	-133.2692
1133.789145	85.925	-133.6875
1134.155356	85.924	-134.1129
1134.521567	85.924	-134.5070
1134.887778	85.927	-134.9214
1135.253988	85.924	-135.3435
1135.620199	85.921	-135.7181
1135.986410	85.927	-136.0948
1136.352621	85.931	-136.5189
1136.718832	85.930	-136.9313
1137.085043	85.931	-137.3196
1137.451254	85.935	-137.7362
1137.817465	85.933	-138.1550
1138.183676	85.932	-138.5322
1138.549887	85.937	-138.9073
1138.916098	85.944	-139.3201
1139.282309	85.946	-139.7491
1139.648520	85.946	-140.1670
1140.014731	85.946	-140.5728
1140.380942	85.946	-140.9772
1140.747153	85.944	-141.3746
1141.113364	85.944	-141.7506
1141.479575	85.948	-142.1267
1141.845786	85.953	-142.5363
1142.211997	85.954	-142.9569
1142.578208	85.954	-143.3564
1142.944419	85.956	-143.7552
1143.310630	85.956	-144.1638
1143.676841	85.956	-144.5577
1144.043052	85.959	-144.9489
1144.409263	85.962	-145.3668
1144.775474	85.960	-145.7826
1145.141685	85.959	-146.1644
1145.507896	85.963	-146.5519
1145.874107	85.967	-146.9801
1146.240317	85.965	-147.4094
1146.606528	85.962	-147.7993
1146.972739	85.964	-148.1770
1147.338950	85.967	-148.5797
1147.705161	85.969	-148.9921
1148.071372	85.969	-149.3912
1148.437583	85.971	-149.7854
1148.803794	85.974	-150.1858
1149.170005	85.977	-150.5988
1149.536216	85.976	-151.0175
1149.902427	85.975	-151.4076
1150.268638	85.979	-151.7814
1150.634849	85.986	-152.2052
1151.001060	85.984	-152.6548
1151.367271	85.978	-153.0457
1151.733482	85.979	-153.4060
1152.099693	85.984	-153.8041
1152.465904	85.985	-154.2155
1152.832115	85.987	-154.6152
1153.198326	85.989	-155.0250
1153.564537	85.988	-155.4340
1153.930748	85.989	-155.8273
1154.296959	85.991	-156.2278
1154.663170	85.993	-156.6442
1155.029381	85.992	-157.0564
1155.395592	85.992	-157.4540
1155.761803	85.994	-157.8523
1156.128014	85.995	-158.2604
1156.494225	85.995	-158.6564
1156.860436	85.999	-159.0541
1157.226647	86.002	-159.4918
1157.592857	85.996	-159.9137
1157.959068	85.993	-160.2672
1158.325279	86.001	-160.6371
1158.691490	86.007	-161.0696
1159.057701	86.006	-161.4888
1159.423912	86.006	-161.8801
1159.790123	86.009	-162.2825
1160.156334	86.011	-162.6860
1160.522545	86.014	-163.0970
1160.888756	86.014	-163.5245
1161.254967	86.011	-163.9269
1161.621178	86.010	-164.3015
1161.987389	86.013	-164.6864
1162.353600	86.017	-165.0845
1162.719811	86.020	-165.4944
1163.086022	86.020	-165.9148
1163.452233	86.018	-166.3164
1163.818444	86.019	-166.7013
1164.184655	86.021	-167.1001
1164.550866	86.021	-167.4952
1164.917077	86.023	-167.8704
1165.283288	86.029	-168.2693
1165.649499	86.032	-168.6985
1166.015710	86.031	-169.1056
1166.381921	86.034	-169.5051
1166.748132	86.035	-169.9327
1167.114343	86.031	-170.3361
1167.480554	86.031	-170.7031
1167.846765	86.037	-171.1035
1168.212976	86.037	-171.5181
1168.579186	86.039	-171.9093
1168.945397	86.043	-172.3284
1169.311608	86.040	-172.7482
1169.677819	86.040	-173.1141
1170.044030	86.047	-173.5145
1170.410241	86.047	-173.9619
1170.776452	86.041	-174.3424
1171.142663	86.046	-174.7037
1171.508874	86.051	-175.1351
1171.875085	86.047	-175.5427
1172.241296	86.049	-175.8970
1172.607507	86.058	-176.3074
1172.973718	86.058	-176.7560
1173.339929	86.054	-177.1521
1173.706140	86.055	-177.5253
1174.072351	86.058	-177.9187
1174.438562	86.061	-178.3141
1174.804773	86.065	-178.7172
1175.170984	86.068	-179.1428
1175.537195	86.066	-179.5621
1175.903406	86.064	-179.9513
1176.269617	86.066	179.6633
1176.635828	86.069	179.2528
1177.002039	86.066	178.8478
1177.368250	86.065	178.4863
1177.734461	86.073	178.1162
1178.100672	86.079	177.6827
1178.466883	86.077	177.2509
1178.833094	86.074	176.8744
1179.199305	86.078	176.4952
1179.565516	86.081	176.0859
1179.931726	86.083	175.6826
1180.297937	86.085	175.2778
1180.664148	86.086	174.8643
1181.030359	86.085	174.4708
1181.396570	86.088	174.0823
1181.762781	86.091	173.6681
1182.128992	86.091	173.2559
1182.495203	86.091	172.8690
1182.861414	86.096	172.4752
1183.227625	86.099	172.0490
1183.593836	86.098	171.6223
1183.960047	86.095	171.2316
1184.326258	86.098	170.8462
1184.692469	86.101	170.4344
1185.058680	86.101	170.0267
1185.424891	86.102	169.6316
1185.791102	86.103	169.2252
1186.157313	86.102	168.8306
1186.523524	86.105	168.4493
1186.889735	86.109	168.0402
1187.255946	86.110	167.6251
1187.622157	86.110	167.2329
1187.988368	86.113	166.8284
1188.354579	86.112	166.4215
1188.720790	86.112	166.0441
1189.087001	86.117	165.6545
1189.453212	86.120	165.2430
1189.819423	86.121	164.8469
1190.185634	86.126	164.4388
1190.551845	86.127	164.0048
1190.918056	86.124	163.6023
1191.284266	86.125	163.2257
1191.650477	86.129	162.8186
1192.016688	86.129	162.4031
1192.382899	86.129	162.0187
1192.749110	86.134	161.6267
1193.115321	86.137	161.1978
1193.481532	86.134	160.7812
1193.847743	86.132	160.4121
1194.213954	86.138	160.0402
1194.580165	86.144	159.6254
1194.946376	86.147	159.2029
1195.312587	86.149	158.7877
1195.678798	86.150	158.3544
1196.045009	86.146	157.9337
1196.411220	86.142	157.5670
1196.777431	86.146	157.2023
1197.143642	86.152	156.7877
1197.509853	86.152	156.3654
1197.876064	86.151	155.9716
1198.242275	86.152	155.5811
1198.608486	86.153	155.1853
1198.974697	86.155	154.7976
1199.340908	86.159	154.4020
1199.707119	86.161	153.9915
1200.073330	86.162	153.5909
1200.439541	86.164	153.1971
1200.805752	86.168	152.7852
1201.171963	86.168	152.3688
1201.538174	86.167	151.9718
1201.904385	86.169	151.5797
1202.270595	86.172	151.1738
1202.636806	86.172	150.7651
1203.003017	86.172	150.3737
1203.369228	86.175	149.9883
1203.735439	86.181	149.5757
1204.101650	86.181	149.1476
1204.467861	86.180	148.7457
1204.834072	86.182	148.3579
1205.200283	86.185	147.9541
1205.566494	86.187	147.5487
1205.932705	86.189	147.1464
1206.298916	86.192	146.7340
1206.665127	86.193	146.3247
1207.031338	86.194	145.9254
1207.397549	86.197	145.5247
1207.763760	86.200	145.1149
1208.129971	86.202	144.6963
1208.496182	86.201	144.2924
1208.862393	86.203	143.9113
1209.228604	86.209	143.5034
1209.594815	86.210	143.0616
1209.961026	86.205	142.6548
1210.327237	86.203	142.2961
1210.693448	86.209	141.9294
1211.059659	86.216	141.5217
1211.425870	86.218	141.0931
1211.792081	86.215	140.6957
1212.158292	86.217	140.3292
1212.524503	86.225	139.9302
1212.890714	86.227	139.5029
1213.256925	86.227	139.0979
1213.623135	86.230	138.6904
1213.989346	86.230	138.2697
1214.355557	86.228	137.8781
1214.721768	86.230	137.4933
1215.087979	86.233	137.0846
1215.454190	86.233	136.6833
1215.820401	86.234	136.2896
1216.186612	86.236	135.8867
1216.552823	86.236	135.5004
1216.919034	86.242	135.1115
1217.285245	86.247	134.6802
1217.651456	86.244	134.2550
1218.017667	86.242	133.8813
1218.383878	86.249	133.5017
1218.750089	86.254	133.0715
1219.116300	86.253	132.6404
1219.482511	86.250	132.2531
1219.848722	86.253	131.8778
1220.214933	86.258	131.4768
1220.581144	86.261	131.0637
1220.947355	86.262	130.6580
1221.313566	86.264	130.2526
1221.679777	86.265	129.8512
1222.045988	86.266	129.4628
1222.412199	86.271	129.0686
1222.778410	86.275	128.6556
1223.144621	86.276	128.2407
1223.510832	86.277	127.8307
1223.877043	86.277	127.4276
1224.243254	86.278	127.0394
1224.609464	86.282	126.6407
1224.975675	86.284	126.2192
1225.341886	86.281	125.8250
1225.708097	86.283	125.4617
1226.074308	86.291	125.0657
1226.440519	86.295	124.6405
1226.806730	86.296	124.2297
1227.172941	86.298	123.8206
1227.539152	86.299	123.4116
1227.905363	86.300	123.0192
1228.271574	86.304	122.6105
1228.637785	86.304	122.1858
1229.003996	86.302	121.7961
1229.370207	86.305	121.4204
1229.736418	86.309	121.0128
1230.102629	86.310	120.6038
1230.468840	86.311	120.2119
1230.835051	86.314	119.8097
1231.201262	86.315	119.4069
1231.567473	86.317	119.0198
1231.933684	86.321	118.6255
1232.299895	86.325	118.2168
1232.666106	86.328	117.8031
1233.032317	86.329	117.3838
1233.398528	86.327	116.9801
1233.764739	86.328	116.6039
1234.130950	86.334	116.2136
1234.497161	86.338	115.7858
1234.863372	86.337	115.3588
1235.229583	86.335	114.9645
1235.595794	86.336	114.5868
1235.962004	86.340	114.1951
1236.328215	86.342	113.7913
1236.694426	86.344	113.4030
1237.060637	86.351	113.0126
1237.426848	86.357	112.5780
1237.793059	86.355	112.1414
1238.159270	86.353	111.7567
1238.525481	86.358	111.3674
1238.891692	86.360	110.9410
1239.257903	86.357	110.5480
1239.624114	86.361	110.1853
1239.990325	86.370	109.7720
1240.356536	86.371	109.3270
1240.722747	86.369	108.9197
1241.088958	86.371	108.5330
1241.455169	86.375	108.1191
1241.821380	86.374	107.6926
1242.187591	86.371	107.3029
1242.553802	86.374	106.9388
1242.920013	86.382	106.5302
1243.286224	86.383	106.0833
1243.652435	86.377	105.6855
1244.018646	86.379	105.3301
1244.384857	86.387	104.9336
1244.751068	86.389	104.5084
1245.117279	86.390	104.1110
1245.483490	86.395	103.7183
1245.849701	86.400	103.2983
1246.215912	86.402	102.8698
1246.582123	86.402	102.4503
1246.948334	86.401	102.0469
1247.314544	86.402	101.6613
1247.680755	86.407	101.2625
1248.046966	86.410	100.8372
1248.413177	86.410	100.4240
1248.779388	86.411	100.0314
1249.145599	86.414	99.6243
1249.511810	86.415	99.2158
1249.878021	86.417	98.8308
1250.244232	86.424	98.4288
1250.610443	86.427	97.9954
1250.976654	86.426	97.5802
1251.342865	86.427	97.1902
1251.709076	86.430	96.7903
1252.075287	86.432	96.3831
1252.441498	86.435	95.9778
1252.807709	86.436	95.5671
1253.173920	86.436	95.1683
1253.540131	86.438	94.7882
1253.906342	86.444	94.3903
1254.272553	86.448	93.9664
1254.638764	86.448	93.5518
1255.004975	86.448	93.1548
1255.371186	86.449	92.7635
1255.737397	86.453	92.3748
1256.103608	86.458	91.9623
1256.469819	86.459	91.5281
1256.836030	86.455	91.1339
1257.202241	86.459	90.7672
1257.568452	86.468	90.3424
1257.934663	86.467	89.8909
1258.300873	86.463	89.4989
1258.667084	86.468	89.1188
1259.033295	86.473	88.6842
1259.399506	86.470	88.2511
1259.765717	86.467	87.8743
1260.131928	86.472	87.5078
1260.498139	86.480	87.0939
1260.864350	86.484	86.6509
1261.230561	86.482	86.2349
1261.596772	86.484	85.8438
1261.962983	86.490	85.4333
1262.329194	86.492	85.0072
1262.695405	86.493	84.5942
1263.061616	86.495	84.1892
1263.427827	86.498	83.7795
1263.794038	86.500	83.3682
1264.160249	86.501	82.9663
1264.526460	86.504	82.5746
1264.892671	86.510	82.1615
1265.258882	86.512	81.7250
1265.625093	86.510	81.3230
1265.991304	86.514	80.9454
1266.357515	86.521	80.5160
1266.723726	86.519	80.0664
1267.089937	86.514	79.6796
1267.456148	86.517	79.3116
1267.822359	86.522	78.8983
1268.188570	86.521	78.4883
1268.554781	86.523	78.1124
1268.920992	86.530	77.7125
1269.287203	86.534	77.2744
1269.653413	86.532	76.8561
1270.019624	86.534	76.4637
1270.385835	86.537	76.0549
1270.752046	86.539	75.6425
1271.118257	86.542	75.2446
1271.484468	86.548	74.8197
1271.850679	86.548	74.3728
1272.216890	86.545	73.9680
1272.583101	86.547	73.5867
1272.949312	86.552	73.1744
1273.315523	86.553	72.7543
1273.681734	86.554	72.3480
1274.047945	86.556	71.9399
1274.414156	86.558	71.5361
1274.780367	86.561	71.1376
1275.146578	86.564	70.7358
1275.512789	86.568	70.3381
1275.879000	86.574	69.9229
1276.245211	86.577	69.4856
1276.611422	86.576	69.0785
1276.977633	86.581	68.6840
1277.343844	86.586	68.2413
1277.710055	86.583	67.8031
1278.076266	86.580	67.4261
1278.442477	86.586	67.0430
1278.808688	86.591	66.6107
1279.174899	86.589	66.1865
1279.541110	86.588	65.8031
1279.907321	86.593	65.4274
1280.273532	86.600	65.0192
1280.639742	86.605	64.5785
1281.005953	86.604	64.1515
1281.372164	86.605	63.7554
1281.738375	86.610	63.3446
1282.104586	86.612	62.9044
1282.470797	86.609	62.4808
1282.837008	86.606	62.0933
1283.203219	86.608	61.7151
1283.569430	86.613	61.3228
1283.935641	86.619	60.9072
1284.301852	86.622	60.4784
1284.668063	86.622	60.0615
1285.034274	86.624	59.6588
1285.400485	86.628	59.2449
1285.766696	86.630	58.8185
1286.132907	86.630	58.4031
1286.499118	86.632	57.9963
1286.865329	86.634	57.5742
1287.231540	86.634	57.1477
1287.597751	86.632	56.7474
1287.963962	86.634	56.3612
1288.330173	86.638	55.9597
1288.696384	86.642	55.5464
1289.062595	86.645	55.1268
1289.428806	86.647	54.7026
1289.795017	86.647	54.2952
1290.161228	86.650	53.8992
1290.527439	86.655	53.4835
1290.893650	86.657	53.0598
1291.259861	86.660	52.6433
1291.626072	86.662	52.2139
1291.992282	86.660	51.7897
1292.358493	86.659	51.4000
1292.724704	86.664	51.0111
1293.090915	86.669	50.5945
1293.457126	86.672	50.1683
1293.823337	86.673	49.7445
1294.189548	86.674	49.3312
1294.555759	86.676	48.9246
1294.921970	86.678	48.5021
1295.288181	86.677	48.0912
1295.654392	86.680	47.7115
1296.020603	86.688	47.2955
1296.386814	86.691	46.8340
1296.753025	86.686	46.4131
1297.119236	86.687	46.0280
1297.485447	86.690	45.6189
1297.851658	86.691	45.2111
1298.217869	86.694	44.8173
1298.584080	86.700	44.3986
1298.950291	86.701	43.9723
1299.316502	86.703	43.5638
1299.682713	86.707	43.1440
1300.048924	86.707	42.7202
1300.415135	86.708	42.3240
1300.781346	86.713	41.9233
1301.147557	86.717	41.4923
1301.513768	86.718	41.0693
1301.879979	86.720	40.6658
1302.246190	86.724	40.2466
1302.612401	86.725	39.8156
1302.978611	86.725	39.4019
1303.344822	86.726	38.9965
1303.711033	86.728	38.5867
1304.077244	86.730	38.1812
1304.443455	86.735	37.7651
1304.809666	86.737	37.3260
1305.175877	86.734	36.9043
1305.542088	86.733	36.5186
1305.908299	86.738	36.1195
1306.274510	86.742	35.6891
1306.640721	86.742	35.2654
1307.006932	86.743	34.8528
1307.373143	86.744	34.4343
1307.739354	86.744	34.0258
1308.105565	86.746	33.6295
1308.471776	86.751	33.2156
1308.837987	86.754	32.7838
1309.204198	86.754	32.3586
1309.570409	86.755	31.9442
1309.936620	86.757	31.5295
1310.302831	86.758	31.1068
1310.669042	86.758	30.6843
1311.035253	86.757	30.2847
1311.401464	86.760	29.8965
1311.767675	86.766	29.4780
1312.133886	86.768	29.0398
1312.500097	86.767	28.6226
1312.866308	86.769	28.2125
1313.232519	86.770	27.7928
1313.598730	86.771	27.3862
1313.964941	86.775	26.9758
1314.331151	86.777	26.5344
1314.697362	86.774	26.1161
1315.063573	86.775	25.7421
1315.429784	86.783	25.3325
1315.795995	86.786	24.8804
1316.162206	86.784	24.4600
1316.528417	86.785	24.0575
1316.894628	86.787	23.6388
1317.260839	86.788	23.2382
1317.627050	86.793	22.8334
1317.993261	86.797	22.3893
1318.359472	86.794	21.9716
1318.725683	86.798	21.5880
1319.091894	86.805	21.1581
1319.458105	86.805	20.7081
1319.824316	86.803	20.3041
1320.190527	86.807	19.9012
1320.556738	86.810	19.4628
1320.922949	86.808	19.0337
1321.289160	86.807	18.6349
1321.655371	86.810	18.2312
1322.021582	86.812	17.8040
1322.387793	86.809	17.3962
1322.754004	86.812	17.0245
1323.120215	86.823	16.6066
1323.486426	86.826	16.1261
1323.852637	86.819	15.6960
1324.218848	86.819	15.3212
1324.585059	86.827	14.8964
1324.951270	86.827	14.4380
1325.317481	86.822	14.0254
1325.683691	86.824	13.6365
1326.049902	86.829	13.2233
1326.416113	86.832	12.7860
1326.782324	86.831	12.3521
1327.148535	86.830	11.9493
1327.514746	86.834	11.5536
1327.880957	86.841	11.1157
1328.247168	86.840	10.6642
1328.613379	86.837	10.2567
1328.979590	86.840	9.8708
1329.345801	86.847	9.4465
1329.712012	86.849	8.9911
1330.078223	86.846	8.5685
1330.444434	86.847	8.1831
1330.810645	86.854	7.7635
1331.176856	86.855	7.3074
1331.543067	86.850	6.8927
1331.909278	86.852	6.5060
1332.275489	86.856	6.0801
1332.641700	86.855	5.6516
1333.007911	86.855	5.2524
1333.374122	86.858	4.8302
1333.740333	86.856	4.4049
1334.106544	86.857	4.0192
1334.472755	86.864	3.5969
1334.838966	86.863	3.1281
1335.205177	86.855	2.7252
1335.571388	86.859	2.3622
1335.937599	86.866	1.9326
1336.303810	86.866	1.4821
1336.670020	86.865	1.0710
1337.036231	86.868	0.6537
1337.402442	86.869	0.2211
1337.768653	86.868	-0.1959
1338.134864	86.869	-0.6067
1338.501075	86.871	-1.0164
1338.867286	86.875	-1.4269
1339.233497	86.879	-1.8588
1339.599708	86.881	-2.2998
1339.965919	86.881	-2.7289
1340.332130	86.882	-3.1562
1340.698341	86.881	-3.5822
1341.064552	86.880	-3.9896
1341.430763	86.882	-4.3877
1341.796974	86.886	-4.8033
1342.163185	86.887	-5.2311
1342.529396	86.888	-5.6420
1342.895607	86.891	-6.0515
1343.261818	86.895	-6.4902
1343.628029	86.893	-6.9261
1343.994240	86.892	-7.3378
1344.360451	86.892	-7.7565
1344.726662	86.890	-8.1677
1345.092873	86.892	-8.5564
1345.459084	86.898	-8.9824
1345.825295	86.897	-9.4431
1346.191506	86.892	-9.8604
1346.557717	86.892	-10.2512
1346.923928	86.894	-10.6683
1347.290139	86.894	-11.0856
1347.656350	86.895	-11.4977
1348.022560	86.897	-11.9293
1348.388771	86.896	-12.3507
1348.754982	86.898	-12.7626
1349.121193	86.900	-13.2080
1349.487404	86.896	-13.6393
1349.853615	86.896	-14.0171
1350.219826	86.904	-14.4349
1350.586037	86.906	-14.9130
1350.952248	86.899	-15.3362
1351.318459	86.901	-15.7152
1351.684670	86.909	-16.1583
1352.050881	86.906	-16.6290
1352.417092	86.898	-17.0349
1352.783303	86.899	-17.4028
1353.149514	86.907	-17.8079
1353.515725	86.911	-18.2620
1353.881936	86.908	-18.7006
1354.248147	86.907	-19.0897
1354.614358	86.915	-19.5085
1354.980569	86.916	-19.9838
1355.346780	86.909	-20.4176
1355.712991	86.907	-20.8033
1356.079202	86.909	-21.2148
1356.445413	86.909	-21.6281
1356.811624	86.912	-22.0348
1357.177835	86.914	-22.4810
1357.544046	86.910	-22.9160
1357.910257	86.908	-23.3015
1358.276468	86.912	-23.7103
1358.642679	86.913	-24.1499
1359.008889	86.913	-24.5717
1359.375100	86.915	-25.0021
1359.741311	86.914	-25.4572
1360.107522	86.907	-25.8793
1360.473733	86.905	-26.2605
1360.839944	86.910	-26.6544
1361.206155	86.915	-27.0863
1361.572366	86.916	-27.5294
1361.938577	86.917	-27.9570
1362.304788	86.919	-28.3892
1362.670999	86.920	-28.8429
1363.037210	86.916	-29.2814
1363.403421	86.914	-29.6892
1363.769632	86.916	-30.1049
1364.135843	86.917	-30.5404
1364.502054	86.916	-30.9758
1364.868265	86.914	-31.4023
1365.234476	86.912	-31.8104
1365.600687	86.914	-32.2108
1365.966898	86.919	-32.6428
1366.333109	86.919	-33.0963
1366.699320	86.915	-33.5159
1367.065531	86.916	-33.9120
1367.431742	86.921	-34.3419
1367.797953	86.921	-34.7944
1368.164164	86.918	-35.2233
1368.530375	86.918	-35.6366
1368.896586	86.919	-36.0564
1369.262797	86.920	-36.4778
1369.629008	86.923	-36.9092
1369.995219	86.922	-37.3512
1370.361429	86.920	-37.7751
1370.727640	86.921	-38.1893
1371.093851	86.923	-38.6212
1371.460062	86.923	-39.0557
1371.826273	86.922	-39.4857
1372.192484	86.921	-39.9213
1372.558695	86.917	-40.3379
1372.924906	86.917	-40.7356
1373.291117	86.919	-41.1548
1373.657328	86.919	-41.5825
1374.023539	86.919	-41.9917
1374.389750	86.922	-42.4104
1374.755961	86.924	-42.8464
1375.122172	86.924	-43.2808
1375.488383	86.925	-43.7275
1375.854594	86.922	-44.1743
1376.220805	86.918	-44.5836
1376.587016	86.920	-44.9940
1376.953227	86.922	-45.4496
1377.319438	86.916	-45.8944
1377.685649	86.912	-46.2869
1378.051860	86.915	-46.6897
1378.418071	86.917	-47.1368
1378.784282	86.913	-47.5728
1379.150493	86.912	-47.9814
1379.516704	86.913	-48.4071
1379.882915	86.911	-48.8411
1380.249126	86.909	-49.2472
1380.615337	86.912	-49.6561
1380.981548	86.915	-50.1011
1381.347759	86.912	-50.5441
1381.713969	86.910	-50.9579
1382.080180	86.912	-51.3763
1382.446391	86.912	-51.8168
1382.812602	86.910	-52.2529
1383.178813	86.907	-52.6742
1383.545024	86.905	-53.0922
1383.911235	86.904	-53.5026
1384.277446	86.906	-53.9135
1384.643657	86.908	-54.3547
1385.009868	86.904	-54.8053
1385.376079	86.899	-55.2107
1385.742290	86.901	-55.5989
1386.108501	86.906	-56.0392
1386.474712	86.903	-56.5043
1386.840923	86.897	-56.9242
1387.207134	86.896	-57.3176
1387.573345	86.899	-57.7401
1387.939556	86.899	-58.1858
1388.305767	86.895	-58.6194
1388.671978	86.892	-59.0308
1389.038189	86.892	-59.4294
1389.404400	86.896	-59.8456
1389.770611	86.898	-60.2965
1390.136822	86.894	-60.7410
1390.503033	86.892	-61.1522
1390.869244	86.893	-61.5687
1391.235455	86.893	-62.0012
1391.601666	86.892	-62.4312
1391.967877	86.891	-62.8716
1392.334088	86.886	-63.2997
1392.700298	86.884	-63.6880
1393.066509	86.890	-64.1069
1393.432720	86.889	-64.5771
1393.798931	86.880	-64.9998
1394.165142	86.879	-65.3774
1394.531353	86.883	-65.7982
1394.897564	86.882	-66.2384
1395.263775	86.881	-66.6586
1395.629986	86.881	-67.0973
1395.996197	86.877	-67.5399
1396.362408	86.872	-67.9431
1396.728619	86.874	-68.3524
1397.094830	86.874	-68.8040
1397.461041	86.868	-69.2469
1397.827252	86.862	-69.6493
1398.193463	86.862	-70.0441
1398.559674	86.864	-70.4670
1398.925885	86.863	-70.9137
1399.292096	86.858	-71.3441
1399.658307	86.855	-71.7427
1400.024518	86.858	-72.1573
1400.390729	86.858	-72.6107
1400.756940	86.852	-73.0480
1401.123151	86.848	-73.4493
1401.489362	86.849	-73.8613
1401.855573	86.848	-74.2887
1402.221784	86.847	-74.7073
1402.587995	86.848	-75.1326
1402.954206	86.847	-75.5699
1403.320417	86.844	-75.9965
1403.686628	86.843	-76.4174
1404.052838	86.841	-76.8461
1404.419049	86.838	-77.2623
1404.785260	86.839	-77.6687
1405.151471	86.842	-78.1064
1405.517682	86.838	-78.5660
1405.883893	86.831	-78.9847
1406.250104	86.829	-79.3728
1406.616315	86.830	-79.7952
1406.982526	86.827	-80.2306
1407.348737	86.823	-80.6283
1407.714948	86.825	-81.0315
1408.081159	86.826	-81.4752
1408.447370	86.821	-81.9078
1408.813581	86.819	-82.3107
1409.179792	86.820	-82.7289
1409.546003	86.819	-83.1720
1409.912214	86.814	-83.6044
1410.278425	86.810	-84.0149
1410.644636	86.809	-84.4291
1411.010847	86.807	-84.8582
1411.377058	86.804	-85.2787
1411.743269	86.802	-85.6884
1412.109480	86.803	-86.1187
1412.475691	86.799	-86.5612
1412.841902	86.793	-86.9789
1413.208113	86.791	-87.3833
1413.574324	86.791	-87.7991
1413.940535	86.791	-88.2273
1414.306746	86.790	-88.6740
1414.672957	86.783	-89.1172
1415.039167	86.777	-89.5151
1415.405378	86.778	-89.9077
1415.771589	86.780	-90.3552
1416.137800	86.774	-90.8071
1416.504011	86.767	-91.2073
1416.870222	86.767	-91.6063
1417.236433	86.766	-92.0369
1417.602644	86.762	-92.4580
1417.968855	86.761	-92.8680
1418.335066	86.761	-93.3027
1418.701277	86.756	-93.7448
1419.067488	86.750	-94.1549
1419.433699	86.749	-94.5498
1419.799910	86.750	-94.9713
1420.166121	86.749	-95.4100
1420.532332	86.746	-95.8363
1420.898543	86.744	-96.2672
1421.264754	86.741	-96.7144
1421.630965	86.734	-97.1399
1421.997176	86.729	-97.5378
1422.363387	86.729	-97.9478
1422.729598	86.727	-98.3770
1423.095809	86.723	-98.8019
1423.462020	86.720	-99.2152
1423.828231	86.719	-99.6298
1424.194442	86.718	-100.0581
1424.560653	86.713	-100.4862
1424.926864	86.710	-100.8910
1425.293075	86.710	-101.2972
1425.659286	86.711	-101.7395
1426.025497	86.706	-102.1838
1426.391707	86.701	-102.5950
1426.757918	86.700	-103.0145
1427.124129	86.697	-103.4642
1427.490340	86.688	-103.8857
1427.856551	86.683	-104.2620
1428.222762	86.685	-104.6592
1428.588973	86.687	-105.1068
1428.955184	86.682	-105.5643
1429.321395	86.674	-105.9910
1429.687606	86.668	-106.3866
1430.053817	86.667	-106.7931
1430.420028	86.665	-107.2283
1430.786239	86.659	-107.6499
1431.152450	86.655	-108.0502
1431.518661	86.653	-108.4653
1431.884872	86.649	-108.8793
1432.251083	86.648	-109.2789
1432.617294	86.650	-109.7076
1432.983505	86.646	-110.1564
1433.349716	86.639	-110.5719
1433.715927	86.635	-110.9670
1434.082138	86.635	-111.3765
1434.448349	86.634	-111.7985
1434.814560	86.631	-112.2255
1435.180771	86.627	-112.6458
1435.546982	86.625	-113.0566
1435.913193	86.624	-113.4821
1436.279404	86.620	-113.9214
1436.645615	86.614	-114.3428
1437.011826	86.609	-114.7457
1437.378036	86.608	-115.1626
1437.744247	86.604	-115.5984
1438.110458	86.596	-116.0164
1438.476669	86.591	-116.4027
1438.842880	86.592	-116.8055
1439.209091	86.591	-117.2551
1439.575302	86.582	-117.6946
1439.941513	86.574	-118.0792
1440.307724	86.573	-118.4631
1440.673935	86.575	-118.8960
1441.040146	86.570	-119.3417
1441.406357	86.562	-119.7616
1441.772568	86.556	-120.1635
1442.138779	86.551	-120.5557
1442.504990	86.550	-120.9465
1442.871201	86.551	-121.3557
1443.237412	86.551	-121.7853
1443.603623	86.549	-122.2250
1443.969834	86.543	-122.6641
1444.336045	86.536	-123.0819
1444.702256	86.531	-123.4784
1445.068467	86.529	-123.8834
1445.434678	86.527	-124.3052
1445.800889	86.523	-124.7277
1446.167100	86.518	-125.1394
1446.533311	86.515	-125.5431
1446.899522	86.514	-125.9635
1447.265733	86.508	-126.3979
1447.631944	86.501	-126.8000
1447.998155	86.499	-127.1866
1448.364366	86.499	-127.6141
1448.730576	86.493	-128.0480
1449.096787	86.487	-128.4471
1449.462998	86.485	-128.8553
1449.829209	86.480	-129.2833
1450.195420	86.473	-129.6930
1450.561631	86.469	-130.0878
1450.927842	86.466	-130.4854
1451.294053	86.463	-130.8906
1451.660264	86.460	-131.3026
1452.026475	86.457	-131.7061
1452.392686	86.457	-132.1150
1452.758897	86.454	-132.5527
1453.125108	86.447	-132.9760
1453.491319	86.442	-133.3649
1453.857530	86.442	-133.7759
1454.223741	86.437	-134.2076
1454.589952	86.430	-134.6083
1454.956163	86.428	-134.9979
1455.322374	86.428	-135.4178
1455.688585	86.424	-135.8503
1456.054796	86.418	-136.2659
1456.421007	86.414	-136.6675
1456.787218	86.411	-137.0823
1457.153429	86.406	-137.5118
1457.519640	86.397	-137.9139
1457.885851	86.393	-138.2843
1458.252062	86.394	-138.6824
1458.618273	86.393	-139.1201
1458.984484	86.388	-139.5496
1459.350695	86.382	-139.9640
1459.716906	86.376	-140.3807
1460.083116	86.368	-140.7812
1460.449327	86.364	-141.1681
1460.815538	86.361	-141.5730
1461.181749	86.355	-141.9783
1461.547960	86.351	-142.3611
1461.914171	86.350	-142.7626
1462.280382	86.346	-143.1875
1462.646593	86.338	-143.5765
1463.012804	86.338	-143.9468
1463.379015	86.340	-144.3732
1463.745226	86.334	-144.8267
1464.111437	86.324	-145.2278
1464.477648	86.319	-145.5994
1464.843859	86.318	-145.9988
1465.210070	86.313	-146.4064
1465.576281	86.310	-146.8029
1465.942492	86.308	-147.2211
1466.308703	86.301	-147.6453
1466.674914	86.293	-148.0233
1467.041125	86.294	-148.3961
1467.407336	86.296	-148.8341
1467.773547	86.288	-149.2891
1468.139758	86.277	-149.6823
1468.505969	86.273	-150.0508
1468.872180	86.272	-150.4556
1469.238391	86.267	-150.8711
1469.604602	86.262	-151.2722
1469.970813	86.259	-151.6819
1470.337024	86.253	-152.0918
1470.703235	86.249	-152.4915
1471.069445	86.246	-152.9125
1471.435656	86.237	-153.3319
1471.801867	86.228	-153.7023
1472.168078	86.228	-154.0746
1472.534289	86.227	-154.4913
1472.900500	86.221	-154.9020
1473.266711	86.217	-155.2991
1473.632922	86.213	-155.7104
1473.999133	86.205	-156.1011
1474.365344	86.203	-156.4708
1474.731555	86.205	-156.8793
1475.097766	86.200	-157.3136
1475.463977	86.192	-157.7186
1475.830188	86.187	-158.1034
1476.196399	86.184	-158.5015
1476.562610	86.180	-158.9109
1476.928821	86.174	-159.3153
1477.295032	86.169	-159.7115
1477.661243	86.163	-160.1022
1478.027454	86.160	-160.4945
1478.393665	86.156	-160.8999
1478.759876	86.149	-161.3003
1479.126087	86.143	-161.6754
1479.492298	86.142	-162.0654
1479.858509	86.139	-162.4865
1480.224720	86.131	-162.8818
1480.590931	86.127	-163.2615
1480.957142	86.124	-163.6741
1481.323353	86.115	-164.0713
1481.689564	86.110	-164.4316
1482.055775	86.111	-164.8250
1482.421985	86.107	-165.2461
1482.788196	86.100	-165.6416
1483.154407	86.095	-166.0315
1483.520618	86.089	-166.4243
1483.886829	86.085	-166.7996
1484.253040	86.085	-167.1902
1484.619251	86.081	-167.6125
1484.985462	86.073	-168.0172
1485.351673	86.068	-168.3933
1485.717884	86.066	-168.7864
1486.084095	86.061	-169.1947
1486.450306	86.055	-169.5853
1486.816517	86.051	-169.9807
1487.182728	86.043	-170.3844
1487.548939	86.035	-170.7424
1487.915150	86.037	-171.0929
1488.281361	86.040	-171.5216
1488.647572	86.031	-171.9568
1489.013783	86.023	-172.3181
1489.379994	86.026	-172.6992
1489.746205	86.023	-173.1405
1490.112416	86.012	-173.5460
1490.478627	86.005	-173.9088
1490.844838	86.001	-174.2817
1491.211049	85.999	-174.6541
1491.577260	86.000	-175.0474
1491.943471	85.997	-175.4838
1492.309682	85.985	-175.8842
1492.675893	85.979	-176.2245
1493.042104	85.981	-176.5957
1493.408314	85.978	-177.0101
1493.774525	85.972	-177.3990
1494.140736	85.969	-177.7715
1494.506947	85.967	-178.1692
1494.873158	85.962	-178.5720
1495.239369	85.957	-178.9591
1495.605580	85.952	-179.3424
1495.971791	85.947	-179.7236
1496.338002	85.943	179.8986
1496.704213	85.940	179.5153
1497.070424	85.936	179.1284
1497.436635	85.932	178.7485
1497.802846	85.930	178.3695
1498.169057	85.928	177.9750
1498.535268	85.924	177.5734
1498.901479	85.919	177.1777
1499.267690	85.914	176.7791
1499.633901	85.905	176.3950
1500.000112	85.900	176.0457
1500.366323	85.901	175.6776
1500.732534	85.899	175.2671
1501.098745	85.893	174.8776
1501.464956	85.891	174.5018
1501.831167	85.888	174.0901
1502.197378	85.878	173.6998
1502.563589	85.873	173.3533
1502.929800	85.874	172.9679
1503.296011	85.868	172.5579
1503.662222	85.859	172.2010
1504.028433	85.859	171.8586
1504.394644	85.862	171.4619
1504.760854	85.858	171.0367
1505.127065	85.849	170.6438
1505.493276	85.841	170.2947
1505.859487	85.841	169.9424
1506.225698	85.841	169.5531
1506.591909	85.837	169.1545
1506.958120	85.830	168.7788
1507.324331	85.827	168.4233
1507.690542	85.828	168.0559
1508.056753	85.829	167.6405
1508.422964	85.822	167.2220
1508.789175	85.814	166.8634
1509.155386	85.814	166.4984
1509.521597	85.812	166.0731
1509.887808	85.801	165.6798
1510.254019	85.795	165.3436
1510.620230	85.795	164.9735
1510.986441	85.792	164.5778
1511.352652	85.787	164.2129
1511.718863	85.787	163.8392
1512.085074	85.784	163.4381
1512.451285	85.778	163.0604
1512.817496	85.776	162.7009
1513.183707	85.776	162.3192
1513.549918	85.774	161.9225
1513.916129	85.771	161.5303
1514.282340	85.767	161.1434
1514.648551	85.762	160.7648
1515.014762	85.758	160.3933
1515.380973	85.756	160.0198
1515.747184	85.753	159.6385
1516.113394	85.749	159.2603
1516.479605	85.746	158.8940
1516.845816	85.744	158.5189
1517.212027	85.741	158.1239
1517.578238	85.733	157.7501
1517.944449	85.729	157.4082
1518.310660	85.729	157.0502
1518.676871	85.728	156.6694
1519.043082	85.725	156.2936
1519.409293	85.723	155.9143
1519.775504	85.719	155.5309
1520.141715	85.715	155.1627
1520.507926	85.713	154.7972
1520.874137	85.711	154.4241
1521.240348	85.710	154.0486
1521.606559	85.710	153.6506
1521.972770	85.705	153.2349
1522.338981	85.696	152.8517
1522.705192	85.690	152.4998
1523.071403	85.686	152.1389
1523.437614	85.681	151.7896
1523.803825	85.682	151.4573
1524.170036	85.688	151.0736
1524.536247	85.686	150.6497
1524.902458	85.679	150.2748
1525.268669	85.678	149.9177
1525.634880	85.677	149.5133
1526.001091	85.668	149.1338
1526.367302	85.663	148.8146
1526.733513	85.667	148.4708
1527.099723	85.669	148.0781
1527.465934	85.665	147.6884
1527.832145	85.661	147.3230
1528.198356	85.659	146.9672
1528.564567	85.659	146.5874
1528.930778	85.654	146.1915
1529.296989	85.646	145.8430
1529.663200	85.645	145.5253
1530.029411	85.650	145.1630
1530.395622	85.650	144.7668
1530.761833	85.647	144.3772
1531.128044	85.643	143.9952
1531.494255	85.637	143.6351
1531.860466	85.636	143.2819
1532.226677	85.635	142.8973
1532.592888	85.628	142.5236
1532.959099	85.624	142.1953
1533.325310	85.628	141.8502
1533.691521	85.629	141.4606
1534.057732	85.626	141.0775
1534.423943	85.623	140.7168
1534.790154	85.622	140.3555
1535.156365	85.622	139.9869
1535.522576	85.621	139.6068
1535.888787	85.618	139.2219
1536.254998	85.611	138.8695
1536.621209	85.611	138.5449
1536.987420	85.616	138.1814
1537.353631	85.616	137.7731
1537.719842	85.609	137.3988
1538.086053	85.606	137.0685
1538.452263	85.610	136.7059
1538.818474	85.609	136.3059
1539.184685	85.602	135.9349
1539.550896	85.597	135.6044
1539.917107	85.598	135.2703
1540.283318	85.601	134.9084
1540.649529	85.601	134.5332
1541.015740	85.600	134.1672
1541.381951	85.601	133.8021
1541.748162	85.600	133.4238
1542.114373	85.598	133.0549
1542.480584	85.597	132.6969
1542.846795	85.596	132.3246
1543.213006	85.593	131.9653
1543.579217	85.594	131.6283
1543.945428	85.598	131.2513
1544.311639	85.596	130.8500
1544.677850	85.591	130.4990
1545.044061	85.593	130.1544
1545.410272	85.593	129.7631
1545.776483	85.587	129.3979
1546.142694	85.586	129.0835
1546.508905	85.592	128.7311
1546.875116	85.594	128.3285
1547.241327	85.587	127.9570
1547.607538	85.585	127.6350
1547.973749	85.590	127.2968
1548.339960	85.594	126.9111
1548.706171	85.591	126.5275
1549.072382	85.588	126.1781
1549.438592	85.590	125.8262
1549.804803	85.590	125.4569
1550.171014	85.589	125.0928
1550.537225	85.589	124.7244
1550.903436	85.587	124.3517
1551.269647	85.583	124.0052
1551.635858	85.585	123.6663
1552.002069	85.587	123.2970
1552.368280	85.586	122.9182
1552.734491	85.584	122.5568
1553.100702	85.583	122.2050
1553.466913	85.584	121.8539
1553.833124	85.586	121.4962
1554.199335	85.588	121.1261
1554.565546	85.589	120.7491
1554.931757	85.588	120.3756
1555.297968	85.587	120.0143
1555.664179	85.588	119.6621
1556.030390	85.592	119.2992
1556.396601	85.594	118.9210
1556.762812	85.594	118.5426
1557.129023	85.594	118.1710
1557.495234	85.593	117.8132
1557.861445	85.594	117.4608
1558.227656	85.596	117.0903
1558.593867	85.593	116.7273
1558.960078	85.593	116.4070
1559.326289	85.601	116.0748
1559.692500	85.608	115.6821
1560.058711	85.606	115.2949
1560.424922	85.605	114.9572
1560.791132	85.612	114.6030
1561.157343	85.615	114.2006
1561.523554	85.610	113.8134
1561.889765	85.606	113.4789
1562.255976	85.610	113.1501
1562.622187	85.615	112.7793
1562.988398	85.615	112.3915
1563.354609	85.611	112.0358
1563.720820	85.612	111.7037
1564.087031	85.618	111.3472
1564.453242	85.621	110.9570
1564.819453	85.618	110.5774
1565.185664	85.615	110.2383
1565.551875	85.618	109.9073
1565.918086	85.625	109.5421
1566.284297	85.627	109.1592
1566.650508	85.628	108.7900
1567.016719	85.630	108.4249
1567.382930	85.631	108.0564
1567.749141	85.632	107.6947
1568.115352	85.634	107.3365
1568.481563	85.636	106.9780
1568.847774	85.639	106.6213
1569.213985	85.643	106.2574
1569.580196	85.646	105.8884
1569.946407	85.648	105.5249
1570.312618	85.651	105.1599
1570.678829	85.652	104.7977
1571.045040	85.654	104.4545
1571.411251	85.661	104.1056
1571.777461	85.667	103.7225
1572.143672	85.669	103.3326
1572.509883	85.669	102.9657
1572.876094	85.670	102.6061
1573.242305	85.672	102.2445
1573.608516	85.674	101.8920
1573.974727	85.679	101.5339
1574.340938	85.682	101.1539
1574.707149	85.682	100.7794
1575.073360	85.683	100.4303
1575.439571	85.686	100.0774
1575.805782	85.689	99.7074
1576.171993	85.691	99.3472
1576.538204	85.694	98.9962
1576.904415	85.700	98.6271
1577.270626	85.702	98.2450
1577.636837	85.701	97.8809
1578.003048	85.703	97.5428
1578.369259	85.710	97.1986
1578.735470	85.717	96.8177
1579.101681	85.719	96.4310
1579.467892	85.721	96.0767
1579.834103	85.728	95.7135
1580.200314	85.733	95.3118
1580.566525	85.732	94.9286
1580.932736	85.733	94.5803
1581.298947	85.738	94.2166
1581.665158	85.740	93.8488
1582.031369	85.745	93.4991
1582.397580	85.753	93.1165
1582.763791	85.755	92.7057
1583.130001	85.753	92.3391
1583.496212	85.756	91.9991
1583.862423	85.762	91.6300
1584.228634	85.766	91.2543
1584.594845	85.770	90.8843
1584.961056	85.774	90.5006
1585.327267	85.774	90.1327
1585.693478	85.777	89.7911
1586.059689	85.783	89.4349
1586.425900	85.788	89.0701
1586.792111	85.795	88.7080
1587.158322	85.803	88.3121
1587.524533	85.803	87.9135
1587.890744	85.802	87.5734
1588.256955	85.811	87.2382
1588.623166	85.820	86.8496
1588.989377	85.823	86.4614
1589.355588	85.827	86.0978
1589.721799	85.832	85.7196
1590.088010	85.833	85.3497
1590.454221	85.838	85.0104
1590.820432	85.849	84.6421
1591.186643	85.856	84.2291
1591.552854	85.857	83.8307
1591.919065	85.859	83.4624
1592.285276	85.862	83.0958
1592.651487	85.867	82.7229
1593.017698	85.871	82.3474
1593.383909	85.875	81.9740
1593.750120	85.880	81.5989
1594.116331	85.884	81.2125
1594.482541	85.885	80.8345
1594.848752	85.888	80.4795
1595.214963	85.895	80.1147
1595.581174	85.900	79.7295
1595.947385	85.904	79.3571
1596.313596	85.910	78.9897
1596.679807	85.916	78.5959
1597.046018	85.917	78.2043
1597.412229	85.918	77.8566
1597.778440	85.926	77.5172
1598.144651	85.937	77.1356
1598.510862	85.944	76.7350
1598.877073	85.949	76.3468
1599.243284	85.953	75.9553
1599.609495	85.954	75.5802
1599.975706	85.959	75.2406
1600.341917	85.971	74.8690
1600.708128	85.977	74.4524
1601.074339	85.977	74.0797
1601.440550	85.985	73.7349
1601.806761	85.995	73.3375
1602.172972	85.998	72.9366
1602.539183	86.001	72.5824
1602.905394	86.011	72.2085
1603.271605	86.016	71.8000
1603.637816	86.017	71.4232
1604.004027	86.022	71.0817
1604.370238	86.033	70.7209
1604.736449	86.044	70.3130
1605.102660	86.047	69.8892
1605.468870	86.045	69.5123
1605.835081	86.050	69.1754
1606.201292	86.062	68.8022
1606.567503	86.068	68.3954
1606.933714	86.073	68.0145
1607.299925	86.081	67.6295
1607.666136	86.086	67.2089
1608.032347	86.085	66.8259
1608.398558	86.090	66.4885
1608.764769	86.103	66.0996
1609.130980	86.108	65.6696
1609.497191	86.107	65.2900
1609.863402	86.113	64.9388
1610.229613	86.121	64.5577
1610.595824	86.128	64.1740
1610.962035	86.137	63.7950
1611.328246	86.146	63.3835
1611.694457	86.149	62.9653
1612.060668	86.150	62.5851
1612.426879	86.154	62.2256
1612.793090	86.162	61.8599
1613.159301	86.172	61.4771
1613.525512	86.181	61.0667
1613.891723	86.183	60.6622
1614.257934	86.187	60.2968
1614.624145	86.197	59.9192
1614.990356	86.204	59.5015
1615.356567	86.205	59.1111
1615.722778	86.210	58.7661
1616.088989	86.223	58.3960
1616.455200	86.234	57.9753
1616.821410	86.238	57.5471
1617.187621	86.239	57.1547
1617.553832	86.243	56.7997
1617.920043	86.254	56.4265
1618.286254	86.264	56.0061
1618.652465	86.267	55.5912
1619.018676	86.271	55.2085
1619.384887	86.277	54.8253
1619.751098	86.283	54.4357
1620.117309	86.289	54.0499
1620.483520	86.296	53.6572
1620.849731	86.302	53.2640
1621.215942	86.308	52.8778
1621.582153	86.314	52.4854
1621.948364	86.319	52.0925
1622.314575	86.325	51.7166
1622.680786	86.333	51.3420
1623.046997	86.343	50.9421
1623.413208	86.349	50.5288
1623.779419	86.353	50.1409
1624.145630	86.360	49.7722
1624.511841	86.371	49.3760
1624.878052	86.379	48.9565
1625.244263	86.383	48.5505
1625.610474	86.389	48.1570
1625.976685	86.394	47.7671
1626.342896	86.401	47.3838
1626.709107	86.410	46.9930
1627.075318	86.418	46.5884
1627.441529	86.426	46.1788
1627.807739	86.432	45.7634
1628.173950	86.435	45.3602
1628.540161	86.440	44.9803
1628.906372	86.448	44.5892
1629.272583	86.454	44.1818
1629.638794	86.458	43.7975
1630.005005	86.467	43.4269
1630.371216	86.479	43.0243
1630.737427	86.486	42.5961
1631.103638	86.489	42.1864
1631.469849	86.494	41.8112
1631.836060	86.504	41.4330
1632.202271	86.515	41.0187
1632.568482	86.522	40.5902
1632.934693	86.527	40.1779
1633.300904	86.532	39.7770
1633.667115	86.538	39.3741
1634.033326	86.542	38.9733
1634.399537	86.547	38.5879
1634.765748	86.556	38.2125
1635.131959	86.568	37.8127
1635.498170	86.577	37.3794
1635.864381	86.580	36.9570
1636.230592	86.584	36.5732
1636.596803	86.593	36.1970
1636.963014	86.605	35.7876
1637.329225	86.613	35.3552
1637.695436	86.617	34.9409
1638.061647	86.623	34.5437
1638.427858	86.631	34.1331
1638.794069	86.636	33.7244
1639.160279	86.642	33.3389
1639.526490	86.652	32.9404
1639.892701	86.661	32.5146
1640.258912	86.666	32.0996
1640.625123	86.673	31.6890
1640.991334	86.678	31.2639
1641.357545	86.678	30.8715
1641.723756	86.686	30.5200
1642.089967	86.701	30.1202
1642.456178	86.709	29.6646
1642.822389	86.710	29.2543
1643.188600	86.717	28.8873
1643.554811	86.731	28.4762
1643.921022	86.738	28.0326
1644.287233	86.743	27.6115
1644.653444	86.749	27.1969
1645.019655	86.754	26.7743
1645.385866	86.758	26.3612
1645.752077	86.761	25.9635
1646.118288	86.768	25.5765
1646.484499	86.778	25.1740
1646.850710	86.785	24.7389
1647.216921	86.787	24.3240
1647.583132	86.792	23.9452
1647.949343	86.802	23.5352
1648.315554	86.805	23.1124
1648.681765	86.810	22.7422
1649.047976	86.825	22.3550
1649.414187	86.836	21.8926
1649.780398	86.838	21.4534
1650.146609	86.845	21.0601
1650.512819	86.856	20.6167
1650.879030	86.857	20.1624
1651.245241	86.858	19.7830
1651.611452	86.870	19.4019
1651.977663	86.883	18.9468
1652.343874	86.885	18.4875
1652.710085	86.885	18.0850
1653.076296	86.893	17.7029
1653.442507	86.905	17.2830
1653.808718	86.912	16.8257
1654.174929	86.912	16.3999
1654.541140	86.917	16.0195
1654.907351	86.928	15.6151
1655.273562	86.935	15.1865
1655.639773	86.942	14.7828
1656.005984	86.954	14.3600
1656.372195	86.961	13.8929
1656.738406	86.960	13.4698
1657.104617	86.965	13.1053
1657.470828	86.980	12.7015
1657.837039	86.990	12.2430
1658.203250	86.995	11.7916
1658.569461	86.999	11.3556
1658.935672	87.001	10.9332
1659.301883	87.005	10.5446
1659.668094	87.016	10.1488
1660.034305	87.027	9.6996
1660.400516	87.030	9.2526
1660.766727	87.034	8.8514
1661.132938	87.044	8.4398
1661.499148	87.052	7.9913
1661.865359	87.056	7.5569
1662.231570	87.061	7.1473
1662.597781	87.070	6.7295
1662.963992	87.078	6.2936
1663.330203	87.085	5.8528
1663.696414	87.090	5.4231
1664.062625	87.096	5.0015
1664.428836	87.103	4.5752
1664.795047	87.110	4.1423
1665.161258	87.116	3.6975
1665.527469	87.118	3.2555
1665.893680	87.118	2.8574
1666.259891	87.126	2.4854
1666.626102	87.141	2.0708
1666.992313	87.152	1.6050
1667.358524	87.156	1.1313
1667.724735	87.155	0.6920
1668.090946	87.157	0.2949
1668.457157	87.165	-0.1157
1668.823368	87.170	-0.5593
1669.189579	87.171	-0.9633
1669.555790	87.181	-1.3423
1669.922001	87.195	-1.7874
1670.288212	87.200	-2.2529
1670.654423	87.205	-2.6720
1671.020634	87.215	-3.1086
1671.386845	87.220	-3.5750
1671.753056	87.222	-4.0048
1672.119267	87.229	-4.4259
1672.485478	87.236	-4.8790
1672.851688	87.238	-5.3193
1673.217899	87.242	-5.7307
1673.584110	87.250	-6.1512
1673.950321	87.258	-6.5942
1674.316532	87.262	-7.0339
1674.682743	87.267	-7.4437
1675.048954	87.278	-7.8623
1675.415165	87.287	-8.3394
1675.781376	87.285	-8.8009
1676.147587	87.286	-9.1823
1676.513798	87.299	-9.5820
1676.880009	87.309	-10.0522
1677.246220	87.309	-10.4911
1677.612431	87.316	-10.8831
1677.978642	87.329	-11.3231
1678.344853	87.335	-11.8052
1678.711064	87.335	-12.2488
1679.077275	87.340	-12.6581
1679.443486	87.348	-13.0917
1679.809697	87.353	-13.5436
1680.175908	87.355	-13.9650
1680.542119	87.363	-14.3761
1680.908330	87.373	-14.8262
1681.274541	87.378	-15.2898
1681.640752	87.381	-15.7365
1682.006963	87.383	-16.1753
1682.373174	87.386	-16.5868
1682.739385	87.396	-16.9915
1683.105596	87.408	-17.4630
1683.471807	87.409	-17.9513
1683.838017	87.407	-18.3658
1684.204228	87.416	-18.7728
1684.570439	87.423	-19.2285
1684.936650	87.426	-19.6672
1685.302861	87.433	-20.0911
1685.669072	87.440	-20.5490
1686.035283	87.442	-20.9967
1686.401494	87.446	-21.4094
1686.767705	87.454	-21.8367
1687.133916	87.462	-22.2875
1687.500127	87.467	-22.7386
1687.866338	87.471	-23.1860
1688.232549	87.474	-23.6204
1688.598760	87.480	-24.0452
1688.964971	87.487	-24.4811
1689.331182	87.493	-24.9325
1689.697393	87.497	-25.3873
1690.063604	87.499	-25.8243
1690.429815	87.505	-26.2435
1690.796026	87.513	-26.6875
1691.162237	87.516	-27.1497
1691.528448	87.517	-27.5712
1691.894659	87.526	-27.9849
1692.260870	87.536	-28.4567
1692.627081	87.538	-28.9352
1692.993292	87.539	-29.3706
1693.359503	87.543	-29.8047
1693.725714	87.547	-30.2494
1694.091925	87.552	-30.6904
1694.458136	87.557	-31.1436
1694.824347	87.559	-31.5905
1695.190557	87.563	-32.0215
1695.556768	87.568	-32.4731
1695.922979	87.570	-32.9197
1696.289190	87.575	-33.3411
1696.655401	87.582	-33.7994
1697.021612	87.582	-34.2614
1697.387823	87.584	-34.6582
1697.754034	87.596	-35.0837
1698.120245	87.601	-35.5723
1698.486456	87.599	-35.9995
1698.852667	87.609	-36.3953
1699.218878	87.622	-36.8739
1699.585089	87.622	-37.3601
1699.951300	87.624	-37.7844
1700.317511	87.633	-38.2303
1700.683722	87.636	-38.7172
1701.049933	87.633	-39.1715
1701.416144	87.634	-39.5818
1701.782355	87.640	-39.9971
1702.148566	87.647	-40.4474
1702.514777	87.649	-40.9043
1702.880988	87.651	-41.3291
1703.247199	87.658	-41.7518
1703.613410	87.665	-42.2034
1703.979621	87.669	-42.6504
1704.345832	87.677	-43.0952
1704.712043	87.683	-43.5753
1705.078254	87.682	-44.0496
1705.444465	87.682	-44.4724
1705.810676	87.689	-44.8966
1706.176886	87.697	-45.3632
1706.543097	87.700	-45.8325
1706.909308	87.702	-46.2836
1707.275519	87.705	-46.7358
1707.641730	87.708	-47.1888
1708.007941	87.710	-47.6331
1708.374152	87.713	-48.0701
1708.740363	87.719	-48.5107
1709.106574	87.725	-48.9736
1709.472785	87.726	-49.4417
1709.838996	87.725	-49.8729
1710.205207	87.732	-50.2938
1710.571418	87.739	-50.7581
1710.937629	87.741	-51.2345
1711.303840	87.741	-51.6743
1711.670051	87.746	-52.1058
1712.036262	87.751	-52.5675
1712.402473	87.752	-53.0372
1712.768684	87.751	-53.4731
1713.134895	87.756	-53.8865
1713.501106	87.766	-54.3342
1713.867317	87.771	-54.8221
1714.233528	87.770	-55.2926
1714.599739	87.771	-55.7271
1714.965950	87.776	-56.1709
1715.332161	87.779	-56.6316
1715.698372	87.781	-57.0793
1716.064583	87.785	-57.5267
1716.430794	87.788	-57.9918
1716.797005	87.789	-58.4425
1717.163216	87.793	-58.8776
1717.529426	87.798	-59.3412
1717.895637	87.798	-59.8080
1718.261848	87.799	-60.2317
1718.628059	87.807	-60.6680
1718.994270	87.813	-61.1646
1719.360481	87.809	-61.6517
1719.726692	87.804	-62.0739
1720.092903	87.806	-62.4777
1720.459114	87.812	-62.9105
1720.825325	87.817	-63.3643
1721.191536	87.820	-63.8253
1721.557747	87.820	-64.2833
1721.923958	87.820	-64.7141
1722.290169	87.825	-65.1401
1722.656380	87.830	-65.6140
1723.022591	87.827	-66.0868
1723.388802	87.825	-66.4916
1723.755013	87.833	-66.9069
1724.121224	87.840	-67.3903
1724.487435	87.838	-67.8547
1724.853646	87.841	-68.2832
1725.219857	87.846	-68.7471
1725.586068	87.846	-69.2148
1725.952279	87.848	-69.6484
1726.318490	87.854	-70.1060
1726.684701	87.856	-70.5913
1727.050912	87.855	-71.0469
1727.417123	87.858	-71.4919
1727.783334	87.860	-71.9658
1728.149545	87.858	-72.4280
1728.515756	87.857	-72.8518
1728.881966	87.864	-73.2942
1729.248177	87.866	-73.7805
1729.614388	87.862	-74.2451
1729.980599	87.860	-74.6614
1730.346810	87.865	-75.0896
1730.713021	87.869	-75.5488
1731.079232	87.869	-75.9971
1731.445443	87.872	-76.4351
1731.811654	87.877	-76.8965
1732.177865	87.877	-77.3679
1732.544076	87.876	-77.8174
1732.910287	87.877	-78.2524
1733.276498	87.881	-78.7026
1733.642709	87.883	-79.1646
1734.008920	87.883	-79.6133
1734.375131	87.887	-80.0615
1734.741342	87.889	-80.5366
1735.107553	87.886	-81.0054
1735.473764	87.884	-81.4302
1735.839975	87.890	-81.8613
1736.206186	87.895	-82.3447
1736.572397	87.891	-82.8179
1736.938608	87.890	-83.2397
1737.304819	87.897	-83.6807
1737.671030	87.900	-84.1736
1738.037241	87.896	-84.6433
1738.403452	87.895	-85.0710
1738.769663	87.900	-85.5234
1739.135874	87.900	-86.0044
1739.502085	87.896	-86.4609
1739.868295	87.895	-86.8855
1740.234506	87.898	-87.3081
1740.600717	87.905	-87.7695
1740.966928	87.907	-88.2700
1741.333139	87.900	-88.7334
1741.699350	87.899	-89.1406
1742.065561	87.906	-89.5857
1742.431772	87.907	-90.0815
1742.797983	87.902	-90.5383
1743.164194	87.902	-90.9619
1743.530405	87.906	-91.4160
1743.896616	87.907	-91.8843
1744.262827	87.908	-92.3457
1744.629038	87.907	-92.8186
1744.995249	87.903	-93.2739
1745.361460	87.903	-93.6919
1745.727671	87.909	-94.1428
1746.093882	87.911	-94.6460
1746.460093	87.905	-95.1133
1746.826304	87.904	-95.5376
1747.192515	87.908	-96.0049
1747.558726	87.906	-96.4971
1747.924937	87.900	-96.9404
1748.291148	87.900	-97.3687
1748.657359	87.901	-97.8296
1749.023570	87.899	-98.2837
1749.389781	87.899	-98.7100
1749.755992	87.904	-99.1580
1750.122203	87.905	-99.6418
1750.488414	87.901	-100.1045
1750.854625	87.901	-100.5312
1751.220835	87.906	-100.9844
1751.587046	87.906	-101.4749
1751.953257	87.901	-101.9346
1752.319468	87.901	-102.3643
1752.685679	87.903	-102.8232
1753.051890	87.900	-103.2881
1753.418101	87.899	-103.7148
1753.784312	87.904	-104.1602
1754.150523	87.906	-104.6553
1754.516734	87.901	-105.1265
1754.882945	87.899	-105.5581
1755.249156	87.902	-106.0215
1755.615367	87.898	-106.4998
1755.981578	87.895	-106.9390
1756.347789	87.898	-107.3923
1756.714000	87.896	-107.8857
1757.080211	87.889	-108.3450
1757.446422	87.886	-108.7703
1757.812633	87.887	-109.2146
1758.178844	87.887	-109.6646
1758.545055	87.889	-110.1216
1758.911266	87.889	-110.6050
1759.277477	87.885	-111.0696
1759.643688	87.885	-111.5193
1760.009899	87.885	-112.0098
1760.376110	87.877	-112.4849
1760.742321	87.872	-112.8926
1761.108532	87.879	-113.3308
1761.474743	87.880	-113.8398
1761.840954	87.872	-114.3108
1762.207164	87.869	-114.7290
1762.573375	87.873	-115.1853
1762.939586	87.871	-115.6694
1763.305797	87.867	-116.1309
1763.672008	87.864	-116.5894
1764.038219	87.859	-117.0354
1764.404430	87.858	-117.4512
1764.770641	87.863	-117.8989
1765.136852	87.864	-118.3882
1765.503063	87.860	-118.8494
1765.869274	87.860	-119.2998
1766.235485	87.859	-119.7832
1766.601696	87.853	-120.2480
1766.967907	87.850	-120.6736
1767.334118	87.852	-121.1216
1767.700329	87.853	-121.6082
1768.066540	87.848	-122.0955
1768.432751	87.840	-122.5581
1768.798962	87.833	-122.9839
1769.165173	87.831	-123.3921
1769.531384	87.835	-123.8350
1769.897595	87.836	-124.3188
1770.263806	87.830	-124.7837
1770.630017	87.827	-125.2075
1770.996228	87.832	-125.6567
1771.362439	87.832	-126.1592
1771.728650	87.824	-126.6401
1772.094861	87.818	-127.0703
1772.461072	87.818	-127.5132
1772.827283	87.816	-127.9785
1773.193494	87.814	-128.4299
1773.559704	87.813	-128.8838
1773.925915	87.812	-129.3506
1774.292126	87.810	-129.8149
1774.658337	87.808	-130.2864
1775.024548	87.803	-130.7554
1775.390759	87.800	-131.2026
1775.756970	87.799	-131.6621
1776.123181	87.795	-132.1416
1776.489392	87.789	-132.5898
1776.855603	87.788	-133.0210
1777.221814	87.790	-133.4956
1777.588025	87.784	-133.9834
1777.954236	87.777	-134.4268
1778.320447	87.776	-134.8640
1778.686658	87.774	-135.3333
1779.052869	87.767	-135.7839
1779.419080	87.766	-136.2090
1779.785291	87.768	-136.6753
1780.151502	87.763	-137.1636
1780.517713	87.756	-137.6099
1780.883924	87.754	-138.0503
1781.250135	87.751	-138.5244
1781.616346	87.744	-138.9822
1781.982557	87.741	-139.4194
1782.348768	87.740	-139.8838
1782.714979	87.736	-140.3665
1783.081190	87.729	-140.8296
1783.447401	87.723	-141.2703
1783.813612	87.723	-141.7227
1784.179823	87.720	-142.2085
1784.546034	87.712	-142.6792
1784.912244	87.708	-143.1162
1785.278455	87.709	-143.5952
1785.644666	87.702	-144.1016
1786.010877	87.691	-144.5444
1786.377088	87.689	-144.9792
1786.743299	87.686	-145.4653
1787.109510	87.676	-145.9155
1787.475721	87.675	-146.3315
1787.841932	87.677	-146.8015
1788.208143	87.672	-147.2854
1788.574354	87.668	-147.7427
1788.940565	87.664	-148.2119
1789.306776	87.658	-148.6699
1789.672987	87.654	-149.1084
1790.039198	87.652	-149.5669
1790.405409	87.649	-150.0215
1790.771620	87.648	-150.4814
1791.137831	87.645	-150.9873
1791.504042	87.631	-151.4585
1791.870253	87.624	-151.8550
1792.236464	87.628	-152.2915
1792.602675	87.626	-152.7969
1792.968886	87.616	-153.2769
1793.335097	87.607	-153.7122
1793.701308	87.604	-154.1526
1794.067519	87.601	-154.6138
1794.433730	87.596	-155.0752
1794.799941	87.592	-155.5334
1795.166152	87.588	-156.0156
1795.532363	87.579	-156.5022
1795.898573	87.569	-156.9431
1796.264784	87.566	-157.3784
1796.630995	87.563	-157.8535
1796.997206	87.556	-158.3291
1797.363417	87.550	-158.7961
1797.729628	87.541	-159.2637
1798.095839	87.532	-159.6924
1798.462050	87.531	-160.1201
1798.828261	87.531	-160.6077
1799.194472	87.521	-161.0889
1799.560683	87.514	-161.5229
1799.926894	87.513	-161.9741
1800.293105	87.509	-162.4512
1800.659316	87.502	-162.9219
1801.025527	87.494	-163.3828
1801.391738	87.487	-163.8218
1801.757949	87.485	-164.2710
1802.124160	87.480	-164.7625
1802.490371	87.467	-165.2202
1802.856582	87.460	-165.6245
1803.222793	87.460	-166.0737
1803.589004	87.454	-166.5581
1803.955215	87.445	-167.0010
1804.321426	87.441	-167.4373
1804.687637	87.437	-167.9011
1805.053848	87.432	-168.3672
1805.420059	87.427	-168.8469
1805.786270	87.416	-169.3296
1806.152481	87.404	-169.7642
1806.518692	87.399	-170.1860
1806.884903	87.397	-170.6567
1807.251113	87.387	-171.1328
1807.617324	87.378	-171.5640
1807.983535	87.375	-171.9951
1808.349746	87.373	-172.4700
1808.715957	87.366	-172.9568
1809.082168	87.357	-173.4204
1809.448379	87.349	-173.8628
1809.814590	87.345	-174.3076
1810.180801	87.342	-174.7871
1810.547012	87.332	-175.2793
1810.913223	87.318	-175.7100
1811.279434	87.314	-176.1055
1811.645645	87.318	-176.5750
1812.011856	87.311	-177.0942
1812.378067	87.297	-177.5518
1812.744278	87.291	-177.9780
1813.110489	87.287	-178.4585
1813.476700	87.274	-178.9336
1813.842911	87.262	-179.3394
1814.209122	87.261	-179.7544
1814.575333	87.259	179.7695
1814.941544	87.251	179.2974
1815.307755	87.244	178.8447
1815.673966	87.237	178.3774
1816.040177	87.226	177.9272
1816.406388	87.220	177.5010
1816.772599	87.218	177.0359
1817.138810	87.210	176.5452
1817.505021	87.199	176.0947
1817.871232	87.192	175.6606
1818.237442	87.188	175.1907
1818.603653	87.178	174.7173
1818.969864	87.167	174.2827
1819.336075	87.162	173.8528
1819.702286	87.158	173.3860
1820.068497	87.150	172.9114
1820.434708	87.141	172.4612
1820.800919	87.134	172.0098
1821.167130	87.126	171.5493
1821.533341	87.117	171.1016
1821.899552	87.110	170.6511
1822.265763	87.102	170.1907
1822.631974	87.094	169.7437
1822.998185	87.088	169.2856
1823.364396	87.077	168.8091
1823.730607	87.063	168.3765
1824.096818	87.057	167.9736
1824.463029	87.056	167.5186
1824.829240	87.049	167.0356
1825.195451	87.040	166.5757
1825.561662	87.032	166.1006
1825.927873	87.018	165.6289
1826.294084	87.005	165.2231
1826.660295	87.003	164.8086
1827.026506	87.001	164.3174
1827.392717	86.988	163.8379
1827.758928	86.978	163.4038
1828.125139	86.971	162.9482
1828.491350	86.961	162.4834
1828.857561	86.950	162.0420
1829.223772	86.941	161.6003
1829.589982	86.932	161.1680
1829.956193	86.926	160.7410
1830.322404	86.922	160.2776
1830.688615	86.913	159.8047
1831.054826	86.902	159.3555
1831.421037	86.892	158.9087
1831.787248	86.880	158.4753
1832.153459	86.873	158.0588
1832.519670	86.868	157.6177
1832.885881	86.861	157.1555
1833.252092	86.851	156.7029
1833.618303	86.841	156.2673
1833.984514	86.835	155.8413
1834.350725	86.832	155.3813
1834.716936	86.823	154.8857
1835.083147	86.809	154.4270
1835.449358	86.800	153.9868
1835.815569	86.788	153.5164
1836.181780	86.771	153.0901
1836.547991	86.764	152.7107
1836.914202	86.765	152.2625
1837.280413	86.758	151.7661
1837.646624	86.745	151.3044
1838.012835	86.734	150.8472
1838.379046	86.719	150.4031
1838.745257	86.707	150.0132
1839.111468	86.706	149.5952
1839.477679	86.701	149.1060
1839.843890	86.686	148.6411
1840.210101	86.675	148.2209
1840.576311	86.668	147.7717
1840.942522	86.656	147.3118
1841.308733	86.643	146.8894
1841.674944	86.637	146.4626
1842.041155	86.628	146.0029
1842.407366	86.616	145.5571
1842.773577	86.607	145.1309
1843.139788	86.600	144.6746
1843.505999	86.588	144.2070
1843.872210	86.575	143.7754
1844.238421	86.568	143.3459
1844.604632	86.561	142.8801
1844.970843	86.549	142.4170
1845.337054	86.537	141.9792
1845.703265	86.528	141.5332
1846.069476	86.518	141.0742
1846.435687	86.506	140.6240
1846.801898	86.495	140.1829
1847.168109	86.484	139.7417
1847.534320	86.472	139.3057
1847.900531	86.462	138.8787
1848.266742	86.453	138.4517
1848.632953	86.444	138.0188
1848.999164	86.436	137.5889
1849.365375	86.429	137.1504
1849.731586	86.420	136.6877
1850.097797	86.406	136.2417
1850.464008	86.395	135.8342
1850.830219	86.390	135.4031
1851.196430	86.381	134.9348
1851.562641	86.366	134.4990
1851.928851	86.354	134.0872
1852.295062	86.344	133.6643
1852.661273	86.333	133.2451
1853.027484	86.324	132.8264
1853.393695	86.315	132.3857
1853.759906	86.302	131.9441
1854.126117	86.290	131.5212
1854.492328	86.280	131.1003
1854.858539	86.270	130.6641
1855.224750	86.259	130.2136
1855.590961	86.243	129.7827
1855.957172	86.230	129.3901
1856.323383	86.225	128.9783
1856.689594	86.217	128.5151
1857.055805	86.203	128.0632
1857.422016	86.190	127.6477
1857.788227	86.180	127.2183
1858.154438	86.168	126.7710
1858.520649	86.153	126.3486
1858.886860	86.141	125.9504
1859.253071	86.134	125.5391
1859.619282	86.126	125.0923
1859.985493	86.113	124.6338
1860.351704	86.096	124.2102
1860.717915	86.084	123.8135
1861.084126	86.075	123.3982
1861.450337	86.065	122.9648
1861.816548	86.054	122.5332
1862.182759	86.043	122.0984
1862.548970	86.030	121.6628
1862.915181	86.016	121.2358
1863.281391	86.003	120.8145
1863.647602	85.990	120.3987
1864.013813	85.980	119.9734
1864.380024	85.966	119.5359
1864.746235	85.950	119.1304
1865.112446	85.940	118.7456
1865.478657	85.935	118.3057
1865.844868	85.920	117.8394
1866.211079	85.902	117.4355
1866.577290	85.892	117.0522
1866.943501	85.885	116.6187
1867.309712	85.870	116.1865
1867.675923	85.858	115.7917
1868.042134	85.851	115.3765
1868.408345	85.842	114.9260
1868.774556	85.828	114.4849
1869.140767	85.814	114.0603
1869.506978	85.799	113.6406
1869.873189	85.785	113.2278
1870.239400	85.771	112.8198
1870.605611	85.758	112.4204
1870.971822	85.747	112.0256
1871.338033	85.738	111.6116
1871.704244	85.726	111.1833
1872.070455	85.713	110.7715
1872.436666	85.702	110.3630
1872.802877	85.692	109.9299
1873.169088	85.676	109.4973
1873.535299	85.659	109.1025
1873.901510	85.649	108.7241
1874.267720	85.642	108.3113
1874.633931	85.632	107.8643
1875.000142	85.617	107.4294
1875.366353	85.602	107.0200
1875.732564	85.590	106.6069
1876.098775	85.576	106.1829
1876.464986	85.560	105.7769
1876.831197	85.549	105.3892
1877.197408	85.541	104.9729
1877.563619	85.528	104.5291
1877.929830	85.512	104.1130
1878.296041	85.500	103.7056
1878.662252	85.486	103.2732
1879.028463	85.468	102.8813
1879.394674	85.458	102.5247
1879.760885	85.455	102.0918
1880.127096	85.440	101.6211
1880.493307	85.421	101.2163
1880.859518	85.408	100.8259
1881.225729	85.394	100.4116
1881.591940	85.379	100.0271
1881.958151	85.369	99.6479
1882.324362	85.360	99.2346
1882.690573	85.348	98.8157
1883.056784	85.336	98.3945
1883.422995	85.320	97.9790
1883.789206	85.305	97.6006
1884.155417	85.296	97.2163
1884.521628	85.287	96.7866
1884.887839	85.272	96.3645
1885.254050	85.260	95.9626
1885.620260	85.248	95.5344
1885.986471	85.230	95.1042
1886.352682	85.211	94.7229
1886.718893	85.200	94.3572
1887.085104	85.192	93.9536
1887.451315	85.180	93.5225
1887.817526	85.165	93.0991
1888.183737	85.148	92.6995
1888.549948	85.134	92.3201
1888.916159	85.125	91.9270
1889.282370	85.115	91.4934
1889.648581	85.098	91.0576
1890.014792	85.080	90.6628
1890.381003	85.067	90.2844
1890.747214	85.056	89.8845
1891.113425	85.044	89.4607
1891.479636	85.027	89.0388
1891.845847	85.008	88.6543
1892.212058	84.994	88.2922
1892.578269	84.985	87.9006
1892.944480	84.973	87.4846
1893.310691	84.957	87.0781
1893.676902	84.942	86.6821
1894.043113	84.926	86.2996
1894.409324	84.913	85.9250
1894.775535	84.901	85.5366
1895.141746	84.889	85.1487
1895.507957	84.878	84.7686
1895.874168	84.870	84.3623
1896.240379	84.859	83.9309
1896.606589	84.843	83.5046
1896.972800	84.826	83.0996
1897.339011	84.809	82.7239
1897.705222	84.799	82.3447
1898.071433	84.787	81.9309
1898.437644	84.772	81.5217
1898.803855	84.757	81.1338
1899.170066	84.744	80.7368
1899.536277	84.728	80.3513
1899.902488	84.717	79.9797
1900.268699	84.707	79.5759
1900.634910	84.693	79.1616
1901.001121	84.678	78.7700
1901.367332	84.665	78.3745
1901.733543	84.650	77.9773
1902.099754	84.636	77.5869
1902.465965	84.620	77.1895
1902.832176	84.601	76.8198
1903.198387	84.589	76.4788
1903.564598	84.581	76.0947
1903.930809	84.568	75.6841
1904.297020	84.552	75.3049
1904.663231	84.541	74.9202
1905.029442	84.527	74.5093
1905.395653	84.509	74.1196
1905.761864	84.494	73.7537
1906.128075	84.480	73.3877
1906.494286	84.469	73.0176
1906.860497	84.459	72.6257
1907.226708	84.447	72.2107
1907.592919	84.431	71.8025
1907.959129	84.413	71.4084
1908.325340	84.395	71.0281
1908.691551	84.378	70.6741
1909.057762	84.366	70.3301
1909.423973	84.358	69.9548
1909.790184	84.347	69.5383
1910.156395	84.330	69.1257
1910.522606	84.311	68.7561
1910.888817	84.296	68.4011
1911.255028	84.283	68.0293
1911.621239	84.269	67.6631
1911.987450	84.259	67.3015
1912.353661	84.250	66.9048
1912.719872	84.236	66.4807
1913.086083	84.215	66.0837
1913.452294	84.195	65.7410
1913.818505	84.183	65.4106
1914.184716	84.175	65.0303
1914.550927	84.161	64.6252
1914.917138	84.144	64.2664
1915.283349	84.135	63.9133
1915.649560	84.127	63.4954
1916.015771	84.108	63.0684
1916.381982	84.087	62.7070
1916.748193	84.073	62.3750
1917.114404	84.065	62.0054
1917.480615	84.054	61.5962
1917.846826	84.038	61.1926
1918.213037	84.020	60.8147
1918.579248	84.003	60.4485
1918.945459	83.988	60.0940
1919.311669	83.975	59.7463
1919.677880	83.964	59.3772
1920.044091	83.951	58.9934
1920.410302	83.936	58.6282
1920.776513	83.924	58.2678
1921.142724	83.911	57.8940
1921.508935	83.898	57.5237
1921.875146	83.885	57.1570
1922.241357	83.872	56.7747
1922.607568	83.856	56.3940
1922.973779	83.838	56.0459
1923.339990	83.827	55.7090
1923.706201	83.817	55.3386
1924.072412	83.804	54.9504
1924.438623	83.789	54.5820
1924.804834	83.776	54.2122
1925.171045	83.761	53.8315
1925.537256	83.745	53.4734
1925.903467	83.732	53.1182
1926.269678	83.719	52.7349
1926.635889	83.701	52.3643
1927.002100	83.686	52.0173
1927.368311	83.672	51.6555
1927.734522	83.655	51.3020
1928.100733	83.640	50.9839
1928.466944	83.633	50.6484
1928.833155	83.626	50.2625
1929.199366	83.612	49.8630
1929.565577	83.593	49.4915
1929.931788	83.576	49.1636
1930.297998	83.567	48.8384
1930.664209	83.560	48.4619
1931.030420	83.546	48.0710
1931.396631	83.530	47.7168
1931.762842	83.518	47.3630
1932.129053	83.505	46.9929
1932.495264	83.490	46.6396
1932.861475	83.479	46.2820
1933.227686	83.467	45.8940
1933.593897	83.448	45.5193
1933.960108	83.429	45.1843
1934.326319	83.416	44.8616
1934.692530	83.405	44.5215
1935.058741	83.393	44.1531
1935.424952	83.376	43.7942
1935.791163	83.361	43.4836
1936.157374	83.355	43.1616
1936.523585	83.347	42.7700
1936.889796	83.330	42.3823
1937.256007	83.313	42.0527
1937.622218	83.302	41.7175
1937.988429	83.289	41.3562
1938.354640	83.273	41.0234
1938.720851	83.264	40.6980
1939.087062	83.255	40.3342
1939.453273	83.241	39.9719
1939.819484	83.229	39.6318
1940.185695	83.219	39.2751
1940.551906	83.206	38.9146
1940.918117	83.193	38.5723
1941.284328	83.182	38.2139
1941.650538	83.167	37.8535
1942.016749	83.153	37.5273
1942.382960	83.145	37.1838
1942.749171	83.132	36.8125
1943.115382	83.115	36.4805
1943.481593	83.106	36.1592
1943.847804	83.097	35.7886
1944.214015	83.081	35.4248
1944.580226	83.067	35.1008
1944.946437	83.058	34.7537
1945.312648	83.043	34.3867
1945.678859	83.026	34.0598
1946.045070	83.015	33.7415
1946.411281	83.004	33.3831
1946.777492	82.987	33.0371
1947.143703	82.972	32.7415
1947.509914	82.966	32.4224
1947.876125	82.957	32.0457
1948.242336	82.938	31.6934
1948.608547	82.924	31.3975
1948.974758	82.917	31.0867
1949.340969	82.911	30.7266
1949.707180	82.898	30.3557
1950.073391	82.883	30.0107
1950.439602	82.870	29.6914
1950.805813	82.861	29.3665
1951.172024	82.851	29.0183
1951.538235	82.838	28.6733
1951.904446	82.827	28.3459
1952.270657	82.817	28.0122
1952.636867	82.807	27.6648
1953.003078	82.794	27.3208
1953.369289	82.781	26.9856
1953.735500	82.768	26.6611
1954.101711	82.757	26.3459
1954.467922	82.747	26.0195
1954.834133	82.735	25.6865
1955.200344	82.723	25.3806
1955.566555	82.717	25.0771
1955.932766	82.713	24.7175
1956.298977	82.700	24.3354
1956.665188	82.683	23.9976
1957.031399	82.669	23.6851
1957.397610	82.656	23.3687
1957.763821	82.645	23.0583
1958.130032	82.637	22.7317
1958.496243	82.626	22.3813
1958.862454	82.610	22.0564
1959.228665	82.599	21.7546
1959.594876	82.591	21.4297
1959.961087	82.580	21.0930
1960.327298	82.568	20.7744
1960.693509	82.559	20.4631
1961.059720	82.551	20.1401
1961.425931	82.543	19.7993
1961.792142	82.532	19.4629
1962.158353	82.523	19.1443
1962.524564	82.517	18.8066
1962.890775	82.506	18.4473
1963.256986	82.492	18.1187
1963.623197	82.482	17.8130
1963.989407	82.474	17.4883
1964.355618	82.464	17.1616
1964.721829	82.456	16.8384
1965.088040	82.447	16.4976
1965.454251	82.435	16.1636
1965.820462	82.423	15.8535
1966.186673	82.413	15.5493
1966.552884	82.406	15.2385
1966.919095	82.400	14.9072
1967.285306	82.390	14.5627
1967.651517	82.378	14.2368
1968.017728	82.368	13.9143
1968.383939	82.356	13.5833
1968.750150	82.343	13.2834
1969.116361	82.335	12.9946
1969.482572	82.329	12.6663
1969.848783	82.318	12.3386
1970.214994	82.308	12.0356
1970.581205	82.300	11.7166
1970.947416	82.289	11.3977
1971.313627	82.280	11.1055
1971.679838	82.275	10.7966
1972.046049	82.268	10.4619
1972.412260	82.259	10.1423
1972.778471	82.252	9.8257
1973.144682	82.244	9.4841
1973.510893	82.231	9.1523
1973.877104	82.219	8.8589
1974.243315	82.212	8.5679
1974.609526	82.206	8.2539
1974.975736	82.197	7.9426
1975.341947	82.191	7.6406
1975.708158	82.186	7.3206
1976.074369	82.179	6.9890
1976.440580	82.170	6.6726
1976.806791	82.162	6.3599
1977.173002	82.155	6.0386
1977.539213	82.146	5.7300
1977.905424	82.141	5.4265
1978.271635	82.137	5.0835
1978.637846	82.124	4.7302
1979.004057	82.109	4.4412
1979.370268	82.103	4.1816
1979.736479	82.102	3.8738
1980.102690	82.096	3.5400
1980.468901	82.089	3.2173
1980.835112	82.080	2.8882
1981.201323	82.069	2.5779
1981.567534	82.062	2.2974
1981.933745	82.059	1.9856
1982.299956	82.051	1.6470
1982.666167	82.040	1.3440
1983.032378	82.035	1.0486
1983.398589	82.029	0.7192
1983.764800	82.019	0.4014
1984.131011	82.010	0.1165
1984.497222	82.006	-0.1758
1984.863433	82.001	-0.4878
1985.229644	81.997	-0.8069
1985.595855	81.991	-1.1384
1985.962066	81.982	-1.4734
1986.328276	81.971	-1.7800
1986.694487	81.963	-2.0610
1987.060698	81.958	-2.3489
1987.426909	81.955	-2.6487
1987.793120	81.953	-2.9575
1988.159331	81.950	-3.2878
1988.525542	81.943	-3.6228
1988.891753	81.935	-3.9333
1989.257964	81.928	-4.2336
1989.624175	81.922	-4.5349
1989.990386	81.918	-4.8259
1990.356597	81.917	-5.1277
1990.722808	81.915	-5.4548
1991.089019	81.910	-5.7798
1991.455230	81.905	-6.1047
1991.821441	81.897	-6.4351
1992.187652	81.886	-6.7219
1992.553863	81.883	-6.9773
1992.920074	81.887	-7.2893
1993.286285	81.883	-7.6487
1993.652496	81.871	-7.9653
1994.018707	81.865	-8.2361
1994.384918	81.865	-8.5259
1994.751129	81.864	-8.8589
1995.117340	81.857	-9.1953
1995.483551	81.847	-9.4900
1995.849762	81.844	-9.7712
1996.215973	81.841	-10.0811
1996.582184	81.835	-10.3811
1996.948395	81.834	-10.6682
1997.314606	81.833	-10.9932
1997.680816	81.827	-11.3154
1998.047027	81.822	-11.6074
1998.413238	81.820	-11.9263
1998.779449	81.811	-12.2275
1999.145660	81.809	-12.4727
1999.511871	81.818	-12.7834
1999.878082	81.816	-13.1621
2000.244293	81.807	-13.4775
2000.610504	81.806	-13.7698
2000.976715	81.805	-14.1050
2001.342926	81.800	-14.4211
2001.709137	81.798	-14.7341
2002.075348	81.792	-15.0742
2002.441559	81.783	-15.3699
2002.807770	81.781	-15.6445
2003.173981	81.780	-15.9658
2003.540192	81.773	-16.2654
2003.906403	81.773	-16.5303
2004.272614	81.778	-16.8604
2004.638825	81.772	-17.2158
2005.005036	81.764	-17.4951
2005.371247	81.766	-17.7678
2005.737458	81.768	-18.1055
2006.103669	81.762	-18.4255
2006.469880	81.761	-18.7051
2006.836091	81.764	-19.0259
2007.202302	81.759	-19.3604
2007.568513	81.755	-19.6443
2007.934724	81.757	-19.9368
2008.300935	81.756	-20.2656
2008.667145	81.752	-20.5635
2009.033356	81.753	-20.8455
2009.399567	81.754	-21.1570
2009.765778	81.753	-21.4688
2010.131989	81.753	-21.7749
2010.498200	81.752	-22.0889
2010.864411	81.749	-22.3787
2011.230622	81.751	-22.6567
2011.596833	81.755	-22.9719
2011.963044	81.754	-23.3027
2012.329255	81.752	-23.6138
2012.695466	81.751	-23.9192
2013.061677	81.750	-24.2300
2013.427888	81.748	-24.5396
2013.794099	81.746	-24.8416
2014.160310	81.745	-25.1367
2014.526521	81.745	-25.4387
2014.892732	81.745	-25.7456
2015.258943	81.745	-26.0486
2015.625154	81.747	-26.3699
2015.991365	81.745	-26.7078
2016.357576	81.739	-27.0105
2016.723787	81.737	-27.2771
2017.089998	81.743	-27.5684
2017.456209	81.746	-27.8970
2017.822420	81.744	-28.2134
2018.188631	81.746	-28.5056
2018.554842	81.751	-28.8210
2018.921053	81.753	-29.1699
2019.287264	81.749	-29.4944
2019.653475	81.748	-29.7793
2020.019685	81.753	-30.0786
2020.385896	81.756	-30.4075
2020.752107	81.756	-30.7366
2021.118318	81.754	-31.0547
2021.484529	81.752	-31.3528
2021.850740	81.754	-31.6445
2022.216951	81.756	-31.9634
2022.583162	81.753	-32.2727
2022.949373	81.754	-32.5366
2023.315584	81.763	-32.8350
2023.681795	81.767	-33.2019
2024.048006	81.759	-33.5303
2024.414217	81.757	-33.7905
2024.780428	81.763	-34.0771
2025.146639	81.767	-34.4097
2025.512850	81.766	-34.7295
2025.879061	81.768	-35.0288
2026.245272	81.772	-35.3430
2026.611483	81.774	-35.6812
2026.977694	81.772	-36.0159
2027.343905	81.769	-36.3167
2027.710116	81.770	-36.5964
2028.076327	81.775	-36.8931
2028.442538	81.780	-37.2131
2028.808749	81.784	-37.5371
2029.174960	81.786	-37.8630
2029.541171	81.788	-38.1887
2029.907382	81.789	-38.5000
2030.273593	81.792	-38.8113
2030.639804	81.794	-39.1404
2031.006014	81.794	-39.4548
2031.372225	81.796	-39.7439
2031.738436	81.803	-40.0654
2032.104647	81.804	-40.4163
2032.470858	81.800	-40.7231
2032.837069	81.803	-41.0049
2033.203280	81.808	-41.3223
2033.569491	81.809	-41.6428
2033.935702	81.813	-41.9438
2034.301913	81.819	-42.2766
2034.668124	81.820	-42.6321
2035.034335	81.817	-42.9485
2035.400546	81.820	-43.2476
2035.766757	81.824	-43.5835
2036.132968	81.824	-43.9312
2036.499179	81.822	-44.2488
2036.865390	81.823	-44.5562
2037.231601	81.825	-44.8704
2037.597812	81.829	-45.1797
2037.964023	81.835	-45.5010
2038.330234	81.839	-45.8438
2038.696445	81.841	-46.1721
2039.062656	81.847	-46.5022
2039.428867	81.850	-46.8704
2039.795078	81.844	-47.2053
2040.161289	81.845	-47.4646
2040.527500	81.858	-47.7607
2040.893711	81.866	-48.1377
2041.259922	81.863	-48.4832
2041.626133	81.864	-48.7676
2041.992344	81.873	-49.0737
2042.358554	81.879	-49.4097
2042.724765	81.884	-49.7422
2043.090976	81.888	-50.0818
2043.457187	81.888	-50.4094
2043.823398	81.890	-50.7007
2044.189609	81.899	-51.0132
2044.555820	81.904	-51.3684
2044.922031	81.904	-51.6882
2045.288242	81.910	-51.9827
2045.654453	81.918	-52.3340
2046.020664	81.917	-52.6877
2046.386875	81.917	-52.9817
2046.753086	81.924	-53.2959
2047.119297	81.927	-53.6438
2047.485508	81.927	-53.9512
2047.851719	81.934	-54.2568
2048.217930	81.940	-54.5991
2048.584141	81.943	-54.9304
2048.950352	81.947	-55.2634
2049.316563	81.947	-55.6052
2049.682774	81.947	-55.8960
2050.048985	81.957	-56.1855
2050.415196	81.967	-56.5469
2050.781407	81.966	-56.8970
2051.147618	81.968	-57.1824
2051.513829	81.980	-57.4927
2051.880040	81.989	-57.8645
2052.246251	81.989	-58.2266
2052.612462	81.991	-58.5500
2052.978673	81.995	-58.8757
2053.344884	81.998	-59.2141
2053.711094	82.000	-59.5281
2054.077305	82.007	-59.8333
2054.443516	82.016	-60.1792
2054.809727	82.019	-60.5366
2055.175938	82.022	-60.8652
2055.542149	82.029	-61.2068
2055.908360	82.032	-61.5728
2056.274571	82.030	-61.9104
2056.640782	82.032	-62.2212
2057.006993	82.038	-62.5408
2057.373204	82.044	-62.8735
2057.739415	82.050	-63.2207
2058.105626	82.052	-63.5693
2058.471837	82.054	-63.8911
2058.838048	82.060	-64.2031
2059.204259	82.067	-64.5352
2059.570470	82.075	-64.8796
2059.936681	82.081	-65.2341
2060.302892	82.084	-65.5894
2060.669103	82.086	-65.9175
2061.035314	82.093	-66.2439
2061.401525	82.099	-66.6057
2061.767736	82.098	-66.9531
2062.133947	82.100	-67.2495
2062.500158	82.111	-67.5693
2062.866369	82.117	-67.9512
2063.232580	82.113	-68.3005
2063.598791	82.113	-68.5688
2063.965002	82.127	-68.8579
2064.331213	82.140	-69.2344
2064.697423	82.142	-69.6233
2065.063634	82.141	-69.9600
2065.429845	82.145	-70.2722
2065.796056	82.152	-70.5957
2066.162267	82.159	-70.9414
2066.528478	82.165	-71.3018
2066.894689	82.168	-71.6570
2067.260900	82.170	-72.0063
2067.627111	82.170	-72.3357
2067.993322	82.175	-72.6294
2068.359533	82.189	-72.9534
2068.725744	82.199	-73.3506
2069.091955	82.199	-73.7322
2069.458166	82.200	-74.0583
2069.824377	82.207	-74.3970
2070.190588	82.211	-74.7517
2070.556799	82.214	-75.0903
2070.923010	82.218	-75.4285
2071.289221	82.222	-75.7554
2071.655432	82.229	-76.0669
2072.021643	82.241	-76.4072
2072.387854	82.249	-76.7788
2072.754065	82.254	-77.1494
2073.120276	82.255	-77.5071
2073.486487	82.256	-77.8325
2073.852698	82.261	-78.1353
2074.218909	82.271	-78.4583
2074.585120	82.280	-78.7988
2074.951331	82.289	-79.1499
2075.317542	82.297	-79.5276
2075.683753	82.299	-79.8933
2076.049963	82.303	-80.2253
2076.416174	82.310	-80.5820
2076.782385	82.311	-80.9512
2077.148596	82.312	-81.2654
2077.514807	82.321	-81.5793
2077.881018	82.331	-81.9563
2078.247229	82.332	-82.3286
2078.613440	82.334	-82.6646
2078.979651	82.338	-83.0063
2079.345862	82.342	-83.3369
2079.712073	82.351	-83.6616
2080.078284	82.361	-84.0381
2080.444495	82.362	-84.4185
2080.810706	82.364	-84.7373
2081.176917	82.374	-85.0723
2081.543128	82.381	-85.4644
2081.909339	82.379	-85.8262
2082.275550	82.382	-86.1404
2082.641761	82.390	-86.4741
2083.007972	82.396	-86.8293
2083.374183	82.400	-87.1689
2083.740394	82.408	-87.5049
2084.106605	82.417	-87.8662
2084.472816	82.422	-88.2405
2084.839027	82.425	-88.5930
2085.205238	82.430	-88.9299
2085.571449	82.438	-89.2834
2085.937660	82.443	-89.6458
2086.303871	82.447	-89.9966
2086.670082	82.452	-90.3430
2087.036292	82.457	-90.6794
2087.402503	82.466	-91.0144
2087.768714	82.475	-91.3850
2088.134925	82.479	-91.7615
2088.501136	82.483	-92.1013
2088.867347	82.492	-92.4580
2089.233558	82.496	-92.8450
2089.599769	82.495	-93.1831
2089.965980	82.502	-93.4888
2090.332191	82.513	-93.8359
2090.698402	82.520	-94.2019
2091.064613	82.527	-94.5623
2091.430824	82.533	-94.9319
2091.797035	82.536	-95.2817
2092.163246	82.544	-95.6182
2092.529457	82.553	-95.9917
2092.895668	82.555	-96.3645
2093.261879	82.558	-96.6970
2093.628090	82.567	-97.0413
2093.994301	82.573	-97.4084
2094.360512	82.578	-97.7566
2094.726723	82.587	-98.1135
2095.092934	82.592	-98.5037
2095.459145	82.591	-98.8669
2095.825356	82.594	-99.1809
2096.191567	82.604	-99.5178
2096.557778	82.611	-99.9045
2096.923989	82.610	-100.2632
2097.290200	82.615	-100.5688
2097.656411	82.628	-100.9114
2098.022622	82.635	-101.3066
2098.388832	82.636	-101.6633
2098.755043	82.643	-101.9900
2099.121254	82.654	-102.3652
2099.487465	82.657	-102.7524
2099.853676	82.659	-103.0969
2100.219887	82.667	-103.4402
2100.586098	82.673	-103.8052
2100.952309	82.678	-104.1616
2101.318520	82.685	-104.5105
2101.684731	82.693	-104.8687
2102.050942	82.700	-105.2327
2102.417153	82.707	-105.6006
2102.783364	82.713	-105.9724
2103.149575	82.717	-106.3416
2103.515786	82.720	-106.6960
2103.881997	82.725	-107.0303
2104.248208	82.735	-107.3777
2104.614419	82.743	-107.7612
2104.980630	82.746	-108.1333
2105.346841	82.750	-108.4788
2105.713052	82.757	-108.8491
2106.079263	82.758	-109.2214
2106.445474	82.759	-109.5420
2106.811685	82.769	-109.8672
2107.177896	82.780	-110.2502
2107.544107	82.783	-110.6382
2107.910318	82.786	-110.9978
2108.276529	82.790	-111.3569
2108.642740	82.794	-111.7197
2109.008951	82.797	-112.0669
2109.375161	82.804	-112.4050
2109.741372	82.815	-112.7749
2110.107583	82.821	-113.1804
2110.473794	82.821	-113.5593
2110.840005	82.824	-113.9006
2111.206216	82.830	-114.2588
2111.572427	82.835	-114.6211
2111.938638	82.841	-114.9580
2112.304849	82.852	-115.3167
2112.671060	82.860	-115.7126
2113.037271	82.863	-116.0938
2113.403482	82.867	-116.4438
2113.769693	82.875	-116.7927
2114.135904	82.884	-117.1682
2114.502115	82.889	-117.5608
2114.868326	82.891	-117.9241
2115.234537	82.896	-118.2639
2115.600748	82.903	-118.6206
2115.966959	82.908	-118.9717
2116.333170	82.916	-119.3105
2116.699381	82.927	-119.6885
2117.065592	82.931	-120.0830
2117.431803	82.933	-120.4363
2117.798014	82.939	-120.7737
2118.164225	82.948	-121.1309
2118.530436	82.957	-121.5037
2118.896647	82.964	-121.8938
2119.262858	82.966	-122.2773
2119.629069	82.968	-122.6240
2119.995280	82.976	-122.9729
2120.361491	82.983	-123.3555
2120.727701	82.986	-123.7283
2121.093912	82.991	-124.0696
2121.460123	83.001	-124.4238
2121.826334	83.010	-124.8125
2122.192545	83.014	-125.2139
2122.558756	83.014	-125.5913
2122.924967	83.016	-125.9231
2123.291178	83.026	-126.2566
2123.657389	83.037	-126.6528
2124.023600	83.038	-127.0544
2124.389811	83.039	-127.3938
2124.756022	83.048	-127.7371
2125.122233	83.054	-128.1182
2125.488444	83.057	-128.4631
2125.854655	83.069	-128.8066
2126.220866	83.079	-129.2263
2126.587077	83.077	-129.6326
2126.953288	83.078	-129.9612
2127.319499	83.087	-130.3083
2127.685710	83.093	-130.6899
2128.051921	83.097	-131.0405
2128.418132	83.108	-131.4072
2128.784343	83.114	-131.8198
2129.150554	83.112	-132.1938
2129.516765	83.117	-132.5269
2129.882976	83.127	-132.8987
2130.249187	83.131	-133.2917
2130.615398	83.132	-133.6467
2130.981609	83.139	-133.9873
2131.347820	83.149	-134.3569
2131.714031	83.155	-134.7439
2132.080241	83.160	-135.1250
2132.446452	83.163	-135.4985
2132.812663	83.166	-135.8579
2133.178874	83.173	-136.1990
2133.545085	83.184	-136.5667
2133.911296	83.191	-136.9854
2134.277507	83.188	-137.3750
2134.643718	83.188	-137.6865
2135.009929	83.201	-138.0173
2135.376140	83.212	-138.4324
2135.742351	83.211	-138.8340
2136.108562	83.213	-139.1680
2136.474773	83.224	-139.5317
2136.840984	83.229	-139.9517
2137.207195	83.225	-140.3267
2137.573406	83.226	-140.6426
2137.939617	83.234	-140.9731
2138.305828	83.243	-141.3313
2138.672039	83.253	-141.7056
2139.038250	83.259	-142.0979
2139.404461	83.262	-142.4768
2139.770672	83.267	-142.8362
2140.136883	83.274	-143.2075
2140.503094	83.278	-143.5828
2140.869305	83.283	-143.9458
2141.235516	83.289	-144.3030
2141.601727	83.297	-144.6592
2141.967938	83.308	-145.0505
2142.334149	83.312	-145.4717
2142.700360	83.310	-145.8347
2143.066570	83.318	-146.1621
2143.432781	83.330	-146.5635
2143.798992	83.330	-146.9873
2144.165203	83.326	-147.3284
2144.531414	83.334	-147.6445
2144.897625	83.346	-148.0171
2145.263836	83.352	-148.4211
2145.630047	83.354	-148.8044
2145.996258	83.357	-149.1543
2146.362469	83.365	-149.5134
2146.728680	83.370	-149.9048
2147.094891	83.371	-150.2654
2147.461102	83.377	-150.5825
2147.827313	83.392	-150.9456
2148.193524	83.401	-151.3638
2148.559735	83.402	-151.7583
2148.925946	83.406	-152.1189
2149.292157	83.414	-152.4861
2149.658368	83.421	-152.8784
2150.024579	83.425	-153.2925
2150.390790	83.421	-153.6775
2150.757001	83.420	-153.9968
2151.123212	83.430	-154.3164
2151.489423	83.442	-154.6990
2151.855634	83.446	-155.0923
2152.221845	83.451	-155.4526
2152.588056	83.460	-155.8293
2152.954267	83.465	-156.2295
2153.320478	83.467	-156.5955
2153.686689	83.475	-156.9485
2154.052900	83.484	-157.3462
2154.419110	83.487	-157.7468
2154.785321	83.490	-158.1152
2155.151532	83.494	-158.4966
2155.517743	83.494	-158.8723
2155.883954	83.495	-159.1851
2156.250165	83.509	-159.5039
2156.616376	83.524	-159.9094
2156.982587	83.528	-160.3335
2157.348798	83.528	-160.7012
2157.715009	83.535	-161.0576
2158.081220	83.541	-161.4421
2158.447431	83.545	-161.8181
2158.813642	83.550	-162.1780
2159.179853	83.557	-162.5605
2159.546064	83.559	-162.9443
2159.912275	83.561	-163.2847
2160.278486	83.572	-163.6311
2160.644697	83.583	-164.0432
2161.010908	83.583	-164.4634
2161.377119	83.582	-164.8237
2161.743330	83.588	-165.1641
2162.109541	83.596	-165.5388
2162.475752	83.602	-165.9236
2162.841963	83.608	-166.2959
2163.208174	83.615	-166.6780
2163.574385	83.621	-167.0667
2163.940596	83.626	-167.4424
2164.306807	83.633	-167.8301
2164.673018	83.636	-168.2324
2165.039229	83.636	-168.5964
2165.405439	83.641	-168.9221
2165.771650	83.654	-169.2717
2166.137861	83.667	-169.6736
2166.504072	83.672	-170.0979
2166.870283	83.672	-170.4824
2167.236494	83.676	-170.8162
2167.602705	83.688	-171.1814
2167.968916	83.695	-171.5981
2168.335127	83.696	-171.9832
2168.701338	83.701	-172.3352
2169.067549	83.709	-172.7195
2169.433760	83.712	-173.1147
2169.799971	83.712	-173.4753
2170.166182	83.717	-173.8137
2170.532393	83.728	-174.1685
2170.898604	83.739	-174.5730
2171.264815	83.741	-174.9941
2171.631026	83.740	-175.3647
2171.997237	83.746	-175.7124
2172.363448	83.753	-176.0918
2172.729659	83.758	-176.4736
2173.095870	83.764	-176.8423
2173.462081	83.771	-177.2258
2173.828292	83.777	-177.6099
2174.194503	83.783	-177.9858
2174.560714	83.790	-178.3774
2174.926925	83.794	-178.7644
2175.293136	83.799	-179.1221
2175.659347	83.810	-179.4900
2176.025558	83.820	-179.9016
2176.391769	83.823	179.6819
2176.757979	83.823	179.3081
2177.124190	83.828	178.9553
2177.490401	83.836	178.5803
2177.856612	83.841	178.1978
2178.222823	83.846	177.8342
2178.589034	83.853	177.4709
2178.955245	83.860	177.0989
2179.321456	83.867	176.7266
2179.687667	83.876	176.3391
2180.053878	83.881	175.9392
2180.420089	83.884	175.5583
2180.786300	83.889	175.1934
2181.152511	83.896	174.8218
2181.518722	83.903	174.4351
2181.884933	83.909	174.0315
2182.251144	83.909	173.6394
2182.617355	83.911	173.2847
2182.983566	83.919	172.9290
2183.349777	83.926	172.5459
2183.715988	83.931	172.1677
2184.082199	83.939	171.7896
2184.448410	83.945	171.3904
2184.814621	83.947	171.0107
2185.180832	83.953	170.6572
2185.547043	83.963	170.2700
2185.913254	83.967	169.8613
2186.279465	83.969	169.4912
2186.645676	83.976	169.1301
2187.011887	83.982	168.7324
2187.378098	83.982	168.3481
2187.744309	83.985	168.0193
2188.110519	83.998	167.6787
2188.476730	84.010	167.2661
2188.842941	84.012	166.8462
2189.209152	84.011	166.4917
2189.575363	84.019	166.1560
2189.941574	84.031	165.7742
2190.307785	84.038	165.3669
2190.673996	84.042	164.9683
2191.040207	84.044	164.5896
2191.406418	84.049	164.2378
2191.772629	84.059	163.8750
2192.138840	84.069	163.4670
2192.505051	84.073	163.0588
2192.871262	84.077	162.6807
2193.237473	84.083	162.2925
2193.603684	84.087	161.8948
2193.969895	84.089	161.5254
2194.336106	84.095	161.1677
2194.702317	84.104	160.7961
2195.068528	84.113	160.4082
2195.434739	84.120	159.9966
2195.800950	84.121	159.5920
2196.167161	84.121	159.2339
2196.533372	84.128	158.8843
2196.899583	84.136	158.5088
2197.265794	84.143	158.1353
2197.632005	84.151	157.7554
2197.998216	84.156	157.3625
2198.364427	84.160	157.0054
2198.730638	84.172	156.6448
2199.096848	84.182	156.2085
2199.463059	84.179	155.7915
2199.829270	84.179	155.4712
2200.195481	84.194	155.1221
2200.561692	84.203	154.6890
2200.927903	84.202	154.2930
2201.294114	84.207	153.9492
2201.660325	84.217	153.5640
2202.026536	84.222	153.1523
2202.392747	84.223	152.7769
2202.758958	84.229	152.4209
2203.125169	84.238	152.0461
2203.491380	84.246	151.6450
2203.857591	84.250	151.2400
2204.223802	84.251	150.8723
2204.590013	84.258	150.5251
2204.956224	84.269	150.1345
2205.322435	84.272	149.7322
2205.688646	84.276	149.3845
2206.054857	84.289	149.0286
2206.421068	84.301	148.6018
2206.787279	84.302	148.1833
2207.153490	84.305	147.8152
2207.519701	84.312	147.4385
2207.885912	84.316	147.0562
2208.252123	84.323	146.6907
2208.618334	84.332	146.2949
2208.984545	84.335	145.8855
2209.350756	84.335	145.5325
2209.716967	84.344	145.1946
2210.083178	84.355	144.8066
2210.449388	84.360	144.4158
2210.815599	84.367	144.0549
2211.181810	84.378	143.6733
2211.548021	84.386	143.2634
2211.914232	84.392	142.8601
2212.280443	84.396	142.4626
2212.646654	84.398	142.0791
2213.012865	84.404	141.7217
2213.379076	84.414	141.3442
2213.745287	84.421	140.9333
2214.111498	84.423	140.5459
2214.477709	84.429	140.1797
2214.843920	84.438	139.7947
2215.210131	84.444	139.3999
2215.576342	84.451	139.0000
2215.942553	84.454	138.6001
2216.308764	84.456	138.2292
2216.674975	84.464	137.8640
2217.041186	84.472	137.4717
2217.407397	84.477	137.0789
2217.773608	84.482	136.6897
2218.139819	84.486	136.2993
2218.506030	84.490	135.9331
2218.872241	84.498	135.5667
2219.238452	84.506	135.1731
2219.604663	84.511	134.7869
2219.970874	84.519	134.4011
2220.337085	84.523	133.9993
2220.703296	84.525	133.6267
2221.069507	84.533	133.2766
2221.435717	84.544	132.8933
2221.801928	84.552	132.4893
2222.168139	84.558	132.0898
2222.534350	84.563	131.6921
2222.900561	84.567	131.3059
2223.266772	84.573	130.9253
2223.632983	84.578	130.5432
2223.999194	84.585	130.1724
2224.365405	84.596	129.7852
2224.731616	84.604	129.3569
2225.097827	84.604	128.9414
2225.464038	84.604	128.5840
2225.830249	84.612	128.2422
2226.196460	84.624	127.8550
2226.562671	84.630	127.4377
2226.928882	84.633	127.0542
2227.295093	84.640	126.6973
2227.661304	84.651	126.3022
2228.027515	84.656	125.8911
2228.393726	84.660	125.5220
2228.759937	84.671	125.1555
2229.126148	84.682	124.7454
2229.492359	84.688	124.3264
2229.858570	84.692	123.9233
2230.224781	84.695	123.5354
2230.590992	84.701	123.1638
2230.957203	84.710	122.7756
2231.323414	84.715	122.3628
2231.689625	84.716	121.9858
2232.055836	84.724	121.6370
2232.422047	84.735	121.2441
2232.788257	84.741	120.8315
2233.154468	84.746	120.4495
2233.520679	84.755	120.0562
2233.886890	84.759	119.6438
2234.253101	84.762	119.2666
2234.619312	84.770	118.9019
2234.985523	84.780	118.4998
2235.351734	84.786	118.0896
2235.717945	84.791	117.6953
2236.084156	84.797	117.2957
2236.450367	84.800	116.9004
2236.816578	84.805	116.5249
2237.182789	84.812	116.1467
2237.549000	84.820	115.7507
2237.915211	84.826	115.3506
2238.281422	84.830	114.9644
2238.647633	84.836	114.5930
2239.013844	84.846	114.2124
2239.380055	84.855	113.8047
2239.746266	84.860	113.3940
2240.112477	84.865	113.0049
2240.478688	84.871	112.6221
2240.844899	84.878	112.2236
2241.211110	84.881	111.8345
2241.577321	84.887	111.4761
2241.943532	84.899	111.0989
2242.309743	84.908	110.6746
2242.675954	84.910	110.2690
2243.042165	84.915	109.9014
2243.408376	84.925	109.5105
2243.774586	84.931	109.1025
2244.140797	84.936	108.7158
2244.507008	84.943	108.3320
2244.873219	84.952	107.9299
2245.239430	84.959	107.5063
2245.605641	84.960	107.0906
2245.971852	84.961	106.7324
2246.338063	84.973	106.3718
2246.704274	84.984	105.9294
2247.070485	84.983	105.4980
2247.436696	84.985	105.1436
2247.802907	84.996	104.7656
2248.169118	85.002	104.3413
2248.535329	85.004	103.9502
2248.901540	85.009	103.5847
2249.267751	85.019	103.2029
2249.633962	85.027	102.8037
2250.000173	85.034	102.3972
2250.366384	85.039	102.0029
2250.732595	85.046	101.6177
2251.098806	85.054	101.2207
2251.465017	85.061	100.8208
2251.831228	85.068	100.4170
2252.197439	85.073	100.0088
2252.563650	85.077	99.6230
2252.929861	85.084	99.2461
2253.296072	85.092	98.8538
2253.662283	85.100	98.4614
2254.028494	85.109	98.0559
2254.394705	85.113	97.6379
2254.760916	85.116	97.2595
2255.127126	85.125	96.8967
2255.493337	85.136	96.4883
2255.859548	85.142	96.0696
2256.225759	85.147	95.6768
2256.591970	85.155	95.2781
2256.958181	85.162	94.8625
2257.324392	85.165	94.4553
2257.690603	85.168	94.0764
2258.056814	85.177	93.7058
2258.423025	85.188	93.2910
2258.789236	85.191	92.8579
2259.155447	85.191	92.4854
2259.521658	85.202	92.1279
2259.887869	85.214	91.7043
2260.254080	85.216	91.2764
2260.620291	85.220	90.8994
2260.986502	85.230	90.5037
2261.352713	85.235	90.0730
2261.718924	85.236	89.6792
2262.085135	85.243	89.3123
2262.451346	85.253	88.9097
2262.817557	85.258	88.4873
2263.183768	85.260	88.0974
2263.549979	85.266	87.7388
2263.916190	85.279	87.3655
2264.282401	85.293	86.9429
2264.648612	85.299	86.5012
2265.014823	85.302	86.0959
2265.381034	85.309	85.7117
2265.747245	85.318	85.3010
2266.113456	85.322	84.8828
2266.479666	85.326	84.5000
2266.845877	85.335	84.1301
2267.212088	85.348	83.7183
2267.578299	85.354	83.2747
2267.944510	85.354	82.8689
2268.310721	85.359	82.5073
2268.676932	85.369	82.1204
2269.043143	85.376	81.7070
2269.409354	85.382	81.3162
2269.775565	85.391	80.9153
2270.141776	85.397	80.4797
2270.507987	85.396	80.0774
2270.874198	85.400	79.7185
2271.240409	85.408	79.3311
2271.606620	85.413	78.9282
2271.972831	85.417	78.5671
2272.339042	85.430	78.1982
2272.705253	85.444	77.7600
2273.071464	85.448	77.3057
2273.437675	85.447	76.8987
2273.803886	85.450	76.5266
2274.170097	85.458	76.1597
2274.536308	85.472	75.7637
2274.902519	85.483	75.3101
2275.268730	85.483	74.8591
2275.634941	85.483	74.4800
2276.001152	85.492	74.1042
2276.367363	85.501	73.6702
2276.733574	85.501	73.2603
2277.099785	85.506	72.9062
2277.465995	85.520	72.5132
2277.832206	85.528	72.0740
2278.198417	85.530	71.6692
2278.564628	85.537	71.2908
2278.930839	85.546	70.8948
2279.297050	85.554	70.4880
2279.663261	85.560	70.0747
2280.029472	85.564	69.6707
2280.395683	85.570	69.2942
2280.761894	85.581	68.8970
2281.128105	85.587	68.4648
2281.494316	85.588	68.0664
2281.860527	85.594	67.7002
2282.226738	85.604	67.3145
2282.592949	85.614	66.9094
2282.959160	85.624	66.4724
2283.325371	85.626	66.0183
2283.691582	85.624	65.6218
2284.057793	85.631	65.2444
2284.424004	85.636	64.8198
2284.790215	85.634	64.4387
2285.156426	85.644	64.1069
2285.522637	85.661	63.6841
2285.888848	85.665	63.2134
2286.255059	85.664	62.8274
2286.621270	85.674	62.4592
2286.987481	85.685	62.0369
2287.353692	85.691	61.6194
2287.719903	85.699	61.2061
2288.086114	85.704	60.7705
2288.452325	85.705	60.3733
2288.818535	85.713	60.0122
2289.184746	85.727	59.5989
2289.550957	85.733	59.1536
2289.917168	85.735	58.7488
2290.283379	85.742	58.3550
2290.649590	85.748	57.9434
2291.015801	85.751	57.5496
2291.382012	85.758	57.1619
2291.748223	85.765	56.7549
2292.114434	85.768	56.3638
2292.480645	85.776	55.9885
2292.846856	85.787	55.5847
2293.213067	85.795	55.1575
2293.579278	85.801	54.7275
2293.945489	85.803	54.2969
2294.311700	85.802	53.8967
2294.677911	85.805	53.5403
2295.044122	85.817	53.1633
2295.410333	85.827	52.7266
2295.776544	85.829	52.2915
2296.142755	85.831	51.9087
2296.508966	85.840	51.5291
2296.875177	85.851	51.1047
2297.241388	85.857	50.6626
2297.607599	85.859	50.2341
2297.973810	85.860	49.8337
2298.340021	85.864	49.4678
2298.706232	85.876	49.0854
2299.072443	85.886	48.6501
2299.438654	85.889	48.2224
2299.804864	85.893	47.8350
2300.171075	85.902	47.4351
2300.537286	85.909	47.0110
2300.903497	85.912	46.6094
2301.269708	85.919	46.2324
2301.635919	85.931	45.8245
2302.002130	85.940	45.3621
2302.368341	85.938	44.9197
2302.734552	85.938	44.5474
2303.100763	85.947	44.1584
2303.466974	85.952	43.7163
2303.833185	85.949	43.3257
2304.199396	85.958	42.9788
2304.565607	85.972	42.5540
2304.931818	85.976	42.0898
2305.298029	85.974	41.6938
2305.664240	85.981	41.3208
2306.030451	85.990	40.9102
2306.396662	85.997	40.4973
2306.762873	86.007	40.0842
2307.129084	86.015	39.6338
2307.495295	86.015	39.1855
2307.861506	86.014	38.7988
2308.227717	86.021	38.4353
2308.593928	86.034	38.0244
2308.960139	86.040	37.5857
2309.326350	86.045	37.1687
2309.692561	86.051	36.7522
2310.058772	86.054	36.3242
2310.424983	86.055	35.9302
2310.791194	86.063	35.5510
2311.157404	86.072	35.1265
2311.523615	86.074	34.6995
2311.889826	86.077	34.3201
2312.256037	86.088	33.9202
2312.622248	86.094	33.4678
2312.988459	86.093	33.0413
2313.354670	86.095	32.6606
2313.720881	86.101	32.2664
2314.087092	86.106	31.8557
2314.453303	86.110	31.4651
2314.819514	86.119	31.0793
2315.185725	86.130	30.6587
2315.551936	86.137	30.2095
2315.918147	86.139	29.7778
2316.284358	86.142	29.3796
2316.650569	86.150	28.9773
2317.016780	86.157	28.5503
2317.382991	86.162	28.1223
2317.749202	86.166	27.7039
2318.115413	86.170	27.2891
2318.481624	86.174	26.8882
2318.847835	86.181	26.4929
2319.214046	86.189	26.0769
2319.580257	86.194	25.6567
2319.946468	86.200	25.2559
2320.312679	86.209	24.8442
2320.678890	86.215	24.4070
2321.045101	86.218	23.9810
2321.411312	86.222	23.5730
2321.777523	86.227	23.1592
2322.143734	86.230	22.7507
2322.509944	86.235	22.3574
2322.876155	86.243	21.9492
2323.242366	86.250	21.5186
2323.608577	86.254	21.0918
2323.974788	86.257	20.6792
2324.340999	86.261	20.2734
2324.707210	86.267	19.8730
2325.073421	86.275	19.4656
2325.439632	86.284	19.0283
2325.805843	86.287	18.5776
2326.172054	86.286	18.1667
2326.538265	86.292	17.7847
2326.904476	86.303	17.3577
2327.270687	86.307	16.8948
2327.636898	86.304	16.4832
2328.003109	86.308	16.1189
2328.369320	86.319	15.7192
2328.735531	86.328	15.2795
2329.101742	86.332	14.8479
2329.467953	86.337	14.4187
2329.834164	86.339	13.9890
2330.200375	86.340	13.5959
2330.566586	86.348	13.2124
2330.932797	86.357	12.7815
2331.299008	86.360	12.3425
2331.665219	86.363	11.9363
2332.031430	86.369	11.5190
2332.397641	86.371	11.1006
2332.763852	86.375	10.7224
2333.130063	86.388	10.3169
2333.496273	86.394	9.8560
2333.862484	86.393	9.4392
2334.228695	86.401	9.0640
2334.594906	86.413	8.6218
2334.961117	86.415	8.1475
2335.327328	86.412	7.7424
2335.693539	86.419	7.3577
2336.059750	86.426	6.9297
2336.425961	86.428	6.5237
2336.792172	86.438	6.1433
2337.158383	86.452	5.6919
2337.524594	86.453	5.2104
2337.890805	86.451	4.8176
2338.257016	86.461	4.4436
2338.623227	86.474	3.9844
2338.989438	86.475	3.5159
2339.355649	86.475	3.1023
2339.721860	86.479	2.6960
2340.088071	86.483	2.2869
2340.454282	86.490	1.8787
2340.820493	86.497	1.4475
2341.186704	86.501	1.0164
2341.552915	86.506	0.5994
2341.919126	86.512	0.1724
2342.285337	86.516	-0.2529
2342.651548	86.521	-0.6755
2343.017759	86.526	-1.1135
2343.383970	86.527	-1.5315
2343.750181	86.533	-1.9304
2344.116392	86.541	-2.3625
2344.482603	86.543	-2.7961
2344.848813	86.548	-3.1953
2345.215024	86.558	-3.6267
2345.581235	86.562	-4.0952
2345.947446	86.559	-4.5156
2346.313657	86.563	-4.8933
2346.679868	86.573	-5.3066
2347.046079	86.580	-5.7600
2347.412290	86.580	-6.1995
2347.778501	86.581	-6.5994
2348.144712	86.587	-6.9888
2348.510923	86.596	-7.4045
2348.877134	86.603	-7.8359
2349.243345	86.609	-8.2642
2349.609556	86.615	-8.6990
2349.975767	86.618	-9.1306
2350.341978	86.623	-9.5452
2350.708189	86.630	-9.9736
2351.074400	86.633	-10.4172
2351.440611	86.635	-10.8293
2351.806822	86.641	-11.2288
2352.173033	86.650	-11.6628
2352.539244	86.654	-12.1001
2352.905455	86.659	-12.5178
2353.271666	86.666	-12.9585
2353.637877	86.667	-13.4119
2354.004088	86.667	-13.8262
2354.370299	86.671	-14.2261
2354.736510	86.677	-14.6494
2355.102721	86.679	-15.0637
2355.468932	86.686	-15.4646
2355.835142	86.693	-15.8945
2356.201353	86.696	-16.3274
2356.567564	86.701	-16.7288
2356.933775	86.711	-17.1572
2357.299986	86.715	-17.6191
2357.666197	86.715	-18.0386
2358.032408	86.722	-18.4453
2358.398619	86.727	-18.8970
2358.764830	86.726	-19.3203
2359.131041	86.731	-19.7046
2359.497252	86.741	-20.1440
2359.863463	86.742	-20.6018
2360.229674	86.742	-21.0039
2360.595885	86.749	-21.4116
2360.962096	86.753	-21.8435
2361.328307	86.757	-22.2463
2361.694518	86.766	-22.6636
2362.060729	86.772	-23.1235
2362.426940	86.771	-23.5461
2362.793151	86.777	-23.9297
2363.159362	86.789	-24.3574
2363.525573	86.796	-24.8313
2363.891784	86.797	-25.2979
2364.257995	86.795	-25.7300
2364.624206	86.795	-26.1260
2364.990417	86.801	-26.5186
2365.356628	86.809	-26.9395
2365.722839	86.816	-27.3762
2366.089050	86.821	-27.8196
2366.455261	86.824	-28.2690
2366.821472	86.823	-28.6882
2367.187682	86.827	-29.0698
2367.553893	86.838	-29.4756
2367.920104	86.849	-29.9397
2368.286315	86.851	-30.4192
2368.652526	86.848	-30.8594
2369.018737	86.848	-31.2571
2369.384948	86.854	-31.6624
2369.751159	86.858	-32.0967
2370.117370	86.859	-32.5127
2370.483581	86.863	-32.8994
2370.849792	86.874	-33.3181
2371.216003	86.879	-33.7764
2371.582214	86.880	-34.2092
2371.948425	86.884	-34.6143
2372.314636	86.891	-35.0496
2372.680847	86.892	-35.5015
2373.047058	86.890	-35.9033
2373.413269	86.898	-36.2795
2373.779480	86.911	-36.7195
2374.145691	86.914	-37.2070
2374.511902	86.910	-37.6438
2374.878113	86.911	-38.0251
2375.244324	86.919	-38.4248
2375.610535	86.927	-38.8635
2375.976746	86.932	-39.3113
2376.342957	86.934	-39.7446
2376.709168	86.937	-40.1614
2377.075379	86.944	-40.5916
2377.441590	86.948	-41.0520
2377.807801	86.945	-41.4883
2378.174011	86.945	-41.8721
2378.540222	86.954	-42.2654
2378.906433	86.963	-42.7080
2379.272644	86.966	-43.1621
2379.638855	86.967	-43.6001
2380.005066	86.967	-44.0281
2380.371277	86.966	-44.4382
2380.737488	86.969	-44.8225
2381.103699	86.978	-45.2209
2381.469910	86.986	-45.6699
2381.836121	86.986	-46.1201
2382.202332	86.988	-46.5249
2382.568543	86.995	-46.9453
2382.934754	86.999	-47.4121
2383.300965	86.996	-47.8516
2383.667176	86.997	-48.2505
2384.033387	87.001	-48.6624
2384.399598	87.005	-49.0835
2384.765809	87.010	-49.5071
2385.132020	87.014	-49.9458
2385.498231	87.016	-50.3806
2385.864442	87.019	-50.8027
2386.230653	87.023	-51.2249
2386.596864	87.028	-51.6504
2386.963075	87.034	-52.0979
2387.329286	87.036	-52.5583
2387.695497	87.034	-52.9861
2388.061708	87.035	-53.3916
2388.427919	87.038	-53.8042
2388.794130	87.042	-54.2075
2389.160341	87.051	-54.6194
2389.526551	87.059	-55.0730
2389.892762	87.060	-55.5266
2390.258973	87.060	-55.9426
2390.625184	87.066	-56.3555
2390.991395	87.072	-56.7930
2391.357606	87.076	-57.2434
2391.723817	87.076	-57.6938
2392.090028	87.074	-58.1243
2392.456239	87.073	-58.5190
2392.822450	87.079	-58.9077
2393.188661	87.088	-59.3362
2393.554872	87.093	-59.7974
2393.921083	87.093	-60.2480
2394.287294	87.093	-60.6782
2394.653505	87.092	-61.0945
2395.019716	87.094	-61.4858
2395.385927	87.103	-61.8806
2395.752138	87.115	-62.3384
2396.118349	87.117	-62.8311
2396.484560	87.113	-63.2712
2396.850771	87.114	-63.6711
2397.216982	87.120	-64.0986
2397.583193	87.122	-64.5359
2397.949404	87.125	-64.9558
2398.315615	87.129	-65.3923
2398.681826	87.130	-65.8308
2399.048037	87.131	-66.2354
2399.414248	87.137	-66.6475
2399.780459	87.142	-67.0847
2400.146670	87.145	-67.5112
2400.512881	87.149	-67.9387
2400.879091	87.152	-68.3760
2401.245302	87.154	-68.7952
2401.611513	87.159	-69.2222
2401.977724	87.161	-69.6702
2402.343935	87.159	-70.0828
2402.710146	87.164	-70.4712
2403.076357	87.174	-70.9116
2403.442568	87.175	-71.3845
2403.808779	87.172	-71.8149
2404.174990	87.173	-72.2144
2404.541201	87.178	-72.6379
2404.907412	87.180	-73.0793
2405.273623	87.180	-73.5046
2405.639834	87.182	-73.9199
2406.006045	87.184	-74.3413
2406.372256	87.186	-74.7622
2406.738467	87.189	-75.1841
2407.104678	87.191	-75.6135
2407.470889	87.191	-76.0232
2407.837100	87.196	-76.4072
2408.203311	87.207	-76.8271
2408.569522	87.214	-77.3049
2408.935733	87.213	-77.7646
2409.301944	87.214	-78.1868
2409.668155	87.217	-78.6350
2410.034366	87.214	-79.0837
2410.400577	87.211	-79.4766
2410.766788	87.217	-79.8733
2411.132999	87.223	-80.3198
2411.499210	87.222	-80.7563
2411.865420	87.224	-81.1685
2412.231631	87.229	-81.5984
2412.597842	87.231	-82.0447
2412.964053	87.229	-82.4800
2413.330264	87.228	-82.8877
2413.696475	87.232	-83.2832
2414.062686	87.238	-83.7073
2414.428897	87.242	-84.1448
2414.795108	87.246	-84.5657
2415.161319	87.253	-85.0154
2415.527530	87.252	-85.4927
2415.893741	87.247	-85.9099
2416.259952	87.251	-86.2893
2416.626163	87.261	-86.7388
2416.992374	87.260	-87.2227
2417.358585	87.254	-87.6350
2417.724796	87.257	-88.0171
2418.091007	87.263	-88.4502
2418.457218	87.262	-88.8750
2418.823429	87.266	-89.2476
2419.189640	87.280	-89.6746
2419.555851	87.286	-90.1824
2419.922062	87.279	-90.6355
2420.288273	87.280	-91.0254
2420.654484	87.287	-91.4666
2421.020695	87.285	-91.9231
2421.386906	87.284	-92.3264
2421.753117	87.288	-92.7444
2422.119328	87.289	-93.1826
2422.485539	87.291	-93.5881
2422.851750	87.297	-94.0193
2423.217960	87.297	-94.4771
2423.584171	87.295	-94.8818
2423.950382	87.302	-95.3013
2424.316593	87.302	-95.7766
2424.682804	87.294	-96.1838
2425.049015	87.297	-96.5325
2425.415226	87.309	-96.9519
2425.781437	87.312	-97.4126
2426.147648	87.313	-97.8447
2426.513859	87.317	-98.2788
2426.880070	87.318	-98.7229
2427.246281	87.317	-99.1560
2427.612492	87.318	-99.5847
2427.978703	87.319	-100.0195
2428.344914	87.319	-100.4590
2428.711125	87.317	-100.8862
2429.077336	87.317	-101.2903
2429.443547	87.322	-101.6992
2429.809758	87.327	-102.1365
2430.175969	87.329	-102.5898
2430.542180	87.329	-103.0378
2430.908391	87.327	-103.4624
2431.274602	87.330	-103.8833
2431.640813	87.333	-104.3379
2432.007024	87.329	-104.7871
2432.373235	87.327	-105.1848
2432.739446	87.333	-105.5947
2433.105657	87.336	-106.0608
2433.471868	87.330	-106.5002
2433.838079	87.330	-106.8762
2434.204289	87.340	-107.2932
2434.570500	87.342	-107.7766
2434.936711	87.336	-108.2090
2435.302922	87.339	-108.5908
2435.669133	87.347	-109.0369
2436.035344	87.346	-109.5132
2436.401555	87.341	-109.9326
2436.767766	87.342	-110.3357
2437.133977	87.344	-110.7522
2437.500188	87.348	-111.1694
2437.866399	87.353	-111.6208
2438.232610	87.351	-112.0742
2438.598821	87.349	-112.4763
2438.965032	87.355	-112.8982
2439.331243	87.356	-113.3594
2439.697454	87.352	-113.7710
2440.063665	87.357	-114.1672
2440.429876	87.363	-114.6255
2440.796087	87.360	-115.0752
2441.162298	87.360	-115.4739
2441.528509	87.367	-115.9045
2441.894720	87.369	-116.3770
2442.260931	87.365	-116.8188
2442.627142	87.364	-117.2297
2442.993353	87.367	-117.6511
2443.359564	87.370	-118.0920
2443.725775	87.370	-118.5437
2444.091986	87.366	-118.9812
2444.458197	87.363	-119.3826
2444.824408	87.366	-119.7776
2445.190619	87.372	-120.2043
2445.556829	87.376	-120.6541
2445.923040	87.378	-121.1138
2446.289251	87.375	-121.5747
2446.655462	87.370	-122.0054
2447.021673	87.368	-122.4055
2447.387884	87.370	-122.8157
2447.754095	87.372	-123.2388
2448.120306	87.374	-123.6621
2448.486517	87.377	-124.1025
2448.852728	87.378	-124.5483
2449.218939	87.377	-124.9785
2449.585150	87.378	-125.4106
2449.951361	87.377	-125.8364
2450.317572	87.378	-126.2402
2450.683783	87.386	-126.6743
2451.049994	87.387	-127.1501
2451.416205	87.383	-127.5925
2451.782416	87.383	-127.9980
2452.148627	87.386	-128.4309
2452.514838	87.387	-128.8833
2452.881049	87.384	-129.3157
2453.247260	87.383	-129.7327
2453.613471	87.384	-130.1462
2453.979682	87.387	-130.5720
2454.345893	87.388	-131.0173
2454.712104	87.384	-131.4417
2455.078315	87.385	-131.8335
2455.444526	87.390	-132.2534
2455.810737	87.392	-132.7034
2456.176948	87.391	-133.1260
2456.543159	87.395	-133.5476
2456.909369	87.397	-134.0100
2457.275580	87.392	-134.4536
2457.641791	87.391	-134.8511
2458.008002	87.396	-135.2739
2458.374213	87.397	-135.7356
2458.740424	87.392	-136.1711
2459.106635	87.390	-136.5713
2459.472846	87.394	-136.9832
2459.839057	87.398	-137.4302
2460.205268	87.398	-137.8892
2460.571479	87.394	-138.3245
2460.937690	87.393	-138.7395
2461.303901	87.395	-139.1636
2461.670112	87.396	-139.6016
2462.036323	87.396	-140.0413
2462.402534	87.394	-140.4705
2462.768745	87.393	-140.8889
2463.134956	87.394	-141.3115
2463.501167	87.394	-141.7302
2463.867378	87.396	-142.1370
2464.233589	87.402	-142.5730
2464.599800	87.402	-143.0374
2464.966011	87.399	-143.4675
2465.332222	87.400	-143.8835
2465.698433	87.401	-144.3340
2466.064644	87.396	-144.7627
2466.430855	87.395	-145.1501
2466.797066	87.399	-145.5725
2467.163277	87.398	-146.0098
2467.529488	87.397	-146.4021
2467.895698	87.404	-146.8184
2468.261909	87.405	-147.2903
2468.628120	87.399	-147.7239
2468.994331	87.398	-148.1191
2469.360542	87.400	-148.5461
2469.726753	87.399	-148.9753
2470.092964	87.399	-149.3870
2470.459175	87.401	-149.8220
2470.825386	87.398	-150.2546
2471.191597	87.398	-150.6682
2471.557808	87.399	-151.1047
2471.924019	87.395	-151.5271
2472.290230	87.397	-151.9128
2472.656441	87.405	-152.3591
2473.022652	87.403	-152.8494
2473.388863	87.394	-153.2563
2473.755074	87.400	-153.6353
2474.121285	87.408	-154.1028
2474.487496	87.404	-154.5815
2474.853707	87.401	-154.9983
2475.219918	87.405	-155.4377
2475.586129	87.402	-155.9087
2475.952340	87.396	-156.3262
2476.318551	87.399	-156.7302
2476.684762	87.400	-157.1821
2477.050973	87.396	-157.6147
2477.417184	87.398	-158.0193
2477.783395	87.401	-158.4690
2478.149606	87.395	-158.9150
2478.515817	87.392	-159.2969
2478.882028	87.399	-159.7048
2479.248238	87.402	-160.1758
2479.614449	87.395	-160.6162
2479.980660	87.393	-161.0107
2480.346871	87.395	-161.4167
2480.713082	87.397	-161.8401
2481.079293	87.398	-162.2712
2481.445504	87.398	-162.7036
2481.811715	87.397	-163.1233
2482.177926	87.399	-163.5505
2482.544137	87.398	-163.9915
2482.910348	87.395	-164.4048
2483.276559	87.398	-164.8096
2483.642770	87.402	-165.2576
2484.008981	87.399	-165.7095
2484.375192	87.396	-166.1196
2484.741403	87.398	-166.5369
2485.107614	87.397	-166.9790
2485.473825	87.395	-167.3901
2485.840036	87.399	-167.7947
2486.206247	87.403	-168.2595
2486.572458	87.397	-168.7241
2486.938669	87.390	-169.1096
2487.304880	87.395	-169.4922
2487.671091	87.401	-169.9451
2488.037302	87.398	-170.4043
2488.403513	87.395	-170.8342
2488.769724	87.392	-171.2646
2489.135935	87.386	-171.6738
2489.502146	87.386	-172.0566
2489.868357	87.390	-172.4692
2490.234567	87.390	-172.9043
2490.600778	87.389	-173.3176
2490.966989	87.393	-173.7322
2491.333200	87.396	-174.1741
2491.699411	87.396	-174.6226
2492.065622	87.395	-175.0632
2492.431833	87.394	-175.5083
2492.798044	87.391	-175.9580
2493.164255	87.385	-176.3779
2493.530466	87.384	-176.7646
2493.896677	87.389	-177.1851
2494.262888	87.390	-177.6462
2494.629099	87.387	-178.0803
2494.995310	87.387	-178.5034
2495.361521	87.385	-178.9551
2495.727732	87.378	-179.3706
2496.093943	87.378	-179.7412
2496.460154	87.385	179.8386
2496.826365	87.385	179.3730
2497.192576	87.380	178.9463
2497.558787	87.380	178.5479
2497.924998	87.383	178.1194
2498.291209	87.381	177.6699
2498.657420	87.376	177.2473
2499.023631	87.375	176.8572
2499.389842	87.379	176.4460
2499.756053	87.380	175.9954
2500.122264	87.377	175.5625
2500.488475	87.376	175.1577
2500.854686	87.379	174.7253
2501.220897	87.377	174.2798
2501.587107	87.376	173.8547
2501.953318	87.377	173.4094
2502.319529	87.371	172.9587
2502.685740	87.365	172.5627
2503.051951	87.367	172.1677
2503.418162	87.369	171.7271
2503.784373	87.365	171.3057
2504.150584	87.366	170.9036
2504.516795	87.368	170.4702
2504.883006	87.366	170.0461
2505.249217	87.367	169.6482
2505.615428	87.372	169.2219
2505.981639	87.373	168.7737
2506.347850	87.372	168.3398
2506.714061	87.371	167.9089
2507.080272	87.370	167.4768
2507.446483	87.368	167.0498
2507.812694	87.365	166.6262
2508.178905	87.363	166.2148
2508.545116	87.363	165.8108
2508.911327	87.364	165.3984
2509.277538	87.366	164.9739
2509.643749	87.368	164.5259
2510.009960	87.365	164.0691
2510.376171	87.358	163.6482
2510.742382	87.356	163.2473
2511.108593	87.355	162.8230
2511.474804	87.351	162.4045
2511.841015	87.349	162.0215
2512.207226	87.354	161.6233
2512.573436	87.360	161.1702
2512.939647	87.357	160.7017
2513.305858	87.351	160.2695
2513.672069	87.348	159.8689
2514.038280	87.349	159.4551
2514.404491	87.349	159.0161
2514.770702	87.345	158.5933
2515.136913	87.344	158.1948
2515.503124	87.347	157.7686
2515.869335	87.346	157.3152
2516.235546	87.340	156.8975
2516.601757	87.341	156.5042
2516.967968	87.345	156.0728
2517.334179	87.344	155.6187
2517.700390	87.339	155.1865
2518.066601	87.337	154.7712
2518.432812	87.336	154.3550
2518.799023	87.336	153.9263
2519.165234	87.334	153.4868
2519.531445	87.329	153.0735
2519.897656	87.328	152.6875
2520.263867	87.333	152.2678
2520.630078	87.333	151.8118
2520.996289	87.329	151.3889
2521.362500	87.329	150.9902
2521.728711	87.333	150.5488
2522.094922	87.329	150.0938
2522.461133	87.324	149.6865
2522.827344	87.324	149.2849
2523.193555	87.325	148.8564
2523.559766	87.325	148.4287
2523.925976	87.327	147.9805
2524.292187	87.322	147.5083
2524.658398	87.312	147.0994
2525.024609	87.312	146.7371
2525.390820	87.319	146.3020
2525.757031	87.317	145.8191
2526.123242	87.309	145.3882
2526.489453	87.305	144.9854
2526.855664	87.303	144.5627
2527.221875	87.299	144.1545
2527.588086	87.299	143.7722
2527.954297	87.306	143.3577
2528.320508	87.309	142.8872
2528.686719	87.304	142.4241
2529.052930	87.298	142.0088
2529.419141	87.298	141.5935
2529.785352	87.296	141.1560
2530.151563	87.292	140.7395
2530.517774	87.292	140.3337
2530.883985	87.292	139.8975
2531.250196	87.288	139.4644
2531.616407	87.285	139.0632
2531.982618	87.286	138.6536
2532.348829	87.285	138.2285
2532.715040	87.285	137.8093
2533.081251	87.286	137.3745
2533.447462	87.282	136.9302
2533.813673	87.277	136.5161
2534.179884	87.275	136.1152
2534.546095	87.275	135.6982
2534.912306	87.275	135.2766
2535.278516	87.275	134.8491
2535.644727	87.273	134.4116
2536.010938	87.271	133.9802
2536.377149	87.270	133.5396
2536.743360	87.265	133.0869
2537.109571	87.257	132.6736
2537.475782	87.255	132.2954
2537.841993	87.260	131.8782
2538.208204	87.261	131.4094
2538.574415	87.253	130.9539
2538.940626	87.245	130.5525
2539.306837	87.244	130.1729
2539.673048	87.249	129.7605
2540.039259	87.250	129.3132
2540.405470	87.248	128.8691
2540.771681	87.246	128.4377
2541.137892	87.243	128.0049
2541.504103	87.238	127.5789
2541.870314	87.233	127.1826
2542.236525	87.234	126.7993
2542.602736	87.239	126.3772
2542.968947	87.240	125.9119
2543.335158	87.234	125.4634
2543.701369	87.229	125.0549
2544.067580	87.228	124.6418
2544.433791	87.226	124.2061
2544.800002	87.220	123.7771
2545.166213	87.214	123.3767
2545.532424	87.212	122.9963
2545.898635	87.217	122.5945
2546.264845	87.220	122.1372
2546.631056	87.215	121.6775
2546.997267	87.210	121.2744
2547.363478	87.213	120.8608
2547.729689	87.213	120.3865
2548.095900	87.205	119.9387
2548.462111	87.201	119.5405
2548.828322	87.203	119.1052
2549.194533	87.198	118.6484
2549.560744	87.192	118.2297
2549.926955	87.190	117.8147
2550.293166	87.186	117.3933
2550.659377	87.183	116.9963
2551.025588	87.186	116.5884
2551.391799	87.187	116.1431
2551.758010	87.183	115.7009
2552.124221	87.178	115.2883
2552.490432	87.177	114.8943
2552.856643	87.179	114.4854
2553.222854	87.180	114.0415
2553.589065	87.175	113.6072
2553.955276	87.171	113.2136
2554.321487	87.173	112.8181
2554.687698	87.176	112.3948
2555.053909	87.177	111.9531
2555.420120	87.173	111.5022
2555.786331	87.166	111.0781
2556.152542	87.162	110.6936
2556.518753	87.165	110.2849
2556.884964	87.165	109.8289
2557.251175	87.157	109.3884
2557.617385	87.150	108.9883
2557.983596	87.148	108.5947
2558.349807	87.146	108.1912
2558.716018	87.146	107.7817
2559.082229	87.147	107.3577
2559.448440	87.146	106.9124
2559.814651	87.141	106.4656
2560.180862	87.134	106.0439
2560.547073	87.130	105.6443
2560.913284	87.129	105.2407
2561.279495	87.129	104.8218
2561.645706	87.128	104.3989
2562.011917	87.128	103.9729
2562.378128	87.128	103.5269
2562.744339	87.123	103.0754
2563.110550	87.117	102.6570
2563.476761	87.116	102.2517
2563.842972	87.115	101.8157
2564.209183	87.110	101.3804
2564.575394	87.106	100.9839
2564.941605	87.108	100.5815
2565.307816	87.109	100.1379
2565.674027	87.106	99.6909
2566.040238	87.100	99.2725
2566.406449	87.098	98.8679
2566.772660	87.097	98.4546
2567.138871	87.096	98.0325
2567.505082	87.094	97.6174
2567.871293	87.095	97.1973
2568.237504	87.095	96.7498
2568.603714	87.090	96.3052
2568.969925	87.084	95.8938
2569.336136	87.082	95.4868
2569.702347	87.080	95.0691
2570.068558	87.079	94.6555
2570.434769	87.080	94.2224
2570.800980	87.077	93.7637
2571.167191	87.069	93.3347
2571.533402	87.064	92.9426
2571.899613	87.063	92.5378
2572.265824	87.062	92.1187
2572.632035	87.062	91.7004
2572.998246	87.062	91.2622
2573.364457	87.057	90.8181
2573.730668	87.050	90.4092
2574.096879	87.048	90.0144
2574.463090	87.048	89.5955
2574.829301	87.045	89.1721
2575.195512	87.042	88.7695
2575.561723	87.042	88.3684
2575.927934	87.042	87.9487
2576.294145	87.040	87.5244
2576.660356	87.038	87.1155
2577.026567	87.038	86.7075
2577.392778	87.039	86.2727
2577.758989	87.036	85.8250
2578.125200	87.029	85.4031
2578.491411	87.025	85.0000
2578.857622	87.022	84.5908
2579.223833	87.018	84.1909
2579.590044	87.019	83.7976
2579.956254	87.022	83.3596
2580.322465	87.017	82.8958
2580.688676	87.008	82.4883
2581.054887	87.007	82.1111
2581.421098	87.010	81.6777
2581.787309	87.006	81.2190
2582.153520	86.998	80.8047
2582.519731	86.996	80.4111
2582.885942	86.997	79.9978
2583.252153	86.998	79.5598
2583.618364	86.995	79.0974
2583.984575	86.986	78.6504
2584.350786	86.977	78.2546
2584.716997	86.974	77.8660
2585.083208	86.972	77.4597
2585.449419	86.970	77.0684
2585.815630	86.973	76.6594
2586.181841	86.973	76.2021
2586.548052	86.964	75.7771
2586.914263	86.961	75.4087
2587.280474	86.965	75.0034
2587.646685	86.965	74.5525
2588.012896	86.960	74.1265
2588.379107	86.957	73.7175
2588.745318	86.955	73.3010
2589.111529	86.952	72.8938
2589.477740	86.953	72.4746
2589.843951	86.950	72.0308
2590.210162	86.944	71.6113
2590.576373	86.941	71.2188
2590.942584	86.942	70.8010
2591.308794	86.941	70.3574
2591.675005	86.936	69.9216
2592.041216	86.930	69.5051
2592.407427	86.926	69.0999
2592.773638	86.924	68.6870
2593.139849	86.921	68.2644
2593.506060	86.918	67.8464
2593.872271	86.915	67.4280
2594.238482	86.911	67.0100
2594.604693	86.907	66.6077
2594.970904	86.906	66.1990
2595.337115	86.903	65.7754
2595.703326	86.898	65.3770
2596.069537	86.900	64.9849
2596.435748	86.903	64.5422
2596.801959	86.898	64.0862
2597.168170	86.891	63.6746
2597.534381	86.889	63.2773
2597.900592	86.888	62.8562
2598.266803	86.886	62.4211
2598.633014	86.880	61.9968
2598.999225	86.875	61.5994
2599.365436	86.876	61.2012
2599.731647	86.877	60.7612
2600.097858	86.871	60.3123
2600.464069	86.864	59.9067
2600.830280	86.862	59.5134
2601.196491	86.862	59.0942
2601.562702	86.860	58.6746
2601.928913	86.860	58.2539
2602.295123	86.858	57.8047
2602.661334	86.850	57.3679
2603.027545	86.844	56.9763
2603.393756	86.843	56.5757
2603.759967	86.839	56.1602
2604.126178	86.837	55.7722
2604.492389	86.842	55.3523
2604.858600	86.840	54.8687
2605.224811	86.825	54.4429
2605.591022	86.819	54.1047
2605.957233	86.826	53.7161
2606.323444	86.826	53.2517
2606.689655	86.817	52.8274
2607.055866	86.814	52.4561
2607.422077	86.818	52.0471
2607.788288	86.817	51.5874
2608.154499	86.808	51.1509
2608.520710	86.802	50.7588
2608.886921	86.801	50.3579
2609.253132	86.798	49.9353
2609.619343	86.795	49.5227
2609.985554	86.793	49.1104
2610.351765	86.791	48.6782
2610.717976	86.785	48.2566
2611.084187	86.782	47.8555
2611.450398	86.782	47.4309
2611.816609	86.777	46.9844
2612.182820	86.768	46.5752
2612.549031	86.764	46.2036
2612.915242	86.767	45.8047
2613.281453	86.768	45.3655
2613.647663	86.764	44.9324
2614.013874	86.761	44.5151
2614.380085	86.758	44.0942
2614.746296	86.753	43.6758
2615.112507	86.750	43.2673
2615.478718	86.747	42.8557
2615.844929	86.743	42.4451
2616.211140	86.739	42.0500
2616.577351	86.739	41.6543
2616.943562	86.740	41.2314
2617.309773	86.737	40.7988
2617.675984	86.731	40.3892
2618.042195	86.729	39.9893
2618.408406	86.727	39.5757
2618.774617	86.723	39.1667
2619.140828	86.722	38.7639
2619.507039	86.723	38.3264
2619.873250	86.715	37.8755
2620.239461	86.704	37.4824
2620.605672	86.702	37.1187
2620.971883	86.704	36.7043
2621.338094	86.699	36.2747
2621.704305	86.695	35.8804
2622.070516	86.696	35.4622
2622.436727	86.691	35.0071
2622.802938	86.679	34.5989
2623.169149	86.675	34.2317
2623.535360	86.677	33.8291
2623.901571	86.676	33.3904
2624.267782	86.672	32.9487
2624.633992	86.666	32.5151
2625.000203	86.660	32.1028
2625.366414	86.657	31.6846
2625.732625	86.653	31.2280
2626.098836	86.640	30.7937
2626.465047	86.629	30.4294
2626.831258	86.628	30.0610
2627.197469	86.628	29.6392
2627.563680	86.622	29.2224
2627.929891	86.618	28.8333
2628.296102	86.618	28.4263
2628.662313	86.616	28.0007
2629.028524	86.612	27.5791
2629.394735	86.608	27.1511
2629.760946	86.600	26.7280
2630.127157	86.593	26.3376
2630.493368	86.592	25.9468
2630.859579	86.590	25.5178
2631.225790	86.582	25.0974
2631.592001	86.578	24.7146
2631.958212	86.579	24.3037
2632.324423	86.575	23.8489
2632.690634	86.564	23.4321
2633.056845	86.560	23.0500
2633.423056	86.558	22.6252
2633.789267	86.550	22.1992
2634.155478	86.544	21.8245
2634.521689	86.545	21.4221
2634.887900	86.541	20.9734
2635.254111	86.532	20.5625
2635.620322	86.528	20.1748
2635.986532	86.526	19.7578
2636.352743	86.521	19.3430
2636.718954	86.518	18.9351
2637.085165	86.514	18.5093
2637.451376	86.508	18.0879
2637.817587	86.501	17.6846
2638.183798	86.495	17.2876
2638.550009	86.491	16.8967
2638.916220	86.489	16.5017
2639.282431	86.490	16.0916
2639.648642	86.490	15.6482
2640.014853	86.483	15.1733
2640.381064	86.467	14.7498
2640.747275	86.457	14.4023
2641.113486	86.458	14.0173
2641.479697	86.454	13.5806
2641.845908	86.444	13.1934
2642.212119	86.445	12.8191
2642.578330	86.445	12.3755
2642.944541	86.436	11.9392
2643.310752	86.429	11.5618
2643.676963	86.430	11.1543
2644.043174	86.426	10.7019
2644.409385	86.415	10.2888
2644.775596	86.409	9.9065
2645.141807	86.406	9.5051
2645.508018	86.402	9.1145
2645.874229	86.404	8.7190
2646.240440	86.404	8.2581
2646.606651	86.393	7.8047
2646.972861	86.383	7.4338
2647.339072	86.385	7.0474
2647.705283	86.382	6.5945
2648.071494	86.371	6.1777
2648.437705	86.366	5.8069
2648.803916	86.367	5.3894
2649.170127	86.360	4.9441
2649.536338	86.350	4.5491
2649.902549	86.347	4.1724
2650.268760	86.345	3.7524
2650.634971	86.337	3.3303
2651.001182	86.331	2.9519
2651.367393	86.331	2.5635
2651.733604	86.330	2.1274
2652.099815	86.323	1.6892
2652.466026	86.314	1.2805
2652.832237	86.308	0.8936
2653.198448	86.305	0.5022
2653.564659	86.303	0.0820
2653.930870	86.297	-0.3374
2654.297081	86.292	-0.7339
2654.663292	86.289	-1.1487
2655.029503	86.282	-1.5659
2655.395714	86.278	-1.9490
2655.761925	86.280	-2.3677
2656.128136	86.273	-2.8293
2656.494347	86.261	-3.2258
2656.860558	86.258	-3.5896
2657.226769	86.259	-4.0217
2657.592980	86.250	-4.4558
2657.959191	86.243	-4.8296
2658.325401	86.245	-5.2300
2658.691612	86.241	-5.6797
2659.057823	86.232	-6.0999
2659.424034	86.225	-6.4883
2659.790245	86.221	-6.8892
2660.156456	86.215	-7.2937
2660.522667	86.209	-7.6836
2660.888878	86.206	-8.0696
2661.255089	86.205	-8.4719
2661.621300	86.201	-8.8943
2661.987511	86.194	-9.2966
2662.353722	86.190	-9.6741
2662.719933	86.191	-10.0913
2663.086144	86.183	-10.5305
2663.452355	86.173	-10.9021
2663.818566	86.174	-11.2539
2664.184777	86.179	-11.6890
2664.550988	86.174	-12.1609
2664.917199	86.162	-12.5850
2665.283410	86.153	-12.9751
2665.649621	86.146	-13.3669
2666.015832	86.140	-13.7627
2666.382043	86.135	-14.1484
2666.748254	86.133	-14.5356
2667.114465	86.133	-14.9688
2667.480676	86.124	-15.4229
2667.846887	86.111	-15.8191
2668.213098	86.106	-16.1853
2668.579309	86.103	-16.5942
2668.945520	86.095	-17.0056
2669.311731	86.088	-17.3713
2669.677941	86.089	-17.7485
2670.044152	86.090	-18.1775
2670.410363	86.085	-18.6155
2670.776574	86.078	-19.0330
2671.142785	86.072	-19.4387
2671.508996	86.065	-19.8296
2671.875207	86.063	-20.2114
2672.241418	86.064	-20.6257
2672.607629	86.060	-21.0769
2672.973840	86.047	-21.5024
2673.340051	86.037	-21.8699
2673.706262	86.034	-22.2292
2674.072473	86.034	-22.6299
2674.438684	86.029	-23.0491
2674.804895	86.021	-23.4370
2675.171106	86.019	-23.8159
2675.537317	86.017	-24.2378
2675.903528	86.007	-24.6599
2676.269739	85.998	-25.0188
2676.635950	85.999	-25.3745
2677.002161	86.002	-25.8037
2677.368372	85.996	-26.2578
2677.734583	85.984	-26.6682
2678.100794	85.977	-27.0430
2678.467005	85.974	-27.4216
2678.833216	85.973	-27.8320
2679.199427	85.967	-28.2600
2679.565638	85.959	-28.6628
2679.931849	85.954	-29.0435
2680.298060	85.951	-29.4331
2680.664270	85.950	-29.8396
2681.030481	85.946	-30.2659
2681.396692	85.938	-30.6826
2681.762903	85.930	-31.0493
2682.129114	85.931	-31.4202
2682.495325	85.930	-31.8442
2682.861536	85.924	-32.2517
2683.227747	85.922	-32.6384
2683.593958	85.921	-33.0757
2683.960169	85.911	-33.5068
2684.326380	85.902	-33.8752
2684.692591	85.900	-34.2649
2685.058802	85.893	-34.6846
2685.425013	85.885	-35.0632
2685.791224	85.883	-35.4446
2686.157435	85.880	-35.8708
2686.523646	85.870	-36.2847
2686.889857	85.862	-36.6726
2687.256068	85.856	-37.0632
2687.622279	85.851	-37.4514
2687.988490	85.847	-37.8481
2688.354701	85.842	-38.2603
2688.720912	85.836	-38.6589
2689.087123	85.832	-39.0549
2689.453334	85.828	-39.4731
2689.819545	85.821	-39.8914
2690.185756	85.814	-40.2886
2690.551967	85.808	-40.6702
2690.918178	85.805	-41.0474
2691.284389	85.807	-41.4502
2691.650600	85.805	-41.8896
2692.016810	85.796	-42.3130
2692.383021	85.788	-42.6833
2692.749232	85.788	-43.0525
2693.115443	85.789	-43.4736
2693.481654	85.783	-43.9045
2693.847865	85.775	-44.2903
2694.214076	85.774	-44.6755
2694.580287	85.772	-45.1069
2694.946498	85.762	-45.5322
2695.312709	85.751	-45.9075
2695.678920	85.744	-46.2666
2696.045131	85.741	-46.6313
2696.411342	85.740	-47.0046
2696.777553	85.739	-47.4058
2697.143764	85.736	-47.8213
2697.509975	85.731	-48.2256
2697.876186	85.726	-48.6387
2698.242397	85.718	-49.0557
2698.608608	85.709	-49.4392
2698.974819	85.705	-49.8120
2699.341030	85.704	-50.2168
2699.707241	85.698	-50.6377
2700.073452	85.690	-51.0417
2700.439663	85.684	-51.4243
2700.805874	85.680	-51.8057
2701.172085	85.678	-52.2017
2701.538296	85.674	-52.6011
2701.904507	85.672	-53.0063
2702.270718	85.669	-53.4297
2702.636929	85.661	-53.8403
2703.003139	85.655	-54.2314
2703.369350	85.650	-54.6372
2703.735561	85.641	-55.0281
2704.101772	85.636	-55.3853
2704.467983	85.636	-55.7751
2704.834194	85.631	-56.1934
2705.200405	85.621	-56.5657
2705.566616	85.619	-56.9197
2705.932827	85.620	-57.3162
2706.299038	85.616	-57.7261
2706.665249	85.612	-58.1172
2707.031460	85.610	-58.5176
2707.397671	85.606	-58.9436
2707.763882	85.596	-59.3545
2708.130093	85.588	-59.7305
2708.496304	85.585	-60.1162
2708.862515	85.580	-60.5237
2709.228726	85.573	-60.9165
2709.594937	85.567	-61.3064
2709.961148	85.559	-61.6987
2710.327359	85.553	-62.0596
2710.693570	85.552	-62.4248
2711.059781	85.552	-62.8342
2711.425992	85.545	-63.2344
2711.792203	85.541	-63.6089
2712.158414	85.540	-63.9993
2712.524625	85.538	-64.3960
2712.890836	85.536	-64.7971
2713.257047	85.533	-65.2212
2713.623258	85.525	-65.6335
2713.989469	85.517	-66.0190
2714.355679	85.511	-66.4043
2714.721890	85.504	-66.7737
2715.088101	85.503	-67.1387
2715.454312	85.502	-67.5481
2715.820523	85.493	-67.9536
2716.186734	85.488	-68.3127
2716.552945	85.489	-68.7073
2716.919156	85.481	-69.1387
2717.285367	85.469	-69.4971
2717.651578	85.471	-69.8318
2718.017789	85.476	-70.2681
2718.384000	85.465	-70.7278
2718.750211	85.451	-71.0886
2719.116422	85.450	-71.4285
2719.482633	85.451	-71.8376
2719.848844	85.444	-72.2485
2720.215055	85.440	-72.6226
2720.581266	85.440	-73.0334
2720.947477	85.432	-73.4724
2721.313688	85.420	-73.8525
2721.679899	85.414	-74.1965
2722.046110	85.413	-74.5684
2722.412321	85.412	-74.9492
2722.778532	85.413	-75.3440
2723.144743	85.410	-75.7698
2723.510954	85.401	-76.1658
2723.877165	85.397	-76.5269
2724.243376	85.397	-76.9292
2724.609587	85.391	-77.3511
2724.975798	85.382	-77.7302
2725.342009	85.378	-78.0999
2725.708219	85.373	-78.4858
2726.074430	85.365	-78.8667
2726.440641	85.357	-79.2292
2726.806852	85.352	-79.5864
2727.173063	85.347	-79.9402
2727.539274	85.346	-80.2969
2727.905485	85.348	-80.6897
2728.271696	85.343	-81.1150
2728.637907	85.332	-81.4990
2729.004118	85.329	-81.8464
2729.370329	85.330	-82.2542
2729.736540	85.320	-82.6868
2730.102751	85.308	-83.0442
2730.468962	85.307	-83.3967
2730.835173	85.304	-83.8071
2731.201384	85.294	-84.1909
2731.567595	85.291	-84.5513
2731.933806	85.288	-84.9558
2732.300017	85.278	-85.3457
2732.666228	85.272	-85.6877
2733.032439	85.272	-86.0549
2733.398650	85.269	-86.4548
2733.764861	85.264	-86.8384
2734.131072	85.260	-87.2117
2734.497283	85.258	-87.6028
2734.863494	85.253	-88.0049
2735.229705	85.245	-88.3860
2735.595916	85.239	-88.7468
2735.962127	85.237	-89.1279
2736.328338	85.230	-89.5125
2736.694548	85.225	-89.8674
2737.060759	85.225	-90.2449
2737.426970	85.219	-90.6541
2737.793181	85.210	-91.0261
2738.159392	85.206	-91.3862
2738.525603	85.201	-91.7764
2738.891814	85.192	-92.1406
2739.258025	85.189	-92.4832
2739.624236	85.188	-92.8604
2739.990447	85.183	-93.2424
2740.356658	85.180	-93.6150
2740.722869	85.176	-94.0107
2741.089080	85.167	-94.3894
2741.455291	85.163	-94.7383
2741.821502	85.163	-95.1211
2742.187713	85.157	-95.5178
2742.553924	85.152	-95.8816
2742.920135	85.151	-96.2700
2743.286346	85.145	-96.6948
2743.652557	85.132	-97.0706
2744.018768	85.126	-97.4070
2744.384979	85.125	-97.7781
2744.751190	85.120	-98.1638
2745.117401	85.116	-98.5288
2745.483612	85.114	-98.9058
2745.849823	85.110	-99.3008
2746.216034	85.103	-99.6838
2746.582245	85.097	-100.0571
2746.948456	85.091	-100.4231
2747.314667	85.087	-100.7747
2747.680878	85.087	-101.1399
2748.047088	85.086	-101.5295
2748.413299	85.082	-101.9146
2748.779510	85.079	-102.3018
2749.145721	85.073	-102.6951
2749.511932	85.067	-103.0593
2749.878143	85.066	-103.4180
2750.244354	85.066	-103.8245
2750.610565	85.058	-104.2385
2750.976776	85.048	-104.6077
2751.342987	85.041	-104.9614
2751.709198	85.035	-105.3135
2752.075409	85.033	-105.6497
2752.441620	85.036	-106.0103
2752.807831	85.037	-106.4263
2753.174042	85.030	-106.8474
2753.540253	85.019	-107.2246
2753.906464	85.011	-107.5708
2754.272675	85.007	-107.9102
2754.638886	85.007	-108.2581
2755.005097	85.009	-108.6375
2755.371308	85.006	-109.0383
2755.737519	85.000	-109.4165
2756.103730	84.997	-109.7852
2756.469941	84.994	-110.1858
2756.836152	84.984	-110.5745
2757.202363	84.976	-110.9087
2757.568574	84.976	-111.2520
2757.934785	84.975	-111.6409
2758.300996	84.970	-112.0261
2758.667207	84.965	-112.3948
2759.033417	84.962	-112.7747
2759.399628	84.956	-113.1641
2759.765839	84.948	-113.5381
2760.132050	84.941	-113.8821
2760.498261	84.939	-114.2244
2760.864472	84.939	-114.6072
2761.230683	84.934	-114.9966
2761.596894	84.929	-115.3489
2761.963105	84.930	-115.7153
2762.329316	84.928	-116.1270
2762.695527	84.920	-116.5212
2763.061738	84.914	-116.8743
2763.427949	84.913	-117.2385
2763.794160	84.911	-117.6326
2764.160371	84.905	-118.0212
2764.526582	84.900	-118.3896
2764.892793	84.897	-118.7656
2765.259004	84.892	-119.1611
2765.625215	84.882	-119.5371
2765.991426	84.874	-119.8623
2766.357637	84.874	-120.1785
2766.723848	84.879	-120.5457
2767.090059	84.877	-120.9446
2767.456270	84.872	-121.3193
2767.822481	84.870	-121.6799
2768.188692	84.869	-122.0530
2768.554903	84.867	-122.4272
2768.921114	84.866	-122.8159
2769.287325	84.861	-123.2212
2769.653536	84.853	-123.5906
2770.019747	84.851	-123.9451
2770.385957	84.850	-124.3472
2770.752168	84.840	-124.7371
2771.118379	84.834	-125.0713
2771.484590	84.836	-125.4424
2771.850801	84.832	-125.8621
2772.217012	84.822	-126.2378
2772.583223	84.818	-126.5833
2772.949434	84.817	-126.9592
2773.315645	84.813	-127.3452
2773.681856	84.807	-127.7166
2774.048067	84.803	-128.0798
2774.414278	84.799	-128.4368
2774.780489	84.798	-128.7964
2775.146700	84.796	-129.1550
2775.512911	84.796	-129.5059
2775.879122	84.800	-129.8857
2776.245333	84.798	-130.2947
2776.611544	84.792	-130.6714
2776.977755	84.791	-131.0278
2777.343966	84.789	-131.4163
2777.710177	84.783	-131.7932
2778.076388	84.779	-132.1323
2778.442599	84.782	-132.5002
2778.808810	84.779	-132.9019
2779.175021	84.772	-133.2764
2779.541232	84.768	-133.6343
2779.907443	84.766	-134.0146
2780.273654	84.760	-134.4004
2780.639865	84.751	-134.7615
2781.006076	84.746	-135.1001
2781.372286	84.744	-135.4458
2781.738497	84.743	-135.8123
2782.104708	84.741	-136.1772
2782.470919	84.742	-136.5425
2782.837130	84.743	-136.9363
2783.203341	84.740	-137.3433
2783.569552	84.735	-137.7385
2783.935763	84.729	-138.1252
2784.301974	84.721	-138.4890
2784.668185	84.718	-138.8281
2785.034396	84.720	-139.1824
2785.400607	84.722	-139.5667
2785.766818	84.722	-139.9739
2786.133029	84.716	-140.3840
2786.499240	84.705	-140.7390
2786.865451	84.704	-141.0452
2787.231662	84.711	-141.4082
2787.597873	84.711	-141.8306
2787.964084	84.704	-142.2114
2788.330295	84.701	-142.5618
2788.696506	84.699	-142.9355
2789.062717	84.695	-143.2947
2789.428928	84.695	-143.6448
2789.795139	84.694	-144.0400
2790.161350	84.685	-144.4216
2790.527561	84.679	-144.7375
2790.893772	84.682	-145.0693
2791.259983	84.685	-145.4578
2791.626194	84.681	-145.8464
2791.992405	84.677	-146.2117
2792.358616	84.674	-146.5676
2792.724826	84.674	-146.9343
2793.091037	84.673	-147.3220
2793.457248	84.667	-147.6909
2793.823459	84.667	-148.0396
2794.189670	84.668	-148.4302
2794.555881	84.661	-148.8245
2794.922092	84.656	-149.1521
2795.288303	84.662	-149.5017
2795.654514	84.665	-149.9409
2796.020725	84.653	-150.3538
2796.386936	84.643	-150.6704
2796.753147	84.646	-150.9844
2797.119358	84.653	-151.3679
2797.485569	84.653	-151.7874
2797.851780	84.647	-152.1963
2798.217991	84.639	-152.5762
2798.584202	84.633	-152.9265
2798.950413	84.631	-153.2744
2799.316624	84.630	-153.6445
2799.682835	84.626	-154.0120
2800.049046	84.625	-154.3594
2800.415257	84.628	-154.7329
2800.781468	84.627	-155.1421
2801.147679	84.620	-155.5251
2801.513890	84.617	-155.8738
2801.880101	84.617	-156.2405
2802.246312	84.615	-156.6223
2802.612523	84.612	-156.9805
2802.978734	84.615	-157.3418
2803.344945	84.617	-157.7502
2803.711156	84.610	-158.1580
2804.077366	84.603	-158.5002
2804.443577	84.605	-158.8335
2804.809788	84.609	-159.2236
2805.175999	84.606	-159.6155
2805.542210	84.605	-159.9797
2805.908421	84.605	-160.3669
2806.274632	84.601	-160.7556
2806.640843	84.598	-161.1062
2807.007054	84.600	-161.4783
2807.373265	84.596	-161.8877
2807.739476	84.586	-162.2468
2808.105687	84.584	-162.5503
2808.471898	84.591	-162.8936
2808.838109	84.596	-163.3008
2809.204320	84.592	-163.7061
2809.570531	84.587	-164.0710
2809.936742	84.586	-164.4216
2810.302953	84.589	-164.8027
2810.669164	84.588	-165.2214
2811.035375	84.578	-165.6174
2811.401586	84.570	-165.9468
2811.767797	84.572	-166.2722
2812.134008	84.576	-166.6548
2812.500219	84.573	-167.0435
2812.866430	84.570	-167.4038
2813.232641	84.570	-167.7778
2813.598852	84.565	-168.1472
2813.965063	84.565	-168.4783
2814.331274	84.573	-168.8496
2814.697485	84.573	-169.2905
2815.063695	84.561	-169.6819
2815.429906	84.556	-169.9907
2815.796117	84.562	-170.3325
2816.162328	84.564	-170.7349
2816.528539	84.560	-171.1138
2816.894750	84.560	-171.4690
2817.260961	84.561	-171.8582
2817.627172	84.557	-172.2534
2817.993383	84.552	-172.6106
2818.359594	84.553	-172.9697
2818.725805	84.551	-173.3525
2819.092016	84.547	-173.7139
2819.458227	84.547	-174.0593
2819.824438	84.550	-174.4290
2820.190649	84.550	-174.8062
2820.556860	84.552	-175.1831
2820.923071	84.553	-175.5825
2821.289282	84.550	-175.9854
2821.655493	84.545	-176.3640
2822.021704	84.541	-176.7239
2822.387915	84.540	-177.0784
2822.754126	84.540	-177.4407
2823.120337	84.539	-177.8005
2823.486548	84.541	-178.1482
2823.852759	84.546	-178.5244
2824.218970	84.547	-178.9307
2824.585181	84.545	-179.3103
2824.951392	84.546	-179.6851
2825.317603	84.543	179.9116
2825.683814	84.536	179.5530
2826.050025	84.537	179.2412
2826.416235	84.548	178.8560
2826.782446	84.546	178.4097
2827.148657	84.536	178.0325
2827.514868	84.534	177.7061
2827.881079	84.538	177.3296
2828.247290	84.535	176.9321
2828.613501	84.531	176.5747
2828.979712	84.532	176.2151
2829.345923	84.531	175.8347
2829.712134	84.528	175.4773
2830.078345	84.531	175.1191
2830.444556	84.534	174.7244
2830.810767	84.532	174.3333
2831.176978	84.531	173.9539
2831.543189	84.529	173.5642
2831.909400	84.525	173.2070
2832.275611	84.528	172.8694
2832.641822	84.535	172.4668
2833.008033	84.531	172.0564
2833.374244	84.529	171.7188
2833.740455	84.536	171.3547
2834.106666	84.537	170.9236
2834.472877	84.527	170.5527
2834.839088	84.527	170.2339
2835.205299	84.532	169.8596
2835.571510	84.528	169.4846
2835.937721	84.529	169.1533
2836.303932	84.534	168.7832
2836.670143	84.533	168.3940
2837.036354	84.532	168.0449
2837.402564	84.536	167.6719
2837.768775	84.533	167.2725
2838.134986	84.528	166.9260
2838.501197	84.531	166.5876
2838.867408	84.533	166.2065
2839.233619	84.531	165.8420
2839.599830	84.534	165.4814
2839.966041	84.535	165.0730
2840.332252	84.527	164.6990
2840.698463	84.525	164.3975
2841.064674	84.536	164.0459
2841.430885	84.540	163.6174
2841.797096	84.534	163.2317
2842.163307	84.534	162.8928
2842.529518	84.539	162.5154
2842.895729	84.538	162.1218
2843.261940	84.537	161.7593
2843.628151	84.539	161.3933
2843.994362	84.539	161.0190
2844.360573	84.538	160.6738
2844.726784	84.544	160.3206
2845.092995	84.549	159.9189
2845.459206	84.545	159.5288
2845.825417	84.542	159.1936
2846.191628	84.547	158.8533
2846.557839	84.550	158.4734
2846.924050	84.549	158.1028
2847.290261	84.551	157.7559
2847.656472	84.556	157.3845
2848.022683	84.557	156.9863
2848.388894	84.553	156.6174
2848.755104	84.554	156.2766
2849.121315	84.560	155.8906
2849.487526	84.558	155.4626
2849.853737	84.546	155.0999
2850.219948	84.545	154.8049
2850.586159	84.555	154.4475
2850.952370	84.557	154.0188
2851.318581	84.549	153.6404
2851.684792	84.549	153.3137
2852.051003	84.556	152.9463
2852.417214	84.558	152.5381
2852.783425	84.554	152.1436
2853.149636	84.550	151.7852
2853.515847	84.551	151.4534
2853.882058	84.559	151.0950
2854.248269	84.565	150.6792
2854.614480	84.562	150.2715
2854.980691	84.560	149.9097
2855.346902	84.562	149.5330
2855.713113	84.560	149.1360
2856.079324	84.554	148.7927
2856.445535	84.559	148.4790
2856.811746	84.570	148.0918
2857.177957	84.570	147.6577
2857.544168	84.562	147.2935
2857.910379	84.564	146.9724
2858.276590	84.572	146.5845
2858.642801	84.570	146.1631
2859.009012	84.562	145.8040
2859.375223	84.561	145.4827
2859.741434	84.565	145.1406
2860.107644	84.570	144.7776
2860.473855	84.575	144.3936
2860.840066	84.575	143.9993
2861.206277	84.574	143.6304
2861.572488	84.576	143.2720
2861.938699	84.580	142.8860
2862.304910	84.580	142.4954
2862.671121	84.580	142.1230
2863.037332	84.583	141.7405
2863.403543	84.582	141.3464
2863.769754	84.580	140.9819
2864.135965	84.583	140.6294
2864.502176	84.589	140.2336
2864.868387	84.588	139.8232
2865.234598	84.584	139.4568
2865.600809	84.586	139.1060
2865.967020	84.590	138.7312
2866.333231	84.594	138.3464
2866.699442	84.597	137.9448
2867.065653	84.595	137.5320
2867.431864	84.590	137.1658
2867.798075	84.592	136.8188
2868.164286	84.595	136.4238
2868.530497	84.590	136.0481
2868.896708	84.591	135.7256
2869.262919	84.599	135.3462
2869.629130	84.597	134.9331
2869.995341	84.593	134.6067
2870.361552	84.604	134.2712
2870.727763	84.612	133.8254
2871.093973	84.604	133.4036
2871.460184	84.598	133.0725
2871.826395	84.603	132.7236
2872.192606	84.605	132.3435
2872.558817	84.606	131.9780
2872.925028	84.610	131.5920
2873.291239	84.609	131.1912
2873.657450	84.605	130.8372
2874.023661	84.609	130.4941
2874.389872	84.615	130.0918
2874.756083	84.612	129.6799
2875.122294	84.607	129.3306
2875.488505	84.611	128.9927
2875.854716	84.617	128.6074
2876.220927	84.619	128.2124
2876.587138	84.621	127.8198
2876.953349	84.620	127.4104
2877.319560	84.614	127.0403
2877.685771	84.615	126.7119
2878.051982	84.623	126.3320
2878.418193	84.622	125.9290
2878.784404	84.622	125.5759
2879.150615	84.629	125.1948
2879.516826	84.629	124.7656
2879.883037	84.622	124.4092
2880.249248	84.627	124.0925
2880.615459	84.638	123.6897
2880.981670	84.637	123.2534
2881.347881	84.631	122.8831
2881.714092	84.632	122.5417
2882.080303	84.638	122.1709
2882.446513	84.641	121.7695
2882.812724	84.640	121.3708
2883.178935	84.637	121.0037
2883.545146	84.639	120.6409
2883.911357	84.641	120.2593
2884.277568	84.642	119.8857
2884.643779	84.645	119.5061
2885.009990	84.645	119.1021
2885.376201	84.641	118.7300
2885.742412	84.642	118.3914
2886.108623	84.648	118.0168
2886.474834	84.651	117.6152
2886.841045	84.651	117.2273
2887.207256	84.651	116.8447
2887.573467	84.652	116.4692
2887.939678	84.656	116.0859
2888.305889	84.657	115.6707
2888.672100	84.652	115.2751
2889.038311	84.650	114.9294
2889.404522	84.654	114.5706
2889.770733	84.657	114.1853
2890.136944	84.659	113.8093
2890.503155	84.663	113.4258
2890.869366	84.665	113.0308
2891.235577	84.666	112.6414
2891.601788	84.667	112.2393
2891.967999	84.664	111.8521
2892.334210	84.663	111.5103
2892.700421	84.671	111.1343
2893.066632	84.671	110.7119
2893.432842	84.665	110.3555
2893.799053	84.672	110.0303
2894.165264	84.684	109.6108
2894.531475	84.681	109.1567
2894.897686	84.673	108.7791
2895.263897	84.672	108.4417
2895.630108	84.677	108.0764
2895.996319	84.680	107.6787
2896.362530	84.677	107.2908
2896.728741	84.677	106.9412
2897.094952	84.684	106.5671
2897.461163	84.685	106.1448
2897.827374	84.679	105.7695
2898.193585	84.682	105.4265
2898.559796	84.686	105.0205
2898.926007	84.680	104.6306
2899.292218	84.678	104.3145
2899.658429	84.687	103.9600
2900.024640	84.691	103.5581
2900.390851	84.692	103.1843
2900.757062	84.697	102.7964
2901.123273	84.696	102.3894
2901.489484	84.695	102.0217
2901.855695	84.699	101.6428
2902.221906	84.699	101.2336
2902.588117	84.695	100.8716
2902.954328	84.701	100.5198
2903.320539	84.706	100.1074
2903.686750	84.703	99.7046
2904.052961	84.704	99.3486
2904.419172	84.711	98.9573
2904.785382	84.712	98.5173
2905.151593	84.705	98.1096
2905.517804	84.701	97.7607
2905.884015	84.706	97.4082
2906.250226	84.713	96.9958
2906.616437	84.710	96.5615
2906.982648	84.702	96.1865
2907.348859	84.702	95.8516
2907.715070	84.709	95.4727
2908.081281	84.710	95.0657
2908.447492	84.709	94.6890
2908.813703	84.713	94.3066
2909.179914	84.715	93.8921
2909.546125	84.711	93.4985
2909.912336	84.711	93.1279
2910.278547	84.713	92.7368
2910.644758	84.711	92.3481
2911.010969	84.710	91.9827
2911.377180	84.713	91.6072
2911.743391	84.714	91.2141
2912.109602	84.714	90.8264
2912.475813	84.713	90.4487
2912.842024	84.714	90.0798
2913.208235	84.717	89.7058
2913.574446	84.720	89.3159
2913.940657	84.722	88.9253
2914.306868	84.725	88.5254
2914.673079	84.725	88.1023
2915.039290	84.718	87.7100
2915.405501	84.717	87.3784
2915.771711	84.726	87.0220
2916.137922	84.732	86.5930
2916.504133	84.729	86.1709
2916.870344	84.727	85.7957
2917.236555	84.730	85.4094
2917.602766	84.729	85.0010
2917.968977	84.726	84.6201
2918.335188	84.727	84.2551
2918.701399	84.729	83.8633
2919.067610	84.727	83.4734
2919.433821	84.727	83.1169
2919.800032	84.732	82.7458
2920.166243	84.735	82.3333
2920.532454	84.733	81.9395
2920.898665	84.734	81.5728
2921.264876	84.738	81.1721
2921.631087	84.736	80.7625
2921.997298	84.734	80.3914
2922.363509	84.736	80.0100
2922.729720	84.735	79.6138
2923.095931	84.733	79.2585
2923.462142	84.740	78.8918
2923.828353	84.743	78.4712
2924.194564	84.740	78.0842
2924.560775	84.744	77.7256
2924.926986	84.750	77.3032
2925.293197	84.745	76.8823
2925.659408	84.741	76.5352
2926.025619	84.748	76.1726
2926.391830	84.751	75.7571
2926.758041	84.750	75.3574
2927.124251	84.750	74.9719
2927.490462	84.748	74.5806
2927.856673	84.746	74.2188
2928.222884	84.749	73.8730
2928.589095	84.756	73.4875
2928.955306	84.759	73.0664
2929.321517	84.756	72.6614
2929.687728	84.755	72.2900
2930.053939	84.757	71.9128
2930.420150	84.758	71.5134
2930.786361	84.757	71.1294
2931.152572	84.759	70.7456
2931.518783	84.760	70.3293
2931.884994	84.754	69.9392
2932.251205	84.753	69.5945
2932.617416	84.760	69.2107
2932.983627	84.761	68.7825
2933.349838	84.755	68.3774
2933.716049	84.751	68.0098
2934.082260	84.751	67.6614
2934.448471	84.757	67.2854
2934.814682	84.760	66.8569
2935.180893	84.753	66.4602
2935.547104	84.753	66.1189
2935.913315	84.760	65.7319
2936.279526	84.760	65.3098
2936.645737	84.757	64.9329
2937.011948	84.759	64.5566
2937.378159	84.759	64.1555
2937.744370	84.758	63.7849
2938.110581	84.763	63.4102
2938.476791	84.765	62.9844
2938.843002	84.758	62.5874
2939.209213	84.756	62.2554
2939.575424	84.765	61.8953
2939.941635	84.771	61.4690
2940.307846	84.769	61.0461
2940.674057	84.766	60.6562
2941.040268	84.765	60.2681
2941.406479	84.764	59.8804
2941.772690	84.764	59.4988
2942.138901	84.765	59.1033
2942.505112	84.763	58.7102
2942.871323	84.762	58.3403
2943.237534	84.766	57.9512
2943.603745	84.766	57.5320
2943.969956	84.761	57.1426
2944.336167	84.760	56.7791
2944.702378	84.763	56.3950
2945.068589	84.763	56.0107
2945.434800	84.766	55.6340
2945.801011	84.770	55.2288
2946.167222	84.769	54.8215
2946.533433	84.769	54.4436
2946.899644	84.771	54.0588
2947.265855	84.773	53.6621
2947.632066	84.774	53.2693
2947.998277	84.776	52.8584
2948.364488	84.771	52.4561
2948.730699	84.769	52.0981
2949.096910	84.774	51.7222
2949.463120	84.774	51.3098
2949.829331	84.770	50.9343
2950.195542	84.772	50.5823
2950.561753	84.777	50.1953
2950.927964	84.778	49.7952
2951.294175	84.779	49.4038
2951.660386	84.780	49.0125
2952.026597	84.781	48.6270
2952.392808	84.783	48.2249
2952.759019	84.780	47.8101
2953.125230	84.774	47.4478
2953.491441	84.777	47.1104
2953.857652	84.784	46.7166
2954.223863	84.784	46.3118
2954.590074	84.786	45.9358
2954.956285	84.791	45.5203
2955.322496	84.787	45.0891
2955.688707	84.782	44.7266
2956.054918	84.786	44.3704
2956.421129	84.790	43.9487
2956.787340	84.785	43.5410
2957.153551	84.782	43.2031
2957.519762	84.790	42.8499
2957.885973	84.798	42.4172
2958.252184	84.794	41.9771
2958.618395	84.787	41.6033
2958.984606	84.788	41.2529
2959.350817	84.791	40.8691
2959.717028	84.791	40.4788
2960.083239	84.792	40.1069
2960.449450	84.796	39.7314
2960.815660	84.801	39.3267
2961.181871	84.802	38.8923
2961.548082	84.794	38.4802
2961.914293	84.788	38.1333
2962.280504	84.792	37.7874
2962.646715	84.796	37.3862
2963.012926	84.794	36.9846
2963.379137	84.792	36.6155
2963.745348	84.793	36.2427
2964.111559	84.794	35.8645
2964.477770	84.796	35.4934
2964.843981	84.800	35.1011
2965.210192	84.801	34.6799
2965.576403	84.797	34.2737
2965.942614	84.792	33.9141
2966.308825	84.796	33.5632
2966.675036	84.802	33.1621
2967.041247	84.801	32.7349
2967.407458	84.795	32.3428
2967.773669	84.792	31.9851
2968.139880	84.793	31.6372
2968.506091	84.800	31.2800
2968.872302	84.809	30.8638
2969.238513	84.808	30.4094
2969.604724	84.800	30.0205
2969.970935	84.801	29.6724
2970.337146	84.807	29.2515
2970.703357	84.800	28.8149
2971.069568	84.790	28.4717
2971.435779	84.794	28.1494
2971.801989	84.801	27.7566
2972.168200	84.801	27.3430
2972.534411	84.799	26.9551
2972.900622	84.799	26.5740
2973.266833	84.799	26.1946
2973.633044	84.800	25.8188
2973.999255	84.804	25.4255
2974.365466	84.805	25.0063
2974.731677	84.800	24.5950
2975.097888	84.795	24.2297
2975.464099	84.797	23.8843
2975.830310	84.802	23.4971
2976.196521	84.803	23.0845
2976.562732	84.801	22.7017
2976.928943	84.804	22.3252
2977.295154	84.807	21.9124
2977.661365	84.804	21.4998
2978.027576	84.802	21.1194
2978.393787	84.802	20.7388
2978.759998	84.802	20.3472
2979.126209	84.801	19.9636
2979.492420	84.801	19.5811
2979.858631	84.801	19.1941
2980.224842	84.799	18.8191
2980.591053	84.799	18.4597
2980.957264	84.804	18.0986
2981.323475	84.812	17.6975
2981.689686	84.813	17.2532
2982.055897	84.806	16.8484
2982.422108	84.804	16.4983
2982.788319	84.808	16.1062
2983.154529	84.804	15.6885
2983.520740	84.799	15.3374
2983.886951	84.805	14.9912
2984.253162	84.811	14.5657
2984.619373	84.807	14.1304
2984.985584	84.799	13.7478
2985.351795	84.796	13.3882
2985.718006	84.796	13.0251
2986.084217	84.797	12.6528
2986.450428	84.797	12.2725
2986.816639	84.796	11.9060
2987.182850	84.800	11.5476
2987.549061	84.808	11.1462
2987.915272	84.809	10.6997
2988.281483	84.800	10.2944
2988.647694	84.797	9.9583
2989.013905	84.804	9.5918
2989.380116	84.808	9.1514
2989.746327	84.800	8.7344
2990.112538	84.793	8.3928
2990.478749	84.798	8.0544
2990.844960	84.804	7.6553
2991.211171	84.803	7.2314
2991.577382	84.797	6.8596
2991.943593	84.800	6.5168
2992.309804	84.808	6.1025
2992.676015	84.802	5.6533
2993.042226	84.790	5.3027
2993.408437	84.792	5.0105
2993.774648	84.804	4.6355
2994.140859	84.808	4.1912
2994.507069	84.803	3.7786
2994.873280	84.800	3.4021
2995.239491	84.799	3.0212
2995.605702	84.797	2.6467
2995.971913	84.798	2.2798
2996.338124	84.801	1.8772
2996.704335	84.798	1.4600
2997.070546	84.793	1.0945
2997.436757	84.796	0.7283
2997.802968	84.798	0.2986
2998.169179	84.790	-0.1091
2998.535390	84.787	-0.4675
2998.901601	84.787	-0.8667
2999.267812	84.777	-1.2551
2999.634023	84.772	-1.5530
3000.000234	84.782	-1.8787
3000.366445	84.790	-2.2930
3000.732656	84.790	-2.6919
3001.098867	84.794	-3.0732
3001.465078	84.797	-3.4912
3001.831289	84.795	-3.8992
3002.197500	84.795	-4.2908
3002.563711	84.793	-4.6929
3002.929922	84.788	-5.0566
3003.296133	84.793	-5.4082
3003.662344	84.799	-5.8330
3004.028555	84.793	-6.2642
3004.394766	84.785	-6.6079
3004.760977	84.790	-6.9458
3005.127188	84.795	-7.3596
3005.493398	84.789	-7.7734
3005.859609	84.784	-8.1189
3006.225820	84.788	-8.4644
3006.592031	84.792	-8.8726
3006.958242	84.788	-9.2786
3007.324453	84.785	-9.6345
3007.690664	84.788	-10.0090
3008.056875	84.788	-10.4246
3008.423086	84.782	-10.8096
3008.789297	84.782	-11.1675
3009.155508	84.784	-11.5576
3009.521719	84.781	-11.9641
3009.887930	84.776	-12.3435
3010.254141	84.775	-12.6997
3010.620352	84.779	-13.0745
3010.986563	84.780	-13.4929
3011.352774	84.775	-13.9014
3011.718985	84.771	-14.2588
3012.085196	84.774	-14.6370
3012.451407	84.771	-15.0542
3012.817618	84.763	-15.4187
3013.183829	84.765	-15.7461
3013.550040	84.771	-16.1248
3013.916251	84.773	-16.5291
3014.282462	84.773	-16.9172
3014.648673	84.774	-17.3140
3015.014884	84.773	-17.7119
3015.381095	84.772	-18.0979
3015.747306	84.770	-18.4900
3016.113517	84.765	-18.8616
3016.479728	84.765	-19.2009
3016.845938	84.772	-19.5713
3017.212149	84.774	-19.9854
3017.578360	84.772	-20.3806
3017.944571	84.771	-20.7576
3018.310782	84.771	-21.1497
3018.676993	84.768	-21.5217
3019.043204	84.771	-21.8740
3019.409415	84.778	-22.2866
3019.775626	84.773	-22.7339
3020.141837	84.762	-23.1057
3020.508048	84.762	-23.4299
3020.874259	84.767	-23.8037
3021.240470	84.769	-24.2173
3021.606681	84.765	-24.6238
3021.972892	84.759	-25.0022
3022.339103	84.755	-25.3428
3022.705314	84.759	-25.6982
3023.071525	84.760	-26.1011
3023.437736	84.754	-26.4761
3023.803947	84.755	-26.8105
3024.170158	84.760	-27.1846
3024.536369	84.761	-27.5872
3024.902580	84.759	-27.9617
3025.268791	84.762	-28.3352
3025.635002	84.765	-28.7383
3026.001213	84.763	-29.1548
3026.367424	84.757	-29.5581
3026.733635	84.751	-29.9207
3027.099846	84.750	-30.2649
3027.466057	84.752	-30.6467
3027.832267	84.748	-31.0356
3028.198478	84.745	-31.3752
3028.564689	84.751	-31.7168
3028.930900	84.758	-32.1248
3029.297111	84.758	-32.5588
3029.663322	84.752	-32.9602
3030.029533	84.746	-33.3250
3030.395744	84.746	-33.6726
3030.761955	84.750	-34.0325
3031.128166	84.756	-34.4333
3031.494377	84.756	-34.8606
3031.860588	84.750	-35.2690
3032.226799	84.745	-35.6394
3032.593010	84.745	-36.0042
3032.959221	84.744	-36.3967
3033.325432	84.738	-36.7786
3033.691643	84.734	-37.1106
3034.057854	84.739	-37.4573
3034.424065	84.742	-37.8591
3034.790276	84.737	-38.2290
3035.156487	84.740	-38.5562
3035.522698	84.750	-38.9551
3035.888909	84.749	-39.4116
3036.255120	84.738	-39.7979
3036.621331	84.736	-40.1292
3036.987542	84.739	-40.5037
3037.353753	84.737	-40.9021
3037.719964	84.734	-41.2708
3038.086175	84.734	-41.6357
3038.452386	84.733	-42.0164
3038.818597	84.732	-42.3887
3039.184807	84.734	-42.7637
3039.551018	84.734	-43.1619
3039.917229	84.730	-43.5498
3040.283440	84.728	-43.9133
3040.649651	84.728	-44.2861
3041.015862	84.727	-44.6628
3041.382073	84.727	-45.0234
3041.748284	84.732	-45.4048
3042.114495	84.732	-45.8130
3042.480706	84.728	-46.1919
3042.846917	84.729	-46.5452
3043.213128	84.735	-46.9351
3043.579339	84.734	-47.3591
3043.945550	84.727	-47.7532
3044.311761	84.722	-48.0925
3044.677972	84.726	-48.4246
3045.044183	84.734	-48.8076
3045.410394	84.735	-49.2307
3045.776605	84.730	-49.6277
3046.142816	84.726	-49.9802
3046.509027	84.727	-50.3342
3046.875238	84.729	-50.7095
3047.241449	84.729	-51.0872
3047.607660	84.730	-51.4670
3047.973871	84.729	-51.8528
3048.340082	84.725	-52.2190
3048.706293	84.726	-52.5649
3049.072504	84.732	-52.9412
3049.438715	84.734	-53.3606
3049.804926	84.729	-53.7634
3050.171136	84.725	-54.1304
3050.537347	84.724	-54.5044
3050.903558	84.720	-54.8760
3051.269769	84.720	-55.2219
3051.635980	84.726	-55.5999
3052.002191	84.726	-56.0254
3052.368402	84.718	-56.4155
3052.734613	84.715	-56.7612
3053.100824	84.717	-57.1274
3053.467035	84.715	-57.5073
3053.833246	84.714	-57.8657
3054.199457	84.716	-58.2183
3054.565668	84.720	-58.5928
3054.931879	84.723	-58.9976
3055.298090	84.720	-59.3911
3055.664301	84.719	-59.7427
3056.030512	84.725	-60.1184
3056.396723	84.725	-60.5452
3056.762934	84.719	-60.9351
3057.129145	84.717	-61.2869
3057.495356	84.719	-61.6729
3057.861567	84.714	-62.0549
3058.227778	84.713	-62.3970
3058.593989	84.717	-62.7639
3058.960200	84.718	-63.1614
3059.326411	84.716	-63.5415
3059.692622	84.716	-63.9197
3060.058833	84.713	-64.3010
3060.425044	84.711	-64.6548
3060.791255	84.714	-65.0105
3061.157466	84.719	-65.4062
3061.523676	84.717	-65.8062
3061.889887	84.715	-66.1738
3062.256098	84.715	-66.5256
3062.622309	84.719	-66.8887
3062.988520	84.722	-67.2737
3063.354731	84.722	-67.6606
3063.720942	84.721	-68.0188
3064.087153	84.725	-68.3787
3064.453364	84.728	-68.7734
3064.819575	84.725	-69.1465
3065.185786	84.729	-69.4839
3065.551997	84.737	-69.8777
3065.918208	84.736	-70.3098
3066.284419	84.729	-70.6658
3066.650630	84.734	-70.9980
3067.016841	84.740	-71.4136
3067.383052	84.733	-71.8223
3067.749263	84.729	-72.1418
3068.115474	84.737	-72.4846
3068.481685	84.742	-72.9016
3068.847896	84.737	-73.2869
3069.214107	84.738	-73.6267
3069.580318	84.743	-73.9995
3069.946529	84.746	-74.3938
3070.312740	84.746	-74.7747
3070.678951	84.748	-75.1538
3071.045162	84.750	-75.5305
3071.411373	84.754	-75.9214
3071.777584	84.754	-76.3433
3072.143795	84.746	-76.7283
3072.510006	84.744	-77.0540
3072.876216	84.750	-77.4077
3073.242427	84.752	-77.7969
3073.608638	84.752	-78.1597
3073.974849	84.756	-78.5256
3074.341060	84.758	-78.9221
3074.707271	84.755	-79.2952
3075.073482	84.755	-79.6377
3075.439693	84.760	-79.9946
3075.805904	84.764	-80.3723
3076.172115	84.766	-80.7590
3076.538326	84.766	-81.1360
3076.904537	84.768	-81.4951
3077.270748	84.773	-81.8845
3077.636959	84.770	-82.2983
3078.003170	84.763	-82.6440
3078.369381	84.769	-82.9565
3078.735592	84.779	-83.3574
3079.101803	84.777	-83.7859
3079.468014	84.772	-84.1406
3079.834225	84.775	-84.4985
3080.200436	84.774	-84.8877
3080.566647	84.770	-85.2212
3080.932858	84.778	-85.5503
3081.299069	84.786	-85.9514
3081.665280	84.786	-86.3416
3082.031491	84.790	-86.7031
3082.397702	84.796	-87.1218
3082.763913	84.791	-87.5425
3083.130124	84.785	-87.8809
3083.496335	84.790	-88.2129
3083.862545	84.797	-88.6025
3084.228756	84.797	-88.9961
3084.594967	84.797	-89.3633
3084.961178	84.801	-89.7354
3085.327389	84.803	-90.1267
3085.693600	84.802	-90.5142
3086.059811	84.801	-90.8799
3086.426022	84.803	-91.2449
3086.792233	84.805	-91.6255
3087.158444	84.803	-91.9922
3087.524655	84.804	-92.3357
3087.890866	84.809	-92.6860
3088.257077	84.814	-93.0537
3088.623288	84.820	-93.4338
3088.989499	84.825	-93.8345
3089.355710	84.825	-94.2424
3089.721921	84.822	-94.6179
3090.088132	84.823	-94.9565
3090.454343	84.830	-95.3250
3090.820554	84.833	-95.7505
3091.186765	84.825	-96.1350
3091.552976	84.823	-96.4302
3091.919187	84.837	-96.7710
3092.285398	84.844	-97.2134
3092.651609	84.836	-97.6045
3093.017820	84.838	-97.9160
3093.384031	84.849	-98.2988
3093.750242	84.849	-98.7322
3094.116453	84.842	-99.0864
3094.482664	84.847	-99.4192
3094.848875	84.851	-99.8083
3095.215085	84.848	-100.1736
3095.581296	84.852	-100.4998
3095.947507	84.861	-100.8704
3096.313718	84.865	-101.2705
3096.679929	84.867	-101.6541
3097.046140	84.869	-102.0461
3097.412351	84.867	-102.4373
3097.778562	84.865	-102.7908
3098.144773	84.868	-103.1367
3098.510984	84.873	-103.5156
3098.877195	84.873	-103.9080
3099.243406	84.872	-104.2708
3099.609617	84.875	-104.6104
3099.975828	84.883	-104.9880
3100.342039	84.886	-105.4128
3100.708250	84.881	-105.8079
3101.074461	84.878	-106.1487
3101.440672	84.882	-106.4949
3101.806883	84.886	-106.8733
3102.173094	84.888	-107.2561
3102.539305	84.888	-107.6262
3102.905516	84.890	-107.9851
3103.271727	84.894	-108.3484
3103.637938	84.899	-108.7290
3104.004149	84.902	-109.1199
3104.370360	84.903	-109.5027
3104.736571	84.904	-109.8757
3105.102782	84.905	-110.2483
3105.468993	84.906	-110.6135
3105.835204	84.908	-110.9604
3106.201414	84.915	-111.3220
3106.567625	84.921	-111.7222
3106.933836	84.920	-112.1106
3107.300047	84.921	-112.4612
3107.666258	84.928	-112.8281
3108.032469	84.933	-113.2285
3108.398680	84.933	-113.6240
3108.764891	84.932	-113.9978
3109.131102	84.932	-114.3572
3109.497313	84.936	-114.7190
3109.863524	84.939	-115.0957
3110.229735	84.941	-115.4763
3110.595946	84.942	-115.8574
3110.962157	84.941	-116.2302
3111.328368	84.942	-116.5740
3111.694579	84.948	-116.9272
3112.060790	84.953	-117.3252
3112.427001	84.951	-117.7046
3112.793212	84.954	-118.0457
3113.159423	84.962	-118.4197
3113.525634	84.964	-118.8186
3113.891845	84.964	-119.1892
3114.258056	84.967	-119.5508
3114.624267	84.971	-119.9214
3114.990478	84.976	-120.2976
3115.356689	84.980	-120.6931
3115.722900	84.978	-121.0730
3116.089111	84.981	-121.4133
3116.455322	84.989	-121.7854
3116.821533	84.992	-122.1992
3117.187744	84.990	-122.5735
3117.553954	84.993	-122.9243
3117.920165	84.998	-123.3071
3118.286376	85.000	-123.6975
3118.652587	85.001	-124.0886
3119.018798	84.996	-124.4668
3119.385009	84.993	-124.7776
3119.751220	85.005	-125.0989
3120.117431	85.014	-125.5198
3120.483642	85.010	-125.9172
3120.849853	85.012	-126.2441
3121.216064	85.022	-126.6394
3121.582275	85.019	-127.0593
3121.948486	85.015	-127.3813
3122.314697	85.026	-127.7197
3122.680908	85.032	-128.1431
3123.047119	85.029	-128.5283
3123.413330	85.032	-128.8752
3123.779541	85.037	-129.2617
3124.145752	85.037	-129.6333
3124.511963	85.043	-129.9780
3124.878174	85.051	-130.3748
3125.244385	85.050	-130.7832
3125.610596	85.048	-131.1248
3125.976807	85.056	-131.4631
3126.343018	85.065	-131.8591
3126.709229	85.067	-132.2581
3127.075440	85.070	-132.6387
3127.441651	85.072	-133.0320
3127.807862	85.071	-133.4077
3128.174073	85.073	-133.7551
3128.540284	85.079	-134.1306
3128.906494	85.079	-134.5198
3129.272705	85.078	-134.8674
3129.638916	85.084	-135.2131
3130.005127	85.090	-135.5996
3130.371338	85.092	-135.9873
3130.737549	85.093	-136.3545
3131.103760	85.097	-136.7263
3131.469971	85.099	-137.1038
3131.836182	85.100	-137.4688
3132.202393	85.105	-137.8342
3132.568604	85.108	-138.2200
3132.934815	85.109	-138.6008
3133.301026	85.110	-138.9558
3133.667237	85.116	-139.3179
3134.033448	85.121	-139.6960
3134.399659	85.126	-140.0784
3134.765870	85.130	-140.4839
3135.132081	85.128	-140.8801
3135.498292	85.127	-141.2188
3135.864503	85.135	-141.5664
3136.230714	85.141	-141.9683
3136.596925	85.142	-142.3545
3136.963136	85.145	-142.7156
3137.329347	85.149	-143.0972
3137.695558	85.151	-143.4778
3138.061769	85.153	-143.8459
3138.427980	85.156	-144.2192
3138.794191	85.159	-144.5913
3139.160402	85.162	-144.9756
3139.526613	85.161	-145.3582
3139.892823	85.160	-145.6902
3140.259034	85.168	-146.0229
3140.625245	85.176	-146.4194
3140.991456	85.175	-146.8054
3141.357667	85.177	-147.1394
3141.723878	85.187	-147.4985
3142.090089	85.194	-147.8977
3142.456300	85.196	-148.2847
3142.822511	85.200	-148.6589
3143.188722	85.206	-149.0388
3143.554933	85.211	-149.4304
3143.921144	85.214	-149.8386
3144.287355	85.211	-150.2185
3144.653566	85.213	-150.5420
3145.019777	85.228	-150.9050
3145.385988	85.237	-151.3677
3145.752199	85.228	-151.8020
3146.118410	85.221	-152.1196
3146.484621	85.230	-152.4409
3146.850832	85.239	-152.8413
3147.217043	85.238	-153.2283
3147.583254	85.242	-153.5718
3147.949465	85.251	-153.9500
3148.315676	85.254	-154.3577
3148.681887	85.254	-154.7368
3149.048098	85.257	-155.1011
3149.414309	85.260	-155.4832
3149.780520	85.261	-155.8640
3150.146731	85.261	-156.2117
3150.512942	85.267	-156.5474
3150.879153	85.278	-156.9312
3151.245363	85.282	-157.3506
3151.611574	85.281	-157.7327
3151.977785	85.285	-158.0942
3152.343996	85.289	-158.4846
3152.710207	85.289	-158.8586
3153.076418	85.294	-159.2085
3153.442629	85.301	-159.5974
3153.808840	85.302	-159.9893
3154.175051	85.305	-160.3376
3154.541262	85.315	-160.7124
3154.907473	85.319	-161.1211
3155.273684	85.321	-161.4946
3155.639895	85.328	-161.8662
3156.006106	85.332	-162.2688
3156.372317	85.332	-162.6387
3156.738528	85.338	-162.9893
3157.104739	85.346	-163.3940
3157.470950	85.344	-163.7974
3157.837161	85.343	-164.1265
3158.203372	85.355	-164.4685
3158.569583	85.364	-164.9009
3158.935794	85.358	-165.3176
3159.302005	85.354	-165.6304
3159.668216	85.365	-165.9453
3160.034427	85.377	-166.3499
3160.400638	85.378	-166.7590
3160.766849	85.380	-167.1252
3161.133060	85.386	-167.5115
3161.499271	85.387	-167.9126
3161.865482	85.387	-168.2788
3162.231692	85.391	-168.6428
3162.597903	85.395	-169.0278
3162.964114	85.396	-169.4036
3163.330325	85.399	-169.7737
3163.696536	85.402	-170.1487
3164.062747	85.406	-170.5120
3164.428958	85.412	-170.8770
3164.795169	85.419	-171.2637
3165.161380	85.423	-171.6594
3165.527591	85.426	-172.0510
3165.893802	85.428	-172.4307
3166.260013	85.432	-172.7974
3166.626224	85.437	-173.1738
3166.992435	85.442	-173.5620
3167.358646	85.446	-173.9429
3167.724857	85.451	-174.3325
3168.091068	85.453	-174.7275
3168.457279	85.454	-175.0898
3168.823490	85.461	-175.4502
3169.189701	85.468	-175.8608
3169.555912	85.466	-176.2620
3169.922123	85.466	-176.5991
3170.288334	85.476	-176.9490
3170.654545	85.485	-177.3665
3171.020756	85.486	-177.7847
3171.386967	85.484	-178.1602
3171.753178	85.486	-178.5200
3172.119389	85.489	-178.8750
3172.485600	85.497	-179.2429
3172.851811	85.502	-179.6379
3173.218022	85.503	179.9902
3173.584232	85.511	179.6414
3173.950443	85.522	179.2349
3174.316654	85.522	178.8074
3174.682865	85.521	178.4485
3175.049076	85.529	178.0928
3175.415287	85.537	177.6755
3175.781498	85.535	177.2712
3176.147709	85.536	176.9170
3176.513920	85.542	176.5562
3176.880131	85.548	176.1709
3177.246342	85.551	175.7869
3177.612553	85.555	175.4148
3177.978764	85.561	175.0398
3178.344975	85.567	174.6445
3178.711186	85.569	174.2498
3179.077397	85.571	173.8735
3179.443608	85.576	173.4946
3179.809819	85.578	173.1189
3180.176030	85.585	172.7581
3180.542241	85.595	172.3591
3180.908452	85.598	171.9136
3181.274663	85.593	171.5146
3181.640874	85.593	171.1714
3182.007085	85.601	170.7993
3182.373296	85.605	170.3899
3182.739507	85.606	170.0107
3183.105718	85.612	169.6499
3183.471929	85.620	169.2593
3183.838140	85.625	168.8579
3184.204351	85.630	168.4688
3184.570561	85.635	168.0750
3184.936772	85.639	167.6782
3185.302983	85.643	167.2891
3185.669194	85.648	166.8967
3186.035405	85.651	166.5068
3186.401616	85.656	166.1252
3186.767827	85.662	165.7271
3187.134038	85.662	165.3232
3187.500249	85.662	164.9644
3187.866460	85.670	164.6218
3188.232671	85.681	164.2227
3188.598882	85.684	163.8040
3188.965093	85.686	163.4360
3189.331304	85.697	163.0598
3189.697515	85.705	162.6187
3190.063726	85.704	162.1912
3190.429937	85.704	161.8235
3190.796148	85.711	161.4441
3191.162359	85.716	161.0269
3191.528570	85.717	160.6257
3191.894781	85.719	160.2546
3192.260992	85.726	159.8752
3192.627203	85.733	159.4739
3192.993414	85.738	159.0745
3193.359625	85.744	158.6750
3193.725836	85.749	158.2520
3194.092047	85.748	157.8403
3194.458258	85.749	157.4780
3194.824469	85.756	157.1094
3195.190680	85.762	156.6997
3195.556891	85.763	156.3157
3195.923101	85.770	155.9619
3196.289312	85.781	155.5601
3196.655523	85.785	155.1228
3197.021734	85.783	154.7258
3197.387945	85.786	154.3579
3197.754156	85.791	153.9780
3198.120367	85.795	153.6016
3198.486578	85.804	153.2180
3198.852789	85.811	152.7864
3199.219000	85.808	152.3618
3199.585211	85.807	152.0127
3199.951422	85.818	151.6538
3200.317633	85.827	151.2109
3200.683844	85.823	150.7883
3201.050055	85.823	150.4478
3201.416266	85.835	150.0815
3201.782477	85.844	149.6455
3202.148688	85.845	149.2295
3202.514899	85.850	148.8452
3202.881110	85.856	148.4309
3203.247321	85.857	148.0220
3203.613532	85.859	147.6672
3203.979743	85.871	147.2864
3204.345954	85.878	146.8379
3204.712165	85.874	146.4280
3205.078376	85.876	146.0898
3205.444587	85.887	145.7251
3205.810798	85.895	145.3083
3206.177009	85.897	144.8970
3206.543220	85.897	144.5225
3206.909431	85.902	144.1743
3207.275641	85.915	143.7864
3207.641852	85.921	143.3289
3208.008063	85.915	142.9080
3208.374274	85.911	142.5740
3208.740485	85.919	142.2312
3209.106696	85.928	141.8469
3209.472907	85.936	141.4558
3209.839118	85.944	141.0320
3210.205329	85.944	140.5969
3210.571540	85.943	140.2241
3210.937751	85.953	139.8547
3211.303962	85.964	139.3958
3211.670173	85.959	138.9302
3212.036384	85.951	138.5674
3212.402595	85.957	138.2388
3212.768806	85.969	137.8401
3213.135017	85.973	137.4126
3213.501228	85.975	137.0259
3213.867439	85.983	136.6384
3214.233650	85.988	136.2168
3214.599861	85.990	135.8186
3214.966072	85.996	135.4434
3215.332283	86.003	135.0261
3215.698494	86.002	134.6194
3216.064705	86.005	134.2820
3216.430916	86.021	133.9041
3216.797127	86.029	133.4417
3217.163338	86.025	133.0322
3217.529549	86.029	132.6829
3217.895760	86.040	132.2671
3218.261970	86.039	131.8247
3218.628181	86.035	131.4587
3218.994392	86.040	131.1211
3219.360603	86.051	130.7385
3219.726814	86.058	130.3232
3220.093025	86.062	129.9106
3220.459236	86.065	129.5156
3220.825447	86.070	129.1221
3221.191658	86.076	128.7126
3221.557869	86.080	128.2981
3221.924080	86.082	127.8933
3222.290291	86.085	127.5029
3222.656502	86.091	127.1074
3223.022713	86.095	126.6885
3223.388924	86.095	126.2930
3223.755135	86.101	125.9299
3224.121346	86.111	125.5085
3224.487557	86.110	125.0581
3224.853768	86.105	124.7070
3225.219979	86.116	124.3835
3225.586190	86.132	123.9497
3225.952401	86.132	123.4937
3226.318612	86.130	123.1240
3226.684823	86.139	122.7646
3227.051034	86.149	122.3459
3227.417245	86.154	121.9077
3227.783456	86.154	121.4917
3228.149667	86.154	121.0991
3228.515878	86.157	120.7122
3228.882089	86.159	120.3274
3229.248300	86.164	119.9512
3229.614510	86.172	119.5527
3229.980721	86.175	119.1287
3230.346932	86.174	118.7407
3230.713143	86.180	118.3762
3231.079354	86.189	117.9629
3231.445565	86.190	117.5366
3231.811776	86.191	117.1484
3232.177987	86.195	116.7603
3232.544198	86.198	116.3674
3232.910409	86.204	115.9797
3233.276620	86.209	115.5642
3233.642831	86.209	115.1548
3234.009042	86.210	114.7900
3234.375253	86.218	114.4089
3234.741464	86.223	114.0000
3235.107675	86.227	113.6130
3235.473886	86.235	113.2212
3235.840097	86.242	112.8066
3236.206308	86.247	112.4077
3236.572519	86.257	111.9966
3236.938730	86.263	111.5444
3237.304941	86.262	111.1099
3237.671152	86.263	110.7183
3238.037363	86.268	110.3201
3238.403574	86.271	109.9041
3238.769785	86.272	109.5083
3239.135996	86.277	109.1255
3239.502207	86.284	108.7131
3239.868418	86.284	108.2971
3240.234629	86.285	107.9294
3240.600839	86.294	107.5605
3240.967050	86.302	107.1431
3241.333261	86.305	106.7375
3241.699472	86.311	106.3538
3242.065683	86.317	105.9358
3242.431894	86.318	105.5334
3242.798105	86.324	105.1675
3243.164316	86.335	104.7366
3243.530527	86.333	104.2812
3243.896738	86.328	103.9285
3244.262949	86.339	103.5793
3244.629160	86.348	103.1318
3244.995371	86.344	102.7209
3245.361582	86.350	102.3750
3245.727793	86.364	101.9382
3246.094004	86.362	101.4624
3246.460215	86.356	101.0964
3246.826426	86.365	100.7358
3247.192637	86.372	100.2871
3247.558848	86.367	99.8811
3247.925059	86.372	99.5339
3248.291270	86.383	99.1208
3248.657481	86.383	98.6980
3249.023692	86.388	98.3386
3249.389903	86.402	97.9268
3249.756114	86.405	97.4526
3250.122325	86.400	97.0544
3250.488536	86.406	96.6956
3250.854747	86.415	96.2678
3251.220958	86.413	95.8433
3251.587169	86.412	95.4893
3251.953379	86.421	95.1323
3252.319590	86.432	94.7212
3252.685801	86.438	94.2842
3253.052012	86.437	93.8643
3253.418223	86.437	93.4873
3253.784434	86.442	93.1218
3254.150645	86.451	92.7175
3254.516856	86.454	92.2988
3254.883067	86.457	91.8977
3255.249278	86.461	91.4895
3255.615489	86.461	91.0801
3255.981700	86.460	90.7019
3256.347911	86.464	90.3403
3256.714122	86.473	89.9709
3257.080333	86.487	89.5596
3257.446544	86.495	89.0710
3257.812755	86.487	88.5957
3258.178966	86.476	88.2480
3258.545177	86.483	87.9363
3258.911388	86.497	87.5330
3259.277599	86.502	87.0935
3259.643810	86.504	86.6816
3260.010021	86.506	86.2766
3260.376232	86.508	85.8918
3260.742443	86.517	85.5105
3261.108654	86.527	85.0698
3261.474865	86.526	84.6201
3261.841076	86.523	84.2366
3262.207287	86.529	83.8640
3262.573498	86.535	83.4514
3262.939709	86.537	83.0388
3263.305919	86.540	82.6533
3263.672130	86.546	82.2695
3264.038341	86.555	81.8523
3264.404552	86.558	81.4126
3264.770763	86.555	81.0142
3265.136974	86.560	80.6536
3265.503185	86.570	80.2510
3265.869396	86.575	79.8123
3266.235607	86.577	79.3940
3266.601818	86.579	78.9797
3266.968029	86.579	78.5723
3267.334240	86.581	78.1992
3267.700451	86.590	77.8037
3268.066662	86.594	77.3701
3268.432873	86.595	76.9700
3268.799084	86.603	76.5737
3269.165295	86.608	76.1248
3269.531506	86.605	75.6960
3269.897717	86.605	75.3191
3270.263928	86.610	74.9277
3270.630139	86.613	74.5232
3270.996350	86.617	74.1328
3271.362561	86.623	73.7324
3271.728772	86.629	73.3174
3272.094983	86.634	72.8945
3272.461194	86.635	72.4722
3272.827405	86.635	72.0835
3273.193616	86.641	71.7043
3273.559827	86.648	71.2871
3273.926038	86.649	70.8665
3274.292248	86.651	70.4744
3274.658459	86.655	70.0916
3275.024670	86.663	69.7004
3275.390881	86.671	69.2654
3275.757092	86.671	68.8015
3276.123303	86.662	68.4104
3276.489514	86.665	68.0779
3276.855725	86.675	67.6892
3277.221936	86.679	67.2686
3277.588147	86.682	66.8848
3277.954358	86.691	66.4844
3278.320569	86.698	66.0361
3278.686780	86.697	65.6008
3279.052991	86.697	65.1948
3279.419202	86.699	64.7896
3279.785413	86.700	64.3889
3280.151624	86.704	63.9966
3280.517835	86.710	63.5850
3280.884046	86.712	63.1550
3281.250257	86.711	62.7488
3281.616468	86.713	62.3762
3281.982679	86.720	61.9902
3282.348890	86.727	61.5669
3282.715101	86.728	61.1516
3283.081312	86.731	60.7776
3283.447523	86.741	60.3933
3283.813734	86.751	59.9495
3284.179945	86.752	59.4998
3284.546156	86.750	59.1050
3284.912367	86.754	58.7224
3285.278578	86.759	58.3149
3285.644788	86.761	57.9199
3286.010999	86.767	57.5317
3286.377210	86.773	57.1174
3286.743421	86.774	56.7178
3287.109632	86.781	56.3408
3287.475843	86.791	55.9150
3287.842054	86.793	55.4578
3288.208265	86.790	55.0544
3288.574476	86.793	54.6746
3288.940687	86.798	54.2583
3289.306898	86.797	53.8457
3289.673109	86.798	53.4658
3290.039320	86.804	53.0796
3290.405531	86.810	52.6714
3290.771742	86.815	52.2527
3291.137953	86.817	51.8330
3291.504164	86.819	51.4238
3291.870375	86.822	51.0183
3292.236586	86.824	50.6047
3292.602797	86.825	50.2024
3292.969008	86.828	49.8125
3293.335219	86.834	49.4041
3293.701430	86.837	48.9741
3294.067641	86.837	48.5527
3294.433852	86.835	48.1631
3294.800063	86.838	47.7942
3295.166274	86.846	47.4011
3295.532485	86.852	46.9717
3295.898696	86.854	46.5479
3296.264907	86.856	46.1377
3296.631117	86.858	45.7217
3296.997328	86.859	45.3188
3297.363539	86.862	44.9280
3297.729750	86.866	44.5149
3298.095961	86.866	44.1089
3298.462172	86.869	43.7380
3298.828383	86.880	43.3362
3299.194594	86.885	42.8796
3299.560805	86.881	42.4609
3299.927016	86.882	42.1023
3300.293227	86.893	41.7092
3300.659438	86.899	41.2600
3301.025649	86.898	40.8262
3301.391860	86.897	40.4260
3301.758071	86.897	40.0349
3302.124282	86.900	39.6558
3302.490493	86.906	39.2683
3302.856704	86.913	38.8411
3303.222915	86.912	38.4143
3303.589126	86.912	38.0317
3303.955337	86.917	37.6511
3304.321548	86.924	37.2349
3304.687759	86.926	36.8140
3305.053970	86.928	36.4102
3305.420181	86.933	36.0063
3305.786392	86.937	35.5862
3306.152603	86.939	35.1582
3306.518814	86.939	34.7544
3306.885025	86.944	34.3591
3307.251236	86.949	33.9250
3307.617447	86.947	33.4971
3307.983657	86.948	33.1179
3308.349868	86.957	32.7041
3308.716079	86.958	32.2527
3309.082290	86.955	31.8718
3309.448501	86.966	31.4963
3309.814712	86.974	31.0269
3310.180923	86.969	30.5789
3310.547134	86.969	30.2107
3310.913345	86.977	29.8066
3311.279556	86.978	29.3657
3311.645767	86.977	28.9670
3312.011978	86.981	28.5806
3312.378189	86.987	28.1663
3312.744400	86.989	27.7424
3313.110611	86.990	27.3269
3313.476822	86.991	26.9329
3313.843033	86.996	26.5396
3314.209244	87.000	26.1143
3314.575455	87.000	25.6968
3314.941666	87.003	25.3118
3315.307877	87.012	24.8914
3315.674088	87.013	24.4316
3316.040299	87.009	24.0281
3316.406510	87.014	23.6592
3316.772721	87.023	23.2192
3317.138932	87.022	22.7520
3317.505143	87.016	22.3538
3317.871354	87.019	21.9773
3318.237565	87.023	21.5752
3318.603776	87.028	21.1736
3318.969986	87.036	20.7397
3319.336197	87.035	20.2769
3319.702408	87.028	19.8777
3320.068619	87.031	19.5142
3320.434830	87.038	19.0969
3320.801041	87.037	18.6819
3321.167252	87.039	18.3118
3321.533463	87.049	17.9094
3321.899674	87.055	17.4600
3322.265885	87.054	17.0237
3322.632096	87.052	16.6218
3322.998307	87.055	16.2441
3323.364518	87.065	15.8479
3323.730729	87.075	15.3855
3324.096940	87.073	14.9084
3324.463151	87.067	14.4973
3324.829362	87.068	14.1187
3325.195573	87.072	13.7112
3325.561784	87.074	13.3042
3325.927995	87.079	12.9089
3326.294206	87.086	12.4805
3326.660417	87.087	12.0422
3327.026628	87.088	11.6379
3327.392839	87.092	11.2268
3327.759050	87.093	10.8059
3328.125261	87.094	10.4165
3328.491472	87.101	10.0103
3328.857683	87.103	9.5693
3329.223894	87.102	9.1663
3329.590105	87.106	8.7715
3329.956316	87.108	8.3386
3330.322526	87.105	7.9387
3330.688737	87.109	7.5576
3331.054948	87.112	7.1306
3331.421159	87.108	6.7388
3331.787370	87.115	6.3809
3332.153581	87.126	5.9351
3332.519792	87.122	5.4734
3332.886003	87.119	5.0962
3333.252214	87.126	4.6941
3333.618425	87.126	4.2412
3333.984636	87.122	3.8435
3334.350847	87.125	3.4626
3334.717058	87.129	3.0388
3335.083269	87.129	2.6331
3335.449480	87.135	2.2356
3335.815691	87.140	1.7908
3336.181902	87.138	1.3552
3336.548113	87.138	0.9663
3336.914324	87.144	0.5596
3337.280535	87.148	0.1108
3337.646746	87.145	-0.3247
3338.012957	87.143	-0.7197
3338.379168	87.146	-1.1162
3338.745379	87.148	-1.5420
3339.111590	87.145	-1.9409
3339.477801	87.149	-2.3005
3339.844012	87.161	-2.7192
3340.210223	87.164	-3.2029
3340.576434	87.156	-3.6306
3340.942645	87.155	-3.9941
3341.308856	87.160	-4.3755
3341.675066	87.167	-4.7803
3342.041277	87.175	-5.2083
3342.407488	87.178	-5.6707
3342.773699	87.174	-6.1045
3343.139910	87.174	-6.4895
3343.506121	87.180	-6.8960
3343.872332	87.184	-7.3330
3344.238543	87.184	-7.7549
3344.604754	87.185	-8.1643
3344.970965	87.188	-8.5759
3345.337176	87.190	-8.9922
3345.703387	87.191	-9.4084
3346.069598	87.192	-9.8059
3346.435809	87.196	-10.1990
3346.802020	87.200	-10.6121
3347.168231	87.203	-11.0166
3347.534442	87.209	-11.4180
3347.900653	87.214	-11.8635
3348.266864	87.209	-12.2952
3348.633075	87.207	-12.6514
3348.999286	87.217	-13.0269
3349.365497	87.224	-13.4841
3349.731708	87.220	-13.9214
3350.097919	87.219	-14.2957
3350.464130	87.227	-14.7021
3350.830341	87.229	-15.1636
3351.196552	87.222	-15.5869
3351.562763	87.220	-15.9519
3351.928974	87.226	-16.3330
3352.295185	87.233	-16.7639
3352.661395	87.233	-17.2144
3353.027606	87.228	-17.6333
3353.393817	87.227	-18.0012
3353.760028	87.236	-18.3931
3354.126239	87.241	-18.8596
3354.492450	87.234	-19.2905
3354.858661	87.234	-19.6311
3355.224872	87.248	-20.0227
3355.591083	87.255	-20.5039
3355.957294	87.252	-20.9490
3356.323505	87.253	-21.3638
3356.689716	87.253	-21.8101
3357.055927	87.245	-22.2063
3357.422138	87.248	-22.5427
3357.788349	87.261	-22.9487
3358.154560	87.265	-23.4194
3358.520771	87.261	-23.8420
3358.886982	87.262	-24.2207
3359.253193	87.268	-24.6233
3359.619404	87.272	-25.0623
3359.985615	87.271	-25.5015
3360.351826	87.267	-25.8979
3360.718037	87.271	-26.2812
3361.084248	87.276	-26.7205
3361.450459	87.271	-27.1631
3361.816670	87.265	-27.5212
3362.182881	87.273	-27.8760
3362.549092	87.283	-28.3145
3362.915303	87.283	-28.7583
3363.281514	87.284	-29.1599
3363.647725	87.289	-29.5896
3364.013935	87.287	-30.0400
3364.380146	87.281	-30.4336
3364.746357	87.285	-30.7976
3365.112568	87.294	-31.2141
3365.478779	87.296	-31.6658
3365.844990	87.294	-32.0864
3366.211201	87.295	-32.4844
3366.577412	87.297	-32.8901
3366.943623	87.299	-33.2808
3367.309834	87.306	-33.6716
3367.676045	87.315	-34.1189
3368.042256	87.314	-34.5752
3368.408467	87.312	-34.9773
3368.774678	87.318	-35.3953
3369.140889	87.316	-35.8525
3369.507100	87.309	-36.2490
3369.873311	87.312	-36.6084
3370.239522	87.319	-37.0354
3370.605733	87.315	-37.4722
3370.971944	87.312	-37.8430
3371.338155	87.319	-38.2229
3371.704366	87.324	-38.6567
3372.070577	87.323	-39.0874
3372.436788	87.323	-39.4980
3372.802999	87.323	-39.9131
3373.169210	87.321	-40.3188
3373.535421	87.321	-40.6917
3373.901632	87.328	-41.0635
3374.267843	87.340	-41.4954
3374.634054	87.344	-41.9746
3375.000264	87.339	-42.4231
3375.366475	87.337	-42.8289
3375.732686	87.338	-43.2424
3376.098897	87.338	-43.6665
3376.465108	87.337	-44.0786
3376.831319	87.338	-44.4856
3377.197530	87.338	-44.8879
3377.563741	87.340	-45.2874
3377.929952	87.343	-45.7024
3378.296163	87.343	-46.1191
3378.662374	87.344	-46.5168
3379.028585	87.346	-46.9163
3379.394796	87.348	-47.3105
3379.761007	87.356	-47.6982
3380.127218	87.366	-48.1494
3380.493429	87.363	-48.6348
3380.859640	87.355	-49.0251
3381.225851	87.361	-49.3853
3381.592062	87.368	-49.8398
3381.958273	87.362	-50.2766
3382.324484	87.362	-50.6328
3382.690695	87.372	-51.0566
3383.056906	87.370	-51.5271
3383.423117	87.363	-51.9045
3383.789328	87.369	-52.2700
3384.155539	87.375	-52.7070
3384.521750	87.373	-53.1213
3384.887961	87.378	-53.5115
3385.254172	87.382	-53.9502
3385.620383	87.379	-54.3733
3385.986594	87.381	-54.7466
3386.352804	87.389	-55.1636
3386.719015	87.390	-55.6218
3387.085226	87.386	-56.0295
3387.451437	87.388	-56.4072
3387.817648	87.393	-56.8210
3388.183859	87.394	-57.2432
3388.550070	87.396	-57.6462
3388.916281	87.401	-58.0640
3389.282492	87.404	-58.4993
3389.648703	87.405	-58.9351
3390.014914	87.404	-59.3811
3390.381125	87.398	-59.8115
3390.747336	87.393	-60.1934
3391.113547	87.395	-60.5642
3391.479758	87.399	-60.9612
3391.845969	87.404	-61.3774
3392.212180	87.407	-61.8098
3392.578391	87.406	-62.2378
3392.944602	87.407	-62.6409
3393.310813	87.412	-63.0593
3393.677024	87.413	-63.5088
3394.043235	87.409	-63.9324
3394.409446	87.409	-64.3188
3394.775657	87.414	-64.7190
3395.141868	87.418	-65.1538
3395.508079	87.418	-65.5947
3395.874290	87.416	-66.0039
3396.240501	87.418	-66.3970
3396.606712	87.424	-66.8301
3396.972923	87.421	-67.2815
3397.339134	87.415	-67.6804
3397.705344	87.415	-68.0374
3398.071555	87.424	-68.4175
3398.437766	87.433	-68.8545
3398.803977	87.434	-69.3213
3399.170188	87.429	-69.7446
3399.536399	87.429	-70.1282
3399.902610	87.433	-70.5530
3400.268821	87.429	-70.9846
3400.635032	87.425	-71.3430
3401.001243	87.435	-71.7134
3401.367454	87.443	-72.1658
3401.733665	87.441	-72.6021
3402.099876	87.443	-73.0007
3402.466087	87.449	-73.4509
3402.832298	87.443	-73.9082
3403.198509	87.437	-74.2871
3403.564720	87.442	-74.6592
3403.930931	87.448	-75.1003
3404.297142	87.444	-75.5481
3404.663353	87.438	-75.9336
3405.029564	87.442	-76.2996
3405.395775	87.450	-76.7219
3405.761986	87.450	-77.1780
3406.128197	87.446	-77.5894
3406.494408	87.447	-77.9734
3406.860619	87.452	-78.3921
3407.226830	87.453	-78.8276
3407.593041	87.453	-79.2603
3407.959252	87.450	-79.6912
3408.325463	87.445	-80.0793
3408.691673	87.449	-80.4478
3409.057884	87.456	-80.8821
3409.424095	87.454	-81.3369
3409.790306	87.450	-81.7288
3410.156517	87.455	-82.1226
3410.522728	87.459	-82.5686
3410.888939	87.455	-82.9993
3411.255150	87.454	-83.3943
3411.621361	87.456	-83.7966
3411.987572	87.458	-84.2100
3412.353783	87.459	-84.6221
3412.719994	87.460	-85.0222
3413.086205	87.463	-85.4036
3413.452416	87.472	-85.8052
3413.818627	87.480	-86.2627
3414.184838	87.478	-86.7256
3414.551049	87.474	-87.1316
3414.917260	87.476	-87.5129
3415.283471	87.483	-87.9355
3415.649682	87.485	-88.3845
3416.015893	87.484	-88.8147
3416.382104	87.483	-89.2466
3416.748315	87.477	-89.6792
3417.114526	87.469	-90.0476
3417.480737	87.473	-90.3887
3417.846948	87.483	-90.8079
3418.213159	87.482	-91.2566
3418.579370	87.479	-91.6455
3418.945581	87.484	-92.0408
3419.311792	87.487	-92.4861
3419.678003	87.483	-92.9058
3420.044213	87.484	-93.2949
3420.410424	87.487	-93.7097
3420.776635	87.489	-94.1335
3421.142846	87.491	-94.5520
3421.509057	87.492	-94.9915
3421.875268	87.489	-95.4253
3422.241479	87.486	-95.8230
3422.607690	87.489	-96.2239
3422.973901	87.491	-96.6489
3423.340112	87.491	-97.0737
3423.706323	87.491	-97.5010
3424.072534	87.487	-97.9280
3424.438745	87.482	-98.3137
3424.804956	87.486	-98.6809
3425.171167	87.493	-99.1040
3425.537378	87.492	-99.5535
3425.903589	87.487	-99.9482
3426.269800	87.492	-100.3237
3426.636011	87.499	-100.7563
3427.002222	87.498	-101.2148
3427.368433	87.493	-101.6338
3427.734644	87.491	-102.0217
3428.100855	87.493	-102.4177
3428.467066	87.496	-102.8296
3428.833277	87.498	-103.2507
3429.199488	87.498	-103.6777
3429.565699	87.497	-104.0974
3429.931910	87.496	-104.4956
3430.298121	87.500	-104.8945
3430.664332	87.505	-105.3389
3431.030542	87.502	-105.8035
3431.396753	87.493	-106.2031
3431.762964	87.495	-106.5554
3432.129175	87.505	-106.9722
3432.495386	87.505	-107.4360
3432.861597	87.501	-107.8469
3433.227808	87.504	-108.2461
3433.594019	87.506	-108.6841
3433.960230	87.503	-109.0920
3434.326441	87.508	-109.4922
3434.692652	87.511	-109.9500
3435.058863	87.506	-110.3826
3435.425074	87.506	-110.7739
3435.791285	87.507	-111.2087
3436.157496	87.500	-111.6140
3436.523707	87.502	-111.9541
3436.889918	87.515	-112.3784
3437.256129	87.513	-112.8660
3437.622340	87.505	-113.2646
3437.988551	87.508	-113.6375
3438.354762	87.514	-114.0840
3438.720973	87.510	-114.5332
3439.087184	87.505	-114.9373
3439.453395	87.504	-115.3350
3439.819606	87.504	-115.7422
3440.185817	87.505	-116.1460
3440.552028	87.507	-116.5510
3440.918239	87.511	-116.9922
3441.284450	87.507	-117.4529
3441.650661	87.499	-117.8582
3442.016872	87.499	-118.2407
3442.383082	87.499	-118.6731
3442.749293	87.491	-119.0789
3443.115504	87.490	-119.4236
3443.481715	87.499	-119.8286
3443.847926	87.499	-120.2837
3444.214137	87.495	-120.6821
3444.580348	87.501	-121.0891
3444.946559	87.501	-121.5564
3445.312770	87.492	-121.9695
3445.678981	87.494	-122.3271
3446.045192	87.504	-122.7576
3446.411403	87.505	-123.2437
3446.777614	87.499	-123.6943
3447.143825	87.493	-124.1199
3447.510036	87.487	-124.5286
3447.876247	87.485	-124.9031
3448.242458	87.490	-125.2986
3448.608669	87.493	-125.7466
3448.974880	87.490	-126.1855
3449.341091	87.489	-126.5979
3449.707302	87.488	-127.0239
3450.073513	87.484	-127.4370
3450.439724	87.483	-127.8091
3450.805935	87.492	-128.2166
3451.172146	87.495	-128.6941
3451.538357	87.486	-129.1382
3451.904568	87.482	-129.5076
3452.270779	87.487	-129.9009
3452.636990	87.490	-130.3538
3453.003201	87.485	-130.7925
3453.369411	87.480	-131.1858
3453.735622	87.482	-131.5735
3454.101833	87.486	-131.9956
3454.468044	87.486	-132.4563
3454.834255	87.477	-132.8977
3455.200466	87.469	-133.2681
3455.566677	87.471	-133.6211
3455.932888	87.478	-134.0312
3456.299099	87.481	-134.4758
3456.665310	87.480	-134.9143
3457.031521	87.477	-135.3530
3457.397732	87.472	-135.7754
3457.763943	87.470	-136.1731
3458.130154	87.471	-136.5896
3458.496365	87.469	-137.0168
3458.862576	87.467	-137.4207
3459.228787	87.468	-137.8311
3459.594998	87.468	-138.2490
3459.961209	87.470	-138.6606
3460.327420	87.473	-139.1189
3460.693631	87.465	-139.5815
3461.059842	87.457	-139.9548
3461.426053	87.461	-140.3298
3461.792264	87.463	-140.7754
3462.158475	87.457	-141.1765
3462.524686	87.461	-141.5371
3462.890897	87.471	-141.9758
3463.257108	87.470	-142.4509
3463.623319	87.464	-142.8748
3463.989530	87.463	-143.2705
3464.355741	87.464	-143.6755
3464.721951	87.467	-144.1045
3465.088162	87.465	-144.5474
3465.454373	87.461	-144.9705
3465.820584	87.458	-145.3816
3466.186795	87.454	-145.7866
3466.553006	87.452	-146.1643
3466.919217	87.456	-146.5596
3467.285428	87.458	-147.0039
3467.651639	87.454	-147.4309
3468.017850	87.453	-147.8352
3468.384061	87.453	-148.2668
3468.750272	87.449	-148.6875
3469.116483	87.447	-149.0830
3469.482694	87.447	-149.5024
3469.848905	87.444	-149.9146
3470.215116	87.446	-150.3071
3470.581327	87.451	-150.7517
3470.947538	87.447	-151.2119
3471.313749	87.441	-151.6206
3471.679960	87.440	-152.0293
3472.046171	87.438	-152.4458
3472.412382	87.438	-152.8413
3472.778593	87.442	-153.2671
3473.144804	87.441	-153.7095
3473.511015	87.442	-154.1370
3473.877226	87.441	-154.6045
3474.243437	87.429	-155.0527
3474.609648	87.421	-155.4043
3474.975859	87.427	-155.7822
3475.342070	87.427	-156.2271
3475.708281	87.423	-156.6279
3476.074491	87.425	-157.0220
3476.440702	87.426	-157.4583
3476.806913	87.422	-157.8660
3477.173124	87.424	-158.2678
3477.539335	87.425	-158.7024
3477.905546	87.422	-159.1157
3478.271757	87.424	-159.5264
3478.637968	87.424	-159.9675
3479.004179	87.420	-160.4033
3479.370390	87.416	-160.8306
3479.736601	87.409	-161.2256
3480.102812	87.411	-161.5874
3480.469023	87.421	-162.0383
3480.835234	87.414	-162.5530
3481.201445	87.396	-162.9485
3481.567656	87.395	-163.2754
3481.933867	87.401	-163.6785
3482.300078	87.402	-164.1099
3482.666289	87.402	-164.5344
3483.032500	87.399	-164.9749
3483.398711	87.394	-165.3777
3483.764922	87.395	-165.7676
3484.131133	87.397	-166.2087
3484.497344	87.392	-166.6277
3484.863555	87.394	-167.0173
3485.229766	87.398	-167.4741
3485.595977	87.391	-167.9375
3485.962188	87.383	-168.3232
3486.328399	87.386	-168.7197
3486.694610	87.386	-169.1721
3487.060820	87.379	-169.6013
3487.427031	87.376	-169.9893
3487.793242	87.377	-170.3943
3488.159453	87.377	-170.8350
3488.525664	87.371	-171.2622
3488.891875	87.367	-171.6426
3489.258086	87.370	-172.0356
3489.624297	87.372	-172.4775
3489.990508	87.367	-172.9001
3490.356719	87.365	-173.2878
3490.722930	87.368	-173.7041
3491.089141	87.366	-174.1362
3491.455352	87.363	-174.5400
3491.821563	87.365	-174.9441
3492.187774	87.366	-175.3762
3492.553985	87.363	-175.8113
3492.920196	87.359	-176.2229
3493.286407	87.357	-176.6238
3493.652618	87.358	-177.0386
3494.018829	87.356	-177.4631
3494.385040	87.354	-177.8867
3494.751251	87.351	-178.3167
3495.117462	87.345	-178.7307
3495.483673	87.341	-179.1099
3495.849884	87.345	-179.5098
3496.216095	87.345	-179.9585
3496.582306	87.340	179.6084
3496.948517	87.337	179.2046
3497.314728	87.336	178.7783
3497.680939	87.331	178.3467
3498.047150	87.327	177.9438
3498.413360	87.327	177.5288
3498.779571	87.325	177.0918
3499.145782	87.321	176.6660
3499.511993	87.317	176.2417
3499.878204	87.310	175.8276
3500.244415	87.304	175.4507
3500.610626	87.305	175.0669
3500.976837	87.306	174.6533
3501.343048	87.305	174.2500
3501.709259	87.307	173.8442
3502.075470	87.308	173.4116
3502.441681	87.305	172.9795
3502.807892	87.302	172.5532
3503.174103	87.296	172.1431
3503.540314	87.293	171.7651
3503.906525	87.297	171.3662
3504.272736	87.297	170.9189
3504.638947	87.291	170.4888
3505.005158	87.287	170.1001
3505.371369	87.289	169.7073
3505.737580	87.294	169.2646
3506.103791	87.290	168.7861
3506.470002	87.279	168.3564
3506.836213	87.275	167.9758
3507.202424	87.276	167.5461
3507.568635	87.268	167.1021
3507.934846	87.260	166.7292
3508.301057	87.264	166.3552
3508.667268	87.268	165.9138
3509.033479	87.264	165.4646
3509.399689	87.259	165.0471
3509.765900	87.255	164.6487
3510.132111	87.255	164.2556
3510.498322	87.258	163.8430
3510.864533	87.258	163.4041
3511.230744	87.255	162.9739
3511.596955	87.252	162.5618
3511.963166	87.250	162.1477
3512.329377	87.248	161.7336
3512.695588	87.246	161.3220
3513.061799	87.244	160.9001
3513.428010	87.240	160.4783
3513.794221	87.234	160.0808
3514.160432	87.232	159.6907
3514.526643	87.231	159.2786
3514.892854	87.226	158.8640
3515.259065	87.222	158.4812
3515.625276	87.223	158.0974
3515.991487	87.225	157.6682
3516.357698	87.220	157.2278
3516.723909	87.213	156.8284
3517.090120	87.212	156.4451
3517.456331	87.214	156.0261
3517.822542	87.212	155.5828
3518.188753	87.205	155.1565
3518.554964	87.200	154.7620
3518.921175	87.200	154.3674
3519.287386	87.202	153.9299
3519.653597	87.197	153.4780
3520.019808	87.189	153.0681
3520.386019	87.188	152.6672
3520.752229	87.187	152.2295
3521.118440	87.180	151.8008
3521.484651	87.175	151.4060
3521.850862	87.175	150.9995
3522.217073	87.173	150.5659
3522.583284	87.167	150.1367
3522.949495	87.161	149.7324
3523.315706	87.157	149.3472
3523.681917	87.158	148.9561
3524.048128	87.159	148.5332
3524.414339	87.155	148.1040
3524.780550	87.150	147.7139
3525.146761	87.153	147.3315
3525.512972	87.159	146.8862
3525.879183	87.154	146.4150
3526.245394	87.144	146.0107
3526.611605	87.143	145.6353
3526.977816	87.146	145.2075
3527.344027	87.142	144.7603
3527.710238	87.135	144.3389
3528.076449	87.128	143.9312
3528.442660	87.122	143.5557
3528.808871	87.124	143.1938
3529.175082	87.130	142.7632
3529.541293	87.126	142.2935
3529.907504	87.115	141.8862
3530.273715	87.112	141.5151
3530.639926	87.113	141.1113
3531.006137	87.112	140.6851
3531.372348	87.107	140.2622
3531.738559	87.102	139.8545
3532.104769	87.099	139.4604
3532.470980	87.098	139.0488
3532.837191	87.093	138.6230
3533.203402	87.087	138.2217
3533.569613	87.084	137.8401
3533.935824	87.085	137.4399
3534.302035	87.085	137.0073
3534.668246	87.080	136.5632
3535.034457	87.071	136.1575
3535.400668	87.068	135.7783
3535.766879	87.068	135.3579
3536.133090	87.060	134.9280
3536.499301	87.052	134.5598
3536.865512	87.055	134.1978
3537.231723	87.061	133.7585
3537.597934	87.057	133.2878
3537.964145	87.046	132.8738
3538.330356	87.044	132.4929
3538.696567	87.044	132.0637
3539.062778	87.038	131.6213
3539.428989	87.031	131.2312
3539.795200	87.032	130.8152
3540.161411	87.025	130.3479
3540.527622	87.010	129.9617
3540.893833	87.008	129.6311
3541.260044	87.014	129.2078
3541.626255	87.006	128.7688
3541.992466	87.000	128.4207
3542.358677	87.009	128.0315
3542.724888	87.009	127.5447
3543.091098	86.995	127.1204
3543.457309	86.991	126.7800
3543.823520	86.999	126.3743
3544.189731	86.996	125.9021
3544.555942	86.984	125.4890
3544.922153	86.980	125.1321
3545.288364	86.984	124.7249
3545.654575	86.979	124.2776
3546.020786	86.969	123.8879
3546.386997	86.968	123.5312
3546.753208	86.972	123.1179
3547.119419	86.968	122.6873
3547.485630	86.965	122.2996
3547.851841	86.969	121.8740
3548.218052	86.963	121.3918
3548.584263	86.947	120.9827
3548.950474	86.941	120.6523
3549.316685	86.947	120.2656
3549.682896	86.947	119.8103
3550.049107	86.940	119.3721
3550.415318	86.931	118.9634
3550.781529	86.923	118.5771
3551.147740	86.919	118.2236
3551.513951	86.924	117.8477
3551.880162	86.927	117.3989
3552.246373	86.920	116.9453
3552.612584	86.910	116.5601
3552.978795	86.909	116.1904
3553.345006	86.910	115.7700
3553.711217	86.903	115.3403
3554.077428	86.895	114.9595
3554.443638	86.895	114.5845
3554.809849	86.895	114.1641
3555.176060	86.888	113.7471
3555.542271	86.882	113.3721
3555.908482	86.883	112.9761
3556.274693	86.879	112.5454
3556.640904	86.870	112.1587
3557.007115	86.869	111.7891
3557.373326	86.870	111.3652
3557.739537	86.862	110.9531
3558.105748	86.860	110.5825
3558.471959	86.864	110.1577
3558.838170	86.858	109.6978
3559.204381	86.849	109.2920
3559.570592	86.845	108.9004
3559.936803	86.841	108.4907
3560.303014	86.837	108.0928
3560.669225	86.835	107.6812
3561.035436	86.831	107.2534
3561.401647	86.826	106.8477
3561.767858	86.823	106.4285
3562.134069	86.814	106.0044
3562.500280	86.805	105.6411
3562.866491	86.808	105.2629
3563.232702	86.806	104.8079
3563.598913	86.791	104.4072
3563.965124	86.787	104.0876
3564.331335	86.793	103.7009
3564.697546	86.791	103.2629
3565.063757	86.787	102.8682
3565.429967	86.788	102.4485
3565.796178	86.780	101.9988
3566.162389	86.768	101.6213
3566.528600	86.768	101.2615
3566.894811	86.768	100.8318
3567.261022	86.758	100.4109
3567.627233	86.750	100.0486
3567.993444	86.751	99.6770
3568.359655	86.751	99.2581
3568.725866	86.746	98.8313
3569.092077	86.740	98.4358
3569.458288	86.739	98.0413
3569.824499	86.737	97.6057
3570.190710	86.727	97.1780
3570.556921	86.718	96.7952
3570.923132	86.712	96.4177
3571.289343	86.707	96.0530
3571.655554	86.708	95.6960
3572.021765	86.713	95.2839
3572.387976	86.710	94.8450
3572.754187	86.705	94.4270
3573.120398	86.698	94.0042
3573.486609	86.687	93.6121
3573.852820	86.683	93.2566
3574.219031	86.683	92.8450
3574.585242	86.673	92.4175
3574.951453	86.663	92.0593
3575.317664	86.662	91.6917
3575.683875	86.659	91.2778
3576.050086	86.652	90.8887
3576.416297	86.650	90.4988
3576.782507	86.645	90.0798
3577.148718	86.637	89.6865
3577.514929	86.634	89.2983
3577.881140	86.628	88.8806
3578.247351	86.618	88.4995
3578.613562	86.617	88.1514
3578.979773	86.621	87.7358
3579.345984	86.615	87.2861
3579.712195	86.605	86.8984
3580.078406	86.604	86.5132
3580.444617	86.599	86.0757
3580.810828	86.587	85.6792
3581.177039	86.583	85.3306
3581.543250	86.584	84.9253
3581.909461	86.576	84.4941
3582.275672	86.565	84.1216
3582.641883	86.562	83.7627
3583.008094	86.559	83.3716
3583.374305	86.554	82.9810
3583.740516	86.550	82.6060
3584.106727	86.549	82.2178
3584.472938	86.547	81.7959
3584.839149	86.538	81.3711
3585.205360	86.527	80.9985
3585.571571	86.523	80.6479
3585.937782	86.524	80.2441
3586.303993	86.516	79.8203
3586.670204	86.507	79.4458
3587.036415	86.505	79.0771
3587.402626	86.503	78.6567
3587.768836	86.493	78.2422
3588.135047	86.485	77.8843
3588.501258	86.486	77.5103
3588.867469	86.485	77.0732
3589.233680	86.476	76.6362
3589.599891	86.464	76.2441
3589.966102	86.456	75.8738
3590.332313	86.450	75.5083
3590.698524	86.448	75.1323
3591.064735	86.446	74.7366
3591.430946	86.443	74.3342
3591.797157	86.438	73.9248
3592.163368	86.431	73.5159
3592.529579	86.424	73.1335
3592.895790	86.420	72.7493
3593.262001	86.415	72.3396
3593.628212	86.406	71.9480
3593.994423	86.400	71.5769
3594.360634	86.395	71.1970
3594.726845	86.390	70.8293
3595.093056	86.389	70.4558
3595.459267	86.388	70.0442
3595.825478	86.381	69.6428
3596.191689	86.377	69.2615
3596.557900	86.374	68.8455
3596.924111	86.364	68.4397
3597.290322	86.356	68.0833
3597.656533	86.355	67.7053
3598.022744	86.350	67.3035
3598.388955	86.346	66.9197
3598.755166	86.343	66.5090
3599.121376	86.331	66.0930
3599.487587	86.320	65.7463
3599.853798	86.318	65.3948
3600.220009	86.314	64.9993
3600.586220	86.308	64.6404
3600.952431	86.311	64.2644
3601.318642	86.308	63.8123
3601.684853	86.292	63.4153
3602.051064	86.286	63.0891
3602.417275	86.288	62.6951
3602.783486	86.280	62.2700
3603.149697	86.270	61.9041
3603.515908	86.268	61.5266
3603.882119	86.261	61.1162
3604.248330	86.250	60.7480
3604.614541	86.248	60.4011
3604.980752	86.249	59.9990
3605.346963	86.242	59.5645
3605.713174	86.230	59.1831
3606.079385	86.226	58.8342
3606.445596	86.225	58.4297
3606.811807	86.215	58.0142
3607.178018	86.207	57.6724
3607.544229	86.210	57.3086
3607.910440	86.209	56.8564
3608.276651	86.195	56.4429
3608.642862	86.187	56.1025
3609.009073	86.188	55.7256
3609.375284	86.184	55.3037
3609.741495	86.173	54.9111
3610.107706	86.165	54.5518
3610.473916	86.161	54.1919
3610.840127	86.157	53.8247
3611.206338	86.154	53.4629
3611.572549	86.155	53.0815
3611.938760	86.152	52.6558
3612.304971	86.141	52.2578
3612.671182	86.134	51.9214
3613.037393	86.136	51.5430
3613.403604	86.130	51.1260
3613.769815	86.122	50.7666
3614.136026	86.124	50.3848
3614.502237	86.117	49.9365
3614.868448	86.101	49.5649
3615.234659	86.099	49.2378
3615.600870	86.100	48.8052
3615.967081	86.082	48.3882
3616.333292	86.071	48.0996
3616.699503	86.078	47.7546
3617.065714	86.076	47.2998
3617.431925	86.060	46.9233
3617.798136	86.058	46.6035
3618.164347	86.059	46.1956
3618.530558	86.048	45.8013
3618.896769	86.044	45.4922
3619.262980	86.052	45.1052
3619.629191	86.047	44.6423
3619.995402	86.033	44.2710
3620.361613	86.032	43.9346
3620.727824	86.031	43.5215
3621.094035	86.021	43.1240
3621.460245	86.016	42.7754
3621.826456	86.015	42.3877
3622.192667	86.006	41.9902
3622.558878	85.999	41.6475
3622.925089	85.999	41.2979
3623.291300	86.000	40.8955
3623.657511	85.995	40.4814
3624.023722	85.987	40.0811
3624.389933	85.976	39.6934
3624.756144	85.964	39.3447
3625.122355	85.959	39.0352
3625.488566	85.964	38.6875
3625.854777	85.966	38.2637
3626.220988	85.956	37.8496
3626.587199	85.947	37.4883
3626.953410	85.943	37.1230
3627.319621	85.937	36.7432
3627.685832	85.931	36.3799
3628.052043	85.927	36.0166
3628.418254	85.924	35.6426
3628.784465	85.920	35.2686
3629.150676	85.917	34.8799
3629.516887	85.911	34.4814
3629.883098	85.901	34.1074
3630.249309	85.893	33.7646
3630.615520	85.891	33.4199
3630.981731	85.891	33.0444
3631.347942	85.888	32.6494
3631.714153	85.882	32.2686
3632.080364	85.878	31.8975
3632.446575	85.874	31.5205
3632.812785	85.871	31.1377
3633.178996	85.867	30.7358
3633.545207	85.857	30.3462
3633.911418	85.850	30.0093
3634.277629	85.853	29.6416
3634.643840	85.849	29.2017
3635.010051	85.833	28.8237
3635.376262	85.827	28.5142
3635.742473	85.829	28.1343
3636.108684	85.819	27.7407
3636.474895	85.812	27.4253
3636.841106	85.817	27.0752
3637.207317	85.816	26.6528
3637.573528	85.806	26.2690
3637.939739	85.801	25.9180
3638.305950	85.798	25.5479
3638.672161	85.793	25.1865
3639.038372	85.794	24.8145
3639.404583	85.791	24.3965
3639.770794	85.780	23.9917
3640.137005	85.770	23.6387
3640.503216	85.765	23.2905
3640.869427	85.760	22.9214
3641.235638	85.754	22.5566
3641.601849	85.749	22.2041
3641.968060	85.746	21.8423
3642.334271	85.743	21.4653
3642.700482	85.738	21.0898
3643.066693	85.733	20.7256
3643.432904	85.730	20.3682
3643.799114	85.730	19.9966
3644.165325	85.729	19.5894
3644.531536	85.719	19.1807
3644.897747	85.707	18.8340
3645.263958	85.704	18.5215
3645.630169	85.707	18.1582
3645.996380	85.703	17.7578
3646.362591	85.695	17.3994
3646.728802	85.694	17.0630
3647.095013	85.695	16.6812
3647.461224	85.690	16.2832
3647.827435	85.684	15.9150
3648.193646	85.680	15.5405
3648.559857	85.672	15.1514
3648.926068	85.660	14.8086
3649.292279	85.657	14.4980
3649.658490	85.660	14.1348
3650.024701	85.656	13.7256
3650.390912	85.644	13.3701
3650.757123	85.642	13.0586
3651.123334	85.646	12.6797
3651.489545	85.641	12.2588
3651.855756	85.631	11.9004
3652.221967	85.629	11.5498
3652.588178	85.625	11.1572
3652.954389	85.617	10.7988
3653.320600	85.616	10.4570
3653.686811	85.614	10.0703
3654.053022	85.607	9.7061
3654.419233	85.606	9.3594
3654.785444	85.605	8.9736
3655.151654	85.599	8.6123
3655.517865	85.600	8.2666
3655.884076	85.599	7.8643
3656.250287	85.590	7.4883
3656.616498	85.587	7.1631
3656.982709	85.588	6.7803
3657.348920	85.578	6.3994
3657.715131	85.573	6.0947
3658.081342	85.579	5.7402
3658.447553	85.576	5.3208
3658.813764	85.565	4.9575
3659.179975	85.561	4.6201
3659.546186	85.556	4.2505
3659.912397	85.548	3.9097
3660.278608	85.547	3.5918
3660.644819	85.550	3.2144
3661.011030	85.544	2.8091
3661.377241	85.534	2.4609
3661.743452	85.531	2.1445
3662.109663	85.535	1.7769
3662.475874	85.534	1.3628
3662.842085	85.525	0.9736
3663.208296	85.518	0.6255
3663.574507	85.516	0.2656
3663.940718	85.511	-0.1104
3664.306929	85.505	-0.4526
3664.673140	85.507	-0.7925
3665.039351	85.509	-1.1978
3665.405562	85.499	-1.6040
3665.771773	85.489	-1.9307
3666.137984	85.489	-2.2441
3666.504194	85.490	-2.6035
3666.870405	85.489	-2.9600
3667.236616	85.491	-3.3203
3667.602827	85.491	-3.7241
3667.969038	85.482	-4.1084
3668.335249	85.475	-4.4321
3668.701460	85.476	-4.7656
3669.067671	85.476	-5.1436
3669.433882	85.472	-5.5215
3669.800093	85.467	-5.8789
3670.166304	85.463	-6.2344
3670.532515	85.459	-6.5986
3670.898726	85.454	-6.9526
3671.264937	85.451	-7.2832
3671.631148	85.453	-7.6353
3671.997359	85.453	-8.0371
3672.363570	85.444	-8.4277
3672.729781	85.436	-8.7637
3673.095992	85.435	-9.0923
3673.462203	85.437	-9.4609
3673.828414	85.434	-9.8574
3674.194625	85.425	-10.2275
3674.560836	85.420	-10.5479
3674.927047	85.423	-10.8857
3675.293258	85.423	-11.2783
3675.659469	85.416	-11.6528
3676.025680	85.412	-11.9912
3676.391891	85.411	-12.3535
3676.758102	85.406	-12.7231
3677.124313	85.400	-13.0615
3677.490523	85.398	-13.3896
3677.856734	85.400	-13.7295
3678.222945	85.403	-14.1050
3678.589156	85.399	-14.5166
3678.955367	85.386	-14.8784
3679.321578	85.381	-15.1616
3679.687789	85.389	-15.4800
3680.054000	85.395	-15.8872
3680.420211	85.389	-16.2979
3680.786422	85.382	-16.6597
3681.152633	85.379	-17.0117
3681.518844	85.376	-17.3750
3681.885055	85.372	-17.7300
3682.251266	85.370	-18.0825
3682.617477	85.367	-18.4438
3682.983688	85.364	-18.7886
3683.349899	85.365	-19.1240
3683.716110	85.368	-19.5029
3684.082321	85.365	-19.9102
3684.448532	85.354	-20.2764
3684.814743	85.347	-20.5864
3685.180954	85.347	-20.8843
3685.547165	85.354	-21.2231
3685.913376	85.357	-21.6094
3686.279587	85.354	-21.9927
3686.645798	85.350	-22.3521
3687.012009	85.346	-22.7046
3687.378220	85.343	-23.0400
3687.744431	85.346	-23.3828
3688.110642	85.348	-23.7764
3688.476853	85.342	-24.1694
3688.843063	85.336	-24.5229
3689.209274	85.332	-24.8862
3689.575485	85.325	-25.2407
3689.941696	85.321	-25.5454
3690.307907	85.326	-25.8804
3690.674118	85.328	-26.2803
3691.040329	85.321	-26.6528
3691.406540	85.319	-26.9834
3691.772751	85.321	-27.3481
3692.138962	85.318	-27.7290
3692.505173	85.314	-28.0664
3692.871384	85.317	-28.4092
3693.237595	85.318	-28.8066
3693.603806	85.309	-29.1729
3693.970017	85.306	-29.4624
3694.336228	85.315	-29.7915
3694.702439	85.320	-30.2012
3695.068650	85.315	-30.5874
3695.434861	85.312	-30.9321
3695.801072	85.312	-31.2935
3696.167283	85.308	-31.6489
3696.533494	85.306	-31.9805
3696.899705	85.307	-32.3276
3697.265916	85.307	-32.6870
3697.632127	85.306	-33.0376
3697.998338	85.306	-33.3931
3698.364549	85.305	-33.7510
3698.730760	85.305	-34.1016
3699.096971	85.306	-34.4678
3699.463182	85.304	-34.8545
3699.829392	85.297	-35.2207
3700.195603	85.293	-35.5498
3700.561814	85.293	-35.8848
3700.928025	85.294	-36.2432
3701.294236	85.292	-36.5957
3701.660447	85.293	-36.9517
3702.026658	85.290	-37.3208
3702.392869	85.287	-37.6567
3702.759080	85.290	-37.9893
3703.125291	85.292	-38.3828
3703.491502	85.283	-38.7505
3703.857713	85.281	-39.0400
3704.223924	85.290	-39.3789
3704.590135	85.293	-39.7998
3704.956346	85.284	-40.1875
3705.322557	85.275	-40.5103
3705.688768	85.273	-40.8062
3706.054979	85.280	-41.1250
3706.421190	85.286	-41.5151
3706.787401	85.279	-41.9038
3707.153612	85.275	-42.2144
3707.519823	85.282	-42.5527
3707.886034	85.283	-42.9619
3708.252245	85.275	-43.3252
3708.618456	85.273	-43.6519
3708.984667	85.274	-44.0190
3709.350878	85.268	-44.3765
3709.717089	85.266	-44.7012
3710.083300	85.267	-45.0317
3710.449511	85.269	-45.3589
3710.815722	85.277	-45.7134
3711.181932	85.281	-46.1206
3711.548143	85.277	-46.5083
3711.914354	85.275	-46.8618
3712.280565	85.274	-47.2246
3712.646776	85.273	-47.5645
3713.012987	85.279	-47.9111
3713.379198	85.281	-48.3296
3713.745409	85.270	-48.7095
3714.111620	85.266	-48.9873
3714.477831	85.276	-49.3101
3714.844042	85.281	-49.7192
3715.210253	85.275	-50.1011
3715.576464	85.271	-50.4448
3715.942675	85.269	-50.7861
3716.308886	85.268	-51.1060
3716.675097	85.272	-51.4331
3717.041308	85.277	-51.8042
3717.407519	85.277	-52.1826
3717.773730	85.275	-52.5444
3718.139941	85.272	-52.8994
3718.506152	85.271	-53.2451
3718.872363	85.270	-53.5928
3719.238574	85.268	-53.9458
3719.604785	85.266	-54.2861
3719.970996	85.265	-54.6191
3720.337207	85.266	-54.9580
3720.703418	85.267	-55.2920
3721.069629	85.271	-55.6445
3721.435840	85.271	-56.0288
3721.802051	85.265	-56.3872
3722.168261	85.263	-56.7051
3722.534472	85.266	-57.0439
3722.900683	85.265	-57.4082
3723.266894	85.262	-57.7515
3723.633105	85.262	-58.0781
3723.999316	85.266	-58.4199
3724.365527	85.268	-58.7856
3724.731738	85.266	-59.1528
3725.097949	85.264	-59.4980
3725.464160	85.264	-59.8452
3725.830371	85.261	-60.1973
3726.196582	85.259	-60.5034
3726.562793	85.268	-60.8066
3726.929004	85.280	-61.2056
3727.295215	85.277	-61.6362
3727.661426	85.268	-61.9839
3728.027637	85.268	-62.2974
3728.393848	85.272	-62.6479
3728.760059	85.273	-63.0015
3729.126270	85.276	-63.3467
3729.492481	85.279	-63.7197
3729.858692	85.278	-64.0996
3730.224903	85.276	-64.4531
3730.591114	85.275	-64.7993
3730.957325	85.273	-65.1392
3731.323536	85.275	-65.4609
3731.689747	85.282	-65.8130
3732.055958	85.283	-66.2021
3732.422169	85.278	-66.5498
3732.788380	85.281	-66.8677
3733.154591	85.286	-67.2295
3733.520801	85.286	-67.6060
3733.887012	85.285	-67.9565
3734.253223	85.286	-68.3135
3734.619434	85.284	-68.6694
3734.985645	85.282	-68.9956
3735.351856	85.284	-69.3174
3735.718067	85.288	-69.6489
3736.084278	85.294	-69.9937
3736.450489	85.300	-70.3740
3736.816700	85.300	-70.7686
3737.182911	85.296	-71.1279
3737.549122	85.295	-71.4541
3737.915333	85.300	-71.8003
3738.281544	85.302	-72.1885
3738.647755	85.297	-72.5571
3739.013966	85.296	-72.8765
3739.380177	85.301	-73.2188
3739.746388	85.302	-73.5972
3740.112599	85.299	-73.9463
3740.478810	85.302	-74.2827
3740.845021	85.306	-74.6504
3741.211232	85.306	-75.0298
3741.577443	85.303	-75.4077
3741.943654	85.297	-75.7573
3742.309865	85.295	-76.0562
3742.676076	85.302	-76.3755
3743.042287	85.306	-76.7451
3743.408498	85.307	-77.0879
3743.774709	85.315	-77.4302
3744.140920	85.321	-77.8359
3744.507131	85.317	-78.2266
3744.873341	85.316	-78.5596
3745.239552	85.320	-78.9111
3745.605763	85.321	-79.2769
3745.971974	85.323	-79.6230
3746.338185	85.328	-79.9893
3746.704396	85.328	-80.3672
3747.070607	85.328	-80.7246
3747.436818	85.328	-81.0815
3747.803029	85.327	-81.4180
3748.169240	85.332	-81.7393
3748.535451	85.339	-82.1167
3748.901662	85.335	-82.4927
3749.267873	85.335	-82.7891
3749.634084	85.348	-83.1304
3750.000295	85.352	-83.5601
3750.366506	85.344	-83.9268
3750.732717	85.345	-84.2354
3751.098928	85.349	-84.5981
3751.465139	85.345	-84.9478
3751.831350	85.348	-85.2373
3752.197561	85.361	-85.5850
3752.563772	85.366	-86.0010
3752.929983	85.362	-86.3711
3753.296194	85.364	-86.7109
3753.662405	85.367	-87.0903
3754.028616	85.363	-87.4517
3754.394827	85.363	-87.7642
3754.761038	85.372	-88.1221
3755.127249	85.371	-88.5229
3755.493460	85.365	-88.8618
3755.859670	85.369	-89.1675
3756.225881	85.377	-89.5337
3756.592092	85.376	-89.9233
3756.958303	85.372	-90.2622
3757.324514	85.374	-90.5713
3757.690725	85.382	-90.9082
3758.056936	85.387	-91.2754
3758.423147	85.391	-91.6353
3758.789358	85.397	-92.0068
3759.155569	85.398	-92.4087
3759.521780	85.394	-92.7637
3759.887991	85.399	-93.0903
3760.254202	85.405	-93.5005
3760.620413	85.396	-93.9067
3760.986624	85.387	-94.1938
3761.352835	85.395	-94.4819
3761.719046	85.404	-94.8428
3762.085257	85.409	-95.2100
3762.451468	85.415	-95.6006
3762.817679	85.411	-95.9941
3763.183890	85.408	-96.3140
3763.550101	85.417	-96.6499
3763.916312	85.421	-97.0601
3764.282523	85.414	-97.4150
3764.648734	85.418	-97.7070
3765.014945	85.432	-98.0737
3765.381156	85.436	-98.5029
3765.747367	85.431	-98.8828
3766.113578	85.432	-99.2227
3766.479789	85.436	-99.5854
3766.846000	85.437	-99.9526
3767.212210	85.440	-100.3037
3767.578421	85.444	-100.6875
3767.944632	85.441	-101.0767
3768.310843	85.438	-101.3970
3768.677054	85.446	-101.7231
3769.043265	85.451	-102.1245
3769.409476	85.445	-102.4883
3769.775687	85.447	-102.7764
3770.141898	85.460	-103.1074
3770.508109	85.469	-103.5059
3770.874320	85.472	-103.9077
3771.240531	85.472	-104.2983
3771.606742	85.468	-104.6636
3771.972953	85.468	-104.9912
3772.339164	85.473	-105.3247
3772.705375	85.480	-105.6973
3773.071586	85.481	-106.0757
3773.437797	85.481	-106.4243
3773.804008	85.487	-106.7656
3774.170219	85.494	-107.1504
3774.536430	85.495	-107.5630
3774.902641	85.489	-107.9312
3775.268852	85.487	-108.2480
3775.635063	85.493	-108.5791
3776.001274	85.499	-108.9468
3776.367485	85.502	-109.3130
3776.733696	85.506	-109.6846
3777.099907	85.507	-110.0747
3777.466118	85.503	-110.4229
3777.832329	85.508	-110.7383
3778.198539	85.517	-111.1230
3778.564750	85.514	-111.5298
3778.930961	85.510	-111.8481
3779.297172	85.518	-112.1660
3779.663383	85.525	-112.5630
3780.029594	85.522	-112.9365
3780.395805	85.525	-113.2573
3780.762016	85.533	-113.6172
3781.128227	85.536	-114.0073
3781.494438	85.536	-114.3667
3781.860649	85.540	-114.7148
3782.226860	85.546	-115.0879
3782.593071	85.548	-115.4775
3782.959282	85.547	-115.8506
3783.325493	85.546	-116.1948
3783.691704	85.550	-116.5337
3784.057915	85.557	-116.8911
3784.424126	85.563	-117.2769
3784.790337	85.563	-117.6733
3785.156548	85.560	-118.0332
3785.522759	85.561	-118.3525
3785.888970	85.570	-118.6924
3786.255181	85.578	-119.0762
3786.621392	85.581	-119.4692
3786.987603	85.582	-119.8447
3787.353814	85.584	-120.1943
3787.720025	85.590	-120.5537
3788.086236	85.595	-120.9541
3788.452447	85.593	-121.3413
3788.818658	85.592	-121.6777
3789.184869	85.597	-122.0273
3789.551079	85.599	-122.4058
3789.917290	85.598	-122.7588
3790.283501	85.601	-123.0923
3790.649712	85.607	-123.4453
3791.015923	85.611	-123.8140
3791.382134	85.613	-124.1777
3791.748345	85.615	-124.5186
3792.114556	85.623	-124.8618
3792.480767	85.631	-125.2573
3792.846978	85.631	-125.6616
3793.213189	85.629	-126.0054
3793.579400	85.636	-126.3511
3793.945611	85.641	-126.7446
3794.311822	85.641	-127.1138
3794.678033	85.646	-127.4683
3795.044244	85.650	-127.8672
3795.410455	85.647	-128.2441
3795.776666	85.650	-128.5737
3796.142877	85.658	-128.9502
3796.509088	85.657	-129.3521
3796.875299	85.655	-129.6880
3797.241510	85.663	-130.0205
3797.607721	85.670	-130.4238
3797.973932	85.666	-130.8208
3798.340143	85.663	-131.1509
3798.706354	85.667	-131.4658
3799.072565	85.676	-131.8081
3799.438776	85.685	-132.1768
3799.804987	85.693	-132.5820
3800.171198	85.694	-133.0049
3800.537409	85.688	-133.3745
3800.903619	85.689	-133.6958
3801.269830	85.697	-134.0552
3801.636041	85.700	-134.4536
3802.002252	85.698	-134.8130
3802.368463	85.702	-135.1450
3802.734674	85.710	-135.5107
3803.100885	85.716	-135.9028
3803.467096	85.717	-136.2861
3803.833307	85.719	-136.6577
3804.199518	85.722	-137.0259
3804.565729	85.724	-137.3901
3804.931940	85.727	-137.7378
3805.298151	85.736	-138.0972
3805.664362	85.742	-138.5103
3806.030573	85.738	-138.9116
3806.396784	85.734	-139.2236
3806.762995	85.745	-139.5430
3807.129206	85.755	-139.9478
3807.495417	85.753	-140.3379
3807.861628	85.755	-140.6792
3808.227839	85.761	-141.0518
3808.594050	85.761	-141.4268
3808.960261	85.763	-141.7627
3809.326472	85.770	-142.1211
3809.692683	85.773	-142.5005
3810.058894	85.777	-142.8701
3810.425105	85.780	-143.2588
3810.791316	85.777	-143.6309
3811.157527	85.779	-143.9526
3811.523738	85.789	-144.3188
3811.889948	85.791	-144.7393
3812.256159	85.787	-145.1045
3812.622370	85.790	-145.4390
3812.988581	85.797	-145.8228
3813.354792	85.797	-146.2148
3813.721003	85.796	-146.5688
3814.087214	85.801	-146.9170
3814.453425	85.806	-147.2871
3814.819636	85.810	-147.6602
3815.185847	85.815	-148.0244
3815.552058	85.823	-148.4194
3815.918269	85.823	-148.8374
3816.284480	85.818	-149.1904
3816.650691	85.824	-149.5034
3817.016902	85.836	-149.8892
3817.383113	85.838	-150.3105
3817.749324	85.837	-150.6841
3818.115535	85.839	-151.0449
3818.481746	85.841	-151.4077
3818.847957	85.845	-151.7578
3819.214168	85.852	-152.1353
3819.580379	85.854	-152.5332
3819.946590	85.853	-152.9019
3820.312801	85.855	-153.2554
3820.679012	85.858	-153.6089
3821.045223	85.864	-153.9644
3821.411434	85.870	-154.3530
3821.777645	85.870	-154.7441
3822.143856	85.870	-155.0830
3822.510067	85.879	-155.4409
3822.876278	85.883	-155.8589
3823.242488	85.878	-156.2271
3823.608699	85.882	-156.5396
3823.974910	85.894	-156.9233
3824.341121	85.894	-157.3428
3824.707332	85.891	-157.6846
3825.073543	85.900	-158.0293
3825.439754	85.905	-158.4473
3825.805965	85.899	-158.8174
3826.172176	85.901	-159.1167
3826.538387	85.914	-159.4673
3826.904598	85.921	-159.8613
3827.270809	85.926	-160.2441
3827.637020	85.931	-160.6582
3828.003231	85.925	-161.0571
3828.369442	85.922	-161.3589
3828.735653	85.934	-161.6709
3829.101864	85.947	-162.0830
3829.468075	85.948	-162.5010
3829.834286	85.949	-162.8853
3830.200497	85.948	-163.2778
3830.566708	85.944	-163.6382
3830.932919	85.946	-163.9609
3831.299130	85.953	-164.3164
3831.665341	85.956	-164.6851
3832.031552	85.962	-165.0342
3832.397763	85.972	-165.4141
3832.763974	85.978	-165.8340
3833.130185	85.977	-166.2412
3833.496396	85.977	-166.6182
3833.862607	85.979	-166.9883
3834.228817	85.981	-167.3696
3834.595028	85.981	-167.7422
3834.961239	85.984	-168.0913
3835.327450	85.992	-168.4648
3835.693661	85.996	-168.8799
3836.059872	85.993	-169.2715
3836.426083	85.992	-169.6201
3836.792294	85.995	-169.9619
3837.158505	86.002	-170.3145
3837.524716	86.010	-170.6992
3837.890927	86.012	-171.0952
3838.257138	86.013	-171.4492
3838.623349	86.021	-171.7983
3838.989560	86.029	-172.1938
3839.355771	86.031	-172.5962
3839.721982	86.032	-172.9795
3840.088193	86.032	-173.3555
3840.454404	86.032	-173.7075
3840.820615	86.037	-174.0522
3841.186826	86.041	-174.4258
3841.553037	86.042	-174.7900
3841.919248	86.045	-175.1187
3842.285459	86.054	-175.4668
3842.651670	86.062	-175.8560
3843.017881	86.066	-176.2471
3843.384092	86.068	-176.6260
3843.750303	86.071	-176.9961
3844.116514	86.075	-177.3628
3844.482725	86.081	-177.7490
3844.848936	86.082	-178.1460
3845.215147	86.082	-178.5190
3845.581357	86.084	-178.8877
3845.947568	86.084	-179.2588
3846.313779	86.086	-179.5947
3846.679990	86.095	-179.9468
3847.046201	86.102	179.6328
3847.412412	86.099	179.2349
3847.778623	86.099	178.8994
3848.144834	86.106	178.5312
3848.511045	86.107	178.1318
3848.877256	86.104	177.7861
3849.243467	86.110	177.4634
3849.609678	86.121	177.0898
3849.975889	86.125	176.6895
3850.342100	86.127	176.3101
3850.708311	86.131	175.9395
3851.074522	86.133	175.5581
3851.440733	86.134	175.1973
3851.806944	86.141	174.8472
3852.173155	86.150	174.4404
3852.539366	86.149	174.0142
3852.905577	86.144	173.6582
3853.271788	86.148	173.3179
3853.637999	86.151	172.9282
3854.004210	86.148	172.5654
3854.370421	86.152	172.2476
3854.736632	86.163	171.8823
3855.102843	86.167	171.4795
3855.469054	86.169	171.1079
3855.835265	86.175	170.7354
3856.201476	86.179	170.3286
3856.567686	86.177	169.9419
3856.933897	86.176	169.5967
3857.300108	86.182	169.2520
3857.666319	86.189	168.8862
3858.032530	86.197	168.4961
3858.398741	86.201	168.0835
3858.764952	86.198	167.6953
3859.131163	86.199	167.3574
3859.497374	86.208	167.0098
3859.863585	86.217	166.5996
3860.229796	86.216	166.1836
3860.596007	86.212	165.8296
3860.962218	86.216	165.5112
3861.328429	86.226	165.1465
3861.694640	86.230	164.7358
3862.060851	86.227	164.3677
3862.427062	86.230	164.0522
3862.793273	86.242	163.6880
3863.159484	86.246	163.2666
3863.525695	86.241	162.8960
3863.891906	86.243	162.5791
3864.258117	86.252	162.2261
3864.624328	86.258	161.8413
3864.990539	86.262	161.4600
3865.356750	86.264	161.0693
3865.722961	86.262	160.7085
3866.089172	86.268	160.3848
3866.455383	86.280	159.9990
3866.821594	86.280	159.5625
3867.187805	86.272	159.2104
3867.554016	86.277	158.9175
3867.920226	86.291	158.5483
3868.286437	86.296	158.1108
3868.652648	86.289	157.7227
3869.018859	86.288	157.4165
3869.385070	86.300	157.0898
3869.751281	86.309	156.6733
3870.117492	86.304	156.2749
3870.483703	86.304	155.9810
3870.849914	86.320	155.6558
3871.216125	86.331	155.2183
3871.582336	86.327	154.8198
3871.948547	86.330	154.5054
3872.314758	86.344	154.1309
3872.680969	86.347	153.7051
3873.047180	86.346	153.3359
3873.413391	86.351	152.9731
3873.779602	86.352	152.5908
3874.145813	86.352	152.2607
3874.512024	86.362	151.9243
3874.878235	86.370	151.5166
3875.244446	86.369	151.1270
3875.610657	86.370	150.7861
3875.976868	86.376	150.4326
3876.343079	86.382	150.0571
3876.709290	86.385	149.6631
3877.075501	86.381	149.2896
3877.441712	86.381	148.9810
3877.807923	86.391	148.6470
3878.174134	86.398	148.2471
3878.540345	86.398	147.8779
3878.906556	86.402	147.5195
3879.272766	86.403	147.1362
3879.638977	86.402	146.8149
3880.005188	86.415	146.4922
3880.371399	86.427	146.0508
3880.737610	86.421	145.6191
3881.103821	86.416	145.3022
3881.470032	86.425	144.9775
3881.836243	86.433	144.5820
3882.202454	86.435	144.1904
3882.568665	86.439	143.8247
3882.934876	86.445	143.4360
3883.301087	86.447	143.0151
3883.667298	86.440	142.6304
3884.033509	86.437	142.3115
3884.399720	86.444	141.9893
3884.765931	86.450	141.6299
3885.132142	86.455	141.2705
3885.498353	86.460	140.9199
3885.864564	86.467	140.5718
3886.230775	86.478	140.2168
3886.596986	86.490	139.8145
3886.963197	86.493	139.3794
3887.329408	86.488	138.9907
3887.695619	86.487	138.6650
3888.061830	86.495	138.3394
3888.428041	86.505	137.9658
3888.794252	86.510	137.5625
3889.160463	86.511	137.1792
3889.526674	86.513	136.8247
3889.892885	86.519	136.4585
3890.259095	86.522	136.0688
3890.625306	86.521	135.6909
3890.991517	86.521	135.3481
3891.357728	86.526	135.0156
3891.723939	86.533	134.6470
3892.090150	86.536	134.2573
3892.456361	86.535	133.9082
3892.822572	86.542	133.5825
3893.188783	86.553	133.2041
3893.554994	86.556	132.7891
3893.921205	86.554	132.4160
3894.287416	86.557	132.0693
3894.653627	86.560	131.6997
3895.019838	86.559	131.3540
3895.386049	86.565	131.0503
3895.752260	86.581	130.6958
3896.118471	86.591	130.2705
3896.484682	86.591	129.8623
3896.850893	86.592	129.4917
3897.217104	86.594	129.1260
3897.583315	86.598	128.7651
3897.949526	86.603	128.3906
3898.315737	86.604	128.0088
3898.681948	86.606	127.6602
3899.048159	86.613	127.3037
3899.414370	86.618	126.9111
3899.780581	86.618	126.5522
3900.146792	86.627	126.2061
3900.513003	86.635	125.7954
3900.879214	86.631	125.4004
3901.245425	86.632	125.0806
3901.611635	86.643	124.7334
3901.977846	86.649	124.3271
3902.344057	86.647	123.9531
3902.710268	86.650	123.6294
3903.076479	86.660	123.2891
3903.442690	86.670	122.9058
3903.808901	86.675	122.5117
3904.175112	86.678	122.1313
3904.541323	86.681	121.7598
3904.907534	86.683	121.4023
3905.273745	86.688	121.0522
3905.639956	86.695	120.6733
3906.006167	86.695	120.2949
3906.372378	86.696	119.9697
3906.738589	86.707	119.6294
3907.104800	86.715	119.2095
3907.471011	86.710	118.8057
3907.837222	86.706	118.4839
3908.203433	86.713	118.1646
3908.569644	86.720	117.7993
3908.935855	86.724	117.4321
3909.302066	86.729	117.0806
3909.668277	86.737	116.7104
3910.034488	86.743	116.3130
3910.400699	86.744	115.9219
3910.766910	86.746	115.5542
3911.133121	86.749	115.1865
3911.499332	86.752	114.8145
3911.865543	86.756	114.4570
3912.231754	86.763	114.0889
3912.597964	86.767	113.6885
3912.964175	86.765	113.3159
3913.330386	86.768	112.9902
3913.696597	86.779	112.6348
3914.062808	86.785	112.2373
3914.429019	86.787	111.8647
3914.795230	86.791	111.5142
3915.161441	86.797	111.1528
3915.527652	86.803	110.7935
3915.893863	86.811	110.4209
3916.260074	86.816	110.0303
3916.626285	86.819	109.6602
3916.992496	86.825	109.2891
3917.358707	86.827	108.8906
3917.724918	86.822	108.5342
3918.091129	86.825	108.2295
3918.457340	86.834	107.8950
3918.823551	86.841	107.5337
3919.189762	86.849	107.1812
3919.555973	86.859	106.7993
3919.922184	86.862	106.4019
3920.288395	86.863	106.0547
3920.654606	86.873	105.7085
3921.020817	86.882	105.2983
3921.387028	86.881	104.8940
3921.753239	86.882	104.5508
3922.119450	86.890	104.1982
3922.485661	86.896	103.8062
3922.851872	86.897	103.4272
3923.218083	86.901	103.0615
3923.584294	86.903	102.6846
3923.950504	86.904	102.3374
3924.316715	86.912	102.0093
3924.682926	86.923	101.6255
3925.049137	86.925	101.2261
3925.415348	86.928	100.8750
3925.781559	86.938	100.5005
3926.147770	86.940	100.0903
3926.513981	86.937	99.7480
3926.880192	86.946	99.4346
3927.246403	86.960	99.0391
3927.612614	86.962	98.6211
3927.978825	86.962	98.2622
3928.345036	86.968	97.9150
3928.711247	86.976	97.5386
3929.077458	86.981	97.1396
3929.443669	86.981	96.7515
3929.809880	86.980	96.4160
3930.176091	86.987	96.0977
3930.542302	86.998	95.7266
3930.908513	87.003	95.3359
3931.274724	87.006	94.9741
3931.640935	87.011	94.6201
3932.007146	87.017	94.2632
3932.373357	87.024	93.8975
3932.739568	87.029	93.5234
3933.105779	87.033	93.1675
3933.471990	87.043	92.8003
3933.838201	87.049	92.3940
3934.204412	87.048	92.0078
3934.570623	87.049	91.6621
3934.936834	87.055	91.3066
3935.303044	87.059	90.9370
3935.669255	87.063	90.5728
3936.035466	87.067	90.2183
3936.401677	87.073	89.8682
3936.767888	87.082	89.4897
3937.134099	87.087	89.0962
3937.500310	87.090	88.7300
3937.866521	87.096	88.3560
3938.232732	87.099	87.9707
3938.598943	87.102	87.6255
3938.965154	87.112	87.2681
3939.331365	87.119	86.8667
3939.697576	87.121	86.4932
3940.063787	87.129	86.1221
3940.429998	87.132	85.7231
3940.796209	87.131	85.3809
3941.162420	87.143	85.0469
3941.528631	87.152	84.6255
3941.894842	87.146	84.2563
3942.261053	87.155	83.9771
3942.627264	87.176	83.5796
3942.993475	87.176	83.1118
3943.359686	87.169	82.7852
3943.725897	87.182	82.4722
3944.092108	87.191	82.0361
3944.458319	87.184	81.6694
3944.824530	87.191	81.3989
3945.190741	87.211	81.0098
3945.556952	87.212	80.5630
3945.923163	87.207	80.2319
3946.289373	87.218	79.9102
3946.655584	87.228	79.5103
3947.021795	87.230	79.1392
3947.388006	87.239	78.7861
3947.754217	87.247	78.3682
3948.120428	87.243	77.9697
3948.486639	87.242	77.6582
3948.852850	87.254	77.3257
3949.219061	87.263	76.9233
3949.585272	87.263	76.5513
3949.951483	87.270	76.2192
3950.317694	87.283	75.8291
3950.683905	87.285	75.4092
3951.050116	87.284	75.0557
3951.416327	87.291	74.7241
3951.782538	87.301	74.3423
3952.148749	87.305	73.9634
3952.514960	87.313	73.6123
3952.881171	87.325	73.2212
3953.247382	87.330	72.7905
3953.613593	87.327	72.4009
3953.979804	87.329	72.0664
3954.346015	87.338	71.7178
3954.712226	87.346	71.3281
3955.078437	87.350	70.9429
3955.444648	87.353	70.5781
3955.810859	87.359	70.2163
3956.177070	87.365	69.8569
3956.543281	87.373	69.4824
3956.909492	87.377	69.0923
3957.275703	87.379	68.7407
3957.641913	87.387	68.4102
3958.008124	87.399	68.0273
3958.374335	87.404	67.6270
3958.740546	87.407	67.2651
3959.106757	87.414	66.9019
3959.472968	87.418	66.5278
3959.839179	87.423	66.1826
3960.205390	87.434	65.8301
3960.571601	87.445	65.4209
3960.937812	87.447	65.0029
3961.304023	87.445	64.6416
3961.670234	87.450	64.3057
3962.036445	87.458	63.9375
3962.402656	87.463	63.5625
3962.768867	87.469	63.2056
3963.135078	87.477	62.8237
3963.501289	87.481	62.4316
3963.867500	87.483	62.0820
3964.233711	87.493	61.7266
3964.599922	87.501	61.3320
3964.966133	87.504	60.9609
3965.332344	87.514	60.6045
3965.698555	87.523	60.1992
3966.064766	87.525	59.7993
3966.430977	87.528	59.4634
3966.797188	87.541	59.1079
3967.163399	87.551	58.6865
3967.529610	87.552	58.2974
3967.895821	87.559	57.9512
3968.262032	87.571	57.5469
3968.628242	87.573	57.1211
3968.994453	87.571	56.7681
3969.360664	87.577	56.4331
3969.726875	87.585	56.0659
3970.093086	87.592	55.7021
3970.459297	87.601	55.3257
3970.825508	87.605	54.9395
3971.191719	87.610	54.5869
3971.557930	87.620	54.2134
3971.924141	87.623	53.8115
3972.290352	87.623	53.4766
3972.656563	87.636	53.1489
3973.022774	87.649	52.7261
3973.388985	87.648	52.3115
3973.755196	87.648	51.9854
3974.121407	87.660	51.6475
3974.487618	87.671	51.2520
3974.853829	87.677	50.8511
3975.220040	87.682	50.4531
3975.586251	87.683	50.0649
3975.952462	87.685	49.7212
3976.318673	87.696	49.3809
3976.684884	87.709	48.9731
3977.051095	87.711	48.5493
3977.417306	87.710	48.1938
3977.783517	87.720	47.8535
3978.149728	87.731	47.4531
3978.515939	87.736	47.0430
3978.882150	87.739	46.6606
3979.248361	87.742	46.2817
3979.614572	87.744	45.9346
3979.980782	87.755	45.6108
3980.346993	87.771	45.2124
3980.713204	87.775	44.7671
3981.079415	87.772	44.4072
3981.445626	87.781	44.0977
3981.811837	87.796	43.7192
3982.178048	87.805	43.3047
3982.544259	87.810	42.9268
3982.910470	87.819	42.5566
3983.276681	87.828	42.1621
3983.642892	87.835	41.7656
3984.009103	87.841	41.3789
3984.375314	87.847	40.9907
3984.741525	87.851	40.5977
3985.107736	87.853	40.2251
3985.473947	87.858	39.8877
3985.840158	87.870	39.5342
3986.206369	87.880	39.1260
3986.572580	87.883	38.7266
3986.938791	87.886	38.3711
3987.305002	87.894	38.0044
3987.671213	87.899	37.6284
3988.037424	87.905	37.2788
3988.403635	87.916	36.9102
3988.769846	87.924	36.5073
3989.136057	87.928	36.1240
3989.502268	87.934	35.7500
3989.868479	87.939	35.3628
3990.234690	87.943	34.9956
3990.600901	87.951	34.6362
3990.967111	87.959	34.2480
3991.333322	87.963	33.8711
3991.699533	87.971	33.5200
3992.065744	87.984	33.1313
3992.431955	87.990	32.7139
3992.798166	87.993	32.3271
3993.164377	88.000	31.9536
3993.530588	88.006	31.5718
3993.896799	88.012	31.2080
3994.263010	88.024	30.8218
3994.629221	88.029	30.3940
3994.995432	88.026	30.0269
3995.361643	88.035	29.7134
3995.727854	88.050	29.3311
3996.094065	88.056	28.9224
3996.460276	88.063	28.5562
3996.826487	88.075	28.1455
3997.192698	88.075	27.7173
3997.558909	88.073	27.3770
3997.925120	88.083	27.0435
3998.291331	88.094	26.6582
3998.657542	88.102	26.2769
3999.023753	88.111	25.8677
3999.389964	88.110	25.4536
3999.756175	88.109	25.1333
4000.122386	88.124	24.8057
4000.488597	88.135	24.3828
4000.854808	88.136	24.0044
4001.221019	88.147	23.6733
4001.587230	88.163	23.2544
4001.953441	88.165	22.8188
4002.319651	88.167	22.4688
4002.685862	88.179	22.1211
4003.052073	88.194	21.7124
4003.418284	88.202	21.2715
4003.784495	88.201	20.8462
4004.150706	88.199	20.4912
4004.516917	88.208	20.1646
4004.883128	88.221	19.7803
4005.249339	88.227	19.3848
4005.615550	88.235	19.0229
4005.981761	88.247	18.6279
4006.347972	88.252	18.2134
4006.714183	88.255	17.8477
4007.080394	88.265	17.4873
4007.446605	88.276	17.0894
4007.812816	88.282	16.6914
4008.179027	88.289	16.3057
4008.545238	88.297	15.9170
4008.911449	88.305	15.5151
4009.277660	88.309	15.1104
4009.643871	88.311	14.7378
4010.010082	88.319	14.3730
4010.376293	88.326	13.9756
4010.742504	88.329	13.5957
4011.108715	88.336	13.2539
4011.474926	88.349	12.8843
4011.841137	88.360	12.4834
4012.207348	88.369	12.0820
4012.573559	88.378	11.6704
4012.939770	88.383	11.2642
4013.305981	88.388	10.8838
4013.672191	88.395	10.5093
4014.038402	88.404	10.1279
4014.404613	88.412	9.7378
4014.770824	88.418	9.3511
4015.137035	88.426	8.9814
4015.503246	88.437	8.5889
4015.869457	88.443	8.1753
4016.235668	88.445	7.8120
4016.601879	88.456	7.4678
4016.968090	88.469	7.0640
4017.334301	88.475	6.6533
4017.700512	88.480	6.2822
4018.066723	88.490	5.8994
4018.432934	88.497	5.5005
4018.799145	88.503	5.1255
4019.165356	88.512	4.7578
4019.531567	88.523	4.3677
4019.897778	88.531	3.9692
4020.263989	88.538	3.5845
4020.630200	88.548	3.2012
4020.996411	88.557	2.7988
4021.362622	88.563	2.4028
4021.728833	88.571	2.0283
4022.095044	88.581	1.6294
4022.461255	88.585	1.2231
4022.827466	88.590	0.8691
4023.193677	88.604	0.4961
4023.559888	88.611	0.0610
4023.926099	88.609	-0.3076
4024.292310	88.620	-0.6064
4024.658520	88.642	-1.0034
4025.024731	88.650	-1.4731
4025.390942	88.648	-1.8594
4025.757153	88.657	-2.1968
4026.123364	88.671	-2.5933
4026.489575	88.678	-3.0205
4026.855786	88.681	-3.4097
4027.221997	88.687	-3.7695
4027.588208	88.697	-4.1401
4027.954419	88.707	-4.5293
4028.320630	88.717	-4.9160
4028.686841	88.728	-5.3120
4029.053052	88.737	-5.7329
4029.419263	88.742	-6.1401
4029.785474	88.747	-6.5176
4030.151685	88.756	-6.9087
4030.517896	88.761	-7.3091
4030.884107	88.764	-7.6699
4031.250318	88.773	-8.0054
4031.616529	88.789	-8.3730
4031.982740	88.803	-8.7842
4032.348951	88.811	-9.2002
4032.715162	88.817	-9.5908
4033.081373	88.826	-9.9624
4033.447584	88.839	-10.3574
4033.813795	88.848	-10.7935
4034.180006	88.848	-11.2056
4034.546217	88.851	-11.5503
4034.912428	88.865	-11.9106
4035.278639	88.877	-12.3408
4035.644850	88.880	-12.7622
4036.011060	88.883	-13.1338
4036.377271	88.890	-13.5039
4036.743482	88.897	-13.8740
4037.109693	88.907	-14.2358
4037.475904	88.920	-14.6304
4037.842115	88.930	-15.0430
4038.208326	88.938	-15.4375
4038.574537	88.949	-15.8442
4038.940748	88.957	-16.2729
4039.306959	88.961	-16.6816
4039.673170	88.966	-17.0742
4040.039381	88.971	-17.4668
4040.405592	88.975	-17.8384
4040.771803	88.983	-18.1929
4041.138014	88.996	-18.5669
4041.504225	89.008	-18.9717
4041.870436	89.016	-19.3892
4042.236647	89.020	-19.7891
4042.602858	89.026	-20.1548
4042.969069	89.039	-20.5273
4043.335280	89.051	-20.9502
4043.701491	89.055	-21.3838
4044.067702	89.056	-21.7627
4044.433913	89.064	-22.1094
4044.800124	89.077	-22.4941
4045.166335	89.087	-22.9155
4045.532546	89.093	-23.3267
4045.898757	89.099	-23.7275
4046.264968	89.103	-24.1240
4046.631179	89.107	-24.4854
4046.997389	89.121	-24.8477
4047.363600	89.134	-25.2812
4047.729811	89.135	-25.7178
4048.096022	89.136	-26.0688
4048.462233	89.150	-26.4185
4048.828444	89.163	-26.8369
4049.194655	89.169	-27.2451
4049.560866	89.178	-27.6284
4049.927077	89.187	-28.0454
4050.293288	89.189	-28.4331
4050.659499	89.201	-28.7651
4051.025710	89.223	-29.1772
4051.391921	89.233	-29.6870
4051.758132	89.225	-30.1274
4052.124343	89.223	-30.4512
4052.490554	89.236	-30.7749
4052.856765	89.252	-31.1626
4053.222976	89.265	-31.5928
4053.589187	89.271	-32.0239
4053.955398	89.276	-32.4170
4054.321609	89.285	-32.7939
4054.687820	89.296	-33.2075
4055.054031	89.302	-33.6274
4055.420242	89.309	-34.0176
4055.786453	89.318	-34.4199
4056.152664	89.323	-34.8271
4056.518875	89.331	-35.2012
4056.885086	89.344	-35.6084
4057.251297	89.349	-36.0527
4057.617508	89.349	-36.4233
4057.983719	89.361	-36.7715
4058.349929	89.374	-37.2017
4058.716140	89.375	-37.6040
4059.082351	89.385	-37.9399
4059.448562	89.405	-38.3638
4059.814773	89.408	-38.8408
4060.180984	89.405	-39.2144
4060.547195	89.414	-39.5503
4060.913406	89.428	-39.9468
4061.279617	89.436	-40.3574
4061.645828	89.445	-40.7676
4062.012039	89.450	-41.1831
4062.378250	89.454	-41.5688
4062.744461	89.463	-41.9600
4063.110672	89.468	-42.3813
4063.476883	89.469	-42.7559
4063.843094	89.479	-43.0962
4064.209305	89.494	-43.4922
4064.575516	89.503	-43.9194
4064.941727	89.511	-44.3223
4065.307938	89.521	-44.7256
4065.674149	89.530	-45.1440
4066.040360	89.537	-45.5635
4066.406571	89.543	-45.9717
4066.772782	89.552	-46.3628
4067.138993	89.564	-46.7754
4067.505204	89.571	-47.2144
4067.871415	89.574	-47.6177
4068.237626	89.583	-48.0000
4068.603837	89.594	-48.4155
4068.970048	89.600	-48.8291
4069.336259	89.609	-49.2271
4069.702469	89.617	-49.6440
4070.068680	89.623	-50.0522
4070.434891	89.630	-50.4497
4070.801102	89.637	-50.8774
4071.167313	89.636	-51.2803
4071.533524	89.640	-51.6128
4071.899735	89.656	-51.9727
4072.265946	89.669	-52.4141
4072.632157	89.671	-52.8501
4072.998368	89.673	-53.2256
4073.364579	89.682	-53.5884
4073.730790	89.695	-53.9824
4074.097001	89.706	-54.4048
4074.463212	89.713	-54.8286
4074.829423	89.719	-55.2388
4075.195634	89.727	-55.6475
4075.561845	89.736	-56.0693
4075.928056	89.741	-56.4932
4076.294267	89.746	-56.9043
4076.660478	89.750	-57.3008
4077.026689	89.757	-57.6831
4077.392900	89.766	-58.0630
4077.759111	89.779	-58.4614
4078.125322	89.790	-58.8857
4078.491533	89.798	-59.3154
4078.857744	89.803	-59.7222
4079.223955	89.811	-60.1123
4079.590166	89.821	-60.5234
4079.956377	89.828	-60.9468
4080.322588	89.832	-61.3467
4080.688798	89.838	-61.7290
4081.055009	89.846	-62.1084
4081.421220	89.856	-62.4897
4081.787431	89.867	-62.8936
4082.153642	89.876	-63.3052
4082.519853	89.886	-63.7100
4082.886064	89.896	-64.1489
4083.252275	89.897	-64.5928
4083.618486	89.896	-64.9644
4083.984697	89.907	-65.3242
4084.350908	89.919	-65.7510
4084.717119	89.924	-66.1826
4085.083330	89.928	-66.5742
4085.449541	89.937	-66.9775
4085.815752	89.944	-67.4028
4086.181963	89.948	-67.8076
4086.548174	89.956	-68.1938
4086.914385	89.968	-68.6152
4087.280596	89.973	-69.0718
4087.646807	89.970	-69.4731
4088.013018	89.977	-69.8125
4088.379229	89.993	-70.2041
4088.745440	90.003	-70.6528
4089.111651	90.008	-71.0728
4089.477862	90.015	-71.4810
4089.844073	90.021	-71.8931
4090.210284	90.027	-72.2705
4090.576495	90.041	-72.6670
4090.942706	90.051	-73.1191
4091.308917	90.054	-73.5444
4091.675128	90.061	-73.9326
4092.041338	90.070	-74.3569
4092.407549	90.072	-74.7837
4092.773760	90.075	-75.1558
4093.139971	90.086	-75.5278
4093.506182	90.097	-75.9517
4093.872393	90.102	-76.3701
4094.238604	90.109	-76.7471
4094.604815	90.124	-77.1558
4094.971026	90.132	-77.6240
4095.337237	90.131	-78.0557
4095.703448	90.133	-78.4243
4096.069659	90.144	-78.8179
4096.435870	90.150	-79.2441
4096.802081	90.152	-79.6309
4097.168292	90.163	-79.9941
4097.534503	90.178	-80.4102
4097.900714	90.186	-80.8672
4098.266925	90.189	-81.2915
4098.633136	90.196	-81.6924
4098.999347	90.203	-82.1245
4099.365558	90.203	-82.5420
4099.731769	90.207	-82.9014
4100.097980	90.221	-83.2876
4100.464191	90.231	-83.7339
4100.830402	90.233	-84.1514
4101.196613	90.240	-84.5371
4101.562824	90.250	-84.9551
4101.929035	90.254	-85.3760
4102.295246	90.260	-85.7676
4102.661457	90.269	-86.1680
4103.027667	90.277	-86.5889
4103.393878	90.283	-87.0063
4103.760089	90.290	-87.4160
4104.126300	90.297	-87.8291
4104.492511	90.304	-88.2568
4104.858722	90.306	-88.6914
4105.224933	90.304	-89.0786
4105.591144	90.310	-89.4087
4105.957355	90.331	-89.7915
4106.323566	90.344	-90.2925
4106.689777	90.337	-90.7646
4107.055988	90.334	-91.0947
4107.422199	90.351	-91.4365
4107.788410	90.368	-91.9111
4108.154621	90.367	-92.3813
4108.520832	90.367	-92.7695
4108.887043	90.375	-93.1699
4109.253254	90.379	-93.5830
4109.619465	90.386	-93.9683
4109.985676	90.397	-94.3896
4110.351887	90.401	-94.8320
4110.718098	90.404	-95.2148
4111.084309	90.417	-95.6094
4111.450520	90.426	-96.0742
4111.816731	90.426	-96.5073
4112.182942	90.430	-96.8853
4112.549153	90.440	-97.2935
4112.915364	90.445	-97.7178
4113.281575	90.451	-98.1221
4113.647786	90.459	-98.5405
4114.013997	90.462	-98.9521
4114.380207	90.470	-99.3306
4114.746418	90.483	-99.7407
4115.112629	90.492	-100.1904
4115.478840	90.498	-100.6284
4115.845051	90.502	-101.0615
4116.211262	90.504	-101.4727
4116.577473	90.511	-101.8535
4116.943684	90.524	-102.2944
4117.309895	90.524	-102.7627
4117.676106	90.523	-103.1372
4118.042317	90.535	-103.5181
4118.408528	90.542	-103.9878
4118.774739	90.538	-104.3867
4119.140950	90.547	-104.7256
4119.507161	90.562	-105.1689
4119.873372	90.561	-105.6162
4120.239583	90.565	-105.9639
4120.605794	90.581	-106.3633
4120.972005	90.588	-106.8330
4121.338216	90.589	-107.2344
4121.704427	90.599	-107.6152
4122.070638	90.610	-108.0581
4122.436849	90.614	-108.4980
4122.803060	90.618	-108.9126
4123.169271	90.623	-109.3335
4123.535482	90.627	-109.7383
4123.901693	90.634	-110.1353
4124.267904	90.643	-110.5649
4124.634115	90.648	-111.0049
4125.000326	90.650	-111.4189
4125.366536	90.655	-111.8130
4125.732747	90.665	-112.2207
4126.098958	90.673	-112.6733
4126.465169	90.672	-113.1240
4126.831380	90.670	-113.4990
4127.197591	90.681	-113.8589
4127.563802	90.694	-114.2979
4127.930013	90.697	-114.7490
4128.296224	90.699	-115.1392
4128.662435	90.710	-115.5430
4129.028646	90.715	-115.9888
4129.394857	90.716	-116.3901
4129.761068	90.726	-116.7651
4130.127279	90.738	-117.1982
4130.493490	90.742	-117.6411
4130.859701	90.746	-118.0425
4131.225912	90.755	-118.4692
4131.592123	90.756	-118.9087
4131.958334	90.755	-119.2783
4132.324545	90.766	-119.6367
4132.690756	90.778	-120.0562
4133.056967	90.785	-120.4727
4133.423178	90.796	-120.8789
4133.789389	90.807	-121.3457
4134.155600	90.805	-121.8125
4134.521811	90.801	-122.1851
4134.888022	90.810	-122.5317
4135.254233	90.823	-122.9492
4135.620444	90.829	-123.3882
4135.986655	90.834	-123.7910
4136.352866	90.844	-124.2124
4136.719076	90.848	-124.6592
4137.085287	90.850	-125.0659
4137.451498	90.859	-125.4775
4137.817709	90.861	-125.9341
4138.183920	90.855	-126.3193
4138.550131	90.863	-126.6377
4138.916342	90.883	-127.0518
4139.282553	90.890	-127.5308
4139.648764	90.891	-127.9487
4140.014975	90.899	-128.3589
4140.381186	90.905	-128.8047
4140.747397	90.907	-129.2305
4141.113608	90.913	-129.6553
4141.479819	90.915	-130.0996
4141.846030	90.912	-130.5029
4142.212241	90.916	-130.8652
4142.578452	90.928	-131.2568
4142.944663	90.939	-131.6963
4143.310874	90.944	-132.1504
4143.677085	90.946	-132.5854
4144.043296	90.948	-132.9917
4144.409507	90.954	-133.3940
4144.775718	90.960	-133.8154
4145.141929	90.963	-134.2251
4145.508140	90.971	-134.5996
4145.874351	90.988	-135.0234
4146.240562	90.996	-135.5356
4146.606773	90.986	-135.9834
4146.972984	90.984	-136.2993
4147.339195	91.003	-136.6597
4147.705406	91.018	-137.1401
4148.071616	91.017	-137.6108
4148.437827	91.014	-138.0098
4148.804038	91.019	-138.3711
4149.170249	91.032	-138.7544
4149.536460	91.045	-139.2256
4149.902671	91.042	-139.7124
4150.268882	91.035	-140.0913
4150.635093	91.042	-140.4380
4151.001304	91.054	-140.8540
4151.367515	91.060	-141.2935
4151.733726	91.064	-141.7295
4152.099937	91.064	-142.1675
4152.466148	91.062	-142.5635
4152.832359	91.068	-142.9370
4153.198570	91.076	-143.3491
4153.564781	91.081	-143.7710
4153.930992	91.089	-144.1826
4154.297203	91.097	-144.6245
4154.663414	91.098	-145.0688
4155.029625	91.101	-145.4668
4155.395836	91.111	-145.8799
4155.762047	91.118	-146.3477
4156.128258	91.116	-146.7881
4156.494469	91.117	-147.1724
4156.860680	91.126	-147.5752
4157.226891	91.131	-148.0005
4157.593102	91.137	-148.4067
4157.959313	91.145	-148.8237
4158.325524	91.151	-149.2642
4158.691735	91.154	-149.6895
4159.057945	91.159	-150.1069
4159.424156	91.162	-150.5298
4159.790367	91.164	-150.9351
4160.156578	91.168	-151.3306
4160.522789	91.174	-151.7324
4160.889000	91.181	-152.1392
4161.255211	91.189	-152.5703
4161.621422	91.191	-153.0122
4161.987633	91.191	-153.4116
4162.353844	91.198	-153.7993
4162.720055	91.207	-154.2378
4163.086266	91.208	-154.6846
4163.452477	91.209	-155.0923
4163.818688	91.215	-155.5078
4164.184899	91.218	-155.9478
4164.551110	91.217	-156.3584
4164.917321	91.220	-156.7397
4165.283532	91.229	-157.1396
4165.649743	91.237	-157.5669
4166.015954	91.242	-158.0029
4166.382165	91.244	-158.4175
4166.748376	91.251	-158.8066
4167.114587	91.265	-159.2393
4167.480798	91.271	-159.7310
4167.847009	91.266	-160.1768
4168.213220	91.266	-160.5566
4168.579431	91.273	-160.9526
4168.945642	91.280	-161.3682
4169.311853	91.288	-161.7925
4169.678064	91.293	-162.2480
4170.044275	91.290	-162.6768
4170.410485	91.291	-163.0527
4170.776696	91.300	-163.4575
4171.142907	91.304	-163.8833
4171.509118	91.309	-164.2832
4171.875329	91.317	-164.6938
4172.241540	91.324	-165.1328
4172.607751	91.327	-165.5635
4172.973962	91.330	-165.9775
4173.340173	91.335	-166.3877
4173.706384	91.341	-166.8135
4174.072595	91.344	-167.2466
4174.438806	91.346	-167.6489
4174.805017	91.353	-168.0537
4175.171228	91.358	-168.4917
4175.537439	91.359	-168.9033
4175.903650	91.367	-169.2910
4176.269861	91.377	-169.7305
4176.636072	91.380	-170.1880
4177.002283	91.380	-170.5962
4177.368494	91.387	-170.9912
4177.734705	91.396	-171.4233
4178.100916	91.400	-171.8730
4178.467127	91.401	-172.2935
4178.833338	91.406	-172.6885
4179.199549	91.415	-173.1084
4179.565760	91.422	-173.5552
4179.931971	91.425	-173.9922
4180.298182	91.428	-174.4170
4180.664393	91.431	-174.8320
4181.030604	91.436	-175.2344
4181.396814	91.443	-175.6519
4181.763025	91.450	-176.0854
4182.129236	91.455	-176.5186
4182.495447	91.459	-176.9580
4182.861658	91.459	-177.3901
4183.227869	91.461	-177.7905
4183.594080	91.466	-178.1914
4183.960291	91.473	-178.6157
4184.326502	91.477	-179.0420
4184.692713	91.481	-179.4648
4185.058924	91.485	-179.8950
4185.425135	91.487	179.6782
4185.791346	91.489	179.2764
4186.157557	91.496	178.8843
4186.523768	91.507	178.4448
4186.889979	91.511	177.9614
4187.256190	91.505	177.5356
4187.622401	91.508	177.1787
4187.988612	91.523	176.7671
4188.354823	91.531	176.2808
4188.721034	91.529	175.8379
4189.087245	91.534	175.4360
4189.453456	91.542	174.9849
4189.819667	91.542	174.5327
4190.185878	91.543	174.1436
4190.552089	91.552	173.7344
4190.918300	91.557	173.2881
4191.284511	91.560	172.8887
4191.650722	91.572	172.4829
4192.016933	91.580	172.0083
4192.383144	91.579	171.5630
4192.749354	91.582	171.1655
4193.115565	91.588	170.7300
4193.481776	91.587	170.3081
4193.847987	91.590	169.9463
4194.214198	91.602	169.5459
4194.580409	91.608	169.0957
4194.946620	91.608	168.6895
4195.312831	91.616	168.3047
4195.679042	91.627	167.8662
4196.045253	91.630	167.3960
4196.411464	91.626	166.9644
4196.777675	91.626	166.5898
4197.143886	91.634	166.2085
4197.510097	91.645	165.7632
4197.876308	91.646	165.2954
4198.242519	91.643	164.8608
4198.608730	91.640	164.4648
4198.974941	91.642	164.1040
4199.341152	91.655	163.7266
4199.707363	91.670	163.2534
4200.073574	91.669	162.7427
4200.439785	91.660	162.3301
4200.805996	91.662	161.9834
4201.172207	91.675	161.5781
4201.538418	91.682	161.1221
4201.904629	91.685	160.6943
4202.270840	91.692	160.2769
4202.637051	91.699	159.8184
4203.003262	91.698	159.3604
4203.369473	91.697	158.9590
4203.735684	91.703	158.5698
4204.101894	91.711	158.1372
4204.468105	91.714	157.6880
4204.834316	91.713	157.2661
4205.200527	91.714	156.8774
4205.566738	91.721	156.5039
4205.932949	91.734	156.0815
4206.299160	91.739	155.5981
4206.665371	91.732	155.1724
4207.031582	91.735	154.8257
4207.397793	91.750	154.4092
4207.764004	91.755	153.9160
4208.130215	91.748	153.4854
4208.496426	91.748	153.1138
4208.862637	91.756	152.7158
4209.228848	91.762	152.2847
4209.595059	91.764	151.8447
4209.961270	91.763	151.4321
4210.327481	91.768	151.0469
4210.693692	91.778	150.6099
4211.059903	91.778	150.1372
4211.426114	91.772	149.7437
4211.792325	91.779	149.3931
4212.158536	91.794	148.9697
4212.524747	91.801	148.4888
4212.890958	91.801	148.0181
4213.257169	91.797	147.5933
4213.623380	91.797	147.2173
4213.989591	91.807	146.8213
4214.355802	91.813	146.3721
4214.722013	91.813	145.9541
4215.088223	91.821	145.5679
4215.454434	91.834	145.1147
4215.820645	91.835	144.6240
4216.186856	91.828	144.1968
4216.553067	91.826	143.8237
4216.919278	91.831	143.4541
4217.285489	91.841	143.0649
4217.651700	91.851	142.6367
4218.017911	91.856	142.1938
4218.384122	91.859	141.7744
4218.750333	91.865	141.3521
4219.116544	91.871	140.9102
4219.482755	91.873	140.4648
4219.848966	91.874	140.0215
4220.215177	91.872	139.5991
4220.581388	91.874	139.1968
4220.947599	91.877	138.7642
4221.313810	91.874	138.3311
4221.680021	91.871	137.9556
4222.046232	91.877	137.5767
4222.412443	91.883	137.1572
4222.778654	91.886	136.7607
4223.144865	91.896	136.3560
4223.511076	91.904	135.8862
4223.877287	91.902	135.4409
4224.243498	91.905	135.0503
4224.609709	91.914	134.6069
4224.975920	91.913	134.1353
4225.342131	91.908	133.7427
4225.708342	91.916	133.3647
4226.074553	91.924	132.9136
4226.440763	91.922	132.4707
4226.806974	91.922	132.0845
4227.173185	91.929	131.6855
4227.539396	91.935	131.2671
4227.905607	91.942	130.8442
4228.271818	91.949	130.3750
4228.638029	91.943	129.9048
4229.004240	91.936	129.5342
4229.370451	91.944	129.1909
4229.736662	91.957	128.7461
4230.102873	91.957	128.2676
4230.469084	91.952	127.8677
4230.835295	91.957	127.4854
4231.201506	91.962	127.0542
4231.567717	91.963	126.6362
4231.933928	91.967	126.2417
4232.300139	91.973	125.8149
4232.666350	91.974	125.3882
4233.032561	91.978	124.9849
4233.398772	91.984	124.5483
4233.764983	91.984	124.1084
4234.131194	91.985	123.7129
4234.497405	91.992	123.2939
4234.863616	91.993	122.8442
4235.229827	91.990	122.4482
4235.596038	91.997	122.0742
4235.962249	92.006	121.6426
4236.328460	92.009	121.1919
4236.694671	92.009	120.7749
4237.060882	92.011	120.3706
4237.427092	92.015	119.9565
4237.793303	92.018	119.5435
4238.159514	92.022	119.1377
4238.525725	92.028	118.7173
4238.891936	92.030	118.2881
4239.258147	92.032	117.8853
4239.624358	92.039	117.4780
4239.990569	92.045	117.0205
4240.356780	92.042	116.5732
4240.722991	92.039	116.1919
4241.089202	92.045	115.8188
4241.455413	92.055	115.3906
4241.821624	92.059	114.9263
4242.187835	92.055	114.4922
4242.554046	92.054	114.1060
4242.920257	92.060	113.7095
4243.286468	92.064	113.2822
4243.652679	92.066	112.8643
4244.018890	92.070	112.4419
4244.385101	92.070	112.0083
4244.751312	92.069	111.6147
4245.117523	92.076	111.2290
4245.483734	92.082	110.7866
4245.849945	92.081	110.3491
4246.216156	92.080	109.9580
4246.582367	92.084	109.5630
4246.948578	92.089	109.1611
4247.314789	92.096	108.7515
4247.681000	92.102	108.3013
4248.047211	92.101	107.8647
4248.413422	92.103	107.4688
4248.779632	92.110	107.0371
4249.145843	92.109	106.5869
4249.512054	92.107	106.1909
4249.878265	92.114	105.7891
4250.244476	92.118	105.3359
4250.610687	92.114	104.9028
4250.976898	92.113	104.5098
4251.343109	92.115	104.1216
4251.709320	92.120	103.7349
4252.075531	92.130	103.3198
4252.441742	92.136	102.8530
4252.807953	92.132	102.4111
4253.174164	92.132	102.0337
4253.540375	92.140	101.6265
4253.906586	92.142	101.1719
4254.272797	92.139	100.7778
4254.639008	92.148	100.4033
4255.005219	92.157	99.9351
4255.371430	92.150	99.4819
4255.737641	92.149	99.1338
4256.103852	92.161	98.7334
4256.470063	92.162	98.2588
4256.836274	92.156	97.8750
4257.202485	92.165	97.5176
4257.568696	92.174	97.0635
4257.934907	92.170	96.6313
4258.301118	92.172	96.2681
4258.667329	92.182	95.8506
4259.033540	92.185	95.4062
4259.399751	92.188	95.0005
4259.765961	92.195	94.5566
4260.132172	92.192	94.0869
4260.498383	92.185	93.6992
4260.864594	92.191	93.3350
4261.230805	92.199	92.8955
4261.597016	92.197	92.4517
4261.963227	92.196	92.0615
4262.329438	92.203	91.6499
4262.695649	92.204	91.2002
4263.061860	92.200	90.7876
4263.428071	92.200	90.4111
4263.794282	92.206	90.0234
4264.160493	92.213	89.6123
4264.526704	92.218	89.1699
4264.892915	92.215	88.7300
4265.259126	92.212	88.3555
4265.625337	92.219	87.9917
4265.991548	92.228	87.5610
4266.357759	92.229	87.1304
4266.723970	92.232	86.7319
4267.090181	92.238	86.2969
4267.456392	92.237	85.8574
4267.822603	92.236	85.4634
4268.188814	92.241	85.0454
4268.555025	92.239	84.6094
4268.921236	92.236	84.2324
4269.287447	92.243	83.8501
4269.653658	92.248	83.4033
4270.019869	92.245	82.9834
4270.386080	92.248	82.5996
4270.752291	92.253	82.1709
4271.118501	92.251	81.7471
4271.484712	92.253	81.3691
4271.850923	92.262	80.9463
4272.217134	92.263	80.4863
4272.583345	92.260	80.0840
4272.949556	92.265	79.6855
4273.315767	92.268	79.2368
4273.681978	92.265	78.8218
4274.048189	92.267	78.4458
4274.414400	92.274	78.0312
4274.780611	92.278	77.5986
4275.146822	92.280	77.1719
4275.513033	92.279	76.7334
4275.879244	92.273	76.3438
4276.245455	92.277	76.0107
4276.611666	92.291	75.6108
4276.977877	92.296	75.1440
4277.344088	92.294	74.7329
4277.710299	92.301	74.3418
4278.076510	92.307	73.8799
4278.442721	92.300	73.4380
4278.808932	92.296	73.0933
4279.175143	92.307	72.7266
4279.541354	92.316	72.2642
4279.907565	92.313	71.8140
4280.273776	92.311	71.4258
4280.639987	92.314	71.0225
4281.006198	92.315	70.5972
4281.372409	92.313	70.2114
4281.738620	92.319	69.8354
4282.104831	92.327	69.4058
4282.471041	92.329	68.9546
4282.837252	92.326	68.5439
4283.203463	92.330	68.1519
4283.569674	92.336	67.7178
4283.935885	92.335	67.2656
4284.302096	92.330	66.8696
4284.668307	92.333	66.5034
4285.034518	92.340	66.0889
4285.400729	92.340	65.6670
4285.766940	92.343	65.2876
4286.133151	92.353	64.8647
4286.499362	92.353	64.3965
4286.865573	92.347	64.0020
4287.231784	92.353	63.6377
4287.597995	92.359	63.1987
4287.964206	92.353	62.7803
4288.330417	92.354	62.4399
4288.696628	92.367	62.0542
4289.062839	92.375	61.5957
4289.429050	92.373	61.1543
4289.795261	92.372	60.7471
4290.161472	92.373	60.3481
4290.527683	92.376	59.9463
4290.893894	92.378	59.5332
4291.260105	92.379	59.1318
4291.626316	92.384	58.7300
4291.992527	92.387	58.2920
4292.358738	92.384	57.8701
4292.724949	92.383	57.4937
4293.091160	92.389	57.0942
4293.457370	92.390	56.6772
4293.823581	92.392	56.2881
4294.189792	92.398	55.8818
4294.556003	92.400	55.4575
4294.922214	92.403	55.0635
4295.288425	92.412	54.6377
4295.654636	92.413	54.1543
4296.020847	92.402	53.7407
4296.387058	92.402	53.4097
4296.753269	92.414	53.0205
4297.119480	92.418	52.5615
4297.485691	92.415	52.1377
4297.851902	92.415	51.7598
4298.218113	92.421	51.3623
4298.584324	92.425	50.9331
4298.950535	92.425	50.5156
4299.316746	92.428	50.1138
4299.682957	92.433	49.6816
4300.049168	92.431	49.2446
4300.415379	92.430	48.8608
4300.781590	92.437	48.4648
4301.147801	92.442	48.0098
4301.514012	92.439	47.5767
4301.880223	92.438	47.1802
4302.246434	92.439	46.7788
4302.612645	92.441	46.3867
4302.978856	92.446	45.9790
4303.345067	92.446	45.5503
4303.711278	92.444	45.1709
4304.077489	92.450	44.7983
4304.443700	92.456	44.3677
4304.809910	92.454	43.9683
4305.176121	92.459	43.6025
4305.542332	92.467	43.1738
4305.908543	92.465	42.7480
4306.274754	92.467	42.3779
4306.640965	92.474	41.9707
4307.007176	92.475	41.5366
4307.373387	92.474	41.1411
4307.739598	92.477	40.7344
4308.105809	92.476	40.3120
4308.472020	92.473	39.9321
4308.838231	92.477	39.5547
4309.204442	92.481	39.1450
4309.570653	92.482	38.7417
4309.936864	92.486	38.3354
4310.303075	92.488	37.9097
4310.669286	92.488	37.5044
4311.035497	92.491	37.1118
4311.401708	92.497	36.6924
4311.767919	92.500	36.2705
4312.134130	92.504	35.8506
4312.500341	92.507	35.4023
4312.866552	92.503	34.9741
4313.232763	92.502	34.6050
4313.598974	92.511	34.2173
4313.965185	92.518	33.7690
4314.331396	92.518	33.3267
4314.697607	92.516	32.9199
4315.063818	92.516	32.5327
4315.430029	92.520	32.1562
4315.796239	92.528	31.7456
4316.162450	92.529	31.2988
4316.528661	92.524	30.8965
4316.894872	92.525	30.5386
4317.261083	92.532	30.1514
4317.627294	92.536	29.7397
4317.993505	92.540	29.3291
4318.359716	92.542	28.9058
4318.725927	92.541	28.4858
4319.092138	92.539	28.0918
4319.458349	92.541	27.7051
4319.824560	92.544	27.3037
4320.190771	92.546	26.8843
4320.556982	92.544	26.4795
4320.923193	92.546	26.1143
4321.289404	92.556	25.7202
4321.655615	92.562	25.2568
4322.021826	92.557	24.8135
4322.388037	92.555	24.4321
4322.754248	92.560	24.0415
4323.120459	92.564	23.6177
4323.486670	92.564	23.1978
4323.852881	92.563	22.7979
4324.219092	92.565	22.4150
4324.585303	92.571	22.0176
4324.951514	92.574	21.5884
4325.317725	92.570	21.1880
4325.683936	92.572	20.8452
4326.050147	92.585	20.4551
4326.416358	92.590	19.9863
4326.782569	92.582	19.5801
4327.148779	92.585	19.2612
4327.514990	92.603	18.8521
4327.881201	92.605	18.3418
4328.247412	92.593	17.9253
4328.613623	92.592	17.6006
4328.979834	92.602	17.2085
4329.346045	92.604	16.7803
4329.712256	92.607	16.3955
4330.078467	92.615	15.9780
4330.444678	92.615	15.5200
4330.810889	92.609	15.1138
4331.177100	92.608	14.7446
4331.543311	92.611	14.3784
4331.909522	92.619	14.0112
4332.275733	92.631	13.5776
4332.641944	92.629	13.1128
4333.008155	92.625	12.7422
4333.374366	92.635	12.3760
4333.740577	92.643	11.9009
4334.106788	92.634	11.4683
4334.472999	92.635	11.1309
4334.839210	92.646	10.7134
4335.205421	92.644	10.2349
4335.571632	92.634	9.8535
4335.937843	92.638	9.5015
4336.304054	92.645	9.0923
4336.670265	92.647	8.6743
4337.036476	92.650	8.2437
4337.402687	92.646	7.8081
4337.768898	92.641	7.4404
4338.135109	92.648	7.0820
4338.501319	92.656	6.6519
4338.867530	92.656	6.2319
4339.233741	92.661	5.8472
4339.599952	92.670	5.4087
4339.966163	92.671	4.9424
4340.332374	92.668	4.5142
4340.698585	92.667	4.1050
4341.064796	92.667	3.7173
4341.431007	92.673	3.3296
4341.797218	92.679	2.8853
4342.163429	92.675	2.4590
4342.529640	92.677	2.1113
4342.895851	92.692	1.6973
4343.262062	92.694	1.1807
4343.628273	92.679	0.7637
4343.994484	92.678	0.4678
4344.360695	92.694	0.0874
4344.726906	92.698	-0.3774
4345.093117	92.695	-0.7729
4345.459328	92.702	-1.1553
4345.825539	92.706	-1.6025
4346.191750	92.701	-1.9966
4346.557961	92.709	-2.3564
4346.924172	92.719	-2.8188
4347.290383	92.712	-3.2705
4347.656594	92.711	-3.6191
4348.022805	92.723	-4.0386
4348.389016	92.721	-4.5283
4348.755227	92.712	-4.9067
4349.121438	92.720	-5.2681
4349.487648	92.727	-5.7397
4349.853859	92.718	-6.1816
4350.220070	92.714	-6.5356
4350.586281	92.721	-6.9185
4350.952492	92.726	-7.3433
4351.318703	92.727	-7.7681
4351.684914	92.726	-8.1836
4352.051125	92.726	-8.5640
4352.417336	92.733	-8.9458
4352.783547	92.740	-9.3774
4353.149758	92.741	-9.8022
4353.515969	92.745	-10.2085
4353.882180	92.748	-10.6475
4354.248391	92.743	-11.0498
4354.614602	92.748	-11.3945
4354.980813	92.763	-11.8242
4355.347024	92.761	-12.3193
4355.713235	92.751	-12.6997
4356.079446	92.758	-13.0293
4356.445657	92.771	-13.4766
4356.811868	92.766	-13.9463
4357.178079	92.759	-14.3096
4357.544290	92.765	-14.6592
4357.910501	92.772	-15.0649
4358.276712	92.777	-15.4712
4358.642923	92.784	-15.8960
4359.009134	92.785	-16.3584
4359.375345	92.778	-16.7700
4359.741556	92.778	-17.1245
4360.107767	92.786	-17.5254
4360.473978	92.787	-17.9639
4360.840188	92.783	-18.3491
4361.206399	92.788	-18.7007
4361.572610	92.801	-19.1143
4361.938821	92.806	-19.5981
4362.305032	92.797	-20.0410
4362.671243	92.792	-20.3809
4363.037454	92.803	-20.7275
4363.403665	92.817	-21.1831
4363.769876	92.815	-21.6641
4364.136087	92.809	-22.0625
4364.502298	92.813	-22.4282
4364.868509	92.822	-22.8525
4365.234720	92.823	-23.3110
4365.600931	92.819	-23.7285
4365.967142	92.819	-24.1108
4366.333353	92.823	-24.5103
4366.699564	92.825	-24.9224
4367.065775	92.828	-25.3281
4367.431986	92.830	-25.7417
4367.798197	92.830	-26.1421
4368.164408	92.834	-26.5190
4368.530619	92.843	-26.9409
4368.896830	92.843	-27.3955
4369.263041	92.839	-27.7803
4369.629252	92.846	-28.1411
4369.995463	92.855	-28.5820
4370.361674	92.852	-29.0244
4370.727885	92.851	-29.3911
4371.094096	92.861	-29.7876
4371.460307	92.864	-30.2544
4371.826517	92.856	-30.6670
4372.192728	92.856	-31.0078
4372.558939	92.865	-31.3911
4372.925150	92.869	-31.8184
4373.291361	92.871	-32.2139
4373.657572	92.877	-32.6167
4374.023783	92.881	-33.0610
4374.389994	92.877	-33.4741
4374.756205	92.879	-33.8491
4375.122416	92.885	-34.2568
4375.488627	92.886	-34.6758
4375.854838	92.888	-35.0732
4376.221049	92.892	-35.4810
4376.587260	92.894	-35.8911
4376.953471	92.897	-36.2974
4377.319682	92.900	-36.7305
4377.685893	92.897	-37.1460
4378.052104	92.898	-37.5117
4378.418315	92.907	-37.9097
4378.784526	92.910	-38.3608
4379.150737	92.906	-38.7808
4379.516948	92.906	-39.1519
4379.883159	92.912	-39.5317
4380.249370	92.919	-39.9497
4380.615581	92.922	-40.3877
4380.981792	92.922	-40.8066
4381.348003	92.922	-41.2017
4381.714214	92.926	-41.5981
4382.080425	92.930	-42.0063
4382.446636	92.933	-42.4302
4382.812847	92.931	-42.8423
4383.179057	92.932	-43.2085
4383.545268	92.941	-43.5854
4383.911479	92.949	-44.0254
4384.277690	92.949	-44.4541
4384.643901	92.952	-44.8438
4385.010112	92.958	-45.2671
4385.376323	92.959	-45.7061
4385.742534	92.959	-46.1113
4386.108745	92.961	-46.5215
4386.474956	92.961	-46.9370
4386.841167	92.962	-47.3359
4387.207378	92.963	-47.7510
4387.573589	92.958	-48.1426
4387.939800	92.961	-48.4756
4388.306011	92.976	-48.8662
4388.672222	92.983	-49.3516
4389.038433	92.976	-49.7974
4389.404644	92.971	-50.1641
4389.770855	92.975	-50.5176
4390.137066	92.984	-50.8940
4390.503277	92.995	-51.3276
4390.869488	92.998	-51.7900
4391.235699	92.997	-52.2153
4391.601910	92.999	-52.6396
4391.968121	92.995	-53.0664
4392.334332	92.992	-53.4204
4392.700543	93.004	-53.7808
4393.066754	93.014	-54.2397
4393.432965	93.011	-54.6860
4393.799176	93.012	-55.0713
4394.165386	93.019	-55.4878
4394.531597	93.020	-55.9204
4394.897808	93.021	-56.3271
4395.264019	93.023	-56.7505
4395.630230	93.020	-57.1587
4395.996441	93.019	-57.5063
4396.362652	93.029	-57.8706
4396.728863	93.037	-58.2910
4397.095074	93.040	-58.7041
4397.461285	93.044	-59.0942
4397.827496	93.051	-59.4858
4398.193707	93.060	-59.8916
4398.559918	93.069	-60.3413
4398.926129	93.068	-60.8125
4399.292340	93.060	-61.2197
4399.658551	93.060	-61.5654
4400.024762	93.068	-61.9434
4400.390973	93.073	-62.3667
4400.757184	93.075	-62.7793
4401.123395	93.077	-63.1797
4401.489606	93.079	-63.5923
4401.855817	93.079	-63.9951
4402.222028	93.080	-64.3726
4402.588239	93.085	-64.7554
4402.954450	93.092	-65.1528
4403.320661	93.100	-65.5649
4403.686872	93.107	-66.0156
4404.053083	93.106	-66.4746
4404.419294	93.102	-66.8853
4404.785505	93.102	-67.2744
4405.151716	93.105	-67.6719
4405.517926	93.108	-68.0679
4405.884137	93.113	-68.4829
4406.250348	93.113	-68.8975
4406.616559	93.116	-69.2769
4406.982770	93.124	-69.6860
4407.348981	93.127	-70.1284
4407.715192	93.127	-70.5264
4408.081403	93.133	-70.9360
4408.447614	93.132	-71.3804
4408.813825	93.127	-71.7490
4409.180036	93.136	-72.0986
4409.546247	93.146	-72.5361
4409.912458	93.145	-72.9551
4410.278669	93.151	-73.3325
4410.644880	93.159	-73.7832
4411.011091	93.154	-74.2329
4411.377302	93.150	-74.5854
4411.743513	93.160	-74.9556
4412.109724	93.167	-75.4004
4412.475935	93.165	-75.8267
4412.842146	93.165	-76.2075
4413.208357	93.172	-76.5972
4413.574568	93.179	-77.0220
4413.940779	93.181	-77.4619
4414.306990	93.179	-77.8721
4414.673201	93.182	-78.2578
4415.039412	93.188	-78.6748
4415.405623	93.187	-79.0977
4415.771834	93.187	-79.4639
4416.138045	93.199	-79.8486
4416.504256	93.205	-80.3154
4416.870466	93.198	-80.7397
4417.236677	93.198	-81.0688
4417.602888	93.212	-81.4521
4417.969099	93.217	-81.9082
4418.335310	93.215	-82.3032
4418.701521	93.223	-82.6763
4419.067732	93.230	-83.1216
4419.433943	93.226	-83.5488
4419.800154	93.226	-83.8970
4420.166365	93.238	-84.2705
4420.532576	93.248	-84.7271
4420.898787	93.246	-85.1895
4421.264998	93.241	-85.5811
4421.631209	93.246	-85.9409
4421.997420	93.256	-86.3687
4422.363631	93.256	-86.8350
4422.729842	93.250	-87.2388
4423.096053	93.253	-87.6094
4423.462264	93.259	-88.0215
4423.828475	93.259	-88.4424
4424.194686	93.260	-88.8359
4424.560897	93.265	-89.2275
4424.927108	93.272	-89.6396
4425.293319	93.276	-90.0757
4425.659530	93.276	-90.4966
4426.025741	93.279	-90.8857
4426.391952	93.287	-91.3066
4426.758163	93.287	-91.7515
4427.124374	93.284	-92.1333
4427.490585	93.292	-92.5010
4427.856795	93.301	-92.9287
4428.223006	93.303	-93.3472
4428.589217	93.309	-93.7407
4428.955428	93.318	-94.1836
4429.321639	93.317	-94.6392
4429.687850	93.314	-95.0439
4430.054061	93.314	-95.4277
4430.420272	93.317	-95.8125
4430.786483	93.322	-96.2080
4431.152694	93.325	-96.6216
4431.518905	93.325	-97.0039
4431.885116	93.333	-97.3618
4432.251327	93.346	-97.7954
4432.617538	93.347	-98.2676
4432.983749	93.343	-98.6636
4433.349960	93.348	-99.0430
4433.716171	93.353	-99.4849
4434.082382	93.349	-99.9004
4434.448593	93.350	-100.2593
4434.814804	93.358	-100.6479
4435.181015	93.363	-101.0649
4435.547226	93.367	-101.4678
4435.913437	93.373	-101.8818
4436.279648	93.376	-102.3018
4436.645859	93.380	-102.7056
4437.012070	93.386	-103.1318
4437.378281	93.386	-103.5708
4437.744492	93.383	-103.9653
4438.110703	93.386	-104.3330
4438.476914	93.393	-104.7158
4438.843125	93.402	-105.1240
4439.209335	93.408	-105.5737
4439.575546	93.404	-106.0098
4439.941757	93.402	-106.3564
4440.307968	93.416	-106.7183
4440.674179	93.428	-107.1973
4441.040390	93.423	-107.6680
4441.406601	93.418	-108.0483
4441.772812	93.422	-108.4316
4442.139023	93.424	-108.8325
4442.505234	93.428	-109.2109
4442.871445	93.436	-109.6206
4443.237656	93.440	-110.0669
4443.603867	93.438	-110.4834
4443.970078	93.440	-110.8755
4444.336289	93.444	-111.2778
4444.702500	93.447	-111.6904
4445.068711	93.449	-112.1113
4445.434922	93.448	-112.5146
4445.801133	93.450	-112.8838
4446.167344	93.459	-113.2729
4446.533555	93.466	-113.7114
4446.899766	93.466	-114.1436
4447.265977	93.467	-114.5366
4447.632188	93.473	-114.9351
4447.998399	93.478	-115.3687
4448.364610	93.477	-115.7915
4448.730821	93.477	-116.1758
4449.097032	93.484	-116.5625
4449.463243	93.490	-116.9814
4449.829454	93.494	-117.4131
4450.195664	93.494	-117.8350
4450.561875	93.493	-118.2246
4450.928086	93.498	-118.5874
4451.294297	93.510	-118.9922
4451.660508	93.517	-119.4619
4452.026719	93.512	-119.9014
4452.392930	93.512	-120.2656
4452.759141	93.522	-120.6597
4453.125352	93.527	-121.1318
4453.491563	93.520	-121.5566
4453.857774	93.520	-121.8931
4454.223985	93.534	-122.2871
4454.590196	93.538	-122.7524
4454.956407	93.534	-123.1401
4455.322618	93.545	-123.5015
4455.688829	93.557	-123.9751
4456.055040	93.552	-124.4443
4456.421251	93.548	-124.8032
4456.787462	93.559	-125.1855
4457.153673	93.564	-125.6323
4457.519884	93.564	-126.0420
4457.886095	93.570	-126.4448
4458.252306	93.573	-126.8813
4458.618517	93.571	-127.2788
4458.984728	93.575	-127.6475
4459.350939	93.583	-128.0547
4459.717150	93.586	-128.4697
4460.083361	93.589	-128.8618
4460.449572	93.595	-129.2583
4460.815783	93.601	-129.6660
4461.181994	93.606	-130.0791
4461.548204	93.611	-130.5034
4461.914415	93.612	-130.9277
4462.280626	93.612	-131.3252
4462.646837	93.615	-131.6899
4463.013048	93.628	-132.0850
4463.379259	93.636	-132.5537
4463.745470	93.632	-132.9951
4464.111681	93.633	-133.3662
4464.477892	93.644	-133.7993
4464.844103	93.641	-134.2817
4465.210314	93.631	-134.6543
4465.576525	93.637	-134.9819
4465.942736	93.650	-135.4053
4466.308947	93.652	-135.8452
4466.675158	93.655	-136.2485
4467.041369	93.660	-136.6782
4467.407580	93.660	-137.1084
4467.773791	93.660	-137.4985
4468.140002	93.666	-137.8940
4468.506213	93.671	-138.3120
4468.872424	93.674	-138.7339
4469.238635	93.675	-139.1396
4469.604846	93.680	-139.5298
4469.971057	93.686	-139.9507
4470.337268	93.687	-140.3818
4470.703479	93.687	-140.7578
4471.069690	93.696	-141.1445
4471.435901	93.701	-141.5869
4471.802112	93.699	-141.9834
4472.168323	93.707	-142.3447
4472.534534	93.719	-142.7759
4472.900744	93.722	-143.2334
4473.266955	93.722	-143.6479
4473.633166	93.726	-144.0630
4473.999377	93.727	-144.4873
4474.365588	93.728	-144.8857
4474.731799	93.732	-145.2856
4475.098010	93.736	-145.7061
4475.464221	93.737	-146.1113
4475.830432	93.742	-146.5088
4476.196643	93.748	-146.9468
4476.562854	93.744	-147.3779
4476.929065	93.742	-147.7358
4477.295276	93.753	-148.0972
4477.661487	93.765	-148.5381
4478.027698	93.766	-149.0010
4478.393909	93.763	-149.4199
4478.760120	93.762	-149.7832
4479.126331	93.772	-150.1406
4479.492542	93.786	-150.5874
4479.858753	93.786	-151.0742
4480.224964	93.779	-151.4565
4480.591175	93.787	-151.8066
4480.957386	93.798	-152.2476
4481.323597	93.798	-152.6924
4481.689808	93.800	-153.0884
4482.056019	93.806	-153.5142
4482.422230	93.805	-153.9443
4482.788441	93.805	-154.3242
4483.154652	93.812	-154.7129
4483.520863	93.817	-155.1411
4483.887073	93.818	-155.5498
4484.253284	93.824	-155.9355
4484.619495	93.834	-156.3701
4484.985706	93.834	-156.8394
4485.351917	93.828	-157.2329
4485.718128	93.834	-157.5854
4486.084339	93.845	-158.0225
4486.450550	93.843	-158.4790
4486.816761	93.841	-158.8579
4487.182972	93.849	-159.2505
4487.549183	93.852	-159.6860
4487.915394	93.851	-160.0801
4488.281605	93.857	-160.4648
4488.647816	93.863	-160.8857
4489.014027	93.865	-161.2896
4489.380238	93.872	-161.6895
4489.746449	93.878	-162.1260
4490.112660	93.878	-162.5522
4490.478871	93.880	-162.9419
4490.845082	93.886	-163.3325
4491.211293	93.895	-163.7544
4491.577504	93.899	-164.2070
4491.943715	93.897	-164.6406
4492.309926	93.896	-165.0176
4492.676137	93.904	-165.3994
4493.042348	93.913	-165.8403
4493.408559	93.913	-166.2832
4493.774770	93.914	-166.6812
4494.140981	93.920	-167.0981
4494.507192	93.921	-167.5566
4494.873403	93.913	-167.9507
4495.239613	93.917	-168.2754
4495.605824	93.934	-168.6899
4495.972035	93.935	-169.1846
4496.338246	93.926	-169.5771
4496.704457	93.932	-169.9087
4497.070668	93.946	-170.3389
4497.436879	93.945	-170.7900
4497.803090	93.946	-171.1650
4498.169301	93.956	-171.5723
4498.535512	93.959	-172.0347
4498.901723	93.954	-172.4331
4499.267934	93.959	-172.7896
4499.634145	93.969	-173.1953
4500.000356	93.975	-173.6177
4500.366567	93.983	-174.0410
4500.732778	93.987	-174.4961
4501.098989	93.985	-174.9243
4501.465200	93.988	-175.3076
4501.831411	93.997	-175.7363
4502.197622	93.996	-176.1855
4502.563833	93.993	-176.5615
4502.930044	94.003	-176.9365
4503.296255	94.012	-177.3794
4503.662466	94.013	-177.8086
4504.028677	94.019	-178.2119
4504.394888	94.025	-178.6675
4504.761099	94.021	-179.1250
4505.127310	94.015	-179.5005
4505.493521	94.021	-179.8501
4505.859732	94.031	179.7451
4506.225942	94.036	179.3008
4506.592153	94.036	178.8716
4506.958364	94.035	178.4741
4507.324575	94.039	178.0913
4507.690786	94.048	177.6797
4508.056997	94.053	177.2192
4508.423208	94.048	176.7764
4508.789419	94.046	176.4009
4509.155630	94.053	176.0088
4509.521841	94.057	175.5552
4509.888052	94.052	175.1357
4510.254263	94.053	174.7622
4510.620474	94.058	174.3530
4510.986685	94.059	173.9409
4511.352896	94.064	173.5508
4511.719107	94.071	173.1128
4512.085318	94.071	172.6655
4512.451529	94.071	172.2651
4512.817740	94.076	171.8379
4513.183951	94.074	171.3970
4513.550162	94.073	171.0264
4513.916373	94.084	170.6260
4514.282584	94.087	170.1343
4514.648795	94.076	169.7266
4515.015006	94.080	169.4233
4515.381217	94.101	169.0044
4515.747428	94.104	168.4897
4516.113639	94.096	168.0840
4516.479850	94.103	167.7144
4516.846061	94.110	167.2485
4517.212272	94.102	166.8286
4517.578482	94.105	166.5029
4517.944693	94.121	166.0908
4518.310904	94.124	165.6074
4518.677115	94.119	165.2007
4519.043326	94.124	164.8105
4519.409537	94.127	164.3677
4519.775748	94.122	163.9619
4520.141959	94.124	163.6084
4520.508170	94.134	163.2192
4520.874381	94.142	162.7808
4521.240592	94.144	162.3340
4521.606803	94.144	161.8931
4521.973014	94.140	161.4751
4522.339225	94.138	161.0938
4522.705436	94.143	160.7173
4523.071647	94.150	160.3013
4523.437858	94.154	159.8633
4523.804069	94.155	159.4404
4524.170280	94.157	159.0190
4524.536491	94.159	158.5894
4524.902702	94.158	158.1738
4525.268913	94.159	157.7725
4525.635124	94.162	157.3716
4526.001335	94.167	156.9678
4526.367546	94.173	156.5454
4526.733757	94.175	156.1113
4527.099968	94.176	155.6973
4527.466179	94.181	155.2852
4527.832390	94.183	154.8506
4528.198601	94.182	154.4399
4528.564811	94.186	154.0591
4528.931022	94.193	153.6309
4529.297233	94.192	153.1826
4529.663444	94.189	152.8149
4530.029655	94.200	152.4526
4530.395866	94.212	151.9775
4530.762077	94.205	151.5068
4531.128288	94.200	151.1582
4531.494499	94.213	150.7944
4531.860710	94.225	150.3174
4532.226921	94.222	149.8335
4532.593132	94.216	149.4077
4532.959343	94.211	149.0239
4533.325554	94.214	148.6743
4533.691765	94.227	148.2827
4534.057976	94.235	147.8037
4534.424187	94.231	147.3472
4534.790398	94.230	146.9551
4535.156609	94.234	146.5371
4535.522820	94.233	146.1089
4535.889031	94.233	145.7241
4536.255242	94.239	145.3267
4536.621453	94.244	144.8989
4536.987664	94.247	144.4746
4537.353875	94.249	144.0415
4537.720086	94.246	143.6284
4538.086297	94.249	143.2578
4538.452508	94.260	142.8442
4538.818719	94.263	142.3853
4539.184930	94.262	141.9658
4539.551141	94.265	141.5557
4539.917351	94.266	141.1235
4540.283562	94.265	140.7241
4540.649773	94.271	140.3311
4541.015984	94.275	139.9009
4541.382195	94.276	139.4868
4541.748406	94.281	139.0801
4542.114617	94.284	138.6377
4542.480828	94.282	138.2207
4542.847039	94.286	137.8433
4543.213250	94.296	137.4072
4543.579461	94.295	136.9292
4543.945672	94.287	136.5229
4544.311883	94.289	136.1709
4544.678094	94.298	135.7661
4545.044305	94.302	135.3145
4545.410516	94.300	134.8989
4545.776727	94.303	134.5127
4546.142938	94.309	134.0898
4546.509149	94.309	133.6494
4546.875360	94.307	133.2529
4547.241571	94.312	132.8740
4547.607782	94.320	132.4585
4547.973993	94.325	132.0195
4548.340204	94.326	131.5830
4548.706415	94.326	131.1602
4549.072626	94.326	130.7632
4549.438837	94.331	130.3691
4549.805048	94.337	129.9409
4550.171259	94.338	129.5044
4550.537470	94.338	129.0957
4550.903681	94.343	128.6855
4551.269891	94.345	128.2417
4551.636102	94.341	127.8140
4552.002313	94.339	127.4458
4552.368524	94.346	127.0757
4552.734735	94.356	126.6514
4553.100946	94.361	126.2065
4553.467157	94.363	125.7578
4553.833368	94.361	125.3120
4554.199579	94.357	124.9126
4554.565790	94.361	124.5273
4554.932001	94.366	124.0952
4555.298212	94.364	123.6689
4555.664423	94.365	123.2808
4556.030634	94.371	122.8677
4556.396845	94.373	122.4292
4556.763056	94.373	122.0137
4557.129267	94.374	121.6152
4557.495478	94.379	121.2109
4557.861689	94.383	120.7925
4558.227900	94.386	120.3740
4558.594111	94.391	119.9600
4558.960322	94.395	119.5156
4559.326533	94.392	119.0752
4559.692744	94.390	118.7100
4560.058955	94.401	118.3325
4560.425166	94.410	117.8662
4560.791377	94.409	117.4160
4561.157588	94.411	117.0063
4561.523799	94.413	116.5562
4561.890010	94.407	116.1348
4562.256220	94.409	115.7788
4562.622431	94.420	115.3540
4562.988642	94.419	114.8750
4563.354853	94.410	114.4805
4563.721064	94.413	114.1177
4564.087275	94.418	113.7046
4564.453486	94.418	113.3154
4564.819697	94.426	112.9517
4565.185908	94.440	112.5093
4565.552119	94.442	112.0220
4565.918330	94.436	111.5996
4566.284541	94.439	111.2192
4566.650752	94.445	110.8032
4567.016963	94.449	110.3682
4567.383174	94.452	109.9429
4567.749385	94.454	109.5083
4568.115596	94.454	109.0806
4568.481807	94.455	108.6782
4568.848018	94.459	108.2671
4569.214229	94.461	107.8452
4569.580440	94.463	107.4414
4569.946651	94.469	107.0225
4570.312862	94.471	106.5776
4570.679073	94.469	106.1616
4571.045284	94.470	105.7734
4571.411495	94.475	105.3687
4571.777706	94.479	104.9414
4572.143917	94.480	104.5171
4572.510128	94.481	104.1113
4572.876339	94.484	103.7026
4573.242550	94.486	103.2798
4573.608760	94.487	102.8818
4573.974971	94.495	102.4775
4574.341182	94.500	102.0054
4574.707393	94.492	101.5591
4575.073604	94.489	101.1997
4575.439815	94.499	100.8013
4575.806026	94.501	100.3364
4576.172237	94.496	99.9146
4576.538448	94.497	99.5244
4576.904659	94.498	99.1177
4577.270870	94.500	98.7231
4577.637081	94.506	98.3223
4578.003292	94.510	97.8877
4578.369503	94.511	97.4629
4578.735714	94.515	97.0527
4579.101925	94.520	96.6162
4579.468136	94.519	96.1665
4579.834347	94.515	95.7500
4580.200558	94.514	95.3760
4580.566769	94.522	94.9961
4580.932980	94.531	94.5576
4581.299191	94.532	94.0942
4581.665402	94.528	93.6836
4582.031613	94.531	93.3086
4582.397824	94.540	92.8862
4582.764035	94.541	92.4331
4583.130246	94.540	92.0234
4583.496457	94.544	91.6265
4583.862668	94.548	91.1899
4584.228879	94.546	90.7690
4584.595089	94.548	90.3828
4584.961300	94.554	89.9741
4585.327511	94.557	89.5552
4585.693722	94.561	89.1416
4586.059933	94.564	88.7021
4586.426144	94.562	88.2886
4586.792355	94.565	87.9219
4587.158566	94.576	87.5015
4587.524777	94.579	87.0425
4587.890988	94.579	86.6304
4588.257199	94.585	86.2026
4588.623410	94.583	85.7393
4588.989621	94.576	85.3442
4589.355832	94.581	84.9844
4589.722043	94.590	84.5532
4590.088254	94.590	84.1011
4590.454465	94.588	83.6870
4590.820676	94.588	83.2808
4591.186887	94.588	82.8848
4591.553098	94.592	82.5000
4591.919309	94.601	82.0776
4592.285520	94.603	81.6211
4592.651731	94.600	81.1938
4593.017942	94.600	80.8003
4593.384153	94.605	80.3921
4593.750364	94.608	79.9609
4594.116575	94.608	79.5405
4594.482786	94.610	79.1382
4594.848997	94.615	78.7266
4595.215208	94.620	78.2910
4595.581419	94.622	77.8467
4595.947629	94.620	77.4102
4596.313840	94.617	76.9937
4596.680051	94.616	76.6084
4597.046262	94.620	76.2290
4597.412473	94.627	75.8169
4597.778684	94.631	75.3857
4598.144895	94.632	74.9614
4598.511106	94.633	74.5430
4598.877317	94.632	74.1421
4599.243528	94.635	73.7651
4599.609739	94.644	73.3691
4599.975950	94.651	72.9297
4600.342161	94.653	72.4858
4600.708372	94.654	72.0576
4601.074583	94.654	71.6382
4601.440794	94.656	71.2275
4601.807005	94.659	70.8042
4602.173216	94.659	70.3696
4602.539427	94.656	69.9722
4602.905638	94.661	69.5850
4603.271849	94.666	69.1484
4603.638060	94.665	68.7148
4604.004271	94.666	68.3193
4604.370482	94.671	67.8921
4604.736693	94.669	67.4458
4605.102904	94.664	67.0503
4605.469115	94.666	66.6758
4605.835326	94.672	66.2822
4606.201537	94.679	65.8633
4606.567748	94.683	65.4126
4606.933959	94.680	64.9961
4607.300169	94.686	64.6162
4607.666380	94.697	64.1470
4608.032591	94.690	63.6538
4608.398802	94.680	63.2954
4608.765013	94.690	62.9419
4609.131224	94.699	62.4648
4609.497435	94.690	62.0244
4609.863646	94.689	61.6792
4610.229857	94.700	61.2886
4610.596068	94.707	60.8389
4610.962279	94.708	60.4028
4611.328490	94.710	59.9824
4611.694701	94.712	59.5649
4612.060912	94.716	59.1396
4612.427123	94.717	58.7002
4612.793334	94.715	58.2837
4613.159545	94.717	57.8887
4613.525756	94.721	57.4741
4613.891967	94.722	57.0562
4614.258178	94.724	56.6533
4614.624389	94.728	56.2310
4614.990600	94.727	55.8037
4615.356811	94.725	55.4229
4615.723022	94.731	55.0527
4616.089233	94.740	54.6362
4616.455444	94.744	54.1992
4616.821655	94.746	53.7715
4617.187866	94.747	53.3413
4617.554077	94.745	52.9307
4617.920288	94.747	52.5439
4618.286498	94.754	52.1240
4618.652709	94.755	51.6685
4619.018920	94.749	51.2476
4619.385131	94.748	50.8696
4619.751342	94.752	50.4800
4620.117553	94.757	50.0630
4620.483764	94.761	49.6343
4620.849975	94.763	49.1904
4621.216186	94.760	48.7515
4621.582397	94.756	48.3535
4621.948608	94.758	47.9688
4622.314819	94.763	47.5620
4622.681030	94.767	47.1514
4623.047241	94.774	46.7207
4623.413452	94.777	46.2500
4623.779663	94.770	45.8164
4624.145874	94.769	45.4478
4624.512085	94.776	45.0488
4624.878296	94.779	44.6191
4625.244507	94.780	44.2275
4625.610718	94.788	43.8354
4625.976929	94.798	43.3931
4626.343140	94.802	42.9268
4626.709351	94.799	42.4658
4627.075562	94.792	42.0542
4627.441773	94.792	41.6943
4627.807984	94.799	41.3032
4628.174195	94.802	40.8774
4628.540406	94.804	40.4800
4628.906617	94.811	40.0688
4629.272828	94.814	39.6074
4629.639038	94.809	39.1665
4630.005249	94.804	38.7827
4630.371460	94.805	38.4238
4630.737671	94.815	38.0425
4631.103882	94.826	37.5884
4631.470093	94.825	37.1035
4631.836304	94.819	36.6885
4632.202515	94.822	36.2979
4632.568726	94.826	35.8418
4632.934937	94.820	35.3965
4633.301148	94.815	35.0259
4633.667359	94.821	34.6479
4634.033570	94.826	34.2256
4634.399781	94.829	33.8101
4634.765992	94.834	33.3936
4635.132203	94.838	32.9507
4635.498414	94.836	32.5146
4635.864625	94.834	32.1123
4636.230836	94.836	31.7319
4636.597047	94.843	31.3413
4636.963258	94.850	30.9082
4637.329469	94.851	30.4604
4637.695680	94.848	30.0571
4638.061891	94.851	29.6768
4638.428102	94.855	29.2720
4638.794313	94.858	28.8730
4639.160524	94.865	28.4854
4639.526735	94.876	28.0459
4639.892946	94.878	27.5723
4640.259157	94.875	27.1318
4640.625367	94.872	26.7168
4640.991578	94.870	26.3145
4641.357789	94.872	25.9307
4641.724000	94.878	25.5171
4642.090211	94.880	25.0688
4642.456422	94.876	24.6475
4642.822633	94.875	24.2490
4643.188844	94.876	23.8511
4643.555055	94.879	23.4565
4643.921266	94.883	23.0425
4644.287477	94.885	22.6172
4644.653688	94.887	22.2090
4645.019899	94.889	21.7954
4645.386110	94.891	21.3848
4645.752321	94.895	20.9897
4646.118532	94.903	20.5566
4646.484743	94.904	20.1079
4646.850954	94.904	19.6973
4647.217165	94.908	19.2700
4647.583376	94.907	18.8208
4647.949587	94.903	18.4165
4648.315798	94.904	18.0332
4648.682009	94.907	17.6411
4649.048220	94.914	17.2471
4649.414431	94.922	16.8032
4649.780642	94.920	16.3379
4650.146853	94.914	15.9497
4650.513064	94.920	15.5840
4650.879275	94.928	15.1494
4651.245486	94.928	14.7158
4651.611697	94.932	14.3149
4651.977907	94.938	13.8569
4652.344118	94.931	13.3931
4652.710329	94.924	13.0356
4653.076540	94.933	12.6777
4653.442751	94.940	12.2290
4653.808962	94.938	11.8110
4654.175173	94.945	11.4189
4654.541384	94.950	10.9468
4654.907595	94.940	10.5161
4655.273806	94.941	10.1836
4655.640017	94.954	9.7715
4656.006228	94.955	9.2964
4656.372439	94.951	8.9023
4656.738650	94.959	8.5078
4657.104861	94.963	8.0518
4657.471072	94.960	7.6274
4657.837283	94.963	7.2163
4658.203494	94.962	6.7759
4658.569705	94.957	6.3779
4658.935916	94.960	6.0132
4659.302127	94.968	5.5977
4659.668338	94.971	5.1562
4660.034549	94.970	4.7427
4660.400760	94.973	4.3335
4660.766971	94.976	3.9072
4661.133182	94.976	3.4937
4661.499393	94.979	3.0996
4661.865604	94.986	2.6782
4662.231815	94.989	2.2129
4662.598026	94.983	1.7754
4662.964236	94.980	1.4126
4663.330447	94.989	1.0332
4663.696658	94.996	0.5664
4664.062869	94.989	0.1240
4664.429080	94.987	-0.2197
4664.795291	95.000	-0.5952
4665.161502	95.009	-1.0737
4665.527713	95.003	-1.5259
4665.893924	95.000	-1.8906
4666.260135	95.009	-2.2744
4666.626346	95.015	-2.7178
4666.992557	95.015	-3.1479
4667.358768	95.018	-3.5640
4667.724979	95.019	-4.0049
4668.091190	95.013	-4.4126
4668.457401	95.015	-4.7695
4668.823612	95.023	-5.1680
4669.189823	95.027	-5.6021
4669.556034	95.029	-6.0146
4669.922245	95.032	-6.4443
4670.288456	95.029	-6.8618
4670.654667	95.032	-7.2197
4671.020878	95.045	-7.6426
4671.387089	95.044	-8.1357
4671.753300	95.035	-8.5200
4672.119511	95.044	-8.8711
4672.485722	95.054	-9.3516
4672.851933	95.045	-9.8145
4673.218144	95.041	-10.1602
4673.584355	95.051	-10.5532
4673.950566	95.054	-11.0176
4674.316776	95.049	-11.4253
4674.682987	95.052	-11.8105
4675.049198	95.056	-12.2422
4675.415409	95.053	-12.6519
4675.781620	95.056	-13.0190
4676.147831	95.067	-13.4355
4676.514042	95.070	-13.9102
4676.880253	95.064	-14.3374
4677.246464	95.065	-14.7031
4677.612675	95.075	-15.1108
4677.978886	95.080	-15.5806
4678.345097	95.075	-16.0171
4678.711308	95.074	-16.3999
4679.077519	95.081	-16.8062
4679.443730	95.084	-17.2515
4679.809941	95.082	-17.6787
4680.176152	95.081	-18.0654
4680.542363	95.087	-18.4546
4680.908574	95.094	-18.8877
4681.274785	95.095	-19.3384
4681.640996	95.092	-19.7495
4682.007207	95.093	-20.1313
4682.373418	95.098	-20.5278
4682.739629	95.103	-20.9434
4683.105840	95.107	-21.3765
4683.472051	95.106	-21.8120
4683.838262	95.103	-22.2002
4684.204473	95.109	-22.5811
4684.570684	95.114	-23.0308
4684.936895	95.106	-23.4692
4685.303106	95.100	-23.8091
4685.669316	95.110	-24.1592
4686.035527	95.120	-24.6035
4686.401738	95.119	-25.0464
4686.767949	95.120	-25.4478
4687.134160	95.123	-25.8838
4687.500371	95.119	-26.3262
4687.866582	95.114	-26.7012
4688.232793	95.120	-27.0742
4688.599004	95.126	-27.5088
4688.965215	95.124	-27.9482
4689.331426	95.122	-28.3569
4689.697637	95.121	-28.7495
4690.063848	95.124	-29.1284
4690.430059	95.133	-29.5483
4690.796270	95.133	-30.0171
4691.162481	95.125	-30.4209
4691.528692	95.128	-30.7705
4691.894903	95.139	-31.2046
4692.261114	95.135	-31.6670
4692.627325	95.130	-32.0420
4692.993536	95.137	-32.4229
4693.359747	95.140	-32.8662
4693.725958	95.135	-33.2681
4694.092169	95.139	-33.6343
4694.458380	95.146	-34.0518
4694.824591	95.147	-34.4854
4695.190802	95.148	-34.8950
4695.557013	95.149	-35.3096
4695.923224	95.147	-35.7144
4696.289435	95.149	-36.1025
4696.655645	95.153	-36.5122
4697.021856	95.153	-36.9229
4697.388067	95.155	-37.3125
4697.754278	95.161	-37.7227
4698.120489	95.163	-38.1509
4698.486700	95.164	-38.5654
4698.852911	95.167	-38.9854
4699.219122	95.167	-39.4116
4699.585333	95.167	-39.8276
4699.951544	95.168	-40.2485
4700.317755	95.165	-40.6597
4700.683966	95.166	-41.0464
4701.050177	95.170	-41.4531
4701.416388	95.172	-41.8853
4701.782599	95.170	-42.2969
4702.148810	95.172	-42.7031
4702.515021	95.172	-43.1196
4702.881232	95.170	-43.5171
4703.247443	95.173	-43.9009
4703.613654	95.178	-44.3032
4703.979865	95.182	-44.7329
4704.346076	95.181	-45.1685
4704.712287	95.178	-45.5571
4705.078498	95.183	-45.9165
4705.444709	95.194	-46.3403
4705.810920	95.196	-46.8101
4706.177131	95.193	-47.2368
4706.543342	95.194	-47.6562
4706.909553	95.190	-48.0986
4707.275764	95.181	-48.4736
4707.641975	95.184	-48.7949
4708.008185	95.198	-49.1890
4708.374396	95.205	-49.6519
4708.740607	95.204	-50.0947
4709.106818	95.203	-50.5186
4709.473029	95.201	-50.9512
4709.839240	95.196	-51.3550
4710.205451	95.194	-51.7134
4710.571662	95.201	-52.0791
4710.937873	95.212	-52.5000
4711.304084	95.218	-52.9673
4711.670295	95.216	-53.4458
4712.036506	95.206	-53.8848
4712.402717	95.198	-54.2446
4712.768928	95.203	-54.5879
4713.135139	95.212	-55.0073
4713.501350	95.211	-55.4517
4713.867561	95.210	-55.8413
4714.233772	95.216	-56.2451
4714.599983	95.217	-56.6982
4714.966194	95.211	-57.1064
4715.332405	95.211	-57.4707
4715.698616	95.215	-57.8647
4716.064827	95.217	-58.2520
4716.431038	95.225	-58.6294
4716.797249	95.236	-59.0806
4717.163460	95.234	-59.5493
4717.529671	95.230	-59.9424
4717.895882	95.235	-60.3438
4718.262093	95.235	-60.7949
4718.628304	95.229	-61.1929
4718.994514	95.232	-61.5537
4719.360725	95.239	-61.9761
4719.726936	95.238	-62.4072
4720.093147	95.238	-62.7925
4720.459358	95.244	-63.2021
4720.825569	95.245	-63.6401
4721.191780	95.243	-64.0459
4721.557991	95.247	-64.4448
4721.924202	95.250	-64.8701
4722.290413	95.249	-65.2930
4722.656624	95.249	-65.6997
4723.022835	95.250	-66.1045
4723.389046	95.252	-66.5127
4723.755257	95.252	-66.9136
4724.121468	95.254	-67.2969
4724.487679	95.263	-67.7036
4724.853890	95.267	-68.1675
4725.220101	95.261	-68.6094
4725.586312	95.256	-68.9893
4725.952523	95.258	-69.3716
4726.318734	95.258	-69.7583
4726.684945	95.263	-70.1328
4727.051156	95.271	-70.5562
4727.417367	95.270	-70.9966
4727.783578	95.269	-71.3892
4728.149789	95.274	-71.7993
4728.516000	95.272	-72.2271
4728.882211	95.271	-72.6006
4729.248422	95.280	-73.0024
4729.614633	95.282	-73.4624
4729.980844	95.276	-73.8589
4730.347054	95.283	-74.2231
4730.713265	95.292	-74.6680
4731.079476	95.292	-75.1318
4731.445687	95.288	-75.5449
4731.811898	95.289	-75.9429
4732.178109	95.293	-76.3472
4732.544320	95.297	-76.7720
4732.910531	95.296	-77.2090
4733.276742	95.293	-77.5928
4733.642953	95.300	-77.9492
4734.009164	95.313	-78.3872
4734.375375	95.315	-78.8730
4734.741586	95.309	-79.2935
4735.107797	95.311	-79.6899
4735.474008	95.312	-80.1274
4735.840219	95.306	-80.5342
4736.206430	95.306	-80.8911
4736.572641	95.312	-81.2856
4736.938852	95.314	-81.7041
4737.305063	95.316	-82.1055
4737.671274	95.319	-82.5288
4738.037485	95.317	-82.9468
4738.403696	95.318	-83.3267
4738.769907	95.323	-83.7500
4739.136118	95.320	-84.1924
4739.502329	95.315	-84.5625
4739.868540	95.322	-84.9409
4740.234751	95.325	-85.3784
4740.600962	95.323	-85.7817
4740.967173	95.327	-86.1650
4741.333384	95.333	-86.5938
4741.699594	95.333	-87.0156
4742.065805	95.336	-87.4199
4742.432016	95.339	-87.8511
4742.798227	95.338	-88.2671
4743.164438	95.340	-88.6470
4743.530649	95.349	-89.0684
4743.896860	95.350	-89.5356
4744.263071	95.343	-89.9497
4744.629282	95.342	-90.3027
4744.995493	95.351	-90.6855
4745.361704	95.357	-91.1187
4745.727915	95.359	-91.5615
4746.094126	95.356	-91.9971
4746.460337	95.349	-92.3809
4746.826548	95.353	-92.7207
4747.192759	95.364	-93.1382
4747.558970	95.363	-93.6089
4747.925181	95.355	-93.9780
4748.291392	95.365	-94.3252
4748.657603	95.375	-94.7949
4749.023814	95.368	-95.2559
4749.390025	95.363	-95.6123
4749.756236	95.372	-95.9956
4750.122447	95.378	-96.4424
4750.488658	95.378	-96.8774
4750.854869	95.380	-97.3174
4751.221080	95.375	-97.7646
4751.587291	95.368	-98.1631
4751.953502	95.365	-98.5249
4752.319713	95.368	-98.8853
4752.685923	95.376	-99.2573
4753.052134	95.385	-99.6714
4753.418345	95.390	-100.1113
4753.784556	95.392	-100.5283
4754.150767	95.398	-100.9434
4754.516978	95.402	-101.3867
4754.883189	95.402	-101.8296
4755.249400	95.399	-102.2598
4755.615611	95.394	-102.6689
4755.981822	95.391	-103.0239
4756.348033	95.399	-103.3730
4756.714244	95.412	-103.8062
4757.080455	95.413	-104.2754
4757.446666	95.409	-104.6885
4757.812877	95.411	-105.0776
4758.179088	95.415	-105.4883
4758.545299	95.418	-105.9106
4758.911510	95.420	-106.3530
4759.277721	95.415	-106.7866
4759.643932	95.412	-107.1558
4760.010143	95.419	-107.5269
4760.376354	95.427	-107.9722
4760.742565	95.425	-108.4146
4761.108776	95.424	-108.8052
4761.474987	95.430	-109.2109
4761.841198	95.434	-109.6504
4762.207409	95.434	-110.0874
4762.573620	95.431	-110.5068
4762.939831	95.429	-110.8940
4763.306042	95.435	-111.2764
4763.672253	95.441	-111.7153
4764.038463	95.438	-112.1636
4764.404674	95.432	-112.5322
4764.770885	95.439	-112.8828
4765.137096	95.450	-113.3145
4765.503307	95.450	-113.7666
4765.869518	95.448	-114.1562
4766.235729	95.454	-114.5430
4766.601940	95.459	-114.9805
4766.968151	95.457	-115.4072
4767.334362	95.458	-115.7915
4767.700573	95.465	-116.1963
4768.066784	95.469	-116.6489
4768.432995	95.465	-117.0859
4768.799206	95.462	-117.4624
4769.165417	95.469	-117.8477
4769.531628	95.473	-118.2959
4769.897839	95.468	-118.7129
4770.264050	95.473	-119.0723
4770.630261	95.486	-119.5273
4770.996472	95.479	-120.0488
4771.362683	95.460	-120.4102
4771.728894	95.467	-120.6782
4772.095105	95.489	-121.1021
4772.461316	95.491	-121.6113
4772.827527	95.485	-122.0273
4773.193738	95.488	-122.4263
4773.559949	95.488	-122.8682
4773.926160	95.483	-123.2568
4774.292371	95.488	-123.6152
4774.658582	95.498	-124.0444
4775.024792	95.497	-124.4902
4775.391003	95.495	-124.8735
4775.757214	95.502	-125.2603
4776.123425	95.507	-125.7012
4776.489636	95.505	-126.1294
4776.855847	95.506	-126.5171
4777.222058	95.512	-126.9341
4777.588269	95.511	-127.3696
4777.954480	95.509	-127.7490
4778.320691	95.518	-128.1401
4778.686902	95.523	-128.6191
4779.053113	95.511	-129.0537
4779.419324	95.509	-129.3740
4779.785535	95.524	-129.7539
4780.151746	95.530	-130.2461
4780.517957	95.522	-130.6899
4780.884168	95.520	-131.0586
4781.250379	95.527	-131.4580
4781.616590	95.531	-131.8965
4781.982801	95.530	-132.3296
4782.349012	95.529	-132.7461
4782.715223	95.529	-133.1406
4783.081434	95.533	-133.5396
4783.447645	95.538	-133.9683
4783.813856	95.537	-134.3940
4784.180067	95.538	-134.7847
4784.546278	95.545	-135.1797
4784.912489	95.552	-135.6201
4785.278700	95.552	-136.0684
4785.644911	95.550	-136.4736
4786.011122	95.554	-136.8711
4786.377332	95.557	-137.3037
4786.743543	95.555	-137.7188
4787.109754	95.558	-138.0986
4787.475965	95.565	-138.5239
4787.842176	95.563	-138.9780
4788.208387	95.556	-139.3608
4788.574598	95.559	-139.7085
4788.940809	95.567	-140.1143
4789.307020	95.568	-140.5356
4789.673231	95.570	-140.9219
4790.039442	95.578	-141.3286
4790.405653	95.581	-141.7783
4790.771864	95.578	-142.2017
4791.138075	95.579	-142.5864
4791.504286	95.586	-143.0054
4791.870497	95.587	-143.4678
4792.236708	95.580	-143.8931
4792.602919	95.578	-144.2646
4792.969130	95.584	-144.6582
4793.335341	95.587	-145.0903
4793.701552	95.587	-145.5088
4794.067763	95.589	-145.9175
4794.433974	95.591	-146.3413
4794.800185	95.591	-146.7559
4795.166396	95.593	-147.1602
4795.532607	95.597	-147.5874
4795.898818	95.595	-148.0039
4796.265029	95.597	-148.3784
4796.631240	95.608	-148.7861
4796.997451	95.614	-149.2656
4797.363661	95.608	-149.7153
4797.729872	95.606	-150.0918
4798.096083	95.612	-150.4907
4798.462294	95.613	-150.9248
4798.828505	95.612	-151.3149
4799.194716	95.620	-151.6909
4799.560927	95.630	-152.1357
4799.927138	95.630	-152.5933
4800.293349	95.629	-152.9897
4800.659560	95.637	-153.3975
4801.025771	95.640	-153.8711
4801.391982	95.633	-154.3062
4801.758193	95.631	-154.6650
4802.124404	95.638	-155.0605
4802.490615	95.640	-155.4922
4802.856826	95.640	-155.8779
4803.223037	95.647	-156.2764
4803.589248	95.649	-156.7129
4803.955459	95.648	-157.0913
4804.321670	95.661	-157.4722
4804.687881	95.671	-157.9756
4805.054092	95.660	-158.4692
4805.420303	95.647	-158.8115
4805.786514	95.655	-159.1353
4806.152725	95.667	-159.5776
4806.518936	95.662	-160.0327
4806.885147	95.658	-160.3882
4807.251358	95.668	-160.7510
4807.617569	95.678	-161.2148
4807.983780	95.673	-161.6621
4808.349991	95.673	-162.0396
4808.716201	95.681	-162.4634
4809.082412	95.680	-162.9268
4809.448623	95.675	-163.3257
4809.814834	95.679	-163.7139
4810.181045	95.683	-164.1484
4810.547256	95.682	-164.5625
4810.913467	95.687	-164.9668
4811.279678	95.691	-165.4258
4811.645889	95.684	-165.8726
4812.012100	95.679	-166.2368
4812.378311	95.686	-166.5957
4812.744522	95.697	-167.0317
4813.110733	95.698	-167.5015
4813.476944	95.693	-167.9219
4813.843155	95.693	-168.2969
4814.209366	95.699	-168.7021
4814.575577	95.701	-169.1436
4814.941788	95.698	-169.5430
4815.307999	95.702	-169.9180
4815.674210	95.709	-170.3462
4816.040421	95.708	-170.7749
4816.406632	95.711	-171.1611
4816.772843	95.718	-171.5923
4817.139054	95.715	-172.0474
4817.505265	95.709	-172.4233
4817.871476	95.716	-172.7788
4818.237687	95.725	-173.1963
4818.603898	95.730	-173.6323
4818.970109	95.734	-174.0698
4819.336320	95.735	-174.5190
4819.702531	95.732	-174.9336
4820.068741	95.734	-175.3208
4820.434952	95.740	-175.7412
4820.801163	95.742	-176.1880
4821.167374	95.740	-176.6108
4821.533585	95.741	-177.0132
4821.899796	95.742	-177.4199
4822.266007	95.743	-177.8149
4822.632218	95.749	-178.2070
4822.998429	95.755	-178.6411
4823.364640	95.753	-179.0713
4823.730851	95.755	-179.4424
4824.097062	95.766	-179.8589
4824.463273	95.767	179.6509
4824.829484	95.755	179.2559
4825.195695	95.761	178.9473
4825.561906	95.780	178.5186
4825.928117	95.783	177.9941
4826.294328	95.772	177.5601
4826.660539	95.771	177.1943
4827.026750	95.776	176.7847
4827.392961	95.776	176.3647
4827.759172	95.779	175.9678
4828.125383	95.784	175.5347
4828.491594	95.783	175.0879
4828.857805	95.780	174.7002
4829.224016	95.786	174.3091
4829.590227	95.791	173.8540
4829.956438	95.786	173.4268
4830.322649	95.787	173.0640
4830.688860	95.798	172.6616
4831.055070	95.805	172.1948
4831.421281	95.804	171.7441
4831.787492	95.803	171.3247
4832.153703	95.805	170.8979
4832.519914	95.803	170.4731
4832.886125	95.803	170.0728
4833.252336	95.805	169.6704
4833.618547	95.807	169.2515
4833.984758	95.807	168.8447
4834.350969	95.809	168.4492
4834.717180	95.812	168.0508
4835.083391	95.817	167.6572
4835.449602	95.826	167.2295
4835.815813	95.828	166.7588
4836.182024	95.821	166.3462
4836.548235	95.825	165.9844
4836.914446	95.834	165.5479
4837.280657	95.831	165.0938
4837.646868	95.829	164.7310
4838.013079	95.843	164.3330
4838.379290	95.848	163.8340
4838.745501	95.838	163.3984
4839.111712	95.839	163.0459
4839.477923	95.849	162.6343
4839.844134	95.853	162.1733
4840.210345	95.853	161.7324
4840.576556	95.851	161.3013
4840.942767	95.848	160.9009
4841.308978	95.851	160.5264
4841.675189	95.859	160.0986
4842.041400	95.859	159.6538
4842.407610	95.859	159.2617
4842.773821	95.867	158.8428
4843.140032	95.868	158.3687
4843.506243	95.859	157.9546
4843.872454	95.860	157.5962
4844.238665	95.868	157.1865
4844.604876	95.869	156.7495
4844.971087	95.868	156.3491
4845.337298	95.872	155.9541
4845.703509	95.877	155.5386
4846.069720	95.883	155.1099
4846.435931	95.886	154.6572
4846.802142	95.883	154.2061
4847.168353	95.878	153.8057
4847.534564	95.880	153.4272
4847.900775	95.886	153.0181
4848.266986	95.889	152.5918
4848.633197	95.891	152.1772
4848.999408	95.895	151.7539
4849.365619	95.896	151.3115
4849.731830	95.892	150.9053
4850.098041	95.896	150.5469
4850.464252	95.908	150.1348
4850.830463	95.912	149.6562
4851.196674	95.907	149.2432
4851.562885	95.913	148.8760
4851.929096	95.925	148.4185
4852.295307	95.921	147.9468
4852.661518	95.918	147.5713
4853.027729	95.930	147.1602
4853.393939	95.933	146.6514
4853.760150	95.921	146.2114
4854.126361	95.919	145.8550
4854.492572	95.924	145.4419
4854.858783	95.921	145.0210
4855.224994	95.922	144.6670
4855.591205	95.937	144.2515
4855.957416	95.940	143.7441
4856.323627	95.929	143.3130
4856.689838	95.929	142.9604
4857.056049	95.938	142.5444
4857.422260	95.939	142.0908
4857.788471	95.938	141.6855
4858.154682	95.944	141.2808
4858.520893	95.950	140.8262
4858.887104	95.948	140.3657
4859.253315	95.943	139.9482
4859.619526	95.942	139.5688
4859.985737	95.948	139.1836
4860.351948	95.956	138.7690
4860.718159	95.962	138.3315
4861.084370	95.967	137.8770
4861.450581	95.967	137.4165
4861.816792	95.962	136.9814
4862.183003	95.958	136.5928
4862.549214	95.962	136.2251
4862.915425	95.972	135.8008
4863.281636	95.973	135.3203
4863.647847	95.963	134.9146
4864.014058	95.966	134.5771
4864.380269	95.978	134.1504
4864.746479	95.976	133.6826
4865.112690	95.971	133.3115
4865.478901	95.981	132.9351
4865.845112	95.987	132.4663
4866.211323	95.982	132.0308
4866.577534	95.984	131.6519
4866.943745	95.991	131.2178
4867.309956	95.989	130.7627
4867.676167	95.985	130.3750
4868.042378	95.992	129.9917
4868.408589	96.001	129.5386
4868.774800	95.998	129.0762
4869.141011	95.994	128.6836
4869.507222	96.000	128.3096
4869.873433	96.009	127.8721
4870.239644	96.010	127.4131
4870.605855	96.010	126.9941
4870.972066	96.013	126.5732
4871.338277	96.012	126.1343
4871.704488	96.008	125.7422
4872.070699	96.012	125.3887
4872.436910	96.024	124.9849
4872.803121	96.031	124.5205
4873.169332	96.030	124.0742
4873.535543	96.029	123.6797
4873.901754	96.035	123.2847
4874.267965	96.041	122.8457
4874.634176	96.040	122.4067
4875.000387	96.040	122.0049
4875.366598	96.044	121.5957
4875.732809	96.045	121.1680
4876.099019	96.045	120.7598
4876.465230	96.048	120.3481
4876.831441	96.047	119.9282
4877.197652	96.047	119.5439
4877.563863	96.055	119.1416
4877.930074	96.058	118.6807
4878.296285	96.051	118.2686
4878.662496	96.053	117.9258
4879.028707	96.066	117.5225
4879.394918	96.073	117.0469
4879.761129	96.071	116.5952
4880.127340	96.070	116.1787
4880.493551	96.072	115.7622
4880.859762	96.074	115.3315
4881.225973	96.074	114.8950
4881.592184	96.071	114.4834
4881.958395	96.071	114.1006
4882.324606	96.077	113.7080
4882.690817	96.083	113.2852
4883.057028	96.086	112.8477
4883.423239	96.086	112.4263
4883.789450	96.088	112.0225
4884.155661	96.092	111.5991
4884.521872	96.092	111.1743
4884.888083	96.093	110.7852
4885.254294	96.100	110.3745
4885.620505	96.103	109.9272
4885.986716	96.101	109.5210
4886.352927	96.107	109.1230
4886.719138	96.111	108.6646
4887.085348	96.105	108.2339
4887.451559	96.105	107.8726
4887.817770	96.116	107.4600
4888.183981	96.120	106.9707
4888.550192	96.111	106.5249
4888.916403	96.107	106.1548
4889.282614	96.114	105.7627
4889.648825	96.117	105.3169
4890.015036	96.115	104.9053
4890.381247	96.121	104.5205
4890.747458	96.130	104.0581
4891.113669	96.124	103.5854
4891.479880	96.118	103.2256
4891.846091	96.130	102.8540
4892.212302	96.139	102.3716
4892.578513	96.132	101.9268
4892.944724	96.132	101.5654
4893.310935	96.141	101.1626
4893.677146	96.145	100.7305
4894.043357	96.148	100.3267
4894.409568	96.155	99.9028
4894.775779	96.157	99.4634
4895.141990	96.157	99.0586
4895.508201	96.160	98.6509
4895.874412	96.161	98.2310
4896.240623	96.160	97.8599
4896.606834	96.172	97.4888
4896.973045	96.185	97.0127
4897.339256	96.181	96.5039
4897.705467	96.169	96.0981
4898.071678	96.169	95.7417
4898.437888	96.174	95.3374
4898.804099	96.177	94.9126
4899.170310	96.179	94.4805
4899.536521	96.177	94.0352
4899.902732	96.173	93.6372
4900.268943	96.178	93.2559
4900.635154	96.185	92.8052
4901.001365	96.183	92.3462
4901.367576	96.181	91.9326
4901.733787	96.182	91.5127
4902.099998	96.182	91.1030
4902.466209	96.188	90.7056
4902.832420	96.197	90.2446
4903.198631	96.194	89.7725
4903.564842	96.191	89.3721
4903.931053	96.196	88.9624
4904.297264	96.198	88.5117
4904.663475	96.195	88.1040
4905.029686	96.199	87.7227
4905.395897	96.206	87.2944
4905.762108	96.206	86.8579
4906.128319	96.205	86.4629
4906.494530	96.209	86.0679
4906.860741	96.212	85.6523
4907.226952	96.213	85.2651
4907.593163	96.222	84.8799
4907.959374	96.232	84.4180
4908.325585	96.228	83.9385
4908.691796	96.219	83.5562
4909.058007	96.224	83.2085
4909.424217	96.234	82.7837
4909.790428	96.235	82.3262
4910.156639	96.232	81.9121
4910.522850	96.235	81.5088
4910.889061	96.238	81.0737
4911.255272	96.237	80.6289
4911.621483	96.233	80.2085
4911.987694	96.231	79.8218
4912.353905	96.235	79.4468
4912.720116	96.246	79.0190
4913.086327	96.248	78.5366
4913.452538	96.240	78.1099
4913.818749	96.241	77.7534
4914.184960	96.254	77.3379
4914.551171	96.259	76.8516
4914.917382	96.254	76.4043
4915.283593	96.253	75.9956
4915.649804	96.254	75.5771
4916.016015	96.253	75.1724
4916.382226	96.256	74.7832
4916.748437	96.263	74.3730
4917.114648	96.269	73.9331
4917.480859	96.271	73.4814
4917.847070	96.268	73.0581
4918.213281	96.269	72.6650
4918.579492	96.275	72.2437
4918.945703	96.276	71.7935
4919.311914	96.273	71.3755
4919.678125	96.273	70.9893
4920.044336	96.278	70.5903
4920.410547	96.285	70.1587
4920.776757	96.287	69.6958
4921.142968	96.282	69.2490
4921.509179	96.278	68.8584
4921.875390	96.281	68.4761
4922.241601	96.285	68.0581
4922.607812	96.287	67.6382
4922.974023	96.291	67.2285
4923.340234	96.297	66.7930
4923.706445	96.297	66.3389
4924.072656	96.294	65.9194
4924.438867	96.297	65.5264
4924.805078	96.303	65.0947
4925.171289	96.302	64.6470
4925.537500	96.300	64.2568
4925.903711	96.309	63.8672
4926.269922	96.318	63.3906
4926.636133	96.312	62.9141
4927.002344	96.306	62.5205
4927.368555	96.310	62.1313
4927.734766	96.312	61.7100
4928.100977	96.312	61.3159
4928.467188	96.320	60.9209
4928.833399	96.327	60.4722
4929.199610	96.327	60.0234
4929.565821	96.326	59.6099
4929.932032	96.329	59.1919
4930.298243	96.330	58.7588
4930.664454	96.329	58.3418
4931.030665	96.331	57.9487
4931.396876	96.339	57.5327
4931.763086	96.343	57.0547
4932.129297	96.334	56.6006
4932.495508	96.328	56.2446
4932.861719	96.337	55.8623
4933.227930	96.339	55.3896
4933.594141	96.328	54.9917
4933.960352	96.332	54.6797
4934.326563	96.350	54.2617
4934.692774	96.354	53.7651
4935.058985	96.350	53.3477
4935.425196	96.358	52.9365
4935.791407	96.363	52.4321
4936.157618	96.350	51.9565
4936.523829	96.340	51.5933
4936.890040	96.345	51.2305
4937.256251	96.349	50.8052
4937.622462	96.349	50.3926
4937.988673	96.353	50.0049
4938.354884	96.361	49.5684
4938.721095	96.362	49.1001
4939.087306	96.357	48.6807
4939.453517	96.359	48.2988
4939.819728	96.368	47.8765
4940.185939	96.372	47.3999
4940.552150	96.367	46.9355
4940.918361	96.360	46.5312
4941.284572	96.359	46.1597
4941.650783	96.365	45.7646
4942.016994	96.369	45.3394
4942.383205	96.370	44.9170
4942.749416	96.373	44.4985
4943.115626	96.376	44.0601
4943.481837	96.374	43.6216
4943.848048	96.370	43.2266
4944.214259	96.375	42.8408
4944.580470	96.380	42.4058
4944.946681	96.379	41.9688
4945.312892	96.379	41.5703
4945.679103	96.385	41.1450
4946.045314	96.384	40.6924
4946.411525	96.381	40.2905
4946.777736	96.386	39.8838
4947.143947	96.387	39.4136
4947.510158	96.377	39.0039
4947.876369	96.380	38.6772
4948.242580	96.396	38.2559
4948.608791	96.399	37.7471
4948.975002	96.391	37.3193
4949.341213	96.394	36.9375
4949.707424	96.402	36.4849
4950.073635	96.400	36.0093
4950.439846	96.393	35.5835
4950.806057	96.390	35.1982
4951.172268	96.394	34.8081
4951.538479	96.398	34.3789
4951.904690	96.397	33.9541
4952.270901	96.399	33.5669
4952.637112	96.407	33.1431
4953.003323	96.409	32.6777
4953.369534	96.406	32.2520
4953.735745	96.407	31.8442
4954.101956	96.408	31.4233
4954.468166	96.409	31.0249
4954.834377	96.417	30.6089
4955.200588	96.422	30.1309
4955.566799	96.416	29.6665
4955.933010	96.409	29.2686
4956.299221	96.410	28.8848
4956.665432	96.414	28.4683
4957.031643	96.414	28.0371
4957.397854	96.412	27.6294
4957.764065	96.413	27.2339
4958.130276	96.414	26.8330
4958.496487	96.417	26.4517
4958.862698	96.429	26.0474
4959.228909	96.439	25.5483
4959.595120	96.432	25.0371
4959.961331	96.418	24.6260
4960.327542	96.413	24.2720
4960.693753	96.417	23.9077
4961.059964	96.425	23.5078
4961.426175	96.431	23.0493
4961.792386	96.426	22.5947
4962.158597	96.422	22.2129
4962.524808	96.429	21.8218
4962.891019	96.432	21.3672
4963.257230	96.428	20.9409
4963.623441	96.430	20.5625
4963.989652	96.439	20.1416
4964.355863	96.443	19.6704
4964.722074	96.441	19.2085
4965.088285	96.438	18.7764
4965.454495	96.437	18.3638
4965.820706	96.440	17.9380
4966.186917	96.440	17.4858
4966.553128	96.436	17.0552
4966.919339	96.436	16.6538
4967.285550	96.440	16.2207
4967.651761	96.438	15.7656
4968.017972	96.432	15.3501
4968.384183	96.431	14.9600
4968.750394	96.431	14.5674
4969.116605	96.434	14.1919
4969.482816	96.444	13.7891
4969.849027	96.452	13.3047
4970.215238	96.444	12.8379
4970.581449	96.439	12.4648
4970.947660	96.447	12.0723
4971.313871	96.450	11.6113
4971.680082	96.445	11.1934
4972.046293	96.449	10.8052
4972.412504	96.455	10.3403
4972.778715	96.447	9.8779
4973.144926	96.439	9.5083
4973.511137	96.445	9.1367
4973.877348	96.450	8.7104
4974.243559	96.452	8.2876
4974.609770	96.457	7.8511
4974.975981	96.456	7.3853
4975.342192	96.450	6.9653
4975.708403	96.450	6.5801
4976.074614	96.454	6.1519
4976.440825	96.452	5.7236
4976.807035	96.454	5.3301
4977.173246	96.460	4.8940
4977.539457	96.457	4.4277
4977.905668	96.449	4.0332
4978.271879	96.452	3.6807
4978.638090	96.462	3.2705
4979.004301	96.468	2.8003
4979.370512	96.464	2.3340
4979.736723	96.456	1.9316
4980.102934	96.458	1.5781
4980.469145	96.470	1.1606
4980.835356	96.473	0.6660
4981.201567	96.466	0.2158
4981.567778	96.463	-0.1768
4981.933989	96.465	-0.5903
4982.300200	96.465	-1.0156
4982.666411	96.466	-1.4331
4983.032622	96.467	-1.8677
4983.398833	96.465	-2.3066
4983.765044	96.462	-2.7275
4984.131255	96.460	-3.1299
4984.497466	96.463	-3.5244
4984.863677	96.469	-3.9609
4985.229888	96.466	-4.4233
4985.596099	96.459	-4.8164
4985.962310	96.465	-5.1885
4986.328521	96.471	-5.6396
4986.694732	96.467	-6.0820
4987.060943	96.468	-6.4653
4987.427154	96.476	-6.9014
4987.793364	96.475	-7.3735
4988.159575	96.469	-7.7778
4988.525786	96.473	-8.1733
4988.891997	96.476	-8.6255
4989.258208	96.471	-9.0562
4989.624419	96.471	-9.4380
4989.990630	96.477	-9.8516
4990.356841	96.479	-10.3140
4990.723052	96.474	-10.7490
4991.089263	96.473	-11.1450
4991.455474	96.476	-11.5571
4991.821685	96.477	-11.9907
4992.187896	96.476	-12.4233
4992.554107	96.473	-12.8491
4992.920318	96.469	-13.2383
4993.286529	96.474	-13.6133
4993.652740	96.483	-14.0605
4994.018951	96.480	-14.5308
4994.385162	96.476	-14.9341
4994.751373	96.482	-15.3564
4995.117584	96.479	-15.8398
4995.483795	96.467	-16.2471
4995.850006	96.469	-16.5879
4996.216217	96.480	-17.0308
4996.582428	96.474	-17.5254
4996.948639	96.462	-17.8999
4997.314850	96.469	-18.2402
4997.681061	96.479	-18.6982
4998.047272	96.475	-19.1641
4998.413483	96.473	-19.5513
4998.779694	96.480	-19.9912
4999.145904	96.475	-20.4702
4999.512115	96.466	-20.8408
4999.878326	96.476	-21.1973
5000.244537	96.487	-21.6738
5000.610748	96.483	-22.1602
5000.976959	96.478	-22.5786
5001.343170	96.478	-22.9985
5001.709381	96.477	-23.4282
5002.075592	96.475	-23.8369
5002.441803	96.477	-24.2539
5002.808014	96.476	-24.6875
5003.174225	96.471	-25.0967
5003.540436	96.470	-25.4595
5003.906647	96.481	-25.8408
5004.272858	96.490	-26.3145
5004.639069	96.484	-26.7988
5005.005280	96.475	-27.1841
5005.371491	96.479	-27.5518
5005.737702	96.484	-27.9888
5006.103913	96.481	-28.4165
5006.470124	96.481	-28.8037
5006.836335	96.488	-29.2280
5007.202546	96.489	-29.6943
5007.568757	96.484	-30.1406
5007.934968	96.478	-30.5508
5008.301179	96.476	-30.9399
5008.667390	96.478	-31.3359
5009.033601	96.481	-31.7617
5009.399812	96.481	-32.1899
5009.766023	96.483	-32.6016
5010.132234	96.488	-33.0391
5010.498444	96.488	-33.5078
5010.864655	96.482	-33.9473
5011.230866	96.479	-34.3452
5011.597077	96.482	-34.7485
5011.963288	96.486	-35.1855
5012.329499	96.486	-35.6377
5012.695710	96.483	-36.0698
5013.061921	96.482	-36.4888
5013.428132	96.481	-36.9272
5013.794343	96.473	-37.3413
5014.160554	96.471	-37.6919
5014.526765	96.481	-38.0723
5014.892976	96.488	-38.5400
5015.259187	96.482	-39.0015
5015.625398	96.475	-39.4028
5015.991609	96.473	-39.7856
5016.357820	96.474	-40.1709
5016.724031	96.477	-40.5713
5017.090242	96.479	-40.9922
5017.456453	96.479	-41.4067
5017.822664	96.481	-41.8179
5018.188875	96.483	-42.2515
5018.555086	96.482	-42.6855
5018.921297	96.481	-43.1157
5019.287508	96.478	-43.5542
5019.653719	96.473	-43.9570
5020.019930	96.475	-44.3364
5020.386141	96.482	-44.7773
5020.752352	96.478	-45.2383
5021.118563	96.474	-45.6304
5021.484773	96.482	-46.0371
5021.850984	96.484	-46.5225
5022.217195	96.476	-46.9668
5022.583406	96.475	-47.3486
5022.949617	96.479	-47.7852
5023.315828	96.475	-48.2363
5023.682039	96.470	-48.6206
5024.048250	96.475	-49.0200
5024.414461	96.476	-49.4663
5024.780672	96.473	-49.8765
5025.146883	96.476	-50.2725
5025.513094	96.478	-50.7080
5025.879305	96.476	-51.1353
5026.245516	96.476	-51.5303
5026.611727	96.482	-51.9536
5026.977938	96.483	-52.4272
5027.344149	96.473	-52.8853
5027.710360	96.462	-53.2534
5028.076571	96.466	-53.5894
5028.442782	96.478	-54.0215
5028.808993	96.477	-54.5156
5029.175204	96.467	-54.9395
5029.541415	96.465	-55.3105
5029.907626	96.471	-55.7305
5030.273837	96.471	-56.1924
5030.640048	96.465	-56.6255
5031.006259	96.462	-57.0132
5031.372470	96.466	-57.4087
5031.738681	96.472	-57.8633
5032.104892	96.469	-58.3418
5032.471103	96.460	-58.7690
5032.837313	96.456	-59.1479
5033.203524	96.460	-59.5444
5033.569735	96.461	-59.9741
5033.935946	96.460	-60.3970
5034.302157	96.460	-60.8037
5034.668368	96.462	-61.2202
5035.034579	96.464	-61.6558
5035.400790	96.461	-62.0996
5035.767001	96.454	-62.5132
5036.133212	96.450	-62.8672
5036.499423	96.459	-63.2373
5036.865634	96.467	-63.6958
5037.231845	96.462	-64.1562
5037.598056	96.458	-64.5508
5037.964267	96.461	-64.9663
5038.330478	96.458	-65.4180
5038.696689	96.451	-65.8164
5039.062900	96.452	-66.1919
5039.429111	96.455	-66.6152
5039.795322	96.453	-67.0366
5040.161533	96.456	-67.4438
5040.527744	96.460	-67.9028
5040.893955	96.453	-68.3696
5041.260166	96.444	-68.7681
5041.626377	96.444	-69.1479
5041.992588	96.446	-69.5591
5042.358799	96.447	-69.9810
5042.725010	96.448	-70.4062
5043.091221	96.447	-70.8374
5043.457432	96.446	-71.2622
5043.823642	96.446	-71.6851
5044.189853	96.445	-72.1089
5044.556064	96.443	-72.5215
5044.922275	96.445	-72.9209
5045.288486	96.452	-73.3452
5045.654697	96.455	-73.8320
5046.020908	96.446	-74.3203
5046.387119	96.431	-74.7104
5046.753330	96.430	-75.0376
5047.119541	96.441	-75.4253
5047.485752	96.447	-75.8984
5047.851963	96.440	-76.3672
5048.218174	96.431	-76.7598
5048.584385	96.431	-77.1240
5048.950596	96.436	-77.5308
5049.316807	96.437	-77.9429
5049.683018	96.444	-78.3608
5050.049229	96.447	-78.8477
5050.415440	96.435	-79.3135
5050.781651	96.427	-79.6743
5051.147862	96.432	-80.0591
5051.514073	96.433	-80.5117
5051.880284	96.426	-80.9180
5052.246495	96.428	-81.3003
5052.612706	96.431	-81.7300
5052.978917	96.430	-82.1597
5053.345128	96.430	-82.5806
5053.711339	96.430	-83.0264
5054.077550	96.425	-83.4614
5054.443761	96.420	-83.8779
5054.809972	96.415	-84.2925
5055.176182	96.410	-84.6685
5055.542393	96.415	-85.0293
5055.908604	96.425	-85.4707
5056.274815	96.423	-85.9614
5056.641026	96.414	-86.3877
5057.007237	96.413	-86.7754
5057.373448	96.414	-87.2070
5057.739659	96.408	-87.6348
5058.105870	96.406	-88.0215
5058.472081	96.409	-88.4395
5058.838292	96.405	-88.8774
5059.204503	96.399	-89.2539
5059.570714	96.403	-89.6172
5059.936925	96.411	-90.0439
5060.303136	96.413	-90.4976
5060.669347	96.413	-90.9473
5061.035558	96.408	-91.3926
5061.401769	96.400	-91.7920
5061.767980	96.401	-92.1626
5062.134191	96.407	-92.5854
5062.500402	96.405	-93.0386
5062.866613	96.400	-93.4448
5063.232824	96.401	-93.8433
5063.599035	96.402	-94.2876
5063.965246	96.395	-94.7109
5064.331457	96.394	-95.0859
5064.697668	96.399	-95.5034
5065.063879	96.396	-95.9629
5065.430090	96.388	-96.3608
5065.796301	96.389	-96.7266
5066.162511	96.394	-97.1509
5066.528722	96.390	-97.5786
5066.894933	96.389	-97.9482
5067.261144	96.397	-98.3403
5067.627355	96.404	-98.8052
5067.993566	96.400	-99.2744
5068.359777	96.393	-99.6914
5068.725988	96.391	-100.0791
5069.092199	96.393	-100.4883
5069.458410	96.391	-100.9150
5069.824621	96.388	-101.3149
5070.190832	96.390	-101.7075
5070.557043	96.393	-102.1401
5070.923254	96.388	-102.5776
5071.289465	96.383	-102.9736
5071.655676	96.383	-103.3506
5072.021887	96.387	-103.7510
5072.388098	96.390	-104.1948
5072.754309	96.387	-104.6499
5073.120520	96.380	-105.0596
5073.486731	96.378	-105.4478
5073.852942	96.379	-105.8589
5074.219153	96.379	-106.2744
5074.585364	96.381	-106.7041
5074.951575	96.379	-107.1606
5075.317786	96.371	-107.5791
5075.683997	96.370	-107.9678
5076.050208	96.372	-108.4106
5076.416419	96.364	-108.8535
5076.782630	96.356	-109.2134
5077.148841	96.362	-109.5723
5077.515051	96.371	-110.0063
5077.881262	96.372	-110.4688
5078.247473	96.369	-110.9189
5078.613684	96.362	-111.3452
5078.979895	96.358	-111.7334
5079.346106	96.359	-112.1177
5079.712317	96.362	-112.5376
5080.078528	96.361	-112.9697
5080.444739	96.358	-113.3823
5080.810950	96.357	-113.7861
5081.177161	96.356	-114.1895
5081.543372	96.356	-114.5854
5081.909583	96.360	-114.9888
5082.275794	96.364	-115.4297
5082.642005	96.360	-115.8828
5083.008216	96.353	-116.2896
5083.374427	96.353	-116.6699
5083.740638	96.356	-117.0815
5084.106849	96.356	-117.5117
5084.473060	96.353	-117.9258
5084.839271	96.353	-118.3311
5085.205482	96.355	-118.7500
5085.571693	96.355	-119.1875
5085.937904	96.350	-119.6123
5086.304115	96.347	-120.0010
5086.670326	96.351	-120.4087
5087.036537	96.350	-120.8560
5087.402748	96.343	-121.2651
5087.768959	96.343	-121.6445
5088.135170	96.346	-122.0737
5088.501381	96.341	-122.5063
5088.867591	96.337	-122.8809
5089.233802	96.341	-123.2749
5089.600013	96.340	-123.7100
5089.966224	96.336	-124.1016
5090.332435	96.341	-124.4878
5090.698646	96.346	-124.9497
5091.064857	96.338	-125.4004
5091.431068	96.333	-125.7793
5091.797279	96.336	-126.1821
5092.163490	96.335	-126.6157
5092.529701	96.333	-127.0186
5092.895912	96.336	-127.4478
5093.262123	96.333	-127.9146
5093.628334	96.324	-128.3286
5093.994545	96.321	-128.7134
5094.360756	96.320	-129.1299
5094.726967	96.315	-129.5244
5095.093178	96.317	-129.8984
5095.459389	96.323	-130.3223
5095.825600	96.324	-130.7705
5096.191811	96.323	-131.2158
5096.558022	96.317	-131.6670
5096.924233	96.305	-132.0610
5097.290444	96.303	-132.3979
5097.656655	96.311	-132.7861
5098.022866	96.313	-133.2153
5098.389077	96.315	-133.6162
5098.755288	96.322	-134.0488
5099.121499	96.321	-134.5332
5099.487710	96.311	-134.9663
5099.853920	96.307	-135.3521
5100.220131	96.306	-135.7612
5100.586342	96.302	-136.1660
5100.952553	96.301	-136.5449
5101.318764	96.304	-136.9443
5101.684975	96.304	-137.3618
5102.051186	96.304	-137.7656
5102.417397	96.306	-138.1699
5102.783608	96.308	-138.5928
5103.149819	96.308	-139.0264
5103.516030	96.306	-139.4575
5103.882241	96.304	-139.8799
5104.248452	96.302	-140.3110
5104.614663	96.295	-140.7480
5104.980874	96.283	-141.1372
5105.347085	96.279	-141.4692
5105.713296	96.285	-141.8232
5106.079507	96.293	-142.2476
5106.445718	96.293	-142.7046
5106.811929	96.285	-143.1328
5107.178140	96.279	-143.5078
5107.544351	96.281	-143.8730
5107.910562	96.285	-144.2905
5108.276773	96.282	-144.7178
5108.642984	96.280	-145.0933
5109.009195	96.287	-145.4902
5109.375406	96.290	-145.9619
5109.741617	96.282	-146.4082
5110.107828	96.277	-146.7915
5110.474039	96.278	-147.1909
5110.840250	96.277	-147.6069
5111.206460	96.277	-148.0044
5111.572671	96.281	-148.4312
5111.938882	96.278	-148.8960
5112.305093	96.268	-149.3164
5112.671304	96.262	-149.6768
5113.037515	96.266	-150.0581
5113.403726	96.267	-150.4897
5113.769937	96.262	-150.8994
5114.136148	96.262	-151.2642
5114.502359	96.269	-151.6694
5114.868570	96.271	-152.1426
5115.234781	96.261	-152.5830
5115.600992	96.255	-152.9414
5115.967203	96.261	-153.3149
5116.333414	96.266	-153.7773
5116.699625	96.257	-154.2368
5117.065836	96.247	-154.6123
5117.432047	96.246	-154.9766
5117.798258	96.247	-155.3672
5118.164469	96.250	-155.7471
5118.530680	96.260	-156.1777
5118.896891	96.258	-156.6748
5119.263102	96.244	-157.0908
5119.629313	96.243	-157.4282
5119.995524	96.252	-157.8511
5120.361735	96.248	-158.3271
5120.727946	96.239	-158.7173
5121.094157	96.241	-159.0840
5121.460368	96.246	-159.5273
5121.826579	96.239	-159.9678
5122.192789	96.234	-160.3394
5122.559000	96.237	-160.7241
5122.925211	96.238	-161.1553
5123.291422	96.235	-161.5591
5123.657633	96.238	-161.9434
5124.023844	96.243	-162.3862
5124.390055	96.239	-162.8579
5124.756266	96.227	-163.2725
5125.122477	96.220	-163.6230
5125.488688	96.224	-163.9810
5125.854899	96.229	-164.4019
5126.221110	96.225	-164.8389
5126.587321	96.220	-165.2212
5126.953532	96.224	-165.6011
5127.319743	96.228	-166.0464
5127.685954	96.222	-166.4902
5128.052165	96.215	-166.8735
5128.418376	96.217	-167.2510
5128.784587	96.220	-167.6646
5129.150798	96.220	-168.0981
5129.517009	96.216	-168.5220
5129.883220	96.212	-168.9170
5130.249431	96.214	-169.3091
5130.615642	96.217	-169.7402
5130.981853	96.213	-170.1724
5131.348064	96.209	-170.5596
5131.714275	96.214	-170.9624
5132.080486	96.214	-171.4233
5132.446697	96.203	-171.8545
5132.812908	96.196	-172.1968
5133.179119	96.204	-172.5557
5133.545329	96.210	-173.0093
5133.911540	96.203	-173.4590
5134.277751	96.197	-173.8301
5134.643962	96.200	-174.2153
5135.010173	96.200	-174.6543
5135.376384	96.193	-175.0635
5135.742595	96.189	-175.4448
5136.108806	96.186	-175.8394
5136.475017	96.182	-176.1987
5136.841228	96.187	-176.5522
5137.207439	96.194	-176.9780
5137.573650	96.193	-177.4097
5137.939861	96.193	-177.8120
5138.306072	96.195	-178.2520
5138.672283	96.188	-178.6777
5139.038494	96.186	-179.0479
5139.404705	96.192	-179.4624
5139.770916	96.190	-179.9180
5140.137127	96.183	179.6660
5140.503338	96.180	179.2671
5140.869549	96.177	178.8765
5141.235760	96.179	178.4961
5141.601971	96.183	178.0601
5141.968182	96.178	177.6113
5142.334393	96.171	177.2305
5142.700604	96.172	176.8491
5143.066815	96.172	176.4287
5143.433026	96.169	176.0312
5143.799237	96.170	175.6362
5144.165448	96.170	175.2144
5144.531659	96.165	174.8193
5144.897869	96.167	174.4438
5145.264080	96.172	174.0239
5145.630291	96.171	173.5801
5145.996502	96.168	173.1636
5146.362713	96.167	172.7520
5146.728924	96.164	172.3228
5147.095135	96.158	171.9189
5147.461346	96.156	171.5420
5147.827557	96.159	171.1328
5148.193768	96.157	170.7061
5148.559979	96.153	170.3037
5148.926190	96.151	169.9033
5149.292401	96.148	169.5137
5149.658612	96.151	169.1455
5150.024823	96.158	168.7183
5150.391034	96.154	168.2422
5150.757245	96.140	167.8623
5151.123456	96.142	167.5654
5151.489667	96.158	167.1650
5151.855878	96.160	166.6523
5152.222089	96.145	166.2280
5152.588300	96.142	165.9219
5152.954511	96.157	165.5210
5153.320722	96.156	164.9990
5153.686933	96.137	164.5825
5154.053144	96.133	164.2754
5154.419355	96.141	163.8862
5154.785566	96.138	163.4463
5155.151777	96.133	163.0640
5155.517988	96.136	162.6685
5155.884198	96.134	162.2334
5156.250409	96.127	161.8447
5156.616620	96.128	161.4814
5156.982831	96.133	161.0664
5157.349042	96.132	160.6226
5157.715253	96.127	160.2085
5158.081464	96.125	159.8135
5158.447675	96.125	159.3994
5158.813886	96.121	158.9868
5159.180097	96.117	158.6123
5159.546308	96.121	158.2402
5159.912519	96.128	157.8232
5160.278730	96.129	157.3716
5160.644941	96.124	156.9282
5161.011152	96.116	156.5400
5161.377363	96.117	156.1890
5161.743574	96.126	155.7729
5162.109785	96.125	155.2915
5162.475996	96.111	154.8735
5162.842207	96.104	154.5415
5163.208418	96.110	154.1943
5163.574629	96.119	153.7822
5163.940840	96.123	153.3169
5164.307051	96.118	152.8340
5164.673262	96.103	152.4014
5165.039473	96.091	152.0479
5165.405684	96.090	151.7100
5165.771895	96.092	151.3379
5166.138106	96.095	150.9526
5166.504317	96.101	150.5503
5166.870528	96.106	150.0928
5167.236738	96.099	149.6318
5167.602949	96.091	149.2446
5167.969160	96.091	148.8750
5168.335371	96.091	148.4697
5168.701582	96.090	148.0928
5169.067793	96.098	147.7207
5169.434004	96.107	147.2563
5169.800215	96.100	146.7876
5170.166426	96.092	146.4229
5170.532637	96.099	146.0488
5170.898848	96.101	145.5928
5171.265059	96.091	145.1772
5171.631270	96.088	144.8413
5171.997481	96.096	144.4756
5172.363692	96.102	144.0288
5172.729903	96.096	143.5747
5173.096114	96.087	143.1943
5173.462325	96.086	142.8467
5173.828536	96.091	142.4414
5174.194747	96.086	142.0200
5174.560958	96.082	141.6528
5174.927169	96.086	141.2739
5175.293380	96.088	140.8408
5175.659591	96.082	140.4233
5176.025802	96.078	140.0459
5176.392013	96.080	139.6733
5176.758224	96.086	139.2607
5177.124435	96.086	138.7856
5177.490646	96.073	138.3584
5177.856857	96.067	138.0493
5178.223067	96.082	137.6802
5178.589278	96.088	137.1660
5178.955489	96.074	136.7114
5179.321700	96.066	136.3730
5179.687911	96.071	135.9966
5180.054122	96.072	135.5786
5180.420333	96.071	135.1875
5180.786544	96.073	134.7837
5181.152755	96.073	134.3760
5181.518966	96.075	133.9863
5181.885177	96.080	133.5376
5182.251388	96.070	133.0713
5182.617599	96.057	132.7192
5182.983810	96.060	132.3994
5183.350021	96.068	131.9775
5183.716232	96.062	131.5532
5184.082443	96.060	131.1992
5184.448654	96.067	130.7979
5184.814865	96.064	130.3472
5185.181076	96.057	129.9658
5185.547287	96.060	129.6025
5185.913498	96.065	129.1655
5186.279709	96.061	128.7183
5186.645920	96.053	128.3203
5187.012131	96.049	127.9458
5187.378342	96.050	127.5752
5187.744553	96.054	127.1831
5188.110764	96.056	126.7529
5188.476975	96.053	126.3306
5188.843186	96.050	125.9424
5189.209397	96.051	125.5522
5189.575607	96.052	125.1558
5189.941818	96.054	124.7554
5190.308029	96.056	124.3218
5190.674240	96.050	123.8965
5191.040451	96.046	123.5371
5191.406662	96.053	123.1587
5191.772873	96.056	122.7046
5192.139084	96.048	122.2842
5192.505295	96.046	121.9175
5192.871506	96.048	121.5039
5193.237717	96.041	121.0903
5193.603928	96.036	120.7422
5193.970139	96.042	120.3633
5194.336350	96.041	119.9399
5194.702561	96.037	119.5610
5195.068772	96.040	119.1895
5195.434983	96.042	118.7827
5195.801194	96.044	118.3823
5196.167405	96.047	117.9658
5196.533616	96.046	117.5259
5196.899827	96.041	117.1230
5197.266038	96.042	116.7241
5197.632249	96.040	116.2969
5197.998460	96.035	115.9004
5198.364671	96.035	115.5171
5198.730882	96.035	115.1055
5199.097093	96.033	114.7090
5199.463304	96.034	114.3135
5199.829515	96.032	113.8916
5200.195726	96.027	113.5132
5200.561936	96.031	113.1543
5200.928147	96.037	112.7188
5201.294358	96.030	112.2769
5201.660569	96.022	111.9214
5202.026780	96.026	111.5845
5202.392991	96.036	111.1836
5202.759202	96.040	110.7310
5203.125413	96.036	110.2852
5203.491624	96.030	109.8848
5203.857835	96.028	109.5024
5204.224046	96.028	109.1118
5204.590257	96.029	108.7266
5204.956468	96.034	108.3135
5205.322679	96.032	107.8652
5205.688890	96.025	107.4629
5206.055101	96.025	107.0972
5206.421312	96.028	106.6821
5206.787523	96.024	106.2612
5207.153734	96.020	105.8892
5207.519945	96.024	105.5093
5207.886156	96.028	105.0879
5208.252367	96.026	104.6543
5208.618578	96.020	104.2466
5208.984789	96.016	103.8872
5209.351000	96.021	103.5190
5209.717211	96.026	103.0884
5210.083422	96.021	102.6675
5210.449633	96.020	102.2896
5210.815844	96.022	101.8862
5211.182055	96.019	101.4746
5211.548266	96.016	101.1011
5211.914476	96.020	100.7148
5212.280687	96.021	100.2959
5212.646898	96.020	99.8857
5213.013109	96.020	99.4775
5213.379320	96.018	99.0532
5213.745531	96.011	98.6455
5214.111742	96.006	98.2778
5214.477953	96.007	97.9185
5214.844164	96.012	97.5146
5215.210375	96.011	97.0796
5215.576586	96.004	96.6914
5215.942797	96.005	96.3359
5216.309008	96.011	95.9297
5216.675219	96.010	95.4971
5217.041430	96.007	95.0986
5217.407641	96.006	94.7134
5217.773852	96.006	94.3213
5218.140063	96.008	93.9229
5218.506274	96.007	93.5112
5218.872485	96.004	93.1211
5219.238696	96.006	92.7554
5219.604907	96.012	92.3521
5219.971118	96.012	91.9243
5220.337329	96.010	91.5312
5220.703540	96.013	91.1396
5221.069751	96.016	90.7119
5221.435962	96.013	90.2778
5221.802173	96.006	89.8716
5222.168384	96.002	89.5083
5222.534595	96.006	89.1479
5222.900806	96.011	88.7290
5223.267016	96.009	88.2930
5223.633227	96.004	87.9121
5223.999438	96.007	87.5312
5224.365649	96.009	87.0928
5224.731860	96.000	86.6787
5225.098071	95.995	86.3477
5225.464282	96.004	86.0015
5225.830493	96.014	85.5615
5226.196704	96.011	85.1074
5226.562915	96.007	84.7036
5226.929126	96.006	84.3003
5227.295337	96.001	83.8960
5227.661548	95.998	83.5396
5228.027759	96.004	83.1709
5228.393970	96.008	82.7349
5228.760181	96.003	82.3096
5229.126392	96.000	81.9434
5229.492603	96.005	81.5669
5229.858814	96.009	81.1348
5230.225025	96.006	80.6938
5230.591236	96.001	80.2905
5230.957447	95.999	79.8979
5231.323658	95.996	79.4937
5231.689869	95.990	79.1187
5232.056080	95.991	78.7715
5232.422291	95.998	78.3838
5232.788502	96.002	77.9561
5233.154713	96.000	77.5293
5233.520924	95.996	77.1167
5233.887135	95.989	76.7490
5234.253345	95.992	76.4146
5234.619556	96.002	76.0283
5234.985767	96.007	75.5918
5235.351978	96.007	75.1689
5235.718189	96.006	74.7588
5236.084400	96.005	74.3555
5236.450611	96.006	73.9644
5236.816822	96.008	73.5562
5237.183033	96.006	73.1416
5237.549244	96.005	72.7495
5237.915455	96.005	72.3540
5238.281666	96.003	71.9556
5238.647877	96.003	71.5815
5239.014088	96.008	71.1870
5239.380299	96.010	70.7485
5239.746510	96.004	70.3301
5240.112721	96.000	69.9497
5240.478932	95.999	69.5732
5240.845143	96.001	69.1973
5241.211354	96.006	68.7974
5241.577565	96.008	68.3545
5241.943776	96.002	67.9263
5242.309987	95.998	67.5439
5242.676198	96.000	67.1543
5243.042409	95.999	66.7363
5243.408620	95.996	66.3315
5243.774831	95.994	65.9497
5244.141042	95.997	65.5586
5244.507253	95.999	65.1367
5244.873464	95.996	64.7056
5245.239675	95.990	64.3032
5245.605885	95.985	63.9292
5245.972096	95.984	63.5684
5246.338307	95.988	63.2041
5246.704518	95.995	62.7954
5247.070729	95.995	62.3608
5247.436940	95.990	61.9712
5247.803151	95.993	61.6025
5248.169362	95.997	61.1963
5248.535573	95.997	60.7905
5248.901784	95.999	60.3994
5249.267995	96.003	59.9736
5249.634206	95.999	59.5469
5250.000417	95.996	59.1650
5250.366628	95.998	58.7729
5250.732839	95.996	58.3623
5251.099050	95.994	57.9927
5251.465261	96.000	57.6191
5251.831472	96.005	57.1743
5252.197683	95.997	56.7490
5252.563894	95.993	56.4126
5252.930105	96.004	56.0400
5253.296316	96.008	55.5674
5253.662527	95.998	55.1377
5254.028738	95.994	54.8022
5254.394949	96.002	54.4253
5254.761160	96.004	53.9805
5255.127371	95.999	53.5708
5255.493582	95.999	53.1821
5255.859793	95.998	52.7686
5256.226004	95.993	52.3818
5256.592214	95.993	52.0142
5256.958425	95.995	51.6123
5257.324636	95.993	51.2241
5257.690847	95.995	50.8545
5258.057058	96.000	50.4409
5258.423269	95.998	50.0322
5258.789480	96.000	49.6519
5259.155691	96.004	49.2212
5259.521902	95.997	48.7983
5259.888113	95.995	48.4561
5260.254324	96.007	48.0674
5260.620535	96.010	47.5923
5260.986746	96.002	47.1685
5261.352957	96.000	46.7988
5261.719168	96.002	46.3950
5262.085379	96.000	45.9844
5262.451590	95.997	45.6021
5262.817801	95.998	45.2222
5263.184012	95.999	44.8364
5263.550223	96.002	44.4438
5263.916434	96.005	44.0347
5264.282645	96.005	43.6211
5264.648856	96.003	43.2275
5265.015067	96.005	42.8413
5265.381278	96.009	42.4253
5265.747489	96.008	41.9897
5266.113700	96.004	41.5791
5266.479911	96.001	41.1865
5266.846122	95.998	40.7983
5267.212333	95.996	40.4390
5267.578544	96.001	40.0820
5267.944754	96.009	39.6768
5268.310965	96.012	39.2441
5268.677176	96.013	38.8262
5269.043387	96.014	38.4185
5269.409598	96.016	38.0015
5269.775809	96.015	37.5703
5270.142020	96.010	37.1597
5270.508231	96.007	36.7974
5270.874442	96.014	36.4219
5271.240653	96.018	35.9863
5271.606864	96.014	35.5669
5271.973075	96.011	35.1973
5272.339286	96.015	34.8130
5272.705497	96.016	34.4131
5273.071708	96.018	34.0254
5273.437919	96.022	33.6099
5273.804130	96.019	33.1909
5274.170341	96.017	32.8340
5274.536552	96.026	32.4570
5274.902763	96.031	31.9888
5275.268974	96.022	31.5483
5275.635185	96.016	31.1938
5276.001396	96.020	30.8135
5276.367607	96.019	30.3970
5276.733818	96.015	30.0342
5277.100029	96.022	29.6816
5277.466240	96.031	29.2490
5277.832451	96.028	28.7988
5278.198662	96.023	28.4150
5278.564873	96.027	28.0444
5278.931084	96.032	27.6313
5279.297294	96.034	27.2080
5279.663505	96.035	26.7803
5280.029716	96.031	26.3481
5280.395927	96.024	25.9751
5280.762138	96.028	25.6353
5281.128349	96.039	25.2163
5281.494560	96.037	24.7529
5281.860771	96.029	24.3574
5282.226982	96.030	23.9985
5282.593193	96.033	23.6021
5282.959404	96.032	23.1934
5283.325615	96.030	22.8193
5283.691826	96.035	22.4541
5284.058037	96.042	22.0391
5284.424248	96.042	21.5933
5284.790459	96.036	21.1914
5285.156670	96.036	20.8154
5285.522881	96.037	20.4116
5285.889092	96.035	20.0161
5286.255303	96.035	19.6406
5286.621514	96.037	19.2461
5286.987725	96.037	18.8569
5287.353936	96.041	18.4795
5287.720147	96.048	18.0522
5288.086358	96.045	17.6094
5288.452569	96.040	17.2373
5288.818780	96.046	16.8774
5289.184991	96.054	16.4453
5289.551202	96.053	16.0059
5289.917413	96.052	15.6108
5290.283623	96.055	15.1978
5290.649834	96.052	14.7759
5291.016045	96.050	14.4033
5291.382256	96.055	14.0259
5291.748467	96.059	13.6084
5292.114678	96.059	13.2041
5292.480889	96.062	12.8037
5292.847100	96.062	12.3979
5293.213311	96.064	12.0195
5293.579522	96.072	11.6055
5293.945733	96.070	11.1411
5294.311944	96.060	10.7505
5294.678155	96.062	10.4185
5295.044366	96.071	10.0151
5295.410577	96.071	9.5737
5295.776788	96.066	9.1782
5296.142999	96.067	8.8022
5296.509210	96.070	8.4053
5296.875421	96.071	7.9888
5297.241632	96.067	7.5830
5297.607843	96.065	7.2319
5297.974054	96.075	6.8789
5298.340265	96.089	6.4170
5298.706476	96.084	5.9038
5299.072687	96.068	5.4980
5299.438898	96.064	5.1807
5299.805109	96.073	4.8091
5300.171320	96.076	4.3750
5300.537531	96.074	3.9629
5300.903742	96.072	3.5693
5301.269953	96.071	3.1826
5301.636163	96.074	2.8169
5302.002374	96.082	2.4077
5302.368585	96.082	1.9458
5302.734796	96.071	1.5566
5303.101007	96.073	1.2373
5303.467218	96.085	0.8472
5303.833429	96.090	0.3975
5304.199640	96.089	-0.0210
5304.565851	96.091	-0.4390
5304.932062	96.088	-0.8721
5305.298273	96.081	-1.2554
5305.664484	96.084	-1.6079
5306.030695	96.091	-2.0073
5306.396906	96.094	-2.4443
5306.763117	96.091	-2.8594
5307.129328	96.090	-3.2363
5307.495539	96.097	-3.6279
5307.861750	96.101	-4.0747
5308.227961	96.096	-4.5054
5308.594172	96.095	-4.8779
5308.960383	96.100	-5.2871
5309.326594	96.097	-5.7290
5309.692805	96.091	-6.0864
5310.059016	96.100	-6.4355
5310.425227	96.110	-6.8970
5310.791438	96.102	-7.3457
5311.157649	96.098	-7.6973
5311.523860	96.105	-8.0742
5311.890071	96.108	-8.5034
5312.256282	96.107	-8.9014
5312.622492	96.110	-9.2964
5312.988703	96.111	-9.7192
5313.354914	96.107	-10.1138
5313.721125	96.109	-10.4893
5314.087336	96.112	-10.8979
5314.453547	96.110	-11.2993
5314.819758	96.111	-11.6636
5315.185969	96.117	-12.0527
5315.552180	96.121	-12.4756
5315.918391	96.121	-12.8853
5316.284602	96.123	-13.2930
5316.650813	96.123	-13.7041
5317.017024	96.124	-14.1084
5317.383235	96.124	-14.5327
5317.749446	96.118	-14.9390
5318.115657	96.117	-15.2896
5318.481868	96.126	-15.6875
5318.848079	96.125	-16.1436
5319.214290	96.117	-16.5190
5319.580501	96.123	-16.8760
5319.946712	96.127	-17.3262
5320.312923	96.117	-17.7300
5320.679134	96.119	-18.0459
5321.045345	96.133	-18.4561
5321.411556	96.131	-18.9277
5321.777767	96.124	-19.2998
5322.143978	96.130	-19.6621
5322.510189	96.135	-20.1069
5322.876400	96.130	-20.5229
5323.242611	96.129	-20.8867
5323.608822	96.134	-21.2861
5323.975032	96.135	-21.7046
5324.341243	96.135	-22.1079
5324.707454	96.135	-22.5088
5325.073665	96.135	-22.8843
5325.439876	96.143	-23.2661
5325.806087	96.150	-23.7295
5326.172298	96.142	-24.1924
5326.538509	96.132	-24.5464
5326.904720	96.138	-24.8804
5327.270931	96.148	-25.3062
5327.637142	96.147	-25.7627
5328.003353	96.141	-26.1606
5328.369564	96.140	-26.5200
5328.735775	96.146	-26.9009
5329.101986	96.150	-27.3174
5329.468197	96.150	-27.7310
5329.834408	96.151	-28.1187
5330.200619	96.156	-28.5142
5330.566830	96.161	-28.9365
5330.933041	96.163	-29.3628
5331.299252	96.164	-29.7974
5331.665463	96.160	-30.2373
5332.031674	96.153	-30.6289
5332.397885	96.154	-30.9902
5332.764096	96.158	-31.3955
5333.130307	96.157	-31.8096
5333.496518	96.158	-32.1953
5333.862729	96.162	-32.6211
5334.228940	96.156	-33.0562
5334.595151	96.149	-33.4033
5334.961361	96.157	-33.7441
5335.327572	96.168	-34.1865
5335.693783	96.166	-34.6636
5336.059994	96.155	-35.0771
5336.426205	96.149	-35.4194
5336.792416	96.154	-35.7583
5337.158627	96.163	-36.1680
5337.524838	96.162	-36.5986
5337.891049	96.160	-36.9746
5338.257260	96.165	-37.3521
5338.623471	96.170	-37.7720
5338.989682	96.169	-38.1836
5339.355893	96.170	-38.5776
5339.722104	96.173	-38.9756
5340.088315	96.178	-39.3936
5340.454526	96.178	-39.8486
5340.820737	96.167	-40.2720
5341.186948	96.160	-40.6016
5341.553159	96.167	-40.9326
5341.919370	96.176	-41.3389
5342.285581	96.179	-41.7559
5342.651792	96.184	-42.1738
5343.018003	96.186	-42.6309
5343.384214	96.178	-43.0610
5343.750425	96.174	-43.4155
5344.116636	96.181	-43.7935
5344.482847	96.184	-44.2485
5344.849058	96.175	-44.6748
5345.215269	96.170	-45.0176
5345.581480	96.176	-45.3604
5345.947691	96.185	-45.7588
5346.313901	96.190	-46.1997
5346.680112	96.187	-46.6323
5347.046323	96.184	-46.9990
5347.412534	96.194	-47.3599
5347.778745	96.205	-47.8179
5348.144956	96.202	-48.3013
5348.511167	96.193	-48.7075
5348.877378	96.190	-49.0820
5349.243589	96.190	-49.4556
5349.609800	96.195	-49.8262
5349.976011	96.201	-50.2510
5350.342222	96.197	-50.6855
5350.708433	96.194	-51.0439
5351.074644	96.203	-51.4194
5351.440855	96.207	-51.8779
5351.807066	96.199	-52.2959
5352.173277	96.199	-52.6597
5352.539488	96.203	-53.0786
5352.905699	96.197	-53.5010
5353.271910	96.193	-53.8525
5353.638121	96.198	-54.2183
5354.004332	96.201	-54.6240
5354.370543	96.203	-55.0098
5354.736754	96.210	-55.4194
5355.102965	96.210	-55.8667
5355.469176	96.206	-56.2642
5355.835387	96.209	-56.6401
5356.201598	96.215	-57.0767
5356.567809	96.211	-57.5146
5356.934020	96.208	-57.9067
5357.300231	96.208	-58.3022
5357.666441	96.207	-58.6997
5358.032652	96.207	-59.0767
5358.398863	96.212	-59.4727
5358.765074	96.214	-59.8916
5359.131285	96.213	-60.2886
5359.497496	96.217	-60.6704
5359.863707	96.224	-61.0825
5360.229918	96.228	-61.5430
5360.596129	96.221	-62.0068
5360.962340	96.208	-62.3916
5361.328551	96.206	-62.7065
5361.694762	96.216	-63.0693
5362.060973	96.222	-63.5166
5362.427184	96.216	-63.9429
5362.793395	96.213	-64.3008
5363.159606	96.219	-64.6733
5363.525817	96.224	-65.1055
5363.892028	96.222	-65.5352
5364.258239	96.219	-65.9351
5364.624450	96.216	-66.3345
5364.990661	96.212	-66.7065
5365.356872	96.215	-67.0425
5365.723083	96.227	-67.4351
5366.089294	96.231	-67.8921
5366.455505	96.228	-68.3081
5366.821716	96.229	-68.6973
5367.187927	96.231	-69.1113
5367.554138	96.231	-69.5029
5367.920349	96.237	-69.8975
5368.286560	96.240	-70.3413
5368.652770	96.236	-70.7476
5369.018981	96.240	-71.1182
5369.385192	96.247	-71.5591
5369.751403	96.239	-72.0073
5370.117614	96.230	-72.3550
5370.483825	96.235	-72.6704
5370.850036	96.248	-73.0449
5371.216247	96.258	-73.4800
5371.582458	96.262	-73.9429
5371.948669	96.258	-74.3867
5372.314880	96.253	-74.8008
5372.681091	96.248	-75.2056
5373.047302	96.242	-75.5806
5373.413513	96.240	-75.9189
5373.779724	96.247	-76.2793
5374.145935	96.253	-76.6943
5374.512146	96.253	-77.1196
5374.878357	96.251	-77.5176
5375.244568	96.252	-77.9141
5375.610779	96.252	-78.3208
5375.976990	96.251	-78.7085
5376.343201	96.256	-79.1025
5376.709412	96.258	-79.5444
5377.075623	96.252	-79.9775
5377.441834	96.246	-80.3457
5377.808045	96.248	-80.6973
5378.174256	96.255	-81.0874
5378.540467	96.260	-81.5078
5378.906678	96.261	-81.9272
5379.272889	96.262	-82.3354
5379.639100	96.264	-82.7471
5380.005310	96.264	-83.1670
5380.371521	96.262	-83.5664
5380.737732	96.263	-83.9419
5381.103943	96.269	-84.3340
5381.470154	96.276	-84.7690
5381.836365	96.275	-85.2334
5382.202576	96.264	-85.6665
5382.568787	96.254	-86.0054
5382.934998	96.260	-86.3145
5383.301209	96.275	-86.7227
5383.667420	96.277	-87.2021
5384.033631	96.268	-87.6182
5384.399842	96.266	-87.9692
5384.766053	96.273	-88.3564
5385.132264	96.275	-88.7954
5385.498475	96.271	-89.2144
5385.864686	96.268	-89.5811
5386.230897	96.273	-89.9556
5386.597108	96.278	-90.3813
5386.963319	96.276	-90.7998
5387.329530	96.275	-91.1768
5387.695741	96.281	-91.5718
5388.061952	96.284	-92.0005
5388.428163	96.283	-92.4170
5388.794374	96.282	-92.8184
5389.160585	96.283	-93.2241
5389.526796	96.281	-93.6284
5389.893007	96.279	-94.0088
5390.259218	96.282	-94.3711
5390.625429	96.289	-94.7783
5390.991639	96.288	-95.2183
5391.357850	96.283	-95.5952
5391.724061	96.288	-95.9497
5392.090272	96.294	-96.3755
5392.456483	96.290	-96.7959
5392.822694	96.290	-97.1611
5393.188905	96.297	-97.5615
5393.555116	96.298	-97.9971
5393.921327	96.295	-98.4043
5394.287538	96.295	-98.8037
5394.653749	96.294	-99.2056
5395.019960	96.296	-99.6006
5395.386171	96.299	-100.0308
5395.752382	96.293	-100.4810
5396.118593	96.281	-100.8501
5396.484804	96.282	-101.1440
5396.851015	96.299	-101.5122
5397.217226	96.308	-102.0024
5397.583437	96.300	-102.4580
5397.949648	96.297	-102.8115
5398.315859	96.308	-103.2100
5398.682070	96.309	-103.6992
5399.048281	96.295	-104.1138
5399.414492	96.294	-104.4214
5399.780703	96.308	-104.8032
5400.146914	96.312	-105.2808
5400.513125	96.304	-105.6914
5400.879336	96.305	-106.0469
5401.245547	96.311	-106.4580
5401.611758	96.310	-106.8696
5401.977969	96.312	-107.2544
5402.344179	96.314	-107.6777
5402.710390	96.310	-108.0776
5403.076601	96.312	-108.4312
5403.442812	96.320	-108.8545
5403.809023	96.315	-109.2979
5404.175234	96.309	-109.6538
5404.541445	96.315	-110.0088
5404.907656	96.321	-110.4238
5405.273867	96.323	-110.8486
5405.640078	96.322	-111.2661
5406.006289	96.320	-111.6670
5406.372500	96.321	-112.0688
5406.738711	96.320	-112.4956
5407.104922	96.312	-112.8843
5407.471133	96.312	-113.2290
5407.837344	96.319	-113.6118
5408.203555	96.322	-114.0215
5408.569766	96.325	-114.4312
5408.935977	96.326	-114.8574
5409.302188	96.324	-115.2559
5409.668399	96.327	-115.6460
5410.034610	96.329	-116.0894
5410.400821	96.321	-116.4985
5410.767032	96.319	-116.8315
5411.133243	96.329	-117.2163
5411.499454	96.332	-117.6616
5411.865665	96.328	-118.0615
5412.231876	96.331	-118.4429
5412.598087	96.333	-118.8613
5412.964298	96.330	-119.2651
5413.330509	96.330	-119.6387
5413.696719	96.334	-120.0308
5414.062930	96.337	-120.4404
5414.429141	96.340	-120.8594
5414.795352	96.338	-121.2939
5415.161563	96.331	-121.6875
5415.527774	96.332	-122.0288
5415.893985	96.342	-122.4194
5416.260196	96.347	-122.8867
5416.626407	96.339	-123.3345
5416.992618	96.331	-123.7153
5417.358829	96.329	-124.0557
5417.725040	96.336	-124.4136
5418.091251	96.344	-124.8413
5418.457462	96.342	-125.2827
5418.823673	96.337	-125.6577
5419.189884	96.342	-126.0186
5419.556095	96.350	-126.4370
5419.922306	96.351	-126.8848
5420.288517	96.345	-127.3096
5420.654728	96.339	-127.6802
5421.020939	96.342	-128.0283
5421.387150	96.350	-128.4341
5421.753361	96.350	-128.8701
5422.119572	96.346	-129.2573
5422.485783	96.348	-129.6475
5422.851994	96.346	-130.0610
5423.218205	96.342	-130.4160
5423.584416	96.351	-130.7764
5423.950627	96.356	-131.2280
5424.316838	96.348	-131.6372
5424.683048	96.350	-131.9697
5425.049259	96.362	-132.3999
5425.415470	96.356	-132.8843
5425.781681	96.343	-133.2397
5426.147892	96.349	-133.5518
5426.514103	96.360	-133.9688
5426.880314	96.360	-134.4199
5427.246525	96.356	-134.8193
5427.612736	96.357	-135.1968
5427.978947	96.362	-135.5869
5428.345158	96.368	-136.0122
5428.711369	96.367	-136.4683
5429.077580	96.360	-136.8877
5429.443791	96.356	-137.2505
5429.810002	96.361	-137.6304
5430.176213	96.363	-138.0459
5430.542424	96.362	-138.4463
5430.908635	96.364	-138.8438
5431.274846	96.363	-139.2617
5431.641057	96.358	-139.6445
5432.007268	96.360	-139.9868
5432.373479	96.369	-140.3691
5432.739690	96.374	-140.8018
5433.105901	96.374	-141.2251
5433.472112	96.373	-141.6260
5433.838323	96.374	-142.0220
5434.204534	96.375	-142.4224
5434.570745	96.376	-142.8218
5434.936956	96.378	-143.2202
5435.303167	96.380	-143.6406
5435.669378	96.376	-144.0596
5436.035588	96.373	-144.4297
5436.401799	96.378	-144.8008
5436.768010	96.382	-145.2280
5437.134221	96.379	-145.6519
5437.500432	96.375	-146.0278
5437.866643	96.378	-146.3970
5438.232854	96.383	-146.7915
5438.599065	96.387	-147.2139
5438.965276	96.386	-147.6338
5439.331487	96.385	-148.0190
5439.697698	96.389	-148.4116
5440.063909	96.392	-148.8428
5440.430120	96.389	-149.2588
5440.796331	96.387	-149.6450
5441.162542	96.386	-150.0269
5441.528753	96.388	-150.3911
5441.894964	96.396	-150.7744
5442.261175	96.402	-151.2231
5442.627386	96.397	-151.6582
5442.993597	96.393	-152.0234
5443.359808	96.398	-152.3960
5443.726019	96.402	-152.8066
5444.092230	96.403	-153.2188
5444.458441	96.403	-153.6328
5444.824652	96.400	-154.0352
5445.190863	96.399	-154.4077
5445.557074	96.402	-154.7954
5445.923285	96.403	-155.2007
5446.289496	96.405	-155.5952
5446.655707	96.408	-156.0156
5447.021917	96.404	-156.4443
5447.388128	96.400	-156.8135
5447.754339	96.406	-157.1851
5448.120550	96.411	-157.6328
5448.486761	96.404	-158.0698
5448.852972	96.398	-158.4331
5449.219183	96.403	-158.8057
5449.585394	96.405	-159.2339
5449.951605	96.399	-159.6406
5450.317816	96.396	-159.9878
5450.684027	96.402	-160.3423
5451.050238	96.409	-160.7480
5451.416449	96.412	-161.1685
5451.782660	96.413	-161.5723
5452.148871	96.417	-161.9819
5452.515082	96.417	-162.4150
5452.881293	96.410	-162.8237
5453.247504	96.407	-163.1646
5453.613715	96.416	-163.5088
5453.979926	96.427	-163.9434
5454.346137	96.426	-164.4033
5454.712348	96.421	-164.8037
5455.078559	96.422	-165.1948
5455.444770	96.420	-165.6045
5455.810981	96.417	-165.9790
5456.177192	96.422	-166.3467
5456.543403	96.429	-166.7744
5456.909614	96.426	-167.2202
5457.275825	96.420	-167.6152
5457.642036	96.420	-167.9888
5458.008247	96.420	-168.3818
5458.374457	96.420	-168.7612
5458.740668	96.425	-169.1343
5459.106879	96.432	-169.5698
5459.473090	96.427	-170.0195
5459.839301	96.420	-170.3853
5460.205512	96.425	-170.7397
5460.571723	96.430	-171.1665
5460.937934	96.425	-171.5825
5461.304145	96.422	-171.9297
5461.670356	96.430	-172.2832
5462.036567	96.439	-172.7012
5462.402778	96.441	-173.1504
5462.768989	96.436	-173.5640
5463.135200	96.433	-173.9336
5463.501411	96.436	-174.3076
5463.867622	96.441	-174.7002
5464.233833	96.446	-175.1167
5464.600044	96.446	-175.5630
5464.966255	96.438	-175.9653
5465.332466	96.438	-176.3115
5465.698677	96.445	-176.7109
5466.064888	96.444	-177.1475
5466.431099	96.440	-177.5293
5466.797310	96.443	-177.9053
5467.163521	96.446	-178.3164
5467.529732	96.447	-178.7241
5467.895943	96.447	-179.1411
5468.262154	96.443	-179.5430
5468.628365	96.443	-179.8989
5468.994576	96.451	179.7090
5469.360786	96.452	179.2778
5469.726997	96.452	178.8843
5470.093208	96.456	178.4800
5470.459419	96.455	178.0488
5470.825630	96.452	177.6709
5471.191841	96.456	177.2920
5471.558052	96.458	176.8701
5471.924263	96.456	176.4897
5472.290474	96.463	176.1123
5472.656685	96.469	175.6519
5473.022896	96.461	175.2129
5473.389107	96.457	174.8613
5473.755318	96.464	174.4731
5474.121529	96.465	174.0112
5474.487740	96.454	173.5962
5474.853951	96.449	173.2588
5475.220162	96.456	172.9019
5475.586373	96.463	172.4814
5475.952584	96.463	172.0386
5476.318795	96.458	171.6152
5476.685006	96.453	171.2354
5477.051217	96.455	170.8755
5477.417428	96.460	170.4751
5477.783639	96.461	170.0513
5478.149850	96.460	169.6567
5478.516061	96.464	169.2578
5478.882272	96.466	168.8193
5479.248483	96.459	168.4058
5479.614694	96.456	168.0610
5479.980905	96.465	167.7080
5480.347116	96.475	167.2568
5480.713326	96.469	166.7861
5481.079537	96.458	166.4268
5481.445748	96.462	166.1006
5481.811959	96.469	165.6982
5482.178170	96.469	165.2954
5482.544381	96.473	164.9126
5482.910592	96.477	164.4907
5483.276803	96.474	164.0933
5483.643014	96.478	163.7236
5484.009225	96.483	163.2910
5484.375436	96.478	162.8696
5484.741647	96.478	162.5127
5485.107858	96.486	162.1025
5485.474069	96.484	161.6543
5485.840280	96.479	161.2744
5486.206491	96.483	160.8979
5486.572702	96.485	160.4668
5486.938913	96.479	160.0674
5487.305124	96.480	159.7119
5487.671335	96.487	159.3101
5488.037546	96.487	158.8730
5488.403757	96.482	158.4854
5488.769968	96.483	158.1289
5489.136179	96.490	157.7427
5489.502390	96.495	157.3335
5489.868601	96.499	156.9019
5490.234812	96.496	156.4585
5490.601023	96.490	156.0723
5490.967234	96.491	155.7144
5491.333445	96.494	155.3110
5491.699656	96.492	154.9224
5492.065866	96.496	154.5571
5492.432077	96.502	154.1294
5492.798288	96.496	153.7183
5493.164499	96.496	153.3818
5493.530710	96.508	152.9849
5493.896921	96.509	152.5259
5494.263132	96.505	152.1284
5494.629343	96.508	151.7373
5494.995554	96.507	151.3096
5495.361765	96.503	150.9233
5495.727976	96.506	150.5469
5496.094187	96.509	150.1299
5496.460398	96.508	149.7290
5496.826609	96.512	149.3213
5497.192820	96.511	148.8716
5497.559031	96.500	148.4775
5497.925242	96.500	148.1543
5498.291453	96.510	147.7749
5498.657664	96.514	147.3262
5499.023875	96.510	146.9150
5499.390086	96.511	146.5420
5499.756297	96.515	146.1294
5500.122508	96.513	145.7085
5500.488719	96.511	145.3398
5500.854930	96.517	144.9575
5501.221141	96.519	144.5181
5501.587352	96.512	144.1191
5501.953563	96.512	143.7734
5502.319774	96.518	143.3804
5502.685985	96.517	142.9746
5503.052195	96.518	142.6265
5503.418406	96.529	142.2456
5503.784617	96.534	141.7866
5504.150828	96.527	141.3618
5504.517039	96.524	141.0034
5504.883250	96.529	140.6226
5505.249461	96.531	140.2085
5505.615672	96.529	139.8179
5505.981883	96.531	139.4404
5506.348094	96.534	139.0386
5506.714305	96.535	138.6279
5507.080516	96.535	138.2339
5507.446727	96.538	137.8301
5507.812938	96.539	137.3975
5508.179149	96.533	136.9771
5508.545360	96.528	136.6025
5508.911571	96.530	136.2373
5509.277782	96.533	135.8369
5509.643993	96.532	135.4336
5510.010204	96.533	135.0557
5510.376415	96.538	134.6567
5510.742626	96.539	134.2305
5511.108837	96.537	133.8350
5511.475048	96.541	133.4443
5511.841259	96.542	133.0200
5512.207470	96.539	132.6274
5512.573681	96.542	132.2539
5512.939892	96.545	131.8330
5513.306103	96.540	131.4448
5513.672314	96.545	131.1108
5514.038525	96.557	130.6948
5514.404735	96.556	130.2383
5514.770946	96.552	129.8740
5515.137157	96.562	129.4951
5515.503368	96.565	129.0239
5515.869579	96.552	128.6206
5516.235790	96.551	128.3237
5516.602001	96.566	127.9688
5516.968212	96.576	127.5078
5517.334423	96.573	127.0498
5517.700634	96.567	126.6577
5518.066845	96.567	126.2847
5518.433056	96.568	125.8838
5518.799267	96.565	125.4941
5519.165478	96.565	125.1455
5519.531689	96.572	124.7749
5519.897900	96.579	124.3535
5520.264111	96.579	123.9326
5520.630322	96.579	123.5288
5520.996533	96.578	123.1265
5521.362744	96.577	122.7456
5521.728955	96.581	122.3691
5522.095166	96.587	121.9453
5522.461377	96.584	121.5010
5522.827588	96.576	121.1094
5523.193799	96.574	120.7676
5523.560010	96.580	120.4116
5523.926221	96.587	120.0054
5524.292432	96.588	119.5757
5524.658643	96.585	119.1689
5525.024854	96.584	118.7891
5525.391064	96.587	118.3979
5525.757275	96.589	117.9746
5526.123486	96.583	117.5605
5526.489697	96.577	117.2080
5526.855908	96.583	116.8696
5527.222119	96.593	116.4536
5527.588330	96.593	116.0010
5527.954541	96.587	115.6069
5528.320752	96.589	115.2334
5528.686963	96.593	114.8174
5529.053174	96.591	114.4043
5529.419385	96.590	114.0186
5529.785596	96.592	113.6216
5530.151807	96.593	113.2080
5530.518018	96.590	112.8066
5530.884229	96.588	112.4292
5531.250440	96.590	112.0576
5531.616651	96.594	111.6655
5531.982862	96.594	111.2671
5532.349073	96.595	110.8940
5532.715284	96.600	110.5249
5533.081495	96.606	110.1260
5533.447706	96.610	109.7134
5533.813917	96.612	109.3027
5534.180128	96.612	108.8843
5534.546339	96.609	108.4858
5534.912550	96.607	108.1313
5535.278761	96.613	107.7695
5535.644972	96.620	107.3638
5536.011183	96.623	106.9507
5536.377394	96.625	106.5396
5536.743604	96.625	106.1221
5537.109815	96.623	105.7285
5537.476026	96.625	105.3418
5537.842237	96.626	104.9272
5538.208448	96.623	104.5356
5538.574659	96.626	104.1650
5538.940870	96.630	103.7490
5539.307081	96.627	103.3374
5539.673292	96.627	102.9761
5540.039503	96.635	102.5732
5540.405714	96.635	102.1162
5540.771925	96.626	101.7119
5541.138136	96.623	101.3667
5541.504347	96.628	101.0015
5541.870558	96.632	100.5967
5542.236769	96.631	100.2017
5542.602980	96.633	99.8335
5542.969191	96.640	99.4346
5543.335402	96.641	98.9966
5543.701613	96.637	98.5977
5544.067824	96.637	98.2275
5544.434035	96.639	97.8315
5544.800246	96.638	97.4600
5545.166457	96.646	97.1011
5545.532668	96.657	96.6514
5545.898879	96.652	96.1763
5546.265090	96.642	95.8003
5546.631301	96.643	95.4634
5546.997512	96.650	95.0786
5547.363723	96.654	94.6758
5547.729934	96.658	94.2690
5548.096144	96.660	93.8462
5548.462355	96.657	93.4434
5548.828566	96.659	93.0757
5549.194777	96.668	92.6763
5549.560988	96.671	92.2090
5549.927199	96.660	91.7720
5550.293410	96.650	91.4556
5550.659621	96.661	91.1543
5551.025832	96.677	90.7314
5551.392043	96.677	90.2583
5551.758254	96.670	89.8608
5552.124465	96.671	89.5020
5552.490676	96.675	89.1172
5552.856887	96.677	88.7305
5553.223098	96.682	88.3389
5553.589309	96.685	87.9170
5553.955520	96.682	87.5098
5554.321731	96.682	87.1255
5554.687942	96.682	86.7168
5555.054153	96.676	86.3335
5555.420364	96.677	86.0181
5555.786575	96.691	85.6436
5556.152786	96.697	85.1646
5556.518997	96.687	84.7363
5556.885208	96.682	84.3999
5557.251419	96.689	84.0420
5557.617630	96.696	83.6333
5557.983841	96.700	83.2075
5558.350052	96.701	82.7583
5558.716263	96.693	82.3184
5559.082473	96.682	81.9531
5559.448684	96.680	81.6455
5559.814895	96.692	81.3042
5560.181106	96.704	80.8750
5560.547317	96.705	80.4150
5560.913528	96.701	80.0029
5561.279739	96.701	79.6108
5561.645950	96.700	79.2056
5562.012161	96.697	78.8369
5562.378372	96.703	78.4897
5562.744583	96.714	78.0708
5563.110794	96.714	77.6118
5563.477005	96.709	77.2036
5563.843216	96.707	76.8262
5564.209427	96.707	76.4492
5564.575638	96.710	76.0776
5564.941849	96.714	75.6733
5565.308060	96.711	75.2773
5565.674271	96.713	74.9565
5566.040482	96.731	74.5713
5566.406693	96.737	74.0439
5566.772904	96.717	73.6113
5567.139115	96.710	73.3525
5567.505326	96.728	73.0254
5567.871537	96.739	72.5649
5568.237748	96.735	72.1392
5568.603959	96.737	71.7695
5568.970170	96.744	71.3535
5569.336381	96.742	70.9087
5569.702592	96.735	70.5273
5570.068803	96.737	70.1855
5570.435013	96.745	69.7842
5570.801224	96.744	69.3608
5571.167435	96.741	68.9946
5571.533646	96.746	68.6235
5571.899857	96.748	68.2236
5572.266068	96.751	67.8574
5572.632279	96.760	67.4639
5572.998490	96.763	67.0205
5573.364701	96.760	66.6318
5573.730912	96.766	66.2607
5574.097123	96.771	65.8257
5574.463334	96.768	65.4058
5574.829545	96.767	65.0259
5575.195756	96.768	64.6313
5575.561967	96.767	64.2456
5575.928178	96.770	63.8647
5576.294389	96.771	63.4692
5576.660600	96.772	63.0962
5577.026811	96.779	62.7021
5577.393022	96.781	62.2520
5577.759233	96.772	61.8511
5578.125444	96.771	61.5161
5578.491655	96.779	61.1401
5578.857866	96.783	60.7153
5579.224077	96.782	60.2983
5579.590288	96.779	59.9131
5579.956499	96.780	59.5503
5580.322710	96.787	59.1567
5580.688921	96.788	58.7314
5581.055132	96.786	58.3384
5581.421342	96.789	57.9580
5581.787553	96.791	57.5513
5582.153764	96.790	57.1592
5582.519975	96.794	56.7817
5582.886186	96.798	56.3770
5583.252397	96.798	55.9697
5583.618608	96.799	55.5898
5583.984819	96.805	55.2021
5584.351030	96.808	54.7764
5584.717241	96.805	54.3647
5585.083452	96.803	54.0151
5585.449663	96.811	53.6519
5585.815874	96.817	53.2280
5586.182085	96.816	52.8188
5586.548296	96.818	52.4307
5586.914507	96.817	52.0308
5587.280718	96.816	51.6738
5587.646929	96.825	51.3154
5588.013140	96.833	50.8735
5588.379351	96.828	50.4585
5588.745562	96.830	50.1108
5589.111773	96.839	49.6938
5589.477984	96.834	49.2471
5589.844195	96.827	48.9009
5590.210406	96.836	48.5703
5590.576617	96.846	48.1460
5590.942828	96.845	47.7095
5591.309039	96.843	47.3384
5591.675250	96.850	46.9619
5592.041461	96.854	46.5259
5592.407672	96.850	46.1113
5592.773882	96.849	45.7441
5593.140093	96.853	45.3389
5593.506304	96.848	44.9282
5593.872515	96.843	44.5991
5594.238726	96.852	44.2676
5594.604937	96.862	43.8550
5594.971148	96.862	43.4424
5595.337359	96.864	43.0732
5595.703570	96.873	42.6836
5596.069781	96.880	42.2339
5596.435992	96.875	41.7808
5596.802203	96.866	41.4048
5597.168414	96.868	41.0649
5597.534625	96.875	40.6665
5597.900836	96.874	40.2520
5598.267047	96.874	39.8818
5598.633258	96.879	39.4990
5598.999469	96.881	39.0967
5599.365680	96.884	38.7183
5599.731891	96.893	38.3159
5600.098102	96.897	37.8579
5600.464313	96.891	37.4111
5600.830524	96.882	37.0283
5601.196735	96.878	36.7056
5601.562946	96.887	36.3730
5601.929157	96.897	35.9609
5602.295368	96.897	35.5391
5602.661579	96.897	35.1812
5603.027790	96.906	34.7954
5603.394001	96.909	34.3638
5603.760211	96.908	33.9839
5604.126422	96.916	33.5991
5604.492633	96.918	33.1479
5604.858844	96.909	32.7578
5605.225055	96.913	32.4263
5605.591266	96.922	32.0083
5605.957477	96.918	31.5708
5606.323688	96.913	31.2183
5606.689899	96.919	30.8540
5607.056110	96.921	30.4434
5607.422321	96.921	30.0674
5607.788532	96.927	29.6914
5608.154743	96.931	29.2705
5608.520954	96.930	28.8667
5608.887165	96.933	28.4766
5609.253376	96.936	28.0464
5609.619587	96.929	27.6338
5609.985798	96.926	27.2935
5610.352009	96.933	26.9478
5610.718220	96.941	26.5415
5611.084431	96.944	26.1240
5611.450642	96.945	25.7256
5611.816853	96.946	25.3340
5612.183064	96.948	24.9546
5612.549275	96.953	24.5664
5612.915486	96.957	24.1582
5613.281697	96.958	23.7700
5613.647908	96.965	23.3755
5614.014119	96.967	22.9277
5614.380330	96.958	22.5215
5614.746541	96.955	22.2119
5615.112751	96.967	21.8711
5615.478962	96.976	21.4507
5615.845173	96.980	21.0288
5616.211384	96.981	20.6069
5616.577595	96.977	20.2012
5616.943806	96.976	19.8618
5617.310017	96.987	19.4941
5617.676228	96.994	19.0342
5618.042439	96.988	18.6040
5618.408650	96.984	18.2461
5618.774861	96.987	17.8818
5619.141072	96.991	17.5039
5619.507283	96.998	17.1162
5619.873494	97.003	16.6890
5620.239705	97.001	16.2715
5620.605916	97.000	15.9062
5620.972127	97.008	15.5234
5621.338338	97.012	15.0771
5621.704549	97.005	14.6533
5622.070760	97.000	14.3130
5622.436971	97.008	13.9668
5622.803182	97.014	13.5503
5623.169393	97.011	13.1553
5623.535604	97.015	12.8159
5623.901815	97.027	12.4243
5624.268026	97.033	11.9673
5624.634237	97.029	11.5391
5625.000448	97.025	11.1587
5625.366659	97.025	10.7979
5625.732870	97.030	10.4346
5626.099081	97.037	10.0352
5626.465291	97.040	9.6118
5626.831502	97.038	9.2119
5627.197713	97.039	8.8296
5627.563924	97.040	8.4517
5627.930135	97.043	8.0854
5628.296346	97.050	7.7036
5628.662557	97.056	7.2935
5629.028768	97.058	6.8853
5629.394979	97.060	6.4785
5629.761190	97.060	6.0776
5630.127401	97.062	5.7031
5630.493612	97.068	5.3110
5630.859823	97.069	4.8882
5631.226034	97.066	4.5083
5631.592245	97.070	4.1572
5631.958456	97.078	3.7568
5632.324667	97.080	3.3379
5632.690878	97.079	2.9497
5633.057089	97.080	2.5781
5633.423300	97.084	2.2148
5633.789511	97.092	1.8335
5634.155722	97.099	1.4111
5634.521933	97.099	0.9951
5634.888144	97.099	0.6074
5635.254355	97.100	0.2222
5635.620566	97.101	-0.1504
5635.986777	97.105	-0.5088
5636.352988	97.113	-0.8882
5636.719199	97.121	-1.2998
5637.085410	97.125	-1.7334
5637.451620	97.122	-2.1538
5637.817831	97.119	-2.5288
5638.184042	97.121	-2.8936
5638.550253	97.123	-3.2720
5638.916464	97.127	-3.6333
5639.282675	97.136	-4.0112
5639.648886	97.143	-4.4468
5640.015097	97.141	-4.8638
5640.381308	97.142	-5.2222
5640.747519	97.154	-5.6309
5641.113730	97.155	-6.1191
5641.479941	97.140	-6.5288
5641.846152	97.136	-6.8184
5642.212363	97.152	-7.1753
5642.578574	97.157	-7.6514
5642.944785	97.146	-8.0605
5643.310996	97.144	-8.3682
5643.677207	97.156	-8.7295
5644.043418	97.162	-9.1597
5644.409629	97.161	-9.5649
5644.775840	97.161	-9.9458
5645.142051	97.161	-10.3101
5645.508262	97.168	-10.6431
5645.874473	97.185	-11.0337
5646.240684	97.193	-11.5264
5646.606895	97.183	-11.9692
5646.973106	97.180	-12.2964
5647.339317	97.193	-12.6753
5647.705528	97.196	-13.1475
5648.071739	97.185	-13.5503
5648.437950	97.184	-13.8770
5648.804160	97.190	-14.2480
5649.170371	97.191	-14.6294
5649.536582	97.196	-14.9697
5649.902793	97.209	-15.3579
5650.269004	97.214	-15.8096
5650.635215	97.209	-16.2134
5651.001426	97.209	-16.5571
5651.367637	97.218	-16.9263
5651.733848	97.225	-17.3315
5652.100059	97.230	-17.7383
5652.466270	97.234	-18.1597
5652.832481	97.232	-18.5830
5653.198692	97.228	-18.9590
5653.564903	97.230	-19.3081
5653.931114	97.237	-19.6836
5654.297325	97.242	-20.0864
5654.663536	97.242	-20.4863
5655.029747	97.242	-20.8486
5655.395958	97.249	-21.1836
5655.762169	97.264	-21.5767
5656.128380	97.271	-22.0479
5656.494591	97.265	-22.4902
5656.860802	97.259	-22.8525
5657.227013	97.262	-23.1963
5657.593224	97.269	-23.5620
5657.959435	97.276	-23.9536
5658.325646	97.282	-24.3701
5658.691857	97.283	-24.7891
5659.058068	97.282	-25.1885
5659.424279	97.280	-25.5610
5659.790489	97.283	-25.9150
5660.156700	97.290	-26.2876
5660.522911	97.296	-26.6909
5660.889122	97.299	-27.0947
5661.255333	97.302	-27.4883
5661.621544	97.305	-27.8804
5661.987755	97.308	-28.2681
5662.353966	97.312	-28.6602
5662.720177	97.315	-29.0571
5663.086388	97.319	-29.4463
5663.452599	97.323	-29.8428
5663.818810	97.326	-30.2466
5664.185021	97.328	-30.6372
5664.551232	97.333	-31.0361
5664.917443	97.333	-31.4497
5665.283654	97.332	-31.8237
5665.649865	97.337	-32.1812
5666.016076	97.344	-32.5898
5666.382287	97.343	-32.9946
5666.748498	97.344	-33.3506
5667.114709	97.352	-33.7329
5667.480920	97.355	-34.1436
5667.847131	97.356	-34.5205
5668.213342	97.362	-34.9038
5668.579553	97.364	-35.3096
5668.945764	97.364	-35.6802
5669.311975	97.370	-36.0430
5669.678186	97.376	-36.4346
5670.044397	97.381	-36.8228
5670.410608	97.388	-37.2256
5670.776819	97.391	-37.6655
5671.143029	97.384	-38.0693
5671.509240	97.381	-38.3950
5671.875451	97.392	-38.7202
5672.241662	97.406	-39.1270
5672.607873	97.410	-39.5752
5672.974084	97.408	-39.9697
5673.340295	97.414	-40.3403
5673.706506	97.419	-40.7598
5674.072717	97.417	-41.1582
5674.438928	97.421	-41.4956
5674.805139	97.436	-41.8945
5675.171350	97.441	-42.3765
5675.537561	97.431	-42.7939
5675.903772	97.428	-43.1172
5676.269983	97.438	-43.4609
5676.636194	97.447	-43.8677
5677.002405	97.449	-44.2861
5677.368616	97.448	-44.6733
5677.734827	97.450	-45.0293
5678.101038	97.457	-45.3877
5678.467249	97.466	-45.7773
5678.833460	97.474	-46.1934
5679.199671	97.476	-46.6279
5679.565882	97.471	-47.0444
5679.932093	97.464	-47.3774
5680.298304	97.472	-47.6704
5680.664515	97.490	-48.0532
5681.030726	97.498	-48.5151
5681.396937	97.494	-48.9404
5681.763148	97.493	-49.3047
5682.129359	97.499	-49.6655
5682.495569	97.508	-50.0815
5682.861780	97.507	-50.5234
5683.227991	97.500	-50.8774
5683.594202	97.509	-51.1914
5683.960413	97.525	-51.6245
5684.326624	97.522	-52.1001
5684.692835	97.513	-52.4585
5685.059046	97.519	-52.7847
5685.425257	97.528	-53.1797
5685.791468	97.530	-53.5757
5686.157679	97.533	-53.9292
5686.523890	97.544	-54.2891
5686.890101	97.557	-54.7075
5687.256312	97.563	-55.1699
5687.622523	97.560	-55.6001
5687.988734	97.558	-55.9858
5688.354945	97.557	-56.3677
5688.721156	97.558	-56.7295
5689.087367	97.565	-57.0967
5689.453578	97.570	-57.5186
5689.819789	97.565	-57.9062
5690.186000	97.568	-58.2212
5690.552211	97.583	-58.6001
5690.918422	97.589	-59.0576
5691.284633	97.584	-59.4595
5691.650844	97.587	-59.8154
5692.017055	97.595	-60.2129
5692.383266	97.596	-60.6294
5692.749477	97.595	-61.0078
5693.115688	97.599	-61.3555
5693.481898	97.610	-61.7319
5693.848109	97.617	-62.1636
5694.214320	97.617	-62.5776
5694.580531	97.620	-62.9409
5694.946742	97.629	-63.3423
5695.312953	97.629	-63.7769
5695.679164	97.625	-64.1348
5696.045375	97.635	-64.4634
5696.411586	97.649	-64.8848
5696.777797	97.650	-65.3389
5697.144008	97.646	-65.7202
5697.510219	97.649	-66.0708
5697.876430	97.655	-66.4536
5698.242641	97.659	-66.8320
5698.608852	97.665	-67.1904
5698.975063	97.677	-67.5908
5699.341274	97.681	-68.0381
5699.707485	97.677	-68.4326
5700.073696	97.680	-68.7666
5700.439907	97.693	-69.1558
5700.806118	97.697	-69.6064
5701.172329	97.692	-70.0068
5701.538540	97.693	-70.3481
5701.904751	97.702	-70.7104
5702.270962	97.711	-71.1206
5702.637173	97.713	-71.5493
5703.003384	97.710	-71.9385
5703.369595	97.713	-72.2759
5703.735806	97.726	-72.6553
5704.102017	97.730	-73.0967
5704.468228	97.726	-73.4727
5704.834438	97.735	-73.7998
5705.200649	97.750	-74.2207
5705.566860	97.750	-74.6763
5705.933071	97.747	-75.0474
5706.299282	97.754	-75.4194
5706.665493	97.755	-75.8286
5707.031704	97.754	-76.1729
5707.397915	97.768	-76.5117
5707.764126	97.782	-76.9668
5708.130337	97.777	-77.4185
5708.496548	97.773	-77.7480
5708.862759	97.787	-78.0981
5709.228970	97.795	-78.5562
5709.595181	97.789	-78.9658
5709.961392	97.793	-79.2856
5710.327603	97.808	-79.6865
5710.693814	97.810	-80.1602
5711.060025	97.802	-80.5347
5711.426236	97.808	-80.8555
5711.792447	97.819	-81.2505
5712.158658	97.822	-81.6558
5712.524869	97.827	-82.0229
5712.891080	97.837	-82.4204
5713.257291	97.842	-82.8359
5713.623502	97.846	-83.2344
5713.989713	97.850	-83.6333
5714.355924	97.854	-84.0142
5714.722135	97.863	-84.4009
5715.088346	97.869	-84.8472
5715.454557	97.862	-85.2622
5715.820767	97.859	-85.5757
5716.186978	97.870	-85.8984
5716.553189	97.883	-86.2905
5716.919400	97.892	-86.7012
5717.285611	97.899	-87.1216
5717.651822	97.902	-87.5464
5718.018033	97.902	-87.9531
5718.384244	97.901	-88.3354
5718.750455	97.903	-88.6763
5719.116666	97.916	-89.0371
5719.482877	97.926	-89.4927
5719.849088	97.921	-89.9219
5720.215299	97.921	-90.2451
5720.581510	97.935	-90.6221
5720.947721	97.940	-91.0767
5721.313932	97.936	-91.4541
5721.680143	97.944	-91.7949
5722.046354	97.956	-92.2085
5722.412565	97.959	-92.6382
5722.778776	97.961	-93.0337
5723.144987	97.964	-93.4199
5723.511198	97.968	-93.7998
5723.877409	97.974	-94.1704
5724.243620	97.984	-94.5464
5724.609831	97.996	-94.9678
5724.976042	97.999	-95.4263
5725.342253	97.993	-95.8115
5725.708464	98.000	-96.1401
5726.074675	98.012	-96.5537
5726.440886	98.011	-96.9722
5726.807097	98.016	-97.2988
5727.173307	98.034	-97.7036
5727.539518	98.035	-98.1885
5727.905729	98.027	-98.5366
5728.271940	98.041	-98.8516
5728.638151	98.055	-99.3091
5729.004362	98.051	-99.7446
5729.370573	98.054	-100.0869
5729.736784	98.066	-100.5020
5730.102995	98.064	-100.9438
5730.469206	98.060	-101.2808
5730.835417	98.071	-101.6162
5731.201628	98.081	-102.0264
5731.567839	98.085	-102.4224
5731.934050	98.093	-102.8003
5732.300261	98.102	-103.2212
5732.666472	98.103	-103.6323
5733.032683	98.107	-103.9985
5733.398894	98.115	-104.3896
5733.765105	98.120	-104.8003
5734.131316	98.124	-105.1738
5734.497527	98.134	-105.5747
5734.863738	98.136	-106.0229
5735.229949	98.130	-106.3872
5735.596160	98.140	-106.7026
5735.962371	98.156	-107.1343
5736.328582	98.152	-107.5820
5736.694793	98.150	-107.8975
5737.061004	98.167	-108.2397
5737.427215	98.179	-108.7065
5737.793426	98.175	-109.1299
5738.159636	98.179	-109.4707
5738.525847	98.191	-109.8608
5738.892058	98.197	-110.2949
5739.258269	98.198	-110.6870
5739.624480	98.204	-111.0571
5739.990691	98.214	-111.4624
5740.356902	98.218	-111.8906
5740.723113	98.218	-112.2832
5741.089324	98.223	-112.6411
5741.455535	98.232	-113.0171
5741.821746	98.241	-113.4082
5742.187957	98.252	-113.8013
5742.554168	98.263	-114.2393
5742.920379	98.265	-114.6958
5743.286590	98.262	-115.0854
5743.652801	98.266	-115.4434
5744.019012	98.272	-115.8291
5744.385223	98.276	-116.1963
5744.751434	98.287	-116.5547
5745.117645	98.300	-116.9736
5745.483856	98.303	-117.4038
5745.850067	98.304	-117.7778
5746.216278	98.314	-118.1572
5746.582489	98.321	-118.5850
5746.948700	98.320	-118.9995
5747.314911	98.319	-119.3569
5747.681122	98.326	-119.7017
5748.047333	98.336	-120.0864
5748.413544	98.342	-120.4917
5748.779755	98.348	-120.8789
5749.145966	98.356	-121.2749
5749.512176	98.361	-121.6841
5749.878387	98.366	-122.0732
5750.244598	98.375	-122.4834
5750.610809	98.378	-122.9258
5750.977020	98.375	-123.3062
5751.343231	98.383	-123.6484
5751.709442	98.396	-124.0610
5752.075653	98.400	-124.4956
5752.441864	98.403	-124.8882
5752.808075	98.409	-125.2866
5753.174286	98.413	-125.6841
5753.540497	98.419	-126.0566
5753.906708	98.428	-126.4561
5754.272919	98.430	-126.8511
5754.639130	98.437	-127.1841
5755.005341	98.457	-127.5537
5755.371552	98.472	-128.0264
5755.737763	98.471	-128.4756
5756.103974	98.473	-128.8345
5756.470185	98.487	-129.2246
5756.836396	98.494	-129.6860
5757.202607	98.491	-130.0967
5757.568818	98.494	-130.4414
5757.935029	98.506	-130.8359
5758.301240	98.510	-131.2686
5758.667451	98.510	-131.6406
5759.033662	98.520	-132.0024
5759.399873	98.531	-132.4399
5759.766084	98.530	-132.8813
5760.132295	98.527	-133.2417
5760.498506	98.534	-133.5850
5760.864716	98.544	-133.9688
5761.230927	98.552	-134.3555
5761.597138	98.563	-134.7505
5761.963349	98.570	-135.1812
5762.329560	98.572	-135.5801
5762.695771	98.580	-135.9360
5763.061982	98.594	-136.3472
5763.428193	98.599	-136.7959
5763.794404	98.599	-137.1846
5764.160615	98.607	-137.5469
5764.526826	98.618	-137.9463
5764.893037	98.626	-138.3618
5765.259248	98.631	-138.7705
5765.625459	98.637	-139.1689
5765.991670	98.643	-139.5684
5766.357881	98.648	-139.9805
5766.724092	98.649	-140.3638
5767.090303	98.657	-140.7227
5767.456514	98.667	-141.1211
5767.822725	98.672	-141.5239
5768.188936	98.681	-141.8960
5768.555147	98.694	-142.3252
5768.921358	98.696	-142.7881
5769.287569	98.693	-143.1670
5769.653780	98.701	-143.5161
5770.019991	98.712	-143.9263
5770.386202	98.717	-144.3452
5770.752413	98.721	-144.7275
5771.118624	98.732	-145.1064
5771.484835	98.747	-145.5327
5771.851045	98.753	-146.0156
5772.217256	98.745	-146.4385
5772.583467	98.746	-146.7495
5772.949678	98.764	-147.1201
5773.315889	98.773	-147.5830
5773.682100	98.771	-147.9629
5774.048311	98.783	-148.3062
5774.414522	98.797	-148.7480
5774.780733	98.797	-149.1660
5775.146944	98.804	-149.5156
5775.513155	98.818	-149.9360
5775.879366	98.819	-150.3652
5776.245577	98.822	-150.7085
5776.611788	98.837	-151.0898
5776.977999	98.845	-151.5210
5777.344210	98.852	-151.8960
5777.710421	98.869	-152.3037
5778.076632	98.877	-152.7993
5778.442843	98.870	-153.2329
5778.809054	98.873	-153.5879
5779.175265	98.882	-153.9902
5779.541476	98.884	-154.4121
5779.907687	98.885	-154.7690
5780.273898	98.897	-155.1240
5780.640109	98.912	-155.5566
5781.006320	98.915	-156.0068
5781.372531	98.916	-156.3911
5781.738742	98.925	-156.7588
5782.104953	98.936	-157.1724
5782.471164	98.942	-157.5820
5782.837375	98.951	-157.9707
5783.203585	98.964	-158.3970
5783.569796	98.969	-158.8467
5783.936007	98.970	-159.2598
5784.302218	98.974	-159.6343
5784.668429	98.985	-160.0078
5785.034640	98.998	-160.4307
5785.400851	99.003	-160.8809
5785.767062	99.003	-161.2744
5786.133273	99.012	-161.6475
5786.499484	99.021	-162.0645
5786.865695	99.027	-162.4648
5787.231906	99.037	-162.8623
5787.598117	99.044	-163.3008
5787.964328	99.044	-163.6836
5788.330539	99.057	-164.0342
5788.696750	99.073	-164.4844
5789.062961	99.074	-164.9355
5789.429172	99.078	-165.3076
5789.795383	99.087	-165.7188
5790.161594	99.087	-166.1187
5790.527805	99.095	-166.4238
5790.894016	99.120	-166.8086
5791.260227	99.134	-167.3154
5791.626438	99.132	-167.7573
5791.992649	99.138	-168.1494
5792.358860	99.143	-168.5864
5792.725071	99.139	-168.9692
5793.091282	99.146	-169.2847
5793.457493	99.164	-169.6719
5793.823704	99.175	-170.1211
5794.189914	99.179	-170.5439
5794.556125	99.184	-170.9531
5794.922336	99.188	-171.3481
5795.288547	99.197	-171.7275
5795.654758	99.210	-172.1680
5796.020969	99.210	-172.6377
5796.387180	99.204	-173.0093
5796.753391	99.213	-173.3374
5797.119602	99.228	-173.7412
5797.485813	99.236	-174.1675
5797.852024	99.245	-174.5669
5798.218235	99.258	-175.0112
5798.584446	99.260	-175.4761
5798.950657	99.258	-175.8633
5799.316868	99.267	-176.2261
5799.683079	99.277	-176.6445
5800.049290	99.281	-177.0425
5800.415501	99.293	-177.3979
5800.781712	99.312	-177.8306
5801.147923	99.317	-178.3120
5801.514134	99.315	-178.7036
5801.880345	99.326	-179.0605
5802.246556	99.340	-179.4878
5802.612767	99.346	-179.9189
5802.978978	99.354	179.6743
5803.345189	99.361	179.2368
5803.711400	99.360	178.8286
5804.077611	99.365	178.4863
5804.443822	99.381	178.0977
5804.810033	99.389	177.6499
5805.176244	99.391	177.2603
5805.542454	99.404	176.8926
5805.908665	99.417	176.4468
5806.274876	99.418	176.0020
5806.641087	99.421	175.6465
5807.007298	99.438	175.2769
5807.373509	99.455	174.8057
5807.739720	99.456	174.3267
5808.105931	99.454	173.9297
5808.472142	99.461	173.5625
5808.838353	99.472	173.1592
5809.204564	99.479	172.7422
5809.570775	99.486	172.3477
5809.936986	99.496	171.9595
5810.303197	99.508	171.5513
5810.669408	99.519	171.1289
5811.035619	99.529	170.6958
5811.401830	99.537	170.2500
5811.768041	99.541	169.8164
5812.134252	99.545	169.4087
5812.500463	99.552	168.9966
5812.866674	99.556	168.5771
5813.232885	99.558	168.1938
5813.599096	99.568	167.8315
5813.965307	99.582	167.4258
5814.331518	99.593	166.9863
5814.697729	99.601	166.5557
5815.063940	99.609	166.1196
5815.430151	99.614	165.6709
5815.796362	99.615	165.2490
5816.162573	99.618	164.8633
5816.528784	99.626	164.4790
5816.894994	99.636	164.0698
5817.261205	99.643	163.6489
5817.627416	99.648	163.2456
5817.993627	99.656	162.8540
5818.359838	99.666	162.4507
5818.726049	99.676	162.0400
5819.092260	99.686	161.6289
5819.458471	99.696	161.2075
5819.824682	99.705	160.7661
5820.190893	99.708	160.3262
5820.557104	99.709	159.9419
5820.923315	99.720	159.5850
5821.289526	99.736	159.1509
5821.655737	99.739	158.6948
5822.021948	99.741	158.3271
5822.388159	99.757	157.9492
5822.754370	99.769	157.4814
5823.120581	99.770	157.0400
5823.486792	99.775	156.6558
5823.853003	99.786	156.2505
5824.219214	99.795	155.8315
5824.585425	99.806	155.4004
5824.951636	99.812	154.9468
5825.317847	99.813	154.5288
5825.684058	99.820	154.1411
5826.050269	99.830	153.7197
5826.416480	99.835	153.2974
5826.782691	99.842	152.9102
5827.148902	99.856	152.5020
5827.515113	99.867	152.0454
5827.881323	99.870	151.5923
5828.247534	99.871	151.1821
5828.613745	99.877	150.7896
5828.979956	99.882	150.3950
5829.346167	99.890	150.0239
5829.712378	99.906	149.6382
5830.078589	99.920	149.1860
5830.444800	99.924	148.7520
5830.811011	99.934	148.3711
5831.177222	99.952	147.9229
5831.543433	99.957	147.4180
5831.909644	99.953	146.9922
5832.275855	99.957	146.6304
5832.642066	99.971	146.2427
5833.008277	99.986	145.7920
5833.374488	99.991	145.3071
5833.740699	99.988	144.8955
5834.106910	99.997	144.5464
5834.473121	100.015	144.1113
5834.839332	100.021	143.6367
5835.205543	100.026	143.2334
5835.571754	100.039	142.8003
5835.937965	100.043	142.3242
5836.304176	100.042	141.9287
5836.670387	100.052	141.5454
5837.036598	100.061	141.1157
5837.402809	100.068	140.7222
5837.769020	100.085	140.2944
5838.135231	100.089	139.7944
5838.501442	100.081	139.4048
5838.867653	100.091	139.0986
5839.233863	100.113	138.6772
5839.600074	100.120	138.2104
5839.966285	100.126	137.8018
5840.332496	100.137	137.3687
5840.698707	100.139	136.9312
5841.064918	100.145	136.5532
5841.431129	100.160	136.1460
5841.797340	100.171	135.6772
5842.163551	100.174	135.2129
5842.529762	100.173	134.7754
5842.895973	100.171	134.3945
5843.262184	100.181	134.0430
5843.628395	100.197	133.6177
5843.994606	100.202	133.1675
5844.360817	100.207	132.7871
5844.727028	100.223	132.3857
5845.093239	100.236	131.9204
5845.459450	100.242	131.4824
5845.825661	100.253	131.0483
5846.191872	100.261	130.5762
5846.558083	100.262	130.1455
5846.924294	100.269	129.7554
5847.290505	100.280	129.3276
5847.656716	100.286	128.8931
5848.022927	100.293	128.4858
5848.389138	100.303	128.0679
5848.755349	100.312	127.6426
5849.121560	100.321	127.2266
5849.487771	100.332	126.7837
5849.853982	100.336	126.3335
5850.220192	100.339	125.9272
5850.586403	100.347	125.5332
5850.952614	100.357	125.1045
5851.318825	100.363	124.6753
5851.685036	100.368	124.2661
5852.051247	100.376	123.8525
5852.417458	100.383	123.4424
5852.783669	100.393	123.0405
5853.149880	100.405	122.6025
5853.516091	100.411	122.1382
5853.882302	100.413	121.7153
5854.248513	100.421	121.3193
5854.614724	100.431	120.8867
5854.980935	100.438	120.4385
5855.347146	100.442	120.0166
5855.713357	100.449	119.6021
5856.079568	100.456	119.1821
5856.445779	100.463	118.7739
5856.811990	100.475	118.3711
5857.178201	100.489	117.9370
5857.544412	100.500	117.4565
5857.910623	100.501	116.9873
5858.276834	100.501	116.5903
5858.643045	100.511	116.2148
5859.009256	100.526	115.7866
5859.375467	100.534	115.3301
5859.741678	100.540	114.8911
5860.107889	100.545	114.4688
5860.474100	100.551	114.0610
5860.840311	100.560	113.6543
5861.206522	100.570	113.2275
5861.572732	100.577	112.8042
5861.938943	100.587	112.3936
5862.305154	100.601	111.9507
5862.671365	100.608	111.4678
5863.037576	100.607	111.0151
5863.403787	100.609	110.6284
5863.769998	100.620	110.2393
5864.136209	100.633	109.7925
5864.502420	100.639	109.3364
5864.868631	100.644	108.9092
5865.234842	100.651	108.4863
5865.601053	100.659	108.0669
5865.967264	100.670	107.6421
5866.333475	100.681	107.1763
5866.699686	100.684	106.7070
5867.065897	100.686	106.2891
5867.432108	100.694	105.8857
5867.798319	100.705	105.4556
5868.164530	100.714	105.0103
5868.530741	100.720	104.5669
5868.896952	100.726	104.1338
5869.263163	100.732	103.7036
5869.629374	100.737	103.2798
5869.995585	100.744	102.8916
5870.361796	100.759	102.4956
5870.728007	100.775	102.0171
5871.094218	100.778	101.5264
5871.460429	100.778	101.1187
5871.826640	100.788	100.7344
5872.192851	100.803	100.3018
5872.559061	100.814	99.8213
5872.925272	100.816	99.3281
5873.291483	100.810	98.9136
5873.657694	100.816	98.5791
5874.023905	100.837	98.1729
5874.390116	100.848	97.6782
5874.756327	100.850	97.2280
5875.122538	100.857	96.8140
5875.488749	100.866	96.3770
5875.854960	100.873	95.9414
5876.221171	100.881	95.4941
5876.587382	100.884	95.0459
5876.953593	100.888	94.6553
5877.319804	100.902	94.2485
5877.686015	100.912	93.7700
5878.052226	100.912	93.3345
5878.418437	100.921	92.9443
5878.784648	100.933	92.4863
5879.150859	100.934	92.0278
5879.517070	100.938	91.6475
5879.883281	100.952	91.2432
5880.249492	100.962	90.7891
5880.615703	100.969	90.3613
5880.981914	100.981	89.9258
5881.348125	100.989	89.4551
5881.714336	100.994	89.0132
5882.080547	101.003	88.5713
5882.446758	101.008	88.0977
5882.812969	101.009	87.6709
5883.179180	101.018	87.2725
5883.545391	101.030	86.8110
5883.911601	101.033	86.3511
5884.277812	101.040	85.9355
5884.644023	101.050	85.4609
5885.010234	101.046	84.9761
5885.376445	101.039	84.6362
5885.742656	101.059	84.3179
5886.108867	101.083	83.8379
5886.475078	101.087	83.3252
5886.841289	101.088	82.9121
5887.207500	101.099	82.4897
5887.573711	101.104	82.0435
5887.939922	101.111	81.6533
5888.306133	101.129	81.2197
5888.672344	101.137	80.7056
5889.038555	101.134	80.2661
5889.404766	101.143	79.8701
5889.770977	101.152	79.3882
5890.137188	101.146	78.9404
5890.503399	101.148	78.6079
5890.869610	101.169	78.2192
5891.235821	101.184	77.7095
5891.602032	101.182	77.2246
5891.968243	101.182	76.8311
5892.334454	101.193	76.4409
5892.700665	101.207	75.9795
5893.066876	101.212	75.4980
5893.433087	101.215	75.0620
5893.799298	101.222	74.6309
5894.165509	101.228	74.1875
5894.531720	101.234	73.7729
5894.897931	101.246	73.3481
5895.264141	101.255	72.8843
5895.630352	101.261	72.4492
5895.996563	101.275	72.0225
5896.362774	101.288	71.5229
5896.728985	101.288	71.0186
5897.095196	101.284	70.6152
5897.461407	101.296	70.2432
5897.827618	101.313	69.7827
5898.193829	101.317	69.2871
5898.560040	101.317	68.8696
5898.926251	101.327	68.4717
5899.292462	101.338	68.0137
5899.658673	101.341	67.5771
5900.024884	101.351	67.1777
5900.391095	101.365	66.7134
5900.757306	101.367	66.2388
5901.123517	101.371	65.8379
5901.489728	101.385	65.4102
5901.855939	101.393	64.9165
5902.222150	101.392	64.4692
5902.588361	101.398	64.0747
5902.954572	101.411	63.6387
5903.320783	101.419	63.1543
5903.686994	101.419	62.6934
5904.053205	101.422	62.2808
5904.419416	101.431	61.8564
5904.785627	101.436	61.4028
5905.151838	101.438	60.9902
5905.518049	101.449	60.6006
5905.884260	101.463	60.1465
5906.250470	101.469	59.6738
5906.616681	101.474	59.2476
5906.982892	101.483	58.7979
5907.349103	101.484	58.3276
5907.715314	101.482	57.9492
5908.081525	101.498	57.6001
5908.447736	101.521	57.1265
5908.813947	101.527	56.5850
5909.180158	101.522	56.1240
5909.546369	101.524	55.7246
5909.912580	101.532	55.2988
5910.278791	101.537	54.8584
5910.645002	101.542	54.4434
5911.011213	101.554	54.0132
5911.377424	101.564	53.5264
5911.743635	101.564	53.0371
5912.109846	101.561	52.6152
5912.476057	101.566	52.2324
5912.842268	101.579	51.8105
5913.208479	101.588	51.3433
5913.574690	101.592	50.8955
5913.940901	101.602	50.4668
5914.307112	101.614	49.9814
5914.673323	101.614	49.4731
5915.039534	101.610	49.0503
5915.405745	101.617	48.6548
5915.771956	101.624	48.2021
5916.138167	101.625	47.7871
5916.504378	101.637	47.4175
5916.870589	101.657	46.9526
5917.236800	101.663	46.4448
5917.603010	101.665	46.0229
5917.969221	101.679	45.5869
5918.335432	101.687	45.0679
5918.701643	101.679	44.6182
5919.067854	101.684	44.2783
5919.434065	101.707	43.8677
5919.800276	101.722	43.3306
5920.166487	101.719	42.8306
5920.532698	101.719	42.4341
5920.898909	101.734	42.0112
5921.265120	101.745	41.5015
5921.631331	101.742	41.0029
5921.997542	101.737	40.5884
5922.363753	101.743	40.2095
5922.729964	101.756	39.7793
5923.096175	101.763	39.3047
5923.462386	101.764	38.8765
5923.828597	101.774	38.4722
5924.194808	101.787	37.9897
5924.561019	101.786	37.5088
5924.927230	101.788	37.1177
5925.293441	101.803	36.6914
5925.659652	101.811	36.1802
5926.025863	101.808	35.7114
5926.392074	101.810	35.2915
5926.758285	101.813	34.8643
5927.124496	101.818	34.4551
5927.490707	101.829	34.0327
5927.856918	101.837	33.5723
5928.223129	101.842	33.1333
5928.589339	101.852	32.6836
5928.955550	101.856	32.1943
5929.321761	101.854	31.7715
5929.687972	101.865	31.3877
5930.054183	101.880	30.9097
5930.420394	101.881	30.4155
5930.786605	101.882	30.0117
5931.152816	101.896	29.5972
5931.519027	101.909	29.1055
5931.885238	101.912	28.6089
5932.251449	101.912	28.1533
5932.617660	101.915	27.7319
5932.983871	101.924	27.2974
5933.350082	101.929	26.8198
5933.716293	101.928	26.3755
5934.082504	101.932	25.9868
5934.448715	101.946	25.5483
5934.814926	101.951	25.0659
5935.181137	101.953	24.6255
5935.547348	101.960	24.1904
5935.913559	101.964	23.7388
5936.279770	101.969	23.3120
5936.645981	101.979	22.8667
5937.012192	101.983	22.4004
5937.378403	101.988	21.9697
5937.744614	101.999	21.5176
5938.110825	102.004	21.0244
5938.477036	102.003	20.5859
5938.843247	102.012	20.1655
5939.209458	102.021	19.6914
5939.575669	102.023	19.2329
5939.941879	102.030	18.7915
5940.308090	102.034	18.3242
5940.674301	102.034	17.9072
5941.040512	102.046	17.5112
5941.406723	102.060	17.0190
5941.772934	102.059	16.5229
5942.139145	102.058	16.1177
5942.505356	102.067	15.7065
5942.871567	102.074	15.2681
5943.237778	102.084	14.8428
5943.603989	102.096	14.3628
5943.970200	102.096	13.8535
5944.336411	102.090	13.4429
5944.702622	102.100	13.0620
5945.068833	102.113	12.5815
5945.435044	102.112	12.0918
5945.801255	102.111	11.6958
5946.167466	102.124	11.2832
5946.533677	102.134	10.7788
5946.899888	102.131	10.3062
5947.266099	102.136	9.9077
5947.632310	102.151	9.4438
5947.998521	102.154	8.9146
5948.364732	102.148	8.4678
5948.730943	102.155	8.0684
5949.097154	102.166	7.5952
5949.463365	102.167	7.1104
5949.829576	102.167	6.6855
5950.195787	102.175	6.2559
5950.561998	102.180	5.8145
5950.928209	102.189	5.3994
5951.294419	102.205	4.9351
5951.660630	102.211	4.4004
5952.026841	102.204	3.9370
5952.393052	102.206	3.5762
5952.759263	102.223	3.1611
5953.125474	102.233	2.6597
5953.491685	102.232	2.2026
5953.857896	102.239	1.8013
5954.224107	102.255	1.3394
5954.590318	102.261	0.8076
5954.956529	102.253	0.3203
5955.322740	102.248	-0.0630
5955.688951	102.259	-0.4287
5956.055162	102.276	-0.8970
5956.421373	102.280	-1.4321
5956.787584	102.271	-1.8896
5957.153795	102.272	-2.2554
5957.520006	102.287	-2.6646
5957.886217	102.297	-3.1665
5958.252428	102.295	-3.6465
5958.618639	102.296	-4.0498
5958.984850	102.307	-4.4697
5959.351061	102.316	-4.9443
5959.717272	102.321	-5.4116
5960.083483	102.326	-5.8687
5960.449694	102.330	-6.3315
5960.815905	102.333	-6.7725
5961.182116	102.340	-7.2109
5961.548327	102.348	-7.6836
5961.914538	102.350	-8.1572
5962.280748	102.350	-8.5977
5962.646959	102.356	-9.0205
5963.013170	102.366	-9.4756
5963.379381	102.370	-9.9775
5963.745592	102.365	-10.4399
5964.111803	102.365	-10.8169
5964.478014	102.380	-11.2300
5964.844225	102.391	-11.7471
5965.210436	102.386	-12.2471
5965.576647	102.381	-12.6377
5965.942858	102.393	-13.0073
5966.309069	102.412	-13.4741
5966.675280	102.420	-14.0073
5967.041491	102.419	-14.4922
5967.407702	102.422	-14.9341
5967.773913	102.429	-15.4058
5968.140124	102.431	-15.8804
5968.506335	102.435	-16.3340
5968.872546	102.441	-16.8120
5969.238757	102.440	-17.2915
5969.604968	102.437	-17.7222
5969.971179	102.440	-18.1245
5970.337390	102.448	-18.5254
5970.703601	102.463	-18.9648
5971.069812	102.474	-19.4736
5971.436023	102.472	-19.9683
5971.802234	102.470	-20.3843
5972.168445	102.478	-20.7891
5972.534656	102.489	-21.2271
5972.900867	102.501	-21.7041
5973.267078	102.505	-22.2300
5973.633288	102.497	-22.7056
5973.999499	102.496	-23.0786
5974.365710	102.510	-23.4932
5974.731921	102.519	-24.0039
5975.098132	102.516	-24.4863
5975.464343	102.516	-24.9106
5975.830554	102.521	-25.3447
5976.196765	102.526	-25.8032
5976.562976	102.527	-26.2568
5976.929187	102.528	-26.6816
5977.295398	102.536	-27.1040
5977.661609	102.544	-27.5576
5978.027820	102.551	-28.0117
5978.394031	102.562	-28.4878
5978.760242	102.566	-29.0244
5979.126453	102.556	-29.4937
5979.492664	102.558	-29.8545
5979.858875	102.576	-30.3032
5980.225086	102.581	-30.8511
5980.591297	102.574	-31.3052
5980.957508	102.579	-31.7104
5981.323719	102.587	-32.1802
5981.689930	102.588	-32.6343
5982.056141	102.595	-33.0684
5982.422352	102.602	-33.5576
5982.788563	102.599	-34.0137
5983.154774	102.605	-34.4097
5983.520985	102.619	-34.8872
5983.887196	102.618	-35.4111
5984.253407	102.611	-35.8320
5984.619617	102.618	-36.2129
5984.985828	102.630	-36.6602
5985.352039	102.637	-37.1260
5985.718250	102.644	-37.5938
5986.084461	102.649	-38.0942
5986.450672	102.644	-38.5684
5986.816883	102.643	-38.9673
5987.183094	102.653	-39.3657
5987.549305	102.667	-39.8403
5987.915516	102.672	-40.3501
5988.281727	102.672	-40.8193
5988.647938	102.676	-41.2739
5989.014149	102.679	-41.7534
5989.380360	102.677	-42.2051
5989.746571	102.682	-42.6265
5990.112782	102.692	-43.1040
5990.478993	102.691	-43.6011
5990.845204	102.689	-44.0273
5991.211415	102.697	-44.4487
5991.577626	102.706	-44.9385
5991.943837	102.705	-45.4272
5992.310048	102.703	-45.8633
5992.676259	102.705	-46.2822
5993.042470	102.712	-46.7056
5993.408681	102.722	-47.1494
5993.774892	102.730	-47.6411
5994.141103	102.729	-48.1294
5994.507314	102.728	-48.5527
5994.873525	102.737	-48.9878
5995.239736	102.742	-49.4937
5995.605947	102.736	-49.9614
5995.972157	102.735	-50.3462
5996.338368	102.747	-50.7607
5996.704579	102.758	-51.2500
5997.070790	102.760	-51.7588
5997.437001	102.755	-52.2324
5997.803212	102.752	-52.6367
5998.169423	102.762	-53.0454
5998.535634	102.771	-53.5400
5998.901845	102.768	-54.0122
5999.268056	102.773	-54.4155
5999.634267	102.787	-54.8950
6000.000478	102.789	-55.4326
6000.366689	102.784	-55.8940
6000.732900	102.786	-56.3340
6001.099111	102.789	-56.8027
6001.465322	102.790	-57.2485
6001.831533	102.795	-57.7070
6002.197744	102.794	-58.1807
6002.563955	102.794	-58.5967
6002.930166	102.803	-59.0195
6003.296377	102.811	-59.5127
6003.662588	102.809	-59.9824
6004.028799	102.812	-60.4116
6004.395010	102.818	-60.8735
6004.761221	102.817	-61.3247
6005.127432	102.822	-61.7334
6005.493643	102.835	-62.1895
6005.859854	102.841	-62.7070
6006.226065	102.837	-63.2007
6006.592276	102.834	-63.6328
6006.958486	102.838	-64.0391
6007.324697	102.850	-64.4995
6007.690908	102.854	-65.0342
6008.057119	102.843	-65.5176
6008.423330	102.838	-65.8916
6008.789541	102.850	-66.2969
6009.155752	102.858	-66.7856
6009.521963	102.859	-67.2563
6009.888174	102.863	-67.7065
6010.254385	102.867	-68.1831
6010.620596	102.868	-68.6484
6010.986807	102.870	-69.0942
6011.353018	102.875	-69.5498
6011.719229	102.879	-70.0059
6012.085440	102.884	-70.4771
6012.451651	102.885	-70.9663
6012.817862	102.880	-71.4087
6013.184073	102.884	-71.8013
6013.550284	102.896	-72.2339
6013.916495	102.905	-72.7300
6014.282706	102.906	-73.2256
6014.648917	102.903	-73.6719
6015.015128	102.907	-74.0894
6015.381339	102.916	-74.5405
6015.747550	102.921	-75.0317
6016.113761	102.920	-75.4966
6016.479972	102.922	-75.9263
6016.846183	102.928	-76.3828
6017.212394	102.930	-76.8618
6017.578605	102.928	-77.3047
6017.944816	102.932	-77.7231
6018.311026	102.940	-78.1714
6018.677237	102.945	-78.6450
6019.043448	102.949	-79.1196
6019.409659	102.952	-79.6021
6019.775870	102.950	-80.0854
6020.142081	102.946	-80.5327
6020.508292	102.946	-80.9399
6020.874503	102.954	-81.3604
6021.240714	102.963	-81.8306
6021.606925	102.967	-82.3164
6021.973136	102.969	-82.7930
6022.339347	102.970	-83.2749
6022.705558	102.966	-83.7334
6023.071769	102.966	-84.1465
6023.437980	102.974	-84.5830
6023.804191	102.978	-85.0571
6024.170402	102.980	-85.5034
6024.536613	102.988	-85.9570
6024.902824	102.992	-86.4590
6025.269035	102.990	-86.9243
6025.635246	102.994	-87.3623
6026.001457	102.999	-87.8643
6026.367668	102.992	-88.3452
6026.733879	102.990	-88.7310
6027.100090	103.002	-89.1587
6027.466301	103.007	-89.6680
6027.832512	103.003	-90.1235
6028.198723	103.008	-90.5366
6028.564934	103.017	-91.0122
6028.931145	103.017	-91.5015
6029.297356	103.016	-91.9312
6029.663566	103.025	-92.3672
6030.029777	103.033	-92.8633
6030.395988	103.032	-93.3643
6030.762199	103.027	-93.8184
6031.128410	103.026	-94.2329
6031.494621	103.033	-94.6416
6031.860832	103.045	-95.0986
6032.227043	103.052	-95.6274
6032.593254	103.044	-96.1416
6032.959465	103.035	-96.5532
6033.325676	103.039	-96.9355
6033.691887	103.048	-97.3862
6034.058098	103.051	-97.8555
6034.424309	103.055	-98.3066
6034.790520	103.060	-98.7969
6035.156731	103.056	-99.2920
6035.522942	103.051	-99.7256
6035.889153	103.054	-100.1572
6036.255364	103.057	-100.6245
6036.621575	103.056	-101.0801
6036.987786	103.058	-101.5259
6037.353997	103.061	-101.9795
6037.720208	103.065	-102.4360
6038.086419	103.070	-102.9185
6038.452630	103.070	-103.4146
6038.818841	103.068	-103.8770
6039.185052	103.069	-104.3262
6039.551263	103.071	-104.7866
6039.917474	103.073	-105.2402
6040.283685	103.078	-105.6987
6040.649895	103.082	-106.1797
6041.016106	103.083	-106.6641
6041.382317	103.080	-107.1274
6041.748528	103.077	-107.5430
6042.114739	103.085	-107.9399
6042.480950	103.099	-108.4106
6042.847161	103.103	-108.9448
6043.213372	103.095	-109.4189
6043.579583	103.094	-109.8179
6043.945794	103.104	-110.2480
6044.312005	103.111	-110.7466
6044.678216	103.108	-111.2334
6045.044427	103.106	-111.6626
6045.410638	103.111	-112.1045
6045.776849	103.114	-112.5967
6046.143060	103.110	-113.0610
6046.509271	103.111	-113.4858
6046.875482	103.116	-113.9595
6047.241693	103.112	-114.4458
6047.607904	103.108	-114.8569
6047.974115	103.117	-115.2778
6048.340326	103.124	-115.7822
6048.706537	103.121	-116.2749
6049.072748	103.120	-116.7158
6049.438959	103.124	-117.1812
6049.805170	103.123	-117.6606
6050.171381	103.122	-118.0981
6050.537592	103.127	-118.5298
6050.903803	103.134	-118.9995
6051.270014	103.137	-119.4829
6051.636225	103.139	-119.9497
6052.002435	103.143	-120.4307
6052.368646	103.143	-120.9404
6052.734857	103.134	-121.4038
6053.101068	103.131	-121.7939
6053.467279	103.140	-122.2114
6053.833490	103.147	-122.6914
6054.199701	103.148	-123.1792
6054.565912	103.146	-123.6592
6054.932123	103.139	-124.0898
6055.298334	103.143	-124.4678
6055.664545	103.159	-124.9448
6056.030756	103.156	-125.5054
6056.396967	103.140	-125.9253
6056.763178	103.147	-126.2744
6057.129389	103.163	-126.7725
6057.495600	103.158	-127.2910
6057.861811	103.157	-127.7129
6058.228022	103.167	-128.2090
6058.594233	103.157	-128.7466
6058.960444	103.145	-129.1372
6059.326655	103.153	-129.5142
6059.692866	103.161	-130.0005
6060.059077	103.160	-130.4482
6060.425288	103.171	-130.8867
6060.791499	103.178	-131.4326
6061.157710	103.166	-131.9180
6061.523921	103.168	-132.3071
6061.890132	103.178	-132.8052
6062.256343	103.169	-133.3188
6062.622554	103.162	-133.6899
6062.988764	103.174	-134.0967
6063.354975	103.180	-134.6025
6063.721186	103.177	-135.0532
6064.087397	103.183	-135.4937
6064.453608	103.185	-135.9902
6064.819819	103.181	-136.4399
6065.186030	103.186	-136.8794
6065.552241	103.188	-137.3828
6065.918452	103.181	-137.8472
6066.284663	103.182	-138.2681
6066.650874	103.185	-138.7427
6067.017085	103.181	-139.2168
6067.383296	103.180	-139.6519
6067.749507	103.182	-140.1094
6068.115718	103.180	-140.5693
6068.481929	103.181	-141.0181
6068.848140	103.181	-141.4858
6069.214351	103.178	-141.9141
6069.580562	103.186	-142.3203
6069.946773	103.200	-142.8369
6070.312984	103.195	-143.3950
6070.679195	103.182	-143.8394
6071.045406	103.184	-144.2427
6071.411617	103.189	-144.7031
6071.777828	103.189	-145.1709
6072.144039	103.191	-145.6299
6072.510250	103.192	-146.0972
6072.876461	103.192	-146.5430
6073.242672	103.197	-146.9971
6073.608883	103.199	-147.4995
6073.975094	103.192	-147.9717
6074.341304	103.191	-148.3760
6074.707515	103.199	-148.8145
6075.073726	103.204	-149.3076
6075.439937	103.204	-149.7837
6075.806148	103.206	-150.2656
6076.172359	103.202	-150.7627
6076.538570	103.194	-151.1997
6076.904781	103.197	-151.6177
6077.270992	103.200	-152.0938
6077.637203	103.195	-152.5508
6078.003414	103.196	-152.9570
6078.369625	103.204	-153.4028
6078.735836	103.207	-153.8862
6079.102047	103.207	-154.3579
6079.468258	103.206	-154.8203
6079.834469	103.205	-155.2505
6080.200680	103.212	-155.6777
6080.566891	103.221	-156.1807
6080.933102	103.218	-156.7021
6081.299313	103.210	-157.1514
6081.665524	103.210	-157.5723
6082.031735	103.213	-158.0264
6082.397946	103.212	-158.5015
6082.764157	103.206	-158.9414
6083.130368	103.206	-159.3247
6083.496579	103.219	-159.7402
6083.862790	103.228	-160.2407
6084.229001	103.229	-160.7354
6084.595212	103.231	-161.2109
6084.961423	103.230	-161.7246
6085.327634	103.219	-162.1885
6085.693844	103.219	-162.5801
6086.060055	103.228	-163.0483
6086.426266	103.225	-163.5679
6086.792477	103.216	-163.9995
6087.158688	103.218	-164.4175
6087.524899	103.218	-164.8867
6087.891110	103.213	-165.3018
6088.257321	103.222	-165.6943
6088.623532	103.235	-166.2036
6088.989743	103.229	-166.7393
6089.355954	103.219	-167.1582
6089.722165	103.225	-167.5601
6090.088376	103.233	-168.0566
6090.454587	103.228	-168.5552
6090.820798	103.223	-168.9839
6091.187009	103.227	-169.4258
6091.553220	103.226	-169.9023
6091.919431	103.223	-170.3403
6092.285642	103.228	-170.7666
6092.651853	103.234	-171.2520
6093.018064	103.232	-171.7500
6093.384275	103.229	-172.2144
6093.750486	103.228	-172.6816
6094.116697	103.222	-173.1372
6094.482908	103.220	-173.5381
6094.849119	103.230	-173.9541
6095.215330	103.242	-174.4609
6095.581541	103.241	-174.9922
6095.947752	103.236	-175.4702
6096.313963	103.236	-175.9419
6096.680173	103.233	-176.4351
6097.046384	103.226	-176.8828
6097.412595	103.228	-177.3022
6097.778806	103.233	-177.7822
6098.145017	103.228	-178.2686
6098.511228	103.224	-178.6895
6098.877439	103.229	-179.1250
6099.243650	103.230	-179.5967
6099.609861	103.231	179.9517
6099.976072	103.234	179.4834
6100.342283	103.232	179.0024
6100.708494	103.230	178.5630
6101.074705	103.233	178.1001
6101.440916	103.229	177.6123
6101.807127	103.223	177.1899
6102.173338	103.227	176.7651
6102.539549	103.227	176.2930
6102.905760	103.225	175.8594
6103.271971	103.232	175.4116
6103.638182	103.232	174.9023
6104.004393	103.225	174.4536
6104.370604	103.229	174.0317
6104.736815	103.233	173.5205
6105.103026	103.223	173.0259
6105.469237	103.216	172.6201
6105.835448	103.219	172.2017
6106.201659	103.221	171.7529
6106.567870	103.224	171.3071
6106.934081	103.228	170.8374
6107.300292	103.228	170.3530
6107.666503	103.226	169.8804
6108.032713	103.223	169.4194
6108.398924	103.220	168.9766
6108.765135	103.222	168.5327
6109.131346	103.223	168.0674
6109.497557	103.221	167.6064
6109.863768	103.221	167.1514
6110.229979	103.219	166.6997
6110.596190	103.221	166.2661
6110.962401	103.228	165.7949
6111.328612	103.227	165.2656
6111.694823	103.215	164.7969
6112.061034	103.211	164.4121
6112.427245	103.221	163.9785
6112.793456	103.225	163.4658
6113.159667	103.220	162.9639
6113.525878	103.214	162.5063
6113.892089	103.210	162.0679
6114.258300	103.209	161.6270
6114.624511	103.209	161.1855
6114.990722	103.212	160.7451
6115.356933	103.217	160.2715
6115.723144	103.215	159.7715
6116.089355	103.209	159.3169
6116.455566	103.210	158.8872
6116.821777	103.212	158.4014
6117.187988	103.204	157.9243
6117.554199	103.197	157.5361
6117.920410	103.206	157.1367
6118.286621	103.216	156.6357
6118.652832	103.211	156.1167
6119.019042	103.201	155.6685
6119.385253	103.199	155.2661
6119.751464	103.204	154.8306
6120.117675	103.206	154.3379
6120.483886	103.198	153.8760
6120.850097	103.196	153.4897
6121.216308	103.209	153.0503
6121.582519	103.214	152.4980
6121.948730	103.202	151.9893
6122.314941	103.194	151.5864
6122.681152	103.200	151.1499
6123.047363	103.201	150.6406
6123.413574	103.193	150.1626
6123.779785	103.188	149.7334
6124.145996	103.188	149.3003
6124.512207	103.188	148.8579
6124.878418	103.191	148.4146
6125.244629	103.196	147.9468
6125.610840	103.197	147.4458
6125.977051	103.192	146.9644
6126.343262	103.189	146.5337
6126.709473	103.194	146.0757
6127.075684	103.194	145.5605
6127.441895	103.183	145.0942
6127.808106	103.180	144.6895
6128.174317	103.184	144.2466
6128.540528	103.183	143.7778
6128.906739	103.181	143.3438
6129.272950	103.184	142.9106
6129.639161	103.189	142.4419
6130.005372	103.190	141.9409
6130.371582	103.182	141.4541
6130.737793	103.174	141.0425
6131.104004	103.179	140.6353
6131.470215	103.184	140.1362
6131.836426	103.176	139.6499
6132.202637	103.171	139.2476
6132.568848	103.178	138.8037
6132.935059	103.177	138.2959
6133.301270	103.167	137.8384
6133.667481	103.163	137.4307
6134.033692	103.165	137.0137
6134.399903	103.170	136.5688
6134.766114	103.174	136.0776
6135.132325	103.168	135.5747
6135.498536	103.159	135.1338
6135.864747	103.157	134.7256
6136.230958	103.159	134.2842
6136.597169	103.159	133.8257
6136.963380	103.159	133.3779
6137.329591	103.160	132.9116
6137.695802	103.157	132.4331
6138.062013	103.152	131.9819
6138.428224	103.151	131.5439
6138.794435	103.151	131.0894
6139.160646	103.149	130.6274
6139.526857	103.147	130.1665
6139.893068	103.145	129.7124
6140.259279	103.145	129.2656
6140.625490	103.146	128.7925
6140.991701	103.142	128.3198
6141.357911	103.139	127.8979
6141.724122	103.146	127.4492
6142.090333	103.147	126.9331
6142.456544	103.138	126.4668
6142.822755	103.137	126.0537
6143.188966	103.141	125.5864
6143.555177	103.136	125.1167
6143.921388	103.136	124.7158
6144.287599	103.147	124.2715
6144.653810	103.151	123.7314
6145.020021	103.140	123.2441
6145.386232	103.137	122.8545
6145.752443	103.146	122.4097
6146.118654	103.146	121.8950
6146.484865	103.139	121.4507
6146.851076	103.142	121.0293
6147.217287	103.145	120.5220
6147.583498	103.133	120.0547
6147.949709	103.130	119.6855
6148.315920	103.143	119.2354
6148.682131	103.141	118.6943
6149.048342	103.126	118.2480
6149.414553	103.125	117.8779
6149.780764	103.136	117.4214
6150.146975	103.136	116.8828
6150.513186	103.123	116.3955
6150.879397	103.113	115.9946
6151.245608	103.115	115.5898
6151.611819	103.118	115.1245
6151.978030	103.115	114.6523
6152.344241	103.112	114.2173
6152.710451	103.115	113.7808
6153.076662	103.120	113.3057
6153.442873	103.120	112.8105
6153.809084	103.116	112.3291
6154.175295	103.114	111.8652
6154.541506	103.112	111.3994
6154.907717	103.110	110.9346
6155.273928	103.108	110.4790
6155.640139	103.107	110.0171
6156.006350	103.103	109.5557
6156.372561	103.099	109.1323
6156.738772	103.104	108.7163
6157.104983	103.110	108.2285
6157.471194	103.103	107.7280
6157.837405	103.096	107.3203
6158.203616	103.102	106.9048
6158.569827	103.104	106.3921
6158.936038	103.091	105.9360
6159.302249	103.089	105.5752
6159.668460	103.100	105.1201
6160.034671	103.095	104.5938
6160.400882	103.081	104.1851
6160.767093	103.086	103.8350
6161.133304	103.101	103.3560
6161.499515	103.099	102.7866
6161.865726	103.080	102.3198
6162.231937	103.075	101.9600
6162.598148	103.085	101.5264
6162.964359	103.085	101.0049
6163.330570	103.076	100.5415
6163.696781	103.074	100.1050
6164.062991	103.071	99.6226
6164.429202	103.062	99.1899
6164.795413	103.064	98.7871
6165.161624	103.067	98.3066
6165.527835	103.059	97.8550
6165.894046	103.062	97.4805
6166.260257	103.078	96.9951
6166.626468	103.074	96.4189
6166.992679	103.057	95.9775
6167.358890	103.059	95.6069
6167.725101	103.067	95.1133
6168.091312	103.057	94.6089
6168.457523	103.047	94.2412
6168.823734	103.060	93.8574
6169.189945	103.071	93.3369
6169.556156	103.064	92.8125
6169.922367	103.056	92.3647
6170.288578	103.054	91.9136
6170.654789	103.047	91.4590
6171.021000	103.042	91.0576
6171.387211	103.048	90.6499
6171.753422	103.055	90.1553
6172.119633	103.049	89.6396
6172.485844	103.037	89.2036
6172.852055	103.034	88.8145
6173.218266	103.041	88.3857
6173.584477	103.045	87.9004
6173.950688	103.043	87.3887
6174.316899	103.032	86.9092
6174.683110	103.022	86.5039
6175.049320	103.024	86.1118
6175.415531	103.029	85.6548
6175.781742	103.029	85.1675
6176.147953	103.024	84.6982
6176.514164	103.018	84.2402
6176.880375	103.012	83.8076
6177.246586	103.010	83.4033
6177.612797	103.015	82.9688
6177.979008	103.016	82.4858
6178.345219	103.011	82.0151
6178.711430	103.007	81.5898
6179.077641	103.010	81.1616
6179.443852	103.014	80.6763
6179.810063	103.010	80.1709
6180.176274	103.001	79.7188
6180.542485	102.999	79.2925
6180.908696	103.000	78.8271
6181.274907	102.995	78.3618
6181.641118	102.991	77.9365
6182.007329	102.994	77.4966
6182.373540	102.994	77.0259
6182.739751	102.993	76.5640
6183.105962	102.992	76.1006
6183.472173	102.989	75.6323
6183.838384	102.985	75.1890
6184.204595	102.985	74.7520
6184.570806	102.986	74.2983
6184.937017	102.987	73.8433
6185.303228	102.988	73.3687
6185.669439	102.984	72.8711
6186.035650	102.975	72.4194
6186.401860	102.972	72.0098
6186.768071	102.974	71.5649
6187.134282	102.971	71.0981
6187.500493	102.967	70.6621
6187.866704	102.967	70.2148
6188.232915	102.962	69.7539
6188.599126	102.958	69.3496
6188.965337	102.967	68.9287
6189.331548	102.973	68.3833
6189.697759	102.956	67.8574
6190.063970	102.940	67.4907
6190.430181	102.946	67.1284
6190.796392	102.954	66.6519
6191.162603	102.951	66.1787
6191.528814	102.952	65.7510
6191.895025	102.958	65.2720
6192.261236	102.955	64.7646
6192.627447	102.950	64.3018
6192.993658	102.948	63.8428
6193.359869	102.943	63.3672
6193.726080	102.935	62.9419
6194.092291	102.936	62.5415
6194.458502	102.942	62.0781
6194.824713	102.939	61.5903
6195.190924	102.934	61.1431
6195.557135	102.932	60.6982
6195.923346	102.927	60.2388
6196.289557	102.920	59.8179
6196.655768	102.919	59.4214
6197.021979	102.922	58.9927
6197.388189	102.923	58.5444
6197.754400	102.924	58.1045
6198.120611	102.927	57.6392
6198.486822	102.926	57.1421
6198.853033	102.918	56.6763
6199.219244	102.915	56.2461
6199.585455	102.916	55.7852
6199.951666	102.913	55.2886
6200.317877	102.904	54.8164
6200.684088	102.898	54.3809
6201.050299	102.896	53.9380
6201.416510	102.893	53.4756
6201.782721	102.888	53.0195
6202.148932	102.884	52.5684
6202.515143	102.877	52.1211
6202.881354	102.871	51.7236
6203.247565	102.877	51.3379
6203.613776	102.889	50.8550
6203.979987	102.886	50.3340
6204.346198	102.880	49.8857
6204.712409	102.881	49.4297
6205.078620	102.876	48.9268
6205.444831	102.863	48.4971
6205.811042	102.861	48.1294
6206.177253	102.869	47.6992
6206.543464	102.871	47.2090
6206.909675	102.865	46.7319
6207.275886	102.857	46.2949
6207.642097	102.853	45.8809
6208.008308	102.853	45.4614
6208.374519	102.855	45.0254
6208.740729	102.858	44.5581
6209.106940	102.855	44.0571
6209.473151	102.842	43.5957
6209.839362	102.835	43.2056
6210.205573	102.838	42.7954
6210.571784	102.840	42.3345
6210.937995	102.839	41.8901
6211.304206	102.843	41.4355
6211.670417	102.842	40.9253
6212.036628	102.831	40.4541
6212.402839	102.828	40.0610
6212.769050	102.837	39.6094
6213.135261	102.835	39.0781
6213.501472	102.823	38.6216
6213.867683	102.822	38.2285
6214.233894	102.828	37.7603
6214.600105	102.824	37.2544
6214.966316	102.815	36.8169
6215.332527	102.814	36.3979
6215.698738	102.814	35.9390
6216.064949	102.809	35.4937
6216.431160	102.809	35.0806
6216.797371	102.815	34.6216
6217.163582	102.813	34.1055
6217.529793	102.799	33.6387
6217.896004	102.791	33.2544
6218.262215	102.795	32.8525
6218.628426	102.799	32.3755
6218.994637	102.793	31.8799
6219.360848	102.781	31.4453
6219.727059	102.777	31.0796
6220.093269	102.787	30.6807
6220.459480	102.797	30.1753
6220.825691	102.793	29.6406
6221.191902	102.783	29.1572
6221.558113	102.774	28.7041
6221.924324	102.766	28.2646
6222.290535	102.760	27.8428
6222.656746	102.756	27.4331
6223.022957	102.757	27.0190
6223.389168	102.760	26.5649
6223.755379	102.757	26.0996
6224.121590	102.754	25.6802
6224.487801	102.759	25.2437
6224.854012	102.762	24.7466
6225.220223	102.757	24.2637
6225.586434	102.753	23.8013
6225.952645	102.747	23.3296
6226.318856	102.739	22.8926
6226.685067	102.736	22.4668
6227.051278	102.734	22.0112
6227.417489	102.728	21.5801
6227.783700	102.729	21.1631
6228.149911	102.732	20.7031
6228.516122	102.732	20.2339
6228.882333	102.732	19.7593
6229.248544	102.728	19.2578
6229.614755	102.717	18.7959
6229.980966	102.711	18.3882
6230.347177	102.712	17.9580
6230.713388	102.712	17.5054
6231.079598	102.712	17.0610
6231.445809	102.714	16.5898
6231.812020	102.710	16.0918
6232.178231	102.699	15.6323
6232.544442	102.691	15.2417
6232.910653	102.696	14.8555
6233.276864	102.704	14.3882
6233.643075	102.700	13.8799
6234.009286	102.690	13.4463
6234.375497	102.691	13.0479
6234.741708	102.695	12.5640
6235.107919	102.683	12.0776
6235.474130	102.673	11.7012
6235.840341	102.681	11.3027
6236.206552	102.684	10.7847
6236.572763	102.671	10.3101
6236.938974	102.666	9.9253
6237.305185	102.671	9.4600
6237.671396	102.661	8.9478
6238.037607	102.647	8.5542
6238.403818	102.652	8.1694
6238.770029	102.656	7.6558
6239.136240	102.642	7.1685
6239.502451	102.634	6.7866
6239.868662	102.638	6.3560
6240.234873	102.635	5.8730
6240.601084	102.629	5.4487
6240.967295	102.632	5.0146
6241.333506	102.631	4.5356
6241.699717	102.627	4.1006
6242.065928	102.632	3.6523
6242.432138	102.631	3.1245
6242.798349	102.616	2.6572
6243.164560	102.611	2.2754
6243.530771	102.617	1.8242
6243.896982	102.612	1.3232
6244.263193	102.600	0.8901
6244.629404	102.596	0.4912
6244.995615	102.597	0.0645
6245.361826	102.596	-0.3794
6245.728037	102.594	-0.8271
6246.094248	102.592	-1.2754
6246.460459	102.589	-1.7280
6246.826670	102.584	-2.1694
6247.192881	102.583	-2.5850
6247.559092	102.588	-3.0454
6247.925303	102.584	-3.5542
6248.291514	102.572	-3.9927
6248.657725	102.573	-4.3916
6249.023936	102.579	-4.8784
6249.390147	102.571	-5.3872
6249.756358	102.560	-5.8164
6250.122569	102.558	-6.2148
6250.488780	102.562	-6.6519
6250.854991	102.562	-7.1274
6251.221202	102.557	-7.5850
6251.587413	102.557	-8.0117
6251.953624	102.561	-8.4946
6252.319835	102.552	-9.0054
6252.686046	102.537	-9.4136
6253.052257	102.537	-9.7837
6253.418467	102.541	-10.2334
6253.784678	102.537	-10.6924
6254.150889	102.534	-11.1187
6254.517100	102.533	-11.5571
6254.883311	102.532	-11.9956
6255.249522	102.533	-12.4458
6255.615733	102.531	-12.9297
6255.981944	102.523	-13.3931
6256.348155	102.517	-13.8330
6256.714366	102.512	-14.2856
6257.080577	102.505	-14.7134
6257.446788	102.505	-15.1245
6257.812999	102.509	-15.5996
6258.179210	102.502	-16.1069
6258.545421	102.490	-16.5522
6258.911632	102.484	-16.9478
6259.277843	102.487	-17.3608
6259.644054	102.492	-17.8218
6260.010265	102.491	-18.3149
6260.376476	102.485	-18.7832
6260.742687	102.483	-19.2256
6261.108898	102.481	-19.7095
6261.475109	102.469	-20.1768
6261.841320	102.460	-20.5317
6262.207531	102.472	-20.9097
6262.573742	102.483	-21.4375
6262.939953	102.472	-21.9590
6263.306164	102.462	-22.3760
6263.672375	102.462	-22.8047
6264.038586	102.459	-23.2637
6264.404797	102.454	-23.7090
6264.771007	102.449	-24.1626
6265.137218	102.440	-24.5820
6265.503429	102.441	-24.9746
6265.869640	102.444	-25.4438
6266.235851	102.435	-25.9146
6266.602062	102.430	-26.2866
6266.968273	102.443	-26.7148
6267.334484	102.446	-27.2744
6267.700695	102.431	-27.7925
6268.066906	102.417	-28.2061
6268.433117	102.414	-28.6143
6268.799328	102.413	-29.0566
6269.165539	102.409	-29.5059
6269.531750	102.405	-29.9385
6269.897961	102.405	-30.3701
6270.264172	102.404	-30.8218
6270.630383	102.402	-31.2646
6270.996594	102.403	-31.7080
6271.362805	102.402	-32.1899
6271.729016	102.394	-32.6548
6272.095227	102.390	-33.0703
6272.461438	102.391	-33.5059
6272.827649	102.390	-33.9717
6273.193860	102.387	-34.4380
6273.560071	102.382	-34.9150
6273.926282	102.371	-35.3687
6274.292493	102.362	-35.7690
6274.658704	102.361	-36.1704
6275.024915	102.362	-36.6060
6275.391126	102.361	-37.0698
6275.757336	102.355	-37.5386
6276.123547	102.348	-37.9678
6276.489758	102.348	-38.3921
6276.855969	102.347	-38.8677
6277.222180	102.337	-39.3296
6277.588391	102.332	-39.7397
6277.954602	102.333	-40.1724
6278.320813	102.331	-40.6357
6278.687024	102.328	-41.0972
6279.053235	102.324	-41.5723
6279.419446	102.312	-42.0195
6279.785657	102.306	-42.3950
6280.151868	102.314	-42.7969
6280.518079	102.319	-43.2905
6280.884290	102.312	-43.7754
6281.250501	102.307	-44.1904
6281.616712	102.312	-44.6255
6281.982923	102.312	-45.1226
6282.349134	102.304	-45.5874
6282.715345	102.303	-46.0117
6283.081556	102.305	-46.5068
6283.447767	102.291	-47.0166
6283.813978	102.273	-47.3892
6284.180189	102.278	-47.7310
6284.546400	102.286	-48.1987
6284.912611	102.280	-48.6660
6285.278822	102.281	-49.0723
6285.645033	102.290	-49.5830
6286.011244	102.274	-50.1431
6286.377455	102.249	-50.5254
6286.743666	102.249	-50.8174
6287.109876	102.265	-51.2515
6287.476087	102.264	-51.7778
6287.842298	102.254	-52.2310
6288.208509	102.253	-52.6470
6288.574720	102.253	-53.1284
6288.940931	102.242	-53.6030
6289.307142	102.233	-53.9868
6289.673353	102.239	-54.3892
6290.039564	102.244	-54.8872
6290.405775	102.236	-55.3770
6290.771986	102.231	-55.8252
6291.138197	102.225	-56.2847
6291.504408	102.218	-56.7134
6291.870619	102.221	-57.1260
6292.236830	102.227	-57.6343
6292.603041	102.216	-58.1753
6292.969252	102.199	-58.6069
6293.335463	102.195	-58.9912
6293.701674	102.196	-59.4316
6294.067885	102.193	-59.8911
6294.434096	102.189	-60.3296
6294.800307	102.189	-60.7812
6295.166518	102.184	-61.2515
6295.532729	102.175	-61.6826
6295.898940	102.173	-62.0728
6296.265151	102.179	-62.5117
6296.631362	102.178	-63.0122
6296.997573	102.168	-63.4702
6297.363784	102.162	-63.8750
6297.729995	102.162	-64.2979
6298.096206	102.162	-64.7368
6298.462416	102.162	-65.1855
6298.828627	102.159	-65.6519
6299.194838	102.153	-66.0947
6299.561049	102.152	-66.5327
6299.927260	102.148	-67.0127
6300.293471	102.136	-67.4619
6300.659682	102.130	-67.8535
6301.025893	102.133	-68.2847
6301.392104	102.131	-68.7617
6301.758315	102.125	-69.2275
6302.124526	102.117	-69.6802
6302.490737	102.109	-70.1030
6302.856948	102.109	-70.5239
6303.223159	102.109	-71.0068
6303.589370	102.098	-71.4604
6303.955581	102.096	-71.8384
6304.321792	102.108	-72.3193
6304.688003	102.101	-72.8960
6305.054214	102.078	-73.3335
6305.420425	102.075	-73.6792
6305.786636	102.082	-74.1333
6306.152847	102.075	-74.6133
6306.519058	102.069	-75.0098
6306.885269	102.077	-75.4429
6307.251480	102.077	-75.9541
6307.617691	102.066	-76.4229
6307.983902	102.060	-76.8350
6308.350113	102.059	-77.2725
6308.716324	102.053	-77.7231
6309.082535	102.047	-78.1372
6309.448745	102.046	-78.5337
6309.814956	102.052	-78.9609
6310.181167	102.056	-79.4521
6310.547378	102.049	-79.9717
6310.913589	102.034	-80.4175
6311.279800	102.029	-80.8101
6311.646011	102.028	-81.2681
6312.012222	102.017	-81.7217
6312.378433	102.013	-82.0938
6312.744644	102.022	-82.5542
6313.110855	102.011	-83.0977
6313.477066	101.992	-83.4810
6313.843277	102.000	-83.8267
6314.209488	102.010	-84.3740
6314.575699	101.989	-84.8945
6314.941910	101.978	-85.2207
6315.308121	101.994	-85.6353
6315.674332	101.997	-86.2163
6316.040543	101.978	-86.7144
6316.406754	101.968	-87.1060
6316.772965	101.968	-87.5342
6317.139176	101.965	-87.9971
6317.505387	101.960	-88.4575
6317.871598	101.952	-88.9077
6318.237809	101.944	-89.3140
6318.604020	101.946	-89.7109
6318.970231	101.949	-90.1694
6319.336442	101.945	-90.6411
6319.702653	101.940	-91.0654
6320.068864	101.942	-91.5029
6320.435075	101.941	-91.9829
6320.801285	101.934	-92.4468
6321.167496	101.929	-92.8970
6321.533707	101.923	-93.3608
6321.899918	101.912	-93.7930
6322.266129	101.908	-94.1948
6322.632340	101.908	-94.6343
6322.998551	101.904	-95.0986
6323.364762	101.897	-95.5400
6323.730973	101.892	-95.9668
6324.097184	101.890	-96.4033
6324.463395	101.887	-96.8657
6324.829606	101.879	-97.3262
6325.195817	101.871	-97.7305
6325.562028	101.875	-98.1382
6325.928239	101.878	-98.6343
6326.294450	101.868	-99.1309
6326.660661	101.859	-99.5513
6327.026872	101.859	-99.9868
6327.393083	101.854	-100.4639
6327.759294	101.844	-100.9014
6328.125505	101.841	-101.3145
6328.491716	101.840	-101.7588
6328.857927	101.836	-102.2129
6329.224138	101.832	-102.6514
6329.590349	101.829	-103.0898
6329.956560	101.826	-103.5425
6330.322771	101.821	-103.9980
6330.688982	101.816	-104.4346
6331.055193	101.814	-104.8750
6331.421404	101.810	-105.3462
6331.787614	101.799	-105.7983
6332.153825	101.790	-106.1968
6332.520036	101.790	-106.6035
6332.886247	101.789	-107.0522
6333.252458	101.784	-107.4941
6333.618669	101.781	-107.9141
6333.984880	101.782	-108.3555
6334.351091	101.782	-108.8174
6334.717302	101.781	-109.2812
6335.083513	101.780	-109.7847
6335.449724	101.767	-110.3003
6335.815935	101.747	-110.7075
6336.182146	101.746	-111.0518
6336.548357	101.755	-111.5063
6336.914568	101.748	-112.0156
6337.280779	101.737	-112.4263
6337.646990	101.742	-112.8306
6338.013201	101.745	-113.3276
6338.379412	101.736	-113.8140
6338.745623	101.730	-114.2471
6339.111834	101.728	-114.6963
6339.478045	101.724	-115.1606
6339.844256	101.718	-115.6216
6340.210467	101.709	-116.0732
6340.576678	101.700	-116.4668
6340.942889	101.705	-116.8574
6341.309100	101.712	-117.3745
6341.675311	101.696	-117.9102
6342.041522	101.674	-118.2715
6342.407733	101.679	-118.5854
6342.773944	101.693	-119.0669
6343.140154	101.685	-119.6069
6343.506365	101.670	-120.0366
6343.872576	101.665	-120.4346
6344.238787	101.662	-120.8652
6344.604998	101.660	-121.2725
6344.971209	101.666	-121.7183
6345.337420	101.664	-122.2607
6345.703631	101.643	-122.7412
6346.069842	101.631	-123.0879
6346.436053	101.638	-123.4800
6346.802264	101.640	-123.9824
6347.168475	101.630	-124.4604
6347.534686	101.622	-124.8809
6347.900897	101.619	-125.3120
6348.267108	101.617	-125.7598
6348.633319	101.615	-126.2173
6348.999530	101.612	-126.6958
6349.365741	101.604	-127.1787
6349.731952	101.593	-127.6382
6350.098163	101.583	-128.0654
6350.464374	101.577	-128.4785
6350.830585	101.573	-128.9009
6351.196796	101.570	-129.3315
6351.563007	101.568	-129.7671
6351.929218	101.567	-130.2100
6352.295429	101.565	-130.6660
6352.661640	101.562	-131.1396
6353.027851	101.555	-131.6113
6353.394062	101.546	-132.0542
6353.760273	101.539	-132.4736
6354.126484	101.537	-132.8945
6354.492694	101.536	-133.3472
6354.858905	101.531	-133.8223
6355.225116	101.521	-134.2583
6355.591327	101.519	-134.6748
6355.957538	101.516	-135.1382
6356.323749	101.507	-135.5854
6356.689960	101.502	-135.9810
6357.056171	101.506	-136.4307
6357.422382	101.499	-136.9160
6357.788593	101.491	-137.3354
6358.154804	101.493	-137.7661
6358.521015	101.490	-138.2656
6358.887226	101.477	-138.7212
6359.253437	101.471	-139.1201
6359.619648	101.473	-139.5703
6359.985859	101.468	-140.0615
6360.352070	101.457	-140.5166
6360.718281	101.448	-140.9326
6361.084492	101.445	-141.3403
6361.450703	101.448	-141.7808
6361.816914	101.446	-142.2886
6362.183125	101.430	-142.7778
6362.549336	101.415	-143.1353
6362.915547	101.423	-143.4878
6363.281758	101.435	-144.0151
6363.647969	101.419	-144.5703
6364.014180	101.398	-144.9438
6364.380391	101.404	-145.2744
6364.746602	101.418	-145.7739
6365.112813	101.410	-146.3521
6365.479023	101.386	-146.8081
6365.845234	101.375	-147.1660
6366.211445	101.376	-147.5708
6366.577656	101.373	-148.0166
6366.943867	101.370	-148.4331
6367.310078	101.373	-148.8887
6367.676289	101.366	-149.3965
6368.042500	101.352	-149.8315
6368.408711	101.349	-150.2241
6368.774922	101.350	-150.6934
6369.141133	101.341	-151.1851
6369.507344	101.329	-151.6294
6369.873555	101.317	-152.0444
6370.239766	101.311	-152.4214
6370.605977	101.318	-152.8286
6370.972188	101.320	-153.3433
6371.338399	101.306	-153.8286
6371.704610	101.298	-154.2139
6372.070821	101.304	-154.6655
6372.437032	101.297	-155.1899
6372.803243	101.282	-155.6270
6373.169454	101.278	-156.0283
6373.535665	101.276	-156.4858
6373.901876	101.268	-156.9189
6374.268087	101.267	-157.3315
6374.634298	101.269	-157.8081
6375.000509	101.261	-158.2905
6375.366720	101.252	-158.7266
6375.732931	101.246	-159.1562
6376.099142	101.242	-159.5884
6376.465353	101.239	-160.0415
6376.831563	101.230	-160.5137
6377.197774	101.215	-160.9102
6377.563985	101.216	-161.2632
6377.930196	101.225	-161.7271
6378.296407	101.219	-162.2485
6378.662618	101.206	-162.6938
6379.028829	101.200	-163.1196
6379.395040	101.193	-163.5737
6379.761251	101.185	-164.0010
6380.127462	101.182	-164.4404
6380.493673	101.175	-164.9302
6380.859884	101.159	-165.3706
6381.226095	101.153	-165.7437
6381.592306	101.157	-166.1831
6381.958517	101.151	-166.6899
6382.324728	101.138	-167.1367
6382.690939	101.132	-167.5444
6383.057150	101.130	-167.9956
6383.423361	101.124	-168.4448
6383.789572	101.122	-168.8774
6384.155783	101.121	-169.3525
6384.521994	101.112	-169.8335
6384.888205	101.102	-170.2651
6385.254416	101.097	-170.6748
6385.620627	101.097	-171.0981
6385.986838	101.099	-171.5654
6386.353049	101.092	-172.0586
6386.719260	101.081	-172.4990
6387.085471	101.078	-172.9131
6387.451682	101.075	-173.3774
6387.817892	101.065	-173.8315
6388.184103	101.057	-174.2349
6388.550314	101.056	-174.6641
6388.916525	101.050	-175.1079
6389.282736	101.047	-175.5161
6389.648947	101.051	-175.9668
6390.015158	101.047	-176.4902
6390.381369	101.030	-176.9648
6390.747580	101.019	-177.3506
6391.113791	101.021	-177.7778
6391.480002	101.014	-178.2847
6391.846213	100.995	-178.7236
6392.212424	100.988	-179.0674
6392.578635	100.996	-179.4854
6392.944846	100.994	179.9951
6393.311057	100.979	179.5366
6393.677268	100.971	179.1538
6394.043479	100.974	178.7275
6394.409690	100.973	178.2490
6394.775901	100.967	177.7769
6395.142112	100.959	177.3174
6395.508323	100.950	176.8662
6395.874534	100.941	176.4375
6396.240745	100.936	176.0200
6396.606956	100.934	175.5835
6396.973167	100.930	175.1152
6397.339378	100.919	174.6567
6397.705589	100.909	174.2451
6398.071800	100.906	173.8330
6398.438011	100.902	173.3823
6398.804222	100.894	172.9478
6399.170432	100.892	172.5293
6399.536643	100.891	172.0518
6399.902854	100.880	171.5605
6400.269065	100.867	171.1396
6400.635276	100.863	170.7202
6401.001487	100.857	170.2588
6401.367698	100.847	169.8291
6401.733909	100.844	169.4004
6402.100120	100.838	168.9194
6402.466331	100.823	168.4834
6402.832542	100.818	168.1079
6403.198753	100.821	167.6650
6403.564964	100.815	167.1792
6403.931175	100.806	166.7549
6404.297386	100.807	166.3286
6404.663597	100.807	165.8267
6405.029808	100.795	165.3237
6405.396019	100.779	164.8960
6405.762230	100.773	164.5054
6406.128441	100.774	164.0635
6406.494652	100.768	163.5718
6406.860863	100.754	163.1338
6407.227074	100.748	162.7451
6407.593285	100.750	162.2935
6407.959496	100.740	161.8096
6408.325707	100.728	161.3984
6408.691918	100.726	160.9990
6409.058129	100.725	160.5376
6409.424340	100.717	160.0796
6409.790551	100.711	159.6533
6410.156761	100.707	159.2021
6410.522972	100.698	158.7476
6410.889183	100.689	158.3423
6411.255394	100.689	157.9341
6411.621605	100.690	157.4644
6411.987816	100.684	156.9800
6412.354027	100.674	156.5244
6412.720238	100.664	156.0874
6413.086449	100.655	155.6782
6413.452660	100.653	155.2822
6413.818871	100.657	154.8247
6414.185082	100.651	154.3149
6414.551293	100.635	153.8613
6414.917504	100.627	153.4697
6415.283715	100.627	153.0454
6415.649926	100.624	152.5674
6416.016137	100.615	152.0879
6416.382348	100.602	151.6406
6416.748559	100.593	151.2212
6417.114770	100.587	150.7905
6417.480981	100.578	150.3384
6417.847192	100.567	149.9155
6418.213403	100.562	149.5132
6418.579614	100.560	149.0645
6418.945825	100.552	148.6021
6419.312036	100.544	148.1743
6419.678247	100.539	147.7339
6420.044458	100.531	147.2822
6420.410669	100.523	146.8633
6420.776880	100.522	146.4253
6421.143091	100.517	145.9497
6421.509301	100.508	145.4897
6421.875512	100.499	145.0342
6422.241723	100.487	144.5845
6422.607934	100.476	144.1812
6422.974145	100.473	143.7661
6423.340356	100.467	143.3140
6423.706567	100.459	142.8872
6424.072778	100.455	142.4546
6424.438989	100.447	141.9951
6424.805200	100.438	141.5757
6425.171411	100.435	141.1445
6425.537622	100.425	140.6675
6425.903833	100.408	140.2749
6426.270044	100.409	139.9258
6426.636255	100.415	139.4575
6427.002466	100.406	138.9590
6427.368677	100.396	138.5415
6427.734888	100.395	138.1021
6428.101099	100.388	137.6201
6428.467310	100.376	137.1777
6428.833521	100.369	136.7451
6429.199732	100.360	136.3018
6429.565943	100.352	135.8916
6429.932154	100.351	135.4702
6430.298365	100.348	134.9937
6430.664576	100.338	134.5356
6431.030787	100.332	134.1216
6431.396998	100.332	133.6631
6431.763209	100.324	133.1509
6432.129420	100.306	132.6860
6432.495631	100.291	132.2979
6432.861841	100.287	131.9180
6433.228052	100.287	131.4922
6433.594263	100.284	131.0181
6433.960474	100.274	130.5537
6434.326685	100.265	130.1348
6434.692896	100.262	129.6895
6435.059107	100.252	129.2012
6435.425318	100.234	128.7769
6435.791529	100.227	128.4048
6436.157740	100.226	127.9702
6436.523951	100.218	127.5059
6436.890162	100.206	127.0928
6437.256373	100.202	126.6899
6437.622584	100.201	126.2510
6437.988795	100.197	125.7861
6438.355006	100.190	125.3164
6438.721217	100.180	124.8687
6439.087428	100.173	124.4370
6439.453639	100.167	123.9858
6439.819850	100.159	123.5283
6440.186061	100.150	123.0830
6440.552272	100.142	122.6353
6440.918483	100.132	122.1982
6441.284694	100.125	121.7720
6441.650905	100.119	121.3262
6442.017116	100.109	120.8882
6442.383327	100.101	120.4785
6442.749538	100.099	120.0430
6443.115749	100.092	119.5786
6443.481960	100.080	119.1406
6443.848170	100.071	118.7256
6444.214381	100.064	118.3169
6444.580592	100.062	117.9038
6444.946803	100.061	117.4380
6445.313014	100.050	116.9556
6445.679225	100.035	116.5366
6446.045436	100.030	116.1289
6446.411647	100.023	115.6758
6446.777858	100.011	115.2441
6447.144069	100.003	114.8403
6447.510280	99.998	114.4102
6447.876491	99.990	113.9780
6448.242702	99.985	113.5508
6448.608913	99.980	113.0845
6448.975124	99.968	112.6172
6449.341335	99.954	112.2070
6449.707546	99.949	111.8071
6450.073757	99.947	111.3521
6450.439968	99.937	110.8789
6450.806179	99.924	110.4492
6451.172390	99.917	110.0371
6451.538601	99.911	109.6001
6451.904812	99.902	109.1616
6452.271023	99.895	108.7358
6452.637234	99.890	108.2944
6453.003445	99.882	107.8413
6453.369656	99.871	107.4077
6453.735867	99.862	106.9985
6454.102078	99.859	106.5771
6454.468289	99.854	106.1108
6454.834500	99.839	105.6650
6455.200710	99.830	105.2900
6455.566921	99.834	104.8643
6455.933132	99.827	104.3521
6456.299343	99.808	103.9243
6456.665554	99.806	103.5493
6457.031765	99.806	103.0400
6457.397976	99.782	102.5391
6457.764187	99.763	102.2192
6458.130398	99.771	101.8569
6458.496609	99.771	101.3281
6458.862820	99.752	100.8560
6459.229031	99.742	100.4644
6459.595242	99.736	100.0000
6459.961453	99.715	99.5645
6460.327664	99.705	99.2451
6460.693875	99.714	98.8574
6461.060086	99.716	98.3394
6461.426297	99.701	97.8608
6461.792508	99.691	97.4639
6462.158719	99.692	97.0244
6462.524930	99.687	96.5044
6462.891141	99.666	96.0161
6463.257352	99.647	95.6382
6463.623563	99.643	95.2705
6463.989774	99.640	94.8242
6464.355985	99.628	94.3911
6464.722196	99.622	93.9966
6465.088407	99.619	93.5410
6465.454618	99.605	93.0854
6465.820829	99.593	92.7148
6466.187039	99.595	92.3135
6466.553250	99.590	91.8423
6466.919461	99.579	91.4175
6467.285672	99.576	91.0044
6467.651883	99.573	90.5127
6468.018094	99.555	90.0322
6468.384305	99.537	89.6528
6468.750516	99.534	89.2925
6469.116727	99.536	88.8530
6469.482938	99.529	88.3652
6469.849149	99.515	87.9155
6470.215360	99.504	87.5083
6470.581571	99.497	87.0894
6470.947782	99.490	86.6597
6471.313993	99.483	86.2432
6471.680204	99.480	85.8125
6472.046415	99.475	85.3433
6472.412626	99.464	84.8735
6472.778837	99.451	84.4492
6473.145048	99.444	84.0371
6473.511259	99.437	83.5806
6473.877470	99.423	83.1299
6474.243681	99.410	82.7378
6474.609892	99.406	82.3267
6474.976103	99.397	81.8647
6475.342314	99.381	81.4517
6475.708525	99.374	81.0869
6476.074736	99.374	80.6611
6476.440947	99.365	80.1924
6476.807158	99.351	79.7822
6477.173369	99.347	79.3867
6477.539579	99.344	78.9146
6477.905790	99.328	78.4492
6478.272001	99.315	78.0693
6478.638212	99.314	77.6538
6479.004423	99.305	77.1641
6479.370634	99.286	76.7466
6479.736845	99.281	76.3765
6480.103056	99.280	75.9121
6480.469267	99.264	75.4365
6480.835478	99.249	75.0537
6481.201689	99.247	74.6562
6481.567900	99.241	74.1943
6481.934111	99.228	73.7622
6482.300322	99.221	73.3613
6482.666533	99.216	72.9253
6483.032744	99.207	72.4790
6483.398955	99.198	72.0581
6483.765166	99.192	71.6255
6484.131377	99.183	71.1846
6484.497588	99.174	70.7637
6484.863799	99.168	70.3247
6485.230010	99.156	69.8779
6485.596221	99.145	69.4834
6485.962432	99.145	69.0771
6486.328643	99.142	68.5796
6486.694854	99.125	68.0811
6487.061065	99.104	67.6685
6487.427276	99.092	67.2910
6487.793487	99.084	66.8931
6488.159698	99.077	66.4844
6488.525908	99.072	66.0718
6488.892119	99.068	65.6250
6489.258330	99.059	65.1455
6489.624541	99.043	64.6968
6489.990752	99.031	64.2798
6490.356963	99.019	63.8452
6490.723174	99.003	63.4360
6491.089385	98.995	63.0669
6491.455596	98.992	62.6489
6491.821807	98.983	62.2100
6492.188018	98.975	61.8184
6492.554229	98.975	61.3892
6492.920440	98.967	60.9141
6493.286651	98.955	60.5020
6493.652862	98.955	60.0791
6494.019073	98.948	59.5718
6494.385284	98.927	59.1270
6494.751495	98.915	58.7617
6495.117706	98.911	58.3447
6495.483917	98.900	57.9331
6495.850128	98.897	57.5503
6496.216339	98.897	57.0674
6496.582550	98.875	56.5947
6496.948761	98.859	56.2773
6497.314972	98.868	55.9048
6497.681183	98.866	55.3789
6498.047394	98.843	54.9297
6498.413605	98.833	54.5747
6498.779816	98.831	54.1445
6499.146027	98.817	53.6895
6499.512238	98.804	53.3003
6499.878448	98.798	52.9062
6500.244659	98.791	52.4668
6500.610870	98.780	52.0352
6500.977081	98.771	51.6206
6501.343292	98.763	51.1826
6501.709503	98.749	50.7378
6502.075714	98.733	50.3467
6502.441925	98.727	49.9761
6502.808136	98.726	49.5454
6503.174347	98.718	49.0762
6503.540558	98.704	48.6299
6503.906769	98.690	48.2202
6504.272980	98.681	47.8286
6504.639191	98.676	47.4160
6505.005402	98.670	46.9800
6505.371613	98.663	46.5439
6505.737824	98.655	46.0898
6506.104035	98.642	45.6445
6506.470246	98.631	45.2524
6506.836457	98.630	44.8188
6507.202668	98.618	44.3101
6507.568879	98.593	43.8887
6507.935090	98.581	43.5610
6508.301301	98.582	43.1479
6508.667512	98.571	42.6714
6509.033723	98.552	42.2769
6509.399934	98.543	41.9258
6509.766145	98.541	41.5278
6510.132356	98.538	41.1021
6510.498567	98.534	40.6562
6510.864778	98.524	40.1807
6511.230988	98.508	39.7388
6511.597199	98.496	39.3467
6511.963410	98.489	38.9165
6512.329621	98.475	38.4648
6512.695832	98.459	38.0825
6513.062043	98.454	37.7031
6513.428254	98.449	37.2461
6513.794465	98.432	36.8169
6514.160676	98.422	36.4531
6514.526887	98.421	36.0288
6514.893098	98.409	35.5508
6515.259309	98.390	35.1519
6515.625520	98.382	34.7979
6515.991731	98.381	34.3765
6516.357942	98.369	33.9268
6516.724153	98.356	33.5396
6517.090364	98.352	33.1616
6517.456575	98.350	32.7148
6517.822786	98.338	32.2578
6518.188997	98.326	31.8384
6518.555208	98.315	31.4116
6518.921419	98.299	31.0034
6519.287630	98.291	30.6367
6519.653841	98.290	30.1987
6520.020052	98.273	29.7144
6520.386263	98.250	29.3618
6520.752474	98.250	29.0435
6521.118685	98.254	28.5737
6521.484896	98.237	28.1030
6521.851107	98.226	27.7378
6522.217317	98.226	27.2949
6522.583528	98.209	26.7988
6522.949739	98.187	26.4395
6523.315950	98.186	26.1001
6523.682161	98.187	25.6309
6524.048372	98.171	25.1660
6524.414583	98.158	24.7744
6524.780794	98.150	24.3682
6525.147005	98.140	23.9546
6525.513216	98.133	23.5439
6525.879427	98.125	23.1021
6526.245638	98.110	22.6860
6526.611849	98.102	22.3027
6526.978060	98.097	21.8706
6527.344271	98.083	21.4312
6527.710482	98.070	21.0503
6528.076693	98.066	20.6533
6528.442904	98.059	20.1978
6528.809115	98.042	19.7563
6529.175326	98.025	19.3857
6529.541537	98.019	19.0352
6529.907748	98.018	18.6099
6530.273959	98.006	18.1523
6530.640170	97.991	17.7788
6531.006381	97.990	17.4043
6531.372592	97.986	16.9282
6531.738803	97.968	16.4897
6532.105014	97.959	16.1201
6532.471225	97.956	15.6660
6532.837436	97.937	15.1973
6533.203647	97.918	14.8394
6533.569857	97.913	14.4727
6533.936068	97.905	14.0405
6534.302279	97.892	13.6450
6534.668490	97.885	13.2612
6535.034701	97.876	12.8501
6535.400912	97.867	12.4707
6535.767123	97.866	12.0820
6536.133334	97.865	11.6118
6536.499545	97.850	11.1387
6536.865756	97.834	10.7349
6537.231967	97.824	10.3413
6537.598178	97.814	9.9175
6537.964389	97.800	9.5122
6538.330600	97.790	9.1436
6538.696811	97.788	8.7349
6539.063022	97.780	8.2617
6539.429233	97.760	7.8232
6539.795444	97.742	7.4575
6540.161655	97.732	7.1016
6540.527866	97.727	6.7358
6540.894077	97.726	6.3350
6541.260288	97.720	5.8770
6541.626499	97.706	5.4414
6541.992710	97.694	5.0425
6542.358921	97.683	4.6089
6542.725132	97.665	4.2090
6543.091343	97.655	3.8662
6543.457554	97.653	3.4517
6543.823765	97.638	3.0073
6544.189976	97.623	2.6450
6544.556186	97.620	2.2617
6544.922397	97.611	1.8125
6545.288608	97.595	1.4053
6545.654819	97.585	1.0283
6546.021030	97.577	0.6279
6546.387241	97.569	0.2158
6546.753452	97.560	-0.2217
6547.119663	97.543	-0.6455
6547.485874	97.529	-1.0107
6547.852085	97.524	-1.4053
6548.218296	97.513	-1.8350
6548.584507	97.500	-2.2036
6548.950718	97.500	-2.5942
6549.316929	97.494	-3.0830
6549.683140	97.473	-3.5225
6550.049351	97.459	-3.8770
6550.415562	97.454	-4.2773
6550.781773	97.442	-4.6899
6551.147984	97.434	-5.0527
6551.514195	97.435	-5.4839
6551.880406	97.422	-5.9756
6552.246617	97.399	-6.3613
6552.612828	97.392	-6.6982
6552.979039	97.389	-7.1221
6553.345250	97.376	-7.5400
6553.711461	97.369	-7.9126
6554.077672	97.366	-8.3574
6554.443883	97.350	-8.8228
6554.810094	97.331	-9.2080
6555.176305	97.320	-9.5830
6555.542516	97.309	-9.9775
6555.908726	97.298	-10.3564
6556.274937	97.290	-10.7568
6556.641148	97.276	-11.1538
6557.007359	97.266	-11.5029
6557.373570	97.266	-11.8901
6557.739781	97.261	-12.3501
6558.105992	97.245	-12.7852
6558.472203	97.230	-13.1577
6558.838414	97.225	-13.5254
6559.204625	97.223	-13.9565
6559.570836	97.211	-14.4312
6559.937047	97.190	-14.8408
6560.303258	97.176	-15.1846
6560.669469	97.171	-15.5586
6561.035680	97.164	-15.9575
6561.401891	97.157	-16.3613
6561.768102	97.148	-16.7935
6562.134313	97.133	-17.1968
6562.500524	97.125	-17.5620
6562.866735	97.120	-17.9795
6563.232946	97.106	-18.4102
6563.599157	97.091	-18.7749
6563.965368	97.086	-19.1558
6564.331579	97.075	-19.5869
6564.697790	97.058	-19.9570
6565.064001	97.053	-20.2881
6565.430212	97.054	-20.7144
6565.796423	97.041	-21.1782
6566.162634	97.023	-21.5488
6566.528845	97.019	-21.9199
6566.895056	97.009	-22.3745
6567.261266	96.988	-22.7671
6567.627477	96.979	-23.0879
6567.993688	96.979	-23.4990
6568.359899	96.966	-23.9448
6568.726110	96.952	-24.3242
6569.092321	96.943	-24.7310
6569.458532	96.926	-25.1396
6569.824743	96.912	-25.4604
6570.190954	96.914	-25.8218
6570.557165	96.909	-26.2705
6570.923376	96.896	-26.6841
6571.289587	96.888	-27.0908
6571.655798	96.874	-27.5225
6572.022009	96.857	-27.8921
6572.388220	96.851	-28.2549
6572.754431	96.843	-28.6836
6573.120642	96.827	-29.0762
6573.486853	96.819	-29.4312
6573.853064	96.812	-29.8398
6574.219275	96.799	-30.2329
6574.585486	96.793	-30.5918
6574.951697	96.791	-31.0229
6575.317908	96.775	-31.4653
6575.684119	96.761	-31.8169
6576.050330	96.760	-32.1929
6576.416541	96.753	-32.6558
6576.782752	96.734	-33.0791
6577.148963	96.721	-33.4390
6577.515174	96.713	-33.8306
6577.881385	96.700	-34.2393
6578.247595	96.686	-34.5996
6578.613806	96.680	-34.9482
6578.980017	96.678	-35.3550
6579.346228	96.667	-35.7974
6579.712439	96.650	-36.1885
6580.078650	96.641	-36.5366
6580.444861	96.637	-36.9321
6580.811072	96.627	-37.3589
6581.177283	96.614	-37.7495
6581.543494	96.605	-38.1372
6581.909705	96.595	-38.5508
6582.275916	96.581	-38.9487
6582.642127	96.568	-39.3384
6583.008338	96.553	-39.7212
6583.374549	96.540	-40.0649
6583.740760	96.536	-40.4219
6584.106971	96.530	-40.8291
6584.473182	96.520	-41.2280
6584.839393	96.512	-41.6177
6585.205604	96.504	-42.0308
6585.571815	96.492	-42.4404
6585.938026	96.481	-42.8501
6586.304237	96.464	-43.2568
6586.670448	96.447	-43.6021
6587.036659	96.441	-43.9268
6587.402870	96.440	-44.3140
6587.769081	96.433	-44.7271
6588.135292	96.425	-45.1245
6588.501503	96.416	-45.5366
6588.867714	96.404	-45.9458
6589.233925	96.392	-46.3262
6589.600135	96.383	-46.7080
6589.966346	96.374	-47.0991
6590.332557	96.364	-47.4956
6590.698768	96.352	-47.9014
6591.064979	96.336	-48.2769
6591.431190	96.327	-48.6108
6591.797401	96.325	-48.9888
6592.163612	96.316	-49.4233
6592.529823	96.299	-49.8096
6592.896034	96.291	-50.1494
6593.262245	96.289	-50.5527
6593.628456	96.276	-50.9868
6593.994667	96.259	-51.3540
6594.360878	96.250	-51.6982
6594.727089	96.244	-52.0732
6595.093300	96.239	-52.4580
6595.459511	96.233	-52.8770
6595.825722	96.217	-53.3091
6596.191933	96.198	-53.6455
6596.558144	96.195	-53.9468
6596.924355	96.199	-54.3706
6597.290566	96.184	-54.8281
6597.656777	96.165	-55.1631
6598.022988	96.165	-55.4946
6598.389199	96.162	-55.9424
6598.755410	96.143	-56.3696
6599.121621	96.127	-56.7007
6599.487832	96.121	-57.0527
6599.854043	96.112	-57.4502
6600.220254	96.099	-57.8228
6600.586464	96.090	-58.1748
6600.952675	96.085	-58.5415
6601.318886	96.081	-58.9507
6601.685097	96.070	-59.3901
6602.051308	96.051	-59.7764
6602.417519	96.041	-60.1221
6602.783730	96.035	-60.5264
6603.149941	96.019	-60.9297
6603.516152	96.006	-61.2715
6603.882363	96.001	-61.6450
6604.248574	95.990	-62.0410
6604.614785	95.981	-62.3940
6604.980996	95.979	-62.7939
6605.347207	95.967	-63.2412
6605.713418	95.947	-63.6006
6606.079629	95.942	-63.9141
6606.445840	95.942	-64.3091
6606.812051	95.932	-64.7280
6607.178262	95.921	-65.0894
6607.544473	95.918	-65.4668
6607.910684	95.911	-65.9106
6608.276895	95.892	-66.3159
6608.643106	95.879	-66.6470
6609.009317	95.874	-67.0161
6609.375528	95.862	-67.4233
6609.741739	95.846	-67.7666
6610.107950	95.841	-68.0928
6610.474161	95.838	-68.4878
6610.840372	95.828	-68.9014
6611.206583	95.814	-69.2837
6611.572794	95.802	-69.6484
6611.939004	95.792	-70.0015
6612.305215	95.787	-70.3638
6612.671426	95.782	-70.7671
6613.037637	95.771	-71.1914
6613.403848	95.755	-71.5791
6613.770059	95.744	-71.9277
6614.136270	95.738	-72.3105
6614.502481	95.725	-72.7231
6614.868692	95.708	-73.0757
6615.234903	95.702	-73.3965
6615.601114	95.700	-73.7759
6615.967325	95.692	-74.1768
6616.333536	95.684	-74.5635
6616.699747	95.674	-74.9668
6617.065958	95.660	-75.3511
6617.432169	95.648	-75.6899
6617.798380	95.642	-76.0396
6618.164591	95.635	-76.4126
6618.530802	95.628	-76.7852
6618.897013	95.622	-77.1709
6619.263224	95.614	-77.5796
6619.629435	95.599	-77.9858
6619.995646	95.581	-78.3389
6620.361857	95.570	-78.6372
6620.728068	95.570	-78.9673
6621.094279	95.570	-79.3638
6621.460490	95.564	-79.7842
6621.826701	95.553	-80.2192
6622.192912	95.532	-80.6162
6622.559123	95.516	-80.9136
6622.925333	95.517	-81.2295
6623.291544	95.517	-81.6528
6623.657755	95.504	-82.0645
6624.023966	95.494	-82.4253
6624.390177	95.486	-82.8218
6624.756388	95.470	-83.2017
6625.122599	95.460	-83.5142
6625.488810	95.460	-83.8633
6625.855021	95.456	-84.2749
6626.221232	95.445	-84.6660
6626.587443	95.436	-85.0337
6626.953654	95.428	-85.4170
6627.319865	95.416	-85.7993
6627.686076	95.404	-86.1538
6628.052287	95.397	-86.4917
6628.418498	95.394	-86.8643
6628.784709	95.384	-87.2769
6629.150920	95.367	-87.6401
6629.517131	95.359	-87.9473
6629.883342	95.361	-88.3105
6630.249553	95.355	-88.7393
6630.615764	95.340	-89.1372
6630.981975	95.326	-89.4819
6631.348186	95.319	-89.8052
6631.714397	95.321	-90.1670
6632.080608	95.319	-90.6265
6632.446819	95.297	-91.0776
6632.813030	95.273	-91.3779
6633.179241	95.273	-91.6489
6633.545452	95.278	-92.0679
6633.911663	95.262	-92.5190
6634.277873	95.243	-92.8428
6634.644084	95.242	-93.1484
6635.010295	95.242	-93.5586
6635.376506	95.229	-93.9648
6635.742717	95.220	-94.3052
6636.108928	95.219	-94.6948
6636.475139	95.208	-95.1274
6636.841350	95.192	-95.4932
6637.207561	95.184	-95.8433
6637.573772	95.175	-96.2339
6637.939983	95.162	-96.5923
6638.306194	95.157	-96.9468
6638.672405	95.149	-97.3506
6639.038616	95.135	-97.7236
6639.404827	95.128	-98.0708
6639.771038	95.121	-98.4731
6640.137249	95.104	-98.8599
6640.503460	95.091	-99.1743
6640.869671	95.088	-99.4966
6641.235882	95.087	-99.8745
6641.602093	95.081	-100.2822
6641.968304	95.069	-100.6665
6642.334515	95.062	-101.0005
6642.700726	95.064	-101.3848
6643.066937	95.056	-101.8599
6643.433148	95.029	-102.2515
6643.799359	95.013	-102.5063
6644.165570	95.018	-102.8091
6644.531781	95.020	-103.2212
6644.897992	95.011	-103.6343
6645.264203	95.000	-104.0161
6645.630413	94.990	-104.3892
6645.996624	94.980	-104.7520
6646.362835	94.972	-105.1230
6646.729046	94.962	-105.5146
6647.095257	94.945	-105.8828
6647.461468	94.930	-106.1797
6647.827679	94.930	-106.4556
6648.193890	94.939	-106.8325
6648.560101	94.936	-107.3115
6648.926312	94.916	-107.7373
6649.292523	94.898	-108.0498
6649.658734	94.895	-108.3623
6650.024945	94.895	-108.7446
6650.391156	94.887	-109.1465
6650.757367	94.877	-109.5142
6651.123578	94.871	-109.8579
6651.489789	94.871	-110.2368
6651.856000	94.866	-110.6714
6652.222211	94.849	-111.0879
6652.588422	94.831	-111.4243
6652.954633	94.824	-111.7222
6653.320844	94.825	-112.0635
6653.687055	94.823	-112.4668
6654.053266	94.811	-112.8638
6654.419477	94.801	-113.2124
6654.785688	94.795	-113.5728
6655.151899	94.783	-113.9512
6655.518110	94.771	-114.2612
6655.884321	94.773	-114.5728
6656.250532	94.774	-114.9985
6656.616742	94.758	-115.4033
6656.982953	94.748	-115.7095
6657.349164	94.751	-116.1001
6657.715375	94.734	-116.5483
6658.081586	94.713	-116.8472
6658.447797	94.715	-117.1304
6658.814008	94.716	-117.5635
6659.180219	94.697	-117.9604
6659.546430	94.689	-118.2588
6659.912641	94.691	-118.6396
6660.278852	94.680	-119.0752
6660.645063	94.664	-119.4370
6661.011274	94.654	-119.7720
6661.377485	94.646	-120.1230
6661.743696	94.639	-120.4653
6662.109907	94.634	-120.8149
6662.476118	94.630	-121.1792
6662.842329	94.627	-121.5591
6663.208540	94.620	-121.9590
6663.574751	94.608	-122.3291
6663.940962	94.601	-122.6650
6664.307173	94.599	-123.0430
6664.673384	94.588	-123.4336
6665.039595	94.578	-123.7612
6665.405806	94.579	-124.0986
6665.772017	94.579	-124.5269
6666.138228	94.565	-124.9536
6666.504439	94.549	-125.3003
6666.870650	94.542	-125.6323
6667.236861	94.535	-125.9951
6667.603072	94.526	-126.3525
6667.969282	94.518	-126.6899
6668.335493	94.514	-127.0264
6668.701704	94.512	-127.3823
6669.067915	94.510	-127.7759
6669.434126	94.501	-128.1836
6669.800337	94.486	-128.5479
6670.166548	94.476	-128.8560
6670.532759	94.476	-129.1729
6670.898970	94.479	-129.5674
6671.265181	94.471	-130.0034
6671.631392	94.454	-130.3745
6671.997603	94.445	-130.6860
6672.363814	94.445	-131.0454
6672.730025	94.437	-131.4507
6673.096236	94.423	-131.8174
6673.462447	94.412	-132.1455
6673.828658	94.404	-132.4653
6674.194869	94.401	-132.7793
6674.561080	94.403	-133.1313
6674.927291	94.400	-133.5298
6675.293502	94.390	-133.9009
6675.659713	94.386	-134.2524
6676.025924	94.382	-134.6475
6676.392135	94.370	-135.0308
6676.758346	94.361	-135.3599
6677.124557	94.359	-135.7178
6677.490768	94.351	-136.1167
6677.856979	94.337	-136.4683
6678.223190	94.331	-136.7812
6678.589401	94.331	-137.1338
6678.955611	94.328	-137.5269
6679.321822	94.320	-137.9146
6679.688033	94.311	-138.2876
6680.054244	94.302	-138.6621
6680.420455	94.290	-139.0264
6680.786666	94.279	-139.3633
6681.152877	94.272	-139.6816
6681.519088	94.269	-140.0088
6681.885299	94.269	-140.3779
6682.251510	94.262	-140.7754
6682.617721	94.250	-141.1328
6682.983932	94.244	-141.4517
6683.350143	94.242	-141.8008
6683.716354	94.236	-142.1616
6684.082565	94.234	-142.5054
6684.448776	94.234	-142.8901
6684.814987	94.226	-143.2979
6685.181198	94.216	-143.6636
6685.547409	94.208	-144.0293
6685.913620	94.196	-144.3931
6686.279831	94.187	-144.7051
6686.646042	94.187	-145.0444
6687.012253	94.181	-145.4375
6687.378464	94.168	-145.7686
6687.744675	94.167	-146.0713
6688.110886	94.169	-146.4595
6688.477097	94.158	-146.8555
6688.843308	94.147	-147.1714
6689.209519	94.148	-147.4868
6689.575730	94.150	-147.8711
6689.941941	94.144	-148.2837
6690.308151	94.131	-148.6494
6690.674362	94.126	-148.9741
6691.040573	94.126	-149.3525
6691.406784	94.114	-149.7666
6691.772995	94.098	-150.0840
6692.139206	94.099	-150.3765
6692.505417	94.102	-150.7856
6692.871628	94.089	-151.1992
6693.237839	94.078	-151.5303
6693.604050	94.072	-151.8857
6693.970261	94.061	-152.2354
6694.336472	94.057	-152.5254
6694.702683	94.064	-152.8955
6695.068894	94.056	-153.3364
6695.435105	94.040	-153.6792
6695.801316	94.037	-153.9829
6696.167527	94.037	-154.3511
6696.533738	94.033	-154.7212
6696.899949	94.031	-155.0962
6697.266160	94.022	-155.4951
6697.632371	94.009	-155.8271
6697.998582	94.009	-156.1250
6698.364793	94.015	-156.5166
6698.731004	94.006	-156.9414
6699.097215	93.992	-157.2812
6699.463426	93.989	-157.5903
6699.829637	93.990	-157.9619
6700.195848	93.983	-158.3604
6700.562059	93.971	-158.7104
6700.928270	93.964	-159.0342
6701.294481	93.959	-159.3730
6701.660691	93.953	-159.7012
6702.026902	93.951	-160.0186
6702.393113	93.954	-160.3813
6702.759324	93.948	-160.7827
6703.125535	93.935	-161.1396
6703.491746	93.928	-161.4302
6703.857957	93.934	-161.7578
6704.224168	93.935	-162.1880
6704.590379	93.920	-162.5884
6704.956590	93.910	-162.8799
6705.322801	93.916	-163.2217
6705.689012	93.913	-163.6631
6706.055223	93.897	-164.0386
6706.421434	93.891	-164.3550
6706.787645	93.890	-164.7378
6707.153856	93.879	-165.1299
6707.520067	93.867	-165.4521
6707.886278	93.864	-165.7646
6708.252489	93.864	-166.1147
6708.618700	93.861	-166.4785
6708.984911	93.859	-166.8447
6709.351122	93.854	-167.2207
6709.717333	93.847	-167.5811
6710.083544	93.843	-167.9097
6710.449755	93.845	-168.2739
6710.815966	93.838	-168.6895
6711.182177	93.823	-169.0420
6711.548388	93.816	-169.3325
6711.914599	93.816	-169.6616
6712.280810	93.814	-169.9976
6712.647020	93.819	-170.3525
6713.013231	93.816	-170.7930
6713.379442	93.797	-171.1665
6713.745653	93.792	-171.4346
6714.111864	93.799	-171.8247
6714.478075	93.783	-172.2588
6714.844286	93.766	-172.5239
6715.210497	93.775	-172.8247
6715.576708	93.771	-173.2637
6715.942919	93.753	-173.5815
6716.309130	93.759	-173.8398
6716.675341	93.769	-174.2725
6717.041552	93.753	-174.7017
6717.407763	93.742	-174.9839
6717.773974	93.748	-175.3125
6718.140185	93.747	-175.7134
6718.506396	93.742	-176.0776
6718.872607	93.740	-176.4771
6719.238818	93.724	-176.8813
6719.605029	93.707	-177.1426
6719.971240	93.716	-177.3950
6720.337451	93.726	-177.8203
6720.703662	93.711	-178.2466
6721.069873	93.699	-178.5234
6721.436084	93.708	-178.8438
6721.802295	93.708	-179.2988
6722.168506	93.687	-179.6787
6722.534717	93.679	-179.9434
6722.900928	93.685	179.7090
6723.267139	93.677	179.2925
6723.633350	93.661	178.9775
6723.999560	93.662	178.7075
6724.365771	93.671	178.3301
6724.731982	93.667	177.8945
6725.098193	93.655	177.5020
6725.464404	93.643	177.1479
6725.830615	93.631	176.8301
6726.196826	93.628	176.5498
6726.563037	93.635	176.2207
6726.929248	93.635	175.8169
6727.295459	93.626	175.4590
6727.661670	93.627	175.1553
6728.027881	93.635	174.7666
6728.394092	93.628	174.3379
6728.760303	93.617	174.0103
6729.126514	93.621	173.6909
6729.492725	93.622	173.2783
6729.858936	93.610	172.8994
6730.225147	93.605	172.5835
6730.591358	93.604	172.2070
6730.957569	93.589	171.8379
6731.323780	93.579	171.5806
6731.689991	93.588	171.2871
6732.056202	93.590	170.8789
6732.422413	93.578	170.5151
6732.788624	93.575	170.2241
6733.154835	93.582	169.8594
6733.521046	93.577	169.4326
6733.887257	93.562	169.0732
6734.253468	93.555	168.7666
6734.619679	93.555	168.4224
6734.985889	93.549	168.0562
6735.352100	93.543	167.7227
6735.718311	93.542	167.3945
6736.084522	93.544	167.0220
6736.450733	93.540	166.6191
6736.816944	93.529	166.2446
6737.183155	93.521	165.9229
6737.549366	93.520	165.6016
6737.915577	93.518	165.2363
6738.281788	93.510	164.8989
6738.647999	93.512	164.6104
6739.014210	93.522	164.2354
6739.380421	93.517	163.7988
6739.746632	93.503	163.4810
6740.112843	93.509	163.1924
6740.479054	93.516	162.7715
6740.845265	93.504	162.3755
6741.211476	93.499	162.0859
6741.577687	93.507	161.7144
6741.943898	93.498	161.2910
6742.310109	93.486	160.9790
6742.676320	93.491	160.6646
6743.042531	93.490	160.2544
6743.408742	93.478	159.8887
6743.774953	93.473	159.5850
6744.141164	93.474	159.2324
6744.507375	93.468	158.8682
6744.873586	93.462	158.5439
6745.239797	93.462	158.2051
6745.606008	93.458	157.8501
6745.972219	93.455	157.5195
6746.338429	93.457	157.1743
6746.704640	93.456	156.7837
6747.070851	93.447	156.4028
6747.437062	93.438	156.0713
6747.803273	93.432	155.7646
6748.169484	93.433	155.4575
6748.535695	93.438	155.1177
6748.901906	93.441	154.7173
6749.268117	93.434	154.3032
6749.634328	93.421	153.9482
6750.000539	93.413	153.6426
6750.366750	93.413	153.3364
6750.732961	93.417	152.9897
6751.099172	93.417	152.5869
6751.465383	93.406	152.2046
6751.831594	93.399	151.9131
6752.197805	93.407	151.5972
6752.564016	93.412	151.1616
6752.930227	93.399	150.7412
6753.296438	93.387	150.4282
6753.662649	93.388	150.1157
6754.028860	93.388	149.7534
6754.395071	93.383	149.4033
6754.761282	93.381	149.0830
6755.127493	93.386	148.7490
6755.493704	93.391	148.3599
6755.859915	93.385	147.9512
6756.226126	93.374	147.6245
6756.592337	93.377	147.3374
6756.958548	93.386	146.9463
6757.324758	93.378	146.5254
6757.690969	93.366	146.2236
6758.057180	93.371	145.9316
6758.423391	93.377	145.5283
6758.789602	93.366	145.1343
6759.155813	93.358	144.8281
6759.522024	93.360	144.5044
6759.888235	93.358	144.1338
6760.254446	93.351	143.7915
6760.620657	93.348	143.4780
6760.986868	93.350	143.1396
6761.353079	93.350	142.7725
6761.719290	93.348	142.4019
6762.085501	93.343	142.0366
6762.451712	93.336	141.6899
6762.817923	93.333	141.3662
6763.184134	93.334	141.0259
6763.550345	93.333	140.6455
6763.916556	93.326	140.2827
6764.282767	93.322	139.9619
6764.648978	93.323	139.6279
6765.015189	93.323	139.2681
6765.381400	93.322	138.9077
6765.747611	93.319	138.5376
6766.113822	93.313	138.1865
6766.480033	93.311	137.8706
6766.846244	93.314	137.5171
6767.212455	93.310	137.1382
6767.578666	93.304	136.8115
6767.944877	93.305	136.4858
6768.311088	93.303	136.1216
6768.677298	93.298	135.7935
6769.043509	93.300	135.4810
6769.409720	93.303	135.1235
6769.775931	93.303	134.7690
6770.142142	93.306	134.4077
6770.508353	93.305	133.9985
6770.874564	93.294	133.6328
6771.240775	93.290	133.3320
6771.606986	93.295	132.9771
6771.973197	93.291	132.5791
6772.339408	93.282	132.2295
6772.705619	93.279	131.9028
6773.071830	93.277	131.5649
6773.438041	93.276	131.2178
6773.804252	93.273	130.8545
6774.170463	93.266	130.5239
6774.536674	93.267	130.2339
6774.902885	93.276	129.8813
6775.269096	93.276	129.4731
6775.635307	93.269	129.1104
6776.001518	93.266	128.7695
6776.367729	93.263	128.4131
6776.733940	93.260	128.0776
6777.100151	93.260	127.7349
6777.466362	93.257	127.3608
6777.832573	93.248	127.0259
6778.198784	93.245	126.7441
6778.564995	93.251	126.4448
6778.931206	93.261	126.0811
6779.297417	93.263	125.6621
6779.663628	93.253	125.2646
6780.029838	93.242	124.9458
6780.396049	93.241	124.6631
6780.762260	93.247	124.3540
6781.128471	93.255	123.9854
6781.494682	93.254	123.5718
6781.860893	93.244	123.2139
6782.227104	93.243	122.9287
6782.593315	93.253	122.5825
6782.959526	93.254	122.1577
6783.325737	93.245	121.7842
6783.691948	93.241	121.4648
6784.058159	93.242	121.1143
6784.424370	93.239	120.7495
6784.790581	93.236	120.4136
6785.156792	93.236	120.0791
6785.523003	93.236	119.7217
6785.889214	93.234	119.3667
6786.255425	93.232	119.0308
6786.621636	93.233	118.6851
6786.987847	93.232	118.3286
6787.354058	93.231	117.9971
6787.720269	93.236	117.6504
6788.086480	93.237	117.2480
6788.452691	93.228	116.8779
6788.818902	93.225	116.5737
6789.185113	93.231	116.2295
6789.551324	93.229	115.8408
6789.917535	93.224	115.5034
6790.283746	93.227	115.1738
6790.649957	93.228	114.7866
6791.016167	93.219	114.4307
6791.382378	93.217	114.1436
6791.748589	93.225	113.8149
6792.114800	93.227	113.4155
6792.481011	93.218	113.0562
6792.847222	93.214	112.7749
6793.213433	93.223	112.4683
6793.579644	93.230	112.0732
6793.945855	93.224	111.6885
6794.312066	93.219	111.3794
6794.678277	93.224	111.0464
6795.044488	93.223	110.6636
6795.410699	93.215	110.3530
6795.776910	93.224	110.0596
6796.143121	93.233	109.6294
6796.509332	93.216	109.2061
6796.875543	93.201	108.9702
6797.241754	93.215	108.7217
6797.607965	93.227	108.2954
6797.974176	93.216	107.8979
6798.340387	93.213	107.6147
6798.706598	93.223	107.2495
6799.072809	93.217	106.8237
6799.439020	93.204	106.5166
6799.805231	93.210	106.2397
6800.171442	93.218	105.8555
6800.537653	93.214	105.4609
6800.903864	93.208	105.1357
6801.270075	93.210	104.8159
6801.636286	93.215	104.4658
6802.002497	93.218	104.0879
6802.368707	93.215	103.6992
6802.734918	93.208	103.3501
6803.101129	93.205	103.0439
6803.467340	93.209	102.7349
6803.833551	93.216	102.3955
6804.199762	93.223	102.0034
6804.565973	93.218	101.5967
6804.932184	93.207	101.2749
6805.298395	93.211	101.0024
6805.664606	93.222	100.6421
6806.030817	93.221	100.2251
6806.397028	93.212	99.8794
6806.763239	93.210	99.5830
6807.129450	93.214	99.2598
6807.495661	93.217	98.9126
6807.861872	93.219	98.5576
6808.228083	93.218	98.2036
6808.594294	93.217	97.8682
6808.960505	93.218	97.5342
6809.326716	93.219	97.1865
6809.692927	93.218	96.8447
6810.059138	93.218	96.5220
6810.425349	93.221	96.2104
6810.791560	93.230	95.8745
6811.157771	93.236	95.4849
6811.523982	93.234	95.0908
6811.890193	93.229	94.7329
6812.256404	93.225	94.3926
6812.622615	93.220	94.0972
6812.988826	93.228	93.8257
6813.355036	93.243	93.4497
6813.721247	93.240	93.0132
6814.087458	93.229	92.6895
6814.453669	93.234	92.4185
6814.819880	93.246	92.0479
6815.186091	93.244	91.6421
6815.552302	93.238	91.3130
6815.918513	93.242	91.0103
6816.284724	93.251	90.6499
6816.650935	93.253	90.2505
6817.017146	93.249	89.8794
6817.383357	93.247	89.5337
6817.749568	93.245	89.1934
6818.115779	93.245	88.8765
6818.481990	93.251	88.5381
6818.848201	93.252	88.1548
6819.214412	93.246	87.8340
6819.580623	93.254	87.5474
6819.946834	93.266	87.1484
6820.313045	93.258	86.7441
6820.679256	93.253	86.4746
6821.045467	93.268	86.1704
6821.411678	93.277	85.7417
6821.777889	93.272	85.3491
6822.144100	93.271	85.0034
6822.510311	93.268	84.6221
6822.876522	93.258	84.2881
6823.242733	93.256	84.0225
6823.608944	93.265	83.7104
6823.975155	93.268	83.3555
6824.341366	93.270	83.0205
6824.707576	93.276	82.6782
6825.073787	93.280	82.3135
6825.439998	93.282	81.9438
6825.806209	93.282	81.5562
6826.172420	93.275	81.1890
6826.538631	93.270	80.8892
6826.904842	93.277	80.5908
6827.271053	93.287	80.2217
6827.637264	93.289	79.8213
6828.003475	93.285	79.4492
6828.369686	93.283	79.1084
6828.735897	93.283	78.7842
6829.102108	93.287	78.4565
6829.468319	93.293	78.1113
6829.834530	93.299	77.7593
6830.200741	93.306	77.3945
6830.566952	93.311	76.9941
6830.933163	93.308	76.6060
6831.299374	93.305	76.2803
6831.665585	93.311	75.9443
6832.031796	93.313	75.5596
6832.398007	93.308	75.2251
6832.764218	93.313	74.9326
6833.130429	93.323	74.5630
6833.496640	93.319	74.1719
6833.862851	93.313	73.8784
6834.229062	93.320	73.6138
6834.595273	93.334	73.2847
6834.961484	93.346	72.8950
6835.327695	93.349	72.4629
6835.693906	93.337	72.0728
6836.060116	93.329	71.8008
6836.426327	93.340	71.5205
6836.792538	93.349	71.1309
6837.158749	93.346	70.7573
6837.524960	93.348	70.4370
6837.891171	93.354	70.0532
6838.257382	93.346	69.6660
6838.623593	93.340	69.3765
6838.989804	93.345	69.0840
6839.356015	93.351	68.7544
6839.722226	93.361	68.4331
6840.088437	93.375	68.0244
6840.454648	93.370	67.5747
6840.820859	93.358	67.2739
6841.187070	93.370	66.9849
6841.553281	93.378	66.5503
6841.919492	93.364	66.1929
6842.285703	93.368	65.9531
6842.651914	93.387	65.5825
6843.018125	93.385	65.1528
6843.384336	93.381	64.8320
6843.750547	93.388	64.4873
6844.116758	93.386	64.1025
6844.482969	93.382	63.8120
6844.849180	93.394	63.5059
6845.215391	93.401	63.1050
6845.581602	93.397	62.7476
6845.947813	93.401	62.4355
6846.314024	93.407	62.0708
6846.680235	93.406	61.7114
6847.046445	93.407	61.4053
6847.412656	93.416	61.0830
6847.778867	93.425	60.7119
6848.145078	93.428	60.3335
6848.511289	93.429	59.9824
6848.877500	93.435	59.6348
6849.243711	93.440	59.2456
6849.609922	93.435	58.8745
6849.976133	93.434	58.5830
6850.342344	93.446	58.2734
6850.708555	93.455	57.8774
6851.074766	93.452	57.5049
6851.440977	93.454	57.1914
6851.807188	93.462	56.8496
6852.173399	93.466	56.4956
6852.539610	93.473	56.1543
6852.905821	93.481	55.7593
6853.272032	93.477	55.3579
6853.638243	93.470	55.0557
6854.004454	93.478	54.7700
6854.370665	93.488	54.4097
6854.736876	93.491	54.0449
6855.103087	93.495	53.6943
6855.469298	93.498	53.3135
6855.835509	93.495	52.9629
6856.201720	93.497	52.6655
6856.567931	93.509	52.3169
6856.934142	93.512	51.9097
6857.300353	93.507	51.5527
6857.666564	93.508	51.2480
6858.032775	93.516	50.9136
6858.398985	93.520	50.5522
6858.765196	93.523	50.2163
6859.131407	93.531	49.8877
6859.497618	93.541	49.5171
6859.863829	93.546	49.1187
6860.230040	93.546	48.7412
6860.596251	93.546	48.3867
6860.962462	93.547	48.0498
6861.328673	93.551	47.7407
6861.694884	93.564	47.4121
6862.061095	93.575	47.0063
6862.427306	93.574	46.5981
6862.793517	93.570	46.2769
6863.159728	93.579	45.9712
6863.525939	93.590	45.6040
6863.892150	93.596	45.2222
6864.258361	93.602	44.8364
6864.624572	93.602	44.4248
6864.990783	93.591	44.0776
6865.356994	93.591	43.8267
6865.723205	93.607	43.5308
6866.089416	93.619	43.1450
6866.455627	93.624	42.7656
6866.821838	93.630	42.3872
6867.188049	93.628	41.9951
6867.554260	93.622	41.6875
6867.920471	93.631	41.4326
6868.286682	93.651	41.0752
6868.652893	93.657	40.6587
6869.019104	93.659	40.3081
6869.385314	93.669	39.9551
6869.751525	93.674	39.5498
6870.117736	93.673	39.1846
6870.483947	93.677	38.8511
6870.850158	93.681	38.4912
6871.216369	93.683	38.1582
6871.582580	93.694	37.8267
6871.948791	93.701	37.4243
6872.315002	93.696	37.0601
6872.681213	93.698	36.7842
6873.047424	93.712	36.4570
6873.413635	93.719	36.0811
6873.779846	93.725	35.7471
6874.146057	93.737	35.3853
6874.512268	93.743	34.9790
6874.878479	93.743	34.6226
6875.244690	93.750	34.2710
6875.610901	93.753	33.8750
6875.977112	93.748	33.5312
6876.343323	93.751	33.2495
6876.709534	93.765	32.9229
6877.075745	93.776	32.5381
6877.441956	93.780	32.1582
6877.808167	93.784	31.7964
6878.174378	93.788	31.4375
6878.540589	93.793	31.0835
6878.906800	93.799	30.7236
6879.273011	93.802	30.3530
6879.639222	93.803	30.0117
6880.005433	93.811	29.6968
6880.371644	93.823	29.3384
6880.737854	93.829	28.9492
6881.104065	93.832	28.5928
6881.470276	93.839	28.2373
6881.836487	93.845	27.8545
6882.202698	93.846	27.4902
6882.568909	93.848	27.1519
6882.935120	93.853	26.8174
6883.301331	93.861	26.4780
6883.667542	93.870	26.1118
6884.033753	93.874	25.7363
6884.399964	93.877	25.3926
6884.766175	93.886	25.0576
6885.132386	93.896	24.6899
6885.498597	93.903	24.2949
6885.864808	93.906	23.9038
6886.231019	93.907	23.5347
6886.597230	93.909	23.1733
6886.963441	93.909	22.8320
6887.329652	93.916	22.5215
6887.695863	93.931	22.1489
6888.062074	93.933	21.7090
6888.428285	93.923	21.3779
6888.794496	93.932	21.1328
6889.160707	93.954	20.7607
6889.526918	93.958	20.3184
6889.893129	93.956	19.9712
6890.259340	93.964	19.6436
6890.625551	93.972	19.2876
6890.991762	93.983	18.9468
6891.357973	93.999	18.5376
6891.724183	93.998	18.0850
6892.090394	93.990	17.7515
6892.456605	93.998	17.4668
6892.822816	94.010	17.1133
6893.189027	94.019	16.7559
6893.555238	94.032	16.3838
6893.921449	94.038	15.9697
6894.287660	94.038	15.6094
6894.653871	94.046	15.2783
6895.020082	94.055	14.9009
6895.386293	94.058	14.5376
6895.752504	94.065	14.1938
6896.118715	94.072	13.8369
6896.484926	94.082	13.4863
6896.851137	94.093	13.0854
6897.217348	94.090	12.6709
6897.583559	94.087	12.3799
6897.949770	94.105	12.0801
6898.315981	94.118	11.6396
6898.682192	94.113	11.2490
6899.048403	94.117	10.9521
6899.414614	94.130	10.5830
6899.780825	94.131	10.1948
6900.147036	94.133	9.8774
6900.513247	94.142	9.5537
6900.879458	94.153	9.2041
6901.245669	94.166	8.8311
6901.611880	94.172	8.4097
6901.978091	94.168	8.0298
6902.344302	94.170	7.7285
6902.710513	94.183	7.3828
6903.076723	94.190	6.9790
6903.442934	94.189	6.6123
6903.809145	94.192	6.2832
6904.175356	94.199	5.9468
6904.541567	94.208	5.5879
6904.907778	94.214	5.2095
6905.273989	94.218	4.8525
6905.640200	94.228	4.5039
6906.006411	94.238	4.0938
6906.372622	94.235	3.6826
6906.738833	94.231	3.3730
6907.105044	94.242	3.0786
6907.471255	94.258	2.6982
6907.837466	94.264	2.3003
6908.203677	94.270	1.9331
6908.569888	94.279	1.5493
6908.936099	94.284	1.1533
6909.302310	94.287	0.7754
6909.668521	94.291	0.3965
6910.034732	94.290	0.0356
6910.400943	94.292	-0.2686
6910.767154	94.305	-0.5762
6911.133365	94.320	-0.9551
6911.499576	94.328	-1.3540
6911.865787	94.334	-1.7285
6912.231998	94.341	-2.1118
6912.598209	94.342	-2.4946
6912.964420	94.343	-2.8320
6913.330631	94.351	-3.1504
6913.696842	94.364	-3.5024
6914.063053	94.375	-3.9009
6914.429263	94.377	-4.2974
6914.795474	94.379	-4.6274
6915.161685	94.392	-4.9487
6915.527896	94.406	-5.3555
6915.894107	94.408	-5.7603
6916.260318	94.414	-6.0986
6916.626529	94.427	-6.4844
6916.992740	94.429	-6.9043
6917.358951	94.428	-7.2485
6917.725162	94.437	-7.5859
6918.091373	94.444	-7.9565
6918.457584	94.450	-8.2900
6918.823795	94.465	-8.6489
6919.190006	94.473	-9.0659
6919.556217	94.473	-9.4243
6919.922428	94.484	-9.7485
6920.288639	94.499	-10.1426
6920.654850	94.505	-10.5620
6921.021061	94.507	-10.9468
6921.387272	94.510	-11.3086
6921.753483	94.515	-11.6631
6922.119694	94.522	-12.0317
6922.485905	94.526	-12.4033
6922.852116	94.532	-12.7588
6923.218327	94.538	-13.1274
6923.584538	94.541	-13.4849
6923.950749	94.549	-13.8115
6924.316960	94.563	-14.1904
6924.683171	94.566	-14.5991
6925.049382	94.568	-14.9272
6925.415592	94.583	-15.2554
6925.781803	94.597	-15.6772
6926.148014	94.599	-16.0850
6926.514225	94.605	-16.4404
6926.880436	94.614	-16.8271
6927.246647	94.616	-17.2178
6927.612858	94.619	-17.5439
6927.979069	94.633	-17.8594
6928.345280	94.652	-18.2466
6928.711491	94.663	-18.6851
6929.077702	94.668	-19.1079
6929.443913	94.671	-19.5117
6929.810124	94.671	-19.9062
6930.176335	94.669	-20.2446
6930.542546	94.678	-20.5566
6930.908757	94.693	-20.9390
6931.274968	94.698	-21.3438
6931.641179	94.703	-21.6987
6932.007390	94.714	-22.0801
6932.373601	94.719	-22.5015
6932.739812	94.719	-22.8740
6933.106023	94.724	-23.2217
6933.472234	94.729	-23.5781
6933.838445	94.737	-23.9048
6934.204656	94.755	-24.2622
6934.570867	94.767	-24.7051
6934.937078	94.766	-25.1167
6935.303289	94.770	-25.4438
6935.669500	94.785	-25.7910
6936.035711	94.799	-26.2002
6936.401922	94.806	-26.6235
6936.768132	94.808	-27.0205
6937.134343	94.811	-27.3696
6937.500554	94.822	-27.7188
6937.866765	94.833	-28.1191
6938.232976	94.836	-28.5122
6938.599187	94.841	-28.8550
6938.965398	94.852	-29.2114
6939.331609	94.861	-29.5933
6939.697820	94.870	-29.9634
6940.064031	94.881	-30.3511
6940.430242	94.888	-30.7744
6940.796453	94.888	-31.1699
6941.162664	94.890	-31.5093
6941.528875	94.901	-31.8564
6941.895086	94.912	-32.2642
6942.261297	94.914	-32.6763
6942.627508	94.916	-33.0356
6942.993719	94.925	-33.3901
6943.359930	94.934	-33.7764
6943.726141	94.942	-34.1616
6944.092352	94.950	-34.5518
6944.458563	94.955	-34.9341
6944.824774	94.965	-35.2891
6945.190985	94.981	-35.6997
6945.557196	94.984	-36.1450
6945.923407	94.984	-36.4927
6946.289618	95.000	-36.8335
6946.655829	95.013	-37.2769
6947.022040	95.012	-37.6724
6947.388251	95.021	-38.0020
6947.754461	95.036	-38.4141
6948.120672	95.038	-38.8276
6948.486883	95.043	-39.1587
6948.853094	95.058	-39.5322
6949.219305	95.065	-39.9526
6949.585516	95.068	-40.3257
6949.951727	95.075	-40.6860
6950.317938	95.084	-41.0615
6950.684149	95.092	-41.4380
6951.050360	95.098	-41.8267
6951.416571	95.102	-42.1934
6951.782782	95.112	-42.5366
6952.148993	95.126	-42.9248
6952.515204	95.134	-43.3315
6952.881415	95.142	-43.7114
6953.247626	95.153	-44.1152
6953.613837	95.160	-44.5415
6953.980048	95.164	-44.9424
6954.346259	95.170	-45.3418
6954.712470	95.172	-45.7402
6955.078681	95.175	-46.1016
6955.444892	95.183	-46.4546
6955.811103	95.193	-46.8281
6956.177314	95.203	-47.2021
6956.543525	95.215	-47.5884
6956.909736	95.225	-48.0049
6957.275947	95.229	-48.4136
6957.642158	95.231	-48.7729
6958.008369	95.240	-49.1016
6958.374580	95.255	-49.4512
6958.740791	95.271	-49.8413
6959.107001	95.286	-50.2598
6959.473212	95.296	-50.7051
6959.839423	95.298	-51.1499
6960.205634	95.293	-51.5210
6960.571845	95.300	-51.8296
6960.938056	95.318	-52.1943
6961.304267	95.330	-52.6353
6961.670478	95.331	-53.0503
6962.036689	95.334	-53.4072
6962.402900	95.345	-53.7637
6962.769111	95.358	-54.1562
6963.135322	95.368	-54.5879
6963.501533	95.368	-55.0073
6963.867744	95.370	-55.3506
6964.233955	95.385	-55.6924
6964.600166	95.402	-56.1377
6964.966377	95.402	-56.6045
6965.332588	95.397	-56.9795
6965.698799	95.401	-57.3066
6966.065010	95.411	-57.6504
6966.431221	95.425	-58.0161
6966.797432	95.439	-58.4282
6967.163643	95.443	-58.8594
6967.529854	95.444	-59.2217
6967.896065	95.457	-59.5571
6968.262276	95.474	-59.9819
6968.628487	95.476	-60.4321
6968.994698	95.475	-60.7812
6969.360909	95.490	-61.1191
6969.727120	95.506	-61.5586
6970.093331	95.507	-61.9951
6970.459541	95.511	-62.3550
6970.825752	95.524	-62.7466
6971.191963	95.530	-63.1841
6971.558174	95.531	-63.5601
6971.924385	95.542	-63.9111
6972.290596	95.557	-64.3301
6972.656807	95.563	-64.7754
6973.023018	95.564	-65.1870
6973.389229	95.566	-65.5659
6973.755440	95.571	-65.9097
6974.121651	95.587	-66.2676
6974.487862	95.602	-66.7144
6974.854073	95.601	-67.1670
6975.220284	95.597	-67.4995
6975.586495	95.613	-67.8022
6975.952706	95.636	-68.2300
6976.318917	95.643	-68.7173
6976.685128	95.639	-69.1099
6977.051339	95.647	-69.4399
6977.417550	95.665	-69.8398
6977.783761	95.673	-70.2925
6978.149972	95.674	-70.6875
6978.516183	95.683	-71.0518
6978.882394	95.695	-71.4634
6979.248605	95.701	-71.8774
6979.614816	95.710	-72.2666
6979.981027	95.719	-72.6846
6980.347238	95.724	-73.1021
6980.713449	95.729	-73.4873
6981.079660	95.735	-73.8823
6981.445870	95.738	-74.2500
6981.812081	95.751	-74.5869
6982.178292	95.770	-75.0098
6982.544503	95.774	-75.4668
6982.910714	95.775	-75.8218
6983.276925	95.791	-76.1870
6983.643136	95.802	-76.6401
6984.009347	95.800	-77.0303
6984.375558	95.811	-77.3589
6984.741769	95.830	-77.7773
6985.107980	95.835	-78.2300
6985.474191	95.838	-78.6099
6985.840402	95.849	-78.9907
6986.206613	95.859	-79.4214
6986.572824	95.862	-79.8354
6986.939035	95.869	-80.2158
6987.305246	95.880	-80.6211
6987.671457	95.885	-81.0698
6988.037668	95.880	-81.4775
6988.403879	95.881	-81.7686
6988.770090	95.907	-82.0845
6989.136301	95.932	-82.5952
6989.502512	95.926	-83.1128
6989.868723	95.920	-83.4365
6990.234934	95.942	-83.7939
6990.601145	95.952	-84.3149
6990.967356	95.938	-84.7168
6991.333567	95.946	-84.9756
6991.699778	95.973	-85.3730
6992.065989	95.982	-85.8569
6992.432200	95.985	-86.2485
6992.798410	95.997	-86.6543
6993.164621	96.001	-87.1040
6993.530832	96.001	-87.4692
6993.897043	96.014	-87.8081
6994.263254	96.031	-88.2324
6994.629465	96.038	-88.6885
6994.995676	96.039	-89.0952
6995.361887	96.044	-89.4517
6995.728098	96.058	-89.8374
6996.094309	96.066	-90.2803
6996.460520	96.066	-90.6646
6996.826731	96.078	-90.9971
6997.192942	96.096	-91.4360
6997.559153	96.097	-91.8975
6997.925364	96.098	-92.2334
6998.291575	96.118	-92.6064
6998.657786	96.129	-93.0996
6999.023997	96.123	-93.5161
6999.390208	96.129	-93.8354
6999.756419	96.148	-94.2236
7000.122630	96.160	-94.6782
7000.488841	96.165	-95.1104
7000.855052	96.173	-95.5239
7001.221263	96.180	-95.9502
7001.587474	96.185	-96.3799
7001.953685	96.189	-96.7861
7002.319896	96.195	-97.1860
7002.686107	96.200	-97.5928
7003.052318	96.206	-97.9644
7003.418529	96.221	-98.3433
7003.784739	96.235	-98.8066
7004.150950	96.235	-99.2603
7004.517161	96.237	-99.6367
7004.883372	96.246	-100.0312
7005.249583	96.250	-100.4326
7005.615794	96.260	-100.7949
7005.982005	96.276	-101.2207
7006.348216	96.278	-101.6836
7006.714427	96.276	-102.0425
7007.080638	96.291	-102.3901
7007.446849	96.303	-102.8315
7007.813060	96.304	-103.2246
7008.179271	96.319	-103.5522
7008.545482	96.346	-104.0156
7008.911693	96.348	-104.5684
7009.277904	96.335	-104.9629
7009.644115	96.343	-105.2681
7010.010326	96.361	-105.7012
7010.376537	96.361	-106.1558
7010.742748	96.365	-106.5010
7011.108959	96.384	-106.9087
7011.475170	96.390	-107.4062
7011.841381	96.384	-107.7949
7012.207592	96.397	-108.1445
7012.573803	96.410	-108.6011
7012.940014	96.409	-109.0332
7013.306225	96.417	-109.3984
7013.672436	96.430	-109.8286
7014.038647	96.433	-110.2725
7014.404858	96.436	-110.6499
7014.771069	96.447	-111.0459
7015.137279	96.454	-111.4600
7015.503490	96.463	-111.8325
7015.869701	96.480	-112.2378
7016.235912	96.491	-112.7012
7016.602123	96.495	-113.1299
7016.968334	96.504	-113.5322
7017.334545	96.513	-113.9663
7017.700756	96.517	-114.3843
7018.066967	96.525	-114.7627
7018.433178	96.539	-115.1831
7018.799389	96.545	-115.6387
7019.165600	96.546	-116.0352
7019.531811	96.557	-116.4165
7019.898022	96.567	-116.8604
7020.264233	96.568	-117.2720
7020.630444	96.578	-117.6309
7020.996655	96.594	-118.0781
7021.362866	96.594	-118.5596
7021.729077	96.590	-118.9224
7022.095288	96.603	-119.2705
7022.461499	96.617	-119.7173
7022.827710	96.618	-120.1499
7023.193921	96.624	-120.5181
7023.560132	96.638	-120.9146
7023.926343	96.650	-121.3643
7024.292554	96.654	-121.8159
7024.658765	96.656	-122.2261
7025.024976	96.663	-122.6006
7025.391187	96.677	-123.0142
7025.757398	96.686	-123.4795
7026.123608	96.685	-123.9087
7026.489819	96.690	-124.2808
7026.856030	96.702	-124.6660
7027.222241	96.715	-125.0923
7027.588452	96.726	-125.5454
7027.954663	96.732	-126.0068
7028.320874	96.733	-126.4370
7028.687085	96.737	-126.8364
7029.053296	96.745	-127.2490
7029.419507	96.751	-127.6680
7029.785718	96.757	-128.0679
7030.151929	96.767	-128.4800
7030.518140	96.775	-128.9116
7030.884351	96.782	-129.3315
7031.250562	96.789	-129.7461
7031.616773	96.796	-130.1641
7031.982984	96.804	-130.5742
7032.349195	96.813	-130.9888
7032.715406	96.822	-131.4053
7033.081617	96.832	-131.8135
7033.447828	96.845	-132.2451
7033.814039	96.852	-132.7021
7034.180250	96.855	-133.1255
7034.546461	96.864	-133.5098
7034.912672	96.879	-133.9302
7035.278883	96.890	-134.4180
7035.645094	96.887	-134.8945
7036.011305	96.881	-135.2773
7036.377516	96.886	-135.6021
7036.743727	96.902	-135.9619
7037.109938	96.919	-136.3809
7037.476148	96.932	-136.8281
7037.842359	96.942	-137.2856
7038.208570	96.947	-137.7471
7038.574781	96.948	-138.1895
7038.940992	96.950	-138.5913
7039.307203	96.957	-138.9854
7039.673414	96.966	-139.4102
7040.039625	96.971	-139.8335
7040.405836	96.978	-140.2383
7040.772047	96.988	-140.6787
7041.138258	96.990	-141.1343
7041.504469	96.989	-141.5298
7041.870680	96.997	-141.9023
7042.236891	97.008	-142.3159
7042.603102	97.015	-142.7324
7042.969313	97.025	-143.1382
7043.335524	97.037	-143.5825
7043.701735	97.041	-144.0347
7044.067946	97.046	-144.4346
7044.434157	97.058	-144.8452
7044.800368	97.068	-145.3179
7045.166579	97.067	-145.7607
7045.532790	97.072	-146.1382
7045.899001	97.085	-146.5576
7046.265212	97.092	-147.0381
7046.631423	97.088	-147.4668
7046.997634	97.091	-147.8276
7047.363845	97.103	-148.2124
7047.730056	97.114	-148.6416
7048.096267	97.123	-149.0791
7048.462478	97.129	-149.5288
7048.828688	97.130	-149.9673
7049.194899	97.132	-150.3486
7049.561110	97.144	-150.7271
7049.927321	97.158	-151.1724
7050.293532	97.164	-151.6367
7050.659743	97.168	-152.0747
7051.025954	97.171	-152.5054
7051.392165	97.175	-152.9199
7051.758376	97.182	-153.3228
7052.124587	97.190	-153.7534
7052.490798	97.195	-154.1851
7052.857009	97.200	-154.5840
7053.223220	97.211	-154.9893
7053.589431	97.223	-155.4282
7053.955642	97.232	-155.8867
7054.321853	97.237	-156.3433
7054.688064	97.240	-156.7778
7055.054275	97.245	-157.1846
7055.420486	97.255	-157.5889
7055.786697	97.269	-158.0356
7056.152908	97.276	-158.5220
7056.519119	97.275	-158.9756
7056.885330	97.276	-159.3735
7057.251541	97.283	-159.7744
7057.617752	97.289	-160.1890
7057.983963	97.297	-160.5859
7058.350174	97.309	-160.9907
7058.716385	97.320	-161.4326
7059.082596	97.327	-161.8809
7059.448807	97.332	-162.2949
7059.815017	97.344	-162.7090
7060.181228	97.356	-163.1870
7060.547439	97.355	-163.6763
7060.913650	97.349	-164.0737
7061.279861	97.354	-164.4360
7061.646072	97.362	-164.8369
7062.012283	97.369	-165.2129
7062.378494	97.388	-165.6021
7062.744705	97.405	-166.1187
7063.110916	97.400	-166.6333
7063.477127	97.393	-167.0000
7063.843338	97.407	-167.3633
7064.209549	97.421	-167.8384
7064.575760	97.421	-168.3101
7064.941971	97.422	-168.7183
7065.308182	97.429	-169.1338
7065.674393	97.435	-169.5688
7066.040604	97.441	-169.9937
7066.406815	97.448	-170.4258
7066.773026	97.455	-170.8740
7067.139237	97.458	-171.3115
7067.505448	97.462	-171.7217
7067.871659	97.473	-172.1338
7068.237870	97.484	-172.5908
7068.604081	97.490	-173.0723
7068.970292	97.489	-173.5205
7069.336503	97.491	-173.9292
7069.702714	97.497	-174.3389
7070.068925	97.503	-174.7661
7070.435136	97.507	-175.1841
7070.801347	97.514	-175.5757
7071.167557	97.527	-175.9907
7071.533768	97.537	-176.4634
7071.899979	97.536	-176.9106
7072.266190	97.539	-177.2896
7072.632401	97.552	-177.6914
7072.998612	97.562	-178.1426
7073.364823	97.568	-178.5854
7073.731034	97.574	-179.0371
7074.097245	97.574	-179.4790
7074.463456	97.577	-179.8506
7074.829667	97.594	179.7539
7075.195878	97.609	179.2534
7075.562089	97.610	178.7578
7075.928300	97.610	178.3169
7076.294511	97.610	177.8867
7076.660722	97.613	177.4907
7077.026933	97.624	177.0840
7077.393144	97.633	176.5972
7077.759355	97.628	176.1514
7078.125566	97.631	175.7974
7078.491777	97.646	175.3838
7078.857988	97.654	174.9165
7079.224199	97.659	174.4951
7079.590410	97.669	174.0483
7079.956621	97.671	173.5684
7080.322832	97.669	173.1724
7080.689043	97.681	172.7920
7081.055254	97.695	172.3110
7081.421465	97.695	171.8184
7081.787676	97.692	171.4038
7082.153886	97.697	171.0029
7082.520097	97.703	170.5825
7082.886308	97.710	170.1650
7083.252519	97.718	169.7280
7083.618730	97.723	169.2861
7083.984941	97.729	168.8765
7084.351152	97.742	168.4287
7084.717363	97.745	167.9331
7085.083574	97.741	167.5215
7085.449785	97.753	167.1538
7085.815996	97.769	166.6689
7086.182207	97.765	166.1685
7086.548418	97.762	165.7969
7086.914629	97.775	165.4224
7087.280840	97.788	164.9648
7087.647051	97.793	164.5103
7088.013262	97.799	164.0713
7088.379473	97.802	163.6382
7088.745684	97.808	163.2412
7089.111895	97.821	162.8257
7089.478106	97.831	162.3496
7089.844317	97.832	161.8862
7090.210528	97.833	161.4678
7090.576739	97.838	161.0708
7090.942950	97.849	160.6621
7091.309161	97.861	160.1841
7091.675372	97.859	159.6885
7092.041583	97.852	159.3071
7092.407794	97.865	158.9619
7092.774005	97.884	158.4834
7093.140216	97.884	157.9727
7093.506426	97.881	157.5669
7093.872637	97.891	157.1597
7094.238848	97.898	156.6890
7094.605059	97.898	156.2500
7094.971270	97.904	155.8296
7095.337481	97.910	155.3818
7095.703692	97.911	154.9629
7096.069903	97.920	154.5703
7096.436114	97.933	154.1372
7096.802325	97.944	153.6665
7097.168536	97.950	153.1821
7097.534747	97.950	152.7217
7097.900958	97.951	152.3203
7098.267169	97.963	151.9033
7098.633380	97.971	151.4189
7098.999591	97.969	150.9702
7099.365802	97.973	150.5786
7099.732013	97.984	150.1323
7100.098224	97.985	149.6562
7100.464435	97.981	149.2539
7100.830646	97.988	148.8818
7101.196857	98.000	148.4663
7101.563068	98.012	148.0078
7101.929279	98.018	147.5024
7102.295490	98.010	147.0225
7102.661701	98.004	146.6646
7103.027912	98.018	146.3057
7103.394123	98.031	145.8140
7103.760334	98.027	145.3369
7104.126545	98.026	144.9663
7104.492756	98.041	144.5664
7104.858966	98.053	144.0796
7105.225177	98.055	143.5869
7105.591388	98.054	143.1313
7105.957599	98.055	142.7168
7106.323810	98.062	142.2954
7106.690021	98.068	141.8359
7107.056232	98.070	141.4106
7107.422443	98.080	141.0049
7107.788654	98.092	140.5278
7108.154865	98.093	140.0527
7108.521076	98.097	139.6538
7108.887287	98.111	139.2129
7109.253498	98.118	138.7085
7109.619709	98.117	138.2490
7109.985920	98.120	137.8218
7110.352131	98.124	137.3877
7110.718342	98.128	136.9673
7111.084553	98.135	136.5332
7111.450764	98.139	136.0942
7111.816975	98.145	135.6797
7112.183186	98.154	135.2427
7112.549397	98.160	134.7920
7112.915608	98.166	134.3550
7113.281819	98.173	133.8779
7113.648030	98.169	133.4126
7114.014241	98.168	133.0449
7114.380452	98.183	132.6382
7114.746663	98.189	132.1367
7115.112874	98.185	131.7075
7115.479085	98.194	131.3281
7115.845295	98.206	130.8521
7116.211506	98.204	130.3799
7116.577717	98.206	129.9976
7116.943928	98.223	129.5723
7117.310139	98.233	129.0483
7117.676350	98.228	128.5498
7118.042561	98.224	128.1372
7118.408772	98.231	127.7217
7118.774983	98.235	127.2515
7119.141194	98.230	126.8125
7119.507405	98.231	126.4546
7119.873616	98.247	126.0557
7120.239827	98.259	125.5542
7120.606038	98.255	125.0684
7120.972249	98.252	124.6851
7121.338460	98.265	124.3174
7121.704671	98.284	123.8403
7122.070882	98.288	123.2803
7122.437093	98.276	122.8066
7122.803304	98.273	122.4385
7123.169515	98.283	122.0308
7123.535726	98.288	121.5776
7123.901937	98.291	121.1577
7124.268148	98.301	120.7188
7124.634359	98.305	120.2480
7125.000570	98.305	119.8203
7125.366781	98.313	119.4102
7125.732992	98.325	118.9526
7126.099203	98.330	118.4731
7126.465414	98.332	118.0142
7126.831625	98.336	117.5693
7127.197835	98.340	117.1201
7127.564046	98.344	116.6729
7127.930257	98.347	116.2349
7128.296468	98.351	115.7881
7128.662679	98.351	115.3530
7129.028890	98.354	114.9756
7129.395101	98.370	114.5737
7129.761312	98.382	114.0645
7130.127523	98.378	113.5742
7130.493734	98.375	113.1836
7130.859945	98.384	112.7876
7131.226156	98.392	112.3438
7131.592367	98.398	111.9038
7131.958578	98.405	111.4541
7132.324789	98.410	110.9907
7132.691000	98.414	110.5342
7133.057211	98.418	110.0640
7133.423422	98.416	109.5850
7133.789633	98.410	109.1479
7134.155844	98.408	108.7695
7134.522055	98.419	108.3921
7134.888266	98.436	107.9336
7135.254477	98.442	107.3872
7135.620688	98.431	106.8965
7135.986899	98.426	106.5259
7136.353110	98.438	106.1396
7136.719321	98.448	105.6675
7137.085532	98.451	105.2090
7137.451743	98.457	104.7710
7137.817954	98.463	104.2939
7138.184164	98.462	103.8452
7138.550375	98.467	103.4414
7138.916586	98.478	102.9878
7139.282797	98.481	102.5098
7139.649008	98.482	102.0698
7140.015219	98.485	101.6328
7140.381430	98.486	101.2104
7140.747641	98.493	100.8271
7141.113852	98.511	100.3774
7141.480063	98.518	99.8418
7141.846274	98.511	99.3511
7142.212485	98.506	98.9365
7142.578696	98.509	98.5288
7142.944907	98.514	98.1084
7143.311118	98.520	97.6655
7143.677329	98.525	97.2070
7144.043540	98.528	96.7495
7144.409751	98.530	96.2852
7144.775962	98.527	95.8374
7145.142173	98.528	95.4326
7145.508384	98.537	95.0093
7145.874595	98.543	94.5352
7146.240806	98.543	94.0884
7146.607017	98.549	93.6670
7146.973228	98.558	93.1987
7147.339439	98.558	92.7334
7147.705650	98.561	92.3257
7148.071861	98.573	91.8809
7148.438072	98.577	91.3726
7148.804283	98.572	90.9336
7149.170494	98.579	90.5547
7149.536704	98.594	90.0918
7149.902915	98.596	89.5698
7150.269126	98.589	89.1255
7150.635337	98.589	88.7456
7151.001548	98.600	88.3418
7151.367759	98.612	87.8877
7151.733970	98.619	87.3896
7152.100181	98.618	86.8936
7152.466392	98.613	86.4526
7152.832603	98.614	86.0464
7153.198814	98.622	85.6050
7153.565025	98.625	85.1265
7153.931236	98.621	84.6758
7154.297447	98.622	84.2852
7154.663658	98.635	83.8633
7155.029869	98.643	83.3516
7155.396080	98.638	82.8657
7155.762291	98.637	82.4751
7156.128502	98.650	82.0347
7156.494713	98.652	81.5127
7156.860924	98.642	81.0967
7157.227135	98.652	80.7471
7157.593346	98.671	80.2593
7157.959557	98.669	79.7393
7158.325768	98.668	79.3384
7158.691979	98.682	78.8945
7159.058190	98.684	78.3687
7159.424401	98.677	77.9434
7159.790612	98.685	77.5405
7160.156823	98.690	77.0498
7160.523033	98.684	76.6226
7160.889244	98.694	76.2422
7161.255455	98.708	75.7349
7161.621666	98.701	75.2178
7161.987877	98.696	74.8179
7162.354088	98.704	74.3857
7162.720299	98.703	73.8940
7163.086510	98.696	73.4883
7163.452721	98.705	73.1128
7163.818932	98.718	72.6289
7164.185143	98.715	72.1235
7164.551354	98.711	71.7188
7164.917565	98.724	71.3101
7165.283776	98.736	70.7812
7165.649987	98.728	70.2505
7166.016198	98.719	69.8447
7166.382409	98.726	69.4653
7166.748620	98.737	68.9990
7167.114831	98.740	68.5112
7167.481042	98.740	68.0693
7167.847253	98.744	67.6421
7168.213464	98.749	67.1934
7168.579675	98.752	66.7476
7168.945886	98.755	66.3242
7169.312097	98.762	65.8892
7169.678308	98.766	65.4492
7170.044519	98.772	65.0405
7170.410730	98.786	64.5889
7170.776941	98.791	64.0601
7171.143152	98.782	63.5889
7171.509363	98.779	63.2144
7171.875573	98.786	62.8154
7172.241784	98.793	62.3892
7172.607995	98.802	61.9600
7172.974206	98.812	61.4780
7173.340417	98.812	60.9883
7173.706628	98.811	60.5522
7174.072839	98.817	60.1055
7174.439050	98.818	59.6304
7174.805261	98.817	59.1963
7175.171472	98.823	58.7661
7175.537683	98.828	58.2861
7175.903894	98.826	57.8154
7176.270105	98.825	57.3770
7176.636316	98.825	56.9360
7177.002527	98.825	56.5166
7177.368738	98.832	56.1157
7177.734949	98.843	55.6523
7178.101160	98.845	55.1606
7178.467371	98.844	54.7344
7178.833582	98.854	54.3027
7179.199793	98.859	53.7871
7179.566004	98.848	53.3188
7179.932215	98.845	52.9771
7180.298426	98.863	52.6060
7180.664637	98.881	52.0957
7181.030848	98.881	51.5449
7181.397059	98.871	51.0879
7181.763270	98.871	50.7061
7182.129481	98.881	50.2808
7182.495692	98.886	49.7925
7182.861903	98.883	49.3335
7183.228113	98.883	48.9258
7183.594324	98.890	48.4941
7183.960535	98.893	48.0391
7184.326746	98.894	47.6108
7184.692957	98.900	47.1836
7185.059168	98.906	46.7339
7185.425379	98.911	46.2881
7185.791590	98.919	45.8384
7186.157801	98.925	45.3447
7186.524012	98.923	44.8394
7186.890223	98.914	44.3984
7187.256434	98.913	44.0288
7187.622645	98.924	43.6465
7187.988856	98.939	43.1812
7188.355067	98.946	42.6699
7188.721278	98.945	42.1802
7189.087489	98.945	41.7207
7189.453700	98.945	41.2563
7189.819911	98.941	40.8008
7190.186122	98.939	40.3970
7190.552333	98.945	39.9912
7190.918544	98.951	39.5308
7191.284755	98.951	39.0801
7191.650966	98.954	38.6597
7192.017177	98.960	38.2061
7192.383388	98.959	37.7593
7192.749599	98.963	37.3555
7193.115810	98.973	36.9038
7193.482021	98.975	36.4219
7193.848232	98.975	35.9849
7194.214442	98.980	35.5449
7194.580653	98.983	35.0825
7194.946864	98.985	34.6455
7195.313075	98.992	34.1870
7195.679286	98.993	33.6963
7196.045497	98.990	33.2476
7196.411708	98.993	32.8076
7196.777919	98.992	32.3472
7197.144130	98.990	31.9336
7197.510341	98.999	31.5269
7197.876552	99.008	31.0293
7198.242763	99.003	30.5337
7198.608974	98.999	30.1348
7198.975185	99.010	29.7212
7199.341396	99.018	29.2070
7199.707607	99.009	28.7231
7200.073818	99.006	28.3428
7200.440029	99.016	27.9478
7200.806240	99.027	27.4688
7201.172451	99.029	26.9790
7201.538662	99.028	26.5234
7201.904873	99.029	26.0933
7202.271084	99.034	25.6699
7202.637295	99.043	25.2124
7203.003506	99.045	24.7109
7203.369717	99.037	24.2642
7203.735928	99.039	23.8945
7204.102139	99.054	23.4673
7204.468350	99.061	22.9482
7204.834561	99.055	22.4595
7205.200772	99.050	22.0537
7205.566982	99.056	21.6562
7205.933193	99.066	21.2051
7206.299404	99.069	20.7104
7206.665615	99.064	20.2466
7207.031826	99.062	19.8423
7207.398037	99.069	19.4131
7207.764248	99.071	18.9482
7208.130459	99.072	18.5234
7208.496670	99.081	18.0859
7208.862881	99.086	17.5669
7209.229092	99.076	17.0923
7209.595303	99.073	16.7192
7209.961514	99.084	16.3018
7210.327725	99.088	15.8076
7210.693936	99.085	15.3682
7211.060147	99.092	14.9536
7211.426358	99.099	14.4639
7211.792569	99.096	13.9800
7212.158780	99.094	13.5620
7212.524991	99.098	13.1226
7212.891202	99.098	12.6680
7213.257413	99.100	12.2568
7213.623624	99.109	11.8164
7213.989835	99.113	11.3218
7214.356046	99.109	10.8691
7214.722257	99.111	10.4575
7215.088468	99.119	10.0107
7215.454679	99.123	9.5220
7215.820890	99.120	9.0420
7216.187101	99.116	8.6118
7216.553311	99.120	8.2031
7216.919522	99.130	7.7339
7217.285733	99.130	7.2256
7217.651944	99.124	6.7710
7218.018155	99.125	6.3555
7218.384366	99.132	5.8931
7218.750577	99.132	5.3887
7219.116788	99.124	4.9253
7219.482999	99.119	4.5322
7219.849210	99.125	4.1450
7220.215421	99.136	3.7061
7220.581632	99.144	3.2212
7220.947843	99.146	2.7334
7221.314054	99.146	2.2651
7221.680265	99.146	1.8096
7222.046476	99.145	1.3687
7222.412687	99.146	0.9521
7222.778898	99.154	0.5229
7223.145109	99.160	0.0566
7223.511320	99.162	-0.3979
7223.877531	99.167	-0.8379
7224.243742	99.174	-1.3179
7224.609953	99.173	-1.8115
7224.976164	99.169	-2.2593
7225.342375	99.170	-2.6895
7225.708586	99.172	-3.1343
7226.074797	99.172	-3.5771
7226.441008	99.174	-4.0083
7226.807219	99.178	-4.4502
7227.173430	99.183	-4.9243
7227.539641	99.180	-5.4102
7227.905851	99.173	-5.8491
7228.272062	99.173	-6.2344
7228.638273	99.183	-6.6616
7229.004484	99.187	-7.1562
7229.370695	99.184	-7.6147
7229.736906	99.187	-8.0361
7230.103117	99.194	-8.5308
7230.469328	99.186	-9.0215
7230.835539	99.181	-9.4067
7231.201750	99.193	-9.8320
7231.567961	99.197	-10.3540
7231.934172	99.189	-10.8154
7232.300383	99.191	-11.2285
7232.666594	99.196	-11.7002
7233.032805	99.194	-12.1616
7233.399016	99.196	-12.5991
7233.765227	99.198	-13.0786
7234.131438	99.192	-13.5283
7234.497649	99.194	-13.9307
7234.863860	99.201	-14.3818
7235.230071	99.201	-14.8584
7235.596282	99.200	-15.2832
7235.962493	99.207	-15.7056
7236.328704	99.217	-16.1782
7236.694915	99.220	-16.6841
7237.061126	99.216	-17.1729
7237.427337	99.212	-17.6182
7237.793548	99.212	-18.0479
7238.159759	99.214	-18.4863
7238.525970	99.216	-18.9272
7238.892181	99.219	-19.3755
7239.258391	99.220	-19.8257
7239.624602	99.223	-20.2734
7239.990813	99.225	-20.7412
7240.357024	99.223	-21.2041
7240.723235	99.221	-21.6333
7241.089446	99.223	-22.0635
7241.455657	99.226	-22.4976
7241.821868	99.232	-22.9414
7242.188079	99.236	-23.4409
7242.554290	99.227	-23.9170
7242.920501	99.223	-24.2983
7243.286712	99.234	-24.7168
7243.652923	99.239	-25.2153
7244.019134	99.237	-25.6709
7244.385345	99.243	-26.1187
7244.751556	99.245	-26.6387
7245.117767	99.236	-27.1157
7245.483978	99.233	-27.5166
7245.850189	99.240	-27.9614
7246.216400	99.241	-28.4580
7246.582611	99.234	-28.9185
7246.948822	99.230	-29.3223
7247.315033	99.236	-29.7222
7247.681244	99.248	-30.1875
7248.047455	99.250	-30.7075
7248.413666	99.242	-31.1719
7248.779877	99.242	-31.5737
7249.146088	99.249	-32.0332
7249.512299	99.246	-32.5288
7249.878510	99.239	-32.9316
7250.244720	99.249	-33.3169
7250.610931	99.260	-33.8311
7250.977142	99.250	-34.3433
7251.343353	99.242	-34.7129
7251.709564	99.257	-35.1060
7252.075775	99.268	-35.6426
7252.441986	99.259	-36.1636
7252.808197	99.251	-36.5938
7253.174408	99.252	-37.0200
7253.540619	99.254	-37.4756
7253.906830	99.254	-37.9497
7254.273041	99.249	-38.4092
7254.639252	99.246	-38.8257
7255.005463	99.252	-39.2725
7255.371674	99.250	-39.7622
7255.737885	99.243	-40.1826
7256.104096	99.250	-40.5757
7256.470307	99.262	-41.0742
7256.836518	99.258	-41.5991
7257.202729	99.250	-42.0312
7257.568940	99.255	-42.4565
7257.935151	99.257	-42.9434
7258.301362	99.251	-43.4019
7258.667573	99.251	-43.7891
7259.033784	99.265	-44.2241
7259.399995	99.272	-44.7627
7259.766206	99.264	-45.2700
7260.132417	99.258	-45.6914
7260.498628	99.259	-46.1245
7260.864839	99.259	-46.5615
7261.231050	99.263	-46.9927
7261.597260	99.267	-47.4844
7261.963471	99.259	-47.9492
7262.329682	99.260	-48.3359
7262.695893	99.270	-48.8218
7263.062104	99.259	-49.3452
7263.428315	99.246	-49.6968
7263.794526	99.262	-50.0645
7264.160737	99.272	-50.6162
7264.526948	99.256	-51.1025
7264.893159	99.255	-51.4512
7265.259370	99.270	-51.9048
7265.625581	99.271	-52.4604
7265.991792	99.258	-52.9321
7266.358003	99.253	-53.3379
7266.724214	99.254	-53.7637
7267.090425	99.256	-54.1973
7267.456636	99.261	-54.6343
7267.822847	99.266	-55.1191
7268.189058	99.262	-55.6108
7268.555269	99.258	-56.0391
7268.921480	99.262	-56.4702
7269.287691	99.264	-56.9551
7269.653902	99.259	-57.3833
7270.020113	99.268	-57.7861
7270.386324	99.279	-58.3130
7270.752535	99.268	-58.8350
7271.118746	99.261	-59.2173
7271.484957	99.272	-59.6553
7271.851168	99.270	-60.1938
7272.217379	99.254	-60.6113
7272.583589	99.259	-60.9624
7272.949800	99.271	-61.4443
7273.316011	99.265	-61.9526
7273.682222	99.256	-62.3447
7274.048433	99.266	-62.7319
7274.414644	99.277	-63.2354
7274.780855	99.272	-63.7739
7275.147066	99.260	-64.2256
7275.513277	99.257	-64.6245
7275.879488	99.259	-65.0674
7276.245699	99.258	-65.5200
7276.611910	99.259	-65.9473
7276.978121	99.265	-66.4175
7277.344332	99.262	-66.9102
7277.710543	99.260	-67.3560
7278.076754	99.263	-67.8164
7278.442965	99.261	-68.3022
7278.809176	99.259	-68.7461
7279.175387	99.264	-69.2173
7279.541598	99.259	-69.7432
7279.907809	99.244	-70.1782
7280.274020	99.243	-70.5215
7280.640231	99.257	-70.9429
7281.006442	99.263	-71.4434
7281.372653	99.262	-71.9175
7281.738864	99.261	-72.3672
7282.105075	99.261	-72.8022
7282.471286	99.267	-73.2305
7282.837497	99.276	-73.7310
7283.203708	99.269	-74.2646
7283.569919	99.254	-74.6851
7283.936129	99.256	-75.0479
7284.302340	99.265	-75.5005
7284.668551	99.264	-75.9814
7285.034762	99.263	-76.4233
7285.400973	99.264	-76.8965
7285.767184	99.257	-77.3726
7286.133395	99.250	-77.7812
7286.499606	99.254	-78.1968
7286.865817	99.257	-78.6699
7287.232028	99.256	-79.1401
7287.598239	99.257	-79.6211
7287.964450	99.250	-80.1362
7288.330661	99.234	-80.5830
7288.696872	99.228	-80.9248
7289.063083	99.242	-81.3232
7289.429294	99.251	-81.8540
7289.795505	99.242	-82.3657
7290.161716	99.237	-82.7798
7290.527927	99.243	-83.2266
7290.894138	99.242	-83.7383
7291.260349	99.232	-84.1816
7291.626560	99.234	-84.5684
7291.992771	99.245	-85.0308
7292.358982	99.245	-85.5601
7292.725193	99.234	-86.0171
7293.091404	99.234	-86.3994
7293.457615	99.246	-86.8594
7293.823826	99.244	-87.4131
7294.190037	99.226	-87.8604
7294.556248	99.225	-88.1943
7294.922458	99.240	-88.6372
7295.288669	99.239	-89.1685
7295.654880	99.229	-89.6021
7296.021091	99.232	-90.0020
7296.387302	99.237	-90.4746
7296.753513	99.234	-90.9531
7297.119724	99.231	-91.4136
7297.485935	99.224	-91.8711
7297.852146	99.219	-92.2695
7298.218357	99.226	-92.6729
7298.584568	99.233	-93.1836
7298.950779	99.224	-93.6768
7299.316990	99.219	-94.0840
7299.683201	99.224	-94.5400
7300.049412	99.219	-95.0410
7300.415623	99.210	-95.4512
7300.781834	99.215	-95.8555
7301.148045	99.220	-96.3496
7301.514256	99.213	-96.8164
7301.880467	99.215	-97.2305
7302.246678	99.222	-97.7246
7302.612889	99.215	-98.2402
7302.979100	99.205	-98.6719
7303.345311	99.206	-99.0869
7303.711522	99.209	-99.5449
7304.077733	99.210	-100.0166
7304.443944	99.208	-100.5039
7304.810155	99.199	-100.9531
7305.176366	99.200	-101.3516
7305.542577	99.209	-101.8320
7305.908788	99.201	-102.3633
7306.274998	99.186	-102.7676
7306.641209	99.191	-103.1172
7307.007420	99.203	-103.5898
7307.373631	99.200	-104.1035
7307.739842	99.194	-104.5283
7308.106053	99.200	-104.9629
7308.472264	99.201	-105.4795
7308.838475	99.188	-105.9531
7309.204686	99.179	-106.3252
7309.570897	99.187	-106.7148
7309.937108	99.193	-107.1904
7310.303319	99.189	-107.6641
7310.669530	99.187	-108.1006
7311.035741	99.187	-108.5430
7311.401952	99.188	-108.9941
7311.768163	99.190	-109.4688
7312.134374	99.186	-109.9697
7312.500585	99.177	-110.4199
7312.866796	99.177	-110.8457
7313.233007	99.177	-111.3398
7313.599218	99.165	-111.8203
7313.965429	99.158	-112.2129
7314.331640	99.163	-112.6406
7314.697851	99.162	-113.1406
7315.064062	99.152	-113.5820
7315.430273	99.153	-113.9766
7315.796484	99.162	-114.4336
7316.162695	99.165	-114.9531
7316.528906	99.159	-115.4688
7316.895117	99.148	-115.9355
7317.261328	99.142	-116.3447
7317.627538	99.146	-116.7646
7317.993749	99.151	-117.2471
7318.359960	99.149	-117.7490
7318.726171	99.143	-118.2246
7319.092382	99.137	-118.6904
7319.458593	99.130	-119.1533
7319.824804	99.120	-119.5820
7320.191015	99.116	-119.9727
7320.557226	99.118	-120.3848
7320.923437	99.120	-120.8379
7321.289648	99.118	-121.2734
7321.655859	99.122	-121.7080
7322.022070	99.124	-122.2090
7322.388281	99.113	-122.6943
7322.754492	99.104	-123.0781
7323.120703	99.110	-123.4697
7323.486914	99.116	-123.9385
7323.853125	99.117	-124.3994
7324.219336	99.123	-124.8643
7324.585547	99.126	-125.3926
7324.951758	99.116	-125.9082
7325.317969	99.106	-126.3438
7325.684180	99.107	-126.7695
7326.050391	99.107	-127.2529
7326.416602	99.100	-127.7305
7326.782813	99.094	-128.1572
7327.149024	99.096	-128.5986
7327.515235	99.092	-129.0791
7327.881446	99.083	-129.5068
7328.247657	99.084	-129.8945
7328.613867	99.092	-130.3555
7328.980078	99.091	-130.8711
7329.346289	99.079	-131.3389
7329.712500	99.070	-131.7334
7330.078711	99.073	-132.1172
7330.444922	99.081	-132.5781
7330.811133	99.078	-133.0781
7331.177344	99.071	-133.5186
7331.543555	99.073	-133.9609
7331.909766	99.071	-134.4561
7332.275977	99.063	-134.9082
7332.642188	99.062	-135.3369
7333.008399	99.062	-135.8271
7333.374610	99.051	-136.2852
7333.740821	99.050	-136.6875
7334.107032	99.056	-137.1689
7334.473243	99.048	-137.6846
7334.839454	99.036	-138.0977
7335.205665	99.040	-138.4932
7335.571876	99.046	-138.9785
7335.938087	99.040	-139.4609
7336.304298	99.039	-139.8906
7336.670509	99.044	-140.3711
7337.036720	99.039	-140.8887
7337.402931	99.027	-141.3281
7337.769142	99.028	-141.7412
7338.135353	99.029	-142.2207
7338.501564	99.020	-142.6885
7338.867775	99.014	-143.0977
7339.233986	99.015	-143.5283
7339.600197	99.012	-143.9658
7339.966407	99.013	-144.3887
7340.332618	99.017	-144.8574
7340.698829	99.012	-145.3320
7341.065040	99.010	-145.7637
7341.431251	99.012	-146.2422
7341.797462	99.003	-146.7451
7342.163673	98.991	-147.1592
7342.529884	98.992	-147.5684
7342.896095	98.990	-148.0312
7343.262306	98.986	-148.4580
7343.628517	98.992	-148.9092
7343.994728	98.989	-149.4434
7344.360939	98.973	-149.8906
7344.727150	98.973	-150.2646
7345.093361	98.982	-150.7559
7345.459572	98.973	-151.2822
7345.825783	98.962	-151.7031
7346.191994	98.963	-152.1250
7346.558205	98.964	-152.6074
7346.924416	98.960	-153.0850
7347.290627	98.954	-153.5674
7347.656838	98.942	-154.0225
7348.023049	98.935	-154.4014
7348.389260	98.944	-154.8242
7348.755471	98.945	-155.3447
7349.121682	98.933	-155.8145
7349.487893	98.929	-156.2070
7349.854104	98.935	-156.6582
7350.220315	98.932	-157.1523
7350.586526	98.926	-157.6025
7350.952736	98.923	-158.0371
7351.318947	98.921	-158.4697
7351.685158	98.925	-158.9111
7352.051369	98.926	-159.4062
7352.417580	98.918	-159.8721
7352.783791	98.918	-160.2734
7353.150002	98.926	-160.7656
7353.516213	98.916	-161.3057
7353.882424	98.900	-161.7041
7354.248635	98.905	-162.0840
7354.614846	98.909	-162.5840
7354.981057	98.899	-163.0527
7355.347268	98.896	-163.4561
7355.713479	98.897	-163.9248
7356.079690	98.889	-164.3984
7356.445901	98.881	-164.8115
7356.812112	98.880	-165.2549
7357.178323	98.871	-165.7100
7357.544534	98.862	-166.0820
7357.910745	98.869	-166.4551
7358.276956	98.879	-166.9502
7358.643167	98.873	-167.4707
7359.009378	98.864	-167.8965
7359.375589	98.869	-168.3301
7359.741800	98.871	-168.8672
7360.108011	98.856	-169.3926
7360.474222	98.841	-169.8164
7360.840433	98.837	-170.2217
7361.206644	98.838	-170.6680
7361.572855	98.836	-171.1572
7361.939066	98.824	-171.6396
7362.305276	98.811	-172.0225
7362.671487	98.819	-172.3760
7363.037698	98.835	-172.8848
7363.403909	98.827	-173.4580
7363.770120	98.811	-173.8926
7364.136331	98.813	-174.2969
7364.502542	98.814	-174.8037
7364.868753	98.802	-175.2891
7365.234964	98.794	-175.6953
7365.601175	98.792	-176.1270
7365.967386	98.788	-176.5713
7366.333597	98.787	-177.0029
7366.699808	98.786	-177.4775
7367.066019	98.776	-177.9268
7367.432230	98.775	-178.3213
7367.798441	98.781	-178.7959
7368.164652	98.774	-179.3271
7368.530863	98.759	-179.7676
7368.897074	98.754	179.8184
7369.263285	98.749	179.3721
7369.629496	98.744	178.9590
7369.995707	98.747	178.5205
7370.361918	98.744	178.0195
7370.728129	98.733	177.5791
7371.094340	98.732	177.1807
7371.460551	98.737	176.7090
7371.826762	98.732	176.2197
7372.192973	98.727	175.7725
7372.559184	98.727	175.3076
7372.925395	98.722	174.8203
7373.291606	98.713	174.3535
7373.657816	98.704	173.9121
7374.024027	98.697	173.4932
7374.390238	98.695	173.0928
7374.756449	98.700	172.6533
7375.122660	98.701	172.1406
7375.488871	98.686	171.6475
7375.855082	98.672	171.2637
7376.221293	98.675	170.8994
7376.587504	98.684	170.4404
7376.953715	98.683	169.9336
7377.319926	98.676	169.4434
7377.686137	98.667	168.9600
7378.052348	98.652	168.5088
7378.418559	98.641	168.1191
7378.784770	98.641	167.7334
7379.150981	98.644	167.2949
7379.517192	98.643	166.8281
7379.883403	98.640	166.3701
7380.249614	98.639	165.8936
7380.615825	98.632	165.3936
7380.982036	98.617	164.9561
7381.348247	98.614	164.5752
7381.714458	98.621	164.1201
7382.080669	98.616	163.6123
7382.446880	98.607	163.1719
7382.813091	98.607	162.7256
7383.179302	98.600	162.2285
7383.545513	98.586	161.8096
7383.911724	98.588	161.4277
7384.277935	98.593	160.9385
7384.644145	98.583	160.4395
7385.010356	98.574	160.0215
7385.376567	98.573	159.5791
7385.742778	98.565	159.1221
7386.108989	98.561	158.7227
7386.475200	98.566	158.2666
7386.841411	98.560	157.7402
7387.207622	98.543	157.3047
7387.573833	98.539	156.9150
7387.940044	98.538	156.4600
7388.306255	98.529	156.0166
7388.672466	98.526	155.5996
7389.038677	98.523	155.1494
7389.404888	98.517	154.7217
7389.771099	98.519	154.2900
7390.137310	98.517	153.7842
7390.503521	98.503	153.3311
7390.869732	98.501	152.9482
7391.235943	98.507	152.4570
7391.602154	98.495	151.9277
7391.968365	98.479	151.5176
7392.334576	98.478	151.1133
7392.700787	98.474	150.6396
7393.066998	98.463	150.2100
7393.433209	98.462	149.8125
7393.799420	98.466	149.3545
7394.165631	98.464	148.8516
7394.531842	98.452	148.3633
7394.898053	98.438	147.9492
7395.264264	98.437	147.5830
7395.630475	98.446	147.1279
7395.996685	98.443	146.5908
7396.362896	98.429	146.1309
7396.729107	98.424	145.7266
7397.095318	98.424	145.2568
7397.461529	98.414	144.7891
7397.827740	98.407	144.3916
7398.193951	98.411	143.9658
7398.560162	98.412	143.4619
7398.926373	98.401	142.9746
7399.292584	98.390	142.5557
7399.658795	98.389	142.1475
7400.025006	98.391	141.6875
7400.391217	98.386	141.2041
7400.757428	98.380	140.7432
7401.123639	98.374	140.2744
7401.489850	98.362	139.8174
7401.856061	98.353	139.4258
7402.222272	98.356	139.0195
7402.588483	98.357	138.5381
7402.954694	98.352	138.0791
7403.320905	98.354	137.6172
7403.687116	98.350	137.0752
7404.053327	98.329	136.5918
7404.419538	98.318	136.2178
7404.785749	98.318	135.7939
7405.151960	98.313	135.3291
7405.518171	98.307	134.8984
7405.884382	98.303	134.4531
7406.250593	98.296	134.0176
7406.616804	98.294	133.6016
7406.983014	98.293	133.1299
7407.349225	98.281	132.6963
7407.715436	98.283	132.3428
7408.081647	98.300	131.8477
7408.447858	98.291	131.2402
7408.814069	98.264	130.8027
7409.180280	98.262	130.4678
7409.546491	98.271	129.9824
7409.912702	98.259	129.4287
7410.278913	98.235	129.0059
7410.645124	98.227	128.6641
7411.011335	98.231	128.2500
7411.377546	98.227	127.7627
7411.743757	98.214	127.3252
7412.109968	98.210	126.9482
7412.476179	98.216	126.5029
7412.842390	98.213	125.9805
7413.208601	98.198	125.5059
7413.574812	98.188	125.0928
7413.941023	98.183	124.6562
7414.307234	98.175	124.2051
7414.673445	98.168	123.7920
7415.039656	98.167	123.3672
7415.405867	98.164	122.8965
7415.772078	98.155	122.4492
7416.138289	98.151	122.0420
7416.504500	98.154	121.6006
7416.870711	98.154	121.1143
7417.236922	98.150	120.6162
7417.603133	98.140	120.1172
7417.969344	98.124	119.6621
7418.335554	98.113	119.2754
7418.701765	98.112	118.8662
7419.067976	98.108	118.4033
7419.434187	98.098	117.9785
7419.800398	98.096	117.5703
7420.166609	98.094	117.1152
7420.532820	98.087	116.6807
7420.899031	98.088	116.2471
7421.265242	98.083	115.7461
7421.631453	98.066	115.3037
7421.997664	98.063	114.9551
7422.363875	98.073	114.4922
7422.730086	98.065	113.9424
7423.096297	98.048	113.5078
7423.462508	98.045	113.1055
7423.828719	98.042	112.6201
7424.194930	98.028	112.1553
7424.561141	98.019	111.7490
7424.927352	98.015	111.3291
7425.293563	98.013	110.8896
7425.659774	98.011	110.4229
7426.025985	98.002	109.9434
7426.392196	97.990	109.5215
7426.758407	97.989	109.1094
7427.124618	97.988	108.6348
7427.490829	97.978	108.1582
7427.857040	97.968	107.7334
7428.223251	97.964	107.3115
7428.589462	97.962	106.8564
7428.955673	97.955	106.3760
7429.321883	97.941	105.9277
7429.688094	97.930	105.5488
7430.054305	97.932	105.1621
7430.420516	97.935	104.6855
7430.786727	97.924	104.1943
7431.152938	97.911	103.7910
7431.519149	97.913	103.4053
7431.885360	97.919	102.9102
7432.251571	97.907	102.3643
7432.617782	97.885	101.9277
7432.983993	97.876	101.5664
7433.350204	97.876	101.1514
7433.716415	97.874	100.6963
7434.082626	97.870	100.2305
7434.448837	97.860	99.7529
7434.815048	97.847	99.3301
7435.181259	97.846	98.9326
7435.547470	97.846	98.4463
7435.913681	97.832	97.9619
7436.279892	97.821	97.5732
7436.646103	97.823	97.1562
7437.012314	97.820	96.6729
7437.378525	97.812	96.2119
7437.744736	97.805	95.7588
7438.110947	97.795	95.3027
7438.477158	97.785	94.8896
7438.843369	97.782	94.4785
7439.209580	97.779	94.0312
7439.575791	97.773	93.5791
7439.942002	97.766	93.1338
7440.308213	97.757	92.7090
7440.674423	97.755	92.3076
7441.040634	97.757	91.8506
7441.406845	97.750	91.3477
7441.773056	97.735	90.9111
7442.139267	97.731	90.5205
7442.505478	97.732	90.0645
7442.871689	97.725	89.5771
7443.237900	97.715	89.1182
7443.604111	97.704	88.6631
7443.970322	97.690	88.2471
7444.336533	97.686	87.8779
7444.702744	97.692	87.4229
7445.068955	97.684	86.8984
7445.435166	97.668	86.4688
7445.801377	97.665	86.0625
7446.167588	97.660	85.5703
7446.533799	97.644	85.1318
7446.900010	97.640	84.7549
7447.266221	97.642	84.2627
7447.632432	97.623	83.7549
7447.998643	97.603	83.4033
7448.364854	97.606	83.0625
7448.731065	97.612	82.5820
7449.097276	97.601	82.0820
7449.463487	97.587	81.6709
7449.829698	97.583	81.2852
7450.195909	97.584	80.8506
7450.562120	97.581	80.3828
7450.928331	97.574	79.9189
7451.294542	97.566	79.4570
7451.660753	97.555	79.0146
7452.026963	97.547	78.6055
7452.393174	97.544	78.1787
7452.759385	97.539	77.7197
7453.125596	97.531	77.2754
7453.491807	97.525	76.8389
7453.858018	97.518	76.3945
7454.224229	97.511	75.9600
7454.590440	97.505	75.5205
7454.956651	97.498	75.0742
7455.322862	97.491	74.6465
7455.689073	97.487	74.2168
7456.055284	97.483	73.7676
7456.421495	97.478	73.3076
7456.787706	97.471	72.8311
7457.153917	97.456	72.3828
7457.520128	97.446	71.9961
7457.886339	97.445	71.5732
7458.252550	97.437	71.1035
7458.618761	97.424	70.7070
7458.984972	97.426	70.3271
7459.351183	97.429	69.8359
7459.717394	97.415	69.3398
7460.083605	97.401	68.9521
7460.449816	97.402	68.5518
7460.816027	97.400	68.0625
7461.182238	97.385	67.5996
7461.548449	97.375	67.2041
7461.914660	97.373	66.7812
7462.280871	97.368	66.3154
7462.647082	97.358	65.8721
7463.013292	97.351	65.4326
7463.379503	97.341	64.9922
7463.745714	97.333	64.5957
7464.111925	97.336	64.1650
7464.478136	97.331	63.6475
7464.844347	97.311	63.1895
7465.210558	97.302	62.8193
7465.576769	97.302	62.3936
7465.942980	97.296	61.9395
7466.309191	97.293	61.5107
7466.675402	97.291	61.0195
7467.041613	97.275	60.5381
7467.407824	97.264	60.1533
7467.774035	97.265	59.7129
7468.140246	97.254	59.2080
7468.506457	97.235	58.8174
7468.872668	97.235	58.4580
7469.238879	97.238	57.9824
7469.605090	97.227	57.5068
7469.971301	97.220	57.0879
7470.337512	97.215	56.6221
7470.703723	97.200	56.1611
7471.069934	97.188	55.7969
7471.436145	97.193	55.3994
7471.802356	97.192	54.8877
7472.168567	97.175	54.4189
7472.534778	97.165	54.0518
7472.900989	97.169	53.6270
7473.267200	97.165	53.1182
7473.633411	97.152	52.6484
7473.999622	97.141	52.2109
7474.365832	97.128	51.7734
7474.732043	97.117	51.3828
7475.098254	97.116	50.9863
7475.464465	97.114	50.5068
7475.830676	97.099	50.0430
7476.196887	97.085	49.6670
7476.563098	97.083	49.3027
7476.929309	97.088	48.8926
7477.295520	97.094	48.4160
7477.661731	97.090	47.8652
7478.027942	97.067	47.3604
7478.394153	97.045	47.0078
7478.760364	97.047	46.6709
7479.126575	97.055	46.1855
7479.492786	97.041	45.6553
7479.858997	97.019	45.2441
7480.225208	97.011	44.8916
7480.591419	97.011	44.4844
7480.957630	97.008	44.0371
7481.323841	97.002	43.5928
7481.690052	96.995	43.1338
7482.056263	96.983	42.6748
7482.422474	96.969	42.2773
7482.788685	96.966	41.8945
7483.154896	96.966	41.4316
7483.521107	96.954	40.9580
7483.887318	96.943	40.5596
7484.253529	96.943	40.1318
7484.619740	96.935	39.6396
7484.985951	96.918	39.2119
7485.352161	96.911	38.8291
7485.718372	96.909	38.3955
7486.084583	96.902	37.9541
7486.450794	96.899	37.5186
7486.817005	96.895	37.0283
7487.183216	96.877	36.5449
7487.549427	96.859	36.1621
7487.915638	96.855	35.8145
7488.281849	96.860	35.3867
7488.648060	96.857	34.8877
7489.014271	96.843	34.4121
7489.380482	96.830	33.9873
7489.746693	96.821	33.5723
7490.112904	96.813	33.1572
7490.479115	96.808	32.7324
7490.845326	96.800	32.2881
7491.211537	96.790	31.8711
7491.577748	96.788	31.4629
7491.943959	96.785	30.9902
7492.310170	96.771	30.5352
7492.676381	96.764	30.1504
7493.042592	96.767	29.6904
7493.408803	96.754	29.1650
7493.775014	96.732	28.7598
7494.141225	96.728	28.4033
7494.507436	96.729	27.9434
7494.873647	96.716	27.4727
7495.239858	96.703	27.0693
7495.606069	96.695	26.6660
7495.972280	96.688	26.2773
7496.338491	96.692	25.8867
7496.704701	96.696	25.3828
7497.070912	96.679	24.8662
7497.437123	96.661	24.4961
7497.803334	96.666	24.1133
7498.169545	96.664	23.5859
7498.535756	96.640	23.1230
7498.901967	96.628	22.7939
7499.268178	96.634	22.3828
7499.634389	96.628	21.8877
7500.000600	96.614	21.4619
7500.366811	96.611	21.0400
7500.733022	96.604	20.5488
7501.099233	96.585	20.1016
7501.465444	96.571	19.7246
7501.831655	96.566	19.3350
7502.197866	96.563	18.9170
7502.564077	96.559	18.4746
7502.930288	96.550	18.0186
7503.296499	96.538	17.6064
7503.662710	96.536	17.2012
7504.028921	96.533	16.7148
7504.395132	96.514	16.2432
7504.761343	96.498	15.8887
7505.127554	96.500	15.5215
7505.493765	96.500	15.0312
7505.859976	96.481	14.5693
7506.226187	96.467	14.2422
7506.592398	96.475	13.8789
7506.958609	96.477	13.3721
7507.324820	96.461	12.8955
7507.691031	96.449	12.5225
7508.057241	96.450	12.1016
7508.423452	96.441	11.6260
7508.789663	96.428	11.2090
7509.155874	96.423	10.8018
7509.522085	96.416	10.3467
7509.888296	96.403	9.9189
7510.254507	96.397	9.5146
7510.620718	96.393	9.0518
7510.986929	96.378	8.5801
7511.353140	96.360	8.1875
7511.719351	96.354	7.8271
7512.085562	96.354	7.4043
7512.451773	96.349	6.9297
7512.817984	96.337	6.4707
7513.184195	96.323	6.0479
7513.550406	96.312	5.6602
7513.916617	96.310	5.2725
7514.282828	96.310	4.8164
7514.649039	96.300	4.3252
7515.015250	96.282	3.9014
7515.381461	96.272	3.5332
7515.747672	96.271	3.1377
7516.113883	96.269	2.6963
7516.480094	96.262	2.2373
7516.846305	96.252	1.7988
7517.212516	96.244	1.3828
7517.578727	96.238	0.9385
7517.944938	96.225	0.4980
7518.311149	96.215	0.1113
7518.677360	96.214	-0.3115
7519.043570	96.206	-0.7900
7519.409781	96.191	-1.2178
7519.775992	96.185	-1.6309
7520.142203	96.176	-2.0967
7520.508414	96.158	-2.5195
7520.874625	96.149	-2.8906
7521.240836	96.146	-3.3184
7521.607047	96.136	-3.7646
7521.973258	96.126	-4.1729
7522.339469	96.121	-4.5986
7522.705680	96.111	-5.0391
7523.071891	96.101	-5.4482
7523.438102	96.095	-5.8457
7523.804313	96.092	-6.2588
7524.170524	96.091	-6.7070
7524.536735	96.084	-7.1914
7524.902946	96.068	-7.6338
7525.269157	96.059	-8.0049
7525.635368	96.061	-8.4307
7526.001579	96.053	-8.9316
7526.367790	96.032	-9.3525
7526.734001	96.024	-9.6973
7527.100212	96.026	-10.1309
7527.466423	96.013	-10.5977
7527.832634	96.000	-10.9648
7528.198845	96.003	-11.3721
7528.565056	95.994	-11.8838
7528.931267	95.970	-12.2939
7529.297478	95.963	-12.6133
7529.663689	95.967	-13.0508
7530.029900	95.954	-13.5420
7530.396110	95.935	-13.9297
7530.762321	95.930	-14.2959
7531.128532	95.928	-14.7236
7531.494743	95.920	-15.1670
7531.860954	95.913	-15.6094
7532.227165	95.902	-16.0684
7532.593376	95.886	-16.5039
7532.959587	95.870	-16.8691
7533.325798	95.868	-17.2168
7533.692009	95.874	-17.6562
7534.058220	95.868	-18.1592
7534.424431	95.852	-18.6094
7534.790642	95.840	-19.0020
7535.156853	95.835	-19.3975
7535.523064	95.833	-19.8184
7535.889275	95.830	-20.2783
7536.255486	95.818	-20.7471
7536.621697	95.804	-21.1689
7536.987908	95.794	-21.5732
7537.354119	95.785	-21.9834
7537.720330	95.775	-22.3730
7538.086541	95.771	-22.7646
7538.452752	95.767	-23.1885
7538.818963	95.760	-23.6123
7539.185174	95.755	-24.0312
7539.551385	95.751	-24.4785
7539.917596	95.740	-24.9502
7540.283807	95.722	-25.3887
7540.650018	95.705	-25.7490
7541.016229	95.703	-26.0986
7541.382439	95.704	-26.5352
7541.748650	95.696	-27.0117
7542.114861	95.681	-27.4385
7542.481072	95.672	-27.8447
7542.847283	95.662	-28.2705
7543.213494	95.649	-28.6729
7543.579705	95.642	-29.0430
7543.945916	95.643	-29.4561
7544.312127	95.639	-29.9355
7544.678338	95.624	-30.3945
7545.044549	95.610	-30.7949
7545.410760	95.602	-31.2061
7545.776971	95.590	-31.6279
7546.143182	95.578	-32.0088
7546.509393	95.573	-32.3896
7546.875604	95.569	-32.8105
7547.241815	95.560	-33.2314
7547.608026	95.553	-33.6357
7547.974237	95.547	-34.0527
7548.340448	95.541	-34.4941
7548.706659	95.528	-34.9375
7549.072870	95.513	-35.3330
7549.439081	95.506	-35.7012
7549.805292	95.505	-36.1152
7550.171503	95.498	-36.5586
7550.537714	95.490	-36.9922
7550.903925	95.481	-37.4443
7551.270136	95.466	-37.8848
7551.636347	95.452	-38.2656
7552.002558	95.448	-38.6533
7552.368769	95.444	-39.1074
7552.734979	95.430	-39.5566
7553.101190	95.417	-39.9453
7553.467401	95.415	-40.3486
7553.833612	95.410	-40.8311
7554.199823	95.389	-41.2910
7554.566034	95.372	-41.6309
7554.932245	95.374	-41.9785
7555.298456	95.377	-42.4531
7555.664667	95.362	-42.9336
7556.030878	95.347	-43.3213
7556.397089	95.342	-43.7012
7556.763300	95.338	-44.1240
7557.129511	95.332	-44.5645
7557.495722	95.323	-45.0146
7557.861933	95.308	-45.4502
7558.228144	95.293	-45.8311
7558.594355	95.287	-46.1953
7558.960566	95.283	-46.5996
7559.326777	95.276	-47.0215
7559.692988	95.268	-47.4170
7560.059199	95.265	-47.8271
7560.425410	95.258	-48.2783
7560.791621	95.246	-48.7002
7561.157832	95.239	-49.0938
7561.524043	95.235	-49.5420
7561.890254	95.220	-50.0020
7562.256465	95.202	-50.3945
7562.622676	95.191	-50.7656
7562.988887	95.182	-51.1465
7563.355098	95.177	-51.5117
7563.721308	95.178	-51.9189
7564.087519	95.172	-52.3848
7564.453730	95.158	-52.8105
7564.819941	95.150	-53.1953
7565.186152	95.146	-53.6279
7565.552363	95.133	-54.0771
7565.918574	95.118	-54.4746
7566.284785	95.109	-54.8418
7566.650996	95.106	-55.2344
7567.017207	95.101	-55.6777
7567.383418	95.087	-56.1172
7567.749629	95.073	-56.4873
7568.115840	95.071	-56.8516
7568.482051	95.070	-57.2920
7568.848262	95.061	-57.7500
7569.214473	95.048	-58.1807
7569.580684	95.035	-58.5957
7569.946895	95.024	-58.9697
7570.313106	95.023	-59.3643
7570.679317	95.017	-59.8438
7571.045528	94.998	-60.2812
7571.411739	94.986	-60.6299
7571.777950	94.984	-61.0273
7572.144161	94.976	-61.4580
7572.510372	94.970	-61.8574
7572.876583	94.967	-62.3066
7573.242794	94.953	-62.7812
7573.609005	94.935	-63.1660
7573.975216	94.929	-63.5293
7574.341427	94.924	-63.9531
7574.707638	94.913	-64.3682
7575.073848	94.906	-64.7646
7575.440059	94.898	-65.1943
7575.806270	94.883	-65.6074
7576.172481	94.871	-65.9414
7576.538692	94.875	-66.2910
7576.904903	94.878	-66.7588
7577.271114	94.863	-67.2285
7577.637325	94.850	-67.5898
7578.003536	94.851	-67.9746
7578.369747	94.848	-68.4561
7578.735958	94.832	-68.9072
7579.102169	94.819	-69.3076
7579.468380	94.807	-69.7168
7579.834591	94.793	-70.0908
7580.200802	94.790	-70.4561
7580.567013	94.788	-70.8984
7580.933224	94.776	-71.3584
7581.299435	94.760	-71.7637
7581.665646	94.748	-72.1445
7582.031857	94.739	-72.5225
7582.398068	94.733	-72.9023
7582.764279	94.730	-73.3076
7583.130490	94.725	-73.7402
7583.496701	94.717	-74.1826
7583.862912	94.704	-74.6006
7584.229123	94.697	-74.9932
7584.595334	94.693	-75.4414
7584.961545	94.676	-75.9160
7585.327756	94.653	-76.2695
7585.693967	94.651	-76.5693
7586.060178	94.658	-76.9980
7586.426388	94.650	-77.4902
7586.792599	94.634	-77.9121
7587.158810	94.625	-78.3184
7587.525021	94.612	-78.7393
7587.891232	94.599	-79.1143
7588.257443	94.594	-79.4834
7588.623654	94.591	-79.9102
7588.989865	94.581	-80.3457
7589.356076	94.568	-80.7529
7589.722287	94.556	-81.1436
7590.088498	94.545	-81.4951
7590.454709	94.547	-81.8486
7590.820920	94.551	-82.3096
7591.187131	94.536	-82.7998
7591.553342	94.515	-83.1709
7591.919553	94.511	-83.4990
7592.285764	94.513	-83.9111
7592.651975	94.506	-84.3545
7593.018186	94.496	-84.7686
7593.384397	94.489	-85.1875
7593.750608	94.479	-85.6172
7594.116819	94.465	-86.0293
7594.483030	94.451	-86.3975
7594.849241	94.447	-86.7432
7595.215452	94.450	-87.1582
7595.581663	94.444	-87.6436
7595.947874	94.425	-88.0791
7596.314085	94.413	-88.4561
7596.680296	94.404	-88.8633
7597.046507	94.390	-89.2627
7597.412717	94.380	-89.6143
7597.778928	94.379	-90.0059
7598.145139	94.373	-90.4482
7598.511350	94.361	-90.8623
7598.877561	94.353	-91.2695
7599.243772	94.342	-91.6934
7599.609983	94.328	-92.0820
7599.976194	94.322	-92.4561
7600.342405	94.316	-92.8770
7600.708616	94.303	-93.2822
7601.074827	94.296	-93.6338
7601.441038	94.298	-94.0361
7601.807249	94.294	-94.5098
7602.173460	94.279	-94.9551
7602.539671	94.265	-95.3496
7602.905882	94.254	-95.7285
7603.272093	94.248	-96.0967
7603.638304	94.246	-96.4912
7604.004515	94.241	-96.9209
7604.370726	94.233	-97.3369
7604.736937	94.227	-97.7500
7605.103148	94.219	-98.1865
7605.469359	94.205	-98.5938
7605.835570	94.196	-98.9688
7606.201781	94.192	-99.3691
7606.567992	94.184	-99.7949
7606.934203	94.173	-100.2109
7607.300414	94.160	-100.6094
7607.666625	94.147	-100.9844
7608.032836	94.138	-101.3262
7608.399047	94.139	-101.6836
7608.765257	94.142	-102.1289
7609.131468	94.131	-102.6279
7609.497679	94.107	-103.0342
7609.863890	94.096	-103.3457
7610.230101	94.099	-103.7402
7610.596312	94.088	-104.2275
7610.962523	94.064	-104.6094
7611.328734	94.056	-104.8994
7611.694945	94.062	-105.2920
7612.061156	94.057	-105.7568
7612.427367	94.046	-106.1748
7612.793578	94.039	-106.6055
7613.159789	94.024	-107.0508
7613.526000	94.008	-107.4238
7613.892211	94.003	-107.7998
7614.258422	93.995	-108.2295
7614.624633	93.982	-108.6172
7614.990844	93.977	-108.9990
7615.357055	93.969	-109.4395
7615.723266	93.953	-109.8242
7616.089477	93.948	-110.1562
7616.455688	93.951	-110.5830
7616.821899	93.939	-111.0479
7617.188110	93.923	-111.4141
7617.554321	93.921	-111.7559
7617.920532	93.923	-112.1934
7618.286743	93.912	-112.6680
7618.652954	93.893	-113.0693
7619.019165	93.883	-113.4180
7619.385376	93.880	-113.8018
7619.751586	93.875	-114.2285
7620.117797	93.865	-114.6641
7620.484008	93.851	-115.0879
7620.850219	93.834	-115.4658
7621.216430	93.825	-115.8076
7621.582641	93.824	-116.1895
7621.948852	93.818	-116.6357
7622.315063	93.801	-117.0674
7622.681274	93.783	-117.4111
7623.047485	93.780	-117.7158
7623.413696	93.786	-118.1064
7623.779907	93.782	-118.5723
7624.146118	93.769	-118.9834
7624.512329	93.765	-119.3525
7624.878540	93.763	-119.7832
7625.244751	93.753	-120.2275
7625.610962	93.742	-120.6211
7625.977173	93.735	-121.0215
7626.343384	93.725	-121.4414
7626.709595	93.712	-121.8242
7627.075806	93.704	-122.1904
7627.442017	93.697	-122.5703
7627.808228	93.692	-122.9473
7628.174439	93.690	-123.3398
7628.540650	93.687	-123.7861
7628.906861	93.673	-124.2461
7629.273072	93.652	-124.6367
7629.639283	93.638	-124.9531
7630.005494	93.639	-125.2959
7630.371705	93.640	-125.7510
7630.737916	93.623	-126.2305
7631.104126	93.598	-126.5850
7631.470337	93.590	-126.8643
7631.836548	93.598	-127.2471
7632.202759	93.593	-127.7285
7632.568970	93.574	-128.1436
7632.935181	93.566	-128.4893
7633.301392	93.565	-128.9072
7633.667603	93.552	-129.3633
7634.033814	93.534	-129.7217
7634.400025	93.533	-130.0518
7634.766236	93.537	-130.4980
7635.132447	93.525	-130.9883
7635.498658	93.504	-131.3848
7635.864869	93.494	-131.7139
7636.231080	93.495	-132.0840
7636.597291	93.492	-132.5234
7636.963502	93.481	-132.9551
7637.329713	93.472	-133.3369
7637.695924	93.468	-133.7529
7638.062135	93.455	-134.2031
7638.428346	93.437	-134.5693
7638.794557	93.433	-134.9092
7639.160768	93.429	-135.3379
7639.526979	93.413	-135.7490
7639.893190	93.401	-136.0723
7640.259401	93.403	-136.4248
7640.625612	93.402	-136.8447
7640.991823	93.397	-137.2754
7641.358034	93.388	-137.7090
7641.724245	93.376	-138.1230
7642.090456	93.365	-138.5098
7642.456666	93.358	-138.9121
7642.822877	93.347	-139.3242
7643.189088	93.335	-139.7119
7643.555299	93.325	-140.0781
7643.921510	93.321	-140.4502
7644.287721	93.319	-140.8604
7644.653932	93.311	-141.3086
7645.020143	93.295	-141.7354
7645.386354	93.279	-142.0986
7645.752565	93.272	-142.4326
7646.118776	93.273	-142.8096
7646.484987	93.270	-143.2588
7646.851198	93.255	-143.6943
7647.217409	93.242	-144.0449
7647.583620	93.242	-144.4199
7647.949831	93.236	-144.8838
7648.316042	93.215	-145.2988
7648.682253	93.200	-145.6113
7649.048464	93.200	-145.9512
7649.414675	93.198	-146.3584
7649.780886	93.191	-146.7520
7650.147097	93.189	-147.1318
7650.513308	93.190	-147.5732
7650.879519	93.178	-148.0566
7651.245730	93.156	-148.4668
7651.611941	93.143	-148.7900
7651.978152	93.142	-149.1582
7652.344363	93.134	-149.5908
7652.710574	93.118	-149.9658
7653.076785	93.114	-150.3086
7653.442995	93.112	-150.7324
7653.809206	93.096	-151.1523
7654.175417	93.083	-151.4775
7654.541628	93.086	-151.8223
7654.907839	93.087	-152.2646
7655.274050	93.077	-152.7148
7655.640261	93.064	-153.1309
7656.006472	93.050	-153.5322
7656.372683	93.036	-153.8994
7656.738894	93.029	-154.2500
7657.105105	93.023	-154.6309
7657.471316	93.015	-155.0107
7657.837527	93.012	-155.3701
7658.203738	93.014	-155.7793
7658.569949	93.008	-156.2510
7658.936160	92.992	-156.6797
7659.302371	92.980	-157.0508
7659.668582	92.972	-157.4463
7660.034793	92.958	-157.8262
7660.401004	92.952	-158.1436
7660.767215	92.960	-158.5439
7661.133426	92.953	-159.0547
7661.499637	92.928	-159.4590
7661.865848	92.918	-159.7588
7662.232059	92.919	-160.1455
7662.598270	92.909	-160.5566
7662.964481	92.903	-160.9170
7663.330692	92.903	-161.3467
7663.696903	92.888	-161.8047
7664.063114	92.869	-162.1562
7664.429325	92.863	-162.4893
7664.795535	92.859	-162.8760
7665.161746	92.852	-163.2666
7665.527957	92.846	-163.6709
7665.894168	92.835	-164.0762
7666.260379	92.824	-164.4424
7666.626590	92.820	-164.8223
7666.992801	92.813	-165.2363
7667.359012	92.804	-165.6504
7667.725223	92.791	-166.0674
7668.091434	92.774	-166.4512
7668.457645	92.763	-166.7793
7668.823856	92.761	-167.1396
7669.190067	92.756	-167.5449
7669.556278	92.748	-167.9238
7669.922489	92.747	-168.3145
7670.288700	92.743	-168.7686
7670.654911	92.728	-169.2041
7671.021122	92.714	-169.5781
7671.387333	92.708	-169.9590
7671.753544	92.700	-170.3730
7672.119755	92.688	-170.7734
7672.485966	92.677	-171.1416
7672.852177	92.671	-171.5049
7673.218388	92.667	-171.8877
7673.584599	92.663	-172.2891
7673.950810	92.657	-172.6934
7674.317021	92.651	-173.1016
7674.683232	92.643	-173.5225
7675.049443	92.630	-173.9316
7675.415654	92.617	-174.3066
7675.781864	92.607	-174.6533
7676.148075	92.605	-174.9893
7676.514286	92.610	-175.3887
7676.880497	92.605	-175.8779
7677.246708	92.584	-176.3164
7677.612919	92.566	-176.6514
7677.979130	92.558	-176.9883
7678.345341	92.551	-177.3340
7678.711552	92.551	-177.6816
7679.077763	92.551	-178.1074
7679.443974	92.538	-178.5381
7679.810185	92.526	-178.8857
7680.176396	92.524	-179.2598
7680.542607	92.514	-179.6748
7680.908818	92.503	179.9775
7681.275029	92.506	179.6152
7681.641240	92.503	179.1426
7682.007451	92.482	178.7041
7682.373662	92.466	178.3848
7682.739873	92.465	178.0459
7683.106084	92.463	177.6133
7683.472295	92.447	177.1875
7683.838506	92.432	176.8506
7684.204717	92.430	176.5293
7684.570928	92.433	176.1191
7684.937139	92.424	175.6572
7685.303350	92.406	175.2676
7685.669561	92.398	174.9414
7686.035772	92.399	174.5576
7686.401983	92.393	174.1182
7686.768194	92.381	173.7148
7687.134404	92.372	173.3271
7687.500615	92.361	172.9277
7687.866826	92.348	172.5674
7688.233037	92.344	172.2158
7688.599248	92.339	171.8135
7688.965459	92.329	171.4307
7689.331670	92.326	171.0840
7689.697881	92.330	170.6475
7690.064092	92.316	170.1514
7690.430303	92.288	169.7959
7690.796514	92.283	169.5518
7691.162725	92.297	169.1689
7691.528936	92.291	168.6611
7691.895147	92.270	168.2666
7692.261358	92.265	167.9463
7692.627569	92.266	167.5166
7692.993780	92.250	167.0693
7693.359991	92.233	166.7256
7693.726202	92.228	166.3809
7694.092413	92.221	165.9990
7694.458624	92.214	165.6426
7694.824835	92.212	165.2607
7695.191046	92.205	164.8330
7695.557257	92.189	164.4561
7695.923468	92.183	164.1299
7696.289679	92.184	163.7490
7696.655890	92.178	163.3008
7697.022101	92.160	162.8887
7697.388312	92.145	162.5664
7697.754523	92.144	162.2432
7698.120733	92.144	161.8477
7698.486944	92.139	161.4395
7698.853155	92.134	161.0371
7699.219366	92.128	160.5957
7699.585577	92.111	160.1709
7699.951788	92.096	159.8252
7700.317999	92.092	159.4893
7700.684210	92.094	159.0840
7701.050421	92.088	158.6260
7701.416632	92.073	158.1836
7701.782843	92.055	157.8037
7702.149054	92.044	157.4561
7702.515265	92.038	157.0830
7702.881476	92.029	156.7031
7703.247687	92.022	156.3467
7703.613898	92.021	155.9707
7703.980109	92.017	155.5488
7704.346320	92.008	155.1348
7704.712531	91.998	154.7383
7705.078742	91.987	154.3428
7705.444953	91.975	153.9717
7705.811164	91.967	153.6133
7706.177375	91.959	153.2480
7706.543586	91.953	152.9043
7706.909797	91.955	152.5244
7707.276008	91.948	152.0752
7707.642219	91.930	151.6973
7708.008430	91.926	151.3818
7708.374641	91.928	150.9648
7708.740852	91.914	150.5225
7709.107063	91.899	150.1748
7709.473273	91.895	149.8066
7709.839484	91.885	149.3955
7710.205695	91.873	149.0371
7710.571906	91.868	148.6611
7710.938117	91.856	148.2490
7711.304328	91.841	147.9131
7711.670539	91.840	147.6045
7712.036750	91.845	147.1934
7712.402961	91.837	146.7324
7712.769172	91.820	146.3369
7713.135383	91.811	145.9990
7713.501594	91.811	145.6221
7713.867805	91.806	145.1768
7714.234016	91.789	144.7676
7714.600227	91.778	144.4443
7714.966438	91.779	144.0820
7715.332649	91.775	143.6377
7715.698860	91.758	143.2393
7716.065071	91.747	142.9189
7716.431282	91.749	142.5664
7716.797493	91.747	142.1377
7717.163704	91.734	141.7129
7717.529915	91.719	141.3662
7717.896126	91.716	141.0430
7718.262337	91.719	140.6328
7718.628548	91.708	140.1729
7718.994759	91.688	139.7969
7719.360970	91.677	139.4834
7719.727181	91.674	139.1260
7720.093392	91.668	138.7402
7720.459603	91.661	138.3672
7720.825813	91.656	137.9688
7721.192024	91.644	137.5576
7721.558235	91.630	137.1973
7721.924446	91.623	136.8594
7722.290657	91.618	136.4805
7722.656868	91.610	136.1055
7723.023079	91.607	135.7402
7723.389290	91.605	135.3027
7723.755501	91.586	134.8770
7724.121712	91.571	134.5811
7724.487923	91.578	134.2559
7724.854134	91.580	133.7832
7725.220345	91.563	133.3379
7725.586556	91.548	132.9922
7725.952767	91.543	132.6367
7726.318978	91.537	132.2617
7726.685189	91.533	131.8730
7727.051400	91.524	131.4590
7727.417611	91.511	131.0996
7727.783822	91.508	130.7646
7728.150033	91.507	130.3535
7728.516244	91.495	129.9502
7728.882455	91.488	129.6025
7729.248666	91.487	129.2100
7729.614877	91.477	128.7812
7729.981088	91.463	128.3975
7730.347299	91.452	128.0449
7730.713510	91.444	127.7012
7731.079721	91.441	127.3545
7731.445932	91.441	126.9590
7731.812142	91.434	126.5283
7732.178353	91.419	126.1250
7732.544564	91.405	125.7881
7732.910775	91.402	125.4717
7733.276986	91.405	125.0684
7733.643197	91.394	124.6152
7734.009408	91.376	124.2549
7734.375619	91.371	123.9346
7734.741830	91.368	123.5332
7735.108041	91.355	123.1367
7735.474252	91.346	122.8018
7735.840463	91.343	122.4248
7736.206674	91.332	122.0156
7736.572885	91.317	121.6777
7736.939096	91.315	121.3643
7737.305307	91.319	120.9619
7737.671518	91.309	120.5098
7738.037729	91.290	120.1338
7738.403940	91.280	119.8281
7738.770151	91.282	119.4688
7739.136362	91.277	119.0420
7739.502573	91.263	118.6523
7739.868784	91.254	118.3047
7740.234995	91.249	117.9424
7740.601206	91.243	117.5693
7740.967417	91.240	117.1934
7741.333628	91.237	116.7852
7741.699839	91.227	116.3594
7742.066050	91.213	115.9785
7742.432261	91.205	115.6289
7742.798472	91.200	115.2363
7743.164682	91.186	114.8457
7743.530893	91.175	114.5352
7743.897104	91.179	114.1953
7744.263315	91.177	113.7510
7744.629526	91.162	113.3564
7744.995737	91.156	113.0273
7745.361948	91.155	112.6084
7745.728159	91.137	112.1826
7746.094370	91.119	111.8965
7746.460581	91.125	111.6064
7746.826792	91.132	111.1748
7747.193003	91.122	110.7139
7747.559214	91.107	110.3213
7747.925425	91.096	109.9512
7748.291636	91.086	109.5752
7748.657847	91.075	109.2051
7749.024058	91.065	108.8447
7749.390269	91.057	108.5039
7749.756480	91.056	108.1523
7750.122691	91.055	107.7383
7750.488902	91.044	107.3105
7750.855113	91.031	106.9463
7751.221324	91.027	106.5957
7751.587535	91.025	106.1816
7751.953746	91.013	105.7539
7752.319957	90.998	105.3779
7752.686168	90.988	105.0322
7753.052379	90.982	104.6875
7753.418590	90.980	104.3145
7753.784801	90.974	103.8857
7754.151011	90.954	103.4961
7754.517222	90.940	103.2256
7754.883433	90.948	102.9209
7755.249644	90.952	102.4697
7755.615855	90.936	102.0449
7755.982066	90.924	101.7256
7756.348277	90.925	101.3604
7756.714488	90.918	100.9375
7757.080699	90.904	100.5518
7757.446910	90.892	100.1875
7757.813121	90.880	99.8438
7758.179332	90.873	99.5234
7758.545543	90.872	99.1621
7758.911754	90.866	98.7764
7759.277965	90.861	98.4121
7759.644176	90.860	98.0039
7760.010387	90.848	97.5664
7760.376598	90.831	97.1982
7760.742809	90.822	96.8584
7761.109020	90.814	96.4941
7761.475231	90.805	96.1416
7761.841442	90.801	95.7920
7762.207653	90.797	95.4219
7762.573864	90.795	95.0488
7762.940075	90.793	94.6387
7763.306286	90.783	94.1992
7763.672497	90.765	93.8320
7764.038708	90.758	93.5195
7764.404919	90.758	93.1484
7764.771130	90.750	92.7422
7765.137341	90.740	92.3789
7765.503551	90.735	92.0166
7765.869762	90.729	91.6191
7766.235973	90.717	91.2354
7766.602184	90.705	90.8916
7766.968395	90.699	90.5596
7767.334606	90.697	90.1934
7767.700817	90.691	89.7949
7768.067028	90.680	89.4219
7768.433239	90.674	89.0645
7768.799450	90.669	88.6611
7769.165661	90.654	88.2627
7769.531872	90.640	87.9248
7769.898083	90.633	87.5869
7770.264294	90.626	87.2344
7770.630505	90.622	86.8896
7770.996716	90.622	86.4932
7771.362927	90.611	86.0654
7771.729138	90.595	85.7100
7772.095349	90.590	85.3789
7772.461560	90.587	84.9912
7772.827771	90.577	84.5967
7773.193982	90.567	84.2334
7773.560193	90.561	83.8750
7773.926404	90.556	83.4961
7774.292615	90.547	83.0986
7774.658826	90.533	82.7471
7775.025037	90.530	82.4375
7775.391248	90.534	82.0449
7775.757459	90.524	81.5928
7776.123670	90.506	81.2324
7776.489881	90.499	80.9209
7776.856091	90.497	80.5566
7777.222302	90.491	80.1826
7777.588513	90.485	79.8047
7777.954724	90.475	79.4131
7778.320935	90.462	79.0791
7778.687146	90.461	78.7539
7779.053357	90.458	78.3584
7779.419568	90.448	77.9902
7779.785779	90.446	77.6514
7780.151990	90.445	77.2178
7780.518201	90.424	76.8018
7780.884412	90.409	76.5322
7781.250623	90.415	76.2178
7781.616834	90.414	75.7656
7781.983045	90.394	75.3779
7782.349256	90.385	75.0918
7782.715467	90.388	74.7432
7783.081678	90.383	74.3379
7783.447889	90.375	73.9688
7783.814100	90.372	73.5928
7784.180311	90.364	73.1836
7784.546522	90.352	72.8037
7784.912733	90.342	72.4473
7785.278944	90.334	72.0791
7785.645155	90.325	71.7207
7786.011366	90.318	71.3711
7786.377577	90.313	70.9980
7786.743788	90.306	70.6162
7787.109999	90.296	70.2480
7787.476210	90.287	69.9004
7787.842420	90.283	69.5664
7788.208631	90.284	69.1934
7788.574842	90.280	68.7559
7788.941053	90.263	68.3496
7789.307264	90.249	68.0361
7789.673475	90.249	67.7002
7790.039686	90.245	67.2793
7790.405897	90.227	66.9053
7790.772108	90.217	66.6211
7791.138319	90.220	66.2861
7791.504530	90.217	65.8789
7791.870741	90.207	65.5078
7792.236952	90.201	65.1494
7792.603163	90.193	64.7637
7792.969374	90.180	64.4219
7793.335585	90.176	64.1045
7793.701796	90.176	63.7266
7794.068007	90.167	63.3359
7794.434218	90.158	62.9736
7794.800429	90.149	62.6055
7795.166640	90.138	62.2637
7795.532851	90.134	61.9346
7795.899062	90.132	61.5488
7796.265273	90.121	61.1572
7796.631484	90.110	60.8096
7796.997695	90.103	60.4590
7797.363906	90.095	60.1172
7797.730117	90.093	59.7773
7798.096328	90.092	59.3701
7798.462539	90.078	58.9658
7798.828750	90.065	58.6426
7799.194960	90.064	58.3086
7799.561171	90.061	57.9082
7799.927382	90.049	57.5137
7800.293593	90.035	57.1748
7800.659804	90.030	56.8711
7801.026015	90.034	56.5254
7801.392226	90.034	56.0928
7801.758437	90.020	55.6602
7802.124648	90.003	55.3193
7802.490859	89.996	55.0186
7802.857070	89.998	54.6689
7803.223281	89.996	54.2627
7803.589492	89.987	53.8643
7803.955703	89.979	53.4912
7804.321914	89.972	53.0811
7804.688125	89.952	52.6768
7805.054336	89.930	52.4043
7805.420547	89.930	52.1836
7805.786758	89.944	51.8447
7806.152969	89.949	51.4170
7806.519180	89.946	50.9756
7806.885391	89.933	50.5312
7807.251602	89.912	50.1602
7807.617813	89.899	49.8750
7807.984024	89.898	49.5508
7808.350235	89.892	49.1895
7808.716446	89.886	48.8652
7809.082657	89.886	48.5068
7809.448868	89.878	48.0977
7809.815079	89.861	47.7607
7810.181289	89.855	47.4795
7810.547500	89.856	47.1328
7810.913711	89.848	46.7568
7811.279922	89.838	46.4316
7811.646133	89.836	46.1084
7812.012344	89.833	45.7422
7812.378555	89.826	45.3701
7812.744766	89.818	45.0156
7813.110977	89.811	44.6641
7813.477188	89.806	44.3154
7813.843399	89.804	43.9443
7814.209610	89.799	43.5234
7814.575821	89.783	43.1279
7814.942032	89.771	42.8057
7815.308243	89.769	42.4404
7815.674454	89.757	42.0146
7816.040665	89.735	41.6973
7816.406876	89.733	41.4590
7816.773087	89.745	41.0820
7817.139298	89.738	40.6191
7817.505509	89.719	40.2725
7817.871720	89.716	39.9873
7818.237931	89.719	39.6250
7818.604142	89.714	39.2324
7818.970353	89.706	38.8809
7819.336564	89.702	38.5410
7819.702775	89.698	38.1826
7820.068986	89.691	37.8164
7820.435197	89.681	37.4805
7820.801408	89.676	37.1768
7821.167619	89.678	36.8340
7821.533829	89.674	36.4414
7821.900040	89.662	36.0928
7822.266251	89.660	35.7627
7822.632462	89.656	35.3418
7822.998673	89.631	34.9385
7823.364884	89.609	34.7002
7823.731095	89.613	34.4717
7824.097306	89.622	34.0732
7824.463517	89.609	33.6289
7824.829728	89.590	33.2979
7825.195939	89.583	33.0225
7825.562150	89.587	32.6865
7825.928361	89.586	32.2715
7826.294572	89.574	31.8564
7826.660783	89.560	31.5156
7827.026994	89.555	31.1973
7827.393205	89.553	30.8311
7827.759416	89.547	30.4600
7828.125627	89.543	30.1084
7828.491838	89.540	29.7344
7828.858049	89.533	29.3525
7829.224260	89.524	29.0039
7829.590471	89.519	28.6729
7829.956682	89.516	28.3223
7830.322893	89.510	27.9473
7830.689104	89.498	27.6113
7831.055315	89.493	27.3447
7831.421526	89.503	27.0244
7831.787737	89.507	26.5811
7832.153948	89.492	26.1504
7832.520158	89.473	25.8086
7832.886369	89.456	25.5156
7833.252580	89.448	25.2832
7833.618791	89.459	25.0127
7833.985002	89.467	24.5703
7834.351213	89.447	24.1465
7834.717424	89.432	23.8965
7835.083635	89.442	23.5830
7835.449846	89.438	23.1328
7835.816057	89.417	22.7949
7836.182268	89.417	22.5400
7836.548479	89.427	22.1533
7836.914690	89.421	21.6924
7837.280901	89.405	21.3008
7837.647112	89.392	20.9609
7838.013323	89.382	20.6348
7838.379534	89.375	20.3213
7838.745745	89.373	20.0098
7839.111956	89.376	19.6562
7839.478167	89.374	19.2529
7839.844378	89.363	18.8818
7840.210589	89.357	18.5576
7840.576800	89.355	18.2021
7840.943011	89.348	17.8379
7841.309222	89.343	17.4990
7841.675433	89.341	17.1211
7842.041644	89.329	16.7295
7842.407855	89.313	16.4131
7842.774066	89.308	16.1406
7843.140277	89.313	15.8066
7843.506488	89.311	15.3867
7843.872698	89.293	14.9980
7844.238909	89.277	14.7305
7844.605120	89.281	14.4551
7844.971331	89.284	14.0693
7845.337542	89.275	13.6943
7845.703753	89.271	13.3525
7846.069964	89.265	12.9658
7846.436175	89.249	12.6230
7846.802386	89.243	12.3604
7847.168597	89.251	12.0391
7847.534808	89.253	11.6406
7847.901019	89.248	11.2441
7848.267230	89.239	10.8477
7848.633441	89.223	10.4941
7848.999652	89.212	10.2129
7849.365863	89.213	9.9072
7849.732074	89.212	9.5449
7850.098285	89.205	9.1904
7850.464496	89.198	8.8438
7850.830707	89.189	8.5176
7851.196918	89.184	8.2344
7851.563129	89.189	7.9131
7851.929340	89.188	7.5176
7852.295551	89.177	7.1484
7852.661762	89.169	6.8379
7853.027973	89.168	6.5215
7853.394184	89.168	6.1572
7853.760395	89.161	5.7627
7854.126606	89.147	5.4180
7854.492817	89.140	5.1357
7854.859028	89.144	4.8086
7855.225238	89.142	4.4238
7855.591449	89.136	4.0684
7855.957660	89.134	3.7129
7856.323871	89.128	3.3213
7856.690082	89.115	2.9707
7857.056293	89.109	2.6650
7857.422504	89.108	2.3340
7857.788715	89.106	1.9785
7858.154926	89.102	1.6299
7858.521137	89.098	1.2754
7858.887348	89.091	0.9219
7859.253559	89.083	0.6123
7859.619770	89.083	0.3213
7859.985981	89.089	-0.0283
7860.352192	89.085	-0.4121
7860.718403	89.078	-0.7451
7861.084614	89.078	-1.0703
7861.450825	89.076	-1.4463
7861.817036	89.067	-1.7959
7862.183247	89.062	-2.1104
7862.549458	89.059	-2.4541
7862.915669	89.052	-2.7959
7863.281880	89.048	-3.1133
7863.648091	89.046	-3.4463
7864.014302	89.043	-3.7959
7864.380513	89.040	-4.1729
7864.746724	89.026	-4.5566
7865.112935	89.010	-4.8379
7865.479146	89.013	-5.0898
7865.845357	89.020	-5.4824
7866.211567	89.007	-5.9062
7866.577778	88.988	-6.1934
7866.943989	88.989	-6.4424
7867.310200	88.997	-6.7842
7867.676411	88.996	-7.1934
7868.042622	88.984	-7.5684
7868.408833	88.974	-7.8477
7868.775044	88.981	-8.1377
7869.141255	88.988	-8.5449
7869.507466	88.980	-8.9551
7869.873677	88.970	-9.3008
7870.239888	88.963	-9.6494
7870.606099	88.952	-9.9551
7870.972310	88.953	-10.2236
7871.338521	88.960	-10.5918
7871.704732	88.950	-10.9727
7872.070943	88.943	-11.2432
7872.437154	88.953	-11.5566
7872.803365	88.954	-11.9707
7873.169576	88.943	-12.3320
7873.535787	88.938	-12.6523
7873.901998	88.934	-13.0088
7874.268209	88.925	-13.3496
7874.634420	88.919	-13.6650
7875.000631	88.914	-13.9863
7875.366842	88.910	-14.2881
7875.733053	88.912	-14.6113
7876.099264	88.910	-14.9912
7876.465475	88.900	-15.3340
7876.831686	88.897	-15.6221
7877.197897	88.902	-15.9756
7877.564107	88.896	-16.3828
7877.930318	88.881	-16.7090
7878.296529	88.879	-16.9834
7878.662740	88.883	-17.3223
7879.028951	88.880	-17.6875
7879.395162	88.877	-18.0137
7879.761373	88.880	-18.3711
7880.127584	88.875	-18.7686
7880.493795	88.863	-19.0996
7880.860006	88.860	-19.3799
7881.226217	88.865	-19.7178
7881.592428	88.861	-20.0879
7881.958639	88.854	-20.4062
7882.324850	88.856	-20.6963
7882.691061	88.864	-21.0400
7883.057272	88.866	-21.4473
7883.423483	88.856	-21.8467
7883.789694	88.842	-22.1807
7884.155905	88.832	-22.4561
7884.522116	88.832	-22.7158
7884.888327	88.840	-23.0303
7885.254538	88.842	-23.4072
7885.620749	88.835	-23.7568
7885.986960	88.834	-24.0752
7886.353171	88.834	-24.4443
7886.719382	88.823	-24.7969
7887.085593	88.818	-25.0762
7887.451804	88.823	-25.4043
7887.818015	88.820	-25.7852
7888.184226	88.813	-26.1133
7888.550436	88.812	-26.4385
7888.916647	88.807	-26.7900
7889.282858	88.803	-27.0928
7889.649069	88.808	-27.4219
7890.015280	88.805	-27.8213
7890.381491	88.793	-28.1445
7890.747702	88.794	-28.4121
7891.113913	88.802	-28.7793
7891.480124	88.797	-29.1680
7891.846335	88.792	-29.4883
7892.212546	88.793	-29.8359
7892.578757	88.787	-30.1992
7892.944968	88.782	-30.5010
7893.311179	88.786	-30.8301
7893.677390	88.783	-31.2148
7894.043601	88.773	-31.5391
7894.409812	88.771	-31.8213
7894.776023	88.775	-32.1475
7895.142234	88.774	-32.4834
7895.508445	88.776	-32.8164
7895.874656	88.776	-33.1836
7896.240867	88.769	-33.5410
7896.607078	88.762	-33.8496
7896.973289	88.760	-34.1377
7897.339500	88.764	-34.4424
7897.705711	88.769	-34.7920
7898.071922	88.767	-35.1660
7898.438133	88.760	-35.5098
7898.804344	88.756	-35.8301
7899.170555	88.751	-36.1484
7899.536766	88.747	-36.4365
7899.902976	88.750	-36.7227
7900.269187	88.757	-37.0576
7900.635398	88.758	-37.4199
7901.001609	88.757	-37.7822
7901.367820	88.752	-38.1328
7901.734031	88.747	-38.4502
7902.100242	88.747	-38.7607
7902.466453	88.749	-39.1084
7902.832664	88.746	-39.4609
7903.198875	88.742	-39.7803
7903.565086	88.743	-40.0967
7903.931297	88.747	-40.4365
7904.297508	88.749	-40.8096
7904.663719	88.744	-41.2021
7905.029930	88.731	-41.5381
7905.396141	88.725	-41.7891
7905.762352	88.735	-42.0684
7906.128563	88.744	-42.4561
7906.494774	88.739	-42.8574
7906.860985	88.729	-43.1787
7907.227196	88.728	-43.4629
7907.593407	88.733	-43.7754
7907.959618	88.738	-44.1279
7908.325829	88.737	-44.5029
7908.692040	88.730	-44.8418
7909.058251	88.729	-45.1406
7909.424462	88.732	-45.4736
7909.790673	88.731	-45.8252
7910.156884	88.729	-46.1377
7910.523095	88.734	-46.4805
7910.889306	88.730	-46.8594
7911.255516	88.723	-47.1650
7911.621727	88.728	-47.4609
7911.987938	88.732	-47.8447
7912.354149	88.723	-48.1982
7912.720360	88.721	-48.4805
7913.086571	88.728	-48.8311
7913.452782	88.724	-49.2275
7913.818993	88.713	-49.5449
7914.185204	88.712	-49.8213
7914.551415	88.717	-50.1533
7914.917626	88.714	-50.5225
7915.283837	88.704	-50.8311
7915.650048	88.705	-51.0762
7916.016259	88.719	-51.3838
7916.382470	88.725	-51.7861
7916.748681	88.719	-52.1523
7917.114892	88.717	-52.4639
7917.481103	88.720	-52.7949
7917.847314	88.720	-53.1260
7918.213525	88.724	-53.4502
7918.579736	88.728	-53.8242
7918.945947	88.722	-54.1973
7919.312158	88.717	-54.4951
7919.678369	88.722	-54.7910
7920.044580	88.729	-55.1592
7920.410791	88.725	-55.5342
7920.777002	88.720	-55.8467
7921.143213	88.724	-56.1650
7921.509424	88.724	-56.5400
7921.875635	88.714	-56.8545
7922.241845	88.717	-57.0918
7922.608056	88.733	-57.4248
7922.974267	88.736	-57.8467
7923.340478	88.730	-58.1924
7923.706689	88.732	-58.5195
7924.072900	88.729	-58.8975
7924.439111	88.720	-59.1934
7924.805322	88.727	-59.4482
7925.171533	88.740	-59.8271
7925.537744	88.734	-60.2305
7925.903955	88.727	-60.5215
7926.270166	88.734	-60.8135
7926.636377	88.741	-61.1816
7927.002588	88.741	-61.5459
7927.368799	88.742	-61.8867
7927.735010	88.743	-62.2451
7928.101221	88.740	-62.6016
7928.467432	88.737	-62.9229
7928.833643	88.739	-63.2383
7929.199854	88.743	-63.5820
7929.566065	88.743	-63.9453
7929.932276	88.739	-64.2949
7930.298487	88.734	-64.5957
7930.664698	88.739	-64.8711
7931.030909	88.751	-65.2197
7931.397120	88.751	-65.6172
7931.763331	88.745	-65.9365
7932.129542	88.751	-66.2285
7932.495753	88.759	-66.6104
7932.861964	88.753	-66.9873
7933.228175	88.748	-67.2783
7933.594385	88.754	-67.5703
7933.960596	88.762	-67.9082
7934.326807	88.769	-68.2715
7934.693018	88.770	-68.6660
7935.059229	88.762	-69.0254
7935.425440	88.758	-69.3057
7935.791651	88.766	-69.6074
7936.157862	88.772	-69.9824
7936.524073	88.770	-70.3447
7936.890284	88.768	-70.6709
7937.256495	88.767	-71.0000
7937.622706	88.766	-71.3047
7937.988917	88.773	-71.5869
7938.355128	88.787	-71.9365
7938.721339	88.792	-72.3584
7939.087550	88.784	-72.7422
7939.453761	88.779	-73.0615
7939.819972	88.779	-73.3818
7940.186183	88.778	-73.6992
7940.552394	88.780	-73.9873
7940.918605	88.790	-74.3027
7941.284816	88.797	-74.6777
7941.651027	88.795	-75.0273
7942.017238	88.798	-75.3232
7942.383449	88.810	-75.6631
7942.749660	88.816	-76.0762
7943.115871	88.809	-76.4531
7943.482082	88.806	-76.7490
7943.848293	88.813	-77.0537
7944.214504	88.821	-77.4219
7944.580714	88.820	-77.7920
7944.946925	88.817	-78.1123
7945.313136	88.821	-78.4199
7945.679347	88.828	-78.7617
7946.045558	88.829	-79.1133
7946.411769	88.830	-79.4336
7946.777980	88.837	-79.7568
7947.144191	88.845	-80.1289
7947.510402	88.843	-80.5146
7947.876613	88.838	-80.8525
7948.242824	88.836	-81.1514
7948.609035	88.840	-81.4580
7948.975246	88.846	-81.7920
7949.341457	88.848	-82.1318
7949.707668	88.851	-82.4590
7950.073879	88.857	-82.8018
7950.440090	88.859	-83.1699
7950.806301	88.858	-83.5029
7951.172512	88.864	-83.8213
7951.538723	88.871	-84.2109
7951.904934	88.864	-84.6094
7952.271145	88.854	-84.8965
7952.637356	88.861	-85.1475
7953.003567	88.876	-85.4902
7953.369778	88.883	-85.8936
7953.735989	88.881	-86.2705
7954.102200	88.880	-86.6045
7954.468411	88.884	-86.9404
7954.834622	88.887	-87.3027
7955.200833	88.885	-87.6396
7955.567044	88.888	-87.9326
7955.933254	88.900	-88.2578
7956.299465	88.908	-88.6357
7956.665676	88.911	-89.0000
7957.031887	88.917	-89.3555
7957.398098	88.921	-89.7422
7957.764309	88.918	-90.1211
7958.130520	88.913	-90.4424
7958.496731	88.915	-90.7314
7958.862942	88.925	-91.0576
7959.229153	88.931	-91.4219
7959.595364	88.933	-91.7803
7959.961575	88.935	-92.1367
7960.327786	88.932	-92.4873
7960.693997	88.930	-92.7861
7961.060208	88.938	-93.0879
7961.426419	88.944	-93.4531
7961.792630	88.941	-93.7734
7962.158841	88.951	-94.0439
7962.525052	88.970	-94.4326
7962.891263	88.968	-94.8809
7963.257474	88.958	-95.2041
7963.623685	88.963	-95.4844
7963.989896	88.972	-95.8379
7964.356107	88.974	-96.1865
7964.722318	88.980	-96.5166
7965.088529	88.987	-96.8887
7965.454740	88.987	-97.2471
7965.820951	88.991	-97.5723
7966.187162	88.998	-97.9355
7966.553373	88.998	-98.3018
7966.919583	88.999	-98.6104
7967.285794	89.010	-98.9395
7967.652005	89.016	-99.3252
7968.018216	89.015	-99.6738
7968.384427	89.020	-99.9922
7968.750638	89.028	-100.3623
7969.116849	89.026	-100.7305
7969.483060	89.026	-101.0332
7969.849271	89.036	-101.3467
7970.215482	89.044	-101.7119
7970.581693	89.047	-102.0723
7970.947904	89.051	-102.4141
7971.314115	89.056	-102.7695
7971.680326	89.058	-103.1152
7972.046537	89.063	-103.4316
7972.412748	89.075	-103.7861
7972.778959	89.081	-104.2119
7973.145170	89.071	-104.6006
7973.511381	89.065	-104.8740
7973.877592	89.076	-105.1436
7974.243803	89.090	-105.5107
7974.610014	89.092	-105.9043
7974.976225	89.090	-106.2334
7975.342436	89.097	-106.5332
7975.708647	89.110	-106.8779
7976.074858	89.119	-107.2734
7976.441069	89.120	-107.6680
7976.807280	89.119	-108.0186
7977.173491	89.122	-108.3496
7977.539702	89.127	-108.6914
7977.905913	89.133	-109.0420
7978.272123	89.139	-109.4072
7978.638334	89.142	-109.7891
7979.004545	89.140	-110.1426
7979.370756	89.141	-110.4512
7979.736967	89.150	-110.7734
7980.103178	89.160	-111.1416
7980.469389	89.165	-111.5312
7980.835600	89.164	-111.9023
7981.201811	89.163	-112.2314
7981.568022	89.167	-112.5410
7981.934233	89.176	-112.8652
7982.300444	89.187	-113.2148
7982.666655	89.196	-113.5928
7983.032866	89.199	-113.9775
7983.399077	89.200	-114.3037
7983.765288	89.213	-114.6260
7984.131499	89.226	-115.0420
7984.497710	89.223	-115.4619
7984.863921	89.219	-115.7812
7985.230132	89.226	-116.0938
7985.596343	89.235	-116.4590
7985.962554	89.238	-116.8242
7986.328765	89.241	-117.1797
7986.694976	89.243	-117.5176
7987.061187	89.249	-117.8359
7987.427398	89.259	-118.2002
7987.793609	89.260	-118.5771
7988.159820	89.262	-118.8926
7988.526031	89.274	-119.2256
7988.892242	89.282	-119.6240
7989.258453	89.283	-120.0000
7989.624663	89.286	-120.3496
7989.990874	89.290	-120.7119
7990.357085	89.293	-121.0479
7990.723296	89.305	-121.4053
7991.089507	89.310	-121.8359
7991.455718	89.302	-122.2148
7991.821929	89.302	-122.5049
7992.188140	89.313	-122.8330
7992.554351	89.320	-123.2002
7992.920562	89.326	-123.5508
7993.286773	89.335	-123.9346
7993.652984	89.333	-124.3096
7994.019195	89.336	-124.5938
7994.385406	89.358	-124.9268
7994.751617	89.370	-125.4062
7995.117828	89.357	-125.8271
7995.484039	89.349	-126.0781
7995.850250	89.366	-126.3398
7996.216461	89.385	-126.7402
7996.582672	89.386	-127.1738
7996.948883	89.380	-127.5156
7997.315094	89.385	-127.8105
7997.681305	89.394	-128.1621
7998.047516	89.396	-128.5264
7998.413727	89.400	-128.8281
7998.779938	89.415	-129.1631
7999.146149	89.424	-129.5908
7999.512360	89.419	-129.9834
7999.878571	89.417	-130.2832
8000.244782	89.428	-130.5928
8000.610992	89.439	-130.9570
8000.977203	89.448	-131.3359
8001.343414	89.456	-131.7236
8001.709625	89.463	-132.1348
8002.075836	89.461	-132.5469
8002.442047	89.455	-132.8936
8002.808258	89.459	-133.1748
8003.174469	89.476	-133.5029
8003.540680	89.490	-133.9219
8003.906891	89.492	-134.3340
8004.273102	89.494	-134.7021
8004.639313	89.497	-135.0615
8005.005524	89.500	-135.4023
8005.371735	89.509	-135.7393
8005.737946	89.519	-136.1162
8006.104157	89.522	-136.4941
8006.470368	89.525	-136.8291
8006.836579	89.535	-137.1787
8007.202790	89.541	-137.5654
8007.569001	89.541	-137.9209
8007.935212	89.547	-138.2383
8008.301423	89.559	-138.6055
8008.667634	89.562	-139.0117
8009.033845	89.559	-139.3525
8009.400056	89.567	-139.6553
8009.766267	89.580	-140.0391
8010.132478	89.582	-140.4570
8010.498689	89.579	-140.8037
8010.864900	89.585	-141.1211
8011.231111	89.598	-141.4932
8011.597322	89.605	-141.9199
8011.963532	89.603	-142.3350
8012.329743	89.599	-142.6797
8012.695954	89.605	-143.0146
8013.062165	89.609	-143.3945
8013.428376	89.608	-143.7217
8013.794587	89.623	-144.0225
8014.160798	89.642	-144.4492
8014.527009	89.641	-144.9033
8014.893220	89.638	-145.2334
8015.259431	89.649	-145.5723
8015.625642	89.655	-145.9756
8015.991853	89.656	-146.3223
8016.358064	89.666	-146.6523
8016.724275	89.675	-147.0400
8017.090486	89.678	-147.4102
8017.456697	89.684	-147.7500
8017.822908	89.691	-148.1064
8018.189119	89.697	-148.4453
8018.555330	89.710	-148.7852
8018.921541	89.722	-149.1904
8019.287752	89.724	-149.6035
8019.653963	89.723	-149.9541
8020.020174	89.728	-150.2891
8020.386385	89.735	-150.6387
8020.752596	89.743	-150.9902
8021.118807	89.754	-151.3662
8021.485018	89.760	-151.7695
8021.851229	89.762	-152.1553
8022.217440	89.765	-152.5244
8022.583651	89.770	-152.8945
8022.949861	89.776	-153.2764
8023.316072	89.778	-153.6777
8023.682283	89.773	-154.0293
8024.048494	89.778	-154.3086
8024.414705	89.797	-154.6553
8024.780916	89.807	-155.0918
8025.147127	89.807	-155.4707
8025.513338	89.816	-155.8066
8025.879549	89.827	-156.1836
8026.245760	89.837	-156.5635
8026.611971	89.850	-156.9814
8026.978182	89.849	-157.4238
8027.344393	89.844	-157.7412
8027.710604	89.862	-158.0439
8028.076815	89.879	-158.5146
8028.443026	89.869	-158.9609
8028.809237	89.864	-159.2422
8029.175448	89.878	-159.5557
8029.541659	89.888	-159.9521
8029.907870	89.891	-160.3115
8030.274081	89.901	-160.6689
8030.640292	89.909	-161.0732
8031.006503	89.909	-161.4570
8031.372714	89.911	-161.8057
8031.738925	89.917	-162.1611
8032.105136	89.922	-162.5264
8032.471347	89.926	-162.8906
8032.837558	89.930	-163.2422
8033.203769	89.936	-163.5859
8033.569980	89.945	-163.9375
8033.936191	89.955	-164.3125
8034.302401	89.964	-164.7051
8034.668612	89.970	-165.0967
8035.034823	89.976	-165.4902
8035.401034	89.979	-165.8877
8035.767245	89.980	-166.2422
8036.133456	89.989	-166.5752
8036.499667	90.004	-166.9756
8036.865878	90.009	-167.4102
8037.232089	90.009	-167.8086
8037.598300	90.010	-168.1914
8037.964511	90.008	-168.5312
8038.330722	90.018	-168.8232
8038.696933	90.039	-169.2119
8039.063144	90.044	-169.6904
8039.429355	90.036	-170.0635
8039.795566	90.042	-170.3604
8040.161777	90.058	-170.7402
8040.527988	90.064	-171.1621
8040.894199	90.067	-171.5527
8041.260410	90.070	-171.9355
8041.626621	90.073	-172.3037
8041.992832	90.078	-172.6660
8042.359043	90.084	-173.0518
8042.725254	90.086	-173.4219
8043.091465	90.091	-173.7646
8043.457676	90.101	-174.1289
8043.823887	90.109	-174.5117
8044.190098	90.117	-174.8965
8044.556309	90.123	-175.3027
8044.922520	90.125	-175.6973
8045.288731	90.128	-176.0547
8045.654941	90.136	-176.4316
8046.021152	90.139	-176.8340
8046.387363	90.139	-177.1924
8046.753574	90.145	-177.5166
8047.119785	90.157	-177.8750
8047.485996	90.166	-178.2656
8047.852207	90.172	-178.6494
8048.218418	90.178	-179.0205
8048.584629	90.187	-179.3994
8048.950840	90.196	-179.8018
8049.317051	90.200	179.7959
8049.683262	90.204	179.4141
8050.049473	90.210	179.0205
8050.415684	90.211	178.6221
8050.781895	90.211	178.2812
8051.148106	90.222	177.9580
8051.514317	90.239	177.5547
8051.880528	90.244	177.1016
8052.246739	90.240	176.7129
8052.612950	90.244	176.3926
8052.979161	90.259	176.0244
8053.345372	90.266	175.5820
8053.711583	90.262	175.1992
8054.077794	90.269	174.8877
8054.444005	90.284	174.4951
8054.810216	90.286	174.0742
8055.176427	90.289	173.7451
8055.542638	90.306	173.3770
8055.908849	90.313	172.9199
8056.275060	90.310	172.5391
8056.641270	90.318	172.2002
8057.007481	90.327	171.7910
8057.373692	90.327	171.4043
8057.739903	90.334	171.0527
8058.106114	90.342	170.6455
8058.472325	90.340	170.2568
8058.838536	90.345	169.9268
8059.204747	90.356	169.5508
8059.570958	90.360	169.1436
8059.937169	90.362	168.7959
8060.303380	90.375	168.4453
8060.669591	90.388	168.0195
8061.035802	90.390	167.5908
8061.402013	90.392	167.2139
8061.768224	90.398	166.8320
8062.134435	90.403	166.4277
8062.500646	90.404	166.0439
8062.866857	90.407	165.6855
8063.233068	90.414	165.3350
8063.599279	90.425	164.9805
8063.965490	90.439	164.5762
8064.331701	90.445	164.1387
8064.697912	90.447	163.7432
8065.064123	90.453	163.3584
8065.430334	90.455	162.9453
8065.796545	90.452	162.5850
8066.162756	90.459	162.2812
8066.528967	90.477	161.9033
8066.895178	90.484	161.4482
8067.261389	90.480	161.0557
8067.627600	90.484	160.7334
8067.993810	90.499	160.3604
8068.360021	90.507	159.9121
8068.726232	90.503	159.5000
8069.092443	90.503	159.1562
8069.458654	90.511	158.8105
8069.824865	90.521	158.4277
8070.191076	90.529	158.0303
8070.557287	90.537	157.6289
8070.923498	90.543	157.2207
8071.289709	90.547	156.8008
8071.655920	90.546	156.4072
8072.022131	90.550	156.0703
8072.388342	90.565	155.7002
8072.754553	90.574	155.2510
8073.120764	90.573	154.8486
8073.486975	90.582	154.4902
8073.853186	90.593	154.0459
8074.219397	90.587	153.6074
8074.585608	90.583	153.2930
8074.951819	90.596	152.9824
8075.318030	90.612	152.5889
8075.684241	90.622	152.1660
8076.050452	90.628	151.7344
8076.416663	90.627	151.3311
8076.782874	90.628	150.9990
8077.149085	90.642	150.6562
8077.515296	90.656	150.2334
8077.881507	90.660	149.7988
8078.247718	90.661	149.4189
8078.613929	90.669	149.0508
8078.980139	90.677	148.6387
8079.346350	90.678	148.2246
8079.712561	90.680	147.8662
8080.078772	90.691	147.4902
8080.444983	90.697	147.0439
8080.811194	90.692	146.6348
8081.177405	90.692	146.3037
8081.543616	90.701	145.9414
8081.909827	90.705	145.5439
8082.276038	90.708	145.1875
8082.642249	90.720	144.8213
8083.008460	90.729	144.3965
8083.374671	90.730	143.9893
8083.740882	90.733	143.6172
8084.107093	90.740	143.2383
8084.473304	90.747	142.8604
8084.839515	90.756	142.4707
8085.205726	90.763	142.0557
8085.571937	90.766	141.6680
8085.938148	90.776	141.2930
8086.304359	90.787	140.8691
8086.670570	90.790	140.4424
8087.036781	90.793	140.0459
8087.402992	90.797	139.6504
8087.769203	90.800	139.2832
8088.135414	90.812	138.9111
8088.501625	90.822	138.4600
8088.867836	90.817	138.0332
8089.234047	90.818	137.7002
8089.600258	90.831	137.3193
8089.966469	90.833	136.8818
8090.332679	90.830	136.5283
8090.698890	90.842	136.1973
8091.065101	90.855	135.7715
8091.431312	90.856	135.3398
8091.797523	90.858	134.9678
8092.163734	90.866	134.5840
8092.529945	90.871	134.1738
8092.896156	90.875	133.7744
8093.262367	90.879	133.3672
8093.628578	90.878	132.9688
8093.994789	90.879	132.6260
8094.361000	90.891	132.2754
8094.727211	90.903	131.8496
8095.093422	90.905	131.4209
8095.459633	90.908	131.0410
8095.825844	90.914	130.6514
8096.192055	90.919	130.2617
8096.558266	90.927	129.8955
8096.924477	90.939	129.4834
8097.290688	90.943	129.0430
8097.656899	90.943	128.6680
8098.023110	90.953	128.3164
8098.389321	90.966	127.9072
8098.755532	90.973	127.4775
8099.121743	90.979	127.0615
8099.487954	90.983	126.6406
8099.854165	90.984	126.2412
8100.220376	90.989	125.8652
8100.586587	90.995	125.4619
8100.952798	90.996	125.0635
8101.319008	91.000	124.7217
8101.685219	91.015	124.3477
8102.051430	91.024	123.8896
8102.417641	91.019	123.4717
8102.783852	91.021	123.1348
8103.150063	91.033	122.7549
8103.516274	91.039	122.3252
8103.882485	91.040	121.9346
8104.248696	91.045	121.5645
8104.614907	91.053	121.1768
8104.981118	91.061	120.7832
8105.347329	91.070	120.3535
8105.713540	91.070	119.9082
8106.079751	91.066	119.5342
8106.445962	91.072	119.1855
8106.812173	91.082	118.7861
8107.178384	91.087	118.3818
8107.544595	91.094	117.9795
8107.910806	91.098	117.5488
8108.277017	91.096	117.1543
8108.643228	91.101	116.8096
8109.009439	91.115	116.4072
8109.375650	91.119	115.9512
8109.741861	91.115	115.5635
8110.108072	91.122	115.2246
8110.474283	91.135	114.8145
8110.840494	91.136	114.3730
8111.206705	91.135	114.0225
8111.572916	91.149	113.6807
8111.939127	91.164	113.2256
8112.305338	91.161	112.7764
8112.671548	91.161	112.4316
8113.037759	91.175	112.0566
8113.403970	91.181	111.6104
8113.770181	91.180	111.2197
8114.136392	91.189	110.8672
8114.502603	91.203	110.4287
8114.868814	91.202	109.9473
8115.235025	91.189	109.5811
8115.601236	91.193	109.3223
8115.967447	91.219	108.9639
8116.333658	91.232	108.4521
8116.699869	91.222	108.0146
8117.066080	91.223	107.7109
8117.432291	91.241	107.3320
8117.798502	91.247	106.8623
8118.164713	91.244	106.4697
8118.530924	91.251	106.1104
8118.897135	91.260	105.6934
8119.263346	91.263	105.2881
8119.629557	91.270	104.9014
8119.995768	91.276	104.4766
8120.361979	91.276	104.0762
8120.728190	91.282	103.7295
8121.094401	91.298	103.3252
8121.460612	91.304	102.8428
8121.826823	91.296	102.4248
8122.193034	91.298	102.0957
8122.559245	91.311	101.7188
8122.925456	91.318	101.2803
8123.291667	91.319	100.8818
8123.657878	91.325	100.4951
8124.024088	91.330	100.0762
8124.390299	91.328	99.6982
8124.756510	91.337	99.3643
8125.122721	91.355	98.9492
8125.488932	91.360	98.4639
8125.855143	91.353	98.0498
8126.221354	91.355	97.7227
8126.587565	91.370	97.3428
8126.953776	91.379	96.8711
8127.319987	91.374	96.4404
8127.686198	91.375	96.0889
8128.052409	91.385	95.7021
8128.418620	91.391	95.2793
8128.784831	91.395	94.8818
8129.151042	91.401	94.4727
8129.517253	91.403	94.0586
8129.883464	91.407	93.6846
8130.249675	91.417	93.2861
8130.615886	91.422	92.8496
8130.982097	91.422	92.4561
8131.348308	91.428	92.0830
8131.714519	91.436	91.6846
8132.080730	91.444	91.2812
8132.446941	91.453	90.8604
8132.813152	91.456	90.4111
8133.179363	91.452	90.0068
8133.545574	91.454	89.6641
8133.911785	91.466	89.2852
8134.277996	91.475	88.8447
8134.644207	91.474	88.4219
8135.010417	91.474	88.0518
8135.376628	91.482	87.6885
8135.742839	91.494	87.2822
8136.109050	91.501	86.8213
8136.475261	91.495	86.3652
8136.841472	91.486	86.0166
8137.207683	91.493	85.7217
8137.573894	91.510	85.3369
8137.940105	91.518	84.8926
8138.306316	91.521	84.4775
8138.672527	91.527	84.0693
8139.038738	91.531	83.6494
8139.404949	91.535	83.2275
8139.771160	91.535	82.8008
8140.137371	91.530	82.4219
8140.503582	91.535	82.0977
8140.869793	91.551	81.7139
8141.236004	91.560	81.2598
8141.602215	91.561	80.8350
8141.968426	91.566	80.4404
8142.334637	91.573	80.0205
8142.700848	91.575	79.5840
8143.067059	91.574	79.1738
8143.433270	91.575	78.8066
8143.799481	91.583	78.4385
8144.165692	91.594	78.0166
8144.531903	91.597	77.5762
8144.898114	91.596	77.1826
8145.264325	91.602	76.8145
8145.630536	91.612	76.4141
8145.996747	91.619	75.9785
8146.362957	91.619	75.5625
8146.729168	91.622	75.1807
8147.095379	91.629	74.7939
8147.461590	91.636	74.3975
8147.827801	91.644	73.9863
8148.194012	91.648	73.5498
8148.560223	91.645	73.1523
8148.926434	91.651	72.8164
8149.292645	91.668	72.4121
8149.658856	91.673	71.9297
8150.025067	91.667	71.5244
8150.391278	91.670	71.1748
8150.757489	91.679	70.7842
8151.123700	91.685	70.3945
8151.489911	91.698	69.9893
8151.856122	91.706	69.5107
8152.222333	91.701	69.0674
8152.588544	91.700	68.7002
8152.954755	91.707	68.3037
8153.320966	91.710	67.8965
8153.687177	91.717	67.5186
8154.053388	91.728	67.0801
8154.419599	91.727	66.6172
8154.785810	91.724	66.2275
8155.152021	91.729	65.8340
8155.518232	91.727	65.4150
8155.884443	91.724	65.0732
8156.250654	91.735	64.7559
8156.616865	91.753	64.3467
8156.983076	91.761	63.8936
8157.349286	91.762	63.4736
8157.715497	91.765	63.0908
8158.081708	91.774	62.7041
8158.447919	91.784	62.2793
8158.814130	91.788	61.8428
8159.180341	91.791	61.4111
8159.546552	91.789	60.9795
8159.912763	91.783	60.6094
8160.278974	91.789	60.2930
8160.645185	91.805	59.8936
8161.011396	91.810	59.4238
8161.377607	91.804	59.0273
8161.743818	91.808	58.6904
8162.110029	91.822	58.3115
8162.476240	91.834	57.8770
8162.842451	91.841	57.4131
8163.208662	91.840	56.9678
8163.574873	91.840	56.5566
8163.941084	91.842	56.1357
8164.307295	91.839	55.7275
8164.673506	91.839	55.3789
8165.039717	91.850	55.0225
8165.405928	91.862	54.5996
8165.772139	91.867	54.1660
8166.138350	91.872	53.7402
8166.504561	91.872	53.3115
8166.870772	91.869	52.9375
8167.236983	91.877	52.6113
8167.603194	91.895	52.2246
8167.969405	91.909	51.7549
8168.335616	91.912	51.2793
8168.701826	91.910	50.8359
8169.068037	91.906	50.4414
8169.434248	91.909	50.0811
8169.800459	91.919	49.6748
8170.166670	91.921	49.2266
8170.532881	91.917	48.8350
8170.899092	91.922	48.4795
8171.265303	91.930	48.0732
8171.631514	91.933	47.6670
8171.997725	91.940	47.2891
8172.363936	91.950	46.8604
8172.730147	91.951	46.4150
8173.096358	91.953	46.0225
8173.462569	91.961	45.5957
8173.828780	91.957	45.1484
8174.194991	91.952	44.8096
8174.561202	91.967	44.4658
8174.927413	91.978	43.9873
8175.293624	91.970	43.5645
8175.659835	91.975	43.2607
8176.026046	91.997	42.8369
8176.392257	91.999	42.3154
8176.758468	91.989	41.9209
8177.124679	91.997	41.5684
8177.490890	92.004	41.1143
8177.857101	91.996	40.6973
8178.223312	91.997	40.3799
8178.589523	92.012	39.9980
8178.955734	92.019	39.5449
8179.321945	92.020	39.1299
8179.688156	92.023	38.7109
8180.054366	92.019	38.2939
8180.420577	92.018	37.9707
8180.786788	92.036	37.6162
8181.152999	92.049	37.1182
8181.519210	92.042	36.6621
8181.885421	92.043	36.3135
8182.251632	92.054	35.9062
8182.617843	92.057	35.4590
8182.984054	92.058	35.0654
8183.350265	92.067	34.6543
8183.716476	92.070	34.2080
8184.082687	92.068	33.8047
8184.448898	92.073	33.4326
8184.815109	92.084	33.0332
8185.181320	92.093	32.5811
8185.547531	92.093	32.1162
8185.913742	92.089	31.7090
8186.279953	92.090	31.3242
8186.646164	92.092	30.9355
8187.012375	92.097	30.5801
8187.378586	92.112	30.1855
8187.744797	92.119	29.7012
8188.111008	92.112	29.2686
8188.477219	92.112	28.9258
8188.843430	92.124	28.5391
8189.209641	92.130	28.0977
8189.575852	92.130	27.6895
8189.942063	92.136	27.3096
8190.308274	92.147	26.8945
8190.674485	92.152	26.4326
8191.040695	92.149	25.9961
8191.406906	92.148	25.6387
8191.773117	92.161	25.2695
8192.139328	92.175	24.7930
8192.505539	92.170	24.3008
8192.871750	92.161	23.9326
8193.237961	92.169	23.6123
8193.604172	92.186	23.1758
8193.970383	92.184	22.6953
8194.336594	92.177	22.3467
8194.702805	92.191	22.0312
8195.069016	92.211	21.5713
8195.435227	92.210	21.0830
8195.801438	92.208	20.6953
8196.167649	92.214	20.3037
8196.533860	92.217	19.8779
8196.900071	92.218	19.4893
8197.266282	92.224	19.0977
8197.632493	92.227	18.6787
8197.998704	92.228	18.2812
8198.364915	92.231	17.8809
8198.731126	92.231	17.4883
8199.097337	92.235	17.1387
8199.463548	92.249	16.7432
8199.829759	92.257	16.2734
8200.195970	92.256	15.8340
8200.562181	92.258	15.4141
8200.928392	92.256	14.9678
8201.294603	92.250	14.5869
8201.660814	92.256	14.2451
8202.027025	92.269	13.8164
8202.393235	92.270	13.3721
8202.759446	92.273	12.9863
8203.125657	92.284	12.5498
8203.491868	92.284	12.0752
8203.858079	92.279	11.6953
8204.224290	92.289	11.3369
8204.590501	92.302	10.8848
8204.956712	92.302	10.4307
8205.322923	92.303	10.0400
8205.689134	92.311	9.6270
8206.055345	92.311	9.1953
8206.421556	92.310	8.8369
8206.787767	92.323	8.4980
8207.153978	92.343	8.0508
8207.520189	92.347	7.5342
8207.886400	92.337	7.0879
8208.252611	92.330	6.7275
8208.618822	92.332	6.3926
8208.985033	92.343	6.0488
8209.351244	92.359	5.6309
8209.717455	92.365	5.1406
8210.083666	92.360	4.7119
8210.449877	92.363	4.3203
8210.816088	92.365	3.8604
8211.182299	92.355	3.4590
8211.548510	92.359	3.1455
8211.914721	92.376	2.6982
8212.280932	92.369	2.1953
8212.647143	92.358	1.8750
8213.013354	92.376	1.5518
8213.379564	92.392	1.0557
8213.745775	92.387	0.5889
8214.111986	92.388	0.2100
8214.478197	92.395	-0.2109
8214.844408	92.395	-0.6260
8215.210619	92.401	-0.9951
8215.576830	92.414	-1.4062
8215.943041	92.422	-1.8623
8216.309252	92.425	-2.3096
8216.675463	92.425	-2.7314
8217.041674	92.426	-3.1279
8217.407885	92.431	-3.5234
8217.774096	92.433	-3.9248
8218.140307	92.436	-4.2900
8218.506518	92.449	-4.6670
8218.872729	92.460	-5.1211
8219.238940	92.460	-5.5811
8219.605151	92.457	-5.9844
8219.971362	92.458	-6.3809
8220.337573	92.456	-6.7734
8220.703784	92.459	-7.1221
8221.069995	92.472	-7.5059
8221.436206	92.479	-7.9756
8221.802417	92.474	-8.4072
8222.168628	92.476	-8.7656
8222.534839	92.486	-9.1836
8222.901050	92.486	-9.6318
8223.267261	92.486	-9.9980
8223.633472	92.500	-10.3994
8223.999683	92.504	-10.8926
8224.365894	92.498	-11.3027
8224.732104	92.506	-11.6709
8225.098315	92.515	-12.1523
8225.464526	92.505	-12.5947
8225.830737	92.505	-12.9248
8226.196948	92.518	-13.3232
8226.563159	92.521	-13.7695
8226.929370	92.523	-14.1680
8227.295581	92.527	-14.5889
8227.661792	92.525	-14.9883
8228.028003	92.532	-15.3340
8228.394214	92.547	-15.7812
8228.760425	92.543	-16.2549
8229.126636	92.540	-16.6074
8229.492847	92.553	-17.0137
8229.859058	92.552	-17.5205
8230.225269	92.536	-17.8867
8230.591480	92.543	-18.1680
8230.957691	92.563	-18.5928
8231.323902	92.565	-19.0850
8231.690113	92.559	-19.4941
8232.056324	92.561	-19.8516
8232.422535	92.572	-20.2314
8232.788746	92.585	-20.6807
8233.154957	92.587	-21.1709
8233.521168	92.580	-21.5830
8233.887379	92.585	-21.9336
8234.253590	92.599	-22.3594
8234.619801	92.603	-22.8320
8234.986012	92.602	-23.2529
8235.352223	92.607	-23.6699
8235.718433	92.607	-24.0996
8236.084644	92.607	-24.4844
8236.450855	92.614	-24.8682
8236.817066	92.620	-25.2842
8237.183277	92.624	-25.6748
8237.549488	92.633	-26.0830
8237.915699	92.637	-26.5303
8238.281910	92.636	-26.9199
8238.648121	92.645	-27.2930
8239.014332	92.655	-27.7461
8239.380543	92.654	-28.1846
8239.746754	92.657	-28.5752
8240.112965	92.664	-29.0225
8240.479176	92.659	-29.4648
8240.845387	92.657	-29.8213
8241.211598	92.669	-30.2021
8241.577809	92.679	-30.6729
8241.944020	92.678	-31.1543
8242.310231	92.671	-31.5879
8242.676442	92.666	-31.9707
8243.042653	92.669	-32.3408
8243.408864	92.673	-32.7432
8243.775075	92.674	-33.1299
8244.141286	92.682	-33.4834
8244.507497	92.699	-33.9072
8244.873708	92.706	-34.4102
8245.239919	92.700	-34.8740
8245.606130	92.693	-35.2559
8245.972341	92.696	-35.5996
8246.338552	92.708	-35.9717
8246.704763	92.721	-36.4277
8247.070973	92.720	-36.8984
8247.437184	92.716	-37.2959
8247.803395	92.721	-37.6865
8248.169606	92.723	-38.1045
8248.535817	92.725	-38.4902
8248.902028	92.734	-38.8906
8249.268239	92.740	-39.3555
8249.634450	92.737	-39.7969
8250.000661	92.738	-40.1992
8250.366872	92.741	-40.6328
8250.733083	92.738	-41.0605
8251.099294	92.737	-41.4561
8251.465505	92.740	-41.8652
8251.831716	92.740	-42.2734
8252.197927	92.743	-42.6514
8252.564138	92.753	-43.0488
8252.930349	92.761	-43.4961
8253.296560	92.763	-43.9385
8253.662771	92.767	-44.3584
8254.028982	92.771	-44.8076
8254.395193	92.767	-45.2578
8254.761404	92.762	-45.6211
8255.127615	92.772	-45.9600
8255.493826	92.788	-46.4014
8255.860037	92.788	-46.8760
8256.226248	92.785	-47.2686
8256.592459	92.792	-47.6484
8256.958670	92.798	-48.0713
8257.324881	92.800	-48.4707
8257.691092	92.808	-48.8711
8258.057303	92.813	-49.3281
8258.423513	92.807	-49.7559
8258.789724	92.806	-50.0947
8259.155935	92.820	-50.4707
8259.522146	92.829	-50.9453
8259.888357	92.824	-51.3984
8260.254568	92.820	-51.7725
8260.620779	92.826	-52.1592
8260.986990	92.830	-52.5986
8261.353201	92.826	-53.0166
8261.719412	92.826	-53.3750
8262.085623	92.836	-53.7510
8262.451834	92.846	-54.1992
8262.818045	92.847	-54.6426
8263.184256	92.851	-55.0508
8263.550467	92.857	-55.5098
8263.916678	92.851	-55.9688
8264.282889	92.846	-56.3262
8264.649100	92.856	-56.6895
8265.015311	92.866	-57.1416
8265.381522	92.867	-57.5781
8265.747733	92.872	-57.9912
8266.113944	92.876	-58.4336
8266.480155	92.876	-58.8604
8266.846366	92.879	-59.2793
8267.212577	92.877	-59.7119
8267.578788	92.874	-60.0830
8267.944999	92.884	-60.4375
8268.311210	92.896	-60.8848
8268.677421	92.895	-61.3447
8269.043632	92.893	-61.7305
8269.409842	92.900	-62.1240
8269.776053	92.906	-62.5635
8270.142264	92.906	-63.0029
8270.508475	92.902	-63.4287
8270.874686	92.897	-63.8047
8271.240897	92.902	-64.1436
8271.607108	92.915	-64.5586
8271.973319	92.916	-65.0234
8272.339530	92.910	-65.4082
8272.705741	92.917	-65.7627
8273.071952	92.927	-66.1855
8273.438163	92.930	-66.6172
8273.804374	92.934	-67.0303
8274.170585	92.939	-67.4639
8274.536796	92.942	-67.8906
8274.903007	92.947	-68.3271
8275.269218	92.947	-68.7871
8275.635429	92.944	-69.1953
8276.001640	92.949	-69.5938
8276.367851	92.952	-70.0557
8276.734062	92.945	-70.4639
8277.100273	92.950	-70.8145
8277.466484	92.962	-71.2607
8277.832695	92.958	-71.7295
8278.198906	92.954	-72.0850
8278.565117	92.967	-72.4473
8278.931328	92.980	-72.9082
8279.297539	92.983	-73.3789
8279.663750	92.983	-73.8193
8280.029961	92.982	-74.2500
8280.396172	92.981	-74.6523
8280.762382	92.984	-75.0400
8281.128593	92.990	-75.4521
8281.494804	92.992	-75.8721
8281.861015	92.995	-76.2705
8282.227226	93.001	-76.6758
8282.593437	93.005	-77.1064
8282.959648	93.006	-77.5176
8283.325859	93.011	-77.9092
8283.692070	93.018	-78.3398
8284.058281	93.019	-78.7861
8284.424492	93.017	-79.2021
8284.790703	93.016	-79.5967
8285.156914	93.018	-79.9785
8285.523125	93.023	-80.3701
8285.889336	93.028	-80.7871
8286.255547	93.031	-81.1855
8286.621758	93.040	-81.5928
8286.987969	93.046	-82.0752
8287.354180	93.037	-82.5254
8287.720391	93.034	-82.8701
8288.086602	93.046	-83.2646
8288.452813	93.049	-83.7539
8288.819024	93.037	-84.1572
8289.185235	93.041	-84.4629
8289.551446	93.061	-84.8711
8289.917657	93.068	-85.3916
8290.283868	93.060	-85.8447
8290.650079	93.060	-86.2314
8291.016290	93.064	-86.6641
8291.382501	93.060	-87.0830
8291.748711	93.063	-87.4385
8292.114922	93.076	-87.8535
8292.481133	93.081	-88.3330
8292.847344	93.078	-88.7637
8293.213555	93.081	-89.1748
8293.579766	93.083	-89.6074
8293.945977	93.084	-90.0176
8294.312188	93.090	-90.4395
8294.678399	93.090	-90.9004
8295.044610	93.082	-91.2949
8295.410821	93.088	-91.6279
8295.777032	93.104	-92.0576
8296.143243	93.106	-92.5586
8296.509454	93.098	-92.9658
8296.875665	93.103	-93.3184
8297.241876	93.114	-93.7529
8297.608087	93.113	-94.2041
8297.974298	93.114	-94.5967
8298.340509	93.120	-95.0195
8298.706720	93.119	-95.4707
8299.072931	93.113	-95.8506
8299.439142	93.118	-96.1992
8299.805353	93.128	-96.5996
8300.171564	93.136	-97.0430
8300.537775	93.138	-97.5010
8300.903986	93.134	-97.9395
8301.270197	93.130	-98.3320
8301.636408	93.131	-98.7207
8302.002619	93.132	-99.1162
8302.368830	93.136	-99.4951
8302.735041	93.145	-99.9072
8303.101251	93.148	-100.3701
8303.467462	93.144	-100.7959
8303.833673	93.145	-101.1768
8304.199884	93.152	-101.5977
8304.566095	93.152	-102.0400
8304.932306	93.153	-102.4404
8305.298517	93.160	-102.8564
8305.664728	93.162	-103.3213
8306.030939	93.157	-103.7363
8306.397150	93.162	-104.1045
8306.763361	93.174	-104.5439
8307.129572	93.175	-105.0244
8307.495783	93.171	-105.4375
8307.861994	93.177	-105.8311
8308.228205	93.183	-106.2764
8308.594416	93.181	-106.7178
8308.960627	93.180	-107.1045
8309.326838	93.186	-107.4824
8309.693049	93.196	-107.9082
8310.059260	93.200	-108.3604
8310.425471	93.201	-108.7842
8310.791682	93.204	-109.1982
8311.157893	93.206	-109.6357
8311.524104	93.202	-110.0439
8311.890315	93.205	-110.4092
8312.256526	93.213	-110.8213
8312.622737	93.214	-111.2686
8312.988948	93.211	-111.6533
8313.355159	93.217	-112.0225
8313.721370	93.225	-112.4531
8314.087581	93.227	-112.8867
8314.453791	93.231	-113.3027
8314.820002	93.234	-113.7637
8315.186213	93.227	-114.2031
8315.552424	93.224	-114.5615
8315.918635	93.233	-114.9521
8316.284846	93.237	-115.4062
8316.651057	93.236	-115.8252
8317.017268	93.242	-116.2441
8317.383479	93.244	-116.7236
8317.749690	93.234	-117.1641
8318.115901	93.230	-117.5264
8318.482112	93.237	-117.9102
8318.848323	93.243	-118.3486
8319.214534	93.242	-118.7822
8319.580745	93.242	-119.1875
8319.946956	93.246	-119.5957
8320.313167	93.248	-120.0186
8320.679378	93.249	-120.4111
8321.045589	93.259	-120.8076
8321.411800	93.267	-121.2832
8321.778011	93.261	-121.7412
8322.144222	93.258	-122.0879
8322.510433	93.272	-122.4619
8322.876644	93.283	-122.9414
8323.242855	93.282	-123.4004
8323.609066	93.284	-123.8096
8323.975277	93.289	-124.2627
8324.341488	93.284	-124.7266
8324.707699	93.275	-125.1016
8325.073910	93.280	-125.4365
8325.440120	93.294	-125.8535
8325.806331	93.298	-126.3418
8326.172542	93.289	-126.7676
8326.538753	93.288	-127.1162
8326.904964	93.298	-127.5107
8327.271175	93.301	-127.9541
8327.637386	93.302	-128.3467
8328.003597	93.313	-128.7529
8328.369808	93.319	-129.2617
8328.736019	93.305	-129.7305
8329.102230	93.296	-130.0635
8329.468441	93.307	-130.4062
8329.834652	93.318	-130.8516
8330.200863	93.320	-131.3125
8330.567074	93.318	-131.7432
8330.933285	93.317	-132.1504
8331.299496	93.320	-132.5459
8331.665707	93.325	-132.9639
8332.031918	93.329	-133.3965
8332.398129	93.331	-133.8203
8332.764340	93.333	-134.2490
8333.130551	93.333	-134.6631
8333.496762	93.336	-135.0557
8333.862973	93.343	-135.4707
8334.229184	93.348	-135.9082
8334.595395	93.351	-136.3467
8334.961606	93.351	-136.7920
8335.327817	93.346	-137.2021
8335.694028	93.348	-137.5840
8336.060239	93.350	-137.9932
8336.426450	93.348	-138.3740
8336.792660	93.358	-138.7256
8337.158871	93.371	-139.1768
8337.525082	93.368	-139.6484
8337.891293	93.367	-140.0137
8338.257504	93.380	-140.4209
8338.623715	93.384	-140.9238
8338.989926	93.375	-141.3535
8339.356137	93.378	-141.7383
8339.722348	93.382	-142.1924
8340.088559	93.376	-142.6230
8340.454770	93.377	-142.9990
8340.820981	93.384	-143.4414
8341.187192	93.378	-143.9092
8341.553403	93.370	-144.2686
8341.919614	93.379	-144.6064
8342.285825	93.393	-145.0635
8342.652036	93.389	-145.5430
8343.018247	93.383	-145.9102
8343.384458	93.394	-146.2637
8343.750669	93.408	-146.7080
8344.116880	93.413	-147.1738
8344.483091	93.417	-147.6279
8344.849302	93.418	-148.1113
8345.215513	93.408	-148.5537
8345.581724	93.403	-148.8955
8345.947935	93.416	-149.2627
8346.314146	93.426	-149.7490
8346.680357	93.416	-150.2178
8347.046568	93.409	-150.5557
8347.412779	93.422	-150.8975
8347.778989	93.436	-151.3750
8348.145200	93.431	-151.8711
8348.511411	93.422	-152.2705
8348.877622	93.422	-152.6416
8349.243833	93.425	-153.0361
8349.610044	93.428	-153.4355
8349.976255	93.432	-153.8438
8350.342466	93.435	-154.2588
8350.708677	93.439	-154.6660
8351.074888	93.446	-155.0938
8351.441099	93.449	-155.5498
8351.807310	93.446	-155.9863
8352.173521	93.445	-156.3799
8352.539732	93.452	-156.7734
8352.905943	93.461	-157.2393
8353.272154	93.456	-157.7334
8353.638365	93.444	-158.1172
8354.004576	93.448	-158.4297
8354.370787	93.466	-158.8408
8354.736998	93.472	-159.3369
8355.103209	93.468	-159.7852
8355.469420	93.468	-160.1924
8355.835631	93.469	-160.6221
8356.201842	93.465	-161.0400
8356.568053	93.464	-161.3975
8356.934264	93.475	-161.7676
8357.300475	93.484	-162.2227
8357.666686	93.481	-162.6582
8358.032897	93.484	-163.0166
8358.399108	93.498	-163.4395
8358.765319	93.502	-163.9355
8359.131529	93.498	-164.3643
8359.497740	93.503	-164.7930
8359.863951	93.500	-165.2920
8360.230162	93.483	-165.6924
8360.596373	93.482	-165.9922
8360.962584	93.496	-166.3848
8361.328795	93.499	-166.8447
8361.695006	93.498	-167.2500
8362.061217	93.505	-167.6641
8362.427428	93.508	-168.1309
8362.793639	93.504	-168.5869
8363.159850	93.497	-168.9980
8363.526061	93.495	-169.3691
8363.892272	93.504	-169.7480
8364.258483	93.514	-170.2207
8364.624694	93.506	-170.7227
8364.990905	93.491	-171.0859
8365.357116	93.499	-171.3867
8365.723327	93.519	-171.8330
8366.089538	93.518	-172.3506
8366.455749	93.508	-172.7539
8366.821960	93.513	-173.1221
8367.188171	93.519	-173.5684
8367.554382	93.517	-174.0078
8367.920593	93.517	-174.4082
8368.286804	93.518	-174.8242
8368.653015	93.517	-175.2168
8369.019226	93.523	-175.5859
8369.385437	93.534	-176.0127
8369.751648	93.538	-176.4795
8370.117858	93.535	-176.9209
8370.484069	93.533	-177.3291
8370.850280	93.534	-177.7109
8371.216491	93.542	-178.1172
8371.582702	93.545	-178.5732
8371.948913	93.541	-178.9912
8372.315124	93.544	-179.3672
8372.681335	93.552	-179.7969
8373.047546	93.552	179.7432
8373.413757	93.548	179.3330
8373.779968	93.549	178.9414
8374.146179	93.552	178.5410
8374.512390	93.557	178.1377
8374.878601	93.564	177.7090
8375.244812	93.566	177.2607
8375.611023	93.565	176.8340
8375.977234	93.568	176.4111
8376.343445	93.568	175.9639
8376.709656	93.562	175.5439
8377.075867	93.562	175.1699
8377.442078	93.568	174.7598
8377.808289	93.565	174.3174
8378.174500	93.560	173.9521
8378.540711	93.570	173.6084
8378.906922	93.584	173.1582
8379.273133	93.584	172.6689
8379.639344	93.579	172.2324
8380.005555	93.574	171.8193
8380.371766	93.569	171.4502
8380.737977	93.576	171.1064
8381.104188	93.591	170.6670
8381.470398	93.590	170.1699
8381.836609	93.583	169.7529
8382.202820	93.584	169.3672
8382.569031	93.587	168.9443
8382.935242	93.588	168.5273
8383.301453	93.592	168.1016
8383.667664	93.591	167.6436
8384.033875	93.584	167.2275
8384.400086	93.583	166.8730
8384.766297	93.593	166.4893
8385.132508	93.601	166.0322
8385.498719	93.600	165.5723
8385.864930	93.598	165.1641
8386.231141	93.603	164.7578
8386.597352	93.605	164.3086
8386.963563	93.602	163.8838
8387.329774	93.603	163.5000
8387.695985	93.609	163.0801
8388.062196	93.609	162.6328
8388.428407	93.606	162.2354
8388.794618	93.610	161.8467
8389.160829	93.615	161.4111
8389.527040	93.612	160.9766
8389.893251	93.610	160.5781
8390.259462	93.610	160.1885
8390.625673	93.613	159.8018
8390.991884	93.621	159.3887
8391.358095	93.625	158.9209
8391.724306	93.619	158.4707
8392.090517	93.614	158.0830
8392.456728	93.617	157.6865
8392.822938	93.619	157.2607
8393.189149	93.620	156.8379
8393.555360	93.620	156.4072
8393.921571	93.617	155.9951
8394.287782	93.619	155.6152
8394.653993	93.627	155.1836
8395.020204	93.625	154.7217
8395.386415	93.621	154.3311
8395.752626	93.627	153.9492
8396.118837	93.633	153.5039
8396.485048	93.631	153.0801
8396.851259	93.634	152.7051
8397.217470	93.645	152.2920
8397.583681	93.653	151.8262
8397.949892	93.654	151.3506
8398.316103	93.649	150.8975
8398.682314	93.644	150.4824
8399.048525	93.641	150.0879
8399.414736	93.641	149.6943
8399.780947	93.642	149.2939
8400.147158	93.641	148.8887
8400.513369	93.639	148.5107
8400.879580	93.644	148.1631
8401.245791	93.660	147.7598
8401.612002	93.669	147.2578
8401.978213	93.662	146.7646
8402.344424	93.652	146.3740
8402.710635	93.656	146.0088
8403.076846	93.665	145.5615
8403.443057	93.661	145.0879
8403.809267	93.654	144.6836
8404.175478	93.655	144.3047
8404.541689	93.659	143.9053
8404.907900	93.666	143.5010
8405.274111	93.676	143.0439
8405.640322	93.672	142.5518
8406.006533	93.661	142.1699
8406.372744	93.669	141.8516
8406.738955	93.688	141.4062
8407.105166	93.690	140.8896
8407.471377	93.683	140.4648
8407.837588	93.684	140.0762
8408.203799	93.688	139.6475
8408.570010	93.687	139.2246
8408.936221	93.687	138.8271
8409.302432	93.690	138.4199
8409.668643	93.692	138.0010
8410.034854	93.693	137.5713
8410.401065	93.689	137.1416
8410.767276	93.682	136.7500
8411.133487	93.681	136.3994
8411.499698	93.688	136.0312
8411.865909	93.697	135.6123
8412.232120	93.703	135.1543
8412.598331	93.701	134.6836
8412.964542	93.692	134.2461
8413.330753	93.686	133.8867
8413.696964	93.693	133.5303
8414.063175	93.705	133.0811
8414.429386	93.705	132.5908
8414.795597	93.699	132.1504
8415.161807	93.696	131.7373
8415.528018	93.695	131.3369
8415.894229	93.699	130.9502
8416.260440	93.709	130.5059
8416.626651	93.708	130.0039
8416.992862	93.694	129.5732
8417.359073	93.689	129.2490
8417.725284	93.702	128.8936
8418.091495	93.713	128.4297
8418.457706	93.710	127.9590
8418.823917	93.705	127.5723
8419.190128	93.711	127.1992
8419.556339	93.718	126.7676
8419.922550	93.719	126.3320
8420.288761	93.721	125.9326
8420.654972	93.728	125.5059
8421.021183	93.731	125.0371
8421.387394	93.726	124.5938
8421.753605	93.724	124.1992
8422.119816	93.729	123.7842
8422.486027	93.730	123.3203
8422.852238	93.722	122.8955
8423.218449	93.721	122.5352
8423.584660	93.730	122.1309
8423.950871	93.733	121.6660
8424.317082	93.728	121.2461
8424.683293	93.730	120.8633
8425.049504	93.736	120.4346
8425.415715	93.735	119.9971
8425.781926	93.735	119.6074
8426.148136	93.744	119.2061
8426.514347	93.752	118.7305
8426.880558	93.746	118.2471
8427.246769	93.736	117.8477
8427.612980	93.736	117.4941
8427.979191	93.743	117.1016
8428.345402	93.747	116.6709
8428.711613	93.747	116.2461
8429.077824	93.747	115.8359
8429.444035	93.747	115.4287
8429.810246	93.748	115.0166
8430.176457	93.748	114.6143
8430.542668	93.750	114.2295
8430.908879	93.758	113.8135
8431.275090	93.761	113.3506
8431.641301	93.757	112.9141
8432.007512	93.757	112.5068
8432.373723	93.757	112.0820
8432.739934	93.755	111.6807
8433.106145	93.761	111.2793
8433.472356	93.766	110.8086
8433.838567	93.757	110.3545
8434.204778	93.750	110.0000
8434.570989	93.758	109.6436
8434.937200	93.768	109.2246
8435.303411	93.776	108.7686
8435.669622	93.776	108.2910
8436.035833	93.769	107.8623
8436.402044	93.769	107.5000
8436.768255	93.779	107.0850
8437.134466	93.781	106.6191
8437.500676	93.778	106.1943
8437.866887	93.779	105.7695
8438.233098	93.775	105.3467
8438.599309	93.774	104.9893
8438.965520	93.787	104.5820
8439.331731	93.789	104.0732
8439.697942	93.776	103.6436
8440.064153	93.774	103.3027
8440.430364	93.783	102.8838
8440.796575	93.779	102.4248
8441.162786	93.773	102.0420
8441.528997	93.777	101.6670
8441.895208	93.782	101.2451
8442.261419	93.783	100.8271
8442.627630	93.787	100.4053
8442.993841	93.787	99.9600
8443.360052	93.784	99.5479
8443.726263	93.787	99.1689
8444.092474	93.797	98.7324
8444.458685	93.799	98.2373
8444.824896	93.789	97.7812
8445.191107	93.781	97.4014
8445.557318	93.783	97.0439
8445.923529	93.791	96.6504
8446.289740	93.797	96.2031
8446.655951	93.796	95.7441
8447.022162	93.790	95.3271
8447.388373	93.790	94.9531
8447.754584	93.796	94.5518
8448.120795	93.799	94.0898
8448.487006	93.790	93.6602
8448.853216	93.787	93.3262
8449.219427	93.800	92.9463
8449.585638	93.805	92.4492
8449.951849	93.793	92.0225
8450.318060	93.794	91.7139
8450.684271	93.815	91.2900
8451.050482	93.816	90.7266
8451.416693	93.794	90.2812
8451.782904	93.787	89.9893
8452.149115	93.801	89.6406
8452.515326	93.812	89.1768
8452.881537	93.811	88.7188
8453.247748	93.809	88.3047
8453.613959	93.811	87.8945
8453.980170	93.813	87.4863
8454.346381	93.820	87.0645
8454.712592	93.824	86.5898
8455.078803	93.815	86.1406
8455.445014	93.810	85.7988
8455.811225	93.824	85.4453
8456.177436	93.840	84.9561
8456.543647	93.836	84.4316
8456.909858	93.823	84.0078
8457.276069	93.819	83.6562
8457.642280	93.826	83.2812
8458.008491	93.834	82.8506
8458.374702	93.837	82.3877
8458.740913	93.832	81.9336
8459.107124	93.824	81.5293
8459.473335	93.823	81.1846
8459.839545	93.834	80.7910
8460.205756	93.837	80.2861
8460.571967	93.820	79.8555
8460.938178	93.817	79.5811
8461.304389	93.840	79.2041
8461.670600	93.849	78.6475
8462.036811	93.833	78.1758
8462.403022	93.829	77.8213
8462.769233	93.834	77.3936
8463.135444	93.828	76.9424
8463.501655	93.822	76.5713
8463.867866	93.826	76.2031
8464.234077	93.834	75.7939
8464.600288	93.840	75.3545
8464.966499	93.841	74.8857
8465.332710	93.835	74.4658
8465.698921	93.837	74.1016
8466.065132	93.848	73.6738
8466.431343	93.850	73.2031
8466.797554	93.849	72.7832
8467.163765	93.855	72.3516
8467.529976	93.854	71.8828
8467.896187	93.848	71.4717
8468.262398	93.851	71.0850
8468.628609	93.856	70.6445
8468.994820	93.852	70.2148
8469.361031	93.853	69.8311
8469.727242	93.859	69.4150
8470.093453	93.860	68.9766
8470.459664	93.860	68.5723
8470.825875	93.864	68.1582
8471.192085	93.866	67.7080
8471.558296	93.862	67.2871
8471.924507	93.862	66.9043
8472.290718	93.868	66.5029
8472.656929	93.874	66.0605
8473.023140	93.875	65.5967
8473.389351	93.870	65.1465
8473.755562	93.864	64.7393
8474.121773	93.864	64.3389
8474.487984	93.863	63.9199
8474.854195	93.861	63.5244
8475.220406	93.865	63.1328
8475.586617	93.870	62.6846
8475.952828	93.865	62.2432
8476.319039	93.862	61.8691
8476.685250	93.870	61.4736
8477.051461	93.874	61.0088
8477.417672	93.869	60.5713
8477.783883	93.869	60.1826
8478.150094	93.873	59.7578
8478.516305	93.871	59.3154
8478.882516	93.869	58.9180
8479.248727	93.872	58.5107
8479.614938	93.873	58.0703
8479.981149	93.870	57.6553
8480.347360	93.869	57.2568
8480.713571	93.869	56.8652
8481.079782	93.875	56.4922
8481.445993	93.888	56.0469
8481.812204	93.886	55.5254
8482.178414	93.870	55.1094
8482.544625	93.869	54.8018
8482.910836	93.885	54.4160
8483.277047	93.893	53.9219
8483.643258	93.888	53.4365
8484.009469	93.878	53.0293
8484.375680	93.877	52.6865
8484.741891	93.890	52.2979
8485.108102	93.898	51.8174
8485.474313	93.895	51.3379
8485.840524	93.888	50.9111
8486.206735	93.884	50.5195
8486.572946	93.886	50.1494
8486.939157	93.894	49.7432
8487.305368	93.898	49.2881
8487.671579	93.896	48.8604
8488.037790	93.898	48.4531
8488.404001	93.901	48.0215
8488.770212	93.902	47.5908
8489.136423	93.903	47.1543
8489.502634	93.899	46.7041
8489.868845	93.891	46.3066
8490.235056	93.892	45.9482
8490.601267	93.898	45.5420
8490.967478	93.899	45.1094
8491.333689	93.898	44.7041
8491.699900	93.901	44.2910
8492.066111	93.900	43.8623
8492.432322	93.898	43.4678
8492.798533	93.904	43.0781
8493.164744	93.912	42.6201
8493.530954	93.908	42.1338
8493.897165	93.898	41.7197
8494.263376	93.898	41.3564
8494.629587	93.906	40.9414
8494.995798	93.909	40.4648
8495.362009	93.902	40.0029
8495.728220	93.894	39.6094
8496.094431	93.895	39.2383
8496.460642	93.901	38.8232
8496.826853	93.901	38.3945
8497.193064	93.903	37.9990
8497.559275	93.913	37.5684
8497.925486	93.915	37.0771
8498.291697	93.906	36.6387
8498.657908	93.904	36.2734
8499.024119	93.912	35.8750
8499.390330	93.918	35.4248
8499.756541	93.918	34.9707
8500.122752	93.914	34.5352
8500.488963	93.911	34.1426
8500.855174	93.916	33.7520
8501.221385	93.921	33.2939
8501.587596	93.913	32.8438
8501.953807	93.907	32.4922
8502.320018	93.918	32.1221
8502.686229	93.923	31.6357
8503.052440	93.911	31.1934
8503.418651	93.905	30.8799
8503.784862	93.921	30.5264
8504.151073	93.934	30.0391
8504.517283	93.930	29.5410
8504.883494	93.922	29.1084
8505.249705	93.917	28.7197
8505.615916	93.920	28.3438
8505.982127	93.929	27.9121
8506.348338	93.929	27.4287
8506.714549	93.922	26.9932
8507.080760	93.922	26.5938
8507.446971	93.922	26.1592
8507.813182	93.919	25.7461
8508.179393	93.921	25.3604
8508.545604	93.927	24.9238
8508.911815	93.925	24.4844
8509.278026	93.926	24.0820
8509.644237	93.930	23.6406
8510.010448	93.925	23.2061
8510.376659	93.924	22.8506
8510.742870	93.937	22.4443
8511.109081	93.940	21.9502
8511.475292	93.931	21.5381
8511.841503	93.936	21.1807
8512.207714	93.946	20.7246
8512.573925	93.941	20.2412
8512.940136	93.932	19.8467
8513.306347	93.933	19.4854
8513.672558	93.940	19.0850
8514.038769	93.946	18.6250
8514.404980	93.939	18.1533
8514.771191	93.929	17.7686
8515.137402	93.932	17.4082
8515.503613	93.936	16.9668
8515.869823	93.929	16.5498
8516.236034	93.930	16.2129
8516.602245	93.945	15.7910
8516.968456	93.947	15.2881
8517.334667	93.939	14.8623
8517.700878	93.942	14.4570
8518.067089	93.942	13.9941
8518.433300	93.935	13.5723
8518.799511	93.935	13.1836
8519.165722	93.935	12.7617
8519.531933	93.933	12.3838
8519.898144	93.945	12.0059
8520.264355	93.955	11.4941
8520.630566	93.942	11.0020
8520.996777	93.932	10.6787
8521.362988	93.946	10.3223
8521.729199	93.954	9.8252
8522.095410	93.945	9.3877
8522.461621	93.946	9.0371
8522.827832	93.957	8.6045
8523.194043	93.956	8.1201
8523.560254	93.948	7.7139
8523.926465	93.950	7.3408
8524.292676	93.955	6.9180
8524.658887	93.955	6.4834
8525.025098	93.956	6.0693
8525.391309	93.957	5.6279
8525.757520	93.950	5.1973
8526.123731	93.945	4.8574
8526.489942	93.959	4.5068
8526.856153	93.973	4.0186
8527.222363	93.970	3.5088
8527.588574	93.963	3.0811
8527.954785	93.961	2.6465
8528.320996	93.951	2.2256
8528.687207	93.949	1.8984
8529.053418	93.966	1.5088
8529.419629	93.971	0.9805
8529.785840	93.957	0.5342
8530.152051	93.957	0.1895
8530.518262	93.966	-0.2598
8530.884473	93.957	-0.7275
8531.250684	93.951	-1.0557
8531.616895	93.967	-1.4150
8531.983106	93.980	-1.9248
8532.349317	93.973	-2.4229
8532.715528	93.965	-2.8369
8533.081739	93.962	-3.2344
8533.447950	93.961	-3.6230
8533.814161	93.966	-4.0225
8534.180372	93.970	-4.4678
8534.546583	93.966	-4.8945
8534.912794	93.967	-5.2812
8535.279005	93.973	-5.7061
8535.645216	93.974	-6.1553
8536.011427	93.972	-6.5781
8536.377638	93.973	-7.0000
8536.743849	93.973	-7.4287
8537.110060	93.973	-7.8467
8537.476271	93.974	-8.2764
8537.842482	93.971	-8.6943
8538.208692	93.972	-9.0762
8538.574903	93.982	-9.4951
8538.941114	93.985	-9.9697
8539.307325	93.983	-10.4160
8539.673536	93.983	-10.8398
8540.039747	93.984	-11.2900
8540.405958	93.979	-11.7178
8540.772169	93.979	-12.1113
8541.138380	93.984	-12.5312
8541.504591	93.986	-12.9688
8541.870802	93.988	-13.4004
8542.237013	93.990	-13.8486
8542.603224	93.986	-14.2900
8542.969435	93.983	-14.6895
8543.335646	93.985	-15.0850
8543.701857	93.989	-15.4990
8544.068068	93.993	-15.9209
8544.434279	93.998	-16.3701
8544.800490	93.996	-16.8359
8545.166701	93.989	-17.2617
8545.532912	93.986	-17.6484
8545.899123	93.987	-18.0410
8546.265334	93.990	-18.4434
8546.631545	93.995	-18.8613
8546.997756	93.998	-19.3047
8547.363967	93.997	-19.7520
8547.730178	93.996	-20.1924
8548.096389	93.993	-20.6426
8548.462600	93.984	-21.0684
8548.828811	93.978	-21.4346
8549.195022	93.982	-21.7979
8549.561232	93.990	-22.2168
8549.927443	93.993	-22.6816
8550.293654	93.988	-23.1328
8550.659865	93.982	-23.5117
8551.026076	93.991	-23.8818
8551.392287	94.001	-24.3672
8551.758498	93.992	-24.8633
8552.124709	93.981	-25.2119
8552.490920	93.994	-25.5684
8552.857131	94.003	-26.0664
8553.223342	93.993	-26.5166
8553.589553	93.994	-26.8701
8553.955764	94.005	-27.3047
8554.321975	94.003	-27.7852
8554.688186	93.998	-28.1924
8555.054397	94.000	-28.5967
8555.420608	94.001	-29.0176
8555.786819	94.004	-29.4209
8556.153030	94.010	-29.8750
8556.519241	94.005	-30.3535
8556.885452	93.995	-30.7432
8557.251663	93.998	-31.1006
8557.617874	94.004	-31.5381
8557.984085	93.999	-31.9854
8558.350296	93.995	-32.3477
8558.716507	94.006	-32.7217
8559.082718	94.017	-33.2158
8559.448929	94.008	-33.7158
8559.815140	93.996	-34.0938
8560.181351	94.000	-34.4541
8560.547561	94.006	-34.8838
8560.913772	94.008	-35.3135
8561.279983	94.012	-35.7461
8561.646194	94.011	-36.2051
8562.012405	94.008	-36.6279
8562.378616	94.010	-37.0449
8562.744827	94.009	-37.4902
8563.111038	94.005	-37.8945
8563.477249	94.011	-38.3066
8563.843460	94.011	-38.7900
8564.209671	93.998	-39.2041
8564.575882	93.999	-39.5273
8564.942093	94.014	-39.9424
8565.308304	94.017	-40.4395
8565.674515	94.011	-40.8799
8566.040726	94.010	-41.2979
8566.406937	94.008	-41.7412
8566.773148	94.001	-42.1396
8567.139359	94.005	-42.5000
8567.505570	94.017	-42.9424
8567.871781	94.016	-43.4521
8568.237992	94.004	-43.8789
8568.604203	94.004	-44.2529
8568.970414	94.008	-44.7012
8569.336625	94.001	-45.1387
8569.702836	94.000	-45.4951
8570.069047	94.011	-45.9258
8570.435258	94.008	-46.4268
8570.801469	93.997	-46.8232
8571.167680	94.002	-47.1992
8571.533891	94.004	-47.6582
8571.900101	93.995	-48.0576
8572.266312	94.001	-48.4053
8572.632523	94.014	-48.8594
8572.998734	94.010	-49.3438
8573.364945	94.005	-49.7471
8573.731156	94.008	-50.1504
8574.097367	94.010	-50.5791
8574.463578	94.012	-51.0039
8574.829789	94.015	-51.4590
8575.196000	94.011	-51.9111
8575.562211	94.008	-52.3164
8575.928422	94.012	-52.7607
8576.294633	94.004	-53.2373
8576.660844	93.990	-53.6094
8577.027055	93.995	-53.9277
8577.393266	94.008	-54.3594
8577.759477	94.006	-54.8389
8578.125688	94.001	-55.2227
8578.491899	94.010	-55.6104
8578.858110	94.017	-56.0928
8579.224321	94.012	-56.5410
8579.590532	94.015	-56.9375
8579.956743	94.022	-57.4180
8580.322954	94.012	-57.9131
8580.689165	94.001	-58.2969
8581.055376	94.003	-58.6670
8581.421587	94.005	-59.0811
8581.787798	94.007	-59.4824
8582.154009	94.014	-59.9219
8582.520220	94.011	-60.3838
8582.886431	94.007	-60.7734
8583.252641	94.016	-61.1953
8583.618852	94.014	-61.7021
8583.985063	94.000	-62.1133
8584.351274	94.001	-62.4502
8584.717485	94.010	-62.8955
8585.083696	94.004	-63.3564
8585.449907	94.001	-63.7217
8585.816118	94.010	-64.1309
8586.182329	94.012	-64.6152
8586.548540	94.005	-65.0449
8586.914751	94.005	-65.4297
8587.280962	94.012	-65.8701
8587.647173	94.009	-66.3457
8588.013384	93.998	-66.7549
8588.379595	93.998	-67.0879
8588.745806	94.013	-67.4795
8589.112017	94.021	-67.9688
8589.478228	94.018	-68.4219
8589.844439	94.022	-68.8535
8590.210650	94.021	-69.3457
8590.576861	94.008	-69.7646
8590.943072	94.010	-70.0928
8591.309283	94.026	-70.5430
8591.675494	94.021	-71.0713
8592.041705	94.007	-71.4756
8592.407916	94.007	-71.8369
8592.774127	94.009	-72.2568
8593.140338	94.008	-72.6572
8593.506549	94.013	-73.0635
8593.872760	94.014	-73.5303
8594.238970	94.004	-73.9463
8594.605181	94.006	-74.2988
8594.971392	94.017	-74.7324
8595.337603	94.015	-75.2295
8595.703814	94.005	-75.6396
8596.070025	94.008	-76.0127
8596.436236	94.015	-76.4766
8596.802447	94.008	-76.9502
8597.168658	94.002	-77.3428
8597.534869	94.006	-77.7529
8597.901080	94.006	-78.2119
8598.267291	94.002	-78.6377
8598.633502	94.002	-79.0586
8598.999713	94.000	-79.4990
8599.365924	93.997	-79.9004
8599.732135	94.001	-80.2988
8600.098346	94.004	-80.7402
8600.464557	94.005	-81.1719
8600.830768	94.008	-81.6074
8601.196979	94.007	-82.0664
8601.563190	94.002	-82.4814
8601.929401	94.005	-82.8730
8602.295612	94.011	-83.3135
8602.661823	94.011	-83.7588
8603.028034	94.012	-84.2002
8603.394245	94.009	-84.6748
8603.760456	93.996	-85.0791
8604.126667	93.996	-85.3936
8604.492878	94.014	-85.8027
8604.859089	94.020	-86.3457
8605.225300	94.004	-86.8428
8605.591510	93.987	-87.2109
8605.957721	93.987	-87.5146
8606.323932	94.003	-87.8848
8606.690143	94.016	-88.4014
8607.056354	94.005	-88.9375
8607.422565	93.986	-89.3242
8607.788776	93.987	-89.6338
8608.154987	94.001	-90.0352
8608.521198	94.009	-90.5312
8608.887409	94.006	-91.0342
8609.253620	93.997	-91.4961
8609.619831	93.988	-91.9102
8609.986042	93.983	-92.2998
8610.352253	93.983	-92.6895
8610.718464	93.987	-93.1006
8611.084675	93.989	-93.5400
8611.450886	93.986	-93.9697
8611.817097	93.985	-94.3633
8612.183308	93.991	-94.7676
8612.549519	93.997	-95.2217
8612.915730	93.997	-95.6914
8613.281941	93.994	-96.1455
8613.648152	93.987	-96.5830
8614.014363	93.979	-96.9736
8614.380574	93.981	-97.3301
8614.746785	93.991	-97.7490
8615.112996	93.993	-98.2373
8615.479207	93.983	-98.6719
8615.845418	93.981	-99.0361
8616.211629	93.989	-99.4590
8616.577839	93.986	-99.9336
8616.944050	93.977	-100.3242
8617.310261	93.983	-100.6826
8617.676472	93.994	-101.1582
8618.042683	93.986	-101.6631
8618.408894	93.974	-102.0430
8618.775105	93.979	-102.3984
8619.141316	93.988	-102.8369
8619.507527	93.990	-103.2939
8619.873738	93.992	-103.7432
8620.239949	93.992	-104.2217
8620.606160	93.985	-104.6934
8620.972371	93.975	-105.1133
8621.338582	93.971	-105.4932
8621.704793	93.975	-105.8779
8622.071004	93.983	-106.3311
8622.437215	93.980	-106.8242
8622.803426	93.968	-107.2461
8623.169637	93.965	-107.6123
8623.535848	93.969	-108.0176
8623.902059	93.969	-108.4336
8624.268270	93.972	-108.8232
8624.634481	93.980	-109.2607
8625.000692	93.980	-109.7334
8625.366903	93.976	-110.1367
8625.733114	93.985	-110.5400
8626.099325	93.991	-111.0508
8626.465536	93.979	-111.5420
8626.831747	93.970	-111.9131
8627.197958	93.977	-112.3066
8627.564169	93.978	-112.7803
8627.930379	93.969	-113.2109
8628.296590	93.966	-113.5850
8628.662801	93.970	-113.9854
8629.029012	93.973	-114.4092
8629.395223	93.977	-114.8486
8629.761434	93.978	-115.3184
8630.127645	93.971	-115.7822
8630.493856	93.963	-116.1846
8630.860067	93.964	-116.5635
8631.226278	93.970	-117.0117
8631.592489	93.964	-117.4971
8631.958700	93.952	-117.9023
8632.324911	93.951	-118.2637
8632.691122	93.954	-118.6797
8633.057333	93.953	-119.0957
8633.423544	93.958	-119.5010
8633.789755	93.964	-119.9854
8634.155966	93.955	-120.4668
8634.522177	93.948	-120.8467
8634.888388	93.956	-121.2588
8635.254599	93.956	-121.7588
8635.620810	93.944	-122.1924
8635.987021	93.943	-122.5547
8636.353232	93.951	-122.9688
8636.719443	93.955	-123.4268
8637.085654	93.955	-123.8857
8637.451865	93.952	-124.3350
8637.818076	93.949	-124.7480
8638.184287	93.952	-125.1523
8638.550498	93.956	-125.6006
8638.916708	93.955	-126.0479
8639.282919	93.956	-126.4648
8639.649130	93.961	-126.9189
8640.015341	93.958	-127.4219
8640.381552	93.941	-127.8652
8640.747763	93.930	-128.1963
8641.113974	93.938	-128.5254
8641.480185	93.950	-128.9814
8641.846396	93.943	-129.4756
8642.212607	93.929	-129.8564
8642.578818	93.930	-130.1807
8642.945029	93.942	-130.5791
8643.311240	93.949	-131.0498
8643.677451	93.947	-131.5410
8644.043662	93.936	-132.0020
8644.409873	93.925	-132.3770
8644.776084	93.930	-132.7285
8645.142295	93.941	-133.1777
8645.508506	93.939	-133.6836
8645.874717	93.930	-134.1211
8646.240928	93.931	-134.5264
8646.607139	93.935	-135.0078
8646.973350	93.925	-135.5059
8647.339561	93.911	-135.8965
8647.705772	93.912	-136.2588
8648.071983	93.917	-136.7041
8648.438194	93.912	-137.1484
8648.804405	93.910	-137.5312
8649.170616	93.918	-137.9580
8649.536827	93.916	-138.4287
8649.903038	93.910	-138.8320
8650.269248	93.917	-139.2139
8650.635459	93.926	-139.6865
8651.001670	93.922	-140.1943
8651.367881	93.910	-140.6250
8651.734092	93.905	-141.0020
8652.100303	93.907	-141.3975
8652.466514	93.909	-141.8135
8652.832725	93.913	-142.2412
8653.198936	93.916	-142.7119
8653.565147	93.908	-143.2090
8653.931358	93.891	-143.6279
8654.297569	93.882	-143.9482
8654.663780	93.891	-144.3027
8655.029991	93.899	-144.7627
8655.396202	93.894	-145.2236
8655.762413	93.889	-145.6182
8656.128624	93.893	-146.0234
8656.494835	93.895	-146.4707
8656.861046	93.893	-146.9180
8657.227257	93.890	-147.3535
8657.593468	93.888	-147.7715
8657.959679	93.891	-148.1934
8658.325890	93.894	-148.6660
8658.692101	93.888	-149.1494
8659.058312	93.878	-149.5742
8659.424523	93.873	-149.9678
8659.790734	93.873	-150.3643
8660.156945	93.876	-150.7764
8660.523156	93.879	-151.2275
8660.889367	93.876	-151.6768
8661.255578	93.874	-152.1035
8661.621788	93.874	-152.5557
8661.987999	93.867	-153.0020
8662.354210	93.861	-153.3955
8662.720421	93.864	-153.7998
8663.086632	93.865	-154.2471
8663.452843	93.862	-154.6895
8663.819054	93.858	-155.1191
8664.185265	93.854	-155.5332
8664.551476	93.853	-155.9258
8664.917687	93.856	-156.3408
8665.283898	93.858	-156.7842
8665.650109	93.857	-157.2148
8666.016320	93.859	-157.6455
8666.382531	93.859	-158.1045
8666.748742	93.853	-158.5498
8667.114953	93.850	-158.9414
8667.481164	93.857	-159.3525
8667.847375	93.860	-159.8486
8668.213586	93.848	-160.3145
8668.579797	93.841	-160.6670
8668.946008	93.853	-161.0654
8669.312219	93.855	-161.5850
8669.678430	93.840	-162.0381
8670.044641	93.834	-162.3809
8670.410852	93.842	-162.7900
8670.777063	93.840	-163.2568
8671.143274	93.835	-163.6484
8671.509485	93.842	-164.0449
8671.875696	93.847	-164.5469
8672.241907	93.834	-165.0361
8672.608117	93.820	-165.4082
8672.974328	93.821	-165.7461
8673.340539	93.831	-166.1572
8673.706750	93.834	-166.6406
8674.072961	93.827	-167.1074
8674.439172	93.821	-167.5176
8674.805383	93.820	-167.9395
8675.171594	93.815	-168.3779
8675.537805	93.810	-168.7676
8675.904016	93.815	-169.1660
8676.270227	93.818	-169.6250
8676.636438	93.815	-170.0645
8677.002649	93.818	-170.5010
8677.368860	93.817	-171.0000
8677.735071	93.803	-171.4570
8678.101282	93.795	-171.8281
8678.467493	93.799	-172.2344
8678.833704	93.798	-172.6973
8679.199915	93.790	-173.1289
8679.566126	93.785	-173.5205
8679.932337	93.786	-173.9170
8680.298548	93.788	-174.3496
8680.664759	93.786	-174.7959
8681.030970	93.782	-175.2070
8681.397181	93.783	-175.6230
8681.763392	93.782	-176.0850
8682.129603	93.771	-176.5107
8682.495814	93.767	-176.8535
8682.862025	93.778	-177.2275
8683.228236	93.789	-177.7041
8683.594447	93.788	-178.2139
8683.960657	93.779	-178.6748
8684.326868	93.772	-179.0850
8684.693079	93.772	-179.4854
8685.059290	93.775	-179.9199
8685.425501	93.774	179.6123
8685.791712	93.766	179.1719
8686.157923	93.762	178.7852
8686.524134	93.767	178.3760
8686.890345	93.769	177.9150
8687.256556	93.764	177.4707
8687.622767	93.763	177.0566
8687.988978	93.764	176.6250
8688.355189	93.764	176.1729
8688.721400	93.759	175.7217
8689.087611	93.751	175.3027
8689.453822	93.748	174.9385
8689.820033	93.758	174.5332
8690.186244	93.761	174.0137
8690.552455	93.743	173.5293
8690.918666	93.728	173.2080
8691.284877	93.737	172.8760
8691.651088	93.746	172.3945
8692.017299	93.734	171.9395
8692.383510	93.732	171.6025
8692.749721	93.750	171.1641
8693.115932	93.748	170.5791
8693.482143	93.723	170.1084
8693.848354	93.711	169.7832
8694.214565	93.716	169.4043
8694.580776	93.716	168.9736
8694.946986	93.717	168.5615
8695.313197	93.721	168.1084
8695.679408	93.719	167.6260
8696.045619	93.713	167.1738
8696.411830	93.708	166.7354
8696.778041	93.704	166.3184
8697.144252	93.708	165.8906
8697.510463	93.708	165.3838
8697.876674	93.691	164.9111
8698.242885	93.679	164.5742
8698.609096	93.687	164.2334
8698.975307	93.699	163.7793
8699.341518	93.700	163.2803
8699.707729	93.693	162.8037
8700.073940	93.682	162.3770
8700.440151	93.675	162.0068
8700.806362	93.678	161.6406
8701.172573	93.686	161.2207
8701.538784	93.689	160.7461
8701.904995	93.682	160.2764
8702.271206	93.673	159.8701
8702.637417	93.671	159.4912
8703.003628	93.674	159.0820
8703.369839	93.676	158.6514
8703.736050	93.678	158.1895
8704.102261	93.672	157.7021
8704.468472	93.658	157.2900
8704.834683	93.657	156.9443
8705.200894	93.669	156.4941
8705.567105	93.663	155.9492
8705.933316	93.641	155.5225
8706.299526	93.635	155.2021
8706.665737	93.643	154.7969
8707.031948	93.641	154.3340
8707.398159	93.636	153.9404
8707.764370	93.644	153.5205
8708.130581	93.645	153.0068
8708.496792	93.629	152.5449
8708.863003	93.620	152.1934
8709.229214	93.627	151.8252
8709.595425	93.635	151.3779
8709.961636	93.636	150.9014
8710.327847	93.632	150.4424
8710.694058	93.627	150.0127
8711.060269	93.627	149.5879
8711.426480	93.626	149.1455
8711.792691	93.623	148.7080
8712.158902	93.621	148.2852
8712.525113	93.623	147.8389
8712.891324	93.618	147.3672
8713.257535	93.608	146.9277
8713.623746	93.600	146.5342
8713.989957	93.597	146.1543
8714.356168	93.598	145.7695
8714.722379	93.603	145.3633
8715.088590	93.608	144.9092
8715.454801	93.605	144.4355
8715.821012	93.598	143.9932
8716.187223	93.593	143.5762
8716.553434	93.590	143.1602
8716.919645	93.587	142.7510
8717.285856	93.588	142.3330
8717.652066	93.588	141.8906
8718.018277	93.586	141.4482
8718.384488	93.584	140.9932
8718.750699	93.577	140.5234
8719.116910	93.565	140.1016
8719.483121	93.558	139.7236
8719.849332	93.556	139.3291
8720.215543	93.555	138.9385
8720.581754	93.559	138.5430
8720.947965	93.565	138.0840
8721.314176	93.561	137.6230
8721.680387	93.560	137.2100
8722.046598	93.564	136.7520
8722.412809	93.560	136.2568
8722.779020	93.551	135.8262
8723.145231	93.550	135.4102
8723.511442	93.550	134.9395
8723.877653	93.541	134.4746
8724.243864	93.530	134.0557
8724.610075	93.523	133.6709
8724.976286	93.524	133.2988
8725.342497	93.531	132.8750
8725.708708	93.531	132.3828
8726.074919	93.520	131.9287
8726.441130	93.512	131.5605
8726.807341	93.517	131.1660
8727.173552	93.518	130.6953
8727.539763	93.508	130.2617
8727.905974	93.506	129.8945
8728.272185	93.513	129.4658
8728.638395	93.509	128.9795
8729.004606	93.498	128.5654
8729.370817	93.497	128.1797
8729.737028	93.498	127.7383
8730.103239	93.492	127.3115
8730.469450	93.493	126.9023
8730.835661	93.493	126.4287
8731.201872	93.480	125.9805
8731.568083	93.475	125.6221
8731.934294	93.483	125.1904
8732.300505	93.478	124.6758
8732.666716	93.461	124.2666
8733.032927	93.461	123.9043
8733.399138	93.464	123.4326
8733.765349	93.450	122.9746
8734.131560	93.442	122.6279
8734.497771	93.448	122.2480
8734.863982	93.450	121.8008
8735.230193	93.450	121.3740
8735.596404	93.454	120.9287
8735.962615	93.452	120.4336
8736.328826	93.440	119.9678
8736.695037	93.428	119.5684
8737.061248	93.423	119.2070
8737.427459	93.428	118.8320
8737.793670	93.436	118.3818
8738.159881	93.433	117.8975
8738.526092	93.425	117.4629
8738.892303	93.422	117.0615
8739.258514	93.422	116.6377
8739.624725	93.421	116.1973
8739.990935	93.419	115.7549
8740.357146	93.416	115.3135
8740.723357	93.412	114.8594
8741.089568	93.403	114.4170
8741.455779	93.395	114.0332
8741.821990	93.399	113.6445
8742.188201	93.403	113.1748
8742.554412	93.396	112.7158
8742.920623	93.394	112.2988
8743.286834	93.393	111.8252
8743.653045	93.381	111.3701
8744.019256	93.375	110.9980
8744.385467	93.380	110.5547
8744.751678	93.369	110.0684
8745.117889	93.356	109.7139
8745.484100	93.366	109.3506
8745.850311	93.371	108.8438
8746.216522	93.357	108.3760
8746.582733	93.349	108.0039
8746.948944	93.350	107.5918
8747.315155	93.344	107.1729
8747.681366	93.344	106.7979
8748.047577	93.351	106.3682
8748.413788	93.351	105.8691
8748.779999	93.339	105.4033
8749.146210	93.328	105.0010
8749.512421	93.323	104.6230
8749.878632	93.324	104.2275
8750.244843	93.326	103.7812
8750.611054	93.320	103.3086
8750.977264	93.307	102.8848
8751.343475	93.299	102.5254
8751.709686	93.303	102.1494
8752.075897	93.308	101.7012
8752.442108	93.305	101.2236
8752.808319	93.295	100.7891
8753.174530	93.290	100.3994
8753.540741	93.292	99.9824
8753.906952	93.291	99.5156
8754.273163	93.282	99.0693
8754.639374	93.275	98.6680
8755.005585	93.272	98.2656
8755.371796	93.271	97.8740
8755.738007	93.279	97.4648
8756.104218	93.284	96.9580
8756.470429	93.271	96.4590
8756.836640	93.259	96.0908
8757.202851	93.266	95.7002
8757.569062	93.266	95.1924
8757.935273	93.249	94.7559
8758.301484	93.246	94.4258
8758.667695	93.258	93.9961
8759.033906	93.254	93.4727
8759.400117	93.239	93.0352
8759.766328	93.232	92.6621
8760.132539	93.230	92.2549
8760.498750	93.227	91.8545
8760.864961	93.230	91.4561
8761.231172	93.234	90.9775
8761.597383	93.222	90.4932
8761.963594	93.210	90.1230
8762.329804	93.215	89.7568
8762.696015	93.220	89.2627
8763.062226	93.205	88.7725
8763.428437	93.189	88.4082
8763.794648	93.190	88.0615
8764.160859	93.194	87.6465
8764.527070	93.195	87.2041
8764.893281	93.194	86.7451
8765.259492	93.186	86.2891
8765.625703	93.178	85.8799
8765.991914	93.176	85.4756
8766.358125	93.175	85.0352
8766.724336	93.169	84.5918
8767.090547	93.162	84.1641
8767.456758	93.156	83.7588
8767.822969	93.154	83.3584
8768.189180	93.154	82.9219
8768.555391	93.147	82.4941
8768.921602	93.146	82.1016
8769.287813	93.150	81.6553
8769.654024	93.144	81.1758
8770.020235	93.134	80.7627
8770.386446	93.133	80.3643
8770.752657	93.133	79.9199
8771.118868	93.128	79.4590
8771.485079	93.117	79.0176
8771.851290	93.104	78.6436
8772.217501	93.106	78.3027
8772.583712	93.114	77.8711
8772.949923	93.110	77.3975
8773.316133	93.105	76.9785
8773.682344	93.104	76.5391
8774.048555	93.095	76.0791
8774.414766	93.085	75.6875
8774.780977	93.084	75.2959
8775.147188	93.082	74.8604
8775.513399	93.078	74.4375
8775.879610	93.075	73.9980
8776.245821	93.066	73.5498
8776.612032	93.056	73.1689
8776.978243	93.060	72.7842
8777.344454	93.062	72.3145
8777.710665	93.053	71.8564
8778.076876	93.047	71.4492
8778.443087	93.046	71.0215
8778.809298	93.042	70.5752
8779.175509	93.037	70.1377
8779.541720	93.030	69.7031
8779.907931	93.024	69.2998
8780.274142	93.025	68.9023
8780.640353	93.027	68.4375
8781.006564	93.017	67.9648
8781.372775	93.005	67.5840
8781.738986	93.006	67.2236
8782.105197	93.009	66.7988
8782.471408	93.006	66.3652
8782.837619	93.004	65.9521
8783.203830	93.002	65.5273
8783.570041	92.996	65.1133
8783.936252	92.994	64.7285
8784.302463	92.996	64.3193
8784.668673	92.996	63.8770
8785.034884	92.992	63.4424
8785.401095	92.987	63.0039
8785.767306	92.977	62.5693
8786.133517	92.966	62.1982
8786.499728	92.968	61.8438
8786.865939	92.975	61.3926
8787.232150	92.968	60.8955
8787.598361	92.953	60.4805
8787.964572	92.948	60.1045
8788.330783	92.948	59.6816
8788.696994	92.945	59.2373
8789.063205	92.939	58.7871
8789.429416	92.929	58.3486
8789.795627	92.920	57.9570
8790.161838	92.920	57.5566
8790.528049	92.919	57.1045
8790.894260	92.911	56.6670
8791.260471	92.907	56.2578
8791.626682	92.903	55.8291
8791.992893	92.899	55.4111
8792.359104	92.898	54.9941
8792.725315	92.894	54.5391
8793.091526	92.883	54.1318
8793.457737	92.882	53.8018
8793.823948	92.898	53.3838
8794.190159	92.901	52.8340
8794.556370	92.882	52.3506
8794.922581	92.872	52.0000
8795.288792	92.879	51.5967
8795.655003	92.876	51.0898
8796.021213	92.858	50.6523
8796.387424	92.849	50.3037
8796.753635	92.851	49.9072
8797.119846	92.846	49.4736
8797.486057	92.842	49.0742
8797.852268	92.843	48.6465
8798.218479	92.837	48.1807
8798.584690	92.827	47.7480
8798.950901	92.819	47.3223
8799.317112	92.805	46.9014
8799.683323	92.792	46.5654
8800.049534	92.796	46.2451
8800.415745	92.806	45.8037
8800.781956	92.801	45.3271
8801.148167	92.793	44.9258
8801.514378	92.793	44.5225
8801.880589	92.792	44.0723
8802.246800	92.786	43.6348
8802.613011	92.781	43.2041
8802.979222	92.773	42.7715
8803.345433	92.765	42.3750
8803.711644	92.764	41.9775
8804.077855	92.762	41.5361
8804.444066	92.753	41.1045
8804.810277	92.746	40.7139
8805.176488	92.744	40.3301
8805.542699	92.746	39.9209
8805.908910	92.748	39.4668
8806.275121	92.743	38.9941
8806.641332	92.733	38.5576
8807.007542	92.728	38.1348
8807.373753	92.720	37.6924
8807.739964	92.708	37.2891
8808.106175	92.704	36.9316
8808.472386	92.709	36.5215
8808.838597	92.707	36.0439
8809.204808	92.696	35.5967
8809.571019	92.686	35.2129
8809.937230	92.684	34.8320
8810.303441	92.686	34.4238
8810.669652	92.688	33.9727
8811.035863	92.682	33.5020
8811.402074	92.670	33.0801
8811.768285	92.664	32.6943
8812.134496	92.661	32.2842
8812.500707	92.656	31.8877
8812.866918	92.657	31.4951
8813.233129	92.659	31.0254
8813.599340	92.645	30.5674
8813.965551	92.634	30.2129
8814.331762	92.638	29.8311
8814.697973	92.637	29.3682
8815.064184	92.628	28.9434
8815.430395	92.624	28.5410
8815.796606	92.619	28.1006
8816.162817	92.609	27.6797
8816.529028	92.602	27.2910
8816.895239	92.598	26.8984
8817.261450	92.596	26.5127
8817.627661	92.599	26.0928
8817.993872	92.595	25.6309
8818.360082	92.586	25.2217
8818.726293	92.588	24.8340
8819.092504	92.593	24.3516
8819.458715	92.580	23.8506
8819.824926	92.563	23.4482
8820.191137	92.556	23.0996
8820.557348	92.559	22.7246
8820.923559	92.563	22.2832
8821.289770	92.556	21.8066
8821.655981	92.543	21.4092
8822.022192	92.542	21.0615
8822.388403	92.548	20.6211
8822.754614	92.539	20.1611
8823.120825	92.531	19.7861
8823.487036	92.535	19.3799
8823.853247	92.531	18.9004
8824.219458	92.517	18.4844
8824.585669	92.512	18.1230
8824.951880	92.513	17.7002
8825.318091	92.505	17.2578
8825.684302	92.496	16.8867
8826.050513	92.500	16.5049
8826.416724	92.502	16.0137
8826.782935	92.484	15.5400
8827.149146	92.469	15.1982
8827.515357	92.473	14.8242
8827.881568	92.469	14.3486
8828.247779	92.452	13.9590
8828.613990	92.453	13.6299
8828.980201	92.460	13.1816
8829.346411	92.451	12.7139
8829.712622	92.444	12.3252
8830.078833	92.446	11.8867
8830.445044	92.436	11.4160
8830.811255	92.424	11.0254
8831.177466	92.422	10.6289
8831.543677	92.415	10.1836
8831.909888	92.403	9.7998
8832.276099	92.402	9.4541
8832.642310	92.406	9.0381
8833.008521	92.403	8.5908
8833.374732	92.397	8.1855
8833.740943	92.397	7.7744
8834.107154	92.395	7.3174
8834.473365	92.384	6.8887
8834.839576	92.377	6.5117
8835.205787	92.378	6.0996
8835.571998	92.372	5.6533
8835.938209	92.362	5.2559
8836.304420	92.361	4.8574
8836.670631	92.355	4.4092
8837.036842	92.340	4.0107
8837.403053	92.335	3.6816
8837.769264	92.342	3.2949
8838.135475	92.344	2.8262
8838.501686	92.335	2.3643
8838.867897	92.324	1.9443
8839.234108	92.316	1.5430
8839.600319	92.310	1.1338
8839.966530	92.303	0.7139
8840.332741	92.293	0.3066
8840.698951	92.285	-0.0654
8841.065162	92.284	-0.4355
8841.431373	92.287	-0.8701
8841.797584	92.280	-1.3389
8842.163795	92.267	-1.7432
8842.530006	92.262	-2.1074
8842.896217	92.263	-2.5146
8843.262428	92.261	-2.9443
8843.628639	92.258	-3.3652
8843.994850	92.256	-3.8037
8844.361061	92.249	-4.2480
8844.727272	92.239	-4.6533
8845.093483	92.236	-5.0215
8845.459694	92.242	-5.4248
8845.825905	92.243	-5.9180
8846.192116	92.228	-6.3867
8846.558327	92.215	-6.7461
8846.924538	92.217	-7.1152
8847.290749	92.216	-7.5537
8847.656960	92.209	-7.9697
8848.023171	92.205	-8.3809
8848.389382	92.197	-8.8008
8848.755593	92.189	-9.1572
8849.121804	92.195	-9.5371
8849.488015	92.196	-10.0264
8849.854226	92.180	-10.4785
8850.220437	92.167	-10.8271
8850.586648	92.166	-11.1826
8850.952859	92.168	-11.5850
8851.319070	92.169	-12.0225
8851.685281	92.163	-12.4854
8852.051491	92.150	-12.9053
8852.417702	92.145	-13.2773
8852.783913	92.147	-13.6943
8853.150124	92.143	-14.1699
8853.516335	92.129	-14.6211
8853.882546	92.115	-15.0117
8854.248757	92.107	-15.3799
8854.614968	92.104	-15.7578
8854.981179	92.103	-16.1514
8855.347390	92.103	-16.5791
8855.713601	92.097	-17.0225
8856.079812	92.087	-17.4199
8856.446023	92.087	-17.7930
8856.812234	92.090	-18.2363
8857.178445	92.082	-18.7188
8857.544656	92.067	-19.1240
8857.910867	92.063	-19.4922
8858.277078	92.061	-19.9219
8858.643289	92.049	-20.3467
8859.009500	92.041	-20.7041
8859.375711	92.043	-21.0908
8859.741922	92.039	-21.5176
8860.108133	92.034	-21.9014
8860.474344	92.038	-22.3203
8860.840555	92.032	-22.8037
8861.206766	92.018	-23.2080
8861.572977	92.017	-23.5781
8861.939188	92.016	-24.0420
8862.305399	92.000	-24.4746
8862.671610	91.993	-24.8057
8863.037820	92.000	-25.2031
8863.404031	91.998	-25.6963
8863.770242	91.981	-26.1406
8864.136453	91.967	-26.4893
8864.502664	91.967	-26.8164
8864.868875	91.975	-27.2236
8865.235086	91.972	-27.6934
8865.601297	91.960	-28.1055
8865.967508	91.956	-28.4727
8866.333719	91.955	-28.8779
8866.699930	91.950	-29.2734
8867.066141	91.952	-29.6592
8867.432352	91.955	-30.1230
8867.798563	91.943	-30.6104
8868.164774	91.924	-31.0020
8868.530985	91.916	-31.3330
8868.897196	91.917	-31.7158
8869.263407	91.912	-32.1514
8869.629618	91.899	-32.5322
8869.995829	91.897	-32.8477
8870.362040	91.910	-33.2451
8870.728251	91.913	-33.7705
8871.094462	91.894	-34.2617
8871.460673	91.877	-34.6211
8871.826884	91.876	-34.9736
8872.193095	91.876	-35.4268
8872.559306	91.861	-35.8721
8872.925517	91.848	-36.2158
8873.291728	91.850	-36.5703
8873.657939	91.851	-37.0010
8874.024150	91.846	-37.4141
8874.390360	91.846	-37.8340
8874.756571	91.839	-38.3066
8875.122782	91.823	-38.7158
8875.488993	91.817	-39.0596
8875.855204	91.819	-39.4697
8876.221415	91.810	-39.8945
8876.587626	91.805	-40.2510
8876.953837	91.811	-40.6523
8877.320048	91.809	-41.1260
8877.686259	91.799	-41.5635
8878.052470	91.792	-41.9766
8878.418681	91.782	-42.3916
8878.784892	91.774	-42.7598
8879.151103	91.776	-43.1484
8879.517314	91.772	-43.6201
8879.883525	91.754	-44.0439
8880.249736	91.743	-44.3652
8880.615947	91.746	-44.7168
8880.982158	91.746	-45.1133
8881.348369	91.748	-45.5010
8881.714580	91.753	-45.9541
8882.080791	91.743	-46.4297
8882.447002	91.732	-46.7891
8882.813213	91.740	-47.1680
8883.179424	91.741	-47.7051
8883.545635	91.714	-48.1689
8883.911846	91.701	-48.4502
8884.278057	91.712	-48.8252
8884.644268	91.706	-49.3350
8885.010479	91.684	-49.7070
8885.376689	91.686	-50.0068
8885.742900	91.694	-50.4707
8886.109111	91.676	-50.9404
8886.475322	91.663	-51.2393
8886.841533	91.675	-51.5967
8887.207744	91.676	-52.1064
8887.573955	91.658	-52.5391
8887.940166	91.652	-52.8760
8888.306377	91.655	-53.2881
8888.672588	91.648	-53.7383
8889.038799	91.637	-54.1357
8889.405010	91.631	-54.5166
8889.771221	91.627	-54.9004
8890.137432	91.625	-55.2979
8890.503643	91.620	-55.7275
8890.869854	91.608	-56.1113
8891.236065	91.606	-56.4404
8891.602276	91.615	-56.8535
8891.968487	91.609	-57.3389
8892.334698	91.594	-57.7373
8892.700909	91.591	-58.0879
8893.067120	91.589	-58.5088
8893.433331	91.578	-58.9102
8893.799542	91.575	-59.2373
8894.165753	91.585	-59.6465
8894.531964	91.581	-60.1543
8894.898175	91.561	-60.5850
8895.264386	91.549	-60.9121
8895.630597	91.550	-61.2568
8895.996808	91.554	-61.6738
8896.363019	91.549	-62.1270
8896.729229	91.538	-62.5342
8897.095440	91.534	-62.8848
8897.461651	91.540	-63.3037
8897.827862	91.533	-63.7949
8898.194073	91.515	-64.1904
8898.560284	91.513	-64.5146
8898.926495	91.520	-64.9521
8899.292706	91.509	-65.4346
8899.658917	91.493	-65.7969
8900.025128	91.495	-66.1445
8900.391339	91.496	-66.5986
8900.757550	91.482	-67.0322
8901.123761	91.473	-67.3604
8901.489972	91.481	-67.7363
8901.856183	91.482	-68.2402
8902.222394	91.459	-68.6875
8902.588605	91.445	-68.9688
8902.954816	91.459	-69.3008
8903.321027	91.465	-69.8135
8903.687238	91.445	-70.2842
8904.053449	91.433	-70.6064
8904.419660	91.439	-70.9854
8904.785871	91.436	-71.4609
8905.152082	91.422	-71.8799
8905.518293	91.414	-72.2646
8905.884504	91.405	-72.6709
8906.250715	91.393	-73.0254
8906.616926	91.393	-73.3545
8906.983137	91.399	-73.7559
8907.349348	91.398	-74.1934
8907.715558	91.394	-74.6172
8908.081769	91.388	-75.0518
8908.447980	91.376	-75.4629
8908.814191	91.367	-75.8135
8909.180402	91.369	-76.1719
8909.546613	91.372	-76.5996
8909.912824	91.367	-77.0547
8910.279035	91.354	-77.4746
8910.645246	91.342	-77.8271
8911.011457	91.341	-78.1514
8911.377668	91.350	-78.5449
8911.743879	91.351	-79.0225
8912.110090	91.340	-79.4873
8912.476301	91.326	-79.9014
8912.842512	91.313	-80.2783
8913.208723	91.304	-80.6113
8913.574934	91.307	-80.9590
8913.941145	91.311	-81.3984
8914.307356	91.301	-81.8486
8914.673567	91.291	-82.2246
8915.039778	91.291	-82.6143
8915.405989	91.286	-83.0615
8915.772200	91.273	-83.4736
8916.138411	91.265	-83.8320
8916.504622	91.264	-84.2080
8916.870833	91.262	-84.6152
8917.237044	91.258	-85.0254
8917.603255	91.253	-85.4277
8917.969466	91.249	-85.8232
8918.335677	91.247	-86.2314
8918.701888	91.241	-86.6533
8919.068098	91.232	-87.0430
8919.434309	91.228	-87.4023
8919.800520	91.230	-87.7949
8920.166731	91.228	-88.2207
8920.532942	91.222	-88.6211
8920.899153	91.220	-89.0146
8921.265364	91.217	-89.4443
8921.631575	91.208	-89.8652
8921.997786	91.200	-90.2568
8922.363997	91.194	-90.6523
8922.730208	91.186	-91.0371
8923.096419	91.183	-91.4277
8923.462630	91.175	-91.8535
8923.828841	91.161	-92.2207
8924.195052	91.160	-92.5254
8924.561263	91.171	-92.9365
8924.927474	91.166	-93.4434
8925.293685	91.147	-93.8623
8925.659896	91.137	-94.1943
8926.026107	91.138	-94.5586
8926.392318	91.137	-94.9707
8926.758529	91.132	-95.3857
8927.124740	91.124	-95.7725
8927.490951	91.122	-96.1348
8927.857162	91.126	-96.5332
8928.223373	91.125	-96.9736
8928.589584	91.120	-97.3994
8928.955795	91.115	-97.8086
8929.322006	91.109	-98.2295
8929.688217	91.100	-98.6270
8930.054428	91.096	-98.9980
8930.420638	91.094	-99.4102
8930.786849	91.084	-99.8379
8931.153060	91.071	-100.1885
8931.519271	91.071	-100.5078
8931.885482	91.077	-100.9023
8932.251693	91.075	-101.3340
8932.617904	91.071	-101.7432
8932.984115	91.068	-102.1807
8933.350326	91.056	-102.6260
8933.716537	91.040	-103.0020
8934.082748	91.032	-103.3350
8934.448959	91.031	-103.6748
8934.815170	91.037	-104.0479
8935.181381	91.043	-104.5146
8935.547592	91.031	-105.0254
8935.913803	91.007	-105.4092
8936.280014	91.001	-105.6943
8936.646225	91.009	-106.0732
8937.012436	91.006	-106.5186
8937.378647	91.000	-106.9102
8937.744858	91.002	-107.3281
8938.111069	90.994	-107.8066
8938.477280	90.974	-108.2070
8938.843491	90.964	-108.5146
8939.209702	90.967	-108.8516
8939.575913	90.971	-109.2529
8939.942124	90.970	-109.6914
8940.308335	90.961	-110.1182
8940.674546	90.953	-110.4912
8941.040757	90.950	-110.8652
8941.406967	90.946	-111.2598
8941.773178	90.942	-111.6230
8942.139389	90.947	-112.0127
8942.505600	90.947	-112.4844
8942.871811	90.932	-112.9219
8943.238022	90.922	-113.2793
8943.604233	90.922	-113.6611
8943.970444	90.917	-114.0840
8944.336655	90.908	-114.4766
8944.702866	90.904	-114.8564
8945.069077	90.901	-115.2705
8945.435288	90.892	-115.6797
8945.801499	90.883	-116.0469
8946.167710	90.882	-116.4131
8946.533921	90.881	-116.8164
8946.900132	90.878	-117.2256
8947.266343	90.874	-117.6396
8947.632554	90.866	-118.0605
8947.998765	90.855	-118.4297
8948.364976	90.856	-118.7725
8948.731187	90.860	-119.2070
8949.097398	90.848	-119.6670
8949.463609	90.832	-120.0146
8949.829820	90.833	-120.3418
8950.196031	90.834	-120.7520
8950.562242	90.827	-121.1465
8950.928453	90.825	-121.5098
8951.294664	90.826	-121.9258
8951.660875	90.819	-122.3359
8952.027086	90.815	-122.7002
8952.393297	90.818	-123.0967
8952.759507	90.817	-123.5391
8953.125718	90.810	-123.9844
8953.491929	90.797	-124.3965
8953.858140	90.789	-124.7402
8954.224351	90.794	-125.1211
8954.590562	90.790	-125.6045
8954.956773	90.770	-126.0059
8955.322984	90.764	-126.3027
8955.689195	90.771	-126.7031
8956.055406	90.762	-127.1455
8956.421617	90.753	-127.4873
8956.787828	90.756	-127.8672
8957.154039	90.747	-128.3018
8957.520250	90.734	-128.6162
8957.886461	90.743	-128.9170
8958.252672	90.754	-129.3818
8958.618883	90.742	-129.8535
8958.985094	90.729	-130.1924
8959.351305	90.733	-130.5420
8959.717516	90.733	-130.9785
8960.083727	90.723	-131.3828
8960.449938	90.720	-131.7461
8960.816149	90.720	-132.1562
8961.182360	90.713	-132.5684
8961.548571	90.708	-132.9463
8961.914782	90.709	-133.3643
8962.280993	90.702	-133.8115
8962.647204	90.691	-134.2129
8963.013415	90.685	-134.6104
8963.379626	90.675	-135.0312
8963.745836	90.659	-135.3975
8964.112047	90.654	-135.7021
8964.478258	90.663	-136.0576
8964.844469	90.669	-136.5195
8965.210680	90.659	-137.0039
8965.576891	90.640	-137.3936
8965.943102	90.630	-137.7021
8966.309313	90.634	-138.0391
8966.675524	90.638	-138.4414
8967.041735	90.638	-138.8584
8967.407946	90.636	-139.2842
8967.774157	90.630	-139.7129
8968.140368	90.621	-140.0957
8968.506579	90.622	-140.4834
8968.872790	90.617	-140.9424
8969.239001	90.599	-141.3516
8969.605212	90.590	-141.6650
8969.971423	90.593	-142.0381
8970.337634	90.585	-142.4414
8970.703845	90.581	-142.7686
8971.070056	90.591	-143.1562
8971.436267	90.589	-143.6299
8971.802478	90.578	-144.0264
8972.168689	90.579	-144.4131
8972.534900	90.574	-144.8672
8972.901111	90.561	-145.2539
8973.267322	90.561	-145.6172
8973.633533	90.559	-146.0781
8973.999744	90.539	-146.4873
8974.365955	90.529	-146.7617
8974.732166	90.541	-147.0967
8975.098376	90.545	-147.5732
8975.464587	90.530	-148.0078
8975.830798	90.522	-148.3252
8976.197009	90.530	-148.7041
8976.563220	90.524	-149.1787
8976.929431	90.504	-149.5371
8977.295642	90.506	-149.8135
8977.661853	90.518	-150.2432
8978.028064	90.507	-150.7168
8978.394275	90.493	-151.0479
8978.760486	90.499	-151.3975
8979.126697	90.498	-151.8545
8979.492908	90.484	-152.2529
8979.859119	90.480	-152.5938
8980.225330	90.480	-152.9795
8980.591541	90.479	-153.3799
8980.957752	90.478	-153.8027
8981.323963	90.470	-154.2549
8981.690174	90.454	-154.6289
8982.056385	90.453	-154.9590
8982.422596	90.456	-155.3779
8982.788807	90.447	-155.8164
8983.155018	90.437	-156.1826
8983.521229	90.435	-156.5488
8983.887440	90.433	-156.9414
8984.253651	90.431	-157.3457
8984.619862	90.426	-157.7764
8984.986073	90.414	-158.1670
8985.352284	90.408	-158.5166
8985.718495	90.406	-158.9092
8986.084706	90.397	-159.2803
8986.450916	90.397	-159.6045
8986.817127	90.405	-160.0254
8987.183338	90.395	-160.4863
8987.549549	90.381	-160.8301
8987.915760	90.382	-161.1523
8988.281971	90.386	-161.5488
8988.648182	90.385	-161.9629
8989.014393	90.383	-162.3770
8989.380604	90.378	-162.7842
8989.746815	90.376	-163.1914
8990.113026	90.369	-163.6406
8990.479237	90.351	-164.0381
8990.845448	90.342	-164.3271
8991.211659	90.351	-164.6816
8991.577870	90.350	-165.1357
8991.944081	90.339	-165.5107
8992.310292	90.344	-165.8525
8992.676503	90.353	-166.3301
8993.042714	90.337	-166.8457
8993.408925	90.310	-167.1914
8993.775136	90.308	-167.4365
8994.141347	90.325	-167.8232
8994.507558	90.324	-168.3447
8994.873769	90.303	-168.7744
8995.239980	90.291	-169.0869
8995.606191	90.293	-169.4385
8995.972402	90.291	-169.8457
8996.338613	90.285	-170.2334
8996.704824	90.282	-170.6025
8997.071035	90.282	-170.9873
8997.437245	90.281	-171.4033
8997.803456	90.274	-171.8232
8998.169667	90.265	-172.1973
8998.535878	90.262	-172.5537
8998.902089	90.264	-172.9424
8999.268300	90.265	-173.3760
8999.634511	90.255	-173.8350
9000.000722	90.236	-174.2109
9000.366933	90.230	-174.4844
9000.733144	90.242	-174.8447
9001.099355	90.242	-175.3213
9001.465566	90.228	-175.7197
9001.831777	90.224	-176.0498
9002.197988	90.226	-176.4365
9002.564199	90.223	-176.8340
9002.930410	90.221	-177.2275
9003.296621	90.214	-177.6260
9003.662832	90.210	-177.9570
9004.029043	90.223	-178.3242
9004.395254	90.227	-178.8574
9004.761465	90.202	-179.3252
9005.127676	90.188	-179.6055
9005.493887	90.195	-179.9629
9005.860098	90.187	179.5859
9006.226309	90.172	179.2734
9006.592520	90.181	178.9795
9006.958731	90.192	178.5205
9007.324942	90.181	178.0664
9007.691153	90.174	177.7041
9008.057364	90.174	177.3096
9008.423575	90.167	176.8867
9008.789785	90.158	176.5010
9009.155996	90.152	176.1338
9009.522207	90.149	175.7734
9009.888418	90.150	175.3857
9010.254629	90.146	174.9648
9010.620840	90.138	174.5908
9010.987051	90.140	174.2188
9011.353262	90.141	173.7666
9011.719473	90.127	173.3379
9012.085684	90.116	172.9980
9012.451895	90.117	172.6426
9012.818106	90.117	172.2422
9013.184317	90.113	171.8369
9013.550528	90.107	171.4443
9013.916739	90.103	171.0820
9014.282950	90.105	170.6992
9014.649161	90.102	170.2715
9015.015372	90.094	169.9004
9015.381583	90.098	169.5420
9015.747794	90.100	169.0771
9016.114005	90.084	168.6553
9016.480216	90.078	168.3594
9016.846427	90.089	167.9590
9017.212638	90.079	167.4619
9017.578849	90.057	167.1211
9017.945060	90.060	166.8467
9018.311271	90.070	166.4180
9018.677482	90.058	165.9521
9019.043693	90.042	165.6055
9019.409904	90.039	165.2930
9019.776114	90.043	164.9297
9020.142325	90.045	164.5254
9020.508536	90.044	164.0869
9020.874747	90.033	163.6592
9021.240958	90.024	163.2949
9021.607169	90.024	162.9111
9021.973380	90.017	162.4678
9022.339591	89.999	162.1035
9022.705802	89.998	161.8262
9023.072013	90.013	161.4375
9023.438224	90.014	160.9453
9023.804435	90.003	160.5117
9024.170646	89.995	160.1152
9024.536857	89.985	159.7197
9024.903068	89.976	159.3984
9025.269279	89.983	159.0742
9025.635490	89.992	158.6396
9026.001701	89.987	158.1904
9026.367912	89.979	157.7998
9026.734123	89.975	157.4141
9027.100334	89.969	157.0410
9027.466545	89.968	156.6865
9027.832756	89.971	156.2871
9028.198967	89.966	155.8574
9028.565178	89.956	155.4775
9028.931389	89.953	155.1318
9029.297600	89.954	154.7432
9029.663811	89.948	154.3174
9030.030022	89.936	153.9482
9030.396233	89.933	153.6426
9030.762444	89.943	153.2705
9031.128654	89.945	152.7861
9031.494865	89.929	152.3447
9031.861076	89.918	152.0156
9032.227287	89.922	151.6562
9032.593498	89.922	151.2119
9032.959709	89.913	150.7812
9033.325920	89.902	150.3838
9033.692131	89.891	150.0215
9034.058342	89.888	149.7139
9034.424553	89.899	149.3408
9034.790764	89.900	148.8535
9035.156975	89.885	148.4336
9035.523186	89.881	148.0938
9035.889397	89.883	147.6807
9036.255608	89.873	147.2500
9036.621819	89.863	146.8887
9036.988030	89.859	146.5234
9037.354241	89.852	146.1631
9037.720452	89.851	145.8311
9038.086663	89.855	145.4482
9038.452874	89.851	145.0371
9038.819085	89.847	144.6709
9039.185296	89.848	144.2861
9039.551507	89.845	143.8623
9039.917718	89.838	143.4619
9040.283929	89.833	143.0684
9040.650140	89.824	142.6729
9041.016351	89.816	142.3242
9041.382562	89.818	141.9600
9041.748773	89.817	141.5264
9042.114983	89.805	141.1309
9042.481194	89.801	140.7998
9042.847405	89.808	140.4023
9043.213616	89.804	139.9404
9043.579827	89.792	139.5254
9043.946038	89.783	139.1455
9044.312249	89.773	138.7832
9044.678460	89.769	138.4648
9045.044671	89.777	138.1016
9045.410882	89.778	137.6426
9045.777093	89.765	137.2266
9046.143304	89.758	136.9004
9046.509515	89.762	136.5400
9046.875726	89.762	136.1191
9047.241937	89.756	135.7168
9047.608148	89.751	135.3457
9047.974359	89.749	134.9541
9048.340570	89.743	134.5557
9048.706781	89.735	134.2051
9049.072992	89.737	133.8643
9049.439203	89.741	133.4434
9049.805414	89.732	133.0010
9050.171625	89.718	132.6426
9050.537836	89.714	132.3389
9050.904047	89.720	132.0010
9051.270258	89.729	131.5830
9051.636469	89.726	131.1084
9052.002680	89.710	130.7031
9052.368891	89.704	130.3896
9052.735102	89.712	129.9980
9053.101313	89.706	129.5146
9053.467523	89.684	129.1484
9053.833734	89.682	128.8906
9054.199945	89.698	128.5137
9054.566156	89.700	128.0039
9054.932367	89.682	127.5586
9055.298578	89.669	127.2236
9055.664789	89.668	126.8682
9056.031000	89.665	126.4580
9056.397211	89.654	126.0732
9056.763422	89.647	125.7383
9057.129633	89.647	125.4043
9057.495844	89.653	125.0225
9057.862055	89.653	124.5869
9058.228266	89.644	124.1729
9058.594477	89.639	123.8154
9058.960688	89.642	123.4072
9059.326899	89.631	122.9561
9059.693110	89.614	122.6152
9060.059321	89.615	122.3242
9060.425532	89.623	121.9219
9060.791743	89.618	121.4922
9061.157954	89.613	121.1191
9061.524165	89.613	120.7129
9061.890376	89.604	120.2871
9062.256587	89.592	119.9326
9062.622798	89.589	119.6016
9062.989009	89.592	119.2344
9063.355220	89.594	118.8252
9063.721431	89.589	118.3809
9064.087642	89.575	117.9932
9064.453853	89.570	117.6807
9064.820063	89.578	117.2939
9065.186274	89.573	116.8350
9065.552485	89.559	116.4512
9065.918696	89.555	116.1201
9066.284907	89.557	115.7461
9066.651118	89.557	115.3291
9067.017329	89.549	114.9043
9067.383540	89.536	114.5498
9067.749751	89.537	114.2500
9068.115962	89.550	113.8340
9068.482173	89.543	113.3408
9068.848384	89.526	112.9795
9069.214595	89.528	112.6553
9069.580806	89.530	112.2158
9069.947017	89.518	111.8184
9070.313228	89.516	111.4980
9070.679439	89.522	111.0811
9071.045650	89.512	110.6406
9071.411861	89.503	110.3047
9071.778072	89.508	109.9346
9072.144283	89.504	109.4990
9072.510494	89.495	109.1328
9072.876705	89.497	108.7617
9073.242916	89.492	108.3174
9073.609127	89.477	107.9561
9073.975338	89.480	107.6543
9074.341549	89.490	107.2129
9074.707760	89.477	106.7285
9075.073971	89.457	106.3867
9075.440182	89.455	106.0869
9075.806392	89.458	105.7129
9076.172603	89.456	105.3252
9076.538814	89.453	104.9453
9076.905025	89.450	104.5596
9077.271236	89.447	104.1914
9077.637447	89.448	103.7988
9078.003658	89.443	103.3730
9078.369869	89.431	103.0078
9078.736080	89.430	102.6768
9079.102291	89.432	102.2822
9079.468502	89.427	101.8750
9079.834713	89.421	101.5039
9080.200924	89.418	101.1104
9080.567135	89.409	100.7256
9080.933346	89.404	100.3906
9081.299557	89.408	100.0107
9081.665768	89.403	99.5723
9082.031979	89.388	99.1953
9082.398190	89.383	98.8838
9082.764401	89.390	98.5205
9083.130612	89.390	98.0732
9083.496823	89.376	97.6494
9083.863034	89.365	97.3340
9084.229245	89.372	97.0127
9084.595456	89.379	96.5664
9084.961667	89.369	96.1182
9085.327878	89.359	95.7666
9085.694089	89.361	95.4033
9086.060300	89.362	94.9854
9086.426511	89.357	94.5703
9086.792722	89.350	94.1562
9087.158932	89.337	93.7861
9087.525143	89.332	93.4854
9087.891354	89.342	93.1328
9088.257565	89.345	92.6924
9088.623776	89.338	92.2832
9088.989987	89.335	91.8955
9089.356198	89.328	91.4844
9089.722409	89.317	91.1260
9090.088620	89.316	90.8076
9090.454831	89.321	90.4062
9090.821042	89.313	89.9688
9091.187253	89.300	89.6152
9091.553464	89.299	89.2930
9091.919675	89.304	88.8965
9092.285886	89.298	88.4521
9092.652097	89.282	88.0674
9093.018308	89.273	87.7686
9093.384519	89.280	87.4473
9093.750730	89.288	87.0068
9094.116941	89.278	86.5410
9094.483152	89.263	86.1758
9094.849363	89.261	85.8525
9095.215574	89.266	85.4727
9095.581785	89.267	85.0400
9095.947996	89.261	84.5967
9096.314207	89.248	84.1943
9096.680418	89.240	83.8447
9097.046629	89.239	83.4834
9097.412840	89.237	83.0898
9097.779051	89.232	82.7178
9098.145261	89.233	82.3506
9098.511472	89.235	81.9268
9098.877683	89.227	81.4863
9099.243894	89.214	81.1045
9099.610105	89.204	80.7744
9099.976316	89.203	80.4512
9100.342527	89.206	80.0967
9100.708738	89.207	79.6992
9101.074949	89.202	79.3037
9101.441160	89.198	78.9434
9101.807371	89.199	78.5664
9102.173582	89.194	78.1592
9102.539793	89.185	77.7979
9102.906004	89.185	77.4717
9103.272215	89.191	77.0781
9103.638426	89.188	76.6318
9104.004637	89.176	76.2295
9104.370848	89.167	75.8936
9104.737059	89.169	75.5566
9105.103270	89.174	75.1436
9105.469481	89.166	74.6934
9105.835692	89.150	74.3252
9106.201903	89.147	74.0225
9106.568114	89.154	73.6484
9106.934325	89.153	73.1973
9107.300536	89.141	72.7822
9107.666747	89.129	72.4395
9108.032958	89.127	72.1162
9108.399169	89.130	71.7607
9108.765380	89.133	71.3691
9109.131591	89.135	70.9404
9109.497801	89.128	70.4951
9109.864012	89.113	70.1016
9110.230223	89.104	69.7686
9110.596434	89.103	69.4180
9110.962645	89.101	69.0361
9111.328856	89.096	68.6631
9111.695067	89.092	68.2988
9112.061278	89.090	67.9473
9112.427489	89.094	67.5771
9112.793700	89.096	67.1328
9113.159911	89.081	66.6973
9113.526122	89.067	66.3857
9113.892333	89.072	66.0840
9114.258544	89.078	65.6670
9114.624755	89.071	65.2451
9114.990966	89.064	64.8955
9115.357177	89.066	64.5244
9115.723388	89.064	64.1133
9116.089599	89.058	63.7178
9116.455810	89.051	63.3203
9116.822021	89.038	62.9590
9117.188232	89.034	62.6719
9117.554443	89.046	62.3145
9117.920654	89.047	61.8467
9118.286865	89.033	61.4492
9118.653076	89.030	61.1133
9119.019287	89.030	60.7031
9119.385498	89.019	60.3037
9119.751709	89.012	59.9756
9120.117920	89.014	59.5996
9120.484131	89.008	59.2012
9120.850341	89.002	58.8584
9121.216552	89.005	58.4854
9121.582763	89.002	58.0762
9121.948974	88.997	57.7021
9122.315185	88.997	57.2969
9122.681396	88.986	56.8711
9123.047607	88.972	56.5479
9123.413818	88.976	56.2412
9123.780029	88.982	55.8213
9124.146240	88.974	55.3926
9124.512451	88.966	55.0361
9124.878662	88.965	54.6680
9125.244873	88.961	54.2734
9125.611084	88.955	53.9014
9125.977295	88.951	53.5342
9126.343506	88.948	53.1641
9126.709717	88.946	52.7900
9127.075928	88.943	52.3887
9127.442139	88.933	52.0117
9127.808350	88.929	51.6924
9128.174561	88.934	51.3301
9128.540772	88.933	50.9092
9128.906983	88.924	50.5391
9129.273194	88.924	50.2012
9129.639405	88.927	49.8066
9130.005616	88.923	49.4053
9130.371827	88.922	49.0400
9130.738038	88.924	48.6318
9131.104249	88.915	48.1963
9131.470460	88.901	47.8564
9131.836670	88.902	47.5723
9132.202881	88.913	47.1904
9132.569092	88.912	46.7363
9132.935303	88.901	46.3506
9133.301514	88.899	46.0205
9133.667725	88.904	45.6387
9134.033936	88.903	45.2012
9134.400147	88.891	44.7891
9134.766358	88.880	44.4512
9135.132569	88.880	44.1250
9135.498780	88.882	43.7178
9135.864991	88.870	43.3076
9136.231202	88.858	43.0020
9136.597413	88.864	42.6807
9136.963624	88.865	42.2354
9137.329835	88.846	41.8398
9137.696046	88.836	41.5928
9138.062257	88.851	41.2959
9138.428468	88.862	40.8340
9138.794679	88.852	40.3662
9139.160890	88.839	39.9951
9139.527101	88.834	39.6406
9139.893312	88.831	39.2617
9140.259523	88.825	38.8867
9140.625734	88.820	38.5127
9140.991945	88.813	38.1553
9141.358156	88.812	37.8262
9141.724367	88.817	37.4521
9142.090578	88.816	37.0273
9142.456789	88.808	36.6533
9142.823000	88.809	36.2979
9143.189210	88.810	35.8760
9143.555421	88.800	35.4727
9143.921632	88.795	35.1299
9144.287843	88.796	34.7441
9144.654054	88.789	34.3398
9145.020265	88.782	33.9795
9145.386476	88.777	33.6094
9145.752687	88.767	33.2607
9146.118898	88.767	32.9668
9146.485109	88.778	32.5889
9146.851320	88.775	32.1289
9147.217531	88.761	31.7539
9147.583742	88.757	31.4307
9147.949953	88.758	31.0635
9148.316164	88.757	30.6865
9148.682375	88.757	30.2832
9149.048586	88.747	29.8633
9149.414797	88.735	29.5312
9149.781008	88.737	29.2168
9150.147219	88.740	28.8086
9150.513430	88.731	28.4092
9150.879641	88.724	28.0801
9151.245852	88.727	27.7314
9151.612063	88.729	27.3359
9151.978274	88.725	26.9248
9152.344485	88.715	26.5469
9152.710696	88.710	26.2324
9153.076907	88.718	25.8838
9153.443118	88.721	25.4316
9153.809329	88.707	25.0010
9154.175539	88.694	24.6709
9154.541750	88.691	24.3555
9154.907961	88.693	24.0127
9155.274172	88.696	23.6367
9155.640383	88.693	23.2236
9156.006594	88.683	22.8604
9156.372805	88.684	22.5566
9156.739016	88.696	22.1553
9157.105227	88.691	21.6621
9157.471438	88.670	21.2734
9157.837649	88.662	20.9941
9158.203860	88.668	20.6543
9158.570071	88.666	20.2471
9158.936282	88.659	19.8838
9159.302493	88.658	19.5400
9159.668704	88.656	19.1572
9160.034915	88.649	18.8027
9160.401126	88.650	18.4922
9160.767337	88.659	18.1123
9161.133548	88.658	17.6699
9161.499759	88.647	17.2959
9161.865970	88.645	16.9707
9162.232181	88.649	16.5840
9162.598392	88.644	16.1670
9162.964603	88.634	15.8018
9163.330814	88.630	15.4658
9163.697025	88.630	15.1055
9164.063236	88.628	14.7256
9164.429447	88.624	14.3564
9164.795658	88.623	13.9844
9165.161869	88.619	13.5898
9165.528079	88.609	13.2197
9165.894290	88.605	12.9004
9166.260501	88.610	12.5420
9166.626712	88.608	12.1162
9166.992923	88.596	11.7334
9167.359134	88.589	11.4209
9167.725345	88.592	11.0850
9168.091556	88.593	10.7100
9168.457767	88.592	10.3408
9168.823978	88.591	9.9746
9169.190189	88.590	9.6152
9169.556400	88.595	9.2529
9169.922611	88.599	8.8262
9170.288822	88.588	8.3926
9170.655033	88.576	8.0762
9171.021244	88.582	7.7725
9171.387455	88.590	7.3369
9171.753666	88.579	6.8936
9172.119877	88.566	6.5498
9172.486088	88.563	6.2090
9172.852299	88.556	5.8535
9173.218510	88.551	5.5361
9173.584721	88.554	5.1855
9173.950932	88.550	4.7969
9174.317143	88.543	4.4678
9174.683354	88.547	4.1416
9175.049565	88.551	3.7334
9175.415776	88.544	3.3340
9175.781987	88.540	2.9785
9176.148198	88.538	2.5918
9176.514408	88.530	2.2158
9176.880619	88.527	1.8906
9177.246830	88.533	1.5117
9177.613041	88.529	1.0654
9177.979252	88.514	0.6934
9178.345463	88.508	0.4014
9178.711674	88.514	0.0625
9179.077885	88.515	-0.3311
9179.444096	88.511	-0.7002
9179.810307	88.510	-1.0459
9180.176518	88.512	-1.4033
9180.542729	88.515	-1.7773
9180.908940	88.517	-2.1768
9181.275151	88.512	-2.5850
9181.641362	88.503	-2.9434
9182.007573	88.501	-3.2510
9182.373784	88.509	-3.6064
9182.739995	88.510	-4.0293
9183.106206	88.502	-4.4141
9183.472417	88.499	-4.7598
9183.838628	88.499	-5.1641
9184.204839	88.485	-5.5566
9184.571050	88.474	-5.8369
9184.937261	88.482	-6.1377
9185.303472	88.486	-6.5439
9185.669683	88.479	-6.9219
9186.035894	88.480	-7.2676
9186.402105	88.479	-7.6836
9186.768316	88.465	-8.0645
9187.134527	88.459	-8.3330
9187.500738	88.472	-8.6562
9187.866948	88.479	-9.1035
9188.233159	88.471	-9.5312
9188.599370	88.465	-9.8906
9188.965581	88.464	-10.2676
9189.331792	88.459	-10.6650
9189.698003	88.450	-11.0137
9190.064214	88.450	-11.3359
9190.430425	88.455	-11.7158
9190.796636	88.450	-12.1201
9191.162847	88.444	-12.4639
9191.529058	88.448	-12.8115
9191.895269	88.448	-13.2266
9192.261480	88.438	-13.6025
9192.627691	88.437	-13.9238
9192.993902	88.440	-14.3105
9193.360113	88.430	-14.7051
9193.726324	88.423	-15.0010
9194.092535	88.432	-15.3350
9194.458746	88.432	-15.7656
9194.824957	88.419	-16.1152
9195.191168	88.422	-16.3945
9195.557379	88.434	-16.7881
9195.923590	88.429	-17.2314
9196.289801	88.418	-17.5811
9196.656012	88.418	-17.9150
9197.022223	88.416	-18.2832
9197.388434	88.413	-18.6152
9197.754645	88.419	-18.9668
9198.120856	88.419	-19.3711
9198.487067	88.413	-19.7217
9198.853278	88.419	-20.0498
9199.219488	88.427	-20.4805
9199.585699	88.417	-20.9268
9199.951910	88.404	-21.2646
9200.318121	88.404	-21.5752
9200.684332	88.406	-21.9434
9201.050543	88.404	-22.3252
9201.416754	88.399	-22.6768
9201.782965	88.398	-23.0117
9202.149176	88.401	-23.3691
9202.515387	88.402	-23.7578
9202.881598	88.398	-24.1455
9203.247809	88.393	-24.5166
9203.614020	88.387	-24.8711
9203.980231	88.385	-25.2090
9204.346442	88.386	-25.5654
9204.712653	88.384	-25.9590
9205.078864	88.375	-26.3330
9205.445075	88.368	-26.6621
9205.811286	88.366	-26.9883
9206.177497	88.366	-27.3184
9206.543708	88.372	-27.6641
9206.909919	88.376	-28.0801
9207.276130	88.366	-28.5088
9207.642341	88.351	-28.8232
9208.008552	88.354	-29.0869
9208.374763	88.366	-29.4512
9208.740974	88.366	-29.8584
9209.107185	88.365	-30.2129
9209.473396	88.370	-30.5947
9209.839607	88.367	-31.0156
9210.205817	88.360	-31.3662
9210.572028	88.362	-31.7012
9210.938239	88.364	-32.0889
9211.304450	88.360	-32.4414
9211.670661	88.366	-32.7852
9212.036872	88.370	-33.2070
9212.403083	88.360	-33.5996
9212.769294	88.356	-33.9131
9213.135505	88.361	-34.2520
9213.501716	88.364	-34.6289
9213.867927	88.366	-35.0186
9214.234138	88.362	-35.4346
9214.600349	88.349	-35.8086
9214.966560	88.340	-36.1123
9215.332771	88.338	-36.4072
9215.698982	88.342	-36.6982
9216.065193	88.356	-37.0371
9216.431404	88.364	-37.4902
9216.797615	88.353	-37.9219
9217.163826	88.343	-38.2539
9217.530037	88.342	-38.5889
9217.896248	88.340	-38.9287
9218.262459	88.345	-39.2568
9218.628670	88.353	-39.6729
9218.994881	88.346	-40.1113
9219.361092	88.336	-40.4570
9219.727303	88.337	-40.8193
9220.093514	88.328	-41.2119
9220.459725	88.319	-41.5059
9220.825936	88.328	-41.8105
9221.192147	88.333	-42.2305
9221.558357	88.324	-42.5889
9221.924568	88.330	-42.8867
9222.290779	88.341	-43.3232
9222.656990	88.328	-43.7686
9223.023201	88.316	-44.0410
9223.389412	88.328	-44.3477
9223.755623	88.331	-44.7754
9224.121834	88.324	-45.1152
9224.488045	88.336	-45.4395
9224.854256	88.342	-45.9277
9225.220467	88.320	-46.3584
9225.586678	88.306	-46.5850
9225.952889	88.321	-46.8633
9226.319100	88.328	-47.2842
9226.685311	88.322	-47.6455
9227.051522	88.329	-47.9648
9227.417733	88.338	-48.3896
9227.783944	88.329	-48.8252
9228.150155	88.319	-49.1504
9228.516366	88.322	-49.4639
9228.882577	88.324	-49.8281
9229.248788	88.325	-50.1699
9229.614999	88.335	-50.5381
9229.981210	88.337	-51.0020
9230.347421	88.318	-51.4004
9230.713632	88.309	-51.6445
9231.079843	88.322	-51.9385
9231.446054	88.330	-52.3545
9231.812265	88.326	-52.7373
9232.178476	88.328	-53.0898
9232.544686	88.328	-53.5010
9232.910897	88.316	-53.8828
9233.277108	88.307	-54.1650
9233.643319	88.313	-54.4395
9234.009530	88.324	-54.7783
9234.375741	88.333	-55.1738
9234.741952	88.336	-55.5947
9235.108163	88.332	-56.0039
9235.474374	88.325	-56.3828
9235.840585	88.318	-56.7227
9236.206796	88.318	-57.0352
9236.573007	88.326	-57.3906
9236.939218	88.328	-57.8105
9237.305429	88.317	-58.1924
9237.671640	88.313	-58.4844
9238.037851	88.323	-58.8105
9238.404062	88.327	-59.2305
9238.770273	88.318	-59.6016
9239.136484	88.319	-59.8877
9239.502695	88.333	-60.2578
9239.868906	88.332	-60.7080
9240.235117	88.320	-61.0723
9240.601328	88.318	-61.3701
9240.967539	88.322	-61.6963
9241.333750	88.328	-62.0459
9241.699961	88.333	-62.4355
9242.066172	88.328	-62.8350
9242.432383	88.321	-63.1523
9242.798594	88.327	-63.4600
9243.164805	88.332	-63.8408
9243.531016	88.330	-64.2061
9243.897226	88.333	-64.5449
9244.263437	88.336	-64.9229
9244.629648	88.334	-65.2861
9244.995859	88.338	-65.6367
9245.362070	88.341	-66.0488
9245.728281	88.331	-66.4287
9246.094492	88.330	-66.7197
9246.460703	88.342	-67.0771
9246.826914	88.343	-67.5195
9247.193125	88.334	-67.8857
9247.559336	88.336	-68.2012
9247.925547	88.343	-68.5938
9248.291758	88.339	-69.0088
9248.657969	88.333	-69.3564
9249.024180	88.334	-69.6934
9249.390391	88.334	-70.0596
9249.756602	88.332	-70.4014
9250.122813	88.337	-70.7266
9250.489024	88.345	-71.1152
9250.855235	88.342	-71.5371
9251.221446	88.333	-71.8789
9251.587657	88.335	-72.1797
9251.953868	88.341	-72.5312
9252.320079	88.344	-72.8906
9252.686290	88.351	-73.2627
9253.052501	88.351	-73.7051
9253.418712	88.334	-74.0723
9253.784923	88.330	-74.3018
9254.151134	88.349	-74.6055
9254.517345	88.360	-75.0273
9254.883556	88.362	-75.4365
9255.249766	88.364	-75.8711
9255.615977	88.349	-76.2881
9255.982188	88.338	-76.5527
9256.348399	88.352	-76.8369
9256.714610	88.361	-77.2842
9257.080821	88.348	-77.6729
9257.447032	88.347	-77.9404
9257.813243	88.361	-78.2920
9258.179454	88.362	-78.7178
9258.545665	88.357	-79.0732
9258.911876	88.359	-79.3994
9259.278087	88.362	-79.7549
9259.644298	88.365	-80.1045
9260.010509	88.370	-80.4541
9260.376720	88.375	-80.8311
9260.742931	88.377	-81.2148
9261.109142	88.377	-81.5928
9261.475353	88.375	-81.9580
9261.841564	88.375	-82.2949
9262.207775	88.380	-82.6436
9262.573986	88.382	-83.0332
9262.940197	88.378	-83.3965
9263.306408	88.379	-83.7148
9263.672619	88.387	-84.0742
9264.038830	88.389	-84.4629
9264.405041	88.392	-84.8320
9264.771252	88.396	-85.2480
9265.137463	88.386	-85.6650
9265.503674	88.376	-85.9570
9265.869885	88.388	-86.2617
9266.236095	88.394	-86.7051
9266.602306	88.382	-87.0908
9266.968517	88.381	-87.3711
9267.334728	88.391	-87.7402
9267.700939	88.385	-88.1348
9268.067150	88.383	-88.4082
9268.433361	88.401	-88.7422
9268.799572	88.406	-89.2139
9269.165783	88.390	-89.5635
9269.531994	88.397	-89.7861
9269.898205	88.424	-90.1699
9270.264416	88.428	-90.6855
9270.630627	88.413	-91.0635
9270.996838	88.415	-91.3438
9271.363049	88.429	-91.7168
9271.729260	88.431	-92.1543
9272.095471	88.424	-92.5430
9272.461682	88.420	-92.8789
9272.827893	88.420	-93.2002
9273.194104	88.424	-93.5264
9273.560315	88.431	-93.8662
9273.926526	88.438	-94.2256
9274.292737	88.444	-94.6162
9274.658948	88.444	-95.0068
9275.025159	88.442	-95.3721
9275.391370	88.439	-95.7129
9275.757581	88.439	-96.0059
9276.123792	88.454	-96.3145
9276.490003	88.468	-96.7529
9276.856214	88.458	-97.1943
9277.222425	88.449	-97.4619
9277.588635	88.468	-97.7412
9277.954846	88.482	-98.2197
9278.321057	88.467	-98.6562
9278.687268	88.460	-98.8906
9279.053479	88.483	-99.2041
9279.419690	88.492	-99.7031
9279.785901	88.477	-100.0957
9280.152112	88.478	-100.3672
9280.518323	88.490	-100.7451
9280.884534	88.488	-101.1299
9281.250745	88.497	-101.4443
9281.616956	88.513	-101.9014
9281.983167	88.498	-102.3896
9282.349378	88.482	-102.6514
9282.715589	88.498	-102.9258
9283.081800	88.507	-103.3789
9283.448011	88.496	-103.7393
9283.814222	88.505	-104.0225
9284.180433	88.518	-104.4541
9284.546644	88.508	-104.8789
9284.912855	88.503	-105.1543
9285.279066	88.518	-105.4863
9285.645277	88.522	-105.9287
9286.011488	88.511	-106.2959
9286.377699	88.511	-106.5811
9286.743910	88.520	-106.9141
9287.110121	88.525	-107.2793
9287.476332	88.531	-107.6289
9287.842543	88.538	-108.0186
9288.208754	88.538	-108.4160
9288.574964	88.538	-108.7500
9288.941175	88.549	-109.1162
9289.307386	88.551	-109.5674
9289.673597	88.539	-109.9453
9290.039808	88.538	-110.2178
9290.406019	88.553	-110.5469
9290.772230	88.565	-110.9795
9291.138441	88.563	-111.4219
9291.504652	88.554	-111.7881
9291.870863	88.555	-112.0830
9292.237074	88.570	-112.4229
9292.603285	88.581	-112.8633
9292.969496	88.578	-113.3008
9293.335707	88.571	-113.6611
9293.701918	88.571	-113.9844
9294.068129	88.578	-114.3115
9294.434340	88.587	-114.6670
9294.800551	88.595	-115.0518
9295.166762	88.601	-115.4404
9295.532973	88.604	-115.8418
9295.899184	88.601	-116.2285
9296.265395	88.599	-116.5449
9296.631606	88.610	-116.8730
9296.997817	88.618	-117.2910
9297.364028	88.613	-117.6797
9297.730239	88.613	-117.9844
9298.096450	88.625	-118.3408
9298.462661	88.626	-118.7471
9298.828872	88.625	-119.0850
9299.195083	88.636	-119.4346
9299.561294	88.642	-119.8828
9299.927504	88.631	-120.2793
9300.293715	88.628	-120.5723
9300.659926	88.638	-120.9180
9301.026137	88.641	-121.3213
9301.392348	88.639	-121.6641
9301.758559	88.647	-122.0000
9302.124770	88.654	-122.3955
9302.490981	88.656	-122.7666
9302.857192	88.666	-123.1270
9303.223403	88.674	-123.5801
9303.589614	88.663	-124.0098
9303.955825	88.656	-124.2891
9304.322036	88.674	-124.5928
9304.688247	88.687	-125.0518
9305.054458	88.679	-125.4844
9305.420669	88.675	-125.7852
9305.786880	88.690	-126.1162
9306.153091	88.698	-126.5557
9306.519302	88.691	-126.9541
9306.885513	88.691	-127.2432
9307.251724	88.708	-127.5791
9307.617935	88.718	-128.0420
9307.984146	88.707	-128.4561
9308.350357	88.702	-128.7256
9308.716568	88.720	-129.0264
9309.082779	88.734	-129.4580
9309.448990	88.732	-129.8770
9309.815201	88.733	-130.2168
9310.181412	88.742	-130.5957
9310.547623	88.743	-131.0215
9310.913833	88.736	-131.3730
9311.280044	88.742	-131.6943
9311.646255	88.749	-132.0918
9312.012466	88.744	-132.4619
9312.378677	88.748	-132.7568
9312.744888	88.762	-133.1299
9313.111099	88.764	-133.5508
9313.477310	88.763	-133.8896
9313.843521	88.774	-134.2480
9314.209732	88.778	-134.6553
9314.575943	88.782	-135.0049
9314.942154	88.797	-135.4072
9315.308365	88.798	-135.9053
9315.674576	88.782	-136.2881
9316.040787	88.782	-136.5889
9316.406998	88.786	-136.9600
9316.773209	88.783	-137.2842
9317.139420	88.797	-137.5576
9317.505631	88.820	-137.9854
9317.871842	88.819	-138.4775
9318.238053	88.809	-138.8193
9318.604264	88.818	-139.1230
9318.970475	88.830	-139.5283
9319.336686	88.828	-139.9170
9319.702897	88.832	-140.2217
9320.069108	88.850	-140.5684
9320.435319	88.863	-141.0283
9320.801530	88.857	-141.4668
9321.167741	88.853	-141.7871
9321.533952	88.863	-142.1074
9321.900163	88.873	-142.5166
9322.266373	88.872	-142.9121
9322.632584	88.873	-143.2578
9322.998795	88.877	-143.6162
9323.365006	88.879	-143.9648
9323.731217	88.887	-144.3115
9324.097428	88.893	-144.7031
9324.463639	88.892	-145.0645
9324.829850	88.902	-145.3955
9325.196061	88.915	-145.8252
9325.562272	88.912	-146.2881
9325.928483	88.903	-146.6611
9326.294694	88.902	-147.0078
9326.660905	88.902	-147.3535
9327.027116	88.908	-147.6787
9327.393327	88.921	-148.0684
9327.759538	88.924	-148.5156
9328.125749	88.919	-148.8965
9328.491960	88.922	-149.2266
9328.858171	88.933	-149.5938
9329.224382	88.941	-150.0107
9329.590593	88.942	-150.4209
9329.956804	88.943	-150.7676
9330.323015	88.957	-151.1230
9330.689226	88.968	-151.5732
9331.055437	88.963	-151.9912
9331.421648	88.964	-152.3037
9331.787859	88.980	-152.6709
9332.154070	88.987	-153.1172
9332.520281	88.983	-153.4971
9332.886492	88.989	-153.8359
9333.252703	88.998	-154.2266
9333.618913	88.999	-154.6143
9333.985124	89.004	-154.9746
9334.351335	89.009	-155.3682
9334.717546	89.007	-155.7549
9335.083757	89.006	-156.0840
9335.449968	89.015	-156.4287
9335.816179	89.020	-156.8174
9336.182390	89.022	-157.1855
9336.548601	89.028	-157.5557
9336.914812	89.030	-157.9600
9337.281023	89.027	-158.3154
9337.647234	89.034	-158.6299
9338.013445	89.048	-159.0234
9338.379656	89.052	-159.4668
9338.745867	89.049	-159.8438
9339.112078	89.054	-160.1865
9339.478289	89.065	-160.5674
9339.844500	89.075	-160.9941
9340.210711	89.079	-161.4512
9340.576922	89.072	-161.8828
9340.943133	89.064	-162.2246
9341.309344	89.070	-162.5322
9341.675555	89.083	-162.8994
9342.041766	89.091	-163.3154
9342.407977	89.093	-163.7266
9342.774188	89.092	-164.1035
9343.140399	89.096	-164.4502
9343.506610	89.105	-164.8105
9343.872821	89.113	-165.2119
9344.239032	89.116	-165.6211
9344.605242	89.116	-165.9980
9344.971453	89.119	-166.3447
9345.337664	89.128	-166.7031
9345.703875	89.139	-167.1055
9346.070086	89.143	-167.5459
9346.436297	89.138	-167.9639
9346.802508	89.130	-168.2979
9347.168719	89.135	-168.5781
9347.534930	89.152	-168.9258
9347.901141	89.164	-169.3613
9348.267352	89.164	-169.7676
9348.633563	89.170	-170.1328
9348.999774	89.178	-170.5410
9349.365985	89.180	-170.9600
9349.732196	89.180	-171.3457
9350.098407	89.180	-171.7236
9350.464618	89.181	-172.0732
9350.830829	89.191	-172.4131
9351.197040	89.204	-172.8271
9351.563251	89.205	-173.2676
9351.929462	89.202	-173.6445
9352.295673	89.204	-173.9971
9352.661884	89.207	-174.3408
9353.028095	89.218	-174.6621
9353.394306	89.238	-175.0508
9353.760517	89.249	-175.5264
9354.126728	89.247	-175.9746
9354.492939	89.246	-176.3672
9354.859150	89.247	-176.7471
9355.225361	89.250	-177.1221
9355.591572	89.254	-177.5137
9355.957782	89.254	-177.9014
9356.323993	89.255	-178.2295
9356.690204	89.269	-178.5723
9357.056415	89.282	-179.0127
9357.422626	89.281	-179.4521
9357.788837	89.279	-179.8232
9358.155048	89.282	179.8057
9358.521259	89.281	179.4561
9358.887470	89.290	179.1572
9359.253681	89.312	178.7744
9359.619892	89.321	178.2891
9359.986103	89.315	177.8652
9360.352314	89.315	177.5166
9360.718525	89.321	177.1455
9361.084736	89.325	176.7793
9361.450947	89.334	176.4229
9361.817158	89.345	176.0068
9362.183369	89.345	175.5840
9362.549580	89.346	175.2393
9362.915791	89.360	174.8789
9363.282002	89.370	174.4316
9363.648213	89.368	174.0020
9364.014424	89.369	173.6318
9364.380635	89.373	173.2441
9364.746846	89.373	172.8740
9365.113057	89.380	172.5576
9365.479268	89.401	172.1611
9365.845479	89.407	171.6572
9366.211690	89.396	171.2412
9366.577901	89.398	170.9326
9366.944111	89.412	170.5400
9367.310322	89.410	170.0898
9367.676533	89.403	169.7578
9368.042744	89.417	169.4580
9368.408955	89.435	169.0137
9368.775166	89.432	168.5430
9369.141377	89.426	168.1895
9369.507588	89.433	167.8369
9369.873799	89.435	167.4316
9370.240010	89.433	167.0908
9370.606221	89.445	166.7627
9370.972432	89.458	166.3438
9371.338643	89.462	165.9248
9371.704854	89.468	165.5205
9372.071065	89.469	165.0693
9372.437276	89.458	164.6992
9372.803487	89.461	164.4268
9373.169698	89.480	164.0684
9373.535909	89.490	163.6396
9373.902120	89.496	163.2354
9374.268331	89.503	162.8057
9374.634542	89.500	162.4043
9375.000753	89.507	162.0566
9375.366964	89.519	161.6172
9375.733175	89.511	161.1748
9376.099386	89.506	160.8965
9376.465597	89.529	160.5811
9376.831808	89.546	160.0830
9377.198019	89.539	159.6084
9377.564230	89.532	159.2607
9377.930441	89.538	158.9463
9378.296651	89.554	158.5732
9378.662862	89.565	158.1055
9379.029073	89.558	157.6514
9379.395284	89.551	157.3291
9379.761495	89.563	157.0186
9380.127706	89.578	156.6074
9380.493917	89.584	156.1758
9380.860128	89.589	155.7686
9381.226339	89.594	155.3486
9381.592550	89.595	154.9355
9381.958761	89.597	154.5576
9382.324972	89.605	154.1758
9382.691183	89.611	153.7402
9383.057394	89.607	153.3135
9383.423605	89.603	152.9834
9383.789816	89.615	152.6631
9384.156027	89.630	152.2402
9384.522238	89.633	151.7891
9384.888449	89.630	151.3936
9385.254660	89.630	151.0420
9385.620871	89.638	150.7012
9385.987082	89.651	150.3057
9386.353293	89.654	149.8643
9386.719504	89.652	149.4971
9387.085715	89.663	149.1445
9387.451926	89.673	148.6885
9387.818137	89.666	148.2656
9388.184348	89.666	147.9521
9388.550559	89.681	147.5781
9388.916770	89.688	147.1387
9389.282981	89.692	146.7314
9389.649191	89.698	146.2852
9390.015402	89.689	145.8438
9390.381613	89.684	145.5283
9390.747824	89.698	145.1855
9391.114035	89.705	144.7305
9391.480246	89.701	144.3428
9391.846457	89.709	143.9980
9392.212668	89.717	143.5732
9392.578879	89.716	143.1914
9392.945090	89.726	142.8633
9393.311301	89.743	142.4287
9393.677512	89.743	141.9746
9394.043723	89.744	141.6055
9394.409934	89.752	141.2100
9394.776145	89.751	140.8008
9395.142356	89.753	140.4863
9395.508567	89.774	140.1416
9395.874778	89.791	139.6465
9396.240989	89.786	139.1416
9396.607200	89.775	138.7520
9396.973411	89.771	138.4150
9397.339622	89.774	138.0820
9397.705833	89.783	137.7490
9398.072044	89.797	137.3623
9398.438255	89.804	136.9189
9398.804466	89.803	136.5029
9399.170677	89.804	136.1465
9399.536888	89.815	135.7832
9399.903099	89.829	135.3525
9400.269310	89.832	134.8809
9400.635520	89.827	134.4717
9401.001731	89.831	134.1221
9401.367942	89.844	133.7168
9401.734153	89.847	133.2715
9402.100364	89.848	132.8838
9402.466575	89.858	132.4902
9402.832786	89.864	132.0449
9403.198997	89.863	131.6328
9403.565208	89.866	131.2432
9403.931419	89.868	130.8418
9404.297630	89.869	130.4873
9404.663841	89.881	130.1299
9405.030052	89.892	129.6943
9405.396263	89.892	129.2803
9405.762474	89.898	128.9170
9406.128685	89.909	128.4824
9406.494896	89.905	128.0264
9406.861107	89.897	127.6807
9407.227318	89.904	127.3770
9407.593529	89.920	127.0029
9407.959740	89.932	126.5684
9408.325951	89.937	126.1143
9408.692162	89.935	125.6758
9409.058373	89.932	125.2881
9409.424584	89.934	124.9277
9409.790795	89.941	124.5576
9410.157006	89.950	124.1709
9410.523217	89.960	123.7520
9410.889428	89.965	123.3027
9411.255639	89.963	122.8672
9411.621850	89.957	122.4951
9411.988060	89.961	122.1895
9412.354271	89.981	121.8438
9412.720482	89.999	121.3584
9413.086693	89.995	120.8594
9413.452904	89.985	120.5059
9413.819115	89.995	120.1934
9414.185326	90.011	119.7803
9414.551537	90.017	119.3242
9414.917748	90.018	118.8867
9415.283959	90.013	118.4756
9415.650170	90.010	118.1406
9416.016381	90.023	117.8027
9416.382592	90.036	117.3516
9416.748803	90.033	116.9062
9417.115014	90.035	116.5391
9417.481225	90.045	116.1143
9417.847436	90.042	115.6572
9418.213647	90.038	115.2930
9418.579858	90.047	114.9131
9418.946069	90.049	114.4551
9419.312280	90.043	114.0693
9419.678491	90.048	113.7383
9420.044702	90.061	113.3369
9420.410913	90.067	112.9150
9420.777124	90.074	112.5059
9421.143335	90.081	112.0625
9421.509546	90.079	111.6416
9421.875757	90.082	111.2842
9422.241968	90.095	110.9082
9422.608179	90.107	110.4766
9422.974389	90.114	110.0205
9423.340600	90.113	109.5811
9423.706811	90.112	109.1934
9424.073022	90.118	108.8291
9424.439233	90.127	108.4150
9424.805444	90.128	107.9785
9425.171655	90.125	107.5928
9425.537866	90.129	107.2324
9425.904077	90.135	106.8438
9426.270288	90.138	106.4414
9426.636499	90.140	106.0615
9427.002710	90.145	105.6846
9427.368921	90.152	105.2793
9427.735132	90.154	104.8701
9428.101343	90.157	104.4893
9428.467554	90.165	104.1045
9428.833765	90.175	103.6689
9429.199976	90.177	103.2051
9429.566187	90.171	102.7891
9429.932398	90.170	102.4385
9430.298609	90.182	102.0762
9430.664820	90.194	101.6436
9431.031031	90.199	101.1943
9431.397242	90.202	100.7695
9431.763453	90.206	100.3369
9432.129664	90.203	99.9307
9432.495875	90.208	99.5898
9432.862086	90.226	99.1953
9433.228297	90.234	98.6953
9433.594508	90.225	98.2695
9433.960719	90.229	97.9590
9434.326929	90.250	97.5508
9434.693140	90.255	97.0244
9435.059351	90.240	96.5996
9435.425562	90.236	96.3008
9435.791773	90.248	95.9658
9436.157984	90.260	95.5654
9436.524195	90.270	95.1328
9436.890406	90.271	94.6631
9437.256617	90.259	94.2539
9437.622828	90.256	93.9707
9437.989039	90.274	93.6377
9438.355250	90.287	93.1719
9438.721461	90.284	92.7490
9439.087672	90.292	92.3887
9439.453883	90.306	91.9199
9439.820094	90.301	91.4199
9440.186305	90.292	91.0469
9440.552516	90.299	90.6826
9440.918727	90.305	90.2334
9441.284938	90.300	89.8252
9441.651149	90.305	89.4678
9442.017360	90.315	89.0391
9442.383571	90.313	88.6035
9442.749782	90.314	88.2529
9443.115993	90.329	87.8730
9443.482204	90.338	87.4131
9443.848415	90.341	86.9902
9444.214626	90.350	86.5781
9444.580837	90.355	86.1055
9444.947048	90.350	85.6787
9445.313258	90.353	85.3125
9445.679469	90.360	84.8828
9446.045680	90.357	84.4668
9446.411891	90.360	84.1240
9446.778102	90.373	83.7070
9447.144313	90.372	83.2500
9447.510524	90.369	82.8965
9447.876735	90.381	82.5215
9448.242946	90.385	82.0645
9448.609157	90.379	81.6914
9448.975368	90.388	81.3682
9449.341579	90.404	80.9443
9449.707790	90.408	80.4746
9450.074001	90.405	80.0557
9450.440212	90.405	79.6768
9450.806423	90.410	79.3076
9451.172634	90.421	78.9062
9451.538845	90.428	78.4609
9451.905056	90.428	78.0146
9452.271267	90.425	77.6006
9452.637478	90.424	77.2178
9453.003689	90.427	76.8477
9453.369900	90.433	76.4678
9453.736111	90.442	76.0732
9454.102322	90.452	75.6396
9454.468533	90.453	75.1729
9454.834744	90.446	74.7686
9455.200955	90.448	74.4365
9455.567166	90.462	74.0508
9455.933377	90.469	73.5947
9456.299588	90.469	73.1689
9456.665798	90.473	72.7734
9457.032009	90.478	72.3486
9457.398220	90.477	71.9277
9457.764431	90.477	71.5596
9458.130642	90.487	71.1855
9458.496853	90.496	70.7461
9458.863064	90.497	70.3096
9459.229275	90.499	69.9189
9459.595486	90.507	69.5039
9459.961697	90.509	69.0547
9460.327908	90.507	68.6348
9460.694119	90.506	68.2275
9461.060330	90.502	67.8418
9461.426541	90.504	67.5205
9461.792752	90.521	67.1553
9462.158963	90.532	66.6758
9462.525174	90.528	66.2324
9462.891385	90.530	65.8633
9463.257596	90.540	65.4531
9463.623807	90.546	65.0117
9463.990018	90.550	64.5625
9464.356229	90.547	64.0957
9464.722440	90.538	63.7100
9465.088651	90.545	63.3760
9465.454862	90.559	62.9336
9465.821073	90.558	62.4570
9466.187284	90.555	62.0654
9466.553495	90.561	61.6680
9466.919706	90.563	61.2334
9467.285917	90.562	60.8428
9467.652128	90.569	60.4688
9468.018338	90.581	60.0430
9468.384549	90.586	59.5615
9468.750760	90.579	59.1094
9469.116971	90.573	58.7637
9469.483182	90.585	58.4131
9469.849393	90.594	57.9639
9470.215604	90.593	57.5420
9470.581815	90.598	57.1523
9470.948026	90.601	56.7051
9471.314237	90.592	56.3252
9471.680448	90.600	56.0244
9472.046659	90.620	55.5938
9472.412870	90.619	55.1006
9472.779081	90.613	54.7314
9473.145292	90.622	54.3623
9473.511503	90.628	53.9092
9473.877714	90.624	53.5020
9474.243925	90.628	53.1240
9474.610136	90.632	52.7021
9474.976347	90.631	52.3223
9475.342558	90.644	51.9521
9475.708769	90.656	51.4619
9476.074980	90.647	50.9697
9476.441191	90.638	50.6250
9476.807402	90.649	50.2891
9477.173613	90.663	49.8311
9477.539824	90.661	49.3623
9477.906035	90.657	48.9717
9478.272246	90.662	48.5938
9478.638457	90.667	48.1787
9479.004667	90.667	47.7793
9479.370878	90.671	47.4336
9479.737089	90.689	47.0586
9480.103300	90.705	46.5684
9480.469511	90.702	46.0537
9480.835722	90.691	45.6436
9481.201933	90.689	45.2891
9481.568144	90.693	44.9082
9481.934355	90.695	44.5244
9482.300566	90.699	44.1572
9482.666777	90.708	43.7734
9483.032988	90.717	43.3457
9483.399199	90.719	42.8975
9483.765410	90.716	42.4932
9484.131621	90.721	42.1152
9484.497832	90.730	41.6836
9484.864043	90.731	41.2207
9485.230254	90.729	40.7900
9485.596465	90.728	40.3467
9485.962676	90.719	39.9141
9486.328887	90.711	39.5742
9486.695098	90.721	39.2510
9487.061309	90.736	38.8242
9487.427520	90.742	38.3477
9487.793731	90.741	37.8945
9488.159942	90.739	37.4668
9488.526153	90.737	37.0693
9488.892364	90.741	36.6875
9489.258575	90.748	36.2812
9489.624786	90.753	35.8555
9489.990997	90.755	35.4336
9490.357207	90.757	35.0312
9490.723418	90.762	34.6465
9491.089629	90.773	34.2334
9491.455840	90.780	33.7725
9491.822051	90.778	33.3174
9492.188262	90.773	32.9062
9492.554473	90.772	32.5400
9492.920684	90.780	32.1729
9493.286895	90.789	31.7344
9493.653106	90.786	31.2832
9494.019317	90.784	30.9258
9494.385528	90.797	30.5410
9494.751739	90.802	30.0391
9495.117950	90.789	29.6191
9495.484161	90.792	29.3096
9495.850372	90.808	28.8945
9496.216583	90.809	28.4297
9496.582794	90.811	28.0518
9496.949005	90.826	27.6201
9497.315216	90.828	27.1006
9497.681427	90.818	26.6523
9498.047638	90.813	26.2676
9498.413849	90.812	25.8994
9498.780060	90.818	25.5586
9499.146271	90.834	25.1465
9499.512482	90.838	24.6641
9499.878693	90.835	24.2510
9500.244904	90.840	23.8613
9500.611115	90.844	23.4082
9500.977326	90.839	22.9912
9501.343536	90.839	22.6328
9501.709747	90.846	22.2236
9502.075958	90.844	21.7959
9502.442169	90.842	21.4434
9502.808380	90.854	21.0732
9503.174591	90.861	20.6016
9503.540802	90.853	20.1650
9503.907013	90.850	19.8311
9504.273224	90.862	19.4570
9504.639435	90.869	18.9971
9505.005646	90.866	18.5615
9505.371857	90.865	18.1787
9505.738068	90.871	17.8047
9506.104279	90.883	17.3955
9506.470490	90.891	16.9375
9506.836701	90.896	16.4824
9507.202912	90.903	16.0068
9507.569123	90.897	15.4824
9507.935334	90.877	15.0830
9508.301545	90.879	14.8135
9508.667756	90.901	14.3994
9509.033967	90.901	13.8828
9509.400178	90.891	13.4971
9509.766389	90.897	13.1377
9510.132600	90.901	12.7227
9510.498811	90.903	12.3740
9510.865022	90.921	11.9980
9511.231233	90.933	11.4883
9511.597444	90.924	11.0166
9511.963655	90.921	10.6543
9512.329866	90.928	10.2627
9512.696076	90.930	9.8184
9513.062287	90.926	9.4033
9513.428498	90.923	9.0361
9513.794709	90.927	8.6738
9514.160920	90.934	8.2715
9514.527131	90.936	7.8506
9514.893342	90.937	7.4561
9515.259553	90.943	7.0674
9515.625764	90.950	6.6328
9515.991975	90.950	6.1699
9516.358186	90.943	5.7637
9516.724397	90.945	5.4121
9517.090608	90.957	4.9941
9517.456819	90.957	4.5205
9517.823030	90.950	4.1348
9518.189241	90.959	3.7764
9518.555452	90.969	3.3164
9518.921663	90.966	2.8574
9519.287874	90.964	2.4775
9519.654085	90.971	2.0869
9520.020296	90.977	1.6650
9520.386507	90.983	1.2441
9520.752718	90.988	0.7998
9521.118929	90.989	0.3555
9521.485140	90.989	-0.0566
9521.851351	90.994	-0.4785
9522.217562	90.995	-0.9258
9522.583773	90.990	-1.3584
9522.949984	90.983	-1.7354
9523.316195	90.985	-2.0605
9523.682406	90.999	-2.4229
9524.048616	91.012	-2.8682
9524.414827	91.016	-3.3252
9524.781038	91.019	-3.7822
9525.147249	91.015	-4.2539
9525.513460	91.003	-4.6572
9525.879671	91.000	-4.9873
9526.245882	91.007	-5.3564
9526.612093	91.011	-5.7676
9526.978304	91.012	-6.1475
9527.344515	91.021	-6.5176
9527.710726	91.034	-6.9541
9528.076937	91.038	-7.4424
9528.443148	91.030	-7.8809
9528.809359	91.029	-8.2441
9529.175570	91.040	-8.6475
9529.541781	91.044	-9.1162
9529.907992	91.041	-9.5566
9530.274203	91.040	-9.9658
9530.640414	91.041	-10.3906
9531.006625	91.038	-10.8096
9531.372836	91.036	-11.2031
9531.739047	91.037	-11.5703
9532.105258	91.047	-11.9482
9532.471469	91.058	-12.3994
9532.837680	91.059	-12.8799
9533.203891	91.054	-13.3096
9533.570102	91.051	-13.7080
9533.936313	91.051	-14.0801
9534.302524	91.061	-14.4443
9534.668735	91.076	-14.9180
9535.034945	91.071	-15.4473
9535.401156	91.055	-15.8379
9535.767367	91.056	-16.1533
9536.133578	91.067	-16.5566
9536.499789	91.068	-16.9883
9536.866000	91.069	-17.3740
9537.232211	91.075	-17.7617
9537.598422	91.084	-18.1807
9537.964633	91.089	-18.6387
9538.330844	91.084	-19.0850
9538.697055	91.079	-19.4346
9539.063266	91.091	-19.7793
9539.429477	91.105	-20.2451
9539.795688	91.103	-20.7168
9540.161899	91.102	-21.1191
9540.528110	91.105	-21.5469
9540.894321	91.099	-21.9590
9541.260532	91.099	-22.2959
9541.626743	91.111	-22.6729
9541.992954	91.119	-23.1162
9542.359165	91.121	-23.5352
9542.725376	91.128	-23.9541
9543.091587	91.132	-24.4121
9543.457798	91.128	-24.8633
9543.824009	91.122	-25.2734
9544.190220	91.120	-25.6426
9544.556431	91.127	-26.0322
9544.922642	91.129	-26.4961
9545.288853	91.116	-26.9023
9545.655064	91.116	-27.1836
9546.021275	91.140	-27.5654
9546.387485	91.147	-28.1201
9546.753696	91.130	-28.5752
9547.119907	91.126	-28.8857
9547.486118	91.140	-29.2871
9547.852329	91.141	-29.7539
9548.218540	91.140	-30.1436
9548.584751	91.150	-30.5771
9548.950962	91.145	-31.0791
9549.317173	91.130	-31.4453
9549.683384	91.138	-31.7490
9550.049595	91.154	-32.1953
9550.415806	91.152	-32.6611
9550.782017	91.151	-33.0498
9551.148228	91.155	-33.4717
9551.514439	91.151	-33.8701
9551.880650	91.158	-34.2041
9552.246861	91.175	-34.6367
9552.613072	91.175	-35.1367
9552.979283	91.167	-35.5459
9553.345494	91.167	-35.9199
9553.711705	91.168	-36.3057
9554.077916	91.170	-36.6582
9554.444127	91.181	-37.0342
9554.810338	91.189	-37.4551
9555.176549	91.195	-37.8760
9555.542760	91.202	-38.3193
9555.908971	91.202	-38.7705
9556.275182	91.201	-39.1924
9556.641393	91.201	-39.6250
9557.007604	91.197	-40.0391
9557.373814	91.198	-40.4209
9557.740025	91.204	-40.8711
9558.106236	91.195	-41.3369
9558.472447	91.184	-41.6787
9558.838658	91.193	-42.0127
9559.204869	91.203	-42.4639
9559.571080	91.199	-42.9199
9559.937291	91.194	-43.2949
9560.303502	91.198	-43.6562
9560.669713	91.207	-44.0596
9561.035924	91.214	-44.5059
9561.402135	91.213	-44.9551
9561.768346	91.209	-45.3584
9562.134557	91.210	-45.7266
9562.500768	91.220	-46.1133
9562.866979	91.229	-46.5684
9563.233190	91.225	-47.0420
9563.599401	91.215	-47.4092
9563.965612	91.224	-47.7178
9564.331823	91.245	-48.1572
9564.698034	91.246	-48.6934
9565.064245	91.233	-49.1172
9565.430456	91.234	-49.4561
9565.796667	91.246	-49.8896
9566.162878	91.242	-50.3750
9566.529089	91.232	-50.7617
9566.895300	91.236	-51.1045
9567.261511	91.247	-51.5410
9567.627722	91.244	-52.0146
9567.993933	91.234	-52.4004
9568.360144	91.237	-52.7383
9568.726354	91.249	-53.1426
9569.092565	91.253	-53.5967
9569.458776	91.252	-54.0273
9569.824987	91.253	-54.4434
9570.191198	91.251	-54.8623
9570.557409	91.248	-55.2402
9570.923620	91.255	-55.5977
9571.289831	91.264	-56.0146
9571.656042	91.268	-56.4443
9572.022253	91.274	-56.8496
9572.388464	91.281	-57.3115
9572.754675	91.275	-57.7793
9573.120886	91.269	-58.1416
9573.487097	91.278	-58.5205
9573.853308	91.282	-59.0010
9574.219519	91.269	-59.4209
9574.585730	91.266	-59.7344
9574.951941	91.279	-60.0918
9575.318152	91.289	-60.5332
9575.684363	91.291	-60.9990
9576.050574	91.285	-61.4336
9576.416785	91.281	-61.7979
9576.782996	91.289	-62.1611
9577.149207	91.299	-62.6211
9577.515418	91.294	-63.1016
9577.881629	91.284	-63.4805
9578.247840	91.287	-63.8262
9578.614051	91.293	-64.2441
9578.980262	91.291	-64.6465
9579.346473	91.297	-64.9873
9579.712683	91.315	-65.4189
9580.078894	91.317	-65.9404
9580.445105	91.307	-66.3652
9580.811316	91.309	-66.7275
9581.177527	91.316	-67.1602
9581.543738	91.315	-67.6025
9581.909949	91.315	-68.0234
9582.276160	91.311	-68.4580
9582.642371	91.304	-68.8311
9583.008582	91.309	-69.1650
9583.374793	91.320	-69.5869
9583.741004	91.321	-70.0479
9584.107215	91.315	-70.4541
9584.473426	91.314	-70.8164
9584.839637	91.323	-71.1758
9585.205848	91.338	-71.6191
9585.572059	91.338	-72.1445
9585.938270	91.323	-72.5781
9586.304481	91.319	-72.9082
9586.670692	91.327	-73.2910
9587.036903	91.330	-73.7080
9587.403114	91.334	-74.0928
9587.769325	91.345	-74.5273
9588.135536	91.345	-75.0088
9588.501747	91.338	-75.4229
9588.867958	91.339	-75.7881
9589.234169	91.346	-76.1924
9589.600380	91.349	-76.6250
9589.966591	91.349	-77.0312
9590.332802	91.353	-77.4258
9590.699013	91.358	-77.8535
9591.065223	91.357	-78.2715
9591.431434	91.359	-78.6543
9591.797645	91.366	-79.0703
9592.163856	91.366	-79.5029
9592.530067	91.366	-79.8818
9592.896278	91.375	-80.2949
9593.262489	91.374	-80.7656
9593.628700	91.365	-81.1621
9593.994911	91.366	-81.5176
9594.361122	91.369	-81.9141
9594.727333	91.371	-82.2822
9595.093544	91.384	-82.6787
9595.459755	91.389	-83.1787
9595.825966	91.378	-83.6162
9596.192177	91.379	-83.9648
9596.558388	91.388	-84.4102
9596.924599	91.380	-84.8867
9597.290810	91.371	-85.2402
9597.657021	91.378	-85.5986
9598.023232	91.383	-86.0400
9598.389443	91.380	-86.4346
9598.755654	91.390	-86.8105
9599.121865	91.402	-87.3105
9599.488076	91.390	-87.8262
9599.854287	91.372	-88.1807
9600.220498	91.376	-88.4678
9600.586709	91.392	-88.8545
9600.952920	91.400	-89.3135
9601.319131	91.402	-89.7578
9601.685342	91.404	-90.1924
9602.051553	91.402	-90.6348
9602.417763	91.397	-91.0479
9602.783974	91.395	-91.4121
9603.150185	91.401	-91.7910
9603.516396	91.405	-92.2207
9603.882607	91.402	-92.6143
9604.248818	91.409	-92.9590
9604.615029	91.425	-93.3887
9604.981240	91.429	-93.8955
9605.347451	91.421	-94.3525
9605.713662	91.414	-94.7471
9606.079873	91.412	-95.1172
9606.446084	91.416	-95.4824
9606.812295	91.424	-95.8965
9607.178506	91.424	-96.3359
9607.544717	91.421	-96.7148
9607.910928	91.429	-97.0781
9608.277139	91.440	-97.5264
9608.643350	91.439	-98.0059
9609.009561	91.431	-98.4180
9609.375772	91.430	-98.7910
9609.741983	91.432	-99.1768
9610.108194	91.436	-99.5527
9610.474405	91.448	-99.9600
9610.840616	91.455	-100.4609
9611.206827	91.443	-100.9404
9611.573038	91.431	-101.2852
9611.939249	91.438	-101.6201
9612.305460	91.447	-102.0566
9612.671671	91.443	-102.4844
9613.037882	91.444	-102.8379
9613.404092	91.459	-103.2383
9613.770303	91.467	-103.7578
9614.136514	91.454	-104.2617
9614.502725	91.437	-104.6133
9614.868936	91.442	-104.9111
9615.235147	91.457	-105.3291
9615.601358	91.456	-105.8076
9615.967569	91.448	-106.1826
9616.333780	91.456	-106.5264
9616.699991	91.468	-106.9795
9617.066202	91.463	-107.4404
9617.432413	91.458	-107.7920
9617.798624	91.470	-108.1533
9618.164835	91.480	-108.6016
9618.531046	91.483	-109.0498
9618.897257	91.486	-109.4863
9619.263468	91.486	-109.9385
9619.629679	91.483	-110.3604
9619.995890	91.485	-110.7744
9620.362101	91.484	-111.2188
9620.728312	91.478	-111.6348
9621.094523	91.475	-112.0244
9621.460734	91.473	-112.4219
9621.826945	91.470	-112.7793
9622.193156	91.480	-113.1416
9622.559367	91.488	-113.5947
9622.925578	91.483	-114.0391
9623.291789	91.481	-114.3994
9623.658000	91.489	-114.7920
9624.024211	91.492	-115.2373
9624.390422	91.490	-115.6299
9624.756632	91.498	-116.0107
9625.122843	91.506	-116.4668
9625.489054	91.503	-116.9199
9625.855265	91.501	-117.2979
9626.221476	91.511	-117.7002
9626.587687	91.515	-118.1836
9626.953898	91.505	-118.6260
9627.320109	91.502	-118.9707
9627.686320	91.512	-119.3447
9628.052531	91.518	-119.7939
9628.418742	91.516	-120.2139
9628.784953	91.521	-120.6016
9629.151164	91.529	-121.0508
9629.517375	91.525	-121.5225
9629.883586	91.516	-121.9121
9630.249797	91.518	-122.2549
9630.616008	91.528	-122.6572
9630.982219	91.531	-123.1006
9631.348430	91.530	-123.5039
9631.714641	91.537	-123.9092
9632.080852	91.540	-124.3779
9632.447063	91.529	-124.7891
9632.813274	91.532	-125.0938
9633.179485	91.555	-125.5127
9633.545696	91.558	-126.0801
9633.911907	91.537	-126.5078
9634.278118	91.536	-126.7939
9634.644329	91.553	-127.1992
9635.010540	91.553	-127.6787
9635.376751	91.549	-128.0684
9635.742961	91.556	-128.4629
9636.109172	91.559	-128.9082
9636.475383	91.557	-129.3174
9636.841594	91.559	-129.7285
9637.207805	91.557	-130.1523
9637.574016	91.554	-130.5117
9637.940227	91.565	-130.8818
9638.306438	91.573	-131.3438
9638.672649	91.569	-131.7949
9639.038860	91.565	-132.1826
9639.405071	91.567	-132.5713
9639.771282	91.571	-132.9717
9640.137493	91.576	-133.3955
9640.503704	91.574	-133.8545
9640.869915	91.563	-134.2432
9641.236126	91.566	-134.5439
9641.602337	91.586	-134.9453
9641.968548	91.590	-135.4717
9642.334759	91.576	-135.9053
9642.700970	91.574	-136.2324
9643.067181	91.585	-136.6182
9643.433392	91.589	-137.0566
9643.799603	91.590	-137.4668
9644.165814	91.595	-137.8779
9644.532025	91.599	-138.3145
9644.898236	91.598	-138.7471
9645.264447	91.595	-139.1484
9645.630658	91.597	-139.4980
9645.996869	91.613	-139.8789
9646.363080	91.627	-140.3965
9646.729291	91.617	-140.9287
9647.095501	91.601	-141.3008
9647.461712	91.606	-141.6260
9647.827923	91.617	-142.0723
9648.194134	91.611	-142.5459
9648.560345	91.602	-142.9111
9648.926556	91.608	-143.2549
9649.292767	91.616	-143.6787
9649.658978	91.615	-144.1064
9650.025189	91.619	-144.4863
9650.391400	91.629	-144.9238
9650.757611	91.628	-145.4189
9651.123822	91.616	-145.8213
9651.490033	91.620	-146.1660
9651.856244	91.630	-146.6143
9652.222455	91.623	-147.0879
9652.588666	91.614	-147.4473
9652.954877	91.620	-147.7881
9653.321088	91.630	-148.2090
9653.687299	91.633	-148.6484
9654.053510	91.633	-149.0684
9654.419721	91.634	-149.4727
9654.785932	91.639	-149.8672
9655.152143	91.647	-150.3047
9655.518354	91.647	-150.7812
9655.884565	91.640	-151.2158
9656.250776	91.634	-151.5977
9656.616987	91.632	-151.9482
9656.983198	91.641	-152.2939
9657.349409	91.656	-152.7139
9657.715620	91.662	-153.2012
9658.081831	91.659	-153.6533
9658.448041	91.657	-154.0830
9658.814252	91.652	-154.5049
9659.180463	91.649	-154.8760
9659.546674	91.653	-155.2480
9659.912885	91.656	-155.6396
9660.279096	91.664	-156.0127
9660.645307	91.679	-156.4619
9661.011518	91.677	-156.9805
9661.377729	91.663	-157.3770
9661.743940	91.667	-157.7051
9662.110151	91.677	-158.1182
9662.476362	91.678	-158.5361
9662.842573	91.686	-158.9346
9663.208784	91.692	-159.3955
9663.574995	91.687	-159.8330
9663.941206	91.688	-160.2061
9664.307417	91.696	-160.6182
9664.673628	91.700	-161.0635
9665.039839	91.702	-161.5029
9665.406050	91.701	-161.9629
9665.772261	91.691	-162.3906
9666.138472	91.686	-162.7373
9666.504683	91.693	-163.0898
9666.870894	91.702	-163.5137
9667.237105	91.703	-163.9648
9667.603316	91.700	-164.3740
9667.969527	91.703	-164.7539
9668.335738	91.710	-165.1807
9668.701949	91.711	-165.6387
9669.068160	91.708	-166.0566
9669.434370	91.709	-166.4619
9669.800581	91.710	-166.8877
9670.166792	91.708	-167.2920
9670.533003	91.712	-167.6807
9670.899214	91.719	-168.1035
9671.265425	91.723	-168.5654
9671.631636	91.718	-169.0244
9671.997847	91.708	-169.4131
9672.364058	91.710	-169.7363
9672.730269	91.725	-170.1211
9673.096480	91.733	-170.5977
9673.462691	91.731	-171.0498
9673.828902	91.731	-171.4639
9674.195113	91.730	-171.8994
9674.561324	91.723	-172.3008
9674.927535	91.724	-172.6387
9675.293746	91.736	-173.0303
9675.659957	91.740	-173.4824
9676.026168	91.739	-173.8838
9676.392379	91.748	-174.2891
9676.758590	91.752	-174.7744
9677.124801	91.742	-175.2051
9677.491012	91.742	-175.5596
9677.857223	91.749	-175.9873
9678.223434	91.744	-176.4209
9678.589645	91.745	-176.7666
9678.955856	91.761	-177.2012
9679.322067	91.757	-177.7285
9679.688278	91.740	-178.1074
9680.054489	91.747	-178.4102
9680.420700	91.762	-178.8623
9680.786910	91.757	-179.3418
9681.153121	91.752	-179.7070
9681.519332	91.761	179.8975
9681.885543	91.760	179.4463
9682.251754	91.756	179.0820
9682.617965	91.769	178.7188
9682.984176	91.778	178.2402
9683.350387	91.772	177.8057
9683.716598	91.777	177.4570
9684.082809	91.792	176.9971
9684.449020	91.788	176.4912
9684.815231	91.780	176.1094
9685.181442	91.787	175.7100
9685.547653	91.784	175.2432
9685.913864	91.775	174.8848
9686.280075	91.787	174.5410
9686.646286	91.798	174.0645
9687.012497	91.792	173.6045
9687.378708	91.791	173.2139
9687.744919	91.793	172.7900
9688.111130	91.791	172.3955
9688.477341	91.800	172.0078
9688.843552	91.806	171.5225
9689.209763	91.796	171.0801
9689.575974	91.797	170.7383
9689.942185	91.809	170.3018
9690.308396	91.804	169.8330
9690.674607	91.803	169.4805
9691.040818	91.819	169.0547
9691.407029	91.816	168.5176
9691.773239	91.796	168.1426
9692.139450	91.804	167.8721
9692.505661	91.825	167.4316
9692.871872	91.823	166.9307
9693.238083	91.818	166.5508
9693.604294	91.827	166.1602
9693.970505	91.830	165.6895
9694.336716	91.822	165.2822
9694.702927	91.824	164.9346
9695.069138	91.835	164.5264
9695.435349	91.839	164.0703
9695.801560	91.837	163.6318
9696.167771	91.833	163.2207
9696.533982	91.831	162.8398
9696.900193	91.835	162.4619
9697.266404	91.841	162.0586
9697.632615	91.848	161.6328
9697.998826	91.853	161.1729
9698.365037	91.849	160.6992
9698.731248	91.841	160.2871
9699.097459	91.840	159.9238
9699.463670	91.847	159.5273
9699.829881	91.853	159.0898
9700.196092	91.853	158.6445
9700.562303	91.850	158.2324
9700.928514	91.855	157.8623
9701.294725	91.869	157.4316
9701.660936	91.872	156.9238
9702.027147	91.864	156.4795
9702.393358	91.864	156.1074
9702.759569	91.870	155.6895
9703.125779	91.872	155.2539
9703.491990	91.874	154.8545
9703.858201	91.882	154.4229
9704.224412	91.883	153.9443
9704.590623	91.874	153.5088
9704.956834	91.869	153.1562
9705.323045	91.877	152.7920
9705.689256	91.884	152.3340
9706.055467	91.875	151.8984
9706.421678	91.872	151.5762
9706.787889	91.888	151.2070
9707.154100	91.895	150.7041
9707.520311	91.883	150.2539
9707.886522	91.879	149.9160
9708.252733	91.887	149.5293
9708.618944	91.888	149.0918
9708.985155	91.887	148.7178
9709.351366	91.899	148.3271
9709.717577	91.908	147.8311
9710.083788	91.901	147.3447
9710.449999	91.894	146.9404
9710.816210	91.895	146.5371
9711.182421	91.895	146.1104
9711.548632	91.893	145.6973
9711.914843	91.893	145.2920
9712.281054	91.894	144.8955
9712.647265	91.900	144.4961
9713.013476	91.906	144.0586
9713.379687	91.906	143.6240
9713.745898	91.911	143.2285
9714.112108	91.922	142.7812
9714.478319	91.923	142.2676
9714.844530	91.912	141.8262
9715.210741	91.910	141.4609
9715.576952	91.914	141.0488
9715.943163	91.912	140.6406
9716.309374	91.917	140.2939
9716.675585	91.936	139.8506
9717.041796	91.937	139.2930
9717.408007	91.918	138.8574
9717.774218	91.916	138.5361
9718.140429	91.925	138.1182
9718.506640	91.921	137.6689
9718.872851	91.917	137.3135
9719.239062	91.928	136.9180
9719.605273	91.929	136.4385
9719.971484	91.918	136.0449
9720.337695	91.923	135.7227
9720.703906	91.940	135.2949
9721.070117	91.943	134.7910
9721.436328	91.936	134.3555
9721.802539	91.937	133.9688
9722.168750	91.942	133.5449
9722.534961	91.944	133.1084
9722.901172	91.948	132.6699
9723.267383	91.948	132.1982
9723.633594	91.940	131.7695
9723.999805	91.940	131.4111
9724.366016	91.951	130.9893
9724.732227	91.951	130.4941
9725.098438	91.940	130.0771
9725.464648	91.940	129.7305
9725.830859	91.948	129.3389
9726.197070	91.953	128.9033
9726.563281	91.953	128.4834
9726.929492	91.956	128.0889
9727.295703	91.962	127.6738
9727.661914	91.966	127.2256
9728.028125	91.964	126.7930
9728.394336	91.965	126.3887
9728.760547	91.966	125.9727
9729.126758	91.966	125.5664
9729.492969	91.971	125.1738
9729.859180	91.979	124.7178
9730.225391	91.974	124.2480
9730.591602	91.968	123.8584
9730.957813	91.974	123.4648
9731.324024	91.974	123.0029
9731.690235	91.965	122.6045
9732.056446	91.970	122.2725
9732.422657	91.987	121.8252
9732.788868	91.985	121.3027
9733.155079	91.973	120.8945
9733.521290	91.976	120.5322
9733.887501	91.983	120.0801
9734.253712	91.977	119.6338
9734.619923	91.974	119.2588
9734.986134	91.978	118.8672
9735.352345	91.980	118.4688
9735.718556	91.988	118.0918
9736.084767	92.002	117.6484
9736.450978	92.006	117.1543
9736.817188	92.005	116.7061
9737.183399	92.007	116.2461
9737.549610	91.999	115.7607
9737.915821	91.985	115.3857
9738.282032	91.989	115.0771
9738.648243	92.006	114.6562
9739.014454	92.009	114.1553
9739.380665	92.003	113.7061
9739.746876	91.999	113.2900
9740.113087	91.994	112.8877
9740.479298	91.995	112.5234
9740.845509	92.006	112.1094
9741.211720	92.008	111.6104
9741.577931	91.995	111.1924
9741.944142	91.997	110.8740
9742.310353	92.016	110.4424
9742.676564	92.017	109.9082
9743.042775	92.005	109.4746
9743.408986	92.006	109.1084
9743.775197	92.013	108.6660
9744.141408	92.011	108.1982
9744.507619	92.006	107.7822
9744.873830	92.006	107.3857
9745.240041	92.009	106.9756
9745.606252	92.011	106.5498
9745.972463	92.009	106.1270
9746.338674	92.009	105.7441
9746.704885	92.016	105.3672
9747.071096	92.026	104.9375
9747.437307	92.031	104.4736
9747.803517	92.031	104.0264
9748.169728	92.032	103.5986
9748.535939	92.033	103.1562
9748.902150	92.027	102.7168
9749.268361	92.020	102.3516
9749.634572	92.027	102.0205
9750.000783	92.044	101.5947
9750.366994	92.048	101.0977
9750.733205	92.042	100.6621
9751.099416	92.043	100.2734
9751.465627	92.050	99.8438
9751.831838	92.052	99.3828
9752.198049	92.050	98.9336
9752.564260	92.045	98.5039
9752.930471	92.041	98.1143
9753.296682	92.047	97.7402
9753.662893	92.058	97.2861
9754.029104	92.055	96.7861
9754.395315	92.047	96.3828
9754.761526	92.054	95.9932
9755.127737	92.057	95.4814
9755.493948	92.037	95.0361
9755.860159	92.031	94.7627
9756.226370	92.052	94.3945
9756.592581	92.058	93.8682
9756.958792	92.046	93.4395
9757.325003	92.048	93.1035
9757.691214	92.060	92.6807
9758.057425	92.062	92.2119
9758.423636	92.059	91.7842
9758.789847	92.060	91.3750
9759.156057	92.062	90.9678
9759.522268	92.068	90.5381
9759.888479	92.068	90.0713
9760.254690	92.061	89.6377
9760.620901	92.057	89.2646
9760.987112	92.061	88.8936
9761.353323	92.069	88.4932
9761.719534	92.078	88.0459
9762.085745	92.080	87.5547
9762.451956	92.072	87.1064
9762.818167	92.069	86.7139
9763.184378	92.070	86.2998
9763.550589	92.068	85.8926
9763.916800	92.073	85.5176
9764.283011	92.084	85.0674
9764.649222	92.081	84.5771
9765.015433	92.076	84.1758
9765.381644	92.084	83.7568
9765.747855	92.082	83.2373
9766.114066	92.062	82.8125
9766.480277	92.057	82.5459
9766.846488	92.081	82.1865
9767.212699	92.093	81.6318
9767.578910	92.076	81.1348
9767.945121	92.067	80.8340
9768.311332	92.089	80.4766
9768.677543	92.102	79.9189
9769.043754	92.087	79.4062
9769.409965	92.077	79.0469
9769.776176	92.082	78.6621
9770.142386	92.083	78.2383
9770.508597	92.087	77.8428
9770.874808	92.097	77.3867
9771.241019	92.093	76.8857
9771.607230	92.081	76.4717
9771.973441	92.078	76.1270
9772.339652	92.086	75.7568
9772.705863	92.096	75.3301
9773.072074	92.102	74.8535
9773.438285	92.098	74.3916
9773.804496	92.094	73.9814
9774.170707	92.097	73.5713
9774.536918	92.101	73.1162
9774.903129	92.096	72.6445
9775.269340	92.086	72.2324
9775.635551	92.086	71.8818
9776.001762	92.097	71.4619
9776.367973	92.097	70.9609
9776.734184	92.087	70.5332
9777.100395	92.088	70.1475
9777.466606	92.091	69.6826
9777.832817	92.081	69.2363
9778.199028	92.076	68.8828
9778.565239	92.087	68.4844
9778.931450	92.091	67.9990
9779.297661	92.086	67.5381
9779.663872	92.082	67.1152
9780.030083	92.078	66.7021
9780.396294	92.077	66.3281
9780.762505	92.087	65.9443
9781.128716	92.097	65.4756
9781.494926	92.095	65.0010
9781.861137	92.094	64.5986
9782.227348	92.103	64.1807
9782.593559	92.108	63.6914
9782.959770	92.103	63.2188
9783.325981	92.098	62.8076
9783.692192	92.099	62.4268
9784.058403	92.108	62.0234
9784.424614	92.118	61.5430
9784.790825	92.113	61.0361
9785.157036	92.101	60.6143
9785.523247	92.098	60.2568
9785.889458	92.103	59.8750
9786.255669	92.110	59.4580
9786.621880	92.115	59.0137
9786.988091	92.115	58.5625
9787.354302	92.115	58.1367
9787.720513	92.118	57.6855
9788.086724	92.112	57.2051
9788.452935	92.099	56.8105
9788.819146	92.101	56.4707
9789.185357	92.112	56.0303
9789.551568	92.106	55.5391
9789.917779	92.094	55.1650
9790.283990	92.101	54.8467
9790.650201	92.120	54.4014
9791.016412	92.123	53.8398
9791.382623	92.105	53.3467
9791.748834	92.089	53.0059
9792.115045	92.096	52.7021
9792.481256	92.115	52.2705
9792.847466	92.120	51.7246
9793.213677	92.106	51.2451
9793.579888	92.100	50.8623
9793.946099	92.101	50.4189
9794.312310	92.088	49.9697
9794.678521	92.077	49.6816
9795.044732	92.098	49.3701
9795.410943	92.117	48.8408
9795.777154	92.108	48.3184
9796.143365	92.101	47.9170
9796.509576	92.102	47.4766
9796.875787	92.093	47.0576
9797.241998	92.096	46.7178
9797.608209	92.111	46.2549
9797.974420	92.104	45.7246
9798.340631	92.090	45.3418
9798.706842	92.094	44.9795
9799.073053	92.096	44.5410
9799.439264	92.094	44.1602
9799.805475	92.107	43.7715
9800.171686	92.117	43.2559
9800.537897	92.108	42.7529
9800.904108	92.098	42.3438
9801.270319	92.095	41.9482
9801.636530	92.095	41.5566
9802.002741	92.101	41.1455
9802.368952	92.104	40.6699
9802.735163	92.095	40.2139
9803.101374	92.087	39.8418
9803.467585	92.090	39.4785
9803.833795	92.097	39.0742
9804.200006	92.105	38.6240
9804.566217	92.106	38.1348
9804.932428	92.098	37.6777
9805.298639	92.094	37.2832
9805.664850	92.097	36.8662
9806.031061	92.097	36.4131
9806.397272	92.095	35.9775
9806.763483	92.094	35.5400
9807.129694	92.090	35.0967
9807.495905	92.084	34.6855
9807.862116	92.083	34.2969
9808.228327	92.088	33.9092
9808.594538	92.100	33.4707
9808.960749	92.104	32.9404
9809.326960	92.089	32.4473
9809.693171	92.078	32.0850
9810.059382	92.083	31.7139
9810.425593	92.088	31.2832
9810.791804	92.091	30.8594
9811.158015	92.096	30.3955
9811.524226	92.091	29.9111
9811.890437	92.083	29.5107
9812.256648	92.087	29.1133
9812.622859	92.088	28.6543
9812.989070	92.083	28.2324
9813.355281	92.084	27.8369
9813.721492	92.086	27.3955
9814.087703	92.083	26.9727
9814.453914	92.085	26.5811
9814.820125	92.092	26.1309
9815.186335	92.089	25.6426
9815.552546	92.078	25.2256
9815.918757	92.077	24.8643
9816.284968	92.085	24.4365
9816.651179	92.083	23.9551
9817.017390	92.072	23.5439
9817.383601	92.070	23.1846
9817.749812	92.076	22.7822
9818.116023	92.078	22.3516
9818.482234	92.079	21.9307
9818.848445	92.082	21.4980
9819.214656	92.083	21.0410
9819.580867	92.079	20.5791
9819.947078	92.070	20.1543
9820.313289	92.065	19.7891
9820.679500	92.071	19.4209
9821.045711	92.081	18.9824
9821.411922	92.085	18.4844
9821.778133	92.077	17.9980
9822.144344	92.067	17.5957
9822.510555	92.070	17.2197
9822.876766	92.077	16.7432
9823.242977	92.068	16.2305
9823.609188	92.051	15.8350
9823.975399	92.050	15.4932
9824.341610	92.056	15.0801
9824.707821	92.054	14.6436
9825.074032	92.052	14.2480
9825.440243	92.057	13.8457
9825.806454	92.062	13.4043
9826.172664	92.064	12.9531
9826.538875	92.066	12.4961
9826.905086	92.064	12.0088
9827.271297	92.051	11.5576
9827.637508	92.043	11.1992
9828.003719	92.049	10.8184
9828.369930	92.052	10.3535
9828.736141	92.044	9.9297
9829.102352	92.045	9.5518
9829.468563	92.049	9.1152
9829.834774	92.045	8.6895
9830.200985	92.048	8.3076
9830.567196	92.057	7.8398
9830.933407	92.050	7.3389
9831.299618	92.038	6.9531
9831.665829	92.042	6.5889
9832.032040	92.049	6.1396
9832.398251	92.047	5.6816
9832.764462	92.046	5.2578
9833.130673	92.050	4.8135
9833.496884	92.050	4.3223
9833.863095	92.040	3.8330
9834.229306	92.025	3.4268
9834.595517	92.022	3.0752
9834.961728	92.028	2.6670
9835.327939	92.028	2.2158
9835.694150	92.027	1.7764
9836.060361	92.023	1.3252
9836.426572	92.015	0.9131
9836.792783	92.017	0.5469
9837.158994	92.026	0.0801
9837.525204	92.015	-0.4189
9837.891415	92.004	-0.7637
9838.257626	92.018	-1.1338
9838.623837	92.023	-1.6699
9838.990048	92.006	-2.1328
9839.356259	92.001	-2.4707
9839.722470	92.010	-2.8828
9840.088681	92.011	-3.3467
9840.454892	92.010	-3.7910
9840.821103	92.006	-4.2588
9841.187314	91.995	-4.6807
9841.553525	91.993	-5.0400
9841.919736	92.001	-5.4697
9842.285947	91.997	-5.9512
9842.652158	91.987	-6.3555
9843.018369	91.988	-6.7227
9843.384580	91.997	-7.1709
9843.750791	91.992	-7.6738
9844.117002	91.976	-8.0898
9844.483213	91.973	-8.4092
9844.849424	91.986	-8.8018
9845.215635	91.991	-9.3008
9845.581846	91.984	-9.7529
9845.948057	91.983	-10.1592
9846.314268	91.985	-10.6123
9846.680479	91.979	-11.0645
9847.046690	91.974	-11.4590
9847.412901	91.979	-11.8643
9847.779112	91.982	-12.3262
9848.145323	91.975	-12.7773
9848.511533	91.973	-13.1572
9848.877744	91.984	-13.5811
9849.243955	91.985	-14.1240
9849.610166	91.964	-14.5820
9849.976377	91.956	-14.8770
9850.342588	91.972	-15.2646
9850.708799	91.974	-15.7822
9851.075010	91.961	-16.1904
9851.441221	91.965	-16.5361
9851.807432	91.976	-16.9990
9852.173643	91.972	-17.4854
9852.539854	91.966	-17.9004
9852.906065	91.967	-18.3291
9853.272276	91.964	-18.7969
9853.638487	91.952	-19.2285
9854.004698	91.944	-19.5898
9854.370909	91.949	-19.9570
9854.737120	91.956	-20.4121
9855.103331	91.950	-20.8838
9855.469542	91.943	-21.2832
9855.835753	91.945	-21.6914
9856.201964	91.943	-22.1602
9856.568175	91.931	-22.5771
9856.934386	91.929	-22.9316
9857.300597	91.938	-23.3438
9857.666808	91.940	-23.8291
9858.033019	91.932	-24.2891
9858.399230	91.927	-24.6934
9858.765441	91.929	-25.1279
9859.131652	91.921	-25.6084
9859.497863	91.904	-25.9980
9859.864073	91.903	-26.2910
9860.230284	91.920	-26.6729
9860.596495	91.929	-27.1836
9860.962706	91.923	-27.6826
9861.328917	91.913	-28.1172
9861.695128	91.907	-28.5078
9862.061339	91.910	-28.9023
9862.427550	91.913	-29.3760
9862.793761	91.901	-29.8496
9863.159972	91.890	-30.1953
9863.526183	91.902	-30.5518
9863.892394	91.912	-31.0771
9864.258605	91.897	-31.5977
9864.624816	91.882	-31.9766
9864.991027	91.882	-32.3506
9865.357238	91.882	-32.7803
9865.723449	91.879	-33.1973
9866.089660	91.879	-33.6143
9866.455871	91.878	-34.0410
9866.822082	91.879	-34.4648
9867.188293	91.879	-34.9307
9867.554504	91.870	-35.3877
9867.920715	91.862	-35.7559
9868.286926	91.869	-36.1455
9868.653137	91.873	-36.6250
9869.019348	91.865	-37.0781
9869.385559	91.861	-37.4805
9869.751770	91.861	-37.9023
9870.117981	91.859	-38.3379
9870.484192	91.855	-38.7842
9870.850403	91.844	-39.2109
9871.216613	91.837	-39.5547
9871.582824	91.846	-39.9170
9871.949035	91.853	-40.3945
9872.315246	91.845	-40.8564
9872.681457	91.840	-41.2529
9873.047668	91.841	-41.6914
9873.413879	91.833	-42.1279
9873.780090	91.829	-42.5107
9874.146301	91.832	-42.9385
9874.512512	91.826	-43.3848
9874.878723	91.823	-43.7734
9875.244934	91.828	-44.2148
9875.611145	91.821	-44.7100
9875.977356	91.808	-45.1094
9876.343567	91.808	-45.4854
9876.709778	91.807	-45.9326
9877.075989	91.800	-46.3262
9877.442200	91.807	-46.6963
9877.808411	91.815	-47.1875
9878.174622	91.804	-47.6680
9878.540833	91.799	-48.0479
9878.907044	91.803	-48.4893
9879.273255	91.792	-48.9463
9879.639466	91.787	-49.2852
9880.005677	91.802	-49.7002
9880.371888	91.801	-50.2539
9880.738099	91.778	-50.6777
9881.104310	91.777	-50.9873
9881.470521	91.786	-51.4258
9881.836732	91.777	-51.8994
9882.202942	91.768	-52.2510
9882.569153	91.776	-52.6279
9882.935364	91.779	-53.0967
9883.301575	91.772	-53.5264
9883.667786	91.773	-53.9355
9884.033997	91.772	-54.3994
9884.400208	91.762	-54.8340
9884.766419	91.758	-55.2275
9885.132630	91.756	-55.6611
9885.498841	91.748	-56.0791
9885.865052	91.745	-56.4492
9886.231263	91.750	-56.8730
9886.597474	91.746	-57.3418
9886.963685	91.737	-57.7598
9887.329896	91.733	-58.1387
9887.696107	91.736	-58.5361
9888.062318	91.741	-58.9941
9888.428529	91.734	-59.4932
9888.794740	91.717	-59.9062
9889.160951	91.713	-60.2373
9889.527162	91.721	-60.6484
9889.893373	91.718	-61.1074
9890.259584	91.715	-61.5029
9890.625795	91.722	-61.9443
9890.992006	91.717	-62.4648
9891.358217	91.697	-62.8867
9891.724428	91.692	-63.2158
9892.090639	91.700	-63.6182
9892.456850	91.701	-64.0928
9892.823061	91.693	-64.5469
9893.189272	91.684	-64.9678
9893.555482	91.676	-65.3652
9893.921693	91.671	-65.7383
9894.287904	91.673	-66.1064
9894.654115	91.680	-66.5107
9895.020326	91.686	-66.9844
9895.386537	91.679	-67.4795
9895.752748	91.666	-67.9014
9896.118959	91.661	-68.2666
9896.485170	91.665	-68.6816
9896.851381	91.661	-69.1348
9897.217592	91.652	-69.5391
9897.583803	91.652	-69.9238
9897.950014	91.653	-70.3574
9898.316225	91.647	-70.7900
9898.682436	91.643	-71.1738
9899.048647	91.648	-71.5820
9899.414858	91.651	-72.0537
9899.781069	91.645	-72.5322
9900.147280	91.636	-72.9941
9900.513491	91.622	-73.4355
9900.879702	91.607	-73.8037
9901.245913	91.606	-74.1338
9901.612124	91.615	-74.5518
9901.978335	91.612	-75.0410
9902.344546	91.600	-75.4590
9902.710757	91.598	-75.8232
9903.076968	91.603	-76.2549
9903.443179	91.598	-76.7217
9903.809390	91.589	-77.1230
9904.175601	91.590	-77.4971
9904.541811	91.597	-77.9336
9904.908022	91.597	-78.4248
9905.274233	91.586	-78.8965
9905.640444	91.574	-79.2979
9906.006655	91.571	-79.6729
9906.372866	91.571	-80.1006
9906.739077	91.561	-80.5293
9907.105288	91.552	-80.8564
9907.471499	91.562	-81.1943
9907.837710	91.572	-81.6777
9908.203921	91.559	-82.1475
9908.570132	91.549	-82.4678
9908.936343	91.562	-82.8193
9909.302554	91.572	-83.3057
9909.668765	91.566	-83.7881
9910.034976	91.558	-84.2256
9910.401187	91.548	-84.6445
9910.767398	91.542	-85.0127
9911.133609	91.547	-85.4131
9911.499820	91.545	-85.8916
9911.866031	91.533	-86.3145
9912.232242	91.531	-86.7031
9912.598453	91.527	-87.1641
9912.964664	91.512	-87.5840
9913.330875	91.505	-87.9229
9913.697086	91.509	-88.3174
9914.063297	91.506	-88.7432
9914.429508	91.504	-89.1475
9914.795719	91.503	-89.5859
9915.161930	91.496	-89.9961
9915.528141	91.499	-90.3799
9915.894351	91.503	-90.8662
9916.260562	91.488	-91.3379
9916.626773	91.479	-91.6865
9916.992984	91.486	-92.1045
9917.359195	91.478	-92.5938
9917.725406	91.465	-92.9805
9918.091617	91.465	-93.3740
9918.457828	91.456	-93.8213
9918.824039	91.443	-94.1543
9919.190250	91.454	-94.4805
9919.556461	91.464	-94.9834
9919.922672	91.448	-95.4746
9920.288883	91.435	-95.8203
9920.655094	91.440	-96.1787
9921.021305	91.444	-96.6279
9921.387516	91.438	-97.0957
9921.753727	91.427	-97.5205
9922.119938	91.419	-97.8887
9922.486149	91.420	-98.2695
9922.852360	91.419	-98.7080
9923.218571	91.412	-99.1260
9923.584782	91.409	-99.5078
9923.950993	91.410	-99.9170
9924.317204	91.410	-100.3379
9924.683415	91.413	-100.7842
9925.049626	91.408	-101.2920
9925.415837	91.387	-101.7363
9925.782048	91.376	-102.0498
9926.148259	91.385	-102.4209
9926.514470	91.384	-102.9062
9926.880681	91.371	-103.3242
9927.246891	91.368	-103.6738
9927.613102	91.373	-104.1035
9927.979313	91.367	-104.5566
9928.345524	91.361	-104.9453
9928.711735	91.363	-105.3555
9929.077946	91.359	-105.8145
9929.444157	91.349	-106.2334
9929.810368	91.344	-106.6113
9930.176579	91.344	-107.0107
9930.542790	91.343	-107.4297
9930.909001	91.341	-107.8447
9931.275212	91.340	-108.2705
9931.641423	91.335	-108.7178
9932.007634	91.324	-109.1338
9932.373845	91.318	-109.4854
9932.740056	91.324	-109.8691
9933.106267	91.325	-110.3506
9933.472478	91.309	-110.7881
9933.838689	91.302	-111.1191
9934.204900	91.309	-111.5078
9934.571111	91.306	-111.9785
9934.937322	91.293	-112.3701
9935.303533	91.294	-112.7148
9935.669744	91.300	-113.1553
9936.035955	91.291	-113.6230
9936.402166	91.280	-114.0039
9936.768377	91.281	-114.3691
9937.134588	91.284	-114.8008
9937.500799	91.278	-115.2480
9937.867010	91.271	-115.6455
9938.233220	91.271	-116.0400
9938.599431	91.272	-116.4961
9938.965642	91.262	-116.9531
9939.331853	91.251	-117.3379
9939.698064	91.250	-117.7197
9940.064275	91.249	-118.1484
9940.430486	91.243	-118.5762
9940.796697	91.236	-118.9883
9941.162908	91.228	-119.3857
9941.529119	91.223	-119.7461
9941.895330	91.227	-120.1289
9942.261541	91.228	-120.5811
9942.627752	91.217	-121.0029
9942.993963	91.213	-121.3574
9943.360174	91.217	-121.7578
9943.726385	91.213	-122.2080
9944.092596	91.203	-122.5811
9944.458807	91.209	-122.9414
9944.825018	91.214	-123.4268
9945.191229	91.196	-123.9023
9945.557440	91.180	-124.2139
9945.923651	91.188	-124.5283
9946.289862	91.197	-124.9795
9946.656073	91.191	-125.4395
9947.022284	91.185	-125.8496
9947.388495	91.180	-126.2646
9947.754706	91.173	-126.6592
9948.120917	91.172	-127.0469
9948.487128	91.171	-127.4814
9948.853339	91.161	-127.8984
9949.219550	91.155	-128.2549
9949.585760	91.159	-128.6484
9949.951971	91.157	-129.1016
9950.318182	91.146	-129.5039
9950.684393	91.145	-129.8535
9951.050604	91.153	-130.2930
9951.416815	91.144	-130.8018
9951.783026	91.122	-131.1816
9952.149237	91.120	-131.4697
9952.515448	91.131	-131.8838
9952.881659	91.124	-132.3682
9953.247870	91.110	-132.7471
9953.614081	91.110	-133.1035
9953.980292	91.111	-133.5312
9954.346503	91.104	-133.9482
9954.712714	91.100	-134.3359
9955.078925	91.100	-134.7588
9955.445136	91.093	-135.1982
9955.811347	91.084	-135.5977
9956.177558	91.080	-135.9795
9956.543769	91.079	-136.3975
9956.909980	91.072	-136.8193
9957.276191	91.067	-137.2021
9957.642402	91.068	-137.6133
9958.008613	91.062	-138.0557
9958.374824	91.053	-138.4258
9958.741035	91.060	-138.7969
9959.107246	91.065	-139.2842
9959.473457	91.052	-139.7559
9959.839668	91.041	-140.1201
9960.205879	91.043	-140.5098
9960.572089	91.040	-140.9473
9960.938300	91.033	-141.3398
9961.304511	91.033	-141.7363
9961.670722	91.028	-142.1650
9962.036933	91.020	-142.5410
9962.403144	91.022	-142.8965
9962.769355	91.026	-143.3232
9963.135566	91.021	-143.7568
9963.501777	91.017	-144.1406
9963.867988	91.020	-144.5566
9964.234199	91.015	-145.0215
9964.600410	91.001	-145.4473
9964.966621	90.987	-145.8076
9965.332832	90.981	-146.1279
9965.699043	90.986	-146.4629
9966.065254	90.994	-146.8965
9966.431465	90.986	-147.3662
9966.797676	90.972	-147.7305
9967.163887	90.976	-148.0615
9967.530098	90.985	-148.5088
9967.896309	90.977	-149.0059
9968.262520	90.959	-149.4141
9968.628731	90.949	-149.7480
9968.994942	90.951	-150.0996
9969.361153	90.955	-150.5137
9969.727364	90.952	-150.9590
9970.093575	90.944	-151.3750
9970.459786	90.939	-151.7754
9970.825997	90.933	-152.1846
9971.192208	90.925	-152.5723
9971.558419	90.923	-152.9414
9971.924629	90.923	-153.3516
9972.290840	90.916	-153.7676
9972.657051	90.911	-154.1348
9973.023262	90.914	-154.5254
9973.389473	90.911	-154.9707
9973.755684	90.901	-155.3662
9974.121895	90.900	-155.7285
9974.488106	90.900	-156.1553
9974.854317	90.891	-156.5674
9975.220528	90.887	-156.9053
9975.586739	90.896	-157.3037
9975.952950	90.896	-157.7939
9976.319161	90.881	-158.2354
9976.685372	90.870	-158.5898
9977.051583	90.871	-158.9502
9977.417794	90.873	-159.3779
9977.784005	90.864	-159.8076
9978.150216	90.857	-160.1641
9978.516427	90.863	-160.5352
9978.882638	90.866	-161.0068
9979.248849	90.853	-161.4482
9979.615060	90.847	-161.8086
9979.981271	90.849	-162.2295
9980.347482	90.837	-162.6768
9980.713693	90.825	-163.0156
9981.079904	90.828	-163.3496
9981.446115	90.832	-163.7744
9981.812326	90.825	-164.1885
9982.178537	90.823	-164.5654
9982.544748	90.824	-164.9785
9982.910958	90.817	-165.4033
9983.277169	90.810	-165.7852
9983.643380	90.808	-166.1602
9984.009591	90.807	-166.5713
9984.375802	90.799	-166.9824
9984.742013	90.791	-167.3359
9985.108224	90.794	-167.6836
9985.474435	90.800	-168.1113
9985.840646	90.794	-168.5615
9986.206857	90.787	-168.9463
9986.573068	90.788	-169.3369
9986.939279	90.786	-169.7852
9987.305490	90.775	-170.2031
9987.671701	90.769	-170.5625
9988.037912	90.772	-170.9580
9988.404123	90.769	-171.4199
9988.770334	90.755	-171.8467
9989.136545	90.742	-172.1797
9989.502756	90.745	-172.4961
9989.868967	90.754	-172.8906
9990.235178	90.755	-173.3418
9990.601389	90.748	-173.7617
9990.967600	90.745	-174.1396
9991.333811	90.748	-174.5518
9991.700022	90.744	-175.0166
9992.066233	90.727	-175.4287
9992.432444	90.716	-175.7295
9992.798655	90.724	-176.0361
9993.164866	90.737	-176.4639
9993.531077	90.736	-176.9561
9993.897288	90.723	-177.4053
9994.263498	90.708	-177.7803
9994.629709	90.702	-178.1084
9994.995920	90.705	-178.4561
9995.362131	90.710	-178.8750
9995.728342	90.706	-179.3271
9996.094553	90.695	-179.7314
9996.460764	90.690	179.8887
9996.826975	90.683	179.4883
9997.193186	90.674	179.1348
9997.559397	90.675	178.8174
9997.925608	90.684	178.4189
9998.291819	90.683	177.9971
9998.658030	90.686	177.6348
9999.024241	90.702	177.1738
9999.390452	90.696	176.5889
9999.756663	90.666	176.1484
10000.122874	90.652	175.8906
10000.489085	90.665	175.5527
10000.855296	90.668	175.0635
10001.221507	90.651	174.6240
10001.587718	90.639	174.3223
10001.953929	90.647	173.9883
10002.320140	90.650	173.5322
10002.686351	90.636	173.1357
10003.052562	90.635	172.8428
10003.418773	90.650	172.4258
10003.784984	90.643	171.9111
10004.151195	90.622	171.5488
10004.517406	90.624	171.2646
10004.883617	90.635	170.8359
10005.249828	90.625	170.3604
10005.616038	90.611	170.0068
10005.982249	90.613	169.6777
10006.348460	90.617	169.2549
10006.714671	90.609	168.8164
10007.080882	90.598	168.4697
10007.447093	90.602	168.1533
10007.813304	90.614	167.7256
10008.179515	90.610	167.2197
10008.545726	90.590	166.8164
10008.911937	90.583	166.5195
10009.278148	90.589	166.1680
10009.644359	90.591	165.7549
10010.010570	90.588	165.3740
10010.376781	90.592	164.9941
10010.742992	90.595	164.5586
10011.109203	90.588	164.1113
10011.475414	90.576	163.7178
10011.841625	90.569	163.3828
10012.207836	90.572	163.0264
10012.574047	90.574	162.6016
10012.940258	90.567	162.1816
10013.306469	90.560	161.8027
10013.672680	90.556	161.4150
10014.038891	90.549	161.0391
10014.405102	90.547	160.6816
10014.771313	90.549	160.2939
10015.137524	90.550	159.8936
10015.503735	90.554	159.4590
10015.869946	90.546	158.9629
10016.236157	90.523	158.5713
10016.602367	90.518	158.3076
10016.968578	90.533	157.9268
10017.334789	90.531	157.4346
10017.701000	90.517	157.0479
10018.067211	90.516	156.7168
10018.433422	90.520	156.3359
10018.799633	90.524	155.9395
10019.165844	90.528	155.4932
10019.532055	90.518	155.0342
10019.898266	90.505	154.7041
10020.264477	90.514	154.3896
10020.630688	90.524	153.9268
10020.996899	90.513	153.4707
10021.363110	90.504	153.1152
10021.729321	90.503	152.7207
10022.095532	90.490	152.3408
10022.461743	90.488	152.0645
10022.827954	90.504	151.6904
10023.194165	90.503	151.1846
10023.560376	90.485	150.8037
10023.926587	90.487	150.5059
10024.292798	90.497	150.0586
10024.659009	90.484	149.5723
10025.025220	90.464	149.2383
10025.391431	90.465	148.9658
10025.757642	90.479	148.6025
10026.123853	90.488	148.1328
10026.490064	90.482	147.6416
10026.856275	90.467	147.2246
10027.222486	90.458	146.8682
10027.588697	90.456	146.5098
10027.954907	90.455	146.1455
10028.321118	90.459	145.7627
10028.687329	90.460	145.3438
10029.053540	90.455	144.9434
10029.419751	90.453	144.5713
10029.785962	90.453	144.1855
10030.152173	90.453	143.8076
10030.518384	90.456	143.4268
10030.884595	90.458	142.9980
10031.250806	90.451	142.5928
10031.617017	90.449	142.2402
10031.983228	90.453	141.8359
10032.349439	90.446	141.4111
10032.715650	90.440	141.0684
10033.081861	90.448	140.6953
10033.448072	90.448	140.2324
10033.814283	90.435	139.8242
10034.180494	90.430	139.4668
10034.546705	90.424	139.0801
10034.912916	90.417	138.7598
10035.279127	90.429	138.4434
10035.645338	90.442	137.9492
10036.011549	90.425	137.4600
10036.377760	90.411	137.1719
10036.743971	90.425	136.8389
10037.110182	90.430	136.3418
10037.476393	90.416	135.9229
10037.842604	90.415	135.5723
10038.208815	90.414	135.1279
10038.575026	90.398	134.7393
10038.941236	90.397	134.4590
10039.307447	90.409	134.0518
10039.673658	90.400	133.5811
10040.039869	90.387	133.2676
10040.406080	90.397	132.9453
10040.772291	90.401	132.4922
10041.138502	90.391	132.1025
10041.504713	90.394	131.7529
10041.870924	90.397	131.3018
10042.237135	90.383	130.8877
10042.603346	90.377	130.5723
10042.969557	90.382	130.2100
10043.335768	90.383	129.8125
10043.701979	90.386	129.4209
10044.068190	90.389	128.9697
10044.434401	90.378	128.5273
10044.800612	90.369	128.1670
10045.166823	90.370	127.7939
10045.533034	90.366	127.3906
10045.899245	90.362	127.0391
10046.265456	90.369	126.6729
10046.631667	90.374	126.2139
10046.997878	90.363	125.7646
10047.364089	90.350	125.4258
10047.730300	90.354	125.1143
10048.096511	90.363	124.7139
10048.462722	90.362	124.2783
10048.828933	90.358	123.9111
10049.195144	90.365	123.5293
10049.561355	90.365	123.0576
10049.927566	90.349	122.6689
10050.293776	90.349	122.3887
10050.659987	90.365	121.9736
10051.026198	90.356	121.4824
10051.392409	90.341	121.1777
10051.758620	90.358	120.8848
10052.124831	90.374	120.3604
10052.491042	90.355	119.8359
10052.857253	90.334	119.5137
10053.223464	90.334	119.2227
10053.589675	90.341	118.8477
10053.955886	90.343	118.4414
10054.322097	90.341	118.0332
10054.688308	90.337	117.6426
10055.054519	90.335	117.2617
10055.420730	90.332	116.8643
10055.786941	90.323	116.4941
10056.153152	90.320	116.1914
10056.519363	90.331	115.8721
10056.885574	90.346	115.4395
10057.251785	90.344	114.9600
10057.617996	90.333	114.5723
10057.984207	90.334	114.2285
10058.350418	90.339	113.8096
10058.716629	90.332	113.3926
10059.082840	90.328	113.0332
10059.449051	90.328	112.6465
10059.815262	90.322	112.2783
10060.181473	90.325	111.9648
10060.547684	90.340	111.5557
10060.913895	90.340	111.0703
10061.280106	90.331	110.6543
10061.646316	90.326	110.2500
10062.012527	90.316	109.8594
10062.378738	90.312	109.5488
10062.744949	90.322	109.1748
10063.111160	90.321	108.7188
10063.477371	90.313	108.3535
10063.843582	90.319	107.9902
10064.209793	90.320	107.5361
10064.576004	90.310	107.1543
10064.942215	90.314	106.8096
10065.308426	90.320	106.3643
10065.674637	90.310	105.9297
10066.040848	90.303	105.5713
10066.407059	90.301	105.2090
10066.773270	90.299	104.8730
10067.139481	90.310	104.5264
10067.505692	90.318	104.0732
10067.871903	90.311	103.6367
10068.238114	90.309	103.2783
10068.604325	90.313	102.8604
10068.970536	90.303	102.4375
10069.336747	90.297	102.1260
10069.702958	90.309	101.7666
10070.069169	90.311	101.2920
10070.435380	90.300	100.8955
10070.801591	90.302	100.5537
10071.167802	90.307	100.0986
10071.534013	90.293	99.6523
10071.900224	90.280	99.3379
10072.266435	90.285	99.0107
10072.632645	90.286	98.6260
10072.998856	90.288	98.2793
10073.365067	90.300	97.8818
10073.731278	90.302	97.3906
10074.097489	90.288	96.9824
10074.463700	90.288	96.6611
10074.829911	90.298	96.2451
10075.196122	90.293	95.7861
10075.562333	90.286	95.4043
10075.928544	90.287	95.0146
10076.294755	90.281	94.5967
10076.660966	90.272	94.2539
10077.027177	90.278	93.9287
10077.393388	90.287	93.5127
10077.759599	90.283	93.0742
10078.125810	90.277	92.6963
10078.492021	90.277	92.3467
10078.858232	90.282	91.9746
10079.224443	90.287	91.5625
10079.590654	90.286	91.1367
10079.956865	90.284	90.7373
10080.323076	90.284	90.3281
10080.689287	90.278	89.9131
10081.055498	90.271	89.5654
10081.421709	90.278	89.2188
10081.787920	90.285	88.7744
10082.154131	90.278	88.3359
10082.520342	90.272	87.9717
10082.886553	90.273	87.5918
10083.252764	90.271	87.1992
10083.618975	90.270	86.8447
10083.985185	90.277	86.4658
10084.351396	90.282	86.0430
10084.717607	90.281	85.6152
10085.083818	90.276	85.1934
10085.450029	90.268	84.8213
10085.816240	90.268	84.5010
10086.182451	90.278	84.1162
10086.548662	90.277	83.6699
10086.914873	90.267	83.3018
10087.281084	90.270	82.9941
10087.647295	90.283	82.6055
10088.013506	90.285	82.1436
10088.379717	90.277	81.7285
10088.745928	90.273	81.3760
10089.112139	90.276	80.9951
10089.478350	90.272	80.5820
10089.844561	90.265	80.2305
10090.210772	90.271	79.9014
10090.576983	90.279	79.4863
10090.943194	90.276	79.0664
10091.309405	90.277	78.7080
10091.675616	90.286	78.2881
10092.041827	90.284	77.8076
10092.408038	90.272	77.4131
10092.774249	90.272	77.0635
10093.140460	90.276	76.6650
10093.506671	90.277	76.2686
10093.872882	90.282	75.8545
10094.239093	90.281	75.3887
10094.605304	90.269	74.9902
10094.971514	90.269	74.6621
10095.337725	90.278	74.2676
10095.703936	90.278	73.8320
10096.070147	90.274	73.4346
10096.436358	90.272	73.0361
10096.802569	90.264	72.6777
10097.168780	90.267	72.4102
10097.534991	90.294	72.0449
10097.901202	90.306	71.4854
10098.267413	90.286	70.9932
10098.633624	90.273	70.6924
10098.999835	90.282	70.3535
10099.366046	90.282	69.9238
10099.732257	90.278	69.5664
10100.098468	90.287	69.2002
10100.464679	90.289	68.7324
10100.830890	90.276	68.3359
10101.197101	90.277	68.0117
10101.563312	90.283	67.5869
10101.929523	90.271	67.1631
10102.295734	90.265	66.8672
10102.661945	90.277	66.5371
10103.028156	90.288	66.0967
10103.394367	90.287	65.6484
10103.760578	90.283	65.2188
10104.126789	90.275	64.8262
10104.493000	90.274	64.4834
10104.859211	90.281	64.0938
10105.225422	90.280	63.6562
10105.591633	90.274	63.2793
10105.957844	90.277	62.9209
10106.324054	90.280	62.5156
10106.690265	90.280	62.1328
10107.056476	90.287	61.7451
10107.422687	90.290	61.2803
10107.788898	90.279	60.8643
10108.155109	90.277	60.5498
10108.521320	90.290	60.1592
10108.887531	90.290	59.6885
10109.253742	90.281	59.3018
10109.619953	90.284	58.9512
10109.986164	90.288	58.5381
10110.352375	90.287	58.1357
10110.718586	90.289	57.7510
10111.084797	90.291	57.3203
10111.451008	90.285	56.9053
10111.817219	90.281	56.5518
10112.183430	90.285	56.1924
10112.549641	90.290	55.7881
10112.915852	90.291	55.3623
10113.282063	90.288	54.9512
10113.648274	90.286	54.5596
10114.014485	90.284	54.1621
10114.380696	90.279	53.7744
10114.746907	90.275	53.4268
10115.113118	90.280	53.0723
10115.479329	90.285	52.6758
10115.845540	90.286	52.2754
10116.211751	90.288	51.8701
10116.577962	90.287	51.4512
10116.944173	90.282	51.0713
10117.310383	90.285	50.7178
10117.676594	90.293	50.3018
10118.042805	90.290	49.8574
10118.409016	90.283	49.4873
10118.775227	90.288	49.1348
10119.141438	90.294	48.7070
10119.507649	90.290	48.2871
10119.873860	90.290	47.9336
10120.240071	90.299	47.5430
10120.606282	90.303	47.0898
10120.972493	90.299	46.6670
10121.338704	90.298	46.2764
10121.704915	90.298	45.8633
10122.071126	90.293	45.4619
10122.437337	90.291	45.1182
10122.803548	90.300	44.7617
10123.169759	90.310	44.3115
10123.535970	90.304	43.8477
10123.902181	90.295	43.4795
10124.268392	90.299	43.1406
10124.634603	90.308	42.7129
10125.000814	90.304	42.2422
10125.367025	90.289	41.8652
10125.733236	90.289	41.5723
10126.099447	90.305	41.2002
10126.465658	90.311	40.7080
10126.831869	90.299	40.2578
10127.198080	90.289	39.9092
10127.564291	90.290	39.5664
10127.930502	90.294	39.2041
10128.296713	90.302	38.8301
10128.662923	90.313	38.4004
10129.029134	90.315	37.9336
10129.395345	90.311	37.4961
10129.761556	90.309	37.0859
10130.127767	90.308	36.6572
10130.493978	90.300	36.2188
10130.860189	90.285	35.8643
10131.226400	90.284	35.6133
10131.592611	90.306	35.2900
10131.958822	90.324	34.8105
10132.325033	90.324	34.3232
10132.691244	90.321	33.8916
10133.057455	90.319	33.4453
10133.423666	90.307	33.0293
10133.789877	90.299	32.7070
10134.156088	90.307	32.3906
10134.522299	90.321	31.9756
10134.888510	90.323	31.5039
10135.254721	90.316	31.0791
10135.620932	90.313	30.7031
10135.987143	90.313	30.3047
10136.353354	90.308	29.9170
10136.719565	90.307	29.5801
10137.085776	90.316	29.2100
10137.451987	90.321	28.7822
10137.818198	90.320	28.3789
10138.184409	90.324	27.9814
10138.550620	90.327	27.5449
10138.916831	90.323	27.1260
10139.283042	90.321	26.7314
10139.649253	90.319	26.3174
10140.015463	90.312	25.9414
10140.381674	90.314	25.6074
10140.747885	90.323	25.1992
10141.114096	90.320	24.7598
10141.480307	90.315	24.4062
10141.846518	90.324	24.0459
10142.212729	90.331	23.5938
10142.578940	90.326	23.1582
10142.945151	90.324	22.7617
10143.311362	90.321	22.3408
10143.677573	90.313	21.9736
10144.043784	90.318	21.6543
10144.409995	90.330	21.2402
10144.776206	90.331	20.7803
10145.142417	90.328	20.3838
10145.508628	90.332	19.9795
10145.874839	90.332	19.5410
10146.241050	90.328	19.1396
10146.607261	90.330	18.7422
10146.973472	90.330	18.3301
10147.339683	90.332	17.9355
10147.705894	90.337	17.4893
10148.072105	90.328	17.0049
10148.438316	90.310	16.6514
10148.804527	90.312	16.3916
10149.170738	90.331	16.0088
10149.536949	90.334	15.5283
10149.903160	90.328	15.1270
10150.269371	90.331	14.7617
10150.635582	90.335	14.3359
10151.001792	90.330	13.9414
10151.368003	90.335	13.6016
10151.734214	90.348	13.1611
10152.100425	90.344	12.6631
10152.466636	90.331	12.2861
10152.832847	90.335	11.9375
10153.199058	90.337	11.4922
10153.565269	90.325	11.1035
10153.931480	90.327	10.7988
10154.297691	90.339	10.4004
10154.663902	90.339	9.9570
10155.030113	90.338	9.5723
10155.396324	90.342	9.1484
10155.762535	90.336	8.7188
10156.128746	90.332	8.3828
10156.494957	90.344	8.0020
10156.861168	90.347	7.5254
10157.227379	90.340	7.1123
10157.593590	90.342	6.7285
10157.959801	90.342	6.2803
10158.326012	90.333	5.8828
10158.692223	90.335	5.5400
10159.058434	90.343	5.1113
10159.424645	90.338	4.6523
10159.790856	90.329	4.2705
10160.157067	90.328	3.9102
10160.523278	90.330	3.5420
10160.889489	90.338	3.1553
10161.255700	90.343	2.6895
10161.621911	90.333	2.2324
10161.988122	90.323	1.9004
10162.354332	90.332	1.5576
10162.720543	90.339	1.1055
10163.086754	90.332	0.6816
10163.452965	90.331	0.3271
10163.819176	90.338	-0.0586
10164.185387	90.342	-0.4883
10164.551598	90.343	-0.9346
10164.917809	90.335	-1.3623
10165.284020	90.327	-1.7119
10165.650231	90.331	-2.0352
10166.016442	90.342	-2.4268
10166.382653	90.348	-2.8506
10166.748864	90.352	-3.2744
10167.115075	90.354	-3.7275
10167.481286	90.347	-4.1621
10167.847497	90.341	-4.5420
10168.213708	90.339	-4.9121
10168.579919	90.339	-5.2773
10168.946130	90.344	-5.6318
10169.312341	90.355	-6.0508
10169.678552	90.355	-6.5283
10170.044763	90.345	-6.9434
10170.410974	90.343	-7.2998
10170.777185	90.347	-7.7119
10171.143396	90.342	-8.1484
10171.509607	90.336	-8.5273
10171.875818	90.337	-8.9023
10172.242029	90.338	-9.3203
10172.608240	90.336	-9.7324
10172.974451	90.336	-10.1465
10173.340661	90.332	-10.5859
10173.706872	90.322	-10.9805
10174.073083	90.321	-11.3242
10174.439294	90.328	-11.7217
10174.805505	90.327	-12.1650
10175.171716	90.321	-12.5469
10175.537927	90.326	-12.9004
10175.904138	90.335	-13.3262
10176.270349	90.335	-13.7793
10176.636560	90.331	-14.1729
10177.002771	90.337	-14.5449
10177.368982	90.347	-14.9824
10177.735193	90.347	-15.4678
10178.101404	90.337	-15.8916
10178.467615	90.334	-16.2246
10178.833826	90.346	-16.5947
10179.200037	90.354	-17.0723
10179.566248	90.347	-17.5303
10179.932459	90.343	-17.9072
10180.298670	90.348	-18.3174
10180.664881	90.344	-18.7871
10181.031092	90.328	-19.1885
10181.397303	90.320	-19.4941
10181.763514	90.327	-19.8145
10182.129725	90.336	-20.2070
10182.495936	90.341	-20.6387
10182.862147	90.341	-21.0791
10183.228358	90.335	-21.4922
10183.594569	90.333	-21.8662
10183.960780	90.338	-22.2773
10184.326991	90.334	-22.7354
10184.693201	90.320	-23.1182
10185.059412	90.319	-23.4141
10185.425623	90.335	-23.7773
10185.791834	90.346	-24.2490
10186.158045	90.345	-24.7295
10186.524256	90.339	-25.1719
10186.890467	90.332	-25.5859
10187.256678	90.328	-25.9678
10187.622889	90.329	-26.3496
10187.989100	90.330	-26.7705
10188.355311	90.324	-27.1660
10188.721522	90.326	-27.5107
10189.087733	90.337	-27.9268
10189.453944	90.335	-28.4062
10189.820155	90.324	-28.7900
10190.186366	90.327	-29.1328
10190.552577	90.331	-29.5586
10190.918788	90.325	-29.9453
10191.284999	90.331	-30.2861
10191.651210	90.342	-30.7539
10192.017421	90.328	-31.2246
10192.383632	90.318	-31.5215
10192.749843	90.333	-31.8516
10193.116054	90.342	-32.3359
10193.482265	90.334	-32.7773
10193.848476	90.333	-33.1475
10194.214687	90.337	-33.5693
10194.580898	90.334	-33.9922
10194.947109	90.333	-34.3877
10195.313320	90.335	-34.8203
10195.679531	90.330	-35.2578
10196.045741	90.324	-35.6689
10196.411952	90.314	-36.0664
10196.778163	90.306	-36.3770
10197.144374	90.320	-36.6680
10197.510585	90.341	-37.1484
10197.876796	90.332	-37.6934
10198.243007	90.314	-38.0391
10198.609218	90.324	-38.3506
10198.975429	90.336	-38.8428
10199.341640	90.322	-39.3135
10199.707851	90.316	-39.6475
10200.074062	90.326	-40.0596
10200.440273	90.319	-40.5479
10200.806484	90.303	-40.8965
10201.172695	90.313	-41.2080
10201.538906	90.325	-41.7012
10201.905117	90.307	-42.2002
10202.271328	90.289	-42.4863
10202.637539	90.302	-42.7686
10203.003750	90.318	-43.2363
10203.369961	90.313	-43.7246
10203.736172	90.304	-44.1201
10204.102383	90.302	-44.5029
10204.468594	90.301	-44.8789
10204.834805	90.307	-45.2559
10205.201016	90.312	-45.6982
10205.567227	90.307	-46.1289
10205.933438	90.306	-46.4873
10206.299649	90.316	-46.8955
10206.665860	90.315	-47.3779
10207.032070	90.303	-47.7764
10207.398281	90.303	-48.0889
10207.764492	90.317	-48.4795
10208.130703	90.323	-48.9629
10208.496914	90.314	-49.4199
10208.863125	90.304	-49.7900
10209.229336	90.305	-50.1133
10209.595547	90.320	-50.5039
10209.961758	90.326	-51.0127
10210.327969	90.311	-51.4883
10210.694180	90.299	-51.8340
10211.060391	90.302	-52.1924
10211.426602	90.300	-52.6201
10211.792813	90.292	-52.9922
10212.159024	90.295	-53.3213
10212.525235	90.307	-53.7324
10212.891446	90.308	-54.2041
10213.257657	90.301	-54.6416
10213.623868	90.296	-55.0371
10213.990079	90.293	-55.4365
10214.356290	90.287	-55.8262
10214.722501	90.286	-56.1582
10215.088712	90.299	-56.5215
10215.454923	90.310	-57.0166
10215.821134	90.299	-57.4932
10216.187345	90.292	-57.8301
10216.553556	90.306	-58.2227
10216.919767	90.308	-58.7432
10217.285978	90.291	-59.1748
10217.652189	90.286	-59.5010
10218.018400	90.293	-59.9023
10218.384610	90.289	-60.3457
10218.750821	90.281	-60.7061
10219.117032	90.289	-61.0576
10219.483243	90.297	-61.5244
10219.849454	90.284	-62.0098
10220.215665	90.265	-62.3467
10220.581876	90.269	-62.6279
10220.948087	90.280	-63.0303
10221.314298	90.278	-63.4648
10221.680509	90.276	-63.8398
10222.046720	90.280	-64.2676
10222.412931	90.269	-64.7002
10222.779142	90.261	-65.0078
10223.145353	90.276	-65.3379
10223.511564	90.288	-65.8203
10223.877775	90.282	-66.3096
10224.243986	90.274	-66.7256
10224.610197	90.269	-67.1270
10224.976408	90.265	-67.5166
10225.342619	90.265	-67.8975
10225.708830	90.267	-68.3086
10226.075041	90.266	-68.7344
10226.441252	90.264	-69.1465
10226.807463	90.263	-69.5537
10227.173674	90.263	-69.9629
10227.539885	90.263	-70.3721
10227.906096	90.263	-70.7881
10228.272307	90.262	-71.2178
10228.638518	90.257	-71.6309
10229.004729	90.254	-72.0020
10229.370939	90.259	-72.3916
10229.737150	90.260	-72.8203
10230.103361	90.257	-73.2100
10230.469572	90.263	-73.5957
10230.835783	90.268	-74.0635
10231.201994	90.259	-74.5186
10231.568205	90.251	-74.8799
10231.934416	90.254	-75.2568
10232.300627	90.254	-75.7041
10232.666838	90.242	-76.1191
10233.033049	90.234	-76.4502
10233.399260	90.239	-76.7930
10233.765471	90.241	-77.2061
10234.131682	90.236	-77.5781
10234.497893	90.243	-77.8994
10234.864104	90.260	-78.3613
10235.230315	90.250	-78.8887
10235.596526	90.231	-79.2256
10235.962737	90.243	-79.5186
10236.328948	90.258	-80.0039
10236.695159	90.250	-80.5088
10237.061370	90.241	-80.9121
10237.427581	90.236	-81.3438
10237.793792	90.221	-81.7441
10238.160003	90.216	-82.0264
10238.526214	90.233	-82.3916
10238.892425	90.236	-82.8916
10239.258636	90.224	-83.2959
10239.624847	90.230	-83.6318
10239.991058	90.242	-84.1045
10240.357269	90.231	-84.6025
10240.723479	90.218	-84.9590
10241.089690	90.222	-85.3076
10241.455901	90.226	-85.7363
10241.822112	90.222	-86.1377
10242.188323	90.225	-86.5225
10242.554534	90.225	-86.9600
10242.920745	90.217	-87.3643
10243.286956	90.216	-87.7100
10243.653167	90.222	-88.0898
10244.019378	90.225	-88.5117
10244.385589	90.225	-88.9492
10244.751800	90.217	-89.3857
10245.118011	90.205	-89.7480
10245.484222	90.204	-90.0576
10245.850433	90.213	-90.4355
10246.216644	90.215	-90.8682
10246.582855	90.212	-91.2646
10246.949066	90.214	-91.6475
10247.315277	90.218	-92.0674
10247.681488	90.218	-92.5215
10248.047699	90.211	-92.9756
10248.413910	90.199	-93.3789
10248.780121	90.195	-93.7373
10249.146332	90.198	-94.1328
10249.512543	90.197	-94.5801
10249.878754	90.188	-94.9971
10250.244965	90.184	-95.3643
10250.611176	90.186	-95.7549
10250.977387	90.186	-96.1816
10251.343598	90.183	-96.5850
10251.709808	90.184	-96.9873
10252.076019	90.183	-97.4170
10252.442230	90.177	-97.8037
10252.808441	90.182	-98.1699
10253.174652	90.189	-98.6201
10253.540863	90.180	-99.0791
10253.907074	90.170	-99.4307
10254.273285	90.174	-99.7539
10254.639496	90.185	-100.1504
10255.005707	90.190	-100.6191
10255.371918	90.180	-101.0869
10255.738129	90.165	-101.4375
10256.104340	90.167	-101.7295
10256.470551	90.177	-102.1240
10256.836762	90.175	-102.5586
10257.202973	90.173	-102.9238
10257.569184	90.179	-103.3223
10257.935395	90.178	-103.7822
10258.301606	90.169	-104.1992
10258.667817	90.163	-104.5811
10259.034028	90.159	-104.9639
10259.400239	90.157	-105.3428
10259.766450	90.158	-105.7480
10260.132661	90.155	-106.1748
10260.498872	90.149	-106.5811
10260.865083	90.147	-106.9854
10261.231294	90.142	-107.4062
10261.597505	90.135	-107.7988
10261.963716	90.133	-108.1699
10262.329927	90.135	-108.5674
10262.696138	90.134	-108.9980
10263.062348	90.128	-109.4248
10263.428559	90.119	-109.7998
10263.794770	90.120	-110.1279
10264.160981	90.132	-110.5137
10264.527192	90.136	-110.9951
10264.893403	90.125	-111.4297
10265.259614	90.120	-111.7607
10265.625825	90.131	-112.1377
10265.992036	90.135	-112.6104
10266.358247	90.126	-113.0469
10266.724458	90.121	-113.4180
10267.090669	90.121	-113.8105
10267.456880	90.116	-114.2158
10267.823091	90.112	-114.5654
10268.189302	90.119	-114.9111
10268.555513	90.130	-115.3545
10268.921724	90.128	-115.8613
10269.287935	90.112	-116.3086
10269.654146	90.097	-116.6670
10270.020357	90.091	-116.9844
10270.386568	90.097	-117.3340
10270.752779	90.100	-117.7607
10271.118990	90.092	-118.1699
10271.485201	90.090	-118.4980
10271.851412	90.101	-118.8809
10272.217623	90.103	-119.3525
10272.583834	90.094	-119.7646
10272.950045	90.094	-120.1348
10273.316256	90.095	-120.5488
10273.682467	90.093	-120.9355
10274.048678	90.099	-121.3242
10274.414888	90.102	-121.7891
10274.781099	90.093	-122.2139
10275.147310	90.092	-122.5938
10275.513521	90.089	-123.0342
10275.879732	90.075	-123.4082
10276.245943	90.079	-123.6885
10276.612154	90.097	-124.1084
10276.978365	90.093	-124.6211
10277.344576	90.078	-125.0117
10277.710787	90.076	-125.3496
10278.076998	90.077	-125.7256
10278.443209	90.080	-126.1016
10278.809420	90.084	-126.5156
10279.175631	90.080	-126.9307
10279.541842	90.081	-127.2998
10279.908053	90.087	-127.7432
10280.274264	90.076	-128.2070
10280.640475	90.066	-128.5410
10281.006686	90.075	-128.9141
10281.372897	90.071	-129.3877
10281.739108	90.057	-129.7441
10282.105319	90.064	-130.0742
10282.471530	90.069	-130.5361
10282.837741	90.058	-130.9551
10283.203952	90.058	-131.3037
10283.570163	90.061	-131.7383
10283.936374	90.051	-132.1582
10284.302585	90.047	-132.5078
10284.668796	90.048	-132.9014
10285.035007	90.044	-133.2959
10285.401217	90.045	-133.6738
10285.767428	90.044	-134.1084
10286.133639	90.033	-134.4883
10286.499850	90.035	-134.8037
10286.866061	90.047	-135.2441
10287.232272	90.037	-135.7285
10287.598483	90.024	-136.0830
10287.964694	90.026	-136.4512
10288.330905	90.019	-136.8779
10288.697116	90.007	-137.1973
10289.063327	90.017	-137.4932
10289.429538	90.033	-137.9424
10289.795749	90.030	-138.4385
10290.161960	90.019	-138.8604
10290.528171	90.013	-139.2471
10290.894382	90.010	-139.6289
10291.260593	90.009	-140.0254
10291.626804	90.005	-140.4355
10291.993015	89.999	-140.7949
10292.359226	90.004	-141.1455
10292.725437	90.010	-141.5781
10293.091648	90.005	-142.0010
10293.457859	90.005	-142.3643
10293.824070	90.011	-142.7793
10294.190281	90.007	-143.2070
10294.556492	90.007	-143.5771
10294.922703	90.013	-144.0098
10295.288914	90.004	-144.4697
10295.655125	89.992	-144.8145
10296.021336	89.997	-145.1670
10296.387547	89.996	-145.5996
10296.753757	89.986	-145.9570
10297.119968	89.990	-146.2803
10297.486179	89.996	-146.7031
10297.852390	89.990	-147.1133
10298.218601	89.989	-147.4629
10298.584812	89.994	-147.8721
10298.951023	89.989	-148.3057
10299.317234	89.983	-148.6777
10299.683445	89.984	-149.0576
10300.049656	89.983	-149.4766
10300.415867	89.977	-149.8760
10300.782078	89.974	-150.2598
10301.148289	89.972	-150.6523
10301.514500	89.971	-151.0391
10301.880711	89.972	-151.4424
10302.246922	89.968	-151.8721
10302.613133	89.961	-152.2627
10302.979344	89.959	-152.6230
10303.345555	89.962	-153.0166
10303.711766	89.961	-153.4189
10304.077977	89.962	-153.8213
10304.444188	89.959	-154.2402
10304.810399	89.954	-154.6094
10305.176610	89.959	-154.9678
10305.542821	89.963	-155.4082
10305.909032	89.955	-155.8184
10306.275243	89.956	-156.1592
10306.641454	89.965	-156.5898
10307.007665	89.957	-157.0566
10307.373876	89.945	-157.4053
10307.740086	89.947	-157.7422
10308.106297	89.948	-158.1348
10308.472508	89.948	-158.4951
10308.838719	89.956	-158.8809
10309.204930	89.958	-159.3438
10309.571141	89.947	-159.7705
10309.937352	89.938	-160.1260
10310.303563	89.937	-160.4736
10310.669774	89.940	-160.8252
10311.035985	89.949	-161.2275
10311.402196	89.951	-161.7139
10311.768407	89.936	-162.1689
10312.134618	89.920	-162.4980
10312.500829	89.922	-162.7979
10312.867040	89.933	-163.1914
10313.233251	89.931	-163.6445
10313.599462	89.922	-164.0322
10313.965673	89.923	-164.3740
10314.331884	89.929	-164.7900
10314.698095	89.923	-165.2373
10315.064306	89.914	-165.5957
10315.430517	89.918	-165.9414
10315.796728	89.922	-166.3604
10316.162939	89.918	-166.7773
10316.529150	89.915	-167.1611
10316.895361	89.913	-167.5449
10317.261572	89.912	-167.9131
10317.627783	89.918	-168.2998
10317.993994	89.920	-168.7402
10318.360205	89.914	-169.1660
10318.726416	89.908	-169.5527
10319.092626	89.904	-169.9355
10319.458837	89.901	-170.2998
10319.825048	89.902	-170.6699
10320.191259	89.901	-171.0674
10320.557470	89.899	-171.4307
10320.923681	89.905	-171.7920
10321.289892	89.911	-172.2402
10321.656103	89.903	-172.6904
10322.022314	89.893	-173.0605
10322.388525	89.891	-173.4170
10322.754736	89.889	-173.7861
10323.120947	89.889	-174.1504
10323.487158	89.889	-174.5234
10323.853369	89.890	-174.8789
10324.219580	89.900	-175.2529
10324.585791	89.908	-175.7354
10324.952002	89.894	-176.2080
10325.318213	89.881	-176.5352
10325.684424	89.889	-176.8770
10326.050635	89.891	-177.3418
10326.416846	89.877	-177.7617
10326.783057	89.869	-178.0918
10327.149268	89.868	-178.4346
10327.515479	89.870	-178.7783
10327.881690	89.879	-179.1406
10328.247901	89.887	-179.6016
10328.614112	89.878	179.9346
10328.980323	89.865	179.5850
10329.346534	89.867	179.2578
10329.712745	89.871	178.8750
10330.078956	89.871	178.5059
10330.445166	89.880	178.1396
10330.811377	89.889	177.6768
10331.177588	89.879	177.1953
10331.543799	89.864	176.8467
10331.910010	89.866	176.5479
10332.276221	89.877	176.1455
10332.642432	89.876	175.6982
10333.008643	89.869	175.2910
10333.374854	89.863	174.9189
10333.741065	89.861	174.5674
10334.107276	89.865	174.1748
10334.473487	89.859	173.7451
10334.839698	89.847	173.4092
10335.205909	89.855	173.1172
10335.572120	89.869	172.6826
10335.938331	89.863	172.2021
10336.304542	89.851	171.8408
10336.670753	89.855	171.4932
10337.036964	89.859	171.0566
10337.403175	89.850	170.6289
10337.769386	89.841	170.2842
10338.135597	89.844	169.9658
10338.501808	89.855	169.5879
10338.868019	89.862	169.1357
10339.234230	89.858	168.6914
10339.600441	89.854	168.2871
10339.966652	89.850	167.8789
10340.332863	89.842	167.4941
10340.699074	89.838	167.1709
10341.065285	89.845	166.8242
10341.431495	89.849	166.4199
10341.797706	89.848	166.0527
10342.163917	89.857	165.6865
10342.530128	89.864	165.2178
10342.896339	89.852	164.7588
10343.262550	89.839	164.4297
10343.628761	89.841	164.1104
10343.994972	89.844	163.7236
10344.361183	89.841	163.3594
10344.727394	89.844	163.0195
10345.093605	89.852	162.6377
10345.459816	89.857	162.2012
10345.826027	89.850	161.7559
10346.192238	89.837	161.4102
10346.558449	89.843	161.1289
10346.924660	89.862	160.6895
10347.290871	89.854	160.1572
10347.657082	89.834	159.8096
10348.023293	89.842	159.5107
10348.389504	89.849	159.0410
10348.755715	89.834	158.6172
10349.121926	89.831	158.3223
10349.488137	89.842	157.9160
10349.854348	89.833	157.4688
10350.220559	89.823	157.1650
10350.586770	89.835	156.8428
10350.952981	89.845	156.4131
10351.319192	89.846	155.9824
10351.685403	89.844	155.5479
10352.051614	89.834	155.1465
10352.417825	89.833	154.8242
10352.784035	89.843	154.4180
10353.150246	89.835	153.9443
10353.516457	89.819	153.6191
10353.882668	89.827	153.3213
10354.248879	89.834	152.8789
10354.615090	89.822	152.4844
10354.981301	89.822	152.1992
10355.347512	89.837	151.8193
10355.713723	89.839	151.3574
10356.079934	89.832	150.9551
10356.446145	89.831	150.5859
10356.812356	89.831	150.1914
10357.178567	89.829	149.8027
10357.544778	89.827	149.4297
10357.910989	89.829	149.0537
10358.277200	89.830	148.6660
10358.643411	89.830	148.2715
10359.009622	89.828	147.8975
10359.375833	89.831	147.5410
10359.742044	89.839	147.1543
10360.108255	89.842	146.7119
10360.474466	89.836	146.2822
10360.840677	89.827	145.9336
10361.206888	89.832	145.6113
10361.573099	89.844	145.2012
10361.939310	89.842	144.7285
10362.305521	89.827	144.3389
10362.671732	89.824	144.0391
10363.037943	89.834	143.6758
10363.404154	89.834	143.2295
10363.770364	89.823	142.8594
10364.136575	89.825	142.5625
10364.502786	89.839	142.1738
10364.868997	89.842	141.6992
10365.235208	89.832	141.2754
10365.601419	89.825	140.9102
10365.967630	89.823	140.5537
10366.333841	89.825	140.2031
10366.700052	89.833	139.8096
10367.066263	89.835	139.3594
10367.432474	89.827	138.9502
10367.798685	89.825	138.5996
10368.164896	89.831	138.2012
10368.531107	89.827	137.7715
10368.897318	89.819	137.4248
10369.263529	89.825	137.1191
10369.629740	89.842	136.7109
10369.995951	89.844	136.2109
10370.362162	89.828	135.7842
10370.728373	89.817	135.5098
10371.094584	89.832	135.2363
10371.460795	89.851	134.8027
10371.827006	89.849	134.3184
10372.193217	89.839	133.9482
10372.559428	89.842	133.6084
10372.925639	89.844	133.2158
10373.291850	89.842	132.8643
10373.658061	89.852	132.5068
10374.024272	89.855	132.0352
10374.390483	89.837	131.6260
10374.756694	89.829	131.3838
10375.122904	89.846	131.0762
10375.489115	89.856	130.6211
10375.855326	89.851	130.1992
10376.221537	89.849	129.8213
10376.587748	89.847	129.4248
10376.953959	89.843	129.0645
10377.320170	89.848	128.6953
10377.686381	89.849	128.2520
10378.052592	89.838	127.8623
10378.418803	89.839	127.5420
10378.785014	89.848	127.1299
10379.151225	89.842	126.6729
10379.517436	89.831	126.3271
10379.883647	89.836	126.0098
10380.249858	89.846	125.5918
10380.616069	89.843	125.1475
10380.982280	89.836	124.7744
10381.348491	89.838	124.4238
10381.714702	89.843	124.0254
10382.080913	89.840	123.6133
10382.447124	89.836	123.2500
10382.813335	89.839	122.9023
10383.179546	89.845	122.5225
10383.545757	89.848	122.1270
10383.911968	89.852	121.7236
10384.278179	89.852	121.3076
10384.644390	89.849	120.9160
10385.010601	89.850	120.5430
10385.376812	89.853	120.1309
10385.743023	89.846	119.7100
10386.109233	89.837	119.3672
10386.475444	89.840	119.0723
10386.841655	89.854	118.7148
10387.207866	89.863	118.2793
10387.574077	89.865	117.8447
10387.940288	89.866	117.4238
10388.306499	89.864	116.9844
10388.672710	89.855	116.5801
10389.038921	89.851	116.2471
10389.405132	89.857	115.8994
10389.771343	89.862	115.4980
10390.137554	89.862	115.1113
10390.503765	89.866	114.7480
10390.869976	89.875	114.3506
10391.236187	89.878	113.9082
10391.602398	89.871	113.4834
10391.968609	89.863	113.1582
10392.334820	89.874	112.8701
10392.701031	89.894	112.4521
10393.067242	89.896	111.9463
10393.433453	89.883	111.5361
10393.799664	89.880	111.2012
10394.165875	89.884	110.8291
10394.532086	89.884	110.4482
10394.898297	89.886	110.0762
10395.264508	89.887	109.6758
10395.630719	89.882	109.2969
10395.996930	89.881	108.9531
10396.363141	89.885	108.5762
10396.729352	89.882	108.1885
10397.095563	89.879	107.8486
10397.461773	89.884	107.5098
10397.827984	89.889	107.1270
10398.194195	89.891	106.7373
10398.560406	89.893	106.3555
10398.926617	89.896	105.9658
10399.292828	89.898	105.5703
10399.659039	89.899	105.1641
10400.025250	89.897	104.7578
10400.391461	89.894	104.3857
10400.757672	89.896	104.0234
10401.123883	89.901	103.6240
10401.490094	89.902	103.2158
10401.856305	89.903	102.8203
10402.222516	89.904	102.3994
10402.588727	89.897	102.0010
10402.954938	89.897	101.6719
10403.321149	89.911	101.2852
10403.687360	89.914	100.7949
10404.053571	89.900	100.3750
10404.419782	89.895	100.0576
10404.785993	89.900	99.7002
10405.152204	89.900	99.3320
10405.518415	89.908	99.0176
10405.884626	89.929	98.6143
10406.250837	89.936	98.0898
10406.617048	89.924	97.6367
10406.983259	89.918	97.2832
10407.349470	89.919	96.9102
10407.715681	89.917	96.5420
10408.081892	89.923	96.1924
10408.448103	89.930	95.7676
10408.814313	89.923	95.3438
10409.180524	89.917	95.0381
10409.546735	89.931	94.7148
10409.912946	89.942	94.2666
10410.279157	89.937	93.8438
10410.645368	89.937	93.5068
10411.011579	89.949	93.1182
10411.377790	89.952	92.6572
10411.744001	89.944	92.2451
10412.110212	89.942	91.9014
10412.476423	89.948	91.5312
10412.842634	89.951	91.1133
10413.208845	89.948	90.7354
10413.575056	89.955	90.3770
10413.941267	89.964	89.9229
10414.307478	89.952	89.4707
10414.673689	89.943	89.1748
10415.039900	89.959	88.8643
10415.406111	89.972	88.3760
10415.772322	89.959	87.9141
10416.138533	89.951	87.6211
10416.504744	89.966	87.2988
10416.870955	89.978	86.8389
10417.237166	89.974	86.3799
10417.603377	89.966	85.9990
10417.969588	89.965	85.6436
10418.335799	89.967	85.2861
10418.702010	89.972	84.9219
10419.068221	89.977	84.5195
10419.434432	89.973	84.1191
10419.800642	89.970	83.8008
10420.166853	89.984	83.4766
10420.533064	89.997	83.0293
10420.899275	89.991	82.5996
10421.265486	89.991	82.2881
10421.631697	90.009	81.9043
10421.997908	90.013	81.4150
10422.364119	90.002	81.0205
10422.730330	90.006	80.6914
10423.096541	90.015	80.2852
10423.462752	90.014	79.8662
10423.828963	90.015	79.4883
10424.195174	90.019	79.0859
10424.561385	90.017	78.6797
10424.927596	90.015	78.3213
10425.293807	90.021	77.9629
10425.660018	90.029	77.5488
10426.026229	90.028	77.1123
10426.392440	90.022	76.7285
10426.758651	90.022	76.3916
10427.124862	90.029	76.0254
10427.491073	90.033	75.6152
10427.857284	90.032	75.2256
10428.223495	90.034	74.8701
10428.589706	90.042	74.4893
10428.955917	90.047	74.0654
10429.322128	90.046	73.6572
10429.688339	90.045	73.2725
10430.054550	90.045	72.8838
10430.420761	90.043	72.5273
10430.786972	90.051	72.1807
10431.153182	90.061	71.7490
10431.519393	90.056	71.3105
10431.885604	90.051	70.9658
10432.251815	90.058	70.6172
10432.618026	90.066	70.2041
10432.984237	90.068	69.7832
10433.350448	90.068	69.3564
10433.716659	90.063	68.9551
10434.082870	90.062	68.5967
10434.449081	90.066	68.2090
10434.815292	90.065	67.8193
10435.181503	90.071	67.4541
10435.547714	90.079	67.0059
10435.913925	90.069	66.5557
10436.280136	90.060	66.2451
10436.646347	90.071	65.9131
10437.012558	90.077	65.4941
10437.378769	90.079	65.1465
10437.744980	90.099	64.7500
10438.111191	90.103	64.2041
10438.477402	90.082	63.8008
10438.843613	90.086	63.5459
10439.209824	90.106	63.1123
10439.576035	90.097	62.6201
10439.942246	90.085	62.3350
10440.308457	90.103	62.0479
10440.674668	90.121	61.5889
10441.040879	90.121	61.1250
10441.407090	90.119	60.7207
10441.773301	90.118	60.3242
10442.139511	90.117	59.9561
10442.505722	90.121	59.5869
10442.871933	90.126	59.1816
10443.238144	90.128	58.7695
10443.604355	90.126	58.3516
10443.970566	90.118	57.9785
10444.336777	90.119	57.6943
10444.702988	90.141	57.3418
10445.069199	90.154	56.8262
10445.435410	90.142	56.3359
10445.801621	90.130	55.9961
10446.167832	90.135	55.6855
10446.534043	90.147	55.3027
10446.900254	90.155	54.8730
10447.266465	90.158	54.4365
10447.632676	90.157	54.0117
10447.998887	90.153	53.6191
10448.365098	90.154	53.2607
10448.731309	90.162	52.8906
10449.097520	90.169	52.4795
10449.463731	90.172	52.0664
10449.829942	90.174	51.6562
10450.196153	90.172	51.2432
10450.562364	90.167	50.8936
10450.928575	90.176	50.5859
10451.294786	90.194	50.1748
10451.660997	90.197	49.6904
10452.027208	90.190	49.2871
10452.393419	90.193	48.9189
10452.759630	90.194	48.4980
10453.125841	90.187	48.1211
10453.492051	90.191	47.8174
10453.858262	90.208	47.4219
10454.224473	90.211	46.9385
10454.590684	90.203	46.5381
10454.956895	90.207	46.1914
10455.323106	90.215	45.7637
10455.689317	90.212	45.3271
10456.055528	90.209	44.9629
10456.421739	90.215	44.5820
10456.787950	90.216	44.1670
10457.154161	90.216	43.7852
10457.520372	90.219	43.4121
10457.886583	90.223	43.0293
10458.252794	90.228	42.6631
10458.619005	90.239	42.2637
10458.985216	90.243	41.8359
10459.351427	90.247	41.4385
10459.717638	90.254	41.0107
10460.083849	90.251	40.5557
10460.450060	90.242	40.1953
10460.816271	90.249	39.8672
10461.182482	90.257	39.4453
10461.548693	90.253	39.0352
10461.914904	90.253	38.7080
10462.281115	90.265	38.3428
10462.647326	90.274	37.9062
10463.013537	90.276	37.4756
10463.379748	90.277	37.0576
10463.745959	90.276	36.6338
10464.112170	90.272	36.2383
10464.478381	90.271	35.8857
10464.844591	90.278	35.5225
10465.210802	90.287	35.1191
10465.577013	90.294	34.6895
10465.943224	90.297	34.2285
10466.309435	90.288	33.7871
10466.675646	90.280	33.4688
10467.041857	90.294	33.1719
10467.408068	90.313	32.7139
10467.774279	90.309	32.2236
10468.140490	90.302	31.8672
10468.506701	90.310	31.5068
10468.872912	90.313	31.0918
10469.239123	90.314	30.7451
10469.605334	90.330	30.3721
10469.971545	90.338	29.8828
10470.337756	90.329	29.4580
10470.703967	90.331	29.1270
10471.070178	90.343	28.7080
10471.436389	90.339	28.2500
10471.802600	90.333	27.8877
10472.168811	90.339	27.5264
10472.535022	90.342	27.1006
10472.901233	90.338	26.7061
10473.267444	90.340	26.3496
10473.633655	90.346	25.9580
10473.999866	90.348	25.5566
10474.366077	90.354	25.1641
10474.732288	90.360	24.7266
10475.098499	90.355	24.2734
10475.464710	90.345	23.9180
10475.830920	90.352	23.6191
10476.197131	90.372	23.2129
10476.563342	90.379	22.6982
10476.929553	90.368	22.2441
10477.295764	90.361	21.8994
10477.661975	90.366	21.5605
10478.028186	90.375	21.1758
10478.394397	90.381	20.7637
10478.760608	90.384	20.3516
10479.126819	90.386	19.9629
10479.493030	90.393	19.5869
10479.859241	90.404	19.1680
10480.225452	90.407	18.6953
10480.591663	90.398	18.2588
10480.957874	90.392	17.9297
10481.324085	90.403	17.5967
10481.690296	90.414	17.1494
10482.056507	90.409	16.7031
10482.422718	90.406	16.3516
10482.788929	90.414	15.9834
10483.155140	90.420	15.5576
10483.521351	90.422	15.1338
10483.887562	90.421	14.7021
10484.253773	90.412	14.3018
10484.619984	90.410	13.9902
10484.986195	90.424	13.6406
10485.352406	90.433	13.1924
10485.718617	90.431	12.7725
10486.084828	90.434	12.3916
10486.451039	90.440	11.9775
10486.817250	90.442	11.5537
10487.183460	90.443	11.1475
10487.549671	90.445	10.7549
10487.915882	90.451	10.3613
10488.282093	90.457	9.9229
10488.648304	90.454	9.4834
10489.014515	90.451	9.1133
10489.380726	90.458	8.7490
10489.746937	90.465	8.3379
10490.113148	90.470	7.9238
10490.479359	90.475	7.5059
10490.845570	90.478	7.0928
10491.211781	90.484	6.6807
10491.577992	90.486	6.2178
10491.944203	90.475	5.8076
10492.310414	90.477	5.5127
10492.676625	90.497	5.1133
10493.042836	90.497	4.5986
10493.409047	90.483	4.2480
10493.775258	90.497	3.9668
10494.141469	90.519	3.4990
10494.507680	90.516	2.9893
10494.873891	90.510	2.5859
10495.240102	90.509	2.1748
10495.606313	90.502	1.7910
10495.972524	90.507	1.4717
10496.338735	90.521	1.0400
10496.704946	90.512	0.5527
10497.071157	90.496	0.2666
10497.437368	90.515	0.0225
10497.803579	90.541	-0.4600
10498.169789	90.535	-0.9746
10498.536000	90.528	-1.3115
10498.902211	90.544	-1.6973
10499.268422	90.546	-2.2119
10499.634633	90.530	-2.6064
10500.000844	90.533	-2.8916
10500.367055	90.550	-3.2832
10500.733266	90.555	-3.7480
10501.099477	90.553	-4.1641
10501.465688	90.555	-4.5693
10501.831899	90.554	-4.9727
10502.198110	90.556	-5.3457
10502.564321	90.564	-5.7461
10502.930532	90.565	-6.1709
10503.296743	90.565	-6.5352
10503.662954	90.578	-6.9141
10504.029165	90.588	-7.4004
10504.395376	90.580	-7.8584
10504.761587	90.577	-8.2227
10505.127798	90.583	-8.6299
10505.494009	90.580	-9.0557
10505.860220	90.578	-9.3965
10506.226431	90.590	-9.7627
10506.592642	90.599	-10.2109
10506.958853	90.600	-10.6367
10507.325064	90.604	-11.0586
10507.691275	90.602	-11.4980
10508.057486	90.598	-11.8682
10508.423697	90.607	-12.2314
10508.789908	90.616	-12.6885
10509.156119	90.611	-13.1387
10509.522329	90.605	-13.5146
10509.888540	90.606	-13.8555
10510.254751	90.617	-14.1982
10510.620962	90.634	-14.6309
10510.987173	90.637	-15.1504
10511.353384	90.623	-15.5791
10511.719595	90.620	-15.8994
10512.085806	90.631	-16.2627
10512.452017	90.639	-16.6895
10512.818228	90.643	-17.1289
10513.184439	90.641	-17.5732
10513.550650	90.633	-17.9551
10513.916861	90.638	-18.2803
10514.283072	90.654	-18.6846
10514.649283	90.660	-19.1719
10515.015494	90.655	-19.6221
10515.381705	90.651	-20.0186
10515.747916	90.651	-20.4111
10516.114127	90.651	-20.7998
10516.480338	90.654	-21.1816
10516.846549	90.658	-21.5762
10517.212760	90.661	-21.9727
10517.578971	90.666	-22.3438
10517.945182	90.680	-22.7422
10518.311393	90.688	-23.2227
10518.677604	90.681	-23.6709
10519.043815	90.680	-24.0166
10519.410026	90.693	-24.4072
10519.776237	90.697	-24.8652
10520.142448	90.695	-25.2559
10520.508658	90.704	-25.6445
10520.874869	90.709	-26.1201
10521.241080	90.699	-26.5420
10521.607291	90.698	-26.8672
10521.973502	90.710	-27.2383
10522.339713	90.717	-27.6689
10522.705924	90.721	-28.0947
10523.072135	90.722	-28.5322
10523.438346	90.717	-28.9531
10523.804557	90.713	-29.3027
10524.170768	90.722	-29.6475
10524.536979	90.735	-30.0713
10524.903190	90.739	-30.5381
10525.269401	90.736	-30.9697
10525.635612	90.734	-31.3691
10526.001823	90.735	-31.7686
10526.368034	90.736	-32.1582
10526.734245	90.741	-32.5303
10527.100456	90.752	-32.9404
10527.466667	90.759	-33.4150
10527.832878	90.754	-33.8848
10528.199089	90.747	-34.2812
10528.565300	90.749	-34.6514
10528.931511	90.753	-35.0664
10529.297722	90.752	-35.4814
10529.663933	90.752	-35.8604
10530.030144	90.758	-36.2598
10530.396355	90.759	-36.6777
10530.762566	90.760	-37.0703
10531.128777	90.765	-37.4785
10531.494988	90.765	-37.9082
10531.861198	90.762	-38.2900
10532.227409	90.767	-38.6514
10532.593620	90.775	-39.0654
10532.959831	90.777	-39.4893
10533.326042	90.779	-39.8838
10533.692253	90.784	-40.2988
10534.058464	90.784	-40.7256
10534.424675	90.783	-41.1055
10534.790886	90.791	-41.4854
10535.157097	90.798	-41.9287
10535.523308	90.795	-42.3613
10535.889519	90.795	-42.7285
10536.255730	90.805	-43.1309
10536.621941	90.806	-43.5830
10536.988152	90.802	-43.9727
10537.354363	90.809	-44.3398
10537.720574	90.816	-44.7812
10538.086785	90.812	-45.1982
10538.452996	90.814	-45.5498
10538.819207	90.826	-45.9639
10539.185418	90.826	-46.4131
10539.551629	90.825	-46.7930
10539.917840	90.835	-47.1973
10540.284051	90.836	-47.6592
10540.650262	90.830	-48.0479
10541.016473	90.839	-48.4092
10541.382684	90.848	-48.8730
10541.748895	90.842	-49.3350
10542.115106	90.838	-49.7012
10542.481317	90.846	-50.0957
10542.847528	90.846	-50.5566
10543.213738	90.837	-50.9395
10543.579949	90.843	-51.2520
10543.946160	90.864	-51.6865
10544.312371	90.864	-52.2354
10544.678582	90.844	-52.6484
10545.044793	90.843	-52.9141
10545.411004	90.865	-53.2969
10545.777215	90.873	-53.8096
10546.143426	90.866	-54.2422
10546.509637	90.869	-54.6211
10546.875848	90.875	-55.0586
10547.242059	90.873	-55.4951
10547.608270	90.873	-55.9150
10547.974481	90.868	-56.3398
10548.340692	90.860	-56.6777
10548.706903	90.871	-56.9736
10549.073114	90.892	-57.4170
10549.439325	90.892	-57.9307
10549.805536	90.884	-58.3242
10550.171747	90.890	-58.6895
10550.537958	90.897	-59.1416
10550.904169	90.892	-59.5801
10551.270380	90.889	-59.9512
10551.636591	90.893	-60.3271
10552.002802	90.897	-60.7188
10552.369013	90.903	-61.1035
10552.735224	90.913	-61.5078
10553.101435	90.924	-61.9736
10553.467646	90.923	-62.4814
10553.833857	90.908	-62.9062
10554.200067	90.906	-63.2168
10554.566278	90.923	-63.6123
10554.932489	90.924	-64.1309
10555.298700	90.908	-64.5215
10555.664911	90.913	-64.7979
10556.031122	90.935	-65.2158
10556.397333	90.938	-65.7168
10556.763544	90.935	-66.1250
10557.129755	90.942	-66.5498
10557.495966	90.937	-67.0244
10557.862177	90.926	-67.3789
10558.228388	90.936	-67.6855
10558.594599	90.953	-68.1309
10558.960810	90.951	-68.6152
10559.327021	90.945	-69.0049
10559.693232	90.948	-69.3730
10560.059443	90.954	-69.7725
10560.425654	90.960	-70.1807
10560.791865	90.964	-70.6084
10561.158076	90.965	-71.0322
10561.524287	90.967	-71.4424
10561.890498	90.969	-71.8652
10562.256709	90.969	-72.2773
10562.622920	90.972	-72.6807
10562.989131	90.974	-73.1201
10563.355342	90.968	-73.5352
10563.721553	90.968	-73.8857
10564.087764	90.978	-74.2783
10564.453975	90.982	-74.7344
10564.820186	90.979	-75.1426
10565.186397	90.984	-75.5156
10565.552607	90.994	-75.9424
10565.918818	90.998	-76.4053
10566.285029	90.998	-76.8496
10566.651240	90.997	-77.2783
10567.017451	90.995	-77.6924
10567.383662	90.997	-78.0840
10567.749873	91.002	-78.4941
10568.116084	91.005	-78.9297
10568.482295	91.005	-79.3398
10568.848506	91.009	-79.7441
10569.214717	91.011	-80.1816
10569.580928	91.007	-80.5859
10569.947139	91.010	-80.9404
10570.313350	91.019	-81.3447
10570.679561	91.021	-81.7783
10571.045772	91.022	-82.1641
10571.411983	91.030	-82.5605
10571.778194	91.034	-82.9941
10572.144405	91.035	-83.4072
10572.510616	91.038	-83.8340
10572.876827	91.032	-84.2646
10573.243038	91.026	-84.5957
10573.609249	91.039	-84.9277
10573.975460	91.051	-85.3896
10574.341671	91.046	-85.8389
10574.707882	91.046	-86.1934
10575.074093	91.057	-86.6055
10575.440304	91.057	-87.0742
10575.806515	91.051	-87.4648
10576.172726	91.057	-87.8281
10576.538936	91.067	-88.2725
10576.905147	91.068	-88.7510
10577.271358	91.062	-89.2051
10577.637569	91.052	-89.6152
10578.003780	91.044	-89.9521
10578.369991	91.052	-90.2520
10578.736202	91.072	-90.6357
10579.102413	91.087	-91.1367
10579.468624	91.086	-91.6426
10579.834835	91.081	-92.0879
10580.201046	91.076	-92.5098
10580.567257	91.072	-92.8906
10580.933468	91.078	-93.2471
10581.299679	91.089	-93.6934
10581.665890	91.084	-94.1729
10582.032101	91.075	-94.5361
10582.398312	91.083	-94.8750
10582.764523	91.093	-95.3115
10583.130734	91.092	-95.7471
10583.496945	91.092	-96.1299
10583.863156	91.098	-96.5234
10584.229367	91.103	-96.9395
10584.595578	91.107	-97.3711
10584.961789	91.105	-97.7910
10585.328000	91.107	-98.1592
10585.694211	91.118	-98.5576
10586.060422	91.124	-99.0352
10586.426633	91.119	-99.4668
10586.792844	91.121	-99.8438
10587.159055	91.129	-100.2812
10587.525266	91.127	-100.7363
10587.891476	91.124	-101.1396
10588.257687	91.125	-101.5498
10588.623898	91.122	-101.9580
10588.990109	91.122	-102.3125
10589.356320	91.133	-102.6904
10589.722531	91.142	-103.1436
10590.088742	91.142	-103.5957
10590.454953	91.141	-104.0205
10590.821164	91.139	-104.4492
10591.187375	91.132	-104.8398
10591.553586	91.134	-105.1768
10591.919797	91.147	-105.5693
10592.286008	91.151	-106.0479
10592.652219	91.141	-106.4639
10593.018430	91.141	-106.7842
10593.384641	91.157	-107.1738
10593.750852	91.163	-107.6514
10594.117063	91.159	-108.0840
10594.483274	91.160	-108.4873
10594.849485	91.161	-108.9102
10595.215696	91.162	-109.3096
10595.581907	91.169	-109.7363
10595.948118	91.167	-110.2168
10596.314329	91.155	-110.6025
10596.680540	91.160	-110.9150
10597.046751	91.176	-111.3447
10597.412962	91.177	-111.8262
10597.779173	91.174	-112.2227
10598.145384	91.182	-112.6279
10598.511595	91.184	-113.0879
10598.877806	91.181	-113.5078
10599.244016	91.182	-113.8994
10599.610227	91.185	-114.3057
10599.976438	91.187	-114.6953
10600.342649	91.195	-115.0879
10600.708860	91.202	-115.5107
10601.075071	91.209	-115.9541
10601.441282	91.210	-116.4229
10601.807493	91.201	-116.8564
10602.173704	91.196	-117.1992
10602.539915	91.205	-117.5498
10602.906126	91.214	-117.9756
10603.272337	91.217	-118.4121
10603.638548	91.219	-118.8477
10604.004759	91.216	-119.2910
10604.370970	91.210	-119.6973
10604.737181	91.207	-120.0723
10605.103392	91.206	-120.4404
10605.469603	91.210	-120.7988
10605.835814	91.219	-121.1924
10606.202025	91.224	-121.6201
10606.568236	91.228	-122.0156
10606.934447	91.242	-122.4365
10607.300658	91.250	-122.9678
10607.666869	91.236	-123.4727
10608.033080	91.222	-123.8223
10608.399291	91.229	-124.1611
10608.765502	91.237	-124.6104
10609.131713	91.231	-125.0312
10609.497924	91.233	-125.3691
10609.864135	91.249	-125.7803
10610.230345	91.252	-126.2646
10610.596556	91.248	-126.6787
10610.962767	91.253	-127.0771
10611.328978	91.256	-127.5293
10611.695189	91.252	-127.9434
10612.061400	91.254	-128.3330
10612.427611	91.255	-128.7559
10612.793822	91.255	-129.1514
10613.160033	91.260	-129.5615
10613.526244	91.258	-130.0283
10613.892455	91.246	-130.4043
10614.258666	91.252	-130.7090
10614.624877	91.268	-131.1504
10614.991088	91.265	-131.6436
10615.357299	91.256	-132.0186
10615.723510	91.262	-132.3828
10616.089721	91.268	-132.8164
10616.455932	91.268	-133.2344
10616.822143	91.273	-133.6436
10617.188354	91.277	-134.0908
10617.554565	91.276	-134.5322
10617.920776	91.275	-134.9463
10618.286987	91.275	-135.3574
10618.653198	91.277	-135.7588
10619.019409	91.282	-136.1641
10619.385620	91.286	-136.5977
10619.751831	91.287	-137.0283
10620.118042	91.288	-137.4316
10620.484253	91.294	-137.8486
10620.850464	91.297	-138.3037
10621.216675	91.292	-138.7490
10621.582885	91.285	-139.1318
10621.949096	91.286	-139.4844
10622.315307	91.292	-139.8574
10622.681518	91.298	-140.2568
10623.047729	91.302	-140.6582
10623.413940	91.308	-141.0488
10623.780151	91.317	-141.4629
10624.146362	91.323	-141.9209
10624.512573	91.321	-142.3545
10624.878784	91.324	-142.7500
10625.244995	91.331	-143.2139
10625.611206	91.320	-143.6846
10625.977417	91.308	-143.9980
10626.343628	91.324	-144.3037
10626.709839	91.342	-144.7988
10627.076050	91.332	-145.2871
10627.442261	91.328	-145.6172
10627.808472	91.345	-146.0059
10628.174683	91.351	-146.5352
10628.540894	91.335	-146.9883
10628.907105	91.328	-147.3076
10629.273316	91.340	-147.6602
10629.639527	91.349	-148.1143
10630.005738	91.347	-148.5586
10630.371949	91.347	-148.9541
10630.738160	91.350	-149.3887
10631.104371	91.344	-149.8262
10631.470582	91.339	-150.1885
10631.836793	91.345	-150.5781
10632.203004	91.342	-151.0166
10632.569214	91.337	-151.3730
10632.935425	91.347	-151.7373
10633.301636	91.351	-152.2148
10633.667847	91.339	-152.6143
10634.034058	91.344	-152.9199
10634.400269	91.362	-153.3545
10634.766480	91.360	-153.8496
10635.132691	91.356	-154.2402
10635.498902	91.365	-154.6436
10635.865113	91.368	-155.1289
10636.231324	91.359	-155.5635
10636.597535	91.359	-155.9297
10636.963746	91.369	-156.3486
10637.329957	91.371	-156.8311
10637.696168	91.362	-157.2637
10638.062379	91.360	-157.6289
10638.428590	91.367	-158.0293
10638.794801	91.368	-158.4551
10639.161012	91.370	-158.8350
10639.527223	91.381	-159.2480
10639.893434	91.384	-159.7295
10640.259645	91.376	-160.1533
10640.625856	91.377	-160.5088
10640.992067	91.386	-160.9072
10641.358278	91.391	-161.3506
10641.724489	91.392	-161.8018
10642.090700	91.386	-162.2363
10642.456911	91.380	-162.6133
10642.823122	91.382	-162.9717
10643.189333	91.388	-163.3750
10643.555544	91.388	-163.7891
10643.921754	91.387	-164.1660
10644.287965	91.394	-164.5273
10644.654176	91.409	-164.9482
10645.020387	91.416	-165.4678
10645.386598	91.402	-165.9502
10645.752809	91.392	-166.2881
10646.119020	91.401	-166.6426
10646.485231	91.405	-167.0898
10646.851442	91.402	-167.4688
10647.217653	91.417	-167.8408
10647.583864	91.430	-168.3828
10647.950075	91.412	-168.9014
10648.316286	91.397	-169.2080
10648.682497	91.411	-169.5303
10649.048708	91.422	-170.0049
10649.414919	91.418	-170.4590
10649.781130	91.417	-170.8506
10650.147341	91.419	-171.2627
10650.513552	91.420	-171.6699
10650.879763	91.425	-172.0752
10651.245974	91.428	-172.5166
10651.612185	91.426	-172.9307
10651.978396	91.430	-173.3301
10652.344607	91.433	-173.7725
10652.710818	91.429	-174.1729
10653.077029	91.437	-174.5410
10653.443240	91.449	-175.0137
10653.809451	91.443	-175.5107
10654.175662	91.433	-175.8896
10654.541873	91.439	-176.2500
10654.908083	91.447	-176.6924
10655.274294	91.444	-177.1475
10655.640505	91.438	-177.5449
10656.006716	91.438	-177.8936
10656.372927	91.448	-178.2617
10656.739138	91.459	-178.6982
10657.105349	91.463	-179.1699
10657.471560	91.458	-179.6357
10657.837771	91.445	179.9561
10658.203982	91.437	179.6670
10658.570193	91.453	179.3877
10658.936404	91.478	178.9346
10659.302615	91.479	178.3984
10659.668826	91.468	177.9863
10660.035037	91.472	177.6357
10660.401248	91.482	177.1943
10660.767459	91.478	176.7305
10661.133670	91.472	176.3477
10661.499881	91.477	175.9668
10661.866092	91.481	175.5361
10662.232303	91.482	175.1162
10662.598514	91.484	174.6797
10662.964725	91.478	174.2422
10663.330936	91.475	173.8936
10663.697147	91.489	173.5049
10664.063358	91.492	172.9805
10664.429569	91.474	172.5596
10664.795780	91.475	172.2803
10665.161991	91.495	171.8613
10665.528202	91.494	171.3535
10665.894413	91.485	170.9600
10666.260623	91.489	170.5869
10666.626834	91.490	170.1826
10666.993045	91.494	169.8213
10667.359256	91.508	169.4062
10667.725467	91.511	168.9238
10668.091678	91.505	168.5166
10668.457889	91.511	168.1416
10668.824100	91.518	167.6992
10669.190311	91.517	167.2510
10669.556522	91.514	166.8350
10669.922733	91.513	166.4414
10670.288944	91.518	166.0469
10670.655155	91.523	165.5830
10671.021366	91.513	165.1123
10671.387577	91.501	164.7637
10671.753788	91.506	164.4346
10672.119999	91.514	164.0146
10672.486210	91.515	163.5977
10672.852421	91.518	163.1992
10673.218632	91.522	162.7695
10673.584843	91.523	162.3525
10673.951054	91.527	161.9326
10674.317265	91.527	161.4893
10674.683476	91.524	161.1064
10675.049687	91.534	160.7305
10675.415898	91.544	160.2510
10675.782109	91.537	159.7861
10676.148320	91.535	159.4131
10676.514531	91.544	158.9902
10676.880742	91.541	158.5195
10677.246953	91.531	158.1475
10677.613163	91.537	157.8262
10677.979374	91.551	157.4121
10678.345585	91.554	156.9521
10678.711796	91.553	156.5439
10679.078007	91.560	156.1348
10679.444218	91.564	155.6602
10679.810429	91.555	155.2139
10680.176640	91.549	154.8604
10680.542851	91.558	154.4912
10680.909062	91.564	154.0361
10681.275273	91.560	153.5918
10681.641484	91.557	153.2061
10682.007695	91.561	152.7959
10682.373906	91.560	152.3564
10682.740117	91.555	151.9775
10683.106328	91.563	151.6211
10683.472539	91.576	151.1719
10683.838750	91.575	150.6797
10684.204961	91.568	150.2656
10684.571172	91.572	149.8789
10684.937383	91.577	149.4209
10685.303594	91.570	148.9590
10685.669805	91.560	148.5869
10686.036016	91.562	148.2529
10686.402227	91.570	147.8799
10686.768438	91.578	147.4727
10687.134649	91.584	147.0566
10687.500860	91.589	146.6318
10687.867071	91.594	146.1982
10688.233282	91.596	145.7490
10688.599492	91.593	145.2930
10688.965703	91.583	144.8877
10689.331914	91.579	144.5469
10689.698125	91.586	144.1816
10690.064336	91.592	143.7637
10690.430547	91.593	143.3506
10690.796758	91.595	142.9482
10691.162969	91.598	142.5352
10691.529180	91.602	142.1172
10691.895391	91.605	141.6885
10692.261602	91.606	141.2510
10692.627813	91.607	140.8232
10692.994024	91.608	140.4023
10693.360235	91.610	139.9873
10693.726446	91.617	139.5459
10694.092657	91.617	139.0518
10694.458868	91.605	138.6006
10694.825079	91.597	138.2568
10695.191290	91.604	137.9014
10695.557501	91.610	137.4775
10695.923712	91.611	137.0781
10696.289923	91.619	136.6875
10696.656134	91.626	136.2471
10697.022345	91.626	135.8213
10697.388556	91.629	135.4238
10697.754767	91.633	135.0010
10698.120978	91.633	134.5967
10698.487189	91.640	134.2197
10698.853400	91.652	133.7705
10699.219611	91.651	133.2754
10699.585822	91.641	132.8584
10699.952032	91.641	132.4766
10700.318243	91.641	132.0420
10700.684454	91.632	131.6387
10701.050665	91.629	131.3135
10701.416876	91.638	130.9473
10701.783087	91.643	130.5225
10702.149298	91.645	130.1367
10702.515509	91.656	129.7363
10702.881720	91.663	129.2383
10703.247931	91.653	128.7871
10703.614142	91.653	128.4512
10703.980353	91.671	128.0156
10704.346564	91.670	127.4414
10704.712775	91.644	126.9941
10705.078986	91.632	126.7324
10705.445197	91.647	126.4443
10705.811408	91.667	126.0166
10706.177619	91.674	125.5068
10706.543830	91.666	125.0400
10706.910041	91.660	124.6719
10707.276252	91.667	124.2979
10707.642463	91.673	123.8545
10708.008674	91.669	123.4248
10708.374885	91.667	123.0381
10708.741096	91.669	122.6641
10709.107307	91.675	122.2842
10709.473518	91.683	121.8613
10709.839729	91.683	121.4404
10710.205940	91.688	121.0781
10710.572151	91.704	120.6504
10710.938361	91.707	120.1377
10711.304572	91.699	119.7090
10711.670783	91.702	119.3164
10712.036994	91.703	118.8643
10712.403205	91.698	118.4766
10712.769416	91.709	118.0996
10713.135627	91.716	117.5879
10713.501838	91.699	117.1328
10713.868049	91.695	116.8408
10714.234260	91.714	116.4570
10714.600471	91.719	115.9404
10714.966682	91.709	115.4951
10715.332893	91.704	115.1260
10715.699104	91.705	114.7607
10716.065315	91.714	114.3799
10716.431526	91.724	113.9121
10716.797737	91.718	113.4189
10717.163948	91.706	113.0371
10717.530159	91.709	112.6758
10717.896370	91.709	112.2588
10718.262581	91.706	111.8965
10718.628792	91.718	111.5449
10718.995003	91.732	111.0615
10719.361214	91.726	110.5557
10719.727425	91.715	110.1709
10720.093636	91.718	109.8115
10720.459847	91.723	109.3945
10720.826058	91.723	108.9844
10721.192269	91.729	108.5889
10721.558480	91.736	108.1504
10721.924691	91.737	107.6914
10722.290901	91.736	107.2529
10722.657112	91.733	106.8154
10723.023323	91.724	106.4141
10723.389534	91.722	106.0850
10723.755745	91.735	105.7275
10724.121956	91.745	105.2793
10724.488167	91.745	104.8447
10724.854378	91.749	104.4385
10725.220589	91.753	103.9824
10725.586800	91.747	103.5381
10725.953011	91.741	103.1680
10726.319222	91.744	102.8047
10726.685433	91.749	102.4287
10727.051644	91.760	102.0342
10727.417855	91.771	101.5527
10727.784066	91.764	101.0527
10728.150277	91.752	100.6709
10728.516488	91.755	100.3369
10728.882699	91.767	99.9141
10729.248910	91.770	99.4277
10729.615121	91.760	98.9834
10729.981332	91.753	98.6328
10730.347543	91.762	98.2959
10730.713754	91.778	97.8457
10731.079965	91.777	97.3467
10731.446176	91.771	96.9434
10731.812387	91.778	96.5498
10732.178598	91.783	96.0703
10732.544809	91.775	95.6250
10732.911020	91.775	95.2432
10733.277231	91.781	94.8027
10733.643441	91.774	94.3477
10734.009652	91.766	93.9922
10734.375863	91.775	93.6553
10734.742074	91.791	93.2129
10735.108285	91.792	92.6992
10735.474496	91.779	92.2568
10735.840707	91.774	91.9189
10736.206918	91.784	91.5479
10736.573129	91.791	91.0898
10736.939340	91.788	90.6367
10737.305551	91.783	90.2188
10737.671762	91.776	89.8379
10738.037973	91.776	89.5215
10738.404184	91.793	89.1562
10738.770395	91.804	88.6709
10739.136606	91.798	88.2188
10739.502817	91.798	87.8467
10739.869028	91.806	87.4209
10740.235239	91.804	86.9688
10740.601450	91.800	86.5908
10740.967661	91.808	86.2256
10741.333872	91.820	85.7783
10741.700083	91.820	85.2900
10742.066294	91.811	84.8750
10742.432505	91.813	84.5264
10742.798716	91.826	84.1006
10743.164927	91.825	83.6064
10743.531138	91.815	83.2158
10743.897349	91.824	82.8584
10744.263560	91.834	82.3623
10744.629770	91.819	81.8887
10744.995981	91.810	81.5879
10745.362192	91.828	81.2393
10745.728403	91.838	80.7324
10746.094614	91.828	80.2842
10746.460825	91.828	79.9307
10746.827036	91.838	79.5098
10747.193247	91.838	79.0527
10747.559458	91.835	78.6562
10747.925669	91.839	78.2686
10748.291880	91.845	77.8467
10748.658091	91.849	77.4072
10749.024302	91.849	76.9648
10749.390513	91.846	76.5615
10749.756724	91.850	76.1865
10750.122935	91.859	75.7588
10750.489146	91.861	75.3037
10750.855357	91.860	74.8799
10751.221568	91.862	74.4492
10751.587779	91.860	74.0186
10751.953990	91.860	73.6230
10752.320201	91.864	73.2002
10752.686412	91.860	72.7598
10753.052623	91.856	72.4023
10753.418834	91.869	72.0430
10753.785045	91.881	71.5527
10754.151256	91.874	71.0596
10754.517467	91.866	70.6885
10754.883678	91.873	70.3193
10755.249889	91.880	69.8711
10755.616100	91.878	69.4258
10755.982310	91.876	69.0254
10756.348521	91.879	68.6328
10756.714732	91.886	68.2080
10757.080943	91.887	67.7500
10757.447154	91.881	67.3281
10757.813365	91.880	66.9629
10758.179576	91.887	66.5645
10758.545787	91.888	66.1338
10758.911998	91.889	65.7480
10759.278209	91.897	65.3389
10759.644420	91.898	64.8633
10760.010631	91.888	64.4609
10760.376842	91.891	64.1377
10760.743053	91.907	63.7178
10761.109264	91.908	63.2178
10761.475475	91.898	62.8008
10761.841686	91.898	62.4395
10762.207897	91.904	62.0225
10762.574108	91.903	61.6055
10762.940319	91.907	61.2236
10763.306530	91.918	60.7646
10763.672741	91.912	60.2598
10764.038952	91.898	59.8818
10764.405163	91.903	59.5605
10764.771374	91.916	59.1201
10765.137585	91.915	58.6592
10765.503796	91.915	58.2715
10765.870007	91.925	57.8330
10766.236218	91.924	57.3447
10766.602429	91.916	56.9346
10766.968639	91.919	56.5498
10767.334850	91.921	56.1211
10767.701061	91.919	55.7158
10768.067272	91.922	55.3408
10768.433483	91.931	54.9326
10768.799694	91.937	54.4854
10769.165905	91.936	54.0303
10769.532116	91.932	53.6123
10769.898327	91.932	53.2373
10770.264538	91.938	52.8350
10770.630749	91.941	52.3906
10770.996960	91.937	51.9727
10771.363171	91.938	51.5928
10771.729382	91.944	51.1895
10772.095593	91.947	50.7471
10772.461804	91.945	50.3145
10772.828015	91.943	49.9209
10773.194226	91.947	49.5234
10773.560437	91.951	49.0869
10773.926648	91.950	48.6514
10774.292859	91.950	48.2363
10774.659070	91.951	47.7969
10775.025281	91.946	47.3584
10775.391492	91.940	46.9824
10775.757703	91.944	46.6152
10776.123914	91.951	46.1846
10776.490125	91.948	45.7471
10776.856336	91.946	45.3682
10777.222547	91.951	44.9863
10777.588758	91.957	44.5664
10777.954969	91.960	44.1641
10778.321179	91.970	43.7490
10778.687390	91.975	43.2588
10779.053601	91.966	42.8066
10779.419812	91.962	42.4580
10779.786023	91.971	42.0732
10780.152234	91.975	41.6445
10780.518445	91.980	41.2734
10780.884656	91.998	40.8447
10781.250867	92.005	40.2900
10781.617078	91.992	39.7930
10781.983289	91.981	39.4121
10782.349500	91.981	39.0381
10782.715711	91.985	38.6504
10783.081922	91.992	38.2383
10783.448133	91.996	37.7773
10783.814344	91.991	37.3379
10784.180555	91.990	36.9424
10784.546766	91.993	36.5312
10784.912977	91.994	36.1211
10785.279188	92.001	35.7139
10785.645399	92.009	35.2314
10786.011610	92.000	34.7305
10786.377821	91.986	34.3506
10786.744032	91.988	34.0303
10787.110243	92.000	33.6221
10787.476454	92.002	33.1719
10787.842665	92.004	32.7549
10788.208876	92.008	32.3057
10788.575087	92.002	31.8447
10788.941298	91.993	31.4814
10789.307508	92.002	31.1416
10789.673719	92.013	30.6953
10790.039930	92.010	30.2363
10790.406141	92.009	29.8652
10790.772352	92.021	29.4619
10791.138563	92.028	28.9561
10791.504774	92.017	28.4805
10791.870985	92.006	28.1084
10792.237196	92.006	27.7627
10792.603407	92.012	27.3965
10792.969618	92.022	26.9883
10793.335829	92.027	26.5322
10793.702040	92.023	26.1123
10794.068251	92.025	25.7451
10794.434462	92.035	25.3311
10794.800673	92.039	24.8848
10795.166884	92.042	24.4648
10795.533095	92.048	24.0225
10795.899306	92.049	23.5576
10796.265517	92.046	23.1152
10796.631728	92.043	22.6865
10796.997939	92.039	22.2871
10797.364150	92.042	21.8965
10797.730361	92.045	21.4736
10798.096572	92.047	21.0615
10798.462783	92.054	20.6260
10798.828994	92.052	20.1270
10799.195205	92.036	19.7314
10799.561416	92.040	19.4346
10799.927627	92.058	18.9941
10800.293838	92.055	18.4883
10800.660048	92.048	18.1260
10801.026259	92.063	17.7266
10801.392470	92.066	17.1875
10801.758681	92.049	16.7588
10802.124892	92.052	16.4375
10802.491103	92.067	15.9619
10802.857314	92.053	15.4277
10803.223525	92.030	15.1191
10803.589736	92.043	14.8994
10803.955947	92.074	14.4639
10804.322158	92.081	13.8965
10804.688369	92.070	13.4277
10805.054580	92.067	13.0293
10805.420791	92.067	12.6172
10805.787002	92.067	12.2158
10806.153213	92.070	11.8076
10806.519424	92.071	11.3906
10806.885635	92.073	11.0020
10807.251846	92.080	10.5947
10807.618057	92.084	10.1572
10807.984268	92.087	9.7432
10808.350479	92.094	9.2969
10808.716690	92.091	8.8203
10809.082901	92.083	8.4307
10809.449112	92.089	8.0586
10809.815323	92.094	7.5850
10810.181534	92.081	7.1494
10810.547745	92.077	6.8330
10810.913956	92.090	6.4648
10811.280167	92.098	5.9961
10811.646378	92.095	5.5586
10812.012588	92.098	5.1504
10812.378799	92.101	4.6816
10812.745010	92.092	4.2188
10813.111221	92.083	3.8486
10813.477432	92.088	3.4717
10813.843643	92.090	3.0186
10814.209854	92.082	2.6045
10814.576065	92.083	2.2520
10814.942276	92.092	1.8496
10815.308487	92.097	1.4102
10815.674698	92.101	0.9688
10816.040909	92.102	0.4932
10816.407120	92.093	0.0537
10816.773331	92.089	-0.3057
10817.139542	92.095	-0.6768
10817.505753	92.102	-1.0771
10817.871964	92.112	-1.4863
10818.238175	92.123	-1.9629
10818.604386	92.120	-2.4492
10818.970597	92.115	-2.8457
10819.336808	92.123	-3.2510
10819.703019	92.125	-3.7285
10820.069230	92.117	-4.1670
10820.435441	92.113	-4.5312
10820.801652	92.119	-4.9014
10821.167863	92.128	-5.3301
10821.534074	92.130	-5.8018
10821.900285	92.122	-6.2324
10822.266496	92.121	-6.5957
10822.632707	92.130	-7.0078
10822.998917	92.130	-7.4932
10823.365128	92.119	-7.9150
10823.731339	92.117	-8.2754
10824.097550	92.121	-8.6709
10824.463761	92.124	-9.0664
10824.829972	92.135	-9.4844
10825.196183	92.141	-10.0088
10825.562394	92.124	-10.4971
10825.928605	92.113	-10.8193
10826.294816	92.126	-11.1689
10826.661027	92.134	-11.6562
10827.027238	92.127	-12.0996
10827.393449	92.130	-12.4648
10827.759660	92.142	-12.9131
10828.125871	92.141	-13.4219
10828.492082	92.130	-13.8516
10828.858293	92.128	-14.2129
10829.224504	92.134	-14.6025
10829.590715	92.139	-15.0283
10829.956926	92.141	-15.4424
10830.323137	92.147	-15.8418
10830.689348	92.158	-16.2861
10831.055559	92.161	-16.7812
10831.421770	92.153	-17.2383
10831.787981	92.147	-17.6113
10832.154192	92.153	-17.9736
10832.520403	92.165	-18.4092
10832.886614	92.168	-18.9072
10833.252825	92.158	-19.3662
10833.619036	92.150	-19.7334
10833.985247	92.156	-20.0898
10834.351457	92.164	-20.5322
10834.717668	92.161	-20.9951
10835.083879	92.155	-21.3877
10835.450090	92.157	-21.7734
10835.816301	92.158	-22.2100
10836.182512	92.151	-22.6172
10836.548723	92.149	-22.9600
10836.914934	92.159	-23.3271
10837.281145	92.168	-23.7588
10837.647356	92.172	-24.2129
10838.013567	92.173	-24.6602
10838.379778	92.173	-25.1016
10838.745989	92.173	-25.5537
10839.112200	92.167	-26.0078
10839.478411	92.157	-26.4111
10839.844622	92.154	-26.7695
10840.210833	92.159	-27.1484
10840.577044	92.163	-27.5566
10840.943255	92.168	-27.9619
10841.309466	92.177	-28.3867
10841.675677	92.185	-28.8682
10842.041888	92.180	-29.3730
10842.408099	92.167	-29.7988
10842.774310	92.163	-30.1299
10843.140521	92.175	-30.4951
10843.506732	92.186	-30.9541
10843.872943	92.188	-31.4229
10844.239154	92.188	-31.8760
10844.605365	92.187	-32.3379
10844.971576	92.179	-32.7734
10845.337786	92.173	-33.1602
10845.703997	92.174	-33.5225
10846.070208	92.182	-33.8955
10846.436419	92.194	-34.3359
10846.802630	92.197	-34.8271
10847.168841	92.191	-35.2773
10847.535052	92.189	-35.6904
10847.901263	92.187	-36.1152
10848.267474	92.183	-36.5107
10848.633685	92.186	-36.8877
10848.999896	92.193	-37.3193
10849.366107	92.192	-37.7695
10849.732318	92.189	-38.1738
10850.098529	92.193	-38.5723
10850.464740	92.197	-38.9971
10850.830951	92.201	-39.4395
10851.197162	92.200	-39.9004
10851.563373	92.193	-40.3252
10851.929584	92.192	-40.6846
10852.295795	92.203	-41.1055
10852.662006	92.201	-41.6035
10853.028217	92.187	-41.9814
10853.394428	92.197	-42.2783
10853.760639	92.219	-42.7539
10854.126850	92.213	-43.3057
10854.493061	92.198	-43.6748
10854.859272	92.210	-44.0254
10855.225483	92.219	-44.5449
10855.591694	92.201	-45.0098
10855.957905	92.194	-45.3066
10856.324116	92.211	-45.6621
10856.690326	92.222	-46.1494
10857.056537	92.219	-46.6318
10857.422748	92.212	-47.0537
10857.788959	92.211	-47.4316
10858.155170	92.220	-47.8281
10858.521381	92.228	-48.3164
10858.887592	92.219	-48.8066
10859.253803	92.211	-49.1924
10859.620014	92.216	-49.5889
10859.986225	92.216	-50.0605
10860.352436	92.206	-50.4863
10860.718647	92.202	-50.8496
10861.084858	92.205	-51.2256
10861.451069	92.211	-51.6143
10861.817280	92.222	-52.0537
10862.183491	92.224	-52.5596
10862.549702	92.212	-52.9990
10862.915913	92.209	-53.3506
10863.282124	92.218	-53.7598
10863.648335	92.217	-54.2207
10864.014546	92.212	-54.6133
10864.380757	92.217	-54.9736
10864.746968	92.230	-55.3994
10865.113179	92.236	-55.8867
10865.479390	92.231	-56.3652
10865.845601	92.223	-56.7764
10866.211812	92.225	-57.1514
10866.578023	92.231	-57.5723
10866.944234	92.232	-58.0146
10867.310445	92.234	-58.4248
10867.676656	92.241	-58.8750
10868.042866	92.238	-59.3760
10868.409077	92.224	-59.8018
10868.775288	92.219	-60.1387
10869.141499	92.226	-60.5156
10869.507710	92.230	-60.9648
10869.873921	92.224	-61.4043
10870.240132	92.216	-61.7744
10870.606343	92.218	-62.0957
10870.972554	92.234	-62.4678
10871.338765	92.247	-62.9521
10871.704976	92.242	-63.4492
10872.071187	92.232	-63.8535
10872.437398	92.233	-64.2100
10872.803609	92.244	-64.6123
10873.169820	92.252	-65.0947
10873.536031	92.247	-65.6035
10873.902242	92.232	-66.0225
10874.268453	92.230	-66.3662
10874.634664	92.239	-66.7803
10875.000875	92.239	-67.2568
10875.367086	92.231	-67.6748
10875.733297	92.230	-68.0518
10876.099508	92.235	-68.4521
10876.465719	92.242	-68.8770
10876.831930	92.250	-69.3496
10877.198141	92.246	-69.8604
10877.564352	92.231	-70.2969
10877.930563	92.225	-70.6260
10878.296774	92.236	-70.9766
10878.662985	92.249	-71.4365
10879.029195	92.249	-71.9141
10879.395406	92.248	-72.3350
10879.761617	92.251	-72.7744
10880.127828	92.247	-73.2256
10880.494039	92.244	-73.6064
10880.860250	92.252	-74.0068
10881.226461	92.253	-74.4814
10881.592672	92.244	-74.8828
10881.958883	92.249	-75.2236
10882.325094	92.262	-75.6631
10882.691305	92.261	-76.1387
10883.057516	92.258	-76.5557
10883.423727	92.261	-76.9824
10883.789938	92.257	-77.4219
10884.156149	92.254	-77.8184
10884.522360	92.256	-78.2197
10884.888571	92.257	-78.6465
10885.254782	92.255	-79.0566
10885.620993	92.255	-79.4502
10885.987204	92.259	-79.8428
10886.353415	92.268	-80.2646
10886.719626	92.275	-80.7646
10887.085837	92.264	-81.2637
10887.452048	92.250	-81.6465
10887.818259	92.252	-81.9922
10888.184470	92.258	-82.4160
10888.550681	92.256	-82.8389
10888.916892	92.260	-83.2227
10889.283103	92.270	-83.6748
10889.649314	92.267	-84.1738
10890.015525	92.257	-84.6074
10890.381735	92.251	-84.9854
10890.747946	92.253	-85.3555
10891.114157	92.262	-85.7656
10891.480368	92.266	-86.2598
10891.846579	92.253	-86.7100
10892.212790	92.248	-87.0312
10892.579001	92.263	-87.4209
10892.945212	92.266	-87.9307
10893.311423	92.254	-88.3545
10893.677634	92.256	-88.7100
10894.043845	92.262	-89.1455
10894.410056	92.259	-89.5723
10894.776267	92.263	-89.9482
10895.142478	92.273	-90.4062
10895.508689	92.268	-90.9053
10895.874900	92.256	-91.2969
10896.241111	92.259	-91.6465
10896.607322	92.268	-92.0820
10896.973533	92.266	-92.5469
10897.339744	92.260	-92.9521
10897.705955	92.261	-93.3457
10898.072166	92.261	-93.7588
10898.438377	92.263	-94.1533
10898.804588	92.271	-94.5811
10899.170799	92.271	-95.0762
10899.537010	92.259	-95.5127
10899.903221	92.255	-95.8613
10900.269432	92.263	-96.2656
10900.635643	92.264	-96.7246
10901.001854	92.260	-97.1475
10901.368064	92.259	-97.5654
10901.734275	92.256	-97.9805
10902.100486	92.258	-98.3584
10902.466697	92.267	-98.7871
10902.832908	92.269	-99.2715
10903.199119	92.264	-99.7031
10903.565330	92.266	-100.1299
10903.931541	92.264	-100.5957
10904.297752	92.256	-100.9951
10904.663963	92.262	-101.3691
10905.030174	92.269	-101.8398
10905.396385	92.262	-102.2998
10905.762596	92.259	-102.6670
10906.128807	92.268	-103.0820
10906.495018	92.267	-103.5557
10906.861229	92.260	-103.9580
10907.227440	92.263	-104.3320
10907.593651	92.268	-104.7588
10907.959862	92.267	-105.1816
10908.326073	92.269	-105.5840
10908.692284	92.272	-106.0059
10909.058495	92.274	-106.4326
10909.424706	92.275	-106.8691
10909.790917	92.272	-107.3174
10910.157128	92.266	-107.7334
10910.523339	92.264	-108.1328
10910.889550	92.259	-108.5410
10911.255761	92.255	-108.9004
10911.621972	92.264	-109.2656
10911.988183	92.272	-109.7314
10912.354394	92.265	-110.1787
10912.720604	92.264	-110.5420
10913.086815	92.275	-110.9756
10913.453026	92.273	-111.4590
10913.819237	92.268	-111.8672
10914.185448	92.273	-112.3047
10914.551659	92.266	-112.7900
10914.917870	92.253	-113.1504
10915.284081	92.264	-113.4766
10915.650292	92.279	-113.9580
10916.016503	92.274	-114.4727
10916.382714	92.264	-114.8799
10916.748925	92.264	-115.2480
10917.115136	92.272	-115.6572
10917.481347	92.276	-116.1221
10917.847558	92.269	-116.5703
10918.213769	92.266	-116.9287
10918.579980	92.279	-117.3164
10918.946191	92.286	-117.8115
10919.312402	92.280	-118.2734
10919.678613	92.280	-118.6934
10920.044824	92.277	-119.1631
10920.411035	92.262	-119.5674
10920.777246	92.260	-119.8672
10921.143457	92.275	-120.2334
10921.509668	92.286	-120.7012
10921.875879	92.288	-121.2021
10922.242090	92.277	-121.6768
10922.608301	92.264	-122.0312
10922.974512	92.273	-122.3516
10923.340723	92.288	-122.8262
10923.706933	92.279	-123.3301
10924.073144	92.269	-123.6904
10924.439355	92.278	-124.0566
10924.805566	92.286	-124.5234
10925.171777	92.283	-124.9893
10925.537988	92.278	-125.4209
10925.904199	92.274	-125.8242
10926.270410	92.276	-126.2139
10926.636621	92.280	-126.6543
10927.002832	92.276	-127.1045
10927.369043	92.271	-127.4863
10927.735254	92.276	-127.8799
10928.101465	92.279	-128.3193
10928.467676	92.278	-128.7412
10928.833887	92.281	-129.1631
10929.200098	92.281	-129.6074
10929.566309	92.280	-130.0420
10929.932520	92.278	-130.4824
10930.298731	92.271	-130.9023
10930.664942	92.268	-131.2607
10931.031153	92.277	-131.6494
10931.397364	92.280	-132.1143
10931.763575	92.274	-132.5381
10932.129786	92.275	-132.9053
10932.495997	92.283	-133.3076
10932.862208	92.290	-133.7461
10933.228419	92.295	-134.2109
10933.594630	92.292	-134.6982
10933.960841	92.282	-135.1162
10934.327052	92.282	-135.4785
10934.693263	92.289	-135.9170
10935.059473	92.283	-136.3721
10935.425684	92.278	-136.7393
10935.791895	92.285	-137.1436
10936.158106	92.283	-137.6143
10936.524317	92.274	-137.9961
10936.890528	92.282	-138.3555
10937.256739	92.289	-138.8359
10937.622950	92.278	-139.2920
10937.989161	92.274	-139.6484
10938.355372	92.281	-140.0762
10938.721583	92.275	-140.5381
10939.087794	92.269	-140.8926
10939.454005	92.282	-141.2949
10939.820216	92.283	-141.8184
10940.186427	92.268	-142.2471
10940.552638	92.269	-142.5938
10940.918849	92.277	-143.0488
10941.285060	92.269	-143.5156
10941.651271	92.264	-143.8809
10942.017482	92.273	-144.2793
10942.383693	92.277	-144.7441
10942.749904	92.277	-145.1904
10943.116115	92.276	-145.6523
10943.482326	92.265	-146.0908
10943.848537	92.262	-146.4209
10944.214748	92.278	-146.8115
10944.580959	92.282	-147.3379
10944.947170	92.267	-147.7676
10945.313381	92.268	-148.1025
10945.679592	92.276	-148.5400
10946.045803	92.268	-148.9688
10946.412013	92.272	-149.3008
10946.778224	92.290	-149.7598
10947.144435	92.283	-150.3291
10947.510646	92.255	-150.7236
10947.876857	92.251	-150.9648
10948.243068	92.271	-151.3164
10948.609279	92.282	-151.8184
10948.975490	92.273	-152.3037
10949.341701	92.263	-152.6895
10949.707912	92.265	-153.0615
10950.074123	92.268	-153.4854
10950.440334	92.265	-153.9082
10950.806545	92.265	-154.3037
10951.172756	92.270	-154.7217
10951.538967	92.272	-155.1797
10951.905178	92.268	-155.6299
10952.271389	92.263	-156.0234
10952.637600	92.269	-156.4082
10953.003811	92.277	-156.8789
10953.370022	92.272	-157.3740
10953.736233	92.261	-157.7842
10954.102444	92.260	-158.1670
10954.468655	92.260	-158.5771
10954.834866	92.261	-158.9697
10955.201077	92.266	-159.3916
10955.567288	92.262	-159.8467
10955.933499	92.254	-160.2158
10956.299710	92.260	-160.5557
10956.665921	92.271	-160.9883
10957.032132	92.271	-161.4326
10957.398342	92.273	-161.8486
10957.764553	92.275	-162.3096
10958.130764	92.266	-162.7412
10958.496975	92.264	-163.0986
10958.863186	92.273	-163.5273
10959.229397	92.268	-164.0195
10959.595608	92.255	-164.4014
10959.961819	92.259	-164.7285
10960.328030	92.272	-165.1826
10960.694241	92.265	-165.6777
10961.060452	92.255	-166.0469
10961.426663	92.265	-166.4170
10961.792874	92.271	-166.9141
10962.159085	92.259	-167.3623
10962.525296	92.259	-167.7109
10962.891507	92.270	-168.1572
10963.257718	92.264	-168.6377
10963.623929	92.259	-169.0186
10963.990140	92.266	-169.4414
10964.356351	92.260	-169.9004
10964.722562	92.254	-170.2324
10965.088773	92.271	-170.6006
10965.454984	92.279	-171.1104
10965.821195	92.271	-171.5518
10966.187406	92.274	-171.9463
10966.553617	92.275	-172.4268
10966.919828	92.260	-172.8271
10967.286039	92.263	-173.1240
10967.652250	92.280	-173.5479
10968.018461	92.280	-174.0576
10968.384672	92.269	-174.4746
10968.750882	92.267	-174.8428
10969.117093	92.270	-175.2314
10969.483304	92.277	-175.6406
10969.849515	92.283	-176.0977
10970.215726	92.281	-176.5781
10970.581937	92.273	-177.0254
10970.948148	92.266	-177.4482
10971.314359	92.258	-177.8486
10971.680570	92.255	-178.2041
10972.046781	92.264	-178.5801
10972.412992	92.272	-179.0615
10972.779203	92.261	-179.5498
10973.145414	92.249	-179.8984
10973.511625	92.260	179.7588
10973.877836	92.270	179.2480
10974.244047	92.253	178.7754
10974.610258	92.245	178.4824
10974.976469	92.262	178.1035
10975.342680	92.264	177.5859
10975.708891	92.252	177.1826
10976.075102	92.257	176.8193
10976.441313	92.259	176.3467
10976.807524	92.245	175.9609
10977.173735	92.253	175.6729
10977.539946	92.276	175.2061
10977.906157	92.271	174.6299
10978.272368	92.250	174.2178
10978.638579	92.248	173.8896
10979.004790	92.255	173.4707
10979.371001	92.252	173.0371
10979.737211	92.253	172.6465
10980.103422	92.259	172.1885
10980.469633	92.249	171.7002
10980.835844	92.234	171.3447
10981.202055	92.242	171.0303
10981.568266	92.256	170.5586
10981.934477	92.246	170.0537
10982.300688	92.234	169.7090
10982.666899	92.245	169.3779
10983.033110	92.257	168.9092
10983.399321	92.255	168.4365
10983.765532	92.254	168.0273
10984.131743	92.256	167.5791
10984.497954	92.249	167.1328
10984.864165	92.244	166.7695
10985.230376	92.252	166.3877
10985.596587	92.255	165.9395
10985.962798	92.251	165.5225
10986.329009	92.252	165.1504
10986.695220	92.261	164.7500
10987.061431	92.269	164.2920
10987.427642	92.268	163.7891
10987.793853	92.252	163.3389
10988.160064	92.241	163.0137
10988.526275	92.249	162.6836
10988.892486	92.259	162.2383
10989.258697	92.255	161.7822
10989.624908	92.251	161.3887
10989.991119	92.253	160.9814
10990.357330	92.251	160.5488
10990.723541	92.246	160.1592
10991.089751	92.249	159.7861
10991.455962	92.256	159.3457
10991.822173	92.249	158.8730
10992.188384	92.236	158.5088
10992.554595	92.243	158.2119
10992.920806	92.264	157.7705
10993.287017	92.264	157.2207
10993.653228	92.248	156.8018
10994.019439	92.252	156.4707
10994.385650	92.265	156.0059
10994.751861	92.259	155.4883
10995.118072	92.246	155.1025
10995.484283	92.250	154.7461
10995.850494	92.258	154.2871
10996.216705	92.252	153.8311
10996.582916	92.248	153.4434
10996.949127	92.253	153.0293
10997.315338	92.251	152.5840
10997.681549	92.248	152.1895
10998.047760	92.254	151.7998
10998.413971	92.260	151.3398
10998.780182	92.256	150.8760
10999.146393	92.252	150.4717
10999.512604	92.256	150.0566
10999.878815	92.255	149.5908
11000.245026	92.246	149.1611
11000.611237	92.242	148.7920
11000.977448	92.246	148.3936
11001.343659	92.247	147.9551
11001.709870	92.243	147.5342
11002.076081	92.240	147.1318
11002.442291	92.239	146.7246
11002.808502	92.237	146.3125
11003.174713	92.232	145.9238
11003.540924	92.233	145.5840
11003.907135	92.248	145.1973
11004.273346	92.258	144.6680
11004.639557	92.241	144.1611
11005.005768	92.226	143.8359
11005.371979	92.235	143.5186
11005.738190	92.248	143.0566
11006.104401	92.243	142.5713
11006.470612	92.234	142.1709
11006.836823	92.233	141.8047
11007.203034	92.237	141.4092
11007.569245	92.240	140.9844
11007.935456	92.240	140.5742
11008.301667	92.244	140.1660
11008.667878	92.247	139.7168
11009.034089	92.244	139.2754
11009.400300	92.241	138.8701
11009.766511	92.240	138.4502
11010.132722	92.235	138.0537
11010.498933	92.238	137.7070
11010.865144	92.252	137.2852
11011.231355	92.252	136.7744
11011.597566	92.239	136.3516
11011.963777	92.239	136.0146
11012.329988	92.251	135.5859
11012.696199	92.247	135.0967
11013.062410	92.237	134.7061
11013.428620	92.241	134.3545
11013.794831	92.251	133.9121
11014.161042	92.250	133.4414
11014.527253	92.248	132.9990
11014.893464	92.246	132.5283
11015.259675	92.232	132.0762
11015.625886	92.218	131.7305
11015.992097	92.221	131.4053
11016.358308	92.229	130.9961
11016.724519	92.229	130.5684
11017.090730	92.231	130.1787
11017.456941	92.237	129.7539
11017.823152	92.235	129.3027
11018.189363	92.231	128.9189
11018.555574	92.240	128.5361
11018.921785	92.246	128.0645
11019.287996	92.239	127.6162
11019.654207	92.238	127.2500
11020.020418	92.248	126.8301
11020.386629	92.247	126.3457
11020.752840	92.238	125.9277
11021.119051	92.237	125.5703
11021.485262	92.246	125.1592
11021.851473	92.249	124.6768
11022.217684	92.240	124.2275
11022.583895	92.234	123.8359
11022.950106	92.233	123.4102
11023.316317	92.221	122.9912
11023.682528	92.214	122.6797
11024.048739	92.226	122.3447
11024.414950	92.237	121.8809
11024.781160	92.235	121.4180
11025.147371	92.232	120.9941
11025.513582	92.228	120.5684
11025.879793	92.225	120.1865
11026.246004	92.232	119.7852
11026.612215	92.234	119.3027
11026.978426	92.225	118.8662
11027.344637	92.224	118.4795
11027.710848	92.223	118.0537
11028.077059	92.219	117.6816
11028.443270	92.233	117.3174
11028.809481	92.247	116.7764
11029.175692	92.229	116.2363
11029.541903	92.211	115.9219
11029.908114	92.223	115.6152
11030.274325	92.237	115.1523
11030.640536	92.237	114.7002
11031.006747	92.242	114.2725
11031.372958	92.244	113.7812
11031.739169	92.233	113.3457
11032.105380	92.233	112.9824
11032.471591	92.241	112.5371
11032.837802	92.233	112.0586
11033.204013	92.221	111.6846
11033.570224	92.223	111.3496
11033.936435	92.232	110.9463
11034.302646	92.233	110.4990
11034.668857	92.227	110.0840
11035.035068	92.225	109.7090
11035.401279	92.227	109.3242
11035.767489	92.229	108.9277
11036.133700	92.234	108.5400
11036.499911	92.242	108.1084
11036.866122	92.243	107.6309
11037.232333	92.237	107.1904
11037.598544	92.234	106.7900
11037.964755	92.235	106.3721
11038.330966	92.234	105.9365
11038.697177	92.231	105.5146
11039.063388	92.231	105.0996
11039.429599	92.232	104.6436
11039.795810	92.221	104.1943
11040.162021	92.212	103.8555
11040.528232	92.223	103.5156
11040.894443	92.235	103.0303
11041.260654	92.226	102.5488
11041.626865	92.220	102.1924
11041.993076	92.230	101.8135
11042.359287	92.236	101.3467
11042.725498	92.232	100.8945
11043.091709	92.228	100.4980
11043.457920	92.229	100.1182
11043.824131	92.235	99.7207
11044.190342	92.241	99.2949
11044.556553	92.244	98.8447
11044.922764	92.241	98.3955
11045.288975	92.235	97.9971
11045.655186	92.236	97.6211
11046.021397	92.238	97.2012
11046.387608	92.234	96.8154
11046.753819	92.244	96.4756
11047.120029	92.264	95.9805
11047.486240	92.255	95.3848
11047.852451	92.227	94.9775
11048.218662	92.222	94.6865
11048.584873	92.227	94.2910
11048.951084	92.224	93.8896
11049.317295	92.229	93.5234
11049.683506	92.237	93.0566
11050.049717	92.228	92.5889
11050.415928	92.223	92.2354
11050.782139	92.234	91.8184
11051.148350	92.230	91.3154
11051.514561	92.215	90.9434
11051.880772	92.224	90.6367
11052.246983	92.244	90.1670
11052.613194	92.241	89.6289
11052.979405	92.229	89.2090
11053.345616	92.230	88.8350
11053.711827	92.234	88.3994
11054.078038	92.231	87.9551
11054.444249	92.227	87.5605
11054.810460	92.230	87.1865
11055.176671	92.239	86.7793
11055.542882	92.246	86.3125
11055.909093	92.243	85.8271
11056.275304	92.234	85.4082
11056.641515	92.233	85.0312
11057.007726	92.237	84.5918
11057.373937	92.227	84.1475
11057.740148	92.218	83.8213
11058.106358	92.230	83.4941
11058.472569	92.243	83.0225
11058.838780	92.237	82.5430
11059.204991	92.230	82.1680
11059.571202	92.237	81.7832
11059.937413	92.242	81.3174
11060.303624	92.234	80.8438
11060.669835	92.220	80.4551
11061.036046	92.218	80.1514
11061.402257	92.234	79.7842
11061.768468	92.243	79.2861
11062.134679	92.234	78.8320
11062.500890	92.233	78.4551
11062.867101	92.237	78.0068
11063.233312	92.227	77.5684
11063.599523	92.223	77.2383
11063.965734	92.236	76.8623
11064.331945	92.243	76.4033
11064.698156	92.245	75.9697
11065.064367	92.250	75.4980
11065.430578	92.241	74.9961
11065.796789	92.224	74.6309
11066.163000	92.229	74.3291
11066.529211	92.244	73.8994
11066.895422	92.244	73.4229
11067.261633	92.243	73.0107
11067.627844	92.249	72.5605
11067.994055	92.241	72.0596
11068.360266	92.223	71.6670
11068.726477	92.220	71.3760
11069.092688	92.233	71.0117
11069.458898	92.240	70.5547
11069.825109	92.236	70.1113
11070.191320	92.231	69.7207
11070.557531	92.233	69.3643
11070.923742	92.244	68.9775
11071.289953	92.254	68.4932
11071.656164	92.247	68.0029
11072.022375	92.239	67.6074
11072.388586	92.241	67.2148
11072.754797	92.241	66.7764
11073.121008	92.238	66.3691
11073.487219	92.241	65.9561
11073.853430	92.240	65.4980
11074.219641	92.233	65.0811
11074.585852	92.232	64.6768
11074.952063	92.228	64.2363
11075.318274	92.220	63.8779
11075.684485	92.232	63.5352
11076.050696	92.243	63.0156
11076.416907	92.225	62.5293
11076.783118	92.218	62.2607
11077.149329	92.245	61.8711
11077.515540	92.247	61.2686
11077.881751	92.222	60.8535
11078.247962	92.228	60.5801
11078.614173	92.248	60.1074
11078.980384	92.240	59.5996
11079.346595	92.235	59.2373
11079.712806	92.246	58.8066
11080.079017	92.241	58.3223
11080.445228	92.236	57.9629
11080.811438	92.251	57.5557
11081.177649	92.253	57.0166
11081.543860	92.236	56.5850
11081.910071	92.235	56.2500
11082.276282	92.242	55.8301
11082.642493	92.240	55.3926
11083.008704	92.240	54.9932
11083.374915	92.241	54.5605
11083.741126	92.235	54.1533
11084.107337	92.237	53.7949
11084.473548	92.245	53.3721
11084.839759	92.243	52.9189
11085.205970	92.240	52.5303
11085.572181	92.246	52.1260
11085.938392	92.246	51.6729
11086.304603	92.241	51.2598
11086.670814	92.242	50.8740
11087.037025	92.245	50.4697
11087.403236	92.248	50.0586
11087.769447	92.254	49.6270
11088.135658	92.257	49.1592
11088.501869	92.253	48.6973
11088.868080	92.248	48.2588
11089.234291	92.242	47.8379
11089.600502	92.236	47.4365
11089.966713	92.231	47.0488
11090.332924	92.229	46.6943
11090.699135	92.237	46.3506
11091.065346	92.253	45.9180
11091.431557	92.255	45.4170
11091.797767	92.248	44.9941
11092.163978	92.253	44.6064
11092.530189	92.259	44.1240
11092.896400	92.247	43.6504
11093.262611	92.236	43.3105
11093.628822	92.245	42.9688
11093.995033	92.255	42.5205
11094.361244	92.254	42.0625
11094.727455	92.251	41.6406
11095.093666	92.248	41.2256
11095.459877	92.244	40.8496
11095.826088	92.250	40.4922
11096.192299	92.262	40.0498
11096.558510	92.261	39.5518
11096.924721	92.250	39.1348
11097.290932	92.250	38.7734
11097.657143	92.257	38.3408
11098.023354	92.253	37.8730
11098.389565	92.245	37.4805
11098.755776	92.248	37.1084
11099.121987	92.254	36.6660
11099.488198	92.251	36.2041
11099.854409	92.244	35.7812
11100.220620	92.238	35.3887
11100.586831	92.236	35.0234
11100.953042	92.243	34.6553
11101.319253	92.252	34.2334
11101.685464	92.258	33.7793
11102.051675	92.261	33.3184
11102.417886	92.259	32.8516
11102.784097	92.252	32.4258
11103.150307	92.251	32.0479
11103.516518	92.259	31.6338
11103.882729	92.263	31.1650
11104.248940	92.259	30.7129
11104.615151	92.256	30.2900
11104.981362	92.252	29.8701
11105.347573	92.247	29.4697
11105.713784	92.246	29.1094
11106.079995	92.253	28.7500
11106.446206	92.265	28.3291
11106.812417	92.272	27.8496
11107.178628	92.270	27.3701
11107.544839	92.262	26.9219
11107.911050	92.254	26.5166
11108.277261	92.249	26.1533
11108.643472	92.253	25.7832
11109.009683	92.258	25.3711
11109.375894	92.261	24.9541
11109.742105	92.266	24.5361
11110.108316	92.271	24.0615
11110.474527	92.263	23.5801
11110.840738	92.251	23.2002
11111.206949	92.255	22.8574
11111.573160	92.265	22.4229
11111.939371	92.265	21.9482
11112.305582	92.260	21.5293
11112.671793	92.261	21.1240
11113.038004	92.263	20.6836
11113.404215	92.259	20.2441
11113.770426	92.255	19.8447
11114.136636	92.256	19.4580
11114.502847	92.260	19.0420
11114.869058	92.259	18.6211
11115.235269	92.259	18.2480
11115.601480	92.271	17.8506
11115.967691	92.278	17.3574
11116.333902	92.269	16.8984
11116.700113	92.267	16.5449
11117.066324	92.280	16.1377
11117.432535	92.285	15.6279
11117.798746	92.276	15.1533
11118.164957	92.268	14.7568
11118.531168	92.267	14.3721
11118.897379	92.270	13.9561
11119.263590	92.269	13.5166
11119.629801	92.263	13.1211
11119.996012	92.269	12.7627
11120.362223	92.283	12.3066
11120.728434	92.280	11.7783
11121.094645	92.267	11.3516
11121.460856	92.266	10.9824
11121.827067	92.271	10.5361
11122.193278	92.264	10.0859
11122.559489	92.258	9.7090
11122.925700	92.263	9.3154
11123.291911	92.265	8.8662
11123.658122	92.259	8.4561
11124.024333	92.262	8.0967
11124.390544	92.274	7.6719
11124.756755	92.277	7.1641
11125.122966	92.265	6.7168
11125.489176	92.259	6.3633
11125.855387	92.265	5.9912
11126.221598	92.270	5.5693
11126.587809	92.273	5.1426
11126.954020	92.275	4.7070
11127.320231	92.274	4.2754
11127.686442	92.272	3.8574
11128.052653	92.270	3.4541
11128.418864	92.272	3.0771
11128.785075	92.282	2.6621
11129.151286	92.284	2.1660
11129.517497	92.272	1.7266
11129.883708	92.270	1.3857
11130.249919	92.282	0.9619
11130.616130	92.279	0.4639
11130.982341	92.269	0.0645
11131.348552	92.273	-0.3086
11131.714763	92.278	-0.7910
11132.080974	92.264	-1.2520
11132.447185	92.255	-1.5898
11132.813396	92.263	-1.9551
11133.179607	92.268	-2.4102
11133.545818	92.263	-2.8320
11133.912029	92.266	-3.2168
11134.278240	92.273	-3.6611
11134.644451	92.273	-4.1260
11135.010662	92.269	-4.5645
11135.376873	92.265	-4.9863
11135.743084	92.263	-5.3672
11136.109295	92.273	-5.7617
11136.475506	92.280	-6.2607
11136.841716	92.270	-6.7432
11137.207927	92.262	-7.1045
11137.574138	92.270	-7.4805
11137.940349	92.276	-7.9258
11138.306560	92.278	-8.3584
11138.672771	92.282	-8.8047
11139.038982	92.280	-9.2686
11139.405193	92.276	-9.6719
11139.771404	92.284	-10.0859
11140.137615	92.287	-10.5918
11140.503826	92.272	-11.0566
11140.870037	92.262	-11.4043
11141.236248	92.267	-11.7637
11141.602459	92.271	-12.1846
11141.968670	92.270	-12.6025
11142.334881	92.270	-13.0088
11142.701092	92.270	-13.4033
11143.067303	92.275	-13.7812
11143.433514	92.287	-14.2334
11143.799725	92.284	-14.7666
11144.165936	92.263	-15.1836
11144.532147	92.259	-15.4639
11144.898358	92.276	-15.8389
11145.264569	92.281	-16.3301
11145.630780	92.275	-16.7539
11145.996991	92.280	-17.1494
11146.363202	92.285	-17.6191
11146.729413	92.280	-18.0811
11147.095624	92.276	-18.4961
11147.461835	92.274	-18.9209
11147.828045	92.269	-19.3271
11148.194256	92.269	-19.6963
11148.560467	92.278	-20.0977
11148.926678	92.285	-20.5547
11149.292889	92.284	-21.0146
11149.659100	92.281	-21.4297
11150.025311	92.285	-21.8164
11150.391522	92.297	-22.2607
11150.757733	92.302	-22.7793
11151.123944	92.292	-23.2803
11151.490155	92.280	-23.6924
11151.856366	92.277	-24.0527
11152.222577	92.283	-24.4521
11152.588788	92.285	-24.9053
11152.954999	92.281	-25.3330
11153.321210	92.281	-25.7451
11153.687421	92.280	-26.2002
11154.053632	92.269	-26.6221
11154.419843	92.265	-26.9668
11154.786054	92.271	-27.3457
11155.152265	92.273	-27.7666
11155.518476	92.276	-28.1621
11155.884687	92.284	-28.5947
11156.250898	92.285	-29.0850
11156.617109	92.276	-29.5273
11156.983320	92.273	-29.9121
11157.349531	92.278	-30.3330
11157.715742	92.276	-30.8008
11158.081953	92.266	-31.2227
11158.448164	92.264	-31.5713
11158.814375	92.275	-31.9570
11159.180585	92.283	-32.4365
11159.546796	92.279	-32.9111
11159.913007	92.276	-33.3232
11160.279218	92.280	-33.7373
11160.645429	92.282	-34.2012
11161.011640	92.276	-34.6514
11161.377851	92.272	-35.0381
11161.744062	92.278	-35.4316
11162.110273	92.281	-35.8848
11162.476484	92.278	-36.3018
11162.842695	92.284	-36.6875
11163.208906	92.294	-37.1797
11163.575117	92.282	-37.6904
11163.941328	92.264	-38.0381
11164.307539	92.270	-38.3359
11164.673750	92.283	-38.7461
11165.039961	92.287	-39.1875
11165.406172	92.291	-39.6025
11165.772383	92.299	-40.0674
11166.138594	92.294	-40.5654
11166.504805	92.281	-40.9863
11166.871016	92.277	-41.3252
11167.237227	92.286	-41.6992
11167.603438	92.295	-42.1631
11167.969649	92.291	-42.6377
11168.335860	92.285	-43.0479
11168.702071	92.287	-43.4375
11169.068282	92.294	-43.8789
11169.434493	92.294	-44.3799
11169.800704	92.279	-44.8418
11170.166914	92.268	-45.1729
11170.533125	92.282	-45.5146
11170.899336	92.295	-46.0244
11171.265547	92.285	-46.5342
11171.631758	92.276	-46.9121
11171.997969	92.282	-47.3320
11172.364180	92.276	-47.8057
11172.730391	92.267	-48.1807
11173.096602	92.272	-48.5479
11173.462813	92.276	-48.9844
11173.829024	92.276	-49.3926
11174.195235	92.283	-49.8242
11174.561446	92.281	-50.3115
11174.927657	92.271	-50.7119
11175.293868	92.276	-51.0645
11175.660079	92.286	-51.5146
11176.026290	92.285	-51.9980
11176.392501	92.279	-52.4453
11176.758712	92.271	-52.8691
11177.124923	92.265	-53.2432
11177.491134	92.269	-53.6094
11177.857345	92.276	-54.0459
11178.223556	92.276	-54.5049
11178.589767	92.272	-54.9395
11178.955978	92.266	-55.3516
11179.322189	92.264	-55.7246
11179.688400	92.273	-56.1191
11180.054611	92.277	-56.5938
11180.420822	92.269	-57.0293
11180.787033	92.270	-57.3770
11181.153244	92.287	-57.8105
11181.519454	92.289	-58.3643
11181.885665	92.272	-58.8291
11182.251876	92.266	-59.1611
11182.618087	92.280	-59.5664
11182.984298	92.282	-60.0938
11183.350509	92.265	-60.5371
11183.716720	92.263	-60.8643
11184.082931	92.276	-61.2764
11184.449142	92.279	-61.7900
11184.815353	92.268	-62.2510
11185.181564	92.260	-62.6445
11185.547775	92.258	-63.0244
11185.913986	92.262	-63.4131
11186.280197	92.268	-63.8486
11186.646408	92.267	-64.3037
11187.012619	92.265	-64.7363
11187.378830	92.262	-65.1738
11187.745041	92.257	-65.5820
11188.111252	92.261	-65.9668
11188.477463	92.267	-66.4463
11188.843674	92.253	-66.9248
11189.209885	92.242	-67.2393
11189.576096	92.258	-67.5908
11189.942307	92.267	-68.1084
11190.308518	92.256	-68.5566
11190.674729	92.258	-68.9199
11191.040940	92.267	-69.3984
11191.407151	92.255	-69.8701
11191.773362	92.248	-70.1943
11192.139573	92.266	-70.5703
11192.505783	92.275	-71.1045
11192.871994	92.262	-71.5986
11193.238205	92.253	-71.9639
11193.604416	92.259	-72.3379
11193.970627	92.264	-72.7861
11194.336838	92.262	-73.2363
11194.703049	92.257	-73.6455
11195.069260	92.257	-74.0156
11195.435471	92.268	-74.3955
11195.801682	92.282	-74.8809
11196.167893	92.278	-75.4297
11196.534104	92.260	-75.8652
11196.900315	92.255	-76.1875
11197.266526	92.268	-76.5918
11197.632737	92.270	-77.1025
11197.998948	92.256	-77.5361
11198.365159	92.253	-77.8701
11198.731370	92.264	-78.2725
11199.097581	92.267	-78.7539
11199.463792	92.261	-79.1816
11199.830003	92.264	-79.5850
11200.196214	92.266	-80.0420
11200.562425	92.261	-80.4785
11200.928636	92.261	-80.8770
11201.294847	92.265	-81.3076
11201.661058	92.266	-81.7686
11202.027269	92.261	-82.2217
11202.393480	92.253	-82.6260
11202.759691	92.255	-82.9863
11203.125902	92.266	-83.4375
11203.492113	92.259	-83.9434
11203.858323	92.246	-84.3086
11204.224534	92.255	-84.6445
11204.590745	92.265	-85.1123
11204.956956	92.263	-85.5596
11205.323167	92.269	-85.9746
11205.689378	92.273	-86.4922
11206.055589	92.259	-86.9629
11206.421800	92.254	-87.3232
11206.788011	92.259	-87.7539
11207.154222	92.252	-88.2070
11207.520433	92.247	-88.5732
11207.886644	92.254	-88.9697
11208.252855	92.254	-89.4189
11208.619066	92.252	-89.8105
11208.985277	92.261	-90.2021
11209.351488	92.270	-90.6865
11209.717699	92.265	-91.1846
11210.083910	92.257	-91.6016
11210.450121	92.258	-92.0059
11210.816332	92.260	-92.4746
11211.182543	92.250	-92.9326
11211.548754	92.241	-93.3037
11211.914965	92.244	-93.6699
11212.281176	92.250	-94.1123
11212.647387	92.246	-94.5654
11213.013598	92.242	-94.9736
11213.379809	92.244	-95.3906
11213.746020	92.241	-95.8418
11214.112231	92.233	-96.2480
11214.478442	92.233	-96.6094
11214.844653	92.241	-97.0322
11215.210863	92.241	-97.4971
11215.577074	92.238	-97.9131
11215.943285	92.243	-98.3311
11216.309496	92.248	-98.8203
11216.675707	92.240	-99.3184
11217.041918	92.225	-99.7363
11217.408129	92.221	-100.0859
11217.774340	92.227	-100.4688
11218.140551	92.232	-100.9072
11218.506762	92.235	-101.3262
11218.872973	92.246	-101.7773
11219.239184	92.247	-102.3203
11219.605395	92.230	-102.7969
11219.971606	92.222	-103.1455
11220.337817	92.230	-103.5459
11220.704028	92.229	-104.0186
11221.070239	92.222	-104.4258
11221.436450	92.226	-104.8057
11221.802661	92.233	-105.2686
11222.168872	92.228	-105.7568
11222.535083	92.217	-106.1680
11222.901294	92.215	-106.5439
11223.267505	92.215	-106.9639
11223.633716	92.210	-107.3730
11223.999927	92.210	-107.7285
11224.366138	92.219	-108.1338
11224.732349	92.221	-108.5977
11225.098560	92.217	-109.0146
11225.464771	92.222	-109.4072
11225.830982	92.230	-109.8652
11226.197192	92.228	-110.3662
11226.563403	92.216	-110.8135
11226.929614	92.209	-111.1777
11227.295825	92.215	-111.5537
11227.662036	92.222	-112.0098
11228.028247	92.220	-112.4609
11228.394458	92.221	-112.8838
11228.760669	92.224	-113.3477
11229.126880	92.220	-113.8027
11229.493091	92.220	-114.2314
11229.859302	92.219	-114.7227
11230.225513	92.202	-115.1777
11230.591724	92.192	-115.4844
11230.957935	92.208	-115.8330
11231.324146	92.219	-116.3428
11231.690357	92.211	-116.8311
11232.056568	92.205	-117.2285
11232.422779	92.206	-117.6426
11232.788990	92.204	-118.0723
11233.155201	92.203	-118.4766
11233.521412	92.205	-118.8926
11233.887623	92.205	-119.3164
11234.253834	92.207	-119.7354
11234.620045	92.209	-120.1768
11234.986256	92.207	-120.6201
11235.352467	92.206	-121.0430
11235.718678	92.204	-121.4834
11236.084889	92.198	-121.9082
11236.451100	92.195	-122.2783
11236.817311	92.203	-122.6807
11237.183522	92.205	-123.1572
11237.549732	92.197	-123.6104
11237.915943	92.190	-124.0010
11238.282154	92.191	-124.3838
11238.648365	92.194	-124.7988
11239.014576	92.195	-125.2373
11239.380787	92.193	-125.6689
11239.746998	92.193	-126.0938
11240.113209	92.193	-126.5439
11240.479420	92.187	-126.9756
11240.845631	92.188	-127.3730
11241.211842	92.193	-127.8291
11241.578053	92.188	-128.3223
11241.944264	92.176	-128.7402
11242.310475	92.175	-129.1221
11242.676686	92.180	-129.5547
11243.042897	92.179	-130.0215
11243.409108	92.173	-130.4697
11243.775319	92.168	-130.8789
11244.141530	92.169	-131.2852
11244.507741	92.171	-131.7266
11244.873952	92.169	-132.1680
11245.240163	92.169	-132.5986
11245.606374	92.167	-133.0488
11245.972585	92.161	-133.4678
11246.338796	92.163	-133.8623
11246.705007	92.168	-134.3330
11247.071218	92.156	-134.8115
11247.437429	92.142	-135.1592
11247.803640	92.148	-135.4707
11248.169851	92.164	-135.9043
11248.536061	92.164	-136.4141
11248.902272	92.151	-136.8340
11249.268483	92.152	-137.1582
11249.634694	92.170	-137.5850
11250.000905	92.172	-138.1396
11250.367116	92.155	-138.5918
11250.733327	92.154	-138.9395
11251.099538	92.163	-139.4062
11251.465749	92.154	-139.9209
11251.831960	92.138	-140.3105
11252.198171	92.138	-140.6699
11252.564382	92.141	-141.0771
11252.930593	92.144	-141.4814
11253.296804	92.153	-141.9268
11253.663015	92.154	-142.4258
11254.029226	92.147	-142.8906
11254.395437	92.142	-143.3281
11254.761648	92.136	-143.7617
11255.127859	92.130	-144.1445
11255.494070	92.135	-144.5283
11255.860281	92.140	-144.9775
11256.226492	92.138	-145.4268
11256.592703	92.137	-145.8457
11256.958914	92.139	-146.2773
11257.325125	92.140	-146.7129
11257.691336	92.143	-147.1719
11258.057547	92.138	-147.6777
11258.423758	92.119	-148.1064
11258.789969	92.112	-148.4248
11259.156180	92.122	-148.8096
11259.522391	92.120	-149.2705
11259.888601	92.113	-149.6348
11260.254812	92.126	-149.9922
11260.621023	92.140	-150.5137
11260.987234	92.128	-151.0400
11261.353445	92.116	-151.4209
11261.719656	92.121	-151.8203
11262.085867	92.119	-152.3096
11262.452078	92.107	-152.7246
11262.818289	92.108	-153.0811
11263.184500	92.114	-153.5322
11263.550711	92.107	-153.9951
11263.916922	92.102	-154.3594
11264.283133	92.113	-154.7568
11264.649344	92.119	-155.2686
11265.015555	92.109	-155.7510
11265.381766	92.101	-156.1484
11265.747977	92.101	-156.5459
11266.114188	92.103	-156.9629
11266.480399	92.108	-157.4014
11266.846610	92.108	-157.8936
11267.212821	92.096	-158.3623
11267.579032	92.085	-158.7148
11267.945243	92.095	-159.0742
11268.311454	92.104	-159.5762
11268.677665	92.090	-160.0625
11269.043876	92.080	-160.3877
11269.410087	92.097	-160.7559
11269.776298	92.105	-161.2988
11270.142509	92.087	-161.7705
11270.508720	92.084	-162.0859
11270.874931	92.102	-162.5107
11271.241141	92.102	-163.0830
11271.607352	92.079	-163.5381
11271.973563	92.070	-163.8486
11272.339774	92.080	-164.2148
11272.705985	92.085	-164.6768
11273.072196	92.081	-165.1191
11273.438407	92.079	-165.5225
11273.804618	92.080	-165.9424
11274.170829	92.080	-166.3779
11274.537040	92.079	-166.8174
11274.903251	92.074	-167.2686
11275.269462	92.064	-167.6816
11275.635673	92.061	-168.0391
11276.001884	92.067	-168.4375
11276.368095	92.068	-168.9004
11276.734306	92.062	-169.3271
11277.100517	92.063	-169.7236
11277.466728	92.066	-170.1777
11277.832939	92.061	-170.6504
11278.199150	92.052	-171.0742
11278.565361	92.047	-171.4648
11278.931572	92.049	-171.8301
11279.297783	92.063	-172.2402
11279.663994	92.074	-172.7939
11280.030205	92.058	-173.3486
11280.396416	92.039	-173.7217
11280.762627	92.046	-174.0693
11281.128838	92.055	-174.5586
11281.495049	92.047	-175.0586
11281.861260	92.035	-175.4766
11282.227470	92.030	-175.8545
11282.593681	92.033	-176.2207
11282.959892	92.044	-176.6592
11283.326103	92.042	-177.1553
11283.692314	92.034	-177.5635
11284.058525	92.040	-177.9668
11284.424736	92.039	-178.4668
11284.790947	92.023	-178.8789
11285.157158	92.025	-179.2012
11285.523369	92.037	-179.6514
11285.889580	92.031	179.8672
11286.255791	92.027	179.4883
11286.622002	92.037	179.0303
11286.988213	92.028	178.4922
11287.354424	92.005	178.1035
11287.720635	92.005	177.8066
11288.086846	92.019	177.3857
11288.453057	92.018	176.8887
11288.819268	92.011	176.4561
11289.185479	92.011	176.0391
11289.551690	92.009	175.5742
11289.917901	91.999	175.1543
11290.284112	91.999	174.7793
11290.650323	92.006	174.3291
11291.016534	92.000	173.8623
11291.382745	91.997	173.4619
11291.748956	92.000	173.0078
11292.115167	91.990	172.5332
11292.481378	91.980	172.1787
11292.847589	91.988	171.8066
11293.213800	91.991	171.3281
11293.580010	91.983	170.9180
11293.946221	91.989	170.5391
11294.312432	91.996	170.0439
11294.678643	91.983	169.5586
11295.044854	91.972	169.1816
11295.411065	91.972	168.8115
11295.777276	91.975	168.4170
11296.143487	91.981	167.9883
11296.509698	91.982	167.4961
11296.875909	91.970	167.0449
11297.242120	91.966	166.6758
11297.608331	91.972	166.2451
11297.974542	91.967	165.7432
11298.340753	91.951	165.3301
11298.706964	91.948	164.9912
11299.073175	91.956	164.5781
11299.439386	91.956	164.1113
11299.805597	91.952	163.6924
11300.171808	91.955	163.2617
11300.538019	91.953	162.7686
11300.904230	91.939	162.3350
11301.270441	91.937	161.9893
11301.636652	91.949	161.5605
11302.002863	91.949	161.0322
11302.369074	91.933	160.5723
11302.735285	91.925	160.2080
11303.101496	91.929	159.8193
11303.467707	91.932	159.3584
11303.833918	91.924	158.9023
11304.200129	91.917	158.5283
11304.566339	91.924	158.1641
11304.932550	91.933	157.6895
11305.298761	91.926	157.2051
11305.664972	91.919	156.8301
11306.031183	91.927	156.4326
11306.397394	91.928	155.9561
11306.763605	91.922	155.5479
11307.129816	91.930	155.1631
11307.496027	91.940	154.6631
11307.862238	91.931	154.1611
11308.228449	91.923	153.7520
11308.594660	91.922	153.3350
11308.960871	91.917	152.9102
11309.327082	91.917	152.5254
11309.693293	91.923	152.0938
11310.059504	91.920	151.6182
11310.425715	91.912	151.2188
11310.791926	91.917	150.8438
11311.158137	91.925	150.3633
11311.524348	91.916	149.8652
11311.890559	91.903	149.4756
11312.256770	91.904	149.1084
11312.622981	91.908	148.6699
11312.989192	91.904	148.2363
11313.355403	91.904	147.8330
11313.721614	91.907	147.3662
11314.087825	91.895	146.8916
11314.454036	91.882	146.5420
11314.820247	91.889	146.2119
11315.186458	91.901	145.7461
11315.552669	91.895	145.2480
11315.918879	91.885	144.8418
11316.285090	91.885	144.4580
11316.651301	91.887	144.0381
11317.017512	91.888	143.6064
11317.383723	91.890	143.1504
11317.749934	91.886	142.6631
11318.116145	91.873	142.2031
11318.482356	91.858	141.8223
11318.848567	91.855	141.4824
11319.214778	91.862	141.0830
11319.580989	91.861	140.6211
11319.947200	91.852	140.2061
11320.313411	91.851	139.8359
11320.679622	91.856	139.4092
11321.045833	91.854	138.9531
11321.412044	91.852	138.5273
11321.778255	91.852	138.0752
11322.144466	91.844	137.5957
11322.510677	91.829	137.1943
11322.876888	91.826	136.8574
11323.243099	91.834	136.4600
11323.609310	91.838	135.9863
11323.975521	91.834	135.5176
11324.341732	91.827	135.0742
11324.707943	91.821	134.6484
11325.074154	91.814	134.2461
11325.440365	91.812	133.8633
11325.806576	91.817	133.4727
11326.172787	91.825	133.0215
11326.538998	91.824	132.5156
11326.905208	91.810	132.0723
11327.271419	91.806	131.7207
11327.637630	91.816	131.3066
11328.003841	91.815	130.8252
11328.370052	91.810	130.4102
11328.736263	91.815	129.9834
11329.102474	91.812	129.4785
11329.468685	91.796	129.0684
11329.834896	91.798	128.7402
11330.201107	91.811	128.2881
11330.567318	91.808	127.7725
11330.933529	91.797	127.3359
11331.299740	91.791	126.9170
11331.665951	91.782	126.5244
11332.032162	91.785	126.1738
11332.398373	91.797	125.7100
11332.764584	91.786	125.1904
11333.130795	91.768	124.8398
11333.497006	91.777	124.5312
11333.863217	91.791	124.0557
11334.229428	91.785	123.5596
11334.595639	91.778	123.1533
11334.961850	91.779	122.7266
11335.328061	91.773	122.2871
11335.694272	91.769	121.9023
11336.060483	91.774	121.5020
11336.426694	91.778	121.0449
11336.792905	91.776	120.5801
11337.159116	91.771	120.1357
11337.525327	91.767	119.7109
11337.891538	91.764	119.2822
11338.257748	91.759	118.8447
11338.623959	91.752	118.4365
11338.990170	91.751	118.0420
11339.356381	91.752	117.6084
11339.722592	91.746	117.1543
11340.088803	91.734	116.7549
11340.455014	91.732	116.4180
11340.821225	91.741	116.0332
11341.187436	91.747	115.5547
11341.553647	91.739	115.1016
11341.919858	91.737	114.7100
11342.286069	91.740	114.2695
11342.652280	91.736	113.8018
11343.018491	91.729	113.3887
11343.384702	91.730	112.9619
11343.750913	91.725	112.5068
11344.117124	91.718	112.1006
11344.483335	91.720	111.6934
11344.849546	91.721	111.2285
11345.215757	91.714	110.7705
11345.581968	91.706	110.3535
11345.948179	91.703	109.9551
11346.314390	91.704	109.5449
11346.680601	91.705	109.0918
11347.046812	91.698	108.6553
11347.413023	91.696	108.2842
11347.779234	91.706	107.8564
11348.145445	91.705	107.3428
11348.511656	91.691	106.9072
11348.877867	91.688	106.5488
11349.244078	91.695	106.1094
11349.610288	91.688	105.6338
11349.976499	91.677	105.2549
11350.342710	91.680	104.9014
11350.708921	91.688	104.4648
11351.075132	91.688	103.9922
11351.441343	91.683	103.5371
11351.807554	91.675	103.0908
11352.173765	91.663	102.6826
11352.539976	91.656	102.3350
11352.906187	91.662	101.9658
11353.272398	91.667	101.5039
11353.638609	91.658	101.0400
11354.004820	91.649	100.6719
11354.371031	91.656	100.3037
11354.737242	91.665	99.8213
11355.103453	91.658	99.3057
11355.469664	91.644	98.8701
11355.835875	91.636	98.4873
11356.202086	91.636	98.0986
11356.568297	91.640	97.6709
11356.934508	91.639	97.1963
11357.300719	91.628	96.7451
11357.666930	91.620	96.3672
11358.033141	91.621	95.9863
11358.399352	91.624	95.5703
11358.765563	91.627	95.1543
11359.131774	91.632	94.7100
11359.497985	91.633	94.2295
11359.864196	91.626	93.7627
11360.230407	91.617	93.3340
11360.596617	91.611	92.9521
11360.962828	91.615	92.5703
11361.329039	91.620	92.1074
11361.695250	91.612	91.6396
11362.061461	91.605	91.2461
11362.427672	91.608	90.8281
11362.793883	91.604	90.3623
11363.160094	91.595	89.9355
11363.526305	91.589	89.5273
11363.892516	91.582	89.1299
11364.258727	91.581	88.7773
11364.624938	91.590	88.3711
11364.991149	91.592	87.8936
11365.357360	91.587	87.4600
11365.723571	91.590	87.0303
11366.089782	91.589	86.5430
11366.455993	91.577	86.0869
11366.822204	91.567	85.7002
11367.188415	91.566	85.3418
11367.554626	91.574	84.9502
11367.920837	91.581	84.4648
11368.287048	91.571	83.9873
11368.653259	91.562	83.6240
11369.019470	91.571	83.2393
11369.385681	91.574	82.7646
11369.751892	91.570	82.3213
11370.118103	91.569	81.8750
11370.484314	91.558	81.4102
11370.850525	91.546	81.0654
11371.216736	91.557	80.7188
11371.582947	91.565	80.1826
11371.949157	91.542	79.6904
11372.315368	91.527	79.4004
11372.681579	91.540	79.0547
11373.047790	91.545	78.5586
11373.414001	91.534	78.0938
11373.780212	91.525	77.6914
11374.146423	91.519	77.2949
11374.512634	91.515	76.9121
11374.878845	91.516	76.5254
11375.245056	91.519	76.1240
11375.611267	91.526	75.6982
11375.977478	91.531	75.1982
11376.343689	91.521	74.6982
11376.709900	91.509	74.2979
11377.076111	91.510	73.9023
11377.442322	91.508	73.4541
11377.808533	91.503	73.0488
11378.174744	91.507	72.6455
11378.540955	91.509	72.1641
11378.907166	91.499	71.7021
11379.273377	91.491	71.3105
11379.639588	91.488	70.9287
11380.005799	91.490	70.5352
11380.372010	91.494	70.1035
11380.738221	91.490	69.6396
11381.104432	91.479	69.2334
11381.470643	91.476	68.8809
11381.836854	91.482	68.4912
11382.203065	91.488	68.0449
11382.569276	91.486	67.5615
11382.935486	91.473	67.1123
11383.301697	91.464	66.7480
11383.667908	91.468	66.3682
11384.034119	91.469	65.9219
11384.400330	91.465	65.4922
11384.766541	91.464	65.0684
11385.132752	91.462	64.6211
11385.498963	91.458	64.1846
11385.865174	91.455	63.7373
11386.231385	91.445	63.2939
11386.597596	91.437	62.9170
11386.963807	91.441	62.5283
11387.330018	91.444	62.0693
11387.696229	91.439	61.6064
11388.062440	91.430	61.1787
11388.428651	91.424	60.8037
11388.794862	91.430	60.4404
11389.161073	91.442	59.9600
11389.527284	91.434	59.4238
11389.893495	91.415	59.0166
11390.259706	91.412	58.6777
11390.625917	91.417	58.2637
11390.992128	91.414	57.8076
11391.358339	91.405	57.3945
11391.724550	91.401	57.0381
11392.090761	91.408	56.6494
11392.456972	91.411	56.1650
11392.823183	91.399	55.7168
11393.189394	91.392	55.3682
11393.555605	91.399	54.9697
11393.921816	91.398	54.5107
11394.288026	91.393	54.1025
11394.654237	91.396	53.6846
11395.020448	91.394	53.2188
11395.386659	91.388	52.7832
11395.752870	91.385	52.3496
11396.119081	91.378	51.8955
11396.485292	91.367	51.5117
11396.851503	91.370	51.1494
11397.217714	91.378	50.6914
11397.583925	91.372	50.2061
11397.950136	91.363	49.7920
11398.316347	91.362	49.4014
11398.682558	91.364	48.9785
11399.048769	91.365	48.5254
11399.414980	91.360	48.0713
11399.781191	91.355	47.6572
11400.147402	91.357	47.2510
11400.513613	91.360	46.7803
11400.879824	91.350	46.3027
11401.246035	91.336	45.9209
11401.612246	91.335	45.5889
11401.978457	91.346	45.1953
11402.344668	91.354	44.7197
11402.710879	91.349	44.2178
11403.077090	91.335	43.7803
11403.443301	91.327	43.4229
11403.809512	91.332	43.0342
11404.175723	91.331	42.5859
11404.541934	91.324	42.1904
11404.908145	91.329	41.8213
11405.274356	91.339	41.3428
11405.640566	91.329	40.8320
11406.006777	91.315	40.4404
11406.372988	91.317	40.0742
11406.739199	91.320	39.6191
11407.105410	91.312	39.1777
11407.471621	91.310	38.7910
11407.837832	91.314	38.3555
11408.204043	91.310	37.8945
11408.570254	91.305	37.4834
11408.936465	91.306	37.0586
11409.302676	91.303	36.6064
11409.668887	91.300	36.1934
11410.035098	91.303	35.7549
11410.401309	91.298	35.2695
11410.767520	91.287	34.8623
11411.133731	91.289	34.4785
11411.499942	91.290	33.9883
11411.866153	91.272	33.5498
11412.232364	91.265	33.2559
11412.598575	91.281	32.8750
11412.964786	91.282	32.3623
11413.330997	91.267	31.9502
11413.697208	91.266	31.6367
11414.063419	91.281	31.2422
11414.429630	91.289	30.7402
11414.795841	91.282	30.2344
11415.162052	91.267	29.8203
11415.528263	91.264	29.4756
11415.894474	91.273	29.0469
11416.260685	91.268	28.5488
11416.626895	91.253	28.1445
11416.993106	91.252	27.7871
11417.359317	91.255	27.3467
11417.725528	91.247	26.9023
11418.091739	91.241	26.5322
11418.457950	91.246	26.1387
11418.824161	91.247	25.6709
11419.190372	91.238	25.2344
11419.556583	91.235	24.8643
11419.922794	91.244	24.4414
11420.289005	91.244	23.9473
11420.655216	91.236	23.5098
11421.021427	91.238	23.0811
11421.387638	91.233	22.5752
11421.753849	91.214	22.1514
11422.120060	91.209	21.8398
11422.486271	91.221	21.4473
11422.852482	91.223	20.9805
11423.218693	91.221	20.5518
11423.584904	91.222	20.1064
11423.951115	91.217	19.6602
11424.317326	91.214	19.2627
11424.683537	91.218	18.8271
11425.049748	91.213	18.3555
11425.415959	91.202	17.9492
11425.782170	91.200	17.5723
11426.148381	91.199	17.1709
11426.514592	91.200	16.7715
11426.880803	91.203	16.3467
11427.247014	91.200	15.8926
11427.613225	91.193	15.4834
11427.979435	91.194	15.0889
11428.345646	91.195	14.6338
11428.711857	91.185	14.1904
11429.078068	91.179	13.8301
11429.444279	91.188	13.4336
11429.810490	91.190	12.9297
11430.176701	91.174	12.4775
11430.542912	91.168	12.1416
11430.909123	91.180	11.7393
11431.275334	91.181	11.2334
11431.641545	91.171	10.7959
11432.007756	91.173	10.3945
11432.373967	91.174	9.8965
11432.740178	91.158	9.4199
11433.106389	91.145	9.0664
11433.472600	91.148	8.7070
11433.838811	91.152	8.2803
11434.205022	91.154	7.8340
11434.571233	91.151	7.3535
11434.937444	91.136	6.9072
11435.303655	91.125	6.5703
11435.669866	91.131	6.2178
11436.036077	91.136	5.7705
11436.402288	91.131	5.3438
11436.768499	91.132	4.9521
11437.134710	91.136	4.5166
11437.500921	91.135	4.0645
11437.867132	91.134	3.6211
11438.233343	91.132	3.1592
11438.599554	91.123	2.7109
11438.965764	91.117	2.3027
11439.331975	91.115	1.8877
11439.698186	91.112	1.4600
11440.064397	91.110	1.0449
11440.430608	91.112	0.6113
11440.796819	91.109	0.1396
11441.163030	91.098	-0.2988
11441.529241	91.090	-0.6738
11441.895452	91.092	-1.0596
11442.261663	91.093	-1.4795
11442.627874	91.094	-1.8867
11442.994085	91.100	-2.3252
11443.360296	91.097	-2.8232
11443.726507	91.081	-3.2422
11444.092718	91.078	-3.5537
11444.458929	91.095	-3.9648
11444.825140	91.096	-4.5107
11445.191351	91.075	-4.9590
11445.557562	91.067	-5.2793
11445.923773	91.073	-5.6631
11446.289984	91.072	-6.0918
11446.656195	91.073	-6.4795
11447.022406	91.078	-6.9219
11447.388617	91.071	-7.3857
11447.754828	91.065	-7.7373
11448.121039	91.081	-8.1455
11448.487250	91.083	-8.7324
11448.853461	91.054	-9.2139
11449.219672	91.040	-9.4824
11449.585883	91.058	-9.8438
11449.952094	91.063	-10.3906
11450.318304	91.042	-10.8643
11450.684515	91.031	-11.1934
11451.050726	91.037	-11.5615
11451.416937	91.041	-12.0166
11451.783148	91.036	-12.4512
11452.149359	91.035	-12.8564
11452.515570	91.037	-13.2891
11452.881781	91.036	-13.7451
11453.247992	91.031	-14.1943
11453.614203	91.026	-14.6143
11453.980414	91.027	-15.0312
11454.346625	91.026	-15.5068
11454.712836	91.011	-15.9482
11455.079047	91.005	-16.2686
11455.445258	91.021	-16.6562
11455.811469	91.025	-17.1992
11456.177680	91.007	-17.6562
11456.543891	91.004	-17.9932
11456.910102	91.014	-18.4248
11457.276313	91.009	-18.9219
11457.642524	90.998	-19.3320
11458.008735	90.996	-19.7061
11458.374946	90.999	-20.1289
11458.741157	90.997	-20.5635
11459.107368	90.994	-20.9756
11459.473579	90.994	-21.3887
11459.839790	90.993	-21.8203
11460.206001	90.991	-22.2373
11460.572212	90.994	-22.6650
11460.938423	90.992	-23.1543
11461.304633	90.976	-23.6025
11461.670844	90.966	-23.9512
11462.037055	90.969	-24.3418
11462.403266	90.962	-24.7666
11462.769477	90.959	-25.1084
11463.135688	90.974	-25.5137
11463.501899	90.974	-26.0635
11463.868110	90.952	-26.5078
11464.234321	90.946	-26.8184
11464.600532	90.956	-27.2373
11464.966743	90.951	-27.7285
11465.332954	90.940	-28.1230
11465.699165	90.942	-28.5010
11466.065376	90.947	-28.9609
11466.431587	90.941	-29.4502
11466.797798	90.926	-29.8809
11467.164009	90.917	-30.2109
11467.530220	90.929	-30.5586
11467.896431	90.942	-31.0654
11468.262642	90.933	-31.5938
11468.628853	90.921	-32.0010
11468.995064	90.922	-32.4180
11469.361275	90.915	-32.8818
11469.727486	90.905	-33.2734
11470.093697	90.906	-33.6465
11470.459908	90.908	-34.0781
11470.826119	90.906	-34.4951
11471.192330	90.909	-34.9092
11471.558541	90.909	-35.3740
11471.924752	90.901	-35.8105
11472.290963	90.897	-36.1885
11472.657173	90.901	-36.5898
11473.023384	90.903	-37.0430
11473.389595	90.898	-37.4834
11473.755806	90.894	-37.8916
11474.122017	90.893	-38.3125
11474.488228	90.889	-38.7373
11474.854439	90.886	-39.1348
11475.220650	90.888	-39.5635
11475.586861	90.881	-40.0293
11475.953072	90.868	-40.4053
11476.319283	90.873	-40.7432
11476.685494	90.883	-41.2236
11477.051705	90.869	-41.7266
11477.417916	90.853	-42.0518
11477.784127	90.868	-42.3809
11478.150338	90.883	-42.9209
11478.516549	90.867	-43.4668
11478.882760	90.850	-43.8428
11479.248971	90.853	-44.2334
11479.615182	90.850	-44.7275
11479.981393	90.835	-45.1533
11480.347604	90.830	-45.5098
11480.713815	90.832	-45.9229
11481.080026	90.828	-46.3447
11481.446237	90.829	-46.7324
11481.812448	90.835	-47.1689
11482.178659	90.832	-47.6279
11482.544870	90.830	-48.0430
11482.911081	90.832	-48.4688
11483.277292	90.830	-48.9150
11483.643503	90.828	-49.3242
11484.009713	90.832	-49.7461
11484.375924	90.831	-50.2217
11484.742135	90.820	-50.6641
11485.108346	90.812	-51.0166
11485.474557	90.818	-51.3672
11485.840768	90.828	-51.8135
11486.206979	90.825	-52.3047
11486.573190	90.813	-52.7197
11486.939401	90.812	-53.0781
11487.305612	90.820	-53.5107
11487.671823	90.816	-54.0127
11488.038034	90.801	-54.4551
11488.404245	90.792	-54.8271
11488.770456	90.789	-55.2285
11489.136667	90.782	-55.6484
11489.502878	90.775	-56.0098
11489.869089	90.782	-56.3838
11490.235300	90.790	-56.8760
11490.601511	90.778	-57.3916
11490.967722	90.759	-57.7852
11491.333933	90.757	-58.1172
11491.700144	90.765	-58.5244
11492.066355	90.768	-59.0059
11492.432566	90.761	-59.4736
11492.798777	90.755	-59.8965
11493.164988	90.752	-60.3096
11493.531199	90.752	-60.7344
11493.897410	90.752	-61.1729
11494.263621	90.752	-61.6367
11494.629832	90.744	-62.1074
11494.996042	90.732	-62.5273
11495.362253	90.726	-62.8975
11495.728464	90.726	-63.2783
11496.094675	90.728	-63.6826
11496.460886	90.730	-64.1006
11496.827097	90.732	-64.5479
11497.193308	90.729	-65.0117
11497.559519	90.721	-65.4453
11497.925730	90.713	-65.8506
11498.291941	90.708	-66.2422
11498.658152	90.707	-66.6201
11499.024363	90.714	-67.0264
11499.390574	90.717	-67.5166
11499.756785	90.703	-67.9971
11500.122996	90.688	-68.3457
11500.489207	90.695	-68.6709
11500.855418	90.707	-69.1348
11501.221629	90.701	-69.6270
11501.587840	90.695	-70.0234
11501.954051	90.700	-70.4521
11502.320262	90.694	-70.9375
11502.686473	90.682	-71.3223
11503.052684	90.688	-71.6836
11503.418895	90.694	-72.1641
11503.785106	90.682	-72.6182
11504.151317	90.677	-72.9580
11504.517528	90.689	-73.3506
11504.883739	90.695	-73.8350
11505.249950	90.691	-74.3018
11505.616161	90.687	-74.7510
11505.982372	90.681	-75.2051
11506.348582	90.670	-75.6357
11506.714793	90.659	-76.0244
11507.081004	90.653	-76.3604
11507.447215	90.663	-76.7129
11507.813426	90.672	-77.2002
11508.179637	90.658	-77.6934
11508.545848	90.645	-78.0254
11508.912059	90.657	-78.3828
11509.278270	90.662	-78.8994
11509.644481	90.646	-79.3486
11510.010692	90.644	-79.6914
11510.376903	90.653	-80.1426
11510.743114	90.645	-80.6504
11511.109325	90.632	-81.0605
11511.475536	90.629	-81.4561
11511.841747	90.624	-81.8799
11512.207958	90.621	-82.2764
11512.574169	90.622	-82.6953
11512.940380	90.619	-83.1328
11513.306591	90.618	-83.5439
11513.672802	90.620	-84.0068
11514.039013	90.609	-84.4902
11514.405224	90.594	-84.8525
11514.771435	90.601	-85.1992
11515.137646	90.608	-85.6826
11515.503857	90.597	-86.1592
11515.870068	90.589	-86.5303
11516.236279	90.595	-86.9375
11516.602490	90.595	-87.4277
11516.968701	90.583	-87.8955
11517.334911	90.570	-88.2930
11517.701122	90.565	-88.6455
11518.067333	90.569	-89.0273
11518.433544	90.572	-89.4746
11518.799755	90.568	-89.9092
11519.165966	90.568	-90.3184
11519.532177	90.569	-90.7773
11519.898388	90.560	-91.2344
11520.264599	90.550	-91.6211
11520.630810	90.549	-91.9766
11520.997021	90.558	-92.3613
11521.363232	90.569	-92.8457
11521.729443	90.562	-93.3750
11522.095654	90.545	-93.7842
11522.461865	90.545	-94.1426
11522.828076	90.546	-94.5928
11523.194287	90.535	-95.0088
11523.560498	90.534	-95.3545
11523.926709	90.539	-95.7617
11524.292920	90.539	-96.1777
11524.659131	90.545	-96.5762
11525.025342	90.552	-97.0674
11525.391553	90.542	-97.5645
11525.757764	90.530	-97.9688
11526.123975	90.525	-98.3555
11526.490186	90.523	-98.7520
11526.856397	90.524	-99.1602
11527.222608	90.523	-99.5957
11527.588819	90.520	-100.0137
11527.955030	90.523	-100.4531
11528.321241	90.518	-100.9395
11528.687451	90.505	-101.3721
11529.053662	90.498	-101.7627
11529.419873	90.494	-102.1641
11529.786084	90.493	-102.5391
11530.152295	90.502	-102.9668
11530.518506	90.501	-103.4902
11530.884717	90.484	-103.9492
11531.250928	90.473	-104.3066
11531.617139	90.475	-104.6777
11531.983350	90.479	-105.1074
11532.349561	90.476	-105.5645
11532.715772	90.469	-105.9785
11533.081983	90.469	-106.3643
11533.448194	90.472	-106.8193
11533.814405	90.462	-107.2627
11534.180616	90.458	-107.6211
11534.546827	90.465	-108.0352
11534.913038	90.464	-108.5117
11535.279249	90.457	-108.9443
11535.645460	90.451	-109.3760
11536.011671	90.440	-109.7686
11536.377882	90.442	-110.0928
11536.744093	90.460	-110.5518
11537.110304	90.455	-111.1396
11537.476515	90.429	-111.5938
11537.842726	90.416	-111.9346
11538.208937	90.412	-112.2910
11538.575148	90.413	-112.6426
11538.941359	90.425	-113.0625
11539.307570	90.425	-113.5869
11539.673781	90.408	-114.0303
11540.039991	90.404	-114.3750
11540.406202	90.412	-114.8086
11540.772413	90.405	-115.2871
11541.138624	90.395	-115.6621
11541.504835	90.403	-116.0449
11541.871046	90.406	-116.5342
11542.237257	90.395	-116.9795
11542.603468	90.393	-117.3477
11542.969679	90.399	-117.7900
11543.335890	90.393	-118.2656
11543.702101	90.385	-118.6660
11544.068312	90.385	-119.0762
11544.434523	90.378	-119.5049
11544.800734	90.374	-119.8604
11545.166945	90.385	-120.2578
11545.533156	90.387	-120.7637
11545.899367	90.375	-121.2207
11546.265578	90.367	-121.6094
11546.631789	90.363	-122.0156
11546.998000	90.360	-122.4033
11547.364211	90.363	-122.8154
11547.730422	90.358	-123.2949
11548.096633	90.342	-123.6816
11548.462844	90.345	-123.9893
11548.829055	90.360	-124.4531
11549.195266	90.351	-124.9795
11549.561477	90.336	-125.3682
11549.927688	90.337	-125.7461
11550.293899	90.334	-126.1816
11550.660110	90.331	-126.5664
11551.026320	90.339	-126.9883
11551.392531	90.336	-127.4941
11551.758742	90.323	-127.9121
11552.124953	90.324	-128.2959
11552.491164	90.323	-128.7705
11552.857375	90.310	-129.1826
11553.223586	90.313	-129.5352
11553.589797	90.322	-130.0303
11553.956008	90.306	-130.5352
11554.322219	90.292	-130.8721
11554.688430	90.302	-131.2451
11555.054641	90.303	-131.7598
11555.420852	90.286	-132.2109
11555.787063	90.279	-132.5479
11556.153274	90.287	-132.9404
11556.519485	90.290	-133.4287
11556.885696	90.280	-133.8848
11557.251907	90.276	-134.2832
11557.618118	90.279	-134.7432
11557.984329	90.268	-135.2344
11558.350540	90.252	-135.6152
11558.716751	90.253	-135.9648
11559.082962	90.257	-136.3994
11559.449173	90.253	-136.8350
11559.815384	90.254	-137.2490
11560.181595	90.254	-137.6992
11560.547806	90.251	-138.1445
11560.914017	90.248	-138.5977
11561.280228	90.236	-139.0449
11561.646439	90.226	-139.3906
11562.012650	90.237	-139.7529
11562.378860	90.242	-140.2627
11562.745071	90.227	-140.7217
11563.111282	90.220	-141.0596
11563.477493	90.228	-141.4639
11563.843704	90.226	-141.9180
11564.209915	90.223	-142.3291
11564.576126	90.224	-142.7695
11564.942337	90.217	-143.2188
11565.308548	90.210	-143.6123
11565.674759	90.209	-144.0166
11566.040970	90.206	-144.4414
11566.407181	90.202	-144.8408
11566.773392	90.203	-145.2432
11567.139603	90.206	-145.6670
11567.505814	90.209	-146.1436
11567.872025	90.198	-146.6562
11568.238236	90.175	-147.0576
11568.604447	90.169	-147.3604
11568.970658	90.175	-147.7461
11569.336869	90.173	-148.1670
11569.703080	90.175	-148.5479
11570.069291	90.181	-149.0107
11570.435502	90.169	-149.4844
11570.801713	90.160	-149.8311
11571.167924	90.169	-150.2256
11571.534135	90.167	-150.7168
11571.900346	90.156	-151.1152
11572.266557	90.162	-151.4971
11572.632768	90.165	-152.0029
11572.998979	90.149	-152.4814
11573.365189	90.135	-152.8545
11573.731400	90.132	-153.2109
11574.097611	90.137	-153.5908
11574.463822	90.145	-154.0488
11574.830033	90.141	-154.5625
11575.196244	90.128	-155.0068
11575.562455	90.122	-155.4141
11575.928666	90.116	-155.8496
11576.294877	90.107	-156.2402
11576.661088	90.109	-156.6309
11577.027299	90.107	-157.0771
11577.393510	90.102	-157.4736
11577.759721	90.111	-157.8809
11578.125932	90.111	-158.4258
11578.492143	90.086	-158.8789
11578.858354	90.078	-159.1367
11579.224565	90.101	-159.5293
11579.590776	90.102	-160.1104
11579.956987	90.077	-160.5488
11580.323198	90.072	-160.8486
11580.689409	90.083	-161.2539
11581.055620	90.082	-161.7344
11581.421831	90.074	-162.1729
11581.788042	90.068	-162.5762
11582.154253	90.065	-162.9678
11582.520464	90.067	-163.3887
11582.886675	90.063	-163.8477
11583.252886	90.053	-164.2598
11583.619097	90.052	-164.6367
11583.985308	90.055	-165.0635
11584.351519	90.053	-165.5156
11584.717729	90.049	-165.9658
11585.083940	90.040	-166.4111
11585.450151	90.032	-166.7998
11585.816362	90.035	-167.1904
11586.182573	90.037	-167.6709
11586.548784	90.023	-168.1279
11586.914995	90.016	-168.4873
11587.281206	90.021	-168.8926
11587.647417	90.018	-169.3760
11588.013628	90.005	-169.7920
11588.379839	90.002	-170.1387
11588.746050	90.009	-170.5527
11589.112261	90.006	-171.0283
11589.478472	89.996	-171.4512
11589.844683	89.993	-171.8438
11590.210894	89.990	-172.2764
11590.577105	89.979	-172.6729
11590.943316	89.978	-173.0088
11591.309527	89.990	-173.4287
11591.675738	89.989	-173.9502
11592.041949	89.973	-174.4111
11592.408160	89.961	-174.7891
11592.774371	89.956	-175.1758
11593.140582	89.951	-175.5713
11593.506793	89.949	-175.9570
11593.873004	89.949	-176.3594
11594.239215	89.950	-176.7852
11594.605426	89.951	-177.2412
11594.971637	89.943	-177.7168
11595.337848	89.927	-178.1221
11595.704058	89.925	-178.4453
11596.070269	89.939	-178.8633
11596.436480	89.939	-179.4180
11596.802691	89.916	-179.8691
11597.168902	89.907	179.8262
11597.535113	89.918	179.4326
11597.901324	89.916	178.9580
11598.267535	89.910	178.5732
11598.633746	89.919	178.1738
11598.999957	89.922	177.6738
11599.366168	89.912	177.2236
11599.732379	89.910	176.8174
11600.098590	89.909	176.3486
11600.464801	89.895	175.9180
11600.831012	89.890	175.5742
11601.197223	89.898	175.1709
11601.563434	89.899	174.6904
11601.929645	89.889	174.2539
11602.295856	89.885	173.8730
11602.662067	89.889	173.4531
11603.028278	89.887	172.9805
11603.394489	89.877	172.5371
11603.760700	89.870	172.1377
11604.126911	89.866	171.7246
11604.493122	89.861	171.3096
11604.859333	89.856	170.9092
11605.225544	89.853	170.4941
11605.591755	89.848	170.0879
11605.957966	89.846	169.7041
11606.324177	89.850	169.2734
11606.690388	89.846	168.8057
11607.056598	89.836	168.3779
11607.422809	89.830	167.9805
11607.789020	89.826	167.5742
11608.155231	89.822	167.1680
11608.521442	89.821	166.7637
11608.887653	89.822	166.3271
11609.253864	89.816	165.8535
11609.620075	89.801	165.4355
11609.986286	89.798	165.0957
11610.352497	89.808	164.6611
11610.718708	89.799	164.1328
11611.084919	89.778	163.7529
11611.451130	89.784	163.4414
11611.817341	89.796	162.9229
11612.183552	89.774	162.3789
11612.549763	89.750	162.0752
11612.915974	89.761	161.7754
11613.282185	89.770	161.2734
11613.648396	89.754	160.8086
11614.014607	89.748	160.4854
11614.380818	89.761	160.0713
11614.747029	89.758	159.5400
11615.113240	89.740	159.1152
11615.479451	89.736	158.7695
11615.845662	89.739	158.3369
11616.211873	89.728	157.9170
11616.578084	89.726	157.5967
11616.944295	89.743	157.1885
11617.310506	89.745	156.6436
11617.676717	89.726	156.1904
11618.042928	89.719	155.8623
11618.409138	89.730	155.4639
11618.775349	89.730	154.9668
11619.141560	89.716	154.5273
11619.507771	89.711	154.1709
11619.873982	89.716	153.7666
11620.240193	89.714	153.3037
11620.606404	89.706	152.8965
11620.972615	89.709	152.5000
11621.338826	89.710	152.0156
11621.705037	89.696	151.5381
11622.071248	89.680	151.1641
11622.437459	89.675	150.8291
11622.803670	89.678	150.4746
11623.169881	89.687	150.0732
11623.536092	89.692	149.6074
11623.902303	89.689	149.1357
11624.268514	89.685	148.6855
11624.634725	89.677	148.2363
11625.000936	89.669	147.8271
11625.367147	89.668	147.4316
11625.733358	89.669	146.9561
11626.099569	89.652	146.4951
11626.465780	89.640	146.1729
11626.831991	89.652	145.8242
11627.198202	89.661	145.3027
11627.564413	89.643	144.7910
11627.930624	89.625	144.4443
11628.296835	89.628	144.1143
11628.663046	89.635	143.6787
11629.029257	89.631	143.2305
11629.395467	89.630	142.8086
11629.761678	89.627	142.3447
11630.127889	89.613	141.9033
11630.494100	89.604	141.5713
11630.860311	89.614	141.2051
11631.226522	89.618	140.7090
11631.592733	89.605	140.2539
11631.958944	89.600	139.8848
11632.325155	89.602	139.4443
11632.691366	89.591	138.9932
11633.057577	89.583	138.6348
11633.423788	89.588	138.2285
11633.789999	89.583	137.7627
11634.156210	89.575	137.3750
11634.522421	89.579	136.9609
11634.888632	89.572	136.4707
11635.254843	89.557	136.0781
11635.621054	89.559	135.7207
11635.987265	89.560	135.2490
11636.353476	89.546	134.8096
11636.719687	89.541	134.4697
11637.085898	89.551	134.0596
11637.452109	89.552	133.5469
11637.818320	89.539	133.0527
11638.184531	89.521	132.6318
11638.550742	89.508	132.2764
11638.916953	89.505	131.9453
11639.283164	89.512	131.5703
11639.649375	89.519	131.1074
11640.015586	89.510	130.6094
11640.381797	89.491	130.2188
11640.748007	89.488	129.9121
11641.114218	89.497	129.5078
11641.480429	89.493	129.0508
11641.846640	89.487	128.6924
11642.212851	89.497	128.2998
11642.579062	89.498	127.7881
11642.945273	89.482	127.3633
11643.311484	89.484	127.0215
11643.677695	89.494	126.5361
11644.043906	89.479	126.0029
11644.410117	89.457	125.6309
11644.776328	89.457	125.3027
11645.142539	89.461	124.8643
11645.508750	89.452	124.4092
11645.874961	89.441	124.0244
11646.241172	89.440	123.6562
11646.607383	89.444	123.2471
11646.973594	89.445	122.8018
11647.339805	89.442	122.3555
11647.706016	89.440	121.9082
11648.072227	89.434	121.4492
11648.438438	89.424	121.0312
11648.804649	89.421	120.6484
11649.170860	89.423	120.2148
11649.537071	89.417	119.7598
11649.903282	89.409	119.3525
11650.269493	89.406	118.9600
11650.635704	89.405	118.5586
11651.001915	89.408	118.1445
11651.368126	89.409	117.6729
11651.734336	89.397	117.2197
11652.100547	89.389	116.8613
11652.466758	89.396	116.4551
11652.832969	89.393	115.9492
11653.199180	89.373	115.5156
11653.565391	89.363	115.1865
11653.931602	89.364	114.8291
11654.297813	89.365	114.4287
11654.664024	89.367	114.0195
11655.030235	89.368	113.5742
11655.396446	89.363	113.1152
11655.762657	89.355	112.6846
11656.128868	89.349	112.2539
11656.495079	89.338	111.8184
11656.861290	89.324	111.4316
11657.227501	89.317	111.0957
11657.593712	89.321	110.7441
11657.959923	89.329	110.3174
11658.326134	89.329	109.8408
11658.692345	89.321	109.4014
11659.058556	89.319	108.9990
11659.424767	89.320	108.5410
11659.790978	89.309	108.0732
11660.157189	89.298	107.7021
11660.523400	89.303	107.3086
11660.889611	89.301	106.8184
11661.255822	89.285	106.4053
11661.622033	89.284	106.0605
11661.988244	89.288	105.6104
11662.354455	89.277	105.1572
11662.720666	89.269	104.8066
11663.086876	89.274	104.4121
11663.453087	89.271	103.9639
11663.819298	89.266	103.5684
11664.185509	89.268	103.1660
11664.551720	89.268	102.7061
11664.917931	89.260	102.2617
11665.284142	89.251	101.8584
11665.650353	89.247	101.4736
11666.016564	89.247	101.0625
11666.382775	89.244	100.6182
11666.748986	89.236	100.2021
11667.115197	89.232	99.8115
11667.481408	89.230	99.3945
11667.847619	89.226	98.9795
11668.213830	89.224	98.5605
11668.580041	89.220	98.1201
11668.946252	89.212	97.7129
11669.312463	89.211	97.3115
11669.678674	89.209	96.8643
11670.044885	89.200	96.4395
11670.411096	89.197	96.0371
11670.777307	89.194	95.5889
11671.143518	89.182	95.1514
11671.509729	89.171	94.7764
11671.875940	89.168	94.4189
11672.242151	89.172	94.0234
11672.608362	89.172	93.5635
11672.974573	89.159	93.1221
11673.340784	89.150	92.7842
11673.706995	89.157	92.4189
11674.073206	89.159	91.9482
11674.439416	89.147	91.5303
11674.805627	89.147	91.1768
11675.171838	89.154	90.7383
11675.538049	89.149	90.2705
11675.904260	89.143	89.8516
11676.270471	89.138	89.4053
11676.636682	89.124	88.9814
11677.002893	89.116	88.6592
11677.369104	89.126	88.2920
11677.735315	89.132	87.7979
11678.101526	89.121	87.3262
11678.467737	89.112	86.9209
11678.833948	89.108	86.4971
11679.200159	89.100	86.0830
11679.566370	89.097	85.6895
11679.932581	89.096	85.2402
11680.298792	89.084	84.7793
11680.665003	89.071	84.4121
11681.031214	89.073	84.0605
11681.397425	89.079	83.5928
11681.763636	89.064	83.0996
11682.129847	89.046	82.7529
11682.496058	89.051	82.4385
11682.862269	89.061	81.9697
11683.228480	89.049	81.4746
11683.594691	89.034	81.1152
11683.960902	89.037	80.7783
11684.327113	89.046	80.3652
11684.693324	89.052	79.8896
11685.059535	89.046	79.3691
11685.425745	89.026	78.9258
11685.791956	89.015	78.6055
11686.158167	89.021	78.2236
11686.524378	89.016	77.7861
11686.890589	89.011	77.4453
11687.256800	89.025	77.0654
11687.623011	89.030	76.5459
11687.989222	89.017	76.0947
11688.355433	89.015	75.7275
11688.721644	89.020	75.2646
11689.087855	89.008	74.7842
11689.454066	88.996	74.4033
11689.820277	88.995	74.0049
11690.186488	88.985	73.5771
11690.552699	88.976	73.2441
11690.918910	88.987	72.8945
11691.285121	88.995	72.3789
11691.651332	88.976	71.8770
11692.017543	88.958	71.5430
11692.383754	88.962	71.2070
11692.749965	88.965	70.7607
11693.116176	88.958	70.3262
11693.482387	88.954	69.9131
11693.848598	88.947	69.4609
11694.214809	88.930	69.0732
11694.581020	88.926	68.7725
11694.947231	88.938	68.3916
11695.313442	88.941	67.9180
11695.679653	88.935	67.4707
11696.045864	88.931	67.0381
11696.412075	88.923	66.6104
11696.778285	88.919	66.2168
11697.144496	88.918	65.7852
11697.510707	88.908	65.3398
11697.876918	88.898	64.9824
11698.243129	88.904	64.5996
11698.609340	88.902	64.1152
11698.975551	88.885	63.7090
11699.341762	88.883	63.3877
11699.707973	88.892	62.9541
11700.074184	88.883	62.4697
11700.440395	88.869	62.0977
11700.806606	88.871	61.7432
11701.172817	88.874	61.3057
11701.539028	88.868	60.8604
11701.905239	88.862	60.4424
11702.271450	88.856	60.0322
11702.637661	88.852	59.6475
11703.003872	88.857	59.2256
11703.370083	88.855	58.7139
11703.736294	88.835	58.2578
11704.102505	88.822	57.9258
11704.468716	88.825	57.5596
11704.834927	88.825	57.1211
11705.201138	88.819	56.7061
11705.567349	88.815	56.3076
11705.933560	88.813	55.9189
11706.299771	88.818	55.5264
11706.665982	88.823	55.0400
11707.032193	88.808	54.5586
11707.398404	88.795	54.2295
11707.764614	88.807	53.8770
11708.130825	88.812	53.3594
11708.497036	88.793	52.9043
11708.863247	88.785	52.5977
11709.229458	88.797	52.2178
11709.595669	88.798	51.7217
11709.961880	88.786	51.2764
11710.328091	88.778	50.8955
11710.694302	88.776	50.4912
11711.060513	88.770	50.0762
11711.426724	88.764	49.6777
11711.792935	88.760	49.2715
11712.159146	88.755	48.8701
11712.525357	88.753	48.4629
11712.891568	88.748	48.0068
11713.257779	88.732	47.5898
11713.623990	88.724	47.2627
11713.990201	88.729	46.8779
11714.356412	88.725	46.4189
11714.722623	88.713	46.0518
11715.088834	88.721	45.7080
11715.455045	88.732	45.2070
11715.821256	88.717	44.6885
11716.187467	88.700	44.3359
11716.553678	88.706	43.9814
11716.919889	88.708	43.4873
11717.286100	88.691	43.0430
11717.652311	88.684	42.7266
11718.018522	88.695	42.3369
11718.384733	88.695	41.8467
11718.750944	88.684	41.4189
11719.117154	88.682	41.0303
11719.483365	88.680	40.5889
11719.849576	88.671	40.1602
11720.215787	88.664	39.7852
11720.581998	88.665	39.4004
11720.948209	88.667	38.9688
11721.314420	88.662	38.5029
11721.680631	88.648	38.0791
11722.046842	88.639	37.7451
11722.413053	88.646	37.3809
11722.779264	88.651	36.9072
11723.145475	88.642	36.4326
11723.511686	88.630	36.0186
11723.877897	88.621	35.6309
11724.244108	88.617	35.2617
11724.610319	88.618	34.8545
11724.976530	88.611	34.3994
11725.342741	88.596	34.0381
11725.708952	88.600	33.7480
11726.075163	88.618	33.3096
11726.441374	88.616	32.7744
11726.807585	88.601	32.3301
11727.173796	88.591	31.9268
11727.540007	88.579	31.5469
11727.906218	88.575	31.2461
11728.272429	88.590	30.8740
11728.638640	88.595	30.3623
11729.004851	88.581	29.9072
11729.371062	88.575	29.5391
11729.737273	88.575	29.1240
11730.103483	88.569	28.7002
11730.469694	88.565	28.3037
11730.835905	88.562	27.8926
11731.202116	88.558	27.4961
11731.568327	88.562	27.0918
11731.934538	88.561	26.5928
11732.300749	88.540	26.1240
11732.666960	88.521	25.8320
11733.033171	88.532	25.5420
11733.399382	88.548	25.0664
11733.765593	88.540	24.5381
11734.131804	88.523	24.1240
11734.498015	88.518	23.7627
11734.864226	88.519	23.3467
11735.230437	88.514	22.8984
11735.596648	88.503	22.4932
11735.962859	88.497	22.1377
11736.329070	88.502	21.7549
11736.695281	88.505	21.2998
11737.061492	88.500	20.8359
11737.427703	88.490	20.4014
11737.793914	88.478	20.0049
11738.160125	88.471	19.6748
11738.526336	88.481	19.3203
11738.892547	88.490	18.8311
11739.258758	88.477	18.3447
11739.624969	88.465	17.9912
11739.991180	88.471	17.6152
11740.357391	88.472	17.1357
11740.723602	88.458	16.7002
11741.089813	88.450	16.3477
11741.456023	88.454	15.9590
11741.822234	88.453	15.5107
11742.188445	88.445	15.0820
11742.554656	88.438	14.6875
11742.920867	88.434	14.2861
11743.287078	88.430	13.8809
11743.653289	88.427	13.4766
11744.019500	88.423	13.0391
11744.385711	88.412	12.6162
11744.751922	88.403	12.2627
11745.118133	88.405	11.8867
11745.484344	88.405	11.4414
11745.850555	88.396	11.0088
11746.216766	88.386	10.6201
11746.582977	88.381	10.2627
11746.949188	88.386	9.9023
11747.315399	88.394	9.4492
11747.681610	88.388	8.9541
11748.047821	88.377	8.5410
11748.414032	88.374	8.1406
11748.780243	88.368	7.7021
11749.146454	88.360	7.3213
11749.512665	88.363	6.9434
11749.878876	88.366	6.4717
11750.245087	88.355	6.0049
11750.611298	88.343	5.6162
11750.977509	88.339	5.2500
11751.343720	88.340	4.8545
11751.709931	88.338	4.4180
11752.076142	88.327	4.0107
11752.442353	88.323	3.6836
11752.808563	88.335	3.3047
11753.174774	88.339	2.8076
11753.540985	88.327	2.3418
11753.907196	88.318	1.9521
11754.273407	88.312	1.5439
11754.639618	88.301	1.1611
11755.005829	88.298	0.8555
11755.372040	88.314	0.4717
11755.738251	88.317	-0.0566
11756.104462	88.297	-0.5098
11756.470673	88.289	-0.8145
11756.836884	88.302	-1.2061
11757.203095	88.302	-1.7188
11757.569306	88.287	-2.1475
11757.935517	88.284	-2.5381
11758.301728	88.277	-2.9951
11758.667939	88.259	-3.3750
11759.034150	88.257	-3.6689
11759.400361	88.268	-4.0596
11759.766572	88.269	-4.5264
11760.132783	88.262	-4.9707
11760.498994	88.252	-5.3887
11760.865205	88.243	-5.7373
11761.231416	88.252	-6.0859
11761.597627	88.261	-6.5898
11761.963838	88.243	-7.1104
11762.330049	88.221	-7.4434
11762.696260	88.224	-7.7363
11763.062471	88.233	-8.1562
11763.428682	88.231	-8.6084
11763.794892	88.227	-9.0283
11764.161103	88.224	-9.4668
11764.527314	88.216	-9.8896
11764.893525	88.213	-10.2793
11765.259736	88.214	-10.7256
11765.625947	88.204	-11.2061
11765.992158	88.187	-11.6084
11766.358369	88.178	-11.9502
11766.724580	88.179	-12.3047
11767.090791	88.184	-12.6992
11767.457002	88.187	-13.1670
11767.823213	88.175	-13.6328
11768.189424	88.161	-13.9775
11768.555635	88.167	-14.3135
11768.921846	88.173	-14.7598
11769.288057	88.168	-15.1904
11769.654268	88.170	-15.5811
11770.020479	88.173	-16.0684
11770.386690	88.155	-16.5430
11770.752901	88.140	-16.8438
11771.119112	88.154	-17.1602
11771.485323	88.167	-17.6787
11771.851534	88.150	-18.2090
11772.217745	88.129	-18.5615
11772.583956	88.130	-18.8848
11772.950167	88.134	-19.3203
11773.316378	88.126	-19.7529
11773.682589	88.122	-20.1309
11774.048800	88.124	-20.5713
11774.415011	88.111	-21.0439
11774.781222	88.093	-21.3994
11775.147432	88.093	-21.6982
11775.513643	88.104	-22.1025
11775.879854	88.104	-22.5908
11776.246065	88.093	-23.0264
11776.612276	88.089	-23.4033
11776.978487	88.092	-23.8457
11777.344698	88.081	-24.3311
11777.710909	88.063	-24.7070
11778.077120	88.063	-25.0303
11778.443331	88.068	-25.4561
11778.809542	88.061	-25.8955
11779.175753	88.057	-26.2764
11779.541964	88.056	-26.7090
11779.908175	88.042	-27.1250
11780.274386	88.036	-27.4189
11780.640597	88.052	-27.7812
11781.006808	88.057	-28.2969
11781.373019	88.042	-28.7373
11781.739230	88.039	-29.0801
11782.105441	88.046	-29.5127
11782.471652	88.037	-29.9873
11782.837863	88.024	-30.3633
11783.204074	88.025	-30.7188
11783.570285	88.026	-31.1592
11783.936496	88.015	-31.5879
11784.302707	88.008	-31.9307
11784.668918	88.015	-32.3047
11785.035129	88.019	-32.7754
11785.401340	88.010	-33.2373
11785.767551	88.002	-33.6602
11786.133761	87.991	-34.0801
11786.499972	87.979	-34.4404
11786.866183	87.981	-34.7822
11787.232394	87.985	-35.2188
11787.598605	87.977	-35.6660
11787.964816	87.970	-36.0449
11788.331027	87.969	-36.4424
11788.697238	87.965	-36.8486
11789.063449	87.966	-37.2373
11789.429660	87.967	-37.6943
11789.795871	87.953	-38.1377
11790.162082	87.943	-38.4658
11790.528293	87.951	-38.8379
11790.894504	87.951	-39.3086
11791.260715	87.938	-39.7139
11791.626926	87.935	-40.0625
11791.993137	87.937	-40.4580
11792.359348	87.936	-40.8574
11792.725559	87.939	-41.2520
11793.091770	87.943	-41.7061
11793.457981	87.937	-42.1826
11793.824192	87.924	-42.6025
11794.190403	87.916	-42.9717
11794.556614	87.915	-43.3457
11794.922825	87.916	-43.7637
11795.289036	87.912	-44.1934
11795.655247	87.908	-44.5947
11796.021458	87.908	-45.0029
11796.387669	87.906	-45.4492
11796.753880	87.898	-45.8818
11797.120091	87.892	-46.2793
11797.486301	87.891	-46.6973
11797.852512	87.885	-47.1436
11798.218723	87.874	-47.5586
11798.584934	87.865	-47.9258
11798.951145	87.862	-48.2842
11799.317356	87.863	-48.6592
11799.683567	87.865	-49.0576
11800.049778	87.867	-49.4775
11800.415989	87.866	-49.9092
11800.782200	87.863	-50.3428
11801.148411	87.857	-50.7617
11801.514622	87.853	-51.1699
11801.880833	87.847	-51.5830
11802.247044	87.840	-51.9648
11802.613255	87.842	-52.3340
11802.979466	87.847	-52.7910
11803.345677	87.835	-53.2676
11803.711888	87.820	-53.6221
11804.078099	87.825	-53.9756
11804.444310	87.826	-54.4561
11804.810521	87.808	-54.8916
11805.176732	87.798	-55.2080
11805.542943	87.805	-55.5762
11805.909154	87.805	-56.0264
11806.275365	87.797	-56.4395
11806.641576	87.795	-56.8184
11807.007787	87.797	-57.2363
11807.373998	87.795	-57.6982
11807.740209	87.785	-58.1475
11808.106420	87.773	-58.5459
11808.472631	87.766	-58.9170
11808.838841	87.762	-59.2793
11809.205052	87.764	-59.6445
11809.571263	87.770	-60.0684
11809.937474	87.768	-60.5322
11810.303685	87.759	-60.9551
11810.669896	87.754	-61.3604
11811.036107	87.747	-61.7627
11811.402318	87.744	-62.1250
11811.768529	87.751	-62.5225
11812.134740	87.752	-63.0078
11812.500951	87.738	-63.4678
11812.867162	87.726	-63.8311
11813.233373	87.726	-64.1816
11813.599584	87.731	-64.6016
11813.965795	87.727	-65.0566
11814.332006	87.718	-65.4590
11814.698217	87.718	-65.8408
11815.064428	87.718	-66.2881
11815.430639	87.707	-66.7178
11815.796850	87.701	-67.0586
11816.163061	87.709	-67.4424
11816.529272	87.709	-67.9092
11816.895483	87.700	-68.3213
11817.261694	87.698	-68.6807
11817.627905	87.705	-69.0918
11817.994116	87.705	-69.5537
11818.360327	87.697	-70.0010
11818.726538	87.687	-70.3955
11819.092749	87.683	-70.7705
11819.458960	87.681	-71.1855
11819.825170	87.671	-71.5977
11820.191381	87.660	-71.9414
11820.557592	87.660	-72.2666
11820.923803	87.665	-72.6221
11821.290014	87.674	-73.0303
11821.656225	87.677	-73.5293
11822.022436	87.658	-74.0000
11822.388647	87.641	-74.2910
11822.754858	87.654	-74.5918
11823.121069	87.669	-75.1016
11823.487280	87.654	-75.6240
11823.853491	87.638	-76.0049
11824.219702	87.635	-76.3936
11824.585913	87.627	-76.8145
11824.952124	87.622	-77.1807
11825.318335	87.627	-77.5977
11825.684546	87.621	-78.0938
11826.050757	87.602	-78.4922
11826.416968	87.600	-78.8193
11826.783179	87.605	-79.2412
11827.149390	87.597	-79.6719
11827.515601	87.596	-80.0166
11827.881812	87.610	-80.4492
11828.248023	87.608	-81.0029
11828.614234	87.585	-81.4434
11828.980445	87.576	-81.7529
11829.346656	87.583	-82.1426
11829.712867	87.578	-82.5928
11830.079078	87.569	-82.9570
11830.445289	87.574	-83.3086
11830.811500	87.581	-83.7588
11831.177710	87.574	-84.2236
11831.543921	87.564	-84.6172
11831.910132	87.562	-84.9893
11832.276343	87.562	-85.3779
11832.642554	87.565	-85.7852
11833.008765	87.568	-86.2520
11833.374976	87.558	-86.7539
11833.741187	87.537	-87.1631
11834.107398	87.527	-87.4775
11834.473609	87.530	-87.8535
11834.839820	87.523	-88.2832
11835.206031	87.512	-88.6162
11835.572242	87.521	-88.9277
11835.938453	87.536	-89.3887
11836.304664	87.531	-89.8965
11836.670875	87.519	-90.3086
11837.037086	87.517	-90.7021
11837.403297	87.514	-91.1348
11837.769508	87.507	-91.5498
11838.135719	87.503	-91.9492
11838.501930	87.498	-92.3545
11838.868141	87.494	-92.7480
11839.234352	87.491	-93.1338
11839.600563	87.493	-93.5342
11839.966774	87.493	-93.9756
11840.332985	87.485	-94.4268
11840.699196	87.473	-94.8037
11841.065407	87.472	-95.1553
11841.431618	87.474	-95.5840
11841.797829	87.464	-96.0127
11842.164039	87.455	-96.3584
11842.530250	87.459	-96.7109
11842.896461	87.463	-97.1250
11843.262672	87.463	-97.5518
11843.628883	87.462	-97.9902
11843.995094	87.455	-98.4346
11844.361305	87.445	-98.8184
11844.727516	87.448	-99.1797
11845.093727	87.455	-99.6543
11845.459938	87.441	-100.1680
11845.826149	87.418	-100.5293
11846.192360	87.417	-100.8291
11846.558571	87.424	-101.2578
11846.924782	87.413	-101.6982
11847.290993	87.406	-102.0381
11847.657204	87.413	-102.4316
11848.023415	87.410	-102.9004
11848.389626	87.398	-103.3027
11848.755837	87.396	-103.6670
11849.122048	87.397	-104.0840
11849.488259	87.391	-104.5195
11849.854470	87.383	-104.9355
11850.220681	87.371	-105.3232
11850.586892	87.364	-105.6475
11850.953103	87.374	-105.9697
11851.319314	87.392	-106.4307
11851.685525	87.391	-107.0059
11852.051736	87.368	-107.4990
11852.417947	87.348	-107.8369
11852.784158	87.349	-108.1621
11853.150369	87.357	-108.5977
11853.516579	87.350	-109.0947
11853.882790	87.330	-109.5059
11854.249001	87.322	-109.8066
11854.615212	87.334	-110.1738
11854.981423	87.338	-110.6885
11855.347634	87.318	-111.1592
11855.713845	87.303	-111.4629
11856.080056	87.311	-111.7656
11856.446267	87.324	-112.2100
11856.812478	87.320	-112.6924
11857.178689	87.311	-113.0898
11857.544900	87.314	-113.4814
11857.911111	87.315	-113.9570
11858.277322	87.299	-114.4033
11858.643533	87.288	-114.7412
11859.009744	87.291	-115.0938
11859.375955	87.293	-115.5225
11859.742166	87.286	-115.9424
11860.108377	87.280	-116.3291
11860.474588	87.278	-116.7070
11860.840799	87.279	-117.0977
11861.207010	87.279	-117.5283
11861.573221	87.272	-117.9551
11861.939432	87.266	-118.3350
11862.305643	87.269	-118.7305
11862.671854	87.270	-119.1963
11863.038065	87.258	-119.6699
11863.404276	87.241	-120.0557
11863.770487	87.237	-120.3828
11864.136698	87.242	-120.7744
11864.502908	87.240	-121.2139
11864.869119	87.236	-121.6230
11865.235330	87.236	-122.0576
11865.601541	87.227	-122.5098
11865.967752	87.216	-122.8809
11866.333963	87.218	-123.2539
11866.700174	87.218	-123.6982
11867.066385	87.209	-124.1045
11867.432596	87.209	-124.4844
11867.798807	87.210	-124.9209
11868.165018	87.204	-125.3584
11868.531229	87.197	-125.7646
11868.897440	87.190	-126.1602
11869.263651	87.187	-126.5352
11869.629862	87.191	-126.9443
11869.996073	87.189	-127.4131
11870.362284	87.175	-127.8545
11870.728495	87.163	-128.2197
11871.094706	87.162	-128.5645
11871.460917	87.168	-128.9824
11871.827128	87.163	-129.4785
11872.193339	87.142	-129.9004
11872.559550	87.132	-130.2012
11872.925761	87.141	-130.5576
11873.291972	87.143	-131.0244
11873.658183	87.132	-131.4580
11874.024394	87.124	-131.8174
11874.390605	87.127	-132.1777
11874.756816	87.134	-132.5986
11875.123027	87.134	-133.0791
11875.489238	87.121	-133.5273
11875.855448	87.112	-133.8838
11876.221659	87.115	-134.2510
11876.587870	87.117	-134.6973
11876.954081	87.109	-135.1250
11877.320292	87.105	-135.4951
11877.686503	87.106	-135.9014
11878.052714	87.100	-136.3262
11878.418925	87.095	-136.6885
11878.785136	87.101	-137.0781
11879.151347	87.099	-137.5596
11879.517558	87.082	-137.9834
11879.883769	87.074	-138.3145
11880.249980	87.075	-138.6953
11880.616191	87.069	-139.1045
11880.982402	87.064	-139.4551
11881.348613	87.070	-139.8389
11881.714824	87.072	-140.3027
11882.081035	87.062	-140.7500
11882.447246	87.053	-141.1592
11882.813457	87.046	-141.5605
11883.179668	87.039	-141.9473
11883.545879	87.036	-142.3311
11883.912090	87.036	-142.7373
11884.278301	87.035	-143.1758
11884.644512	87.029	-143.6426
11885.010723	87.012	-144.0654
11885.376934	87.001	-144.3945
11885.743145	87.005	-144.7285
11886.109356	87.011	-145.1533
11886.475567	87.008	-145.5947
11886.841778	87.004	-145.9961
11887.207988	87.004	-146.4062
11887.574199	87.000	-146.8252
11887.940410	86.995	-147.2051
11888.306621	86.998	-147.5781
11888.672832	87.004	-148.0117
11889.039043	87.002	-148.4863
11889.405254	86.990	-148.9268
11889.771465	86.980	-149.3115
11890.137676	86.974	-149.6885
11890.503887	86.968	-150.0635
11890.870098	86.966	-150.4072
11891.236309	86.974	-150.7920
11891.602520	86.974	-151.2627
11891.968731	86.962	-151.6768
11892.334942	86.963	-152.0254
11892.701153	86.971	-152.5059
11893.067364	86.952	-153.0205
11893.433575	86.930	-153.3359
11893.799786	86.939	-153.6475
11894.165997	86.943	-154.1416
11894.532208	86.924	-154.5645
11894.898419	86.921	-154.8594
11895.264630	86.935	-155.2891
11895.630841	86.929	-155.8047
11895.997052	86.914	-156.2139
11896.363263	86.910	-156.5986
11896.729474	86.905	-157.0225
11897.095685	86.896	-157.4092
11897.461896	86.893	-157.7871
11897.828107	86.891	-158.1826
11898.194317	86.891	-158.5713
11898.560528	86.895	-159.0166
11898.926739	86.883	-159.4932
11899.292950	86.866	-159.8477
11899.659161	86.869	-160.1416
11900.025372	86.884	-160.5664
11900.391583	86.884	-161.0898
11900.757794	86.870	-161.5654
11901.124005	86.856	-161.9814
11901.490216	86.843	-162.3682
11901.856427	86.834	-162.7207
11902.222638	86.833	-163.0762
11902.588849	86.836	-163.4854
11902.955060	86.832	-163.9365
11903.321271	86.820	-164.3486
11903.687482	86.815	-164.7021
11904.053693	86.819	-165.1035
11904.419904	86.814	-165.5615
11904.786115	86.801	-165.9414
11905.152326	86.804	-166.2803
11905.518537	86.811	-166.7246
11905.884748	86.803	-167.1924
11906.250959	86.795	-167.5742
11906.617170	86.797	-167.9766
11906.983381	86.791	-168.4316
11907.349592	86.778	-168.8154
11907.715803	86.775	-169.1553
11908.082014	86.778	-169.5479
11908.448225	86.777	-169.9551
11908.814436	86.777	-170.3584
11909.180647	86.775	-170.7861
11909.546857	86.770	-171.1963
11909.913068	86.770	-171.6016
11910.279279	86.765	-172.0713
11910.645490	86.744	-172.4912
11911.011701	86.730	-172.7461
11911.377912	86.747	-173.0381
11911.744123	86.763	-173.5342
11912.110334	86.754	-174.0400
11912.476545	86.744	-174.4404
11912.842756	86.740	-174.8691
11913.208967	86.726	-175.2900
11913.575178	86.719	-175.6104
11913.941389	86.731	-175.9941
11914.307600	86.731	-176.4961
11914.673811	86.719	-176.9307
11915.040022	86.715	-177.3262
11915.406233	86.710	-177.7783
11915.772444	86.696	-178.1689
11916.138655	86.696	-178.5205
11916.504866	86.697	-178.9658
11916.871077	86.684	-179.3682
11917.237288	86.686	-179.6895
11917.603499	86.699	179.8584
11917.969710	86.688	179.3457
11918.335921	86.672	178.9824
11918.702132	86.675	178.6289
11919.068343	86.673	178.1758
11919.434554	86.659	177.7949
11919.800765	86.659	177.4883
11920.166976	86.671	177.0908
11920.533186	86.672	176.6143
11920.899397	86.662	176.1699
11921.265608	86.652	175.7998
11921.631819	86.654	175.4395
11921.998030	86.658	174.9854
11922.364241	86.644	174.5186
11922.730452	86.630	174.1787
11923.096663	86.635	173.8301
11923.462874	86.636	173.3613
11923.829085	86.621	172.9375
11924.195296	86.615	172.5889
11924.561507	86.616	172.1885
11924.927718	86.612	171.7744
11925.293929	86.610	171.3672
11925.660140	86.606	170.9199
11926.026351	86.596	170.5010
11926.392562	86.592	170.0938
11926.758773	86.581	169.6504
11927.124984	86.563	169.3115
11927.491195	86.569	169.0283
11927.857406	86.586	168.5713
11928.223617	86.578	168.0430
11928.589828	86.562	167.6367
11928.956039	86.557	167.2559
11929.322250	86.551	166.8447
11929.688461	86.543	166.4814
11930.054672	86.546	166.1191
11930.420883	86.550	165.6807
11930.787094	86.542	165.2275
11931.153305	86.532	164.8496
11931.519516	86.532	164.4980
11931.885726	86.537	164.0693
11932.251937	86.531	163.6230
11932.618148	86.525	163.2441
11932.984359	86.527	162.8369
11933.350570	86.522	162.3730
11933.716781	86.509	161.9688
11934.082992	86.503	161.6084
11934.449203	86.500	161.2275
11934.815414	86.497	160.8594
11935.181625	86.501	160.4746
11935.547836	86.503	160.0293
11935.914047	86.496	159.5898
11936.280258	86.488	159.1914
11936.646469	86.483	158.7998
11937.012680	86.476	158.4170
11937.378891	86.474	158.0645
11937.745102	86.481	157.6865
11938.111313	86.486	157.2051
11938.477524	86.471	156.7256
11938.843735	86.455	156.3896
11939.209946	86.461	156.0547
11939.576157	86.463	155.5918
11939.942368	86.449	155.1816
11940.308579	86.449	154.8486
11940.674790	86.455	154.3994
11941.041001	86.442	153.9307
11941.407212	86.430	153.5947
11941.773423	86.437	153.2148
11942.139634	86.433	152.7275
11942.505845	86.416	152.3154
11942.872056	86.408	151.9727
11943.238266	86.405	151.5889
11943.604477	86.399	151.2168
11943.970688	86.402	150.8574
11944.336899	86.408	150.4150
11944.703110	86.400	149.9434
11945.069321	86.388	149.5449
11945.435532	86.383	149.1699
11945.801743	86.380	148.7637
11946.167954	86.374	148.3750
11946.534165	86.374	147.9902
11946.900376	86.373	147.5566
11947.266587	86.365	147.1514
11947.632798	86.365	146.7842
11947.999009	86.370	146.3281
11948.365220	86.358	145.8496
11948.731431	86.344	145.4902
11949.097642	86.347	145.1348
11949.463853	86.348	144.6895
11949.830064	86.339	144.2607
11950.196275	86.331	143.8760
11950.562486	86.325	143.5146
11950.928697	86.328	143.1680
11951.294908	86.336	142.7471
11951.661119	86.333	142.2861
11952.027330	86.328	141.8975
11952.393541	86.333	141.4727
11952.759752	86.324	140.9805
11953.125963	86.304	140.6221
11953.492174	86.308	140.3262
11953.858385	86.319	139.8730
11954.224595	86.308	139.3984
11954.590806	86.296	139.0508
11954.957017	86.299	138.6836
11955.323228	86.297	138.2607
11955.689439	86.292	137.8730
11956.055650	86.293	137.4648
11956.421861	86.285	137.0264
11956.788072	86.275	136.6621
11957.154283	86.277	136.3135
11957.520494	86.282	135.8809
11957.886705	86.277	135.4287
11958.252916	86.270	135.0107
11958.619127	86.266	134.5908
11958.985338	86.261	134.1533
11959.351549	86.251	133.7061
11959.717760	86.236	133.2881
11960.083971	86.224	132.9170
11960.450182	86.216	132.5498
11960.816393	86.210	132.1943
11961.182604	86.212	131.8545
11961.548815	86.221	131.4248
11961.915026	86.215	130.9443
11962.281237	86.203	130.5723
11962.647448	86.209	130.2109
11963.013659	86.212	129.7305
11963.379870	86.199	129.2783
11963.746081	86.191	128.9141
11964.112292	86.190	128.5205
11964.478503	86.186	128.1230
11964.844714	86.187	127.7373
11965.210925	86.187	127.2764
11965.577135	86.171	126.8477
11965.943346	86.163	126.5430
11966.309557	86.174	126.1641
11966.675768	86.169	125.6777
11967.041979	86.153	125.3125
11967.408190	86.159	124.9932
11967.774401	86.169	124.5010
11968.140612	86.149	124.0029
11968.506823	86.128	123.6992
11968.873034	86.136	123.4014
11969.239245	86.143	122.9531
11969.605456	86.134	122.5176
11969.971667	86.132	122.1641
11970.337878	86.141	121.7285
11970.704089	86.133	121.2227
11971.070300	86.114	120.8340
11971.436511	86.113	120.5195
11971.802722	86.121	120.1006
11972.168933	86.116	119.6318
11972.535144	86.106	119.2383
11972.901355	86.105	118.8643
11973.267566	86.105	118.4473
11973.633777	86.100	118.0322
11973.999988	86.094	117.6514
11974.366199	86.095	117.2803
11974.732410	86.100	116.8555
11975.098621	86.095	116.3633
11975.464832	86.072	115.9502
11975.831043	86.060	115.6904
11976.197254	86.075	115.3721
11976.563464	86.082	114.8799
11976.929675	86.066	114.4258
11977.295886	86.056	114.1084
11977.662097	86.063	113.7451
11978.028308	86.064	113.3066
11978.394519	86.062	112.8926
11978.760730	86.064	112.4346
11979.126941	86.050	111.9336
11979.493152	86.028	111.5654
11979.859363	86.027	111.2715
11980.225574	86.037	110.8428
11980.591785	86.029	110.3486
11980.957996	86.013	109.9473
11981.324207	86.006	109.5918
11981.690418	86.003	109.2207
11982.056629	86.003	108.8457
11982.422840	86.006	108.4395
11982.789051	86.004	108.0000
11983.155262	85.996	107.6064
11983.521473	85.999	107.2363
11983.887684	86.003	106.7754
11984.253895	85.989	106.2998
11984.620106	85.971	105.9834
11984.986317	85.981	105.6875
11985.352528	85.994	105.2021
11985.718739	85.977	104.7061
11986.084950	85.960	104.3936
11986.451161	85.968	104.0781
11986.817372	85.976	103.6240
11987.183583	85.968	103.1592
11987.549794	85.957	102.7637
11987.916004	85.951	102.3984
11988.282215	85.950	102.0156
11988.648426	85.948	101.6123
11989.014637	85.946	101.2344
11989.380848	85.953	100.8232
11989.747059	85.952	100.3057
11990.113270	85.929	99.8623
11990.479481	85.918	99.5781
11990.845692	85.931	99.2031
11991.211903	85.928	98.6973
11991.578114	85.908	98.3145
11991.944325	85.908	98.0137
11992.310536	85.918	97.5830
11992.676747	85.909	97.1074
11993.042958	85.895	96.7373
11993.409169	85.893	96.4023
11993.775380	85.895	96.0088
11994.141591	85.891	95.5986
11994.507802	85.886	95.2139
11994.874013	85.884	94.8330
11995.240224	85.883	94.4316
11995.606435	85.880	94.0254
11995.972646	85.877	93.6191
11996.338857	85.873	93.2148
11996.705068	85.869	92.8252
11997.071279	85.871	92.4219
11997.437490	85.872	91.9512
11997.803701	85.857	91.4805
11998.169912	85.840	91.1299
11998.536123	85.844	90.8184
11998.902333	85.858	90.3584
11999.268544	85.849	89.8076
11999.634755	85.824	89.3857
12000.000966	85.812	89.0811
